REANS -b 1

#### 2026-09-03 09:51:57
 Command line: ./mm-repair/matrepair -r -b 1 -p 1 /mnt/data/datasets/machine-learning-matrices-split/glove.q4k.csv 400000 300 
Setting memory for each repair instance to 464053 MBs
Sending logging messages to file: /mnt/data/datasets/machine-learning-matrices-split/glove.q4k.csv.log
==== Conversion bin/csv->csrv
Command: /home/louza/mm-repair/csvmat2csrv -b 1   /mnt/data/datasets/machine-learning-matrices-split/glove.q4k.csv -r 0   400000 300
Conversion time: 19.4057
==== Repair compression
Command: /home/louza/mm-repair/brepair/irepair0 /mnt/data/datasets/machine-learning-matrices-split/glove.q4k.csv.vc 464053
Repair time: 89.7218
==== Integer vector .C compression
Command: /home/louza/mm-repair/sdsl/encode.x /mnt/data/datasets/machine-learning-matrices-split/glove.q4k.csv.vc.C 
==== Integer vector .R compression
Command: /home/louza/mm-repair/sdsl/encode.x /mnt/data/datasets/machine-learning-matrices-split/glove.q4k.csv.vc.R 
Integer vector compression time: 4.1138
==== Ans-fold compression
Command: /home/louza/mm-repair/ans/encode.x /mnt/data/datasets/machine-learning-matrices-split/glove.q4k.csv.vc.C 
Ans-fold time: 14.4502
Elapsed time: 127.6918
==== Compression Report:
 >> matrix name: /mnt/data/datasets/machine-learning-matrices-split/glove.q4k.csv
 >> conversion time: 19.41
 >> repair time: 89.72
 >> integer vectors time: 4.11
 >> ansf time: 14.45
 >> total time: 127.69
 >> matrix log(alpha)xNumEntries size: 180000000 bytes
 >> matrix dense size: 960000000 bytes
 >> total number of nonzero: 120000000 (100.00%)
 >> number of distinct nonzero: 3294
 >> CRSV  size: 481626352 bytes  (50.17%)
 >> RE32  size: 463384544 bytes  (48.27%)
 >> REIV  size: 347545018 bytes  (36.20%)
 >> REANS size: 309958287 bytes  (32.29%)
==== Done

#### 2026-09-03 09:54:04
 Command line: ./mm-repair/matrepair -r -b 1 -p 1 /mnt/data/datasets/machine-learning-matrices-split/glove.q4k.csv 400000 300 --ole 
Setting memory for each repair instance to 464053 MBs
Sending logging messages to file: /mnt/data/datasets/machine-learning-matrices-split/glove.q4k.csv.log
==== Conversion bin/csv->csrv
Command: /home/louza/mm-repair/csvmat2csrv -b 1   /mnt/data/datasets/machine-learning-matrices-split/glove.q4k.csv -r 0   400000 300
Conversion time: 27.2307
==== Repair compression
Command: /home/louza/mm-repair/brepair/irepair0 /mnt/data/datasets/machine-learning-matrices-split/glove.q4k.csv.vc 464053
Repair time: 78.4449
==== Integer vector .C compression
Command: /home/louza/mm-repair/sdsl/encode.x /mnt/data/datasets/machine-learning-matrices-split/glove.q4k.csv.vc.C 
==== Integer vector .R compression
Command: /home/louza/mm-repair/sdsl/encode.x /mnt/data/datasets/machine-learning-matrices-split/glove.q4k.csv.vc.R 
Integer vector compression time: 9.3339
==== OLE
Command: /home/louza/mm-repair/ole/encode.x /mnt/data/datasets/machine-learning-matrices-split/glove.q4k.csv.vc.C 
OLE time: 5.4351
==== Ans-fold compression
Command: /home/louza/mm-repair/ans/encode.x /mnt/data/datasets/machine-learning-matrices-split/glove.q4k.csv.vc.C 
Ans-fold time: 8.7529
Elapsed time: 129.1977
==== Compression Report:
 >> matrix name: /mnt/data/datasets/machine-learning-matrices-split/glove.q4k.csv
 >> conversion time: 27.23
 >> repair time: 78.44
 >> integer vectors time: 9.33
 >> ansf time: 8.75
 >> total time: 129.20
 >> matrix log(alpha)xNumEntries size: 180000000 bytes
 >> matrix dense size: 960000000 bytes
 >> total number of nonzero: 120000000 (100.00%)
 >> number of distinct nonzero: 3294
 >> CRSV  size: 481626352 bytes  (50.17%)
 >> RE32  size: 463384544 bytes  (48.27%)
 >> REIV  size: 347545018 bytes  (36.20%)
 >> REANS size: 238532924 bytes  (24.85%)
==== Done

#### 2026-09-03 09:56:14
 Command line: ./mm-repair/matrepair -r -b 1 -p 1 /mnt/data/datasets/machine-learning-matrices-split/glove.q4k.csv 400000 300 --mapping 
Setting memory for each repair instance to 464053 MBs
Sending logging messages to file: /mnt/data/datasets/machine-learning-matrices-split/glove.q4k.csv.log
==== Conversion bin/csv->csrv
Command: /home/louza/mm-repair/csvmat2csrv -b 1   /mnt/data/datasets/machine-learning-matrices-split/glove.q4k.csv -r 0 -m  400000 300
Conversion time: 165.0487
==== Repair compression
Command: /home/louza/mm-repair/brepair/irepair0 /mnt/data/datasets/machine-learning-matrices-split/glove.q4k.csv.vc 464053
Repair time: 91.1096
==== Integer vector .C compression
Command: /home/louza/mm-repair/sdsl/encode.x /mnt/data/datasets/machine-learning-matrices-split/glove.q4k.csv.vc.C 
==== Integer vector .R compression
Command: /home/louza/mm-repair/sdsl/encode.x /mnt/data/datasets/machine-learning-matrices-split/glove.q4k.csv.vc.R 
Integer vector compression time: 6.9077
==== Ans-fold compression
Command: /home/louza/mm-repair/ans/encode.x /mnt/data/datasets/machine-learning-matrices-split/glove.q4k.csv.vc.C 
Ans-fold time: 15.3519
Command: /home/louza/mm-repair/ans/encode.x /mnt/data/datasets/machine-learning-matrices-split/glove.q4k.csv.wcode 
Elapsed time: 278.4418
==== Compression Report:
 >> matrix name: /mnt/data/datasets/machine-learning-matrices-split/glove.q4k.csv
 >> conversion time: 165.05
 >> repair time: 91.11
 >> integer vectors time: 6.91
 >> ansf time: 15.35
 >> total time: 278.44
 >> wcode: 2334536 bytes
 >> wcode_ans: 47562 bytes
 >> matrix log(alpha)xNumEntries size: 180000000 bytes
 >> matrix dense size: 960000000 bytes
 >> total number of nonzero: 120000000 (100.00%)
 >> number of distinct nonzero: 3294
 >> CRSV  size: 481626352 bytes  (50.17%)
 >> RE32  size: 465719080 bytes  (48.51%)
 >> REIV  size: 349879554 bytes  (36.45%)
 >> REANS size: 309184650 bytes  (32.21%)
==== Done

#### 2026-09-03 10:00:52
 Command line: ./mm-repair/matrepair -r -b 1 -p 1 /mnt/data/datasets/machine-learning-matrices-split/glove.q4k.csv 400000 300 --split 
Setting memory for each repair instance to 464053 MBs
Sending logging messages to file: /mnt/data/datasets/machine-learning-matrices-split/glove.q4k.csv.log
==== Conversion bin/csv->csrv
Command: /home/louza/mm-repair/csvmat2csrv -b 1   /mnt/data/datasets/machine-learning-matrices-split/glove.q4k.csv -r 0  -s 400000 300
Conversion time: 664.0834
==== Repair compression
Command: /home/louza/mm-repair/brepair/irepair0 /mnt/data/datasets/machine-learning-matrices-split/glove.q4k.csv.A.vc 464053
Repair time: 21.0559
==== Integer vector .C compression
Command: /home/louza/mm-repair/sdsl/encode.x /mnt/data/datasets/machine-learning-matrices-split/glove.q4k.csv.A.vc.C 
==== Integer vector .R compression
Command: /home/louza/mm-repair/sdsl/encode.x /mnt/data/datasets/machine-learning-matrices-split/glove.q4k.csv.A.vc.R 
Integer vector compression time: 1.1991
==== Ans-fold compression
Command: /home/louza/mm-repair/ans/encode.x /mnt/data/datasets/machine-learning-matrices-split/glove.q4k.csv.A.vc.C 
Command: /home/louza/mm-repair/ans/encode.x /mnt/data/datasets/machine-learning-matrices-split/glove.q4k.csv.B.vc
Ans-fold time: 8.3831
Elapsed time: 694.7217
==== Compression Report:
 >> matrix name: /mnt/data/datasets/machine-learning-matrices-split/glove.q4k.csv
 >> conversion time: 664.08
 >> repair time: 21.06
 >> integer vectors time: 1.20
 >> ansf time: 8.38
 >> total time: 694.72
 >> matrix log(alpha)xNumEntries size: 180000000 bytes
 >> matrix dense size: 960000000 bytes
 >> total number of nonzero: 30857532 (25.71%)
 >> number of distinct nonzero: 3294
 >> CRSV  size: 125056480 bytes  (13.03%)
 >> B	  size: 358169872 bytes  (37.31%)
 >> B_ans size: 207637223 bytes  (21.63%)
 >> RE32  size: 314451539 bytes  (32.76%)
 >> REIV  size: 284417457 bytes  (29.63%)
 >> REANS size: 281385990 bytes  (29.31%)
==== Done

#### 2026-09-03 10:12:27
 Command line: ./mm-repair/matrepair -r -b 1 -p 1 /mnt/data/datasets/machine-learning-matrices-split/glove.q4k.csv 400000 300 --ole --mapping 
Setting memory for each repair instance to 464053 MBs
Sending logging messages to file: /mnt/data/datasets/machine-learning-matrices-split/glove.q4k.csv.log
==== Conversion bin/csv->csrv
Command: /home/louza/mm-repair/csvmat2csrv -b 1   /mnt/data/datasets/machine-learning-matrices-split/glove.q4k.csv -r 0 -m  400000 300
Conversion time: 161.9589
==== Repair compression
Command: /home/louza/mm-repair/brepair/irepair0 /mnt/data/datasets/machine-learning-matrices-split/glove.q4k.csv.vc 464053
Repair time: 85.8596
==== Integer vector .C compression
Command: /home/louza/mm-repair/sdsl/encode.x /mnt/data/datasets/machine-learning-matrices-split/glove.q4k.csv.vc.C 
==== Integer vector .R compression
Command: /home/louza/mm-repair/sdsl/encode.x /mnt/data/datasets/machine-learning-matrices-split/glove.q4k.csv.vc.R 
Integer vector compression time: 7.2477
==== OLE
Command: /home/louza/mm-repair/ole/encode.x /mnt/data/datasets/machine-learning-matrices-split/glove.q4k.csv.vc.C 
OLE time: 6.4165
==== Ans-fold compression
Command: /home/louza/mm-repair/ans/encode.x /mnt/data/datasets/machine-learning-matrices-split/glove.q4k.csv.vc.C 
Ans-fold time: 5.9479
Command: /home/louza/mm-repair/ans/encode.x /mnt/data/datasets/machine-learning-matrices-split/glove.q4k.csv.wcode 
Elapsed time: 267.4492
==== Compression Report:
 >> matrix name: /mnt/data/datasets/machine-learning-matrices-split/glove.q4k.csv
 >> conversion time: 161.96
 >> repair time: 85.86
 >> integer vectors time: 7.25
 >> ansf time: 5.95
 >> total time: 267.45
 >> wcode: 2334536 bytes
 >> wcode_ans: 47562 bytes
 >> matrix log(alpha)xNumEntries size: 180000000 bytes
 >> matrix dense size: 960000000 bytes
 >> total number of nonzero: 120000000 (100.00%)
 >> number of distinct nonzero: 3294
 >> CRSV  size: 481626352 bytes  (50.17%)
 >> RE32  size: 465719080 bytes  (48.51%)
 >> REIV  size: 349879554 bytes  (36.45%)
 >> REANS size: 237532070 bytes  (24.74%)
==== Done

#### 2026-09-03 10:16:54
 Command line: ./mm-repair/matrepair -r -b 1 -p 1 /mnt/data/datasets/machine-learning-matrices-split/glove.q4k.csv 400000 300 --ole --split 
Setting memory for each repair instance to 464053 MBs
Sending logging messages to file: /mnt/data/datasets/machine-learning-matrices-split/glove.q4k.csv.log
==== Conversion bin/csv->csrv
Command: /home/louza/mm-repair/csvmat2csrv -b 1   /mnt/data/datasets/machine-learning-matrices-split/glove.q4k.csv -r 0  -s 400000 300
Conversion time: 725.2607
==== Repair compression
Command: /home/louza/mm-repair/brepair/irepair0 /mnt/data/datasets/machine-learning-matrices-split/glove.q4k.csv.A.vc 464053
Repair time: 24.8820
==== Integer vector .C compression
Command: /home/louza/mm-repair/sdsl/encode.x /mnt/data/datasets/machine-learning-matrices-split/glove.q4k.csv.A.vc.C 
==== Integer vector .R compression
Command: /home/louza/mm-repair/sdsl/encode.x /mnt/data/datasets/machine-learning-matrices-split/glove.q4k.csv.A.vc.R 
Integer vector compression time: 1.5055
==== OLE
Command: /home/louza/mm-repair/ole/encode.x /mnt/data/datasets/machine-learning-matrices-split/glove.q4k.csv.A.vc.C 
Command: /home/louza/mm-repair/ole/encode.x /mnt/data/datasets/machine-learning-matrices-split/glove.q4k.csv.B.vc 
OLE time: 3.3577
==== Ans-fold compression
Command: /home/louza/mm-repair/ans/encode.x /mnt/data/datasets/machine-learning-matrices-split/glove.q4k.csv.A.vc.C 
Command: /home/louza/mm-repair/ans/encode.x /mnt/data/datasets/machine-learning-matrices-split/glove.q4k.csv.B.vc
Ans-fold time: 6.2558
Elapsed time: 762.1654
==== Compression Report:
 >> matrix name: /mnt/data/datasets/machine-learning-matrices-split/glove.q4k.csv
 >> conversion time: 725.26
 >> repair time: 24.88
 >> integer vectors time: 1.51
 >> ansf time: 6.26
 >> total time: 762.17
 >> matrix log(alpha)xNumEntries size: 180000000 bytes
 >> matrix dense size: 960000000 bytes
 >> total number of nonzero: 30857532 (25.71%)
 >> number of distinct nonzero: 3294
 >> CRSV  size: 125056480 bytes  (13.03%)
 >> B	  size: 358169872 bytes  (37.31%)
 >> B_ans size: 139413424 bytes  (14.52%)
 >> RE32  size: 246227740 bytes  (25.65%)
 >> REIV  size: 216193658 bytes  (22.52%)
 >> REANS size: 203007370 bytes  (21.15%)
==== Done

#### 2026-09-03 10:29:37
 Command line: ./mm-repair/matrepair -r -b 1 -p 1 /mnt/data/datasets/machine-learning-matrices-split/glove.q4k.csv 400000 300 --mapping --split 
Setting memory for each repair instance to 464053 MBs
Sending logging messages to file: /mnt/data/datasets/machine-learning-matrices-split/glove.q4k.csv.log
==== Conversion bin/csv->csrv
Command: /home/louza/mm-repair/csvmat2csrv -b 1   /mnt/data/datasets/machine-learning-matrices-split/glove.q4k.csv -r 0 -m -s 400000 300
Conversion time: 740.3620
==== Repair compression
Command: /home/louza/mm-repair/brepair/irepair0 /mnt/data/datasets/machine-learning-matrices-split/glove.q4k.csv.A.vc 464053
Repair time: 21.4917
==== Integer vector .C compression
Command: /home/louza/mm-repair/sdsl/encode.x /mnt/data/datasets/machine-learning-matrices-split/glove.q4k.csv.A.vc.C 
==== Integer vector .R compression
Command: /home/louza/mm-repair/sdsl/encode.x /mnt/data/datasets/machine-learning-matrices-split/glove.q4k.csv.A.vc.R 
Integer vector compression time: 1.2395
==== Ans-fold compression
Command: /home/louza/mm-repair/ans/encode.x /mnt/data/datasets/machine-learning-matrices-split/glove.q4k.csv.A.vc.C 
Command: /home/louza/mm-repair/ans/encode.x /mnt/data/datasets/machine-learning-matrices-split/glove.q4k.csv.B.vc
Ans-fold time: 11.0852
Command: /home/louza/mm-repair/ans/encode.x /mnt/data/datasets/machine-learning-matrices-split/glove.q4k.csv.wcode 
Elapsed time: 774.2514
==== Compression Report:
 >> matrix name: /mnt/data/datasets/machine-learning-matrices-split/glove.q4k.csv
 >> conversion time: 740.36
 >> repair time: 21.49
 >> integer vectors time: 1.24
 >> ansf time: 11.09
 >> total time: 774.25
 >> wcode: 2334536 bytes
 >> wcode_ans: 47562 bytes
 >> matrix log(alpha)xNumEntries size: 180000000 bytes
 >> matrix dense size: 960000000 bytes
 >> total number of nonzero: 30857532 (25.71%)
 >> number of distinct nonzero: 3294
 >> CRSV  size: 125056480 bytes  (13.03%)
 >> B	  size: 358169872 bytes  (37.31%)
 >> B_ans size: 206666900 bytes  (21.53%)
 >> RE32  size: 315815752 bytes  (32.90%)
 >> REIV  size: 285781670 bytes  (29.77%)
 >> REANS size: 280458892 bytes  (29.21%)
==== Done

#### 2026-09-03 10:42:31
 Command line: ./mm-repair/matrepair -r -b 1 -p 1 /mnt/data/datasets/machine-learning-matrices-split/glove.q4k.csv 400000 300 --ole --mapping --split 
Setting memory for each repair instance to 464053 MBs
Sending logging messages to file: /mnt/data/datasets/machine-learning-matrices-split/glove.q4k.csv.log
==== Conversion bin/csv->csrv
Command: /home/louza/mm-repair/csvmat2csrv -b 1   /mnt/data/datasets/machine-learning-matrices-split/glove.q4k.csv -r 0 -m -s 400000 300
Conversion time: 733.4356
==== Repair compression
Command: /home/louza/mm-repair/brepair/irepair0 /mnt/data/datasets/machine-learning-matrices-split/glove.q4k.csv.A.vc 464053
Repair time: 20.2567
==== Integer vector .C compression
Command: /home/louza/mm-repair/sdsl/encode.x /mnt/data/datasets/machine-learning-matrices-split/glove.q4k.csv.A.vc.C 
==== Integer vector .R compression
Command: /home/louza/mm-repair/sdsl/encode.x /mnt/data/datasets/machine-learning-matrices-split/glove.q4k.csv.A.vc.R 
Integer vector compression time: 1.5025
==== OLE
Command: /home/louza/mm-repair/ole/encode.x /mnt/data/datasets/machine-learning-matrices-split/glove.q4k.csv.A.vc.C 
Command: /home/louza/mm-repair/ole/encode.x /mnt/data/datasets/machine-learning-matrices-split/glove.q4k.csv.B.vc 
OLE time: 2.8135
==== Ans-fold compression
Command: /home/louza/mm-repair/ans/encode.x /mnt/data/datasets/machine-learning-matrices-split/glove.q4k.csv.A.vc.C 
Command: /home/louza/mm-repair/ans/encode.x /mnt/data/datasets/machine-learning-matrices-split/glove.q4k.csv.B.vc
Ans-fold time: 5.1906
Command: /home/louza/mm-repair/ans/encode.x /mnt/data/datasets/machine-learning-matrices-split/glove.q4k.csv.wcode 
Elapsed time: 764.7509
==== Compression Report:
 >> matrix name: /mnt/data/datasets/machine-learning-matrices-split/glove.q4k.csv
 >> conversion time: 733.44
 >> repair time: 20.26
 >> integer vectors time: 1.50
 >> ansf time: 5.19
 >> total time: 764.75
 >> wcode: 2334536 bytes
 >> wcode_ans: 47562 bytes
 >> matrix log(alpha)xNumEntries size: 180000000 bytes
 >> matrix dense size: 960000000 bytes
 >> total number of nonzero: 30857532 (25.71%)
 >> number of distinct nonzero: 3294
 >> CRSV  size: 125056480 bytes  (13.03%)
 >> B	  size: 358169872 bytes  (37.31%)
 >> B_ans size: 137896023 bytes  (14.36%)
 >> RE32  size: 247044875 bytes  (25.73%)
 >> REIV  size: 217010793 bytes  (22.61%)
 >> REANS size: 201434612 bytes  (20.98%)
==== Done
REANS -b 16

#### 2026-09-04 08:37:27
 Command line: ./mm-repair/matrepair -r -b 16 -p 16 /mnt/data/datasets/machine-learning-matrices-split/glove.q4k.csv 400000 300 
Setting memory for each repair instance to 29003 MBs
Sending logging messages to file: /mnt/data/datasets/machine-learning-matrices-split/glove.q4k.csv.log
==== Conversion bin/csv->csrv
Command: /home/louza/mm-repair/csvmat2csrv -b 16   /mnt/data/datasets/machine-learning-matrices-split/glove.q4k.csv -r 0   400000 300
Conversion time: 615.4027
==== Repair paralell compression
---- Executing 16 parallel processes
---- Parallel processing completed
Repair time: 5.0298
==== Integer vector .C compression
Command: /home/louza/mm-repair/sdsl/encode.x /mnt/data/datasets/machine-learning-matrices-split/glove.q4k.csv.16.0.vc.C 
==== Integer vector .R compression
Command: /home/louza/mm-repair/sdsl/encode.x /mnt/data/datasets/machine-learning-matrices-split/glove.q4k.csv.16.0.vc.R 
Integer vector compression time: 0.2509
==== Ans-fold compression
Command: /home/louza/mm-repair/ans/encode.x /mnt/data/datasets/machine-learning-matrices-split/glove.q4k.csv.16.0.vc.C 
Ans-fold time: 0.5197
==== Integer vector .C compression
Command: /home/louza/mm-repair/sdsl/encode.x /mnt/data/datasets/machine-learning-matrices-split/glove.q4k.csv.16.1.vc.C 
==== Integer vector .R compression
Command: /home/louza/mm-repair/sdsl/encode.x /mnt/data/datasets/machine-learning-matrices-split/glove.q4k.csv.16.1.vc.R 
Integer vector compression time: 0.2933
==== Ans-fold compression
Command: /home/louza/mm-repair/ans/encode.x /mnt/data/datasets/machine-learning-matrices-split/glove.q4k.csv.16.1.vc.C 
Ans-fold time: 1.4274
==== Integer vector .C compression
Command: /home/louza/mm-repair/sdsl/encode.x /mnt/data/datasets/machine-learning-matrices-split/glove.q4k.csv.16.2.vc.C 
==== Integer vector .R compression
Command: /home/louza/mm-repair/sdsl/encode.x /mnt/data/datasets/machine-learning-matrices-split/glove.q4k.csv.16.2.vc.R 
Integer vector compression time: 0.2975
==== Ans-fold compression
Command: /home/louza/mm-repair/ans/encode.x /mnt/data/datasets/machine-learning-matrices-split/glove.q4k.csv.16.2.vc.C 
Ans-fold time: 2.1914
==== Integer vector .C compression
Command: /home/louza/mm-repair/sdsl/encode.x /mnt/data/datasets/machine-learning-matrices-split/glove.q4k.csv.16.3.vc.C 
==== Integer vector .R compression
Command: /home/louza/mm-repair/sdsl/encode.x /mnt/data/datasets/machine-learning-matrices-split/glove.q4k.csv.16.3.vc.R 
Integer vector compression time: 0.2522
==== Ans-fold compression
Command: /home/louza/mm-repair/ans/encode.x /mnt/data/datasets/machine-learning-matrices-split/glove.q4k.csv.16.3.vc.C 
Ans-fold time: 2.7033
==== Integer vector .C compression
Command: /home/louza/mm-repair/sdsl/encode.x /mnt/data/datasets/machine-learning-matrices-split/glove.q4k.csv.16.4.vc.C 
==== Integer vector .R compression
Command: /home/louza/mm-repair/sdsl/encode.x /mnt/data/datasets/machine-learning-matrices-split/glove.q4k.csv.16.4.vc.R 
Integer vector compression time: 0.3373
==== Ans-fold compression
Command: /home/louza/mm-repair/ans/encode.x /mnt/data/datasets/machine-learning-matrices-split/glove.q4k.csv.16.4.vc.C 
Ans-fold time: 3.1796
==== Integer vector .C compression
Command: /home/louza/mm-repair/sdsl/encode.x /mnt/data/datasets/machine-learning-matrices-split/glove.q4k.csv.16.5.vc.C 
==== Integer vector .R compression
Command: /home/louza/mm-repair/sdsl/encode.x /mnt/data/datasets/machine-learning-matrices-split/glove.q4k.csv.16.5.vc.R 
Integer vector compression time: 0.2533
==== Ans-fold compression
Command: /home/louza/mm-repair/ans/encode.x /mnt/data/datasets/machine-learning-matrices-split/glove.q4k.csv.16.5.vc.C 
Ans-fold time: 3.6880
==== Integer vector .C compression
Command: /home/louza/mm-repair/sdsl/encode.x /mnt/data/datasets/machine-learning-matrices-split/glove.q4k.csv.16.6.vc.C 
==== Integer vector .R compression
Command: /home/louza/mm-repair/sdsl/encode.x /mnt/data/datasets/machine-learning-matrices-split/glove.q4k.csv.16.6.vc.R 
Integer vector compression time: 0.2542
==== Ans-fold compression
Command: /home/louza/mm-repair/ans/encode.x /mnt/data/datasets/machine-learning-matrices-split/glove.q4k.csv.16.6.vc.C 
Ans-fold time: 4.1839
==== Integer vector .C compression
Command: /home/louza/mm-repair/sdsl/encode.x /mnt/data/datasets/machine-learning-matrices-split/glove.q4k.csv.16.7.vc.C 
==== Integer vector .R compression
Command: /home/louza/mm-repair/sdsl/encode.x /mnt/data/datasets/machine-learning-matrices-split/glove.q4k.csv.16.7.vc.R 
Integer vector compression time: 0.3346
==== Ans-fold compression
Command: /home/louza/mm-repair/ans/encode.x /mnt/data/datasets/machine-learning-matrices-split/glove.q4k.csv.16.7.vc.C 
Ans-fold time: 4.6258
==== Integer vector .C compression
Command: /home/louza/mm-repair/sdsl/encode.x /mnt/data/datasets/machine-learning-matrices-split/glove.q4k.csv.16.8.vc.C 
==== Integer vector .R compression
Command: /home/louza/mm-repair/sdsl/encode.x /mnt/data/datasets/machine-learning-matrices-split/glove.q4k.csv.16.8.vc.R 
Integer vector compression time: 0.2428
==== Ans-fold compression
Command: /home/louza/mm-repair/ans/encode.x /mnt/data/datasets/machine-learning-matrices-split/glove.q4k.csv.16.8.vc.C 
Ans-fold time: 5.0864
==== Integer vector .C compression
Command: /home/louza/mm-repair/sdsl/encode.x /mnt/data/datasets/machine-learning-matrices-split/glove.q4k.csv.16.9.vc.C 
==== Integer vector .R compression
Command: /home/louza/mm-repair/sdsl/encode.x /mnt/data/datasets/machine-learning-matrices-split/glove.q4k.csv.16.9.vc.R 
Integer vector compression time: 0.2457
==== Ans-fold compression
Command: /home/louza/mm-repair/ans/encode.x /mnt/data/datasets/machine-learning-matrices-split/glove.q4k.csv.16.9.vc.C 
Ans-fold time: 5.5266
==== Integer vector .C compression
Command: /home/louza/mm-repair/sdsl/encode.x /mnt/data/datasets/machine-learning-matrices-split/glove.q4k.csv.16.10.vc.C 
==== Integer vector .R compression
Command: /home/louza/mm-repair/sdsl/encode.x /mnt/data/datasets/machine-learning-matrices-split/glove.q4k.csv.16.10.vc.R 
Integer vector compression time: 0.2383
==== Ans-fold compression
Command: /home/louza/mm-repair/ans/encode.x /mnt/data/datasets/machine-learning-matrices-split/glove.q4k.csv.16.10.vc.C 
Ans-fold time: 5.9594
==== Integer vector .C compression
Command: /home/louza/mm-repair/sdsl/encode.x /mnt/data/datasets/machine-learning-matrices-split/glove.q4k.csv.16.11.vc.C 
==== Integer vector .R compression
Command: /home/louza/mm-repair/sdsl/encode.x /mnt/data/datasets/machine-learning-matrices-split/glove.q4k.csv.16.11.vc.R 
Integer vector compression time: 0.2481
==== Ans-fold compression
Command: /home/louza/mm-repair/ans/encode.x /mnt/data/datasets/machine-learning-matrices-split/glove.q4k.csv.16.11.vc.C 
Ans-fold time: 6.4477
==== Integer vector .C compression
Command: /home/louza/mm-repair/sdsl/encode.x /mnt/data/datasets/machine-learning-matrices-split/glove.q4k.csv.16.12.vc.C 
==== Integer vector .R compression
Command: /home/louza/mm-repair/sdsl/encode.x /mnt/data/datasets/machine-learning-matrices-split/glove.q4k.csv.16.12.vc.R 
Integer vector compression time: 0.2727
==== Ans-fold compression
Command: /home/louza/mm-repair/ans/encode.x /mnt/data/datasets/machine-learning-matrices-split/glove.q4k.csv.16.12.vc.C 
Ans-fold time: 7.5095
==== Integer vector .C compression
Command: /home/louza/mm-repair/sdsl/encode.x /mnt/data/datasets/machine-learning-matrices-split/glove.q4k.csv.16.13.vc.C 
==== Integer vector .R compression
Command: /home/louza/mm-repair/sdsl/encode.x /mnt/data/datasets/machine-learning-matrices-split/glove.q4k.csv.16.13.vc.R 
Integer vector compression time: 0.3158
==== Ans-fold compression
Command: /home/louza/mm-repair/ans/encode.x /mnt/data/datasets/machine-learning-matrices-split/glove.q4k.csv.16.13.vc.C 
Ans-fold time: 8.4114
==== Integer vector .C compression
Command: /home/louza/mm-repair/sdsl/encode.x /mnt/data/datasets/machine-learning-matrices-split/glove.q4k.csv.16.14.vc.C 
==== Integer vector .R compression
Command: /home/louza/mm-repair/sdsl/encode.x /mnt/data/datasets/machine-learning-matrices-split/glove.q4k.csv.16.14.vc.R 
Integer vector compression time: 0.3941
==== Ans-fold compression
Command: /home/louza/mm-repair/ans/encode.x /mnt/data/datasets/machine-learning-matrices-split/glove.q4k.csv.16.14.vc.C 
Ans-fold time: 9.3513
==== Integer vector .C compression
Command: /home/louza/mm-repair/sdsl/encode.x /mnt/data/datasets/machine-learning-matrices-split/glove.q4k.csv.16.15.vc.C 
==== Integer vector .R compression
Command: /home/louza/mm-repair/sdsl/encode.x /mnt/data/datasets/machine-learning-matrices-split/glove.q4k.csv.16.15.vc.R 
Integer vector compression time: 0.2843
==== Ans-fold compression
Command: /home/louza/mm-repair/ans/encode.x /mnt/data/datasets/machine-learning-matrices-split/glove.q4k.csv.16.15.vc.C 
Ans-fold time: 9.7919
Elapsed time: 634.7414
==== Compression Report:
 >> matrix name: /mnt/data/datasets/machine-learning-matrices-split/glove.q4k.csv
 >> conversion time: 615.40
 >> repair time: 5.03
 >> integer vectors time: 0.28
 >> ansf time: 9.79
 >> total time: 634.74
 >> matrix log(alpha)xNumEntries size: 180000000 bytes
 >> matrix dense size: 960000000 bytes
 >> total number of nonzero: 120000000 (100.00%)
 >> number of distinct nonzero: 3294
 >> CRSV  size: 481626352 bytes  (50.17%)
 >> RE32  size: 481451012 bytes  (50.15%)
 >> REIV  size: 315021360 bytes  (32.81%)
 >> REANS size: 281610608 bytes  (29.33%)
==== Done

#### 2026-09-04 08:48:02
 Command line: ./mm-repair/matrepair -r -b 16 -p 16 /mnt/data/datasets/machine-learning-matrices-split/glove.q4k.csv 400000 300 --ole 
Setting memory for each repair instance to 29003 MBs
Sending logging messages to file: /mnt/data/datasets/machine-learning-matrices-split/glove.q4k.csv.log
==== Conversion bin/csv->csrv
Command: /home/louza/mm-repair/csvmat2csrv -b 16   /mnt/data/datasets/machine-learning-matrices-split/glove.q4k.csv -r 0   400000 300
Conversion time: 74.3825
==== Repair paralell compression
---- Executing 16 parallel processes
---- Parallel processing completed
Repair time: 13.3499
==== Integer vector .C compression
Command: /home/louza/mm-repair/sdsl/encode.x /mnt/data/datasets/machine-learning-matrices-split/glove.q4k.csv.16.0.vc.C 
==== Integer vector .R compression
Command: /home/louza/mm-repair/sdsl/encode.x /mnt/data/datasets/machine-learning-matrices-split/glove.q4k.csv.16.0.vc.R 
Integer vector compression time: 2.5760
==== OLE
Command: /home/louza/mm-repair/ole/encode.x /mnt/data/datasets/machine-learning-matrices-split/glove.q4k.csv.16.0.vc.C 
OLE time: 1.6973
==== Ans-fold compression
Command: /home/louza/mm-repair/ans/encode.x /mnt/data/datasets/machine-learning-matrices-split/glove.q4k.csv.16.0.vc.C 
Ans-fold time: 1.3938
==== Integer vector .C compression
Command: /home/louza/mm-repair/sdsl/encode.x /mnt/data/datasets/machine-learning-matrices-split/glove.q4k.csv.16.1.vc.C 
==== Integer vector .R compression
Command: /home/louza/mm-repair/sdsl/encode.x /mnt/data/datasets/machine-learning-matrices-split/glove.q4k.csv.16.1.vc.R 
Integer vector compression time: 4.6471
==== OLE
Command: /home/louza/mm-repair/ole/encode.x /mnt/data/datasets/machine-learning-matrices-split/glove.q4k.csv.16.1.vc.C 
OLE time: 8.6528
==== Ans-fold compression
Command: /home/louza/mm-repair/ans/encode.x /mnt/data/datasets/machine-learning-matrices-split/glove.q4k.csv.16.1.vc.C 
Ans-fold time: 3.4919
==== Integer vector .C compression
Command: /home/louza/mm-repair/sdsl/encode.x /mnt/data/datasets/machine-learning-matrices-split/glove.q4k.csv.16.2.vc.C 
==== Integer vector .R compression
Command: /home/louza/mm-repair/sdsl/encode.x /mnt/data/datasets/machine-learning-matrices-split/glove.q4k.csv.16.2.vc.R 
Integer vector compression time: 1.2431
==== OLE
Command: /home/louza/mm-repair/ole/encode.x /mnt/data/datasets/machine-learning-matrices-split/glove.q4k.csv.16.2.vc.C 
OLE time: 3.6195
==== Ans-fold compression
Command: /home/louza/mm-repair/ans/encode.x /mnt/data/datasets/machine-learning-matrices-split/glove.q4k.csv.16.2.vc.C 
Ans-fold time: 5.4791
==== Integer vector .C compression
Command: /home/louza/mm-repair/sdsl/encode.x /mnt/data/datasets/machine-learning-matrices-split/glove.q4k.csv.16.3.vc.C 
==== Integer vector .R compression
Command: /home/louza/mm-repair/sdsl/encode.x /mnt/data/datasets/machine-learning-matrices-split/glove.q4k.csv.16.3.vc.R 
Integer vector compression time: 1.7118
==== OLE
Command: /home/louza/mm-repair/ole/encode.x /mnt/data/datasets/machine-learning-matrices-split/glove.q4k.csv.16.3.vc.C 
OLE time: 2.3203
==== Ans-fold compression
Command: /home/louza/mm-repair/ans/encode.x /mnt/data/datasets/machine-learning-matrices-split/glove.q4k.csv.16.3.vc.C 
Ans-fold time: 7.1672
==== Integer vector .C compression
Command: /home/louza/mm-repair/sdsl/encode.x /mnt/data/datasets/machine-learning-matrices-split/glove.q4k.csv.16.4.vc.C 
==== Integer vector .R compression
Command: /home/louza/mm-repair/sdsl/encode.x /mnt/data/datasets/machine-learning-matrices-split/glove.q4k.csv.16.4.vc.R 
Integer vector compression time: 1.3715
==== OLE
Command: /home/louza/mm-repair/ole/encode.x /mnt/data/datasets/machine-learning-matrices-split/glove.q4k.csv.16.4.vc.C 
OLE time: 1.6590
==== Ans-fold compression
Command: /home/louza/mm-repair/ans/encode.x /mnt/data/datasets/machine-learning-matrices-split/glove.q4k.csv.16.4.vc.C 
Ans-fold time: 8.0246
==== Integer vector .C compression
Command: /home/louza/mm-repair/sdsl/encode.x /mnt/data/datasets/machine-learning-matrices-split/glove.q4k.csv.16.5.vc.C 
==== Integer vector .R compression
Command: /home/louza/mm-repair/sdsl/encode.x /mnt/data/datasets/machine-learning-matrices-split/glove.q4k.csv.16.5.vc.R 
Integer vector compression time: 1.4157
==== OLE
Command: /home/louza/mm-repair/ole/encode.x /mnt/data/datasets/machine-learning-matrices-split/glove.q4k.csv.16.5.vc.C 
OLE time: 1.8050
==== Ans-fold compression
Command: /home/louza/mm-repair/ans/encode.x /mnt/data/datasets/machine-learning-matrices-split/glove.q4k.csv.16.5.vc.C 
Ans-fold time: 9.0901
==== Integer vector .C compression
Command: /home/louza/mm-repair/sdsl/encode.x /mnt/data/datasets/machine-learning-matrices-split/glove.q4k.csv.16.6.vc.C 
==== Integer vector .R compression
Command: /home/louza/mm-repair/sdsl/encode.x /mnt/data/datasets/machine-learning-matrices-split/glove.q4k.csv.16.6.vc.R 
Integer vector compression time: 1.6083
==== OLE
Command: /home/louza/mm-repair/ole/encode.x /mnt/data/datasets/machine-learning-matrices-split/glove.q4k.csv.16.6.vc.C 
OLE time: 3.0046
==== Ans-fold compression
Command: /home/louza/mm-repair/ans/encode.x /mnt/data/datasets/machine-learning-matrices-split/glove.q4k.csv.16.6.vc.C 
Ans-fold time: 10.2559
==== Integer vector .C compression
Command: /home/louza/mm-repair/sdsl/encode.x /mnt/data/datasets/machine-learning-matrices-split/glove.q4k.csv.16.7.vc.C 
==== Integer vector .R compression
Command: /home/louza/mm-repair/sdsl/encode.x /mnt/data/datasets/machine-learning-matrices-split/glove.q4k.csv.16.7.vc.R 
Integer vector compression time: 3.1313
==== OLE
Command: /home/louza/mm-repair/ole/encode.x /mnt/data/datasets/machine-learning-matrices-split/glove.q4k.csv.16.7.vc.C 
OLE time: 2.3291
==== Ans-fold compression
Command: /home/louza/mm-repair/ans/encode.x /mnt/data/datasets/machine-learning-matrices-split/glove.q4k.csv.16.7.vc.C 
Ans-fold time: 11.4673
==== Integer vector .C compression
Command: /home/louza/mm-repair/sdsl/encode.x /mnt/data/datasets/machine-learning-matrices-split/glove.q4k.csv.16.8.vc.C 
==== Integer vector .R compression
Command: /home/louza/mm-repair/sdsl/encode.x /mnt/data/datasets/machine-learning-matrices-split/glove.q4k.csv.16.8.vc.R 
Integer vector compression time: 2.0955
==== OLE
Command: /home/louza/mm-repair/ole/encode.x /mnt/data/datasets/machine-learning-matrices-split/glove.q4k.csv.16.8.vc.C 
OLE time: 3.3590
==== Ans-fold compression
Command: /home/louza/mm-repair/ans/encode.x /mnt/data/datasets/machine-learning-matrices-split/glove.q4k.csv.16.8.vc.C 
Ans-fold time: 13.3861
==== Integer vector .C compression
Command: /home/louza/mm-repair/sdsl/encode.x /mnt/data/datasets/machine-learning-matrices-split/glove.q4k.csv.16.9.vc.C 
==== Integer vector .R compression
Command: /home/louza/mm-repair/sdsl/encode.x /mnt/data/datasets/machine-learning-matrices-split/glove.q4k.csv.16.9.vc.R 
Integer vector compression time: 2.6051
==== OLE
Command: /home/louza/mm-repair/ole/encode.x /mnt/data/datasets/machine-learning-matrices-split/glove.q4k.csv.16.9.vc.C 
OLE time: 3.9729
==== Ans-fold compression
Command: /home/louza/mm-repair/ans/encode.x /mnt/data/datasets/machine-learning-matrices-split/glove.q4k.csv.16.9.vc.C 
Ans-fold time: 15.4274
==== Integer vector .C compression
Command: /home/louza/mm-repair/sdsl/encode.x /mnt/data/datasets/machine-learning-matrices-split/glove.q4k.csv.16.10.vc.C 
==== Integer vector .R compression
Command: /home/louza/mm-repair/sdsl/encode.x /mnt/data/datasets/machine-learning-matrices-split/glove.q4k.csv.16.10.vc.R 
Integer vector compression time: 1.7360
==== OLE
Command: /home/louza/mm-repair/ole/encode.x /mnt/data/datasets/machine-learning-matrices-split/glove.q4k.csv.16.10.vc.C 
OLE time: 2.7780
==== Ans-fold compression
Command: /home/louza/mm-repair/ans/encode.x /mnt/data/datasets/machine-learning-matrices-split/glove.q4k.csv.16.10.vc.C 
Ans-fold time: 17.0907
==== Integer vector .C compression
Command: /home/louza/mm-repair/sdsl/encode.x /mnt/data/datasets/machine-learning-matrices-split/glove.q4k.csv.16.11.vc.C 
==== Integer vector .R compression
Command: /home/louza/mm-repair/sdsl/encode.x /mnt/data/datasets/machine-learning-matrices-split/glove.q4k.csv.16.11.vc.R 
Integer vector compression time: 2.7713
==== OLE
Command: /home/louza/mm-repair/ole/encode.x /mnt/data/datasets/machine-learning-matrices-split/glove.q4k.csv.16.11.vc.C 
OLE time: 3.9158
==== Ans-fold compression
Command: /home/louza/mm-repair/ans/encode.x /mnt/data/datasets/machine-learning-matrices-split/glove.q4k.csv.16.11.vc.C 
Ans-fold time: 18.2185
==== Integer vector .C compression
Command: /home/louza/mm-repair/sdsl/encode.x /mnt/data/datasets/machine-learning-matrices-split/glove.q4k.csv.16.12.vc.C 
==== Integer vector .R compression
Command: /home/louza/mm-repair/sdsl/encode.x /mnt/data/datasets/machine-learning-matrices-split/glove.q4k.csv.16.12.vc.R 
Integer vector compression time: 1.5522
==== OLE
Command: /home/louza/mm-repair/ole/encode.x /mnt/data/datasets/machine-learning-matrices-split/glove.q4k.csv.16.12.vc.C 
OLE time: 3.8750
==== Ans-fold compression
Command: /home/louza/mm-repair/ans/encode.x /mnt/data/datasets/machine-learning-matrices-split/glove.q4k.csv.16.12.vc.C 
Ans-fold time: 20.0340
==== Integer vector .C compression
Command: /home/louza/mm-repair/sdsl/encode.x /mnt/data/datasets/machine-learning-matrices-split/glove.q4k.csv.16.13.vc.C 
==== Integer vector .R compression
Command: /home/louza/mm-repair/sdsl/encode.x /mnt/data/datasets/machine-learning-matrices-split/glove.q4k.csv.16.13.vc.R 
Integer vector compression time: 1.0285
==== OLE
Command: /home/louza/mm-repair/ole/encode.x /mnt/data/datasets/machine-learning-matrices-split/glove.q4k.csv.16.13.vc.C 
OLE time: 2.9267
==== Ans-fold compression
Command: /home/louza/mm-repair/ans/encode.x /mnt/data/datasets/machine-learning-matrices-split/glove.q4k.csv.16.13.vc.C 
Ans-fold time: 21.0659
==== Integer vector .C compression
Command: /home/louza/mm-repair/sdsl/encode.x /mnt/data/datasets/machine-learning-matrices-split/glove.q4k.csv.16.14.vc.C 
==== Integer vector .R compression
Command: /home/louza/mm-repair/sdsl/encode.x /mnt/data/datasets/machine-learning-matrices-split/glove.q4k.csv.16.14.vc.R 
Integer vector compression time: 1.6066
==== OLE
Command: /home/louza/mm-repair/ole/encode.x /mnt/data/datasets/machine-learning-matrices-split/glove.q4k.csv.16.14.vc.C 
OLE time: 2.3264
==== Ans-fold compression
Command: /home/louza/mm-repair/ans/encode.x /mnt/data/datasets/machine-learning-matrices-split/glove.q4k.csv.16.14.vc.C 
Ans-fold time: 22.9743
==== Integer vector .C compression
Command: /home/louza/mm-repair/sdsl/encode.x /mnt/data/datasets/machine-learning-matrices-split/glove.q4k.csv.16.15.vc.C 
==== Integer vector .R compression
Command: /home/louza/mm-repair/sdsl/encode.x /mnt/data/datasets/machine-learning-matrices-split/glove.q4k.csv.16.15.vc.R 
Integer vector compression time: 2.7450
==== OLE
Command: /home/louza/mm-repair/ole/encode.x /mnt/data/datasets/machine-learning-matrices-split/glove.q4k.csv.16.15.vc.C 
OLE time: 3.1776
==== Ans-fold compression
Command: /home/louza/mm-repair/ans/encode.x /mnt/data/datasets/machine-learning-matrices-split/glove.q4k.csv.16.15.vc.C 
Ans-fold time: 24.9147
Elapsed time: 197.9129
==== Compression Report:
 >> matrix name: /mnt/data/datasets/machine-learning-matrices-split/glove.q4k.csv
 >> conversion time: 74.38
 >> repair time: 13.35
 >> integer vectors time: 2.74
 >> ansf time: 24.91
 >> total time: 197.91
 >> matrix log(alpha)xNumEntries size: 180000000 bytes
 >> matrix dense size: 960000000 bytes
 >> total number of nonzero: 120000000 (100.00%)
 >> number of distinct nonzero: 3294
 >> CRSV  size: 481626352 bytes  (50.17%)
 >> RE32  size: 481451012 bytes  (50.15%)
 >> REIV  size: 315021360 bytes  (32.81%)
 >> REANS size: 187495727 bytes  (19.53%)
==== Done

#### 2026-09-04 08:51:20
 Command line: ./mm-repair/matrepair -r -b 16 -p 16 /mnt/data/datasets/machine-learning-matrices-split/glove.q4k.csv 400000 300 --mapping 
Setting memory for each repair instance to 29003 MBs
Sending logging messages to file: /mnt/data/datasets/machine-learning-matrices-split/glove.q4k.csv.log
==== Conversion bin/csv->csrv
Command: /home/louza/mm-repair/csvmat2csrv -b 16   /mnt/data/datasets/machine-learning-matrices-split/glove.q4k.csv -r 0 -m  400000 300
Conversion time: 212.3028
==== Repair paralell compression
---- Executing 16 parallel processes
---- Parallel processing completed
Repair time: 10.3057
==== Integer vector .C compression
Command: /home/louza/mm-repair/sdsl/encode.x /mnt/data/datasets/machine-learning-matrices-split/glove.q4k.csv.16.0.vc.C 
==== Integer vector .R compression
Command: /home/louza/mm-repair/sdsl/encode.x /mnt/data/datasets/machine-learning-matrices-split/glove.q4k.csv.16.0.vc.R 
Integer vector compression time: 1.1525
==== Ans-fold compression
Command: /home/louza/mm-repair/ans/encode.x /mnt/data/datasets/machine-learning-matrices-split/glove.q4k.csv.16.0.vc.C 
Ans-fold time: 1.9541
==== Integer vector .C compression
Command: /home/louza/mm-repair/sdsl/encode.x /mnt/data/datasets/machine-learning-matrices-split/glove.q4k.csv.16.1.vc.C 
==== Integer vector .R compression
Command: /home/louza/mm-repair/sdsl/encode.x /mnt/data/datasets/machine-learning-matrices-split/glove.q4k.csv.16.1.vc.R 
Integer vector compression time: 1.4668
==== Ans-fold compression
Command: /home/louza/mm-repair/ans/encode.x /mnt/data/datasets/machine-learning-matrices-split/glove.q4k.csv.16.1.vc.C 
Ans-fold time: 3.8363
==== Integer vector .C compression
Command: /home/louza/mm-repair/sdsl/encode.x /mnt/data/datasets/machine-learning-matrices-split/glove.q4k.csv.16.2.vc.C 
==== Integer vector .R compression
Command: /home/louza/mm-repair/sdsl/encode.x /mnt/data/datasets/machine-learning-matrices-split/glove.q4k.csv.16.2.vc.R 
Integer vector compression time: 1.4991
==== Ans-fold compression
Command: /home/louza/mm-repair/ans/encode.x /mnt/data/datasets/machine-learning-matrices-split/glove.q4k.csv.16.2.vc.C 
Ans-fold time: 5.6099
==== Integer vector .C compression
Command: /home/louza/mm-repair/sdsl/encode.x /mnt/data/datasets/machine-learning-matrices-split/glove.q4k.csv.16.3.vc.C 
==== Integer vector .R compression
Command: /home/louza/mm-repair/sdsl/encode.x /mnt/data/datasets/machine-learning-matrices-split/glove.q4k.csv.16.3.vc.R 
Integer vector compression time: 2.5377
==== Ans-fold compression
Command: /home/louza/mm-repair/ans/encode.x /mnt/data/datasets/machine-learning-matrices-split/glove.q4k.csv.16.3.vc.C 
Ans-fold time: 7.3059
==== Integer vector .C compression
Command: /home/louza/mm-repair/sdsl/encode.x /mnt/data/datasets/machine-learning-matrices-split/glove.q4k.csv.16.4.vc.C 
==== Integer vector .R compression
Command: /home/louza/mm-repair/sdsl/encode.x /mnt/data/datasets/machine-learning-matrices-split/glove.q4k.csv.16.4.vc.R 
Integer vector compression time: 1.6695
==== Ans-fold compression
Command: /home/louza/mm-repair/ans/encode.x /mnt/data/datasets/machine-learning-matrices-split/glove.q4k.csv.16.4.vc.C 
Ans-fold time: 8.9810
==== Integer vector .C compression
Command: /home/louza/mm-repair/sdsl/encode.x /mnt/data/datasets/machine-learning-matrices-split/glove.q4k.csv.16.5.vc.C 
==== Integer vector .R compression
Command: /home/louza/mm-repair/sdsl/encode.x /mnt/data/datasets/machine-learning-matrices-split/glove.q4k.csv.16.5.vc.R 
Integer vector compression time: 0.7150
==== Ans-fold compression
Command: /home/louza/mm-repair/ans/encode.x /mnt/data/datasets/machine-learning-matrices-split/glove.q4k.csv.16.5.vc.C 
Ans-fold time: 10.6025
==== Integer vector .C compression
Command: /home/louza/mm-repair/sdsl/encode.x /mnt/data/datasets/machine-learning-matrices-split/glove.q4k.csv.16.6.vc.C 
==== Integer vector .R compression
Command: /home/louza/mm-repair/sdsl/encode.x /mnt/data/datasets/machine-learning-matrices-split/glove.q4k.csv.16.6.vc.R 
Integer vector compression time: 1.1927
==== Ans-fold compression
Command: /home/louza/mm-repair/ans/encode.x /mnt/data/datasets/machine-learning-matrices-split/glove.q4k.csv.16.6.vc.C 
Ans-fold time: 12.2751
==== Integer vector .C compression
Command: /home/louza/mm-repair/sdsl/encode.x /mnt/data/datasets/machine-learning-matrices-split/glove.q4k.csv.16.7.vc.C 
==== Integer vector .R compression
Command: /home/louza/mm-repair/sdsl/encode.x /mnt/data/datasets/machine-learning-matrices-split/glove.q4k.csv.16.7.vc.R 
Integer vector compression time: 1.2021
==== Ans-fold compression
Command: /home/louza/mm-repair/ans/encode.x /mnt/data/datasets/machine-learning-matrices-split/glove.q4k.csv.16.7.vc.C 
Ans-fold time: 14.0057
==== Integer vector .C compression
Command: /home/louza/mm-repair/sdsl/encode.x /mnt/data/datasets/machine-learning-matrices-split/glove.q4k.csv.16.8.vc.C 
==== Integer vector .R compression
Command: /home/louza/mm-repair/sdsl/encode.x /mnt/data/datasets/machine-learning-matrices-split/glove.q4k.csv.16.8.vc.R 
Integer vector compression time: 1.2013
==== Ans-fold compression
Command: /home/louza/mm-repair/ans/encode.x /mnt/data/datasets/machine-learning-matrices-split/glove.q4k.csv.16.8.vc.C 
Ans-fold time: 15.3863
==== Integer vector .C compression
Command: /home/louza/mm-repair/sdsl/encode.x /mnt/data/datasets/machine-learning-matrices-split/glove.q4k.csv.16.9.vc.C 
==== Integer vector .R compression
Command: /home/louza/mm-repair/sdsl/encode.x /mnt/data/datasets/machine-learning-matrices-split/glove.q4k.csv.16.9.vc.R 
Integer vector compression time: 0.8516
==== Ans-fold compression
Command: /home/louza/mm-repair/ans/encode.x /mnt/data/datasets/machine-learning-matrices-split/glove.q4k.csv.16.9.vc.C 
Ans-fold time: 17.3235
==== Integer vector .C compression
Command: /home/louza/mm-repair/sdsl/encode.x /mnt/data/datasets/machine-learning-matrices-split/glove.q4k.csv.16.10.vc.C 
==== Integer vector .R compression
Command: /home/louza/mm-repair/sdsl/encode.x /mnt/data/datasets/machine-learning-matrices-split/glove.q4k.csv.16.10.vc.R 
Integer vector compression time: 2.1892
==== Ans-fold compression
Command: /home/louza/mm-repair/ans/encode.x /mnt/data/datasets/machine-learning-matrices-split/glove.q4k.csv.16.10.vc.C 
Ans-fold time: 18.4981
==== Integer vector .C compression
Command: /home/louza/mm-repair/sdsl/encode.x /mnt/data/datasets/machine-learning-matrices-split/glove.q4k.csv.16.11.vc.C 
==== Integer vector .R compression
Command: /home/louza/mm-repair/sdsl/encode.x /mnt/data/datasets/machine-learning-matrices-split/glove.q4k.csv.16.11.vc.R 
Integer vector compression time: 1.4195
==== Ans-fold compression
Command: /home/louza/mm-repair/ans/encode.x /mnt/data/datasets/machine-learning-matrices-split/glove.q4k.csv.16.11.vc.C 
Ans-fold time: 21.4949
==== Integer vector .C compression
Command: /home/louza/mm-repair/sdsl/encode.x /mnt/data/datasets/machine-learning-matrices-split/glove.q4k.csv.16.12.vc.C 
==== Integer vector .R compression
Command: /home/louza/mm-repair/sdsl/encode.x /mnt/data/datasets/machine-learning-matrices-split/glove.q4k.csv.16.12.vc.R 
Integer vector compression time: 3.3036
==== Ans-fold compression
Command: /home/louza/mm-repair/ans/encode.x /mnt/data/datasets/machine-learning-matrices-split/glove.q4k.csv.16.12.vc.C 
Ans-fold time: 23.2600
==== Integer vector .C compression
Command: /home/louza/mm-repair/sdsl/encode.x /mnt/data/datasets/machine-learning-matrices-split/glove.q4k.csv.16.13.vc.C 
==== Integer vector .R compression
Command: /home/louza/mm-repair/sdsl/encode.x /mnt/data/datasets/machine-learning-matrices-split/glove.q4k.csv.16.13.vc.R 
Integer vector compression time: 1.1197
==== Ans-fold compression
Command: /home/louza/mm-repair/ans/encode.x /mnt/data/datasets/machine-learning-matrices-split/glove.q4k.csv.16.13.vc.C 
Ans-fold time: 24.3155
==== Integer vector .C compression
Command: /home/louza/mm-repair/sdsl/encode.x /mnt/data/datasets/machine-learning-matrices-split/glove.q4k.csv.16.14.vc.C 
==== Integer vector .R compression
Command: /home/louza/mm-repair/sdsl/encode.x /mnt/data/datasets/machine-learning-matrices-split/glove.q4k.csv.16.14.vc.R 
Integer vector compression time: 0.7797
==== Ans-fold compression
Command: /home/louza/mm-repair/ans/encode.x /mnt/data/datasets/machine-learning-matrices-split/glove.q4k.csv.16.14.vc.C 
Ans-fold time: 25.5751
==== Integer vector .C compression
Command: /home/louza/mm-repair/sdsl/encode.x /mnt/data/datasets/machine-learning-matrices-split/glove.q4k.csv.16.15.vc.C 
==== Integer vector .R compression
Command: /home/louza/mm-repair/sdsl/encode.x /mnt/data/datasets/machine-learning-matrices-split/glove.q4k.csv.16.15.vc.R 
Integer vector compression time: 1.0317
==== Ans-fold compression
Command: /home/louza/mm-repair/ans/encode.x /mnt/data/datasets/machine-learning-matrices-split/glove.q4k.csv.16.15.vc.C 
Ans-fold time: 26.4613
Command: /home/louza/mm-repair/ans/encode.x /mnt/data/datasets/machine-learning-matrices-split/glove.q4k.csv.wcode 
Elapsed time: 272.4341
==== Compression Report:
 >> matrix name: /mnt/data/datasets/machine-learning-matrices-split/glove.q4k.csv
 >> conversion time: 212.30
 >> repair time: 10.31
 >> integer vectors time: 1.03
 >> ansf time: 26.46
 >> total time: 272.43
 >> wcode: 2334536 bytes
 >> wcode_ans: 47562 bytes
 >> matrix log(alpha)xNumEntries size: 180000000 bytes
 >> matrix dense size: 960000000 bytes
 >> total number of nonzero: 120000000 (100.00%)
 >> number of distinct nonzero: 3294
 >> CRSV  size: 481626352 bytes  (50.17%)
 >> RE32  size: 483785548 bytes  (50.39%)
 >> REIV  size: 303251704 bytes  (31.59%)
 >> REANS size: 280101003 bytes  (29.18%)
==== Done

#### 2026-09-04 08:55:53
 Command line: ./mm-repair/matrepair -r -b 16 -p 16 /mnt/data/datasets/machine-learning-matrices-split/glove.q4k.csv 400000 300 --split 
Setting memory for each repair instance to 29003 MBs
Sending logging messages to file: /mnt/data/datasets/machine-learning-matrices-split/glove.q4k.csv.log
==== Conversion bin/csv->csrv
Command: /home/louza/mm-repair/csvmat2csrv -b 16   /mnt/data/datasets/machine-learning-matrices-split/glove.q4k.csv -r 0  -s 400000 300
Conversion time: 584.5254
==== Repair paralell compression
---- Executing 16 parallel processes
---- Parallel processing completed
Repair time: 0.0338
==== Integer vector .C compression
Command: /home/louza/mm-repair/sdsl/encode.x /mnt/data/datasets/machine-learning-matrices-split/glove.q4k.csv.16.0.A.vc.C 
==== Integer vector .R compression
Command: /home/louza/mm-repair/sdsl/encode.x /mnt/data/datasets/machine-learning-matrices-split/glove.q4k.csv.16.0.A.vc.R 
Integer vector compression time: 0.0244
==== Ans-fold compression
Command: /home/louza/mm-repair/ans/encode.x /mnt/data/datasets/machine-learning-matrices-split/glove.q4k.csv.16.0.A.vc.C 
Command: /home/louza/mm-repair/ans/encode.x /mnt/data/datasets/machine-learning-matrices-split/glove.q4k.csv.16.0.B.vc
Ans-fold time: 0.4716
==== Integer vector .C compression
Command: /home/louza/mm-repair/sdsl/encode.x /mnt/data/datasets/machine-learning-matrices-split/glove.q4k.csv.16.1.A.vc.C 
==== Integer vector .R compression
Command: /home/louza/mm-repair/sdsl/encode.x /mnt/data/datasets/machine-learning-matrices-split/glove.q4k.csv.16.1.A.vc.R 
Integer vector compression time: 0.0187
==== Ans-fold compression
Command: /home/louza/mm-repair/ans/encode.x /mnt/data/datasets/machine-learning-matrices-split/glove.q4k.csv.16.1.A.vc.C 
Command: /home/louza/mm-repair/ans/encode.x /mnt/data/datasets/machine-learning-matrices-split/glove.q4k.csv.16.1.B.vc
Ans-fold time: 0.9008
==== Integer vector .C compression
Command: /home/louza/mm-repair/sdsl/encode.x /mnt/data/datasets/machine-learning-matrices-split/glove.q4k.csv.16.2.A.vc.C 
==== Integer vector .R compression
Command: /home/louza/mm-repair/sdsl/encode.x /mnt/data/datasets/machine-learning-matrices-split/glove.q4k.csv.16.2.A.vc.R 
Integer vector compression time: 0.0184
==== Ans-fold compression
Command: /home/louza/mm-repair/ans/encode.x /mnt/data/datasets/machine-learning-matrices-split/glove.q4k.csv.16.2.A.vc.C 
Command: /home/louza/mm-repair/ans/encode.x /mnt/data/datasets/machine-learning-matrices-split/glove.q4k.csv.16.2.B.vc
Ans-fold time: 1.5392
==== Integer vector .C compression
Command: /home/louza/mm-repair/sdsl/encode.x /mnt/data/datasets/machine-learning-matrices-split/glove.q4k.csv.16.3.A.vc.C 
==== Integer vector .R compression
Command: /home/louza/mm-repair/sdsl/encode.x /mnt/data/datasets/machine-learning-matrices-split/glove.q4k.csv.16.3.A.vc.R 
Integer vector compression time: 0.0240
==== Ans-fold compression
Command: /home/louza/mm-repair/ans/encode.x /mnt/data/datasets/machine-learning-matrices-split/glove.q4k.csv.16.3.A.vc.C 
Command: /home/louza/mm-repair/ans/encode.x /mnt/data/datasets/machine-learning-matrices-split/glove.q4k.csv.16.3.B.vc
Ans-fold time: 2.1373
==== Integer vector .C compression
Command: /home/louza/mm-repair/sdsl/encode.x /mnt/data/datasets/machine-learning-matrices-split/glove.q4k.csv.16.4.A.vc.C 
==== Integer vector .R compression
Command: /home/louza/mm-repair/sdsl/encode.x /mnt/data/datasets/machine-learning-matrices-split/glove.q4k.csv.16.4.A.vc.R 
Integer vector compression time: 0.0249
==== Ans-fold compression
Command: /home/louza/mm-repair/ans/encode.x /mnt/data/datasets/machine-learning-matrices-split/glove.q4k.csv.16.4.A.vc.C 
Command: /home/louza/mm-repair/ans/encode.x /mnt/data/datasets/machine-learning-matrices-split/glove.q4k.csv.16.4.B.vc
Ans-fold time: 2.6566
==== Integer vector .C compression
Command: /home/louza/mm-repair/sdsl/encode.x /mnt/data/datasets/machine-learning-matrices-split/glove.q4k.csv.16.5.A.vc.C 
==== Integer vector .R compression
Command: /home/louza/mm-repair/sdsl/encode.x /mnt/data/datasets/machine-learning-matrices-split/glove.q4k.csv.16.5.A.vc.R 
Integer vector compression time: 0.0252
==== Ans-fold compression
Command: /home/louza/mm-repair/ans/encode.x /mnt/data/datasets/machine-learning-matrices-split/glove.q4k.csv.16.5.A.vc.C 
Command: /home/louza/mm-repair/ans/encode.x /mnt/data/datasets/machine-learning-matrices-split/glove.q4k.csv.16.5.B.vc
Ans-fold time: 3.1182
==== Integer vector .C compression
Command: /home/louza/mm-repair/sdsl/encode.x /mnt/data/datasets/machine-learning-matrices-split/glove.q4k.csv.16.6.A.vc.C 
==== Integer vector .R compression
Command: /home/louza/mm-repair/sdsl/encode.x /mnt/data/datasets/machine-learning-matrices-split/glove.q4k.csv.16.6.A.vc.R 
Integer vector compression time: 0.0252
==== Ans-fold compression
Command: /home/louza/mm-repair/ans/encode.x /mnt/data/datasets/machine-learning-matrices-split/glove.q4k.csv.16.6.A.vc.C 
Command: /home/louza/mm-repair/ans/encode.x /mnt/data/datasets/machine-learning-matrices-split/glove.q4k.csv.16.6.B.vc
Ans-fold time: 3.6670
==== Integer vector .C compression
Command: /home/louza/mm-repair/sdsl/encode.x /mnt/data/datasets/machine-learning-matrices-split/glove.q4k.csv.16.7.A.vc.C 
==== Integer vector .R compression
Command: /home/louza/mm-repair/sdsl/encode.x /mnt/data/datasets/machine-learning-matrices-split/glove.q4k.csv.16.7.A.vc.R 
Integer vector compression time: 0.0204
==== Ans-fold compression
Command: /home/louza/mm-repair/ans/encode.x /mnt/data/datasets/machine-learning-matrices-split/glove.q4k.csv.16.7.A.vc.C 
Command: /home/louza/mm-repair/ans/encode.x /mnt/data/datasets/machine-learning-matrices-split/glove.q4k.csv.16.7.B.vc
Ans-fold time: 4.1558
==== Integer vector .C compression
Command: /home/louza/mm-repair/sdsl/encode.x /mnt/data/datasets/machine-learning-matrices-split/glove.q4k.csv.16.8.A.vc.C 
==== Integer vector .R compression
Command: /home/louza/mm-repair/sdsl/encode.x /mnt/data/datasets/machine-learning-matrices-split/glove.q4k.csv.16.8.A.vc.R 
Integer vector compression time: 0.0228
==== Ans-fold compression
Command: /home/louza/mm-repair/ans/encode.x /mnt/data/datasets/machine-learning-matrices-split/glove.q4k.csv.16.8.A.vc.C 
Command: /home/louza/mm-repair/ans/encode.x /mnt/data/datasets/machine-learning-matrices-split/glove.q4k.csv.16.8.B.vc
Ans-fold time: 4.6078
==== Integer vector .C compression
Command: /home/louza/mm-repair/sdsl/encode.x /mnt/data/datasets/machine-learning-matrices-split/glove.q4k.csv.16.9.A.vc.C 
==== Integer vector .R compression
Command: /home/louza/mm-repair/sdsl/encode.x /mnt/data/datasets/machine-learning-matrices-split/glove.q4k.csv.16.9.A.vc.R 
Integer vector compression time: 0.0225
==== Ans-fold compression
Command: /home/louza/mm-repair/ans/encode.x /mnt/data/datasets/machine-learning-matrices-split/glove.q4k.csv.16.9.A.vc.C 
Command: /home/louza/mm-repair/ans/encode.x /mnt/data/datasets/machine-learning-matrices-split/glove.q4k.csv.16.9.B.vc
Ans-fold time: 5.0147
==== Integer vector .C compression
Command: /home/louza/mm-repair/sdsl/encode.x /mnt/data/datasets/machine-learning-matrices-split/glove.q4k.csv.16.10.A.vc.C 
==== Integer vector .R compression
Command: /home/louza/mm-repair/sdsl/encode.x /mnt/data/datasets/machine-learning-matrices-split/glove.q4k.csv.16.10.A.vc.R 
Integer vector compression time: 0.0262
==== Ans-fold compression
Command: /home/louza/mm-repair/ans/encode.x /mnt/data/datasets/machine-learning-matrices-split/glove.q4k.csv.16.10.A.vc.C 
Command: /home/louza/mm-repair/ans/encode.x /mnt/data/datasets/machine-learning-matrices-split/glove.q4k.csv.16.10.B.vc
Ans-fold time: 5.3827
==== Integer vector .C compression
Command: /home/louza/mm-repair/sdsl/encode.x /mnt/data/datasets/machine-learning-matrices-split/glove.q4k.csv.16.11.A.vc.C 
==== Integer vector .R compression
Command: /home/louza/mm-repair/sdsl/encode.x /mnt/data/datasets/machine-learning-matrices-split/glove.q4k.csv.16.11.A.vc.R 
Integer vector compression time: 0.0248
==== Ans-fold compression
Command: /home/louza/mm-repair/ans/encode.x /mnt/data/datasets/machine-learning-matrices-split/glove.q4k.csv.16.11.A.vc.C 
Command: /home/louza/mm-repair/ans/encode.x /mnt/data/datasets/machine-learning-matrices-split/glove.q4k.csv.16.11.B.vc
Ans-fold time: 5.8410
==== Integer vector .C compression
Command: /home/louza/mm-repair/sdsl/encode.x /mnt/data/datasets/machine-learning-matrices-split/glove.q4k.csv.16.12.A.vc.C 
==== Integer vector .R compression
Command: /home/louza/mm-repair/sdsl/encode.x /mnt/data/datasets/machine-learning-matrices-split/glove.q4k.csv.16.12.A.vc.R 
Integer vector compression time: 0.0256
==== Ans-fold compression
Command: /home/louza/mm-repair/ans/encode.x /mnt/data/datasets/machine-learning-matrices-split/glove.q4k.csv.16.12.A.vc.C 
Command: /home/louza/mm-repair/ans/encode.x /mnt/data/datasets/machine-learning-matrices-split/glove.q4k.csv.16.12.B.vc
Ans-fold time: 6.2654
==== Integer vector .C compression
Command: /home/louza/mm-repair/sdsl/encode.x /mnt/data/datasets/machine-learning-matrices-split/glove.q4k.csv.16.13.A.vc.C 
==== Integer vector .R compression
Command: /home/louza/mm-repair/sdsl/encode.x /mnt/data/datasets/machine-learning-matrices-split/glove.q4k.csv.16.13.A.vc.R 
Integer vector compression time: 0.0753
==== Ans-fold compression
Command: /home/louza/mm-repair/ans/encode.x /mnt/data/datasets/machine-learning-matrices-split/glove.q4k.csv.16.13.A.vc.C 
Command: /home/louza/mm-repair/ans/encode.x /mnt/data/datasets/machine-learning-matrices-split/glove.q4k.csv.16.13.B.vc
Ans-fold time: 6.6550
==== Integer vector .C compression
Command: /home/louza/mm-repair/sdsl/encode.x /mnt/data/datasets/machine-learning-matrices-split/glove.q4k.csv.16.14.A.vc.C 
==== Integer vector .R compression
Command: /home/louza/mm-repair/sdsl/encode.x /mnt/data/datasets/machine-learning-matrices-split/glove.q4k.csv.16.14.A.vc.R 
Integer vector compression time: 0.0263
==== Ans-fold compression
Command: /home/louza/mm-repair/ans/encode.x /mnt/data/datasets/machine-learning-matrices-split/glove.q4k.csv.16.14.A.vc.C 
Command: /home/louza/mm-repair/ans/encode.x /mnt/data/datasets/machine-learning-matrices-split/glove.q4k.csv.16.14.B.vc
Ans-fold time: 7.0407
==== Integer vector .C compression
Command: /home/louza/mm-repair/sdsl/encode.x /mnt/data/datasets/machine-learning-matrices-split/glove.q4k.csv.16.15.A.vc.C 
==== Integer vector .R compression
Command: /home/louza/mm-repair/sdsl/encode.x /mnt/data/datasets/machine-learning-matrices-split/glove.q4k.csv.16.15.A.vc.R 
Integer vector compression time: 0.0222
==== Ans-fold compression
Command: /home/louza/mm-repair/ans/encode.x /mnt/data/datasets/machine-learning-matrices-split/glove.q4k.csv.16.15.A.vc.C 
Command: /home/louza/mm-repair/ans/encode.x /mnt/data/datasets/machine-learning-matrices-split/glove.q4k.csv.16.15.B.vc
Ans-fold time: 7.4281
Elapsed time: 592.4155
==== Compression Report:
 >> matrix name: /mnt/data/datasets/machine-learning-matrices-split/glove.q4k.csv
 >> conversion time: 584.53
 >> repair time: 0.03
 >> integer vectors time: 0.02
 >> ansf time: 7.43
 >> total time: 592.42
 >> matrix log(alpha)xNumEntries size: 180000000 bytes
 >> matrix dense size: 960000000 bytes
 >> total number of nonzero: 261382 (0.22%)
 >> number of distinct nonzero: 3294
 >> CRSV  size: 2671880 bytes  (0.28%)
 >> B	  size: 480554472 bytes  (50.06%)
 >> B_ans size: 276765213 bytes  (28.83%)
 >> RE32  size: 279261753 bytes  (29.09%)
 >> REIV  size: 278331645 bytes  (28.99%)
 >> REANS size: 277323246 bytes  (28.89%)
==== Done

#### 2026-09-04 09:05:45
 Command line: ./mm-repair/matrepair -r -b 16 -p 16 /mnt/data/datasets/machine-learning-matrices-split/glove.q4k.csv 400000 300 --ole --mapping 
Setting memory for each repair instance to 29003 MBs
Sending logging messages to file: /mnt/data/datasets/machine-learning-matrices-split/glove.q4k.csv.log
==== Conversion bin/csv->csrv
Command: /home/louza/mm-repair/csvmat2csrv -b 16   /mnt/data/datasets/machine-learning-matrices-split/glove.q4k.csv -r 0 -m  400000 300
Conversion time: 233.6624
==== Repair paralell compression
---- Executing 16 parallel processes
---- Parallel processing completed
Repair time: 10.7225
==== Integer vector .C compression
Command: /home/louza/mm-repair/sdsl/encode.x /mnt/data/datasets/machine-learning-matrices-split/glove.q4k.csv.16.0.vc.C 
==== Integer vector .R compression
Command: /home/louza/mm-repair/sdsl/encode.x /mnt/data/datasets/machine-learning-matrices-split/glove.q4k.csv.16.0.vc.R 
Integer vector compression time: 1.2424
==== OLE
Command: /home/louza/mm-repair/ole/encode.x /mnt/data/datasets/machine-learning-matrices-split/glove.q4k.csv.16.0.vc.C 
OLE time: 2.1901
==== Ans-fold compression
Command: /home/louza/mm-repair/ans/encode.x /mnt/data/datasets/machine-learning-matrices-split/glove.q4k.csv.16.0.vc.C 
Ans-fold time: 1.3506
==== Integer vector .C compression
Command: /home/louza/mm-repair/sdsl/encode.x /mnt/data/datasets/machine-learning-matrices-split/glove.q4k.csv.16.1.vc.C 
==== Integer vector .R compression
Command: /home/louza/mm-repair/sdsl/encode.x /mnt/data/datasets/machine-learning-matrices-split/glove.q4k.csv.16.1.vc.R 
Integer vector compression time: 0.8328
==== OLE
Command: /home/louza/mm-repair/ole/encode.x /mnt/data/datasets/machine-learning-matrices-split/glove.q4k.csv.16.1.vc.C 
OLE time: 1.5325
==== Ans-fold compression
Command: /home/louza/mm-repair/ans/encode.x /mnt/data/datasets/machine-learning-matrices-split/glove.q4k.csv.16.1.vc.C 
Ans-fold time: 2.2798
==== Integer vector .C compression
Command: /home/louza/mm-repair/sdsl/encode.x /mnt/data/datasets/machine-learning-matrices-split/glove.q4k.csv.16.2.vc.C 
==== Integer vector .R compression
Command: /home/louza/mm-repair/sdsl/encode.x /mnt/data/datasets/machine-learning-matrices-split/glove.q4k.csv.16.2.vc.R 
Integer vector compression time: 1.0854
==== OLE
Command: /home/louza/mm-repair/ole/encode.x /mnt/data/datasets/machine-learning-matrices-split/glove.q4k.csv.16.2.vc.C 
OLE time: 0.4423
==== Ans-fold compression
Command: /home/louza/mm-repair/ans/encode.x /mnt/data/datasets/machine-learning-matrices-split/glove.q4k.csv.16.2.vc.C 
Ans-fold time: 2.7517
==== Integer vector .C compression
Command: /home/louza/mm-repair/sdsl/encode.x /mnt/data/datasets/machine-learning-matrices-split/glove.q4k.csv.16.3.vc.C 
==== Integer vector .R compression
Command: /home/louza/mm-repair/sdsl/encode.x /mnt/data/datasets/machine-learning-matrices-split/glove.q4k.csv.16.3.vc.R 
Integer vector compression time: 0.8198
==== OLE
Command: /home/louza/mm-repair/ole/encode.x /mnt/data/datasets/machine-learning-matrices-split/glove.q4k.csv.16.3.vc.C 
OLE time: 1.1125
==== Ans-fold compression
Command: /home/louza/mm-repair/ans/encode.x /mnt/data/datasets/machine-learning-matrices-split/glove.q4k.csv.16.3.vc.C 
Ans-fold time: 3.5893
==== Integer vector .C compression
Command: /home/louza/mm-repair/sdsl/encode.x /mnt/data/datasets/machine-learning-matrices-split/glove.q4k.csv.16.4.vc.C 
==== Integer vector .R compression
Command: /home/louza/mm-repair/sdsl/encode.x /mnt/data/datasets/machine-learning-matrices-split/glove.q4k.csv.16.4.vc.R 
Integer vector compression time: 1.0149
==== OLE
Command: /home/louza/mm-repair/ole/encode.x /mnt/data/datasets/machine-learning-matrices-split/glove.q4k.csv.16.4.vc.C 
OLE time: 1.5763
==== Ans-fold compression
Command: /home/louza/mm-repair/ans/encode.x /mnt/data/datasets/machine-learning-matrices-split/glove.q4k.csv.16.4.vc.C 
Ans-fold time: 4.1795
==== Integer vector .C compression
Command: /home/louza/mm-repair/sdsl/encode.x /mnt/data/datasets/machine-learning-matrices-split/glove.q4k.csv.16.5.vc.C 
==== Integer vector .R compression
Command: /home/louza/mm-repair/sdsl/encode.x /mnt/data/datasets/machine-learning-matrices-split/glove.q4k.csv.16.5.vc.R 
Integer vector compression time: 0.9936
==== OLE
Command: /home/louza/mm-repair/ole/encode.x /mnt/data/datasets/machine-learning-matrices-split/glove.q4k.csv.16.5.vc.C 
OLE time: 0.9514
==== Ans-fold compression
Command: /home/louza/mm-repair/ans/encode.x /mnt/data/datasets/machine-learning-matrices-split/glove.q4k.csv.16.5.vc.C 
Ans-fold time: 4.6939
==== Integer vector .C compression
Command: /home/louza/mm-repair/sdsl/encode.x /mnt/data/datasets/machine-learning-matrices-split/glove.q4k.csv.16.6.vc.C 
==== Integer vector .R compression
Command: /home/louza/mm-repair/sdsl/encode.x /mnt/data/datasets/machine-learning-matrices-split/glove.q4k.csv.16.6.vc.R 
Integer vector compression time: 1.1049
==== OLE
Command: /home/louza/mm-repair/ole/encode.x /mnt/data/datasets/machine-learning-matrices-split/glove.q4k.csv.16.6.vc.C 
OLE time: 1.7084
==== Ans-fold compression
Command: /home/louza/mm-repair/ans/encode.x /mnt/data/datasets/machine-learning-matrices-split/glove.q4k.csv.16.6.vc.C 
Ans-fold time: 5.6052
==== Integer vector .C compression
Command: /home/louza/mm-repair/sdsl/encode.x /mnt/data/datasets/machine-learning-matrices-split/glove.q4k.csv.16.7.vc.C 
==== Integer vector .R compression
Command: /home/louza/mm-repair/sdsl/encode.x /mnt/data/datasets/machine-learning-matrices-split/glove.q4k.csv.16.7.vc.R 
Integer vector compression time: 0.9432
==== OLE
Command: /home/louza/mm-repair/ole/encode.x /mnt/data/datasets/machine-learning-matrices-split/glove.q4k.csv.16.7.vc.C 
OLE time: 1.2380
==== Ans-fold compression
Command: /home/louza/mm-repair/ans/encode.x /mnt/data/datasets/machine-learning-matrices-split/glove.q4k.csv.16.7.vc.C 
Ans-fold time: 6.4712
==== Integer vector .C compression
Command: /home/louza/mm-repair/sdsl/encode.x /mnt/data/datasets/machine-learning-matrices-split/glove.q4k.csv.16.8.vc.C 
==== Integer vector .R compression
Command: /home/louza/mm-repair/sdsl/encode.x /mnt/data/datasets/machine-learning-matrices-split/glove.q4k.csv.16.8.vc.R 
Integer vector compression time: 0.9203
==== OLE
Command: /home/louza/mm-repair/ole/encode.x /mnt/data/datasets/machine-learning-matrices-split/glove.q4k.csv.16.8.vc.C 
OLE time: 0.9301
==== Ans-fold compression
Command: /home/louza/mm-repair/ans/encode.x /mnt/data/datasets/machine-learning-matrices-split/glove.q4k.csv.16.8.vc.C 
Ans-fold time: 7.4953
==== Integer vector .C compression
Command: /home/louza/mm-repair/sdsl/encode.x /mnt/data/datasets/machine-learning-matrices-split/glove.q4k.csv.16.9.vc.C 
==== Integer vector .R compression
Command: /home/louza/mm-repair/sdsl/encode.x /mnt/data/datasets/machine-learning-matrices-split/glove.q4k.csv.16.9.vc.R 
Integer vector compression time: 0.9455
==== OLE
Command: /home/louza/mm-repair/ole/encode.x /mnt/data/datasets/machine-learning-matrices-split/glove.q4k.csv.16.9.vc.C 
OLE time: 0.9783
==== Ans-fold compression
Command: /home/louza/mm-repair/ans/encode.x /mnt/data/datasets/machine-learning-matrices-split/glove.q4k.csv.16.9.vc.C 
Ans-fold time: 8.0809
==== Integer vector .C compression
Command: /home/louza/mm-repair/sdsl/encode.x /mnt/data/datasets/machine-learning-matrices-split/glove.q4k.csv.16.10.vc.C 
==== Integer vector .R compression
Command: /home/louza/mm-repair/sdsl/encode.x /mnt/data/datasets/machine-learning-matrices-split/glove.q4k.csv.16.10.vc.R 
Integer vector compression time: 1.2838
==== OLE
Command: /home/louza/mm-repair/ole/encode.x /mnt/data/datasets/machine-learning-matrices-split/glove.q4k.csv.16.10.vc.C 
OLE time: 1.2200
==== Ans-fold compression
Command: /home/louza/mm-repair/ans/encode.x /mnt/data/datasets/machine-learning-matrices-split/glove.q4k.csv.16.10.vc.C 
Ans-fold time: 8.7808
==== Integer vector .C compression
Command: /home/louza/mm-repair/sdsl/encode.x /mnt/data/datasets/machine-learning-matrices-split/glove.q4k.csv.16.11.vc.C 
==== Integer vector .R compression
Command: /home/louza/mm-repair/sdsl/encode.x /mnt/data/datasets/machine-learning-matrices-split/glove.q4k.csv.16.11.vc.R 
Integer vector compression time: 1.4039
==== OLE
Command: /home/louza/mm-repair/ole/encode.x /mnt/data/datasets/machine-learning-matrices-split/glove.q4k.csv.16.11.vc.C 
OLE time: 1.5245
==== Ans-fold compression
Command: /home/louza/mm-repair/ans/encode.x /mnt/data/datasets/machine-learning-matrices-split/glove.q4k.csv.16.11.vc.C 
Ans-fold time: 9.4174
==== Integer vector .C compression
Command: /home/louza/mm-repair/sdsl/encode.x /mnt/data/datasets/machine-learning-matrices-split/glove.q4k.csv.16.12.vc.C 
==== Integer vector .R compression
Command: /home/louza/mm-repair/sdsl/encode.x /mnt/data/datasets/machine-learning-matrices-split/glove.q4k.csv.16.12.vc.R 
Integer vector compression time: 1.0895
==== OLE
Command: /home/louza/mm-repair/ole/encode.x /mnt/data/datasets/machine-learning-matrices-split/glove.q4k.csv.16.12.vc.C 
OLE time: 0.9576
==== Ans-fold compression
Command: /home/louza/mm-repair/ans/encode.x /mnt/data/datasets/machine-learning-matrices-split/glove.q4k.csv.16.12.vc.C 
Ans-fold time: 9.8949
==== Integer vector .C compression
Command: /home/louza/mm-repair/sdsl/encode.x /mnt/data/datasets/machine-learning-matrices-split/glove.q4k.csv.16.13.vc.C 
==== Integer vector .R compression
Command: /home/louza/mm-repair/sdsl/encode.x /mnt/data/datasets/machine-learning-matrices-split/glove.q4k.csv.16.13.vc.R 
Integer vector compression time: 0.5442
==== OLE
Command: /home/louza/mm-repair/ole/encode.x /mnt/data/datasets/machine-learning-matrices-split/glove.q4k.csv.16.13.vc.C 
OLE time: 0.5604
==== Ans-fold compression
Command: /home/louza/mm-repair/ans/encode.x /mnt/data/datasets/machine-learning-matrices-split/glove.q4k.csv.16.13.vc.C 
Ans-fold time: 10.3874
==== Integer vector .C compression
Command: /home/louza/mm-repair/sdsl/encode.x /mnt/data/datasets/machine-learning-matrices-split/glove.q4k.csv.16.14.vc.C 
==== Integer vector .R compression
Command: /home/louza/mm-repair/sdsl/encode.x /mnt/data/datasets/machine-learning-matrices-split/glove.q4k.csv.16.14.vc.R 
Integer vector compression time: 0.4890
==== OLE
Command: /home/louza/mm-repair/ole/encode.x /mnt/data/datasets/machine-learning-matrices-split/glove.q4k.csv.16.14.vc.C 
OLE time: 0.6358
==== Ans-fold compression
Command: /home/louza/mm-repair/ans/encode.x /mnt/data/datasets/machine-learning-matrices-split/glove.q4k.csv.16.14.vc.C 
Ans-fold time: 11.0835
==== Integer vector .C compression
Command: /home/louza/mm-repair/sdsl/encode.x /mnt/data/datasets/machine-learning-matrices-split/glove.q4k.csv.16.15.vc.C 
==== Integer vector .R compression
Command: /home/louza/mm-repair/sdsl/encode.x /mnt/data/datasets/machine-learning-matrices-split/glove.q4k.csv.16.15.vc.R 
Integer vector compression time: 0.9960
==== OLE
Command: /home/louza/mm-repair/ole/encode.x /mnt/data/datasets/machine-learning-matrices-split/glove.q4k.csv.16.15.vc.C 
OLE time: 1.1048
==== Ans-fold compression
Command: /home/louza/mm-repair/ans/encode.x /mnt/data/datasets/machine-learning-matrices-split/glove.q4k.csv.16.15.vc.C 
Ans-fold time: 12.1924
Command: /home/louza/mm-repair/ans/encode.x /mnt/data/datasets/machine-learning-matrices-split/glove.q4k.csv.wcode 
Elapsed time: 290.9917
==== Compression Report:
 >> matrix name: /mnt/data/datasets/machine-learning-matrices-split/glove.q4k.csv
 >> conversion time: 233.66
 >> repair time: 10.72
 >> integer vectors time: 1.00
 >> ansf time: 12.19
 >> total time: 290.99
 >> wcode: 2334536 bytes
 >> wcode_ans: 47562 bytes
 >> matrix log(alpha)xNumEntries size: 180000000 bytes
 >> matrix dense size: 960000000 bytes
 >> total number of nonzero: 120000000 (100.00%)
 >> number of distinct nonzero: 3294
 >> CRSV  size: 481626352 bytes  (50.17%)
 >> RE32  size: 483785548 bytes  (50.39%)
 >> REIV  size: 303251704 bytes  (31.59%)
 >> REANS size: 185300906 bytes  (19.30%)
==== Done

#### 2026-09-04 09:10:36
 Command line: ./mm-repair/matrepair -r -b 16 -p 16 /mnt/data/datasets/machine-learning-matrices-split/glove.q4k.csv 400000 300 --ole --split 
Setting memory for each repair instance to 29003 MBs
Sending logging messages to file: /mnt/data/datasets/machine-learning-matrices-split/glove.q4k.csv.log
==== Conversion bin/csv->csrv
Command: /home/louza/mm-repair/csvmat2csrv -b 16   /mnt/data/datasets/machine-learning-matrices-split/glove.q4k.csv -r 0  -s 400000 300
Conversion time: 459.7783
==== Repair paralell compression
---- Executing 16 parallel processes
---- Parallel processing completed
Repair time: 0.0583
==== Integer vector .C compression
Command: /home/louza/mm-repair/sdsl/encode.x /mnt/data/datasets/machine-learning-matrices-split/glove.q4k.csv.16.0.A.vc.C 
==== Integer vector .R compression
Command: /home/louza/mm-repair/sdsl/encode.x /mnt/data/datasets/machine-learning-matrices-split/glove.q4k.csv.16.0.A.vc.R 
Integer vector compression time: 0.0401
==== OLE
Command: /home/louza/mm-repair/ole/encode.x /mnt/data/datasets/machine-learning-matrices-split/glove.q4k.csv.16.0.A.vc.C 
Command: /home/louza/mm-repair/ole/encode.x /mnt/data/datasets/machine-learning-matrices-split/glove.q4k.csv.16.0.B.vc 
OLE time: 0.3656
==== Ans-fold compression
Command: /home/louza/mm-repair/ans/encode.x /mnt/data/datasets/machine-learning-matrices-split/glove.q4k.csv.16.0.A.vc.C 
Command: /home/louza/mm-repair/ans/encode.x /mnt/data/datasets/machine-learning-matrices-split/glove.q4k.csv.16.0.B.vc
Ans-fold time: 0.4435
==== Integer vector .C compression
Command: /home/louza/mm-repair/sdsl/encode.x /mnt/data/datasets/machine-learning-matrices-split/glove.q4k.csv.16.1.A.vc.C 
==== Integer vector .R compression
Command: /home/louza/mm-repair/sdsl/encode.x /mnt/data/datasets/machine-learning-matrices-split/glove.q4k.csv.16.1.A.vc.R 
Integer vector compression time: 0.0291
==== OLE
Command: /home/louza/mm-repair/ole/encode.x /mnt/data/datasets/machine-learning-matrices-split/glove.q4k.csv.16.1.A.vc.C 
Command: /home/louza/mm-repair/ole/encode.x /mnt/data/datasets/machine-learning-matrices-split/glove.q4k.csv.16.1.B.vc 
OLE time: 0.3221
==== Ans-fold compression
Command: /home/louza/mm-repair/ans/encode.x /mnt/data/datasets/machine-learning-matrices-split/glove.q4k.csv.16.1.A.vc.C 
Command: /home/louza/mm-repair/ans/encode.x /mnt/data/datasets/machine-learning-matrices-split/glove.q4k.csv.16.1.B.vc
Ans-fold time: 0.8020
==== Integer vector .C compression
Command: /home/louza/mm-repair/sdsl/encode.x /mnt/data/datasets/machine-learning-matrices-split/glove.q4k.csv.16.2.A.vc.C 
==== Integer vector .R compression
Command: /home/louza/mm-repair/sdsl/encode.x /mnt/data/datasets/machine-learning-matrices-split/glove.q4k.csv.16.2.A.vc.R 
Integer vector compression time: 0.0645
==== OLE
Command: /home/louza/mm-repair/ole/encode.x /mnt/data/datasets/machine-learning-matrices-split/glove.q4k.csv.16.2.A.vc.C 
Command: /home/louza/mm-repair/ole/encode.x /mnt/data/datasets/machine-learning-matrices-split/glove.q4k.csv.16.2.B.vc 
OLE time: 0.3710
==== Ans-fold compression
Command: /home/louza/mm-repair/ans/encode.x /mnt/data/datasets/machine-learning-matrices-split/glove.q4k.csv.16.2.A.vc.C 
Command: /home/louza/mm-repair/ans/encode.x /mnt/data/datasets/machine-learning-matrices-split/glove.q4k.csv.16.2.B.vc
Ans-fold time: 1.1858
==== Integer vector .C compression
Command: /home/louza/mm-repair/sdsl/encode.x /mnt/data/datasets/machine-learning-matrices-split/glove.q4k.csv.16.3.A.vc.C 
==== Integer vector .R compression
Command: /home/louza/mm-repair/sdsl/encode.x /mnt/data/datasets/machine-learning-matrices-split/glove.q4k.csv.16.3.A.vc.R 
Integer vector compression time: 0.0247
==== OLE
Command: /home/louza/mm-repair/ole/encode.x /mnt/data/datasets/machine-learning-matrices-split/glove.q4k.csv.16.3.A.vc.C 
Command: /home/louza/mm-repair/ole/encode.x /mnt/data/datasets/machine-learning-matrices-split/glove.q4k.csv.16.3.B.vc 
OLE time: 0.2497
==== Ans-fold compression
Command: /home/louza/mm-repair/ans/encode.x /mnt/data/datasets/machine-learning-matrices-split/glove.q4k.csv.16.3.A.vc.C 
Command: /home/louza/mm-repair/ans/encode.x /mnt/data/datasets/machine-learning-matrices-split/glove.q4k.csv.16.3.B.vc
Ans-fold time: 1.5292
==== Integer vector .C compression
Command: /home/louza/mm-repair/sdsl/encode.x /mnt/data/datasets/machine-learning-matrices-split/glove.q4k.csv.16.4.A.vc.C 
==== Integer vector .R compression
Command: /home/louza/mm-repair/sdsl/encode.x /mnt/data/datasets/machine-learning-matrices-split/glove.q4k.csv.16.4.A.vc.R 
Integer vector compression time: 0.0249
==== OLE
Command: /home/louza/mm-repair/ole/encode.x /mnt/data/datasets/machine-learning-matrices-split/glove.q4k.csv.16.4.A.vc.C 
Command: /home/louza/mm-repair/ole/encode.x /mnt/data/datasets/machine-learning-matrices-split/glove.q4k.csv.16.4.B.vc 
OLE time: 0.3486
==== Ans-fold compression
Command: /home/louza/mm-repair/ans/encode.x /mnt/data/datasets/machine-learning-matrices-split/glove.q4k.csv.16.4.A.vc.C 
Command: /home/louza/mm-repair/ans/encode.x /mnt/data/datasets/machine-learning-matrices-split/glove.q4k.csv.16.4.B.vc
Ans-fold time: 1.8906
==== Integer vector .C compression
Command: /home/louza/mm-repair/sdsl/encode.x /mnt/data/datasets/machine-learning-matrices-split/glove.q4k.csv.16.5.A.vc.C 
==== Integer vector .R compression
Command: /home/louza/mm-repair/sdsl/encode.x /mnt/data/datasets/machine-learning-matrices-split/glove.q4k.csv.16.5.A.vc.R 
Integer vector compression time: 0.0230
==== OLE
Command: /home/louza/mm-repair/ole/encode.x /mnt/data/datasets/machine-learning-matrices-split/glove.q4k.csv.16.5.A.vc.C 
Command: /home/louza/mm-repair/ole/encode.x /mnt/data/datasets/machine-learning-matrices-split/glove.q4k.csv.16.5.B.vc 
OLE time: 0.3321
==== Ans-fold compression
Command: /home/louza/mm-repair/ans/encode.x /mnt/data/datasets/machine-learning-matrices-split/glove.q4k.csv.16.5.A.vc.C 
Command: /home/louza/mm-repair/ans/encode.x /mnt/data/datasets/machine-learning-matrices-split/glove.q4k.csv.16.5.B.vc
Ans-fold time: 2.2645
==== Integer vector .C compression
Command: /home/louza/mm-repair/sdsl/encode.x /mnt/data/datasets/machine-learning-matrices-split/glove.q4k.csv.16.6.A.vc.C 
==== Integer vector .R compression
Command: /home/louza/mm-repair/sdsl/encode.x /mnt/data/datasets/machine-learning-matrices-split/glove.q4k.csv.16.6.A.vc.R 
Integer vector compression time: 0.0275
==== OLE
Command: /home/louza/mm-repair/ole/encode.x /mnt/data/datasets/machine-learning-matrices-split/glove.q4k.csv.16.6.A.vc.C 
Command: /home/louza/mm-repair/ole/encode.x /mnt/data/datasets/machine-learning-matrices-split/glove.q4k.csv.16.6.B.vc 
OLE time: 0.2716
==== Ans-fold compression
Command: /home/louza/mm-repair/ans/encode.x /mnt/data/datasets/machine-learning-matrices-split/glove.q4k.csv.16.6.A.vc.C 
Command: /home/louza/mm-repair/ans/encode.x /mnt/data/datasets/machine-learning-matrices-split/glove.q4k.csv.16.6.B.vc
Ans-fold time: 2.6202
==== Integer vector .C compression
Command: /home/louza/mm-repair/sdsl/encode.x /mnt/data/datasets/machine-learning-matrices-split/glove.q4k.csv.16.7.A.vc.C 
==== Integer vector .R compression
Command: /home/louza/mm-repair/sdsl/encode.x /mnt/data/datasets/machine-learning-matrices-split/glove.q4k.csv.16.7.A.vc.R 
Integer vector compression time: 0.0186
==== OLE
Command: /home/louza/mm-repair/ole/encode.x /mnt/data/datasets/machine-learning-matrices-split/glove.q4k.csv.16.7.A.vc.C 
Command: /home/louza/mm-repair/ole/encode.x /mnt/data/datasets/machine-learning-matrices-split/glove.q4k.csv.16.7.B.vc 
OLE time: 0.3650
==== Ans-fold compression
Command: /home/louza/mm-repair/ans/encode.x /mnt/data/datasets/machine-learning-matrices-split/glove.q4k.csv.16.7.A.vc.C 
Command: /home/louza/mm-repair/ans/encode.x /mnt/data/datasets/machine-learning-matrices-split/glove.q4k.csv.16.7.B.vc
Ans-fold time: 3.1752
==== Integer vector .C compression
Command: /home/louza/mm-repair/sdsl/encode.x /mnt/data/datasets/machine-learning-matrices-split/glove.q4k.csv.16.8.A.vc.C 
==== Integer vector .R compression
Command: /home/louza/mm-repair/sdsl/encode.x /mnt/data/datasets/machine-learning-matrices-split/glove.q4k.csv.16.8.A.vc.R 
Integer vector compression time: 0.0561
==== OLE
Command: /home/louza/mm-repair/ole/encode.x /mnt/data/datasets/machine-learning-matrices-split/glove.q4k.csv.16.8.A.vc.C 
Command: /home/louza/mm-repair/ole/encode.x /mnt/data/datasets/machine-learning-matrices-split/glove.q4k.csv.16.8.B.vc 
OLE time: 0.4337
==== Ans-fold compression
Command: /home/louza/mm-repair/ans/encode.x /mnt/data/datasets/machine-learning-matrices-split/glove.q4k.csv.16.8.A.vc.C 
Command: /home/louza/mm-repair/ans/encode.x /mnt/data/datasets/machine-learning-matrices-split/glove.q4k.csv.16.8.B.vc
Ans-fold time: 3.6862
==== Integer vector .C compression
Command: /home/louza/mm-repair/sdsl/encode.x /mnt/data/datasets/machine-learning-matrices-split/glove.q4k.csv.16.9.A.vc.C 
==== Integer vector .R compression
Command: /home/louza/mm-repair/sdsl/encode.x /mnt/data/datasets/machine-learning-matrices-split/glove.q4k.csv.16.9.A.vc.R 
Integer vector compression time: 0.0439
==== OLE
Command: /home/louza/mm-repair/ole/encode.x /mnt/data/datasets/machine-learning-matrices-split/glove.q4k.csv.16.9.A.vc.C 
Command: /home/louza/mm-repair/ole/encode.x /mnt/data/datasets/machine-learning-matrices-split/glove.q4k.csv.16.9.B.vc 
OLE time: 1.1036
==== Ans-fold compression
Command: /home/louza/mm-repair/ans/encode.x /mnt/data/datasets/machine-learning-matrices-split/glove.q4k.csv.16.9.A.vc.C 
Command: /home/louza/mm-repair/ans/encode.x /mnt/data/datasets/machine-learning-matrices-split/glove.q4k.csv.16.9.B.vc
Ans-fold time: 4.3896
==== Integer vector .C compression
Command: /home/louza/mm-repair/sdsl/encode.x /mnt/data/datasets/machine-learning-matrices-split/glove.q4k.csv.16.10.A.vc.C 
==== Integer vector .R compression
Command: /home/louza/mm-repair/sdsl/encode.x /mnt/data/datasets/machine-learning-matrices-split/glove.q4k.csv.16.10.A.vc.R 
Integer vector compression time: 0.0723
==== OLE
Command: /home/louza/mm-repair/ole/encode.x /mnt/data/datasets/machine-learning-matrices-split/glove.q4k.csv.16.10.A.vc.C 
Command: /home/louza/mm-repair/ole/encode.x /mnt/data/datasets/machine-learning-matrices-split/glove.q4k.csv.16.10.B.vc 
OLE time: 0.5141
==== Ans-fold compression
Command: /home/louza/mm-repair/ans/encode.x /mnt/data/datasets/machine-learning-matrices-split/glove.q4k.csv.16.10.A.vc.C 
Command: /home/louza/mm-repair/ans/encode.x /mnt/data/datasets/machine-learning-matrices-split/glove.q4k.csv.16.10.B.vc
Ans-fold time: 5.0099
==== Integer vector .C compression
Command: /home/louza/mm-repair/sdsl/encode.x /mnt/data/datasets/machine-learning-matrices-split/glove.q4k.csv.16.11.A.vc.C 
==== Integer vector .R compression
Command: /home/louza/mm-repair/sdsl/encode.x /mnt/data/datasets/machine-learning-matrices-split/glove.q4k.csv.16.11.A.vc.R 
Integer vector compression time: 0.0665
==== OLE
Command: /home/louza/mm-repair/ole/encode.x /mnt/data/datasets/machine-learning-matrices-split/glove.q4k.csv.16.11.A.vc.C 
Command: /home/louza/mm-repair/ole/encode.x /mnt/data/datasets/machine-learning-matrices-split/glove.q4k.csv.16.11.B.vc 
OLE time: 0.9799
==== Ans-fold compression
Command: /home/louza/mm-repair/ans/encode.x /mnt/data/datasets/machine-learning-matrices-split/glove.q4k.csv.16.11.A.vc.C 
Command: /home/louza/mm-repair/ans/encode.x /mnt/data/datasets/machine-learning-matrices-split/glove.q4k.csv.16.11.B.vc
Ans-fold time: 5.8193
==== Integer vector .C compression
Command: /home/louza/mm-repair/sdsl/encode.x /mnt/data/datasets/machine-learning-matrices-split/glove.q4k.csv.16.12.A.vc.C 
==== Integer vector .R compression
Command: /home/louza/mm-repair/sdsl/encode.x /mnt/data/datasets/machine-learning-matrices-split/glove.q4k.csv.16.12.A.vc.R 
Integer vector compression time: 0.0441
==== OLE
Command: /home/louza/mm-repair/ole/encode.x /mnt/data/datasets/machine-learning-matrices-split/glove.q4k.csv.16.12.A.vc.C 
Command: /home/louza/mm-repair/ole/encode.x /mnt/data/datasets/machine-learning-matrices-split/glove.q4k.csv.16.12.B.vc 
OLE time: 0.5725
==== Ans-fold compression
Command: /home/louza/mm-repair/ans/encode.x /mnt/data/datasets/machine-learning-matrices-split/glove.q4k.csv.16.12.A.vc.C 
Command: /home/louza/mm-repair/ans/encode.x /mnt/data/datasets/machine-learning-matrices-split/glove.q4k.csv.16.12.B.vc
Ans-fold time: 6.2755
==== Integer vector .C compression
Command: /home/louza/mm-repair/sdsl/encode.x /mnt/data/datasets/machine-learning-matrices-split/glove.q4k.csv.16.13.A.vc.C 
==== Integer vector .R compression
Command: /home/louza/mm-repair/sdsl/encode.x /mnt/data/datasets/machine-learning-matrices-split/glove.q4k.csv.16.13.A.vc.R 
Integer vector compression time: 0.0247
==== OLE
Command: /home/louza/mm-repair/ole/encode.x /mnt/data/datasets/machine-learning-matrices-split/glove.q4k.csv.16.13.A.vc.C 
Command: /home/louza/mm-repair/ole/encode.x /mnt/data/datasets/machine-learning-matrices-split/glove.q4k.csv.16.13.B.vc 
OLE time: 0.3481
==== Ans-fold compression
Command: /home/louza/mm-repair/ans/encode.x /mnt/data/datasets/machine-learning-matrices-split/glove.q4k.csv.16.13.A.vc.C 
Command: /home/louza/mm-repair/ans/encode.x /mnt/data/datasets/machine-learning-matrices-split/glove.q4k.csv.16.13.B.vc
Ans-fold time: 6.6793
==== Integer vector .C compression
Command: /home/louza/mm-repair/sdsl/encode.x /mnt/data/datasets/machine-learning-matrices-split/glove.q4k.csv.16.14.A.vc.C 
==== Integer vector .R compression
Command: /home/louza/mm-repair/sdsl/encode.x /mnt/data/datasets/machine-learning-matrices-split/glove.q4k.csv.16.14.A.vc.R 
Integer vector compression time: 0.0264
==== OLE
Command: /home/louza/mm-repair/ole/encode.x /mnt/data/datasets/machine-learning-matrices-split/glove.q4k.csv.16.14.A.vc.C 
Command: /home/louza/mm-repair/ole/encode.x /mnt/data/datasets/machine-learning-matrices-split/glove.q4k.csv.16.14.B.vc 
OLE time: 0.4462
==== Ans-fold compression
Command: /home/louza/mm-repair/ans/encode.x /mnt/data/datasets/machine-learning-matrices-split/glove.q4k.csv.16.14.A.vc.C 
Command: /home/louza/mm-repair/ans/encode.x /mnt/data/datasets/machine-learning-matrices-split/glove.q4k.csv.16.14.B.vc
Ans-fold time: 7.2789
==== Integer vector .C compression
Command: /home/louza/mm-repair/sdsl/encode.x /mnt/data/datasets/machine-learning-matrices-split/glove.q4k.csv.16.15.A.vc.C 
==== Integer vector .R compression
Command: /home/louza/mm-repair/sdsl/encode.x /mnt/data/datasets/machine-learning-matrices-split/glove.q4k.csv.16.15.A.vc.R 
Integer vector compression time: 0.0279
==== OLE
Command: /home/louza/mm-repair/ole/encode.x /mnt/data/datasets/machine-learning-matrices-split/glove.q4k.csv.16.15.A.vc.C 
Command: /home/louza/mm-repair/ole/encode.x /mnt/data/datasets/machine-learning-matrices-split/glove.q4k.csv.16.15.B.vc 
OLE time: 0.5380
==== Ans-fold compression
Command: /home/louza/mm-repair/ans/encode.x /mnt/data/datasets/machine-learning-matrices-split/glove.q4k.csv.16.15.A.vc.C 
Command: /home/louza/mm-repair/ans/encode.x /mnt/data/datasets/machine-learning-matrices-split/glove.q4k.csv.16.15.B.vc
Ans-fold time: 7.8696
Elapsed time: 475.9861
==== Compression Report:
 >> matrix name: /mnt/data/datasets/machine-learning-matrices-split/glove.q4k.csv
 >> conversion time: 459.78
 >> repair time: 0.06
 >> integer vectors time: 0.03
 >> ansf time: 7.87
 >> total time: 475.99
 >> matrix log(alpha)xNumEntries size: 180000000 bytes
 >> matrix dense size: 960000000 bytes
 >> total number of nonzero: 261382 (0.22%)
 >> number of distinct nonzero: 3294
 >> CRSV  size: 2671880 bytes  (0.28%)
 >> B	  size: 480554472 bytes  (50.06%)
 >> B_ans size: 179334218 bytes  (18.68%)
 >> RE32  size: 181830758 bytes  (18.94%)
 >> REIV  size: 180900650 bytes  (18.84%)
 >> REANS size: 179886664 bytes  (18.74%)
==== Done

#### 2026-09-04 09:18:32
 Command line: ./mm-repair/matrepair -r -b 16 -p 16 /mnt/data/datasets/machine-learning-matrices-split/glove.q4k.csv 400000 300 --mapping --split 
Setting memory for each repair instance to 29003 MBs
Sending logging messages to file: /mnt/data/datasets/machine-learning-matrices-split/glove.q4k.csv.log
==== Conversion bin/csv->csrv
Command: /home/louza/mm-repair/csvmat2csrv -b 16   /mnt/data/datasets/machine-learning-matrices-split/glove.q4k.csv -r 0 -m -s 400000 300
Conversion time: 562.3259
==== Repair paralell compression
---- Executing 16 parallel processes
---- Parallel processing completed
Repair time: 0.0833
==== Integer vector .C compression
Command: /home/louza/mm-repair/sdsl/encode.x /mnt/data/datasets/machine-learning-matrices-split/glove.q4k.csv.16.0.A.vc.C 
==== Integer vector .R compression
Command: /home/louza/mm-repair/sdsl/encode.x /mnt/data/datasets/machine-learning-matrices-split/glove.q4k.csv.16.0.A.vc.R 
Integer vector compression time: 0.0254
==== Ans-fold compression
Command: /home/louza/mm-repair/ans/encode.x /mnt/data/datasets/machine-learning-matrices-split/glove.q4k.csv.16.0.A.vc.C 
Command: /home/louza/mm-repair/ans/encode.x /mnt/data/datasets/machine-learning-matrices-split/glove.q4k.csv.16.0.B.vc
Ans-fold time: 0.6086
==== Integer vector .C compression
Command: /home/louza/mm-repair/sdsl/encode.x /mnt/data/datasets/machine-learning-matrices-split/glove.q4k.csv.16.1.A.vc.C 
==== Integer vector .R compression
Command: /home/louza/mm-repair/sdsl/encode.x /mnt/data/datasets/machine-learning-matrices-split/glove.q4k.csv.16.1.A.vc.R 
Integer vector compression time: 0.0544
==== Ans-fold compression
Command: /home/louza/mm-repair/ans/encode.x /mnt/data/datasets/machine-learning-matrices-split/glove.q4k.csv.16.1.A.vc.C 
Command: /home/louza/mm-repair/ans/encode.x /mnt/data/datasets/machine-learning-matrices-split/glove.q4k.csv.16.1.B.vc
Ans-fold time: 1.1588
==== Integer vector .C compression
Command: /home/louza/mm-repair/sdsl/encode.x /mnt/data/datasets/machine-learning-matrices-split/glove.q4k.csv.16.2.A.vc.C 
==== Integer vector .R compression
Command: /home/louza/mm-repair/sdsl/encode.x /mnt/data/datasets/machine-learning-matrices-split/glove.q4k.csv.16.2.A.vc.R 
Integer vector compression time: 0.0178
==== Ans-fold compression
Command: /home/louza/mm-repair/ans/encode.x /mnt/data/datasets/machine-learning-matrices-split/glove.q4k.csv.16.2.A.vc.C 
Command: /home/louza/mm-repair/ans/encode.x /mnt/data/datasets/machine-learning-matrices-split/glove.q4k.csv.16.2.B.vc
Ans-fold time: 1.5930
==== Integer vector .C compression
Command: /home/louza/mm-repair/sdsl/encode.x /mnt/data/datasets/machine-learning-matrices-split/glove.q4k.csv.16.3.A.vc.C 
==== Integer vector .R compression
Command: /home/louza/mm-repair/sdsl/encode.x /mnt/data/datasets/machine-learning-matrices-split/glove.q4k.csv.16.3.A.vc.R 
Integer vector compression time: 0.0187
==== Ans-fold compression
Command: /home/louza/mm-repair/ans/encode.x /mnt/data/datasets/machine-learning-matrices-split/glove.q4k.csv.16.3.A.vc.C 
Command: /home/louza/mm-repair/ans/encode.x /mnt/data/datasets/machine-learning-matrices-split/glove.q4k.csv.16.3.B.vc
Ans-fold time: 2.1632
==== Integer vector .C compression
Command: /home/louza/mm-repair/sdsl/encode.x /mnt/data/datasets/machine-learning-matrices-split/glove.q4k.csv.16.4.A.vc.C 
==== Integer vector .R compression
Command: /home/louza/mm-repair/sdsl/encode.x /mnt/data/datasets/machine-learning-matrices-split/glove.q4k.csv.16.4.A.vc.R 
Integer vector compression time: 0.0253
==== Ans-fold compression
Command: /home/louza/mm-repair/ans/encode.x /mnt/data/datasets/machine-learning-matrices-split/glove.q4k.csv.16.4.A.vc.C 
Command: /home/louza/mm-repair/ans/encode.x /mnt/data/datasets/machine-learning-matrices-split/glove.q4k.csv.16.4.B.vc
Ans-fold time: 2.6147
==== Integer vector .C compression
Command: /home/louza/mm-repair/sdsl/encode.x /mnt/data/datasets/machine-learning-matrices-split/glove.q4k.csv.16.5.A.vc.C 
==== Integer vector .R compression
Command: /home/louza/mm-repair/sdsl/encode.x /mnt/data/datasets/machine-learning-matrices-split/glove.q4k.csv.16.5.A.vc.R 
Integer vector compression time: 0.0193
==== Ans-fold compression
Command: /home/louza/mm-repair/ans/encode.x /mnt/data/datasets/machine-learning-matrices-split/glove.q4k.csv.16.5.A.vc.C 
Command: /home/louza/mm-repair/ans/encode.x /mnt/data/datasets/machine-learning-matrices-split/glove.q4k.csv.16.5.B.vc
Ans-fold time: 3.0471
==== Integer vector .C compression
Command: /home/louza/mm-repair/sdsl/encode.x /mnt/data/datasets/machine-learning-matrices-split/glove.q4k.csv.16.6.A.vc.C 
==== Integer vector .R compression
Command: /home/louza/mm-repair/sdsl/encode.x /mnt/data/datasets/machine-learning-matrices-split/glove.q4k.csv.16.6.A.vc.R 
Integer vector compression time: 0.0186
==== Ans-fold compression
Command: /home/louza/mm-repair/ans/encode.x /mnt/data/datasets/machine-learning-matrices-split/glove.q4k.csv.16.6.A.vc.C 
Command: /home/louza/mm-repair/ans/encode.x /mnt/data/datasets/machine-learning-matrices-split/glove.q4k.csv.16.6.B.vc
Ans-fold time: 3.5003
==== Integer vector .C compression
Command: /home/louza/mm-repair/sdsl/encode.x /mnt/data/datasets/machine-learning-matrices-split/glove.q4k.csv.16.7.A.vc.C 
==== Integer vector .R compression
Command: /home/louza/mm-repair/sdsl/encode.x /mnt/data/datasets/machine-learning-matrices-split/glove.q4k.csv.16.7.A.vc.R 
Integer vector compression time: 0.0186
==== Ans-fold compression
Command: /home/louza/mm-repair/ans/encode.x /mnt/data/datasets/machine-learning-matrices-split/glove.q4k.csv.16.7.A.vc.C 
Command: /home/louza/mm-repair/ans/encode.x /mnt/data/datasets/machine-learning-matrices-split/glove.q4k.csv.16.7.B.vc
Ans-fold time: 4.0090
==== Integer vector .C compression
Command: /home/louza/mm-repair/sdsl/encode.x /mnt/data/datasets/machine-learning-matrices-split/glove.q4k.csv.16.8.A.vc.C 
==== Integer vector .R compression
Command: /home/louza/mm-repair/sdsl/encode.x /mnt/data/datasets/machine-learning-matrices-split/glove.q4k.csv.16.8.A.vc.R 
Integer vector compression time: 0.0241
==== Ans-fold compression
Command: /home/louza/mm-repair/ans/encode.x /mnt/data/datasets/machine-learning-matrices-split/glove.q4k.csv.16.8.A.vc.C 
Command: /home/louza/mm-repair/ans/encode.x /mnt/data/datasets/machine-learning-matrices-split/glove.q4k.csv.16.8.B.vc
Ans-fold time: 4.4517
==== Integer vector .C compression
Command: /home/louza/mm-repair/sdsl/encode.x /mnt/data/datasets/machine-learning-matrices-split/glove.q4k.csv.16.9.A.vc.C 
==== Integer vector .R compression
Command: /home/louza/mm-repair/sdsl/encode.x /mnt/data/datasets/machine-learning-matrices-split/glove.q4k.csv.16.9.A.vc.R 
Integer vector compression time: 0.0189
==== Ans-fold compression
Command: /home/louza/mm-repair/ans/encode.x /mnt/data/datasets/machine-learning-matrices-split/glove.q4k.csv.16.9.A.vc.C 
Command: /home/louza/mm-repair/ans/encode.x /mnt/data/datasets/machine-learning-matrices-split/glove.q4k.csv.16.9.B.vc
Ans-fold time: 4.9701
==== Integer vector .C compression
Command: /home/louza/mm-repair/sdsl/encode.x /mnt/data/datasets/machine-learning-matrices-split/glove.q4k.csv.16.10.A.vc.C 
==== Integer vector .R compression
Command: /home/louza/mm-repair/sdsl/encode.x /mnt/data/datasets/machine-learning-matrices-split/glove.q4k.csv.16.10.A.vc.R 
Integer vector compression time: 0.0233
==== Ans-fold compression
Command: /home/louza/mm-repair/ans/encode.x /mnt/data/datasets/machine-learning-matrices-split/glove.q4k.csv.16.10.A.vc.C 
Command: /home/louza/mm-repair/ans/encode.x /mnt/data/datasets/machine-learning-matrices-split/glove.q4k.csv.16.10.B.vc
Ans-fold time: 5.4988
==== Integer vector .C compression
Command: /home/louza/mm-repair/sdsl/encode.x /mnt/data/datasets/machine-learning-matrices-split/glove.q4k.csv.16.11.A.vc.C 
==== Integer vector .R compression
Command: /home/louza/mm-repair/sdsl/encode.x /mnt/data/datasets/machine-learning-matrices-split/glove.q4k.csv.16.11.A.vc.R 
Integer vector compression time: 0.0445
==== Ans-fold compression
Command: /home/louza/mm-repair/ans/encode.x /mnt/data/datasets/machine-learning-matrices-split/glove.q4k.csv.16.11.A.vc.C 
Command: /home/louza/mm-repair/ans/encode.x /mnt/data/datasets/machine-learning-matrices-split/glove.q4k.csv.16.11.B.vc
Ans-fold time: 6.0242
==== Integer vector .C compression
Command: /home/louza/mm-repair/sdsl/encode.x /mnt/data/datasets/machine-learning-matrices-split/glove.q4k.csv.16.12.A.vc.C 
==== Integer vector .R compression
Command: /home/louza/mm-repair/sdsl/encode.x /mnt/data/datasets/machine-learning-matrices-split/glove.q4k.csv.16.12.A.vc.R 
Integer vector compression time: 0.0234
==== Ans-fold compression
Command: /home/louza/mm-repair/ans/encode.x /mnt/data/datasets/machine-learning-matrices-split/glove.q4k.csv.16.12.A.vc.C 
Command: /home/louza/mm-repair/ans/encode.x /mnt/data/datasets/machine-learning-matrices-split/glove.q4k.csv.16.12.B.vc
Ans-fold time: 6.4732
==== Integer vector .C compression
Command: /home/louza/mm-repair/sdsl/encode.x /mnt/data/datasets/machine-learning-matrices-split/glove.q4k.csv.16.13.A.vc.C 
==== Integer vector .R compression
Command: /home/louza/mm-repair/sdsl/encode.x /mnt/data/datasets/machine-learning-matrices-split/glove.q4k.csv.16.13.A.vc.R 
Integer vector compression time: 0.0193
==== Ans-fold compression
Command: /home/louza/mm-repair/ans/encode.x /mnt/data/datasets/machine-learning-matrices-split/glove.q4k.csv.16.13.A.vc.C 
Command: /home/louza/mm-repair/ans/encode.x /mnt/data/datasets/machine-learning-matrices-split/glove.q4k.csv.16.13.B.vc
Ans-fold time: 6.9239
==== Integer vector .C compression
Command: /home/louza/mm-repair/sdsl/encode.x /mnt/data/datasets/machine-learning-matrices-split/glove.q4k.csv.16.14.A.vc.C 
==== Integer vector .R compression
Command: /home/louza/mm-repair/sdsl/encode.x /mnt/data/datasets/machine-learning-matrices-split/glove.q4k.csv.16.14.A.vc.R 
Integer vector compression time: 0.0235
==== Ans-fold compression
Command: /home/louza/mm-repair/ans/encode.x /mnt/data/datasets/machine-learning-matrices-split/glove.q4k.csv.16.14.A.vc.C 
Command: /home/louza/mm-repair/ans/encode.x /mnt/data/datasets/machine-learning-matrices-split/glove.q4k.csv.16.14.B.vc
Ans-fold time: 7.3557
==== Integer vector .C compression
Command: /home/louza/mm-repair/sdsl/encode.x /mnt/data/datasets/machine-learning-matrices-split/glove.q4k.csv.16.15.A.vc.C 
==== Integer vector .R compression
Command: /home/louza/mm-repair/sdsl/encode.x /mnt/data/datasets/machine-learning-matrices-split/glove.q4k.csv.16.15.A.vc.R 
Integer vector compression time: 0.0189
==== Ans-fold compression
Command: /home/louza/mm-repair/ans/encode.x /mnt/data/datasets/machine-learning-matrices-split/glove.q4k.csv.16.15.A.vc.C 
Command: /home/louza/mm-repair/ans/encode.x /mnt/data/datasets/machine-learning-matrices-split/glove.q4k.csv.16.15.B.vc
Ans-fold time: 7.8009
Command: /home/louza/mm-repair/ans/encode.x /mnt/data/datasets/machine-learning-matrices-split/glove.q4k.csv.wcode 
Elapsed time: 570.6268
==== Compression Report:
 >> matrix name: /mnt/data/datasets/machine-learning-matrices-split/glove.q4k.csv
 >> conversion time: 562.33
 >> repair time: 0.08
 >> integer vectors time: 0.02
 >> ansf time: 7.80
 >> total time: 570.63
 >> wcode: 2334536 bytes
 >> wcode_ans: 47562 bytes
 >> matrix log(alpha)xNumEntries size: 180000000 bytes
 >> matrix dense size: 960000000 bytes
 >> total number of nonzero: 261382 (0.22%)
 >> number of distinct nonzero: 3294
 >> CRSV  size: 2671880 bytes  (0.28%)
 >> B	  size: 480554472 bytes  (50.06%)
 >> B_ans size: 275680182 bytes  (28.72%)
 >> RE32  size: 280511258 bytes  (29.22%)
 >> REIV  size: 279557590 bytes  (29.12%)
 >> REANS size: 276282961 bytes  (28.78%)
==== Done

#### 2026-09-04 09:28:03
 Command line: ./mm-repair/matrepair -r -b 16 -p 16 /mnt/data/datasets/machine-learning-matrices-split/glove.q4k.csv 400000 300 --ole --mapping --split 
Setting memory for each repair instance to 29003 MBs
Sending logging messages to file: /mnt/data/datasets/machine-learning-matrices-split/glove.q4k.csv.log
==== Conversion bin/csv->csrv
Command: /home/louza/mm-repair/csvmat2csrv -b 16   /mnt/data/datasets/machine-learning-matrices-split/glove.q4k.csv -r 0 -m -s 400000 300
Conversion time: 564.5854
==== Repair paralell compression
---- Executing 16 parallel processes
---- Parallel processing completed
Repair time: 0.0680
==== Integer vector .C compression
Command: /home/louza/mm-repair/sdsl/encode.x /mnt/data/datasets/machine-learning-matrices-split/glove.q4k.csv.16.0.A.vc.C 
==== Integer vector .R compression
Command: /home/louza/mm-repair/sdsl/encode.x /mnt/data/datasets/machine-learning-matrices-split/glove.q4k.csv.16.0.A.vc.R 
Integer vector compression time: 0.0339
==== OLE
Command: /home/louza/mm-repair/ole/encode.x /mnt/data/datasets/machine-learning-matrices-split/glove.q4k.csv.16.0.A.vc.C 
Command: /home/louza/mm-repair/ole/encode.x /mnt/data/datasets/machine-learning-matrices-split/glove.q4k.csv.16.0.B.vc 
OLE time: 0.6551
==== Ans-fold compression
Command: /home/louza/mm-repair/ans/encode.x /mnt/data/datasets/machine-learning-matrices-split/glove.q4k.csv.16.0.A.vc.C 
Command: /home/louza/mm-repair/ans/encode.x /mnt/data/datasets/machine-learning-matrices-split/glove.q4k.csv.16.0.B.vc
Ans-fold time: 0.3608
==== Integer vector .C compression
Command: /home/louza/mm-repair/sdsl/encode.x /mnt/data/datasets/machine-learning-matrices-split/glove.q4k.csv.16.1.A.vc.C 
==== Integer vector .R compression
Command: /home/louza/mm-repair/sdsl/encode.x /mnt/data/datasets/machine-learning-matrices-split/glove.q4k.csv.16.1.A.vc.R 
Integer vector compression time: 0.0237
==== OLE
Command: /home/louza/mm-repair/ole/encode.x /mnt/data/datasets/machine-learning-matrices-split/glove.q4k.csv.16.1.A.vc.C 
Command: /home/louza/mm-repair/ole/encode.x /mnt/data/datasets/machine-learning-matrices-split/glove.q4k.csv.16.1.B.vc 
OLE time: 0.2447
==== Ans-fold compression
Command: /home/louza/mm-repair/ans/encode.x /mnt/data/datasets/machine-learning-matrices-split/glove.q4k.csv.16.1.A.vc.C 
Command: /home/louza/mm-repair/ans/encode.x /mnt/data/datasets/machine-learning-matrices-split/glove.q4k.csv.16.1.B.vc
Ans-fold time: 0.7187
==== Integer vector .C compression
Command: /home/louza/mm-repair/sdsl/encode.x /mnt/data/datasets/machine-learning-matrices-split/glove.q4k.csv.16.2.A.vc.C 
==== Integer vector .R compression
Command: /home/louza/mm-repair/sdsl/encode.x /mnt/data/datasets/machine-learning-matrices-split/glove.q4k.csv.16.2.A.vc.R 
Integer vector compression time: 0.0353
==== OLE
Command: /home/louza/mm-repair/ole/encode.x /mnt/data/datasets/machine-learning-matrices-split/glove.q4k.csv.16.2.A.vc.C 
Command: /home/louza/mm-repair/ole/encode.x /mnt/data/datasets/machine-learning-matrices-split/glove.q4k.csv.16.2.B.vc 
OLE time: 0.3168
==== Ans-fold compression
Command: /home/louza/mm-repair/ans/encode.x /mnt/data/datasets/machine-learning-matrices-split/glove.q4k.csv.16.2.A.vc.C 
Command: /home/louza/mm-repair/ans/encode.x /mnt/data/datasets/machine-learning-matrices-split/glove.q4k.csv.16.2.B.vc
Ans-fold time: 1.0798
==== Integer vector .C compression
Command: /home/louza/mm-repair/sdsl/encode.x /mnt/data/datasets/machine-learning-matrices-split/glove.q4k.csv.16.3.A.vc.C 
==== Integer vector .R compression
Command: /home/louza/mm-repair/sdsl/encode.x /mnt/data/datasets/machine-learning-matrices-split/glove.q4k.csv.16.3.A.vc.R 
Integer vector compression time: 0.0242
==== OLE
Command: /home/louza/mm-repair/ole/encode.x /mnt/data/datasets/machine-learning-matrices-split/glove.q4k.csv.16.3.A.vc.C 
Command: /home/louza/mm-repair/ole/encode.x /mnt/data/datasets/machine-learning-matrices-split/glove.q4k.csv.16.3.B.vc 
OLE time: 0.2467
==== Ans-fold compression
Command: /home/louza/mm-repair/ans/encode.x /mnt/data/datasets/machine-learning-matrices-split/glove.q4k.csv.16.3.A.vc.C 
Command: /home/louza/mm-repair/ans/encode.x /mnt/data/datasets/machine-learning-matrices-split/glove.q4k.csv.16.3.B.vc
Ans-fold time: 1.5613
==== Integer vector .C compression
Command: /home/louza/mm-repair/sdsl/encode.x /mnt/data/datasets/machine-learning-matrices-split/glove.q4k.csv.16.4.A.vc.C 
==== Integer vector .R compression
Command: /home/louza/mm-repair/sdsl/encode.x /mnt/data/datasets/machine-learning-matrices-split/glove.q4k.csv.16.4.A.vc.R 
Integer vector compression time: 0.0303
==== OLE
Command: /home/louza/mm-repair/ole/encode.x /mnt/data/datasets/machine-learning-matrices-split/glove.q4k.csv.16.4.A.vc.C 
Command: /home/louza/mm-repair/ole/encode.x /mnt/data/datasets/machine-learning-matrices-split/glove.q4k.csv.16.4.B.vc 
OLE time: 0.6869
==== Ans-fold compression
Command: /home/louza/mm-repair/ans/encode.x /mnt/data/datasets/machine-learning-matrices-split/glove.q4k.csv.16.4.A.vc.C 
Command: /home/louza/mm-repair/ans/encode.x /mnt/data/datasets/machine-learning-matrices-split/glove.q4k.csv.16.4.B.vc
Ans-fold time: 2.0422
==== Integer vector .C compression
Command: /home/louza/mm-repair/sdsl/encode.x /mnt/data/datasets/machine-learning-matrices-split/glove.q4k.csv.16.5.A.vc.C 
==== Integer vector .R compression
Command: /home/louza/mm-repair/sdsl/encode.x /mnt/data/datasets/machine-learning-matrices-split/glove.q4k.csv.16.5.A.vc.R 
Integer vector compression time: 0.0693
==== OLE
Command: /home/louza/mm-repair/ole/encode.x /mnt/data/datasets/machine-learning-matrices-split/glove.q4k.csv.16.5.A.vc.C 
Command: /home/louza/mm-repair/ole/encode.x /mnt/data/datasets/machine-learning-matrices-split/glove.q4k.csv.16.5.B.vc 
OLE time: 0.5351
==== Ans-fold compression
Command: /home/louza/mm-repair/ans/encode.x /mnt/data/datasets/machine-learning-matrices-split/glove.q4k.csv.16.5.A.vc.C 
Command: /home/louza/mm-repair/ans/encode.x /mnt/data/datasets/machine-learning-matrices-split/glove.q4k.csv.16.5.B.vc
Ans-fold time: 2.7812
==== Integer vector .C compression
Command: /home/louza/mm-repair/sdsl/encode.x /mnt/data/datasets/machine-learning-matrices-split/glove.q4k.csv.16.6.A.vc.C 
==== Integer vector .R compression
Command: /home/louza/mm-repair/sdsl/encode.x /mnt/data/datasets/machine-learning-matrices-split/glove.q4k.csv.16.6.A.vc.R 
Integer vector compression time: 0.0717
==== OLE
Command: /home/louza/mm-repair/ole/encode.x /mnt/data/datasets/machine-learning-matrices-split/glove.q4k.csv.16.6.A.vc.C 
Command: /home/louza/mm-repair/ole/encode.x /mnt/data/datasets/machine-learning-matrices-split/glove.q4k.csv.16.6.B.vc 
OLE time: 0.6834
==== Ans-fold compression
Command: /home/louza/mm-repair/ans/encode.x /mnt/data/datasets/machine-learning-matrices-split/glove.q4k.csv.16.6.A.vc.C 
Command: /home/louza/mm-repair/ans/encode.x /mnt/data/datasets/machine-learning-matrices-split/glove.q4k.csv.16.6.B.vc
Ans-fold time: 3.7249
==== Integer vector .C compression
Command: /home/louza/mm-repair/sdsl/encode.x /mnt/data/datasets/machine-learning-matrices-split/glove.q4k.csv.16.7.A.vc.C 
==== Integer vector .R compression
Command: /home/louza/mm-repair/sdsl/encode.x /mnt/data/datasets/machine-learning-matrices-split/glove.q4k.csv.16.7.A.vc.R 
Integer vector compression time: 0.1392
==== OLE
Command: /home/louza/mm-repair/ole/encode.x /mnt/data/datasets/machine-learning-matrices-split/glove.q4k.csv.16.7.A.vc.C 
Command: /home/louza/mm-repair/ole/encode.x /mnt/data/datasets/machine-learning-matrices-split/glove.q4k.csv.16.7.B.vc 
OLE time: 0.8780
==== Ans-fold compression
Command: /home/louza/mm-repair/ans/encode.x /mnt/data/datasets/machine-learning-matrices-split/glove.q4k.csv.16.7.A.vc.C 
Command: /home/louza/mm-repair/ans/encode.x /mnt/data/datasets/machine-learning-matrices-split/glove.q4k.csv.16.7.B.vc
Ans-fold time: 4.5237
==== Integer vector .C compression
Command: /home/louza/mm-repair/sdsl/encode.x /mnt/data/datasets/machine-learning-matrices-split/glove.q4k.csv.16.8.A.vc.C 
==== Integer vector .R compression
Command: /home/louza/mm-repair/sdsl/encode.x /mnt/data/datasets/machine-learning-matrices-split/glove.q4k.csv.16.8.A.vc.R 
Integer vector compression time: 0.0694
==== OLE
Command: /home/louza/mm-repair/ole/encode.x /mnt/data/datasets/machine-learning-matrices-split/glove.q4k.csv.16.8.A.vc.C 
Command: /home/louza/mm-repair/ole/encode.x /mnt/data/datasets/machine-learning-matrices-split/glove.q4k.csv.16.8.B.vc 
OLE time: 0.4389
==== Ans-fold compression
Command: /home/louza/mm-repair/ans/encode.x /mnt/data/datasets/machine-learning-matrices-split/glove.q4k.csv.16.8.A.vc.C 
Command: /home/louza/mm-repair/ans/encode.x /mnt/data/datasets/machine-learning-matrices-split/glove.q4k.csv.16.8.B.vc
Ans-fold time: 5.0796
==== Integer vector .C compression
Command: /home/louza/mm-repair/sdsl/encode.x /mnt/data/datasets/machine-learning-matrices-split/glove.q4k.csv.16.9.A.vc.C 
==== Integer vector .R compression
Command: /home/louza/mm-repair/sdsl/encode.x /mnt/data/datasets/machine-learning-matrices-split/glove.q4k.csv.16.9.A.vc.R 
Integer vector compression time: 0.0587
==== OLE
Command: /home/louza/mm-repair/ole/encode.x /mnt/data/datasets/machine-learning-matrices-split/glove.q4k.csv.16.9.A.vc.C 
Command: /home/louza/mm-repair/ole/encode.x /mnt/data/datasets/machine-learning-matrices-split/glove.q4k.csv.16.9.B.vc 
OLE time: 0.6949
==== Ans-fold compression
Command: /home/louza/mm-repair/ans/encode.x /mnt/data/datasets/machine-learning-matrices-split/glove.q4k.csv.16.9.A.vc.C 
Command: /home/louza/mm-repair/ans/encode.x /mnt/data/datasets/machine-learning-matrices-split/glove.q4k.csv.16.9.B.vc
Ans-fold time: 5.5968
==== Integer vector .C compression
Command: /home/louza/mm-repair/sdsl/encode.x /mnt/data/datasets/machine-learning-matrices-split/glove.q4k.csv.16.10.A.vc.C 
==== Integer vector .R compression
Command: /home/louza/mm-repair/sdsl/encode.x /mnt/data/datasets/machine-learning-matrices-split/glove.q4k.csv.16.10.A.vc.R 
Integer vector compression time: 0.0732
==== OLE
Command: /home/louza/mm-repair/ole/encode.x /mnt/data/datasets/machine-learning-matrices-split/glove.q4k.csv.16.10.A.vc.C 
Command: /home/louza/mm-repair/ole/encode.x /mnt/data/datasets/machine-learning-matrices-split/glove.q4k.csv.16.10.B.vc 
OLE time: 0.5823
==== Ans-fold compression
Command: /home/louza/mm-repair/ans/encode.x /mnt/data/datasets/machine-learning-matrices-split/glove.q4k.csv.16.10.A.vc.C 
Command: /home/louza/mm-repair/ans/encode.x /mnt/data/datasets/machine-learning-matrices-split/glove.q4k.csv.16.10.B.vc
Ans-fold time: 6.0876
==== Integer vector .C compression
Command: /home/louza/mm-repair/sdsl/encode.x /mnt/data/datasets/machine-learning-matrices-split/glove.q4k.csv.16.11.A.vc.C 
==== Integer vector .R compression
Command: /home/louza/mm-repair/sdsl/encode.x /mnt/data/datasets/machine-learning-matrices-split/glove.q4k.csv.16.11.A.vc.R 
Integer vector compression time: 0.0267
==== OLE
Command: /home/louza/mm-repair/ole/encode.x /mnt/data/datasets/machine-learning-matrices-split/glove.q4k.csv.16.11.A.vc.C 
Command: /home/louza/mm-repair/ole/encode.x /mnt/data/datasets/machine-learning-matrices-split/glove.q4k.csv.16.11.B.vc 
OLE time: 0.2581
==== Ans-fold compression
Command: /home/louza/mm-repair/ans/encode.x /mnt/data/datasets/machine-learning-matrices-split/glove.q4k.csv.16.11.A.vc.C 
Command: /home/louza/mm-repair/ans/encode.x /mnt/data/datasets/machine-learning-matrices-split/glove.q4k.csv.16.11.B.vc
Ans-fold time: 6.5911
==== Integer vector .C compression
Command: /home/louza/mm-repair/sdsl/encode.x /mnt/data/datasets/machine-learning-matrices-split/glove.q4k.csv.16.12.A.vc.C 
==== Integer vector .R compression
Command: /home/louza/mm-repair/sdsl/encode.x /mnt/data/datasets/machine-learning-matrices-split/glove.q4k.csv.16.12.A.vc.R 
Integer vector compression time: 0.0638
==== OLE
Command: /home/louza/mm-repair/ole/encode.x /mnt/data/datasets/machine-learning-matrices-split/glove.q4k.csv.16.12.A.vc.C 
Command: /home/louza/mm-repair/ole/encode.x /mnt/data/datasets/machine-learning-matrices-split/glove.q4k.csv.16.12.B.vc 
OLE time: 0.6790
==== Ans-fold compression
Command: /home/louza/mm-repair/ans/encode.x /mnt/data/datasets/machine-learning-matrices-split/glove.q4k.csv.16.12.A.vc.C 
Command: /home/louza/mm-repair/ans/encode.x /mnt/data/datasets/machine-learning-matrices-split/glove.q4k.csv.16.12.B.vc
Ans-fold time: 6.8994
==== Integer vector .C compression
Command: /home/louza/mm-repair/sdsl/encode.x /mnt/data/datasets/machine-learning-matrices-split/glove.q4k.csv.16.13.A.vc.C 
==== Integer vector .R compression
Command: /home/louza/mm-repair/sdsl/encode.x /mnt/data/datasets/machine-learning-matrices-split/glove.q4k.csv.16.13.A.vc.R 
Integer vector compression time: 0.0192
==== OLE
Command: /home/louza/mm-repair/ole/encode.x /mnt/data/datasets/machine-learning-matrices-split/glove.q4k.csv.16.13.A.vc.C 
Command: /home/louza/mm-repair/ole/encode.x /mnt/data/datasets/machine-learning-matrices-split/glove.q4k.csv.16.13.B.vc 
OLE time: 0.2080
==== Ans-fold compression
Command: /home/louza/mm-repair/ans/encode.x /mnt/data/datasets/machine-learning-matrices-split/glove.q4k.csv.16.13.A.vc.C 
Command: /home/louza/mm-repair/ans/encode.x /mnt/data/datasets/machine-learning-matrices-split/glove.q4k.csv.16.13.B.vc
Ans-fold time: 7.2909
==== Integer vector .C compression
Command: /home/louza/mm-repair/sdsl/encode.x /mnt/data/datasets/machine-learning-matrices-split/glove.q4k.csv.16.14.A.vc.C 
==== Integer vector .R compression
Command: /home/louza/mm-repair/sdsl/encode.x /mnt/data/datasets/machine-learning-matrices-split/glove.q4k.csv.16.14.A.vc.R 
Integer vector compression time: 0.0241
==== OLE
Command: /home/louza/mm-repair/ole/encode.x /mnt/data/datasets/machine-learning-matrices-split/glove.q4k.csv.16.14.A.vc.C 
Command: /home/louza/mm-repair/ole/encode.x /mnt/data/datasets/machine-learning-matrices-split/glove.q4k.csv.16.14.B.vc 
OLE time: 0.2058
==== Ans-fold compression
Command: /home/louza/mm-repair/ans/encode.x /mnt/data/datasets/machine-learning-matrices-split/glove.q4k.csv.16.14.A.vc.C 
Command: /home/louza/mm-repair/ans/encode.x /mnt/data/datasets/machine-learning-matrices-split/glove.q4k.csv.16.14.B.vc
Ans-fold time: 7.5806
==== Integer vector .C compression
Command: /home/louza/mm-repair/sdsl/encode.x /mnt/data/datasets/machine-learning-matrices-split/glove.q4k.csv.16.15.A.vc.C 
==== Integer vector .R compression
Command: /home/louza/mm-repair/sdsl/encode.x /mnt/data/datasets/machine-learning-matrices-split/glove.q4k.csv.16.15.A.vc.R 
Integer vector compression time: 0.0193
==== OLE
Command: /home/louza/mm-repair/ole/encode.x /mnt/data/datasets/machine-learning-matrices-split/glove.q4k.csv.16.15.A.vc.C 
Command: /home/louza/mm-repair/ole/encode.x /mnt/data/datasets/machine-learning-matrices-split/glove.q4k.csv.16.15.B.vc 
OLE time: 0.2240
==== Ans-fold compression
Command: /home/louza/mm-repair/ans/encode.x /mnt/data/datasets/machine-learning-matrices-split/glove.q4k.csv.16.15.A.vc.C 
Command: /home/louza/mm-repair/ans/encode.x /mnt/data/datasets/machine-learning-matrices-split/glove.q4k.csv.16.15.B.vc
Ans-fold time: 7.8704
Command: /home/louza/mm-repair/ans/encode.x /mnt/data/datasets/machine-learning-matrices-split/glove.q4k.csv.wcode 
Elapsed time: 581.1129
==== Compression Report:
 >> matrix name: /mnt/data/datasets/machine-learning-matrices-split/glove.q4k.csv
 >> conversion time: 564.59
 >> repair time: 0.07
 >> integer vectors time: 0.02
 >> ansf time: 7.87
 >> total time: 581.11
 >> wcode: 2334536 bytes
 >> wcode_ans: 47562 bytes
 >> matrix log(alpha)xNumEntries size: 180000000 bytes
 >> matrix dense size: 960000000 bytes
 >> total number of nonzero: 261382 (0.22%)
 >> number of distinct nonzero: 3294
 >> CRSV  size: 2671880 bytes  (0.28%)
 >> B	  size: 480554472 bytes  (50.06%)
 >> B_ans size: 177625684 bytes  (18.50%)
 >> RE32  size: 182456760 bytes  (19.01%)
 >> REIV  size: 181503092 bytes  (18.91%)
 >> REANS size: 178222852 bytes  (18.56%)
==== Done
REANS -b 4

#### 2026-09-04 22:50:14
 Command line: ./mm-repair/matrepair -r -b 4 -p 4 /mnt/data/datasets/machine-learning-matrices-split/glove.q4k.csv 400000 300 
Setting memory for each repair instance to 116013 MBs
Sending logging messages to file: /mnt/data/datasets/machine-learning-matrices-split/glove.q4k.csv.log
==== Conversion bin/csv->csrv
Command: /home/louza/mm-repair/csvmat2csrv -b 4   /mnt/data/datasets/machine-learning-matrices-split/glove.q4k.csv -r 0   400000 300
Conversion time: 96.1308
==== Repair paralell compression
---- Executing 4 parallel processes
---- Parallel processing completed
Repair time: 23.5789
==== Integer vector .C compression
Command: /home/louza/mm-repair/sdsl/encode.x /mnt/data/datasets/machine-learning-matrices-split/glove.q4k.csv.4.0.vc.C 
==== Integer vector .R compression
Command: /home/louza/mm-repair/sdsl/encode.x /mnt/data/datasets/machine-learning-matrices-split/glove.q4k.csv.4.0.vc.R 
Integer vector compression time: 1.2799
==== Ans-fold compression
Command: /home/louza/mm-repair/ans/encode.x /mnt/data/datasets/machine-learning-matrices-split/glove.q4k.csv.4.0.vc.C 
Ans-fold time: 3.2274
==== Integer vector .C compression
Command: /home/louza/mm-repair/sdsl/encode.x /mnt/data/datasets/machine-learning-matrices-split/glove.q4k.csv.4.1.vc.C 
==== Integer vector .R compression
Command: /home/louza/mm-repair/sdsl/encode.x /mnt/data/datasets/machine-learning-matrices-split/glove.q4k.csv.4.1.vc.R 
Integer vector compression time: 1.0745
==== Ans-fold compression
Command: /home/louza/mm-repair/ans/encode.x /mnt/data/datasets/machine-learning-matrices-split/glove.q4k.csv.4.1.vc.C 
Ans-fold time: 6.9080
==== Integer vector .C compression
Command: /home/louza/mm-repair/sdsl/encode.x /mnt/data/datasets/machine-learning-matrices-split/glove.q4k.csv.4.2.vc.C 
==== Integer vector .R compression
Command: /home/louza/mm-repair/sdsl/encode.x /mnt/data/datasets/machine-learning-matrices-split/glove.q4k.csv.4.2.vc.R 
Integer vector compression time: 1.2237
==== Ans-fold compression
Command: /home/louza/mm-repair/ans/encode.x /mnt/data/datasets/machine-learning-matrices-split/glove.q4k.csv.4.2.vc.C 
Ans-fold time: 9.8908
==== Integer vector .C compression
Command: /home/louza/mm-repair/sdsl/encode.x /mnt/data/datasets/machine-learning-matrices-split/glove.q4k.csv.4.3.vc.C 
==== Integer vector .R compression
Command: /home/louza/mm-repair/sdsl/encode.x /mnt/data/datasets/machine-learning-matrices-split/glove.q4k.csv.4.3.vc.R 
Integer vector compression time: 1.0097
==== Ans-fold compression
Command: /home/louza/mm-repair/ans/encode.x /mnt/data/datasets/machine-learning-matrices-split/glove.q4k.csv.4.3.vc.C 
Ans-fold time: 12.3336
Elapsed time: 136.6315
==== Compression Report:
 >> matrix name: /mnt/data/datasets/machine-learning-matrices-split/glove.q4k.csv
 >> conversion time: 96.13
 >> repair time: 23.58
 >> integer vectors time: 1.01
 >> ansf time: 12.33
 >> total time: 136.63
 >> matrix log(alpha)xNumEntries size: 180000000 bytes
 >> matrix dense size: 960000000 bytes
 >> total number of nonzero: 120000000 (100.00%)
 >> number of distinct nonzero: 3294
 >> CRSV  size: 481626352 bytes  (50.17%)
 >> RE32  size: 479262128 bytes  (49.92%)
 >> REIV  size: 329501048 bytes  (34.32%)
 >> REANS size: 292863299 bytes  (30.51%)
==== Done

#### 2026-09-04 22:52:30
 Command line: ./mm-repair/matrepair -r -b 4 -p 4 /mnt/data/datasets/machine-learning-matrices-split/glove.q4k.csv 400000 300 --ole 
Setting memory for each repair instance to 116013 MBs
Sending logging messages to file: /mnt/data/datasets/machine-learning-matrices-split/glove.q4k.csv.log
==== Conversion bin/csv->csrv
Command: /home/louza/mm-repair/csvmat2csrv -b 4   /mnt/data/datasets/machine-learning-matrices-split/glove.q4k.csv -r 0   400000 300
Conversion time: 51.3031
==== Repair paralell compression
---- Executing 4 parallel processes
---- Parallel processing completed
Repair time: 45.0322
==== Integer vector .C compression
Command: /home/louza/mm-repair/sdsl/encode.x /mnt/data/datasets/machine-learning-matrices-split/glove.q4k.csv.4.0.vc.C 
==== Integer vector .R compression
Command: /home/louza/mm-repair/sdsl/encode.x /mnt/data/datasets/machine-learning-matrices-split/glove.q4k.csv.4.0.vc.R 
Integer vector compression time: 11.8583
==== OLE
Command: /home/louza/mm-repair/ole/encode.x /mnt/data/datasets/machine-learning-matrices-split/glove.q4k.csv.4.0.vc.C 
OLE time: 14.1142
==== Ans-fold compression
Command: /home/louza/mm-repair/ans/encode.x /mnt/data/datasets/machine-learning-matrices-split/glove.q4k.csv.4.0.vc.C 
Ans-fold time: 4.6657
==== Integer vector .C compression
Command: /home/louza/mm-repair/sdsl/encode.x /mnt/data/datasets/machine-learning-matrices-split/glove.q4k.csv.4.1.vc.C 
==== Integer vector .R compression
Command: /home/louza/mm-repair/sdsl/encode.x /mnt/data/datasets/machine-learning-matrices-split/glove.q4k.csv.4.1.vc.R 
Integer vector compression time: 13.6311
==== OLE
Command: /home/louza/mm-repair/ole/encode.x /mnt/data/datasets/machine-learning-matrices-split/glove.q4k.csv.4.1.vc.C 
OLE time: 13.1748
==== Ans-fold compression
Command: /home/louza/mm-repair/ans/encode.x /mnt/data/datasets/machine-learning-matrices-split/glove.q4k.csv.4.1.vc.C 
Ans-fold time: 10.7170
==== Integer vector .C compression
Command: /home/louza/mm-repair/sdsl/encode.x /mnt/data/datasets/machine-learning-matrices-split/glove.q4k.csv.4.2.vc.C 
==== Integer vector .R compression
Command: /home/louza/mm-repair/sdsl/encode.x /mnt/data/datasets/machine-learning-matrices-split/glove.q4k.csv.4.2.vc.R 
Integer vector compression time: 8.4376
==== OLE
Command: /home/louza/mm-repair/ole/encode.x /mnt/data/datasets/machine-learning-matrices-split/glove.q4k.csv.4.2.vc.C 
OLE time: 6.4884
==== Ans-fold compression
Command: /home/louza/mm-repair/ans/encode.x /mnt/data/datasets/machine-learning-matrices-split/glove.q4k.csv.4.2.vc.C 
Ans-fold time: 13.8436
==== Integer vector .C compression
Command: /home/louza/mm-repair/sdsl/encode.x /mnt/data/datasets/machine-learning-matrices-split/glove.q4k.csv.4.3.vc.C 
==== Integer vector .R compression
Command: /home/louza/mm-repair/sdsl/encode.x /mnt/data/datasets/machine-learning-matrices-split/glove.q4k.csv.4.3.vc.R 
Integer vector compression time: 3.1402
==== OLE
Command: /home/louza/mm-repair/ole/encode.x /mnt/data/datasets/machine-learning-matrices-split/glove.q4k.csv.4.3.vc.C 
OLE time: 4.2146
==== Ans-fold compression
Command: /home/louza/mm-repair/ans/encode.x /mnt/data/datasets/machine-learning-matrices-split/glove.q4k.csv.4.3.vc.C 
Ans-fold time: 16.8706
Elapsed time: 188.2658
==== Compression Report:
 >> matrix name: /mnt/data/datasets/machine-learning-matrices-split/glove.q4k.csv
 >> conversion time: 51.30
 >> repair time: 45.03
 >> integer vectors time: 3.14
 >> ansf time: 16.87
 >> total time: 188.27
 >> matrix log(alpha)xNumEntries size: 180000000 bytes
 >> matrix dense size: 960000000 bytes
 >> total number of nonzero: 120000000 (100.00%)
 >> number of distinct nonzero: 3294
 >> CRSV  size: 481626352 bytes  (50.17%)
 >> RE32  size: 479262128 bytes  (49.92%)
 >> REIV  size: 329501048 bytes  (34.32%)
 >> REANS size: 205660528 bytes  (21.42%)
==== Done

#### 2026-09-04 22:55:39
 Command line: ./mm-repair/matrepair -r -b 4 -p 4 /mnt/data/datasets/machine-learning-matrices-split/glove.q4k.csv 400000 300 --mapping 
Setting memory for each repair instance to 116013 MBs
Sending logging messages to file: /mnt/data/datasets/machine-learning-matrices-split/glove.q4k.csv.log
==== Conversion bin/csv->csrv
Command: /home/louza/mm-repair/csvmat2csrv -b 4   /mnt/data/datasets/machine-learning-matrices-split/glove.q4k.csv -r 0 -m  400000 300
Conversion time: 1464.0426
==== Repair paralell compression
---- Executing 4 parallel processes
---- Parallel processing completed
Repair time: 19.9220
==== Integer vector .C compression
Command: /home/louza/mm-repair/sdsl/encode.x /mnt/data/datasets/machine-learning-matrices-split/glove.q4k.csv.4.0.vc.C 
==== Integer vector .R compression
Command: /home/louza/mm-repair/sdsl/encode.x /mnt/data/datasets/machine-learning-matrices-split/glove.q4k.csv.4.0.vc.R 
Integer vector compression time: 2.3286
==== Ans-fold compression
Command: /home/louza/mm-repair/ans/encode.x /mnt/data/datasets/machine-learning-matrices-split/glove.q4k.csv.4.0.vc.C 
Ans-fold time: 3.7822
==== Integer vector .C compression
Command: /home/louza/mm-repair/sdsl/encode.x /mnt/data/datasets/machine-learning-matrices-split/glove.q4k.csv.4.1.vc.C 
==== Integer vector .R compression
Command: /home/louza/mm-repair/sdsl/encode.x /mnt/data/datasets/machine-learning-matrices-split/glove.q4k.csv.4.1.vc.R 
Integer vector compression time: 1.8141
==== Ans-fold compression
Command: /home/louza/mm-repair/ans/encode.x /mnt/data/datasets/machine-learning-matrices-split/glove.q4k.csv.4.1.vc.C 
Ans-fold time: 7.5865
==== Integer vector .C compression
Command: /home/louza/mm-repair/sdsl/encode.x /mnt/data/datasets/machine-learning-matrices-split/glove.q4k.csv.4.2.vc.C 
==== Integer vector .R compression
Command: /home/louza/mm-repair/sdsl/encode.x /mnt/data/datasets/machine-learning-matrices-split/glove.q4k.csv.4.2.vc.R 
Integer vector compression time: 2.5792
==== Ans-fold compression
Command: /home/louza/mm-repair/ans/encode.x /mnt/data/datasets/machine-learning-matrices-split/glove.q4k.csv.4.2.vc.C 
Ans-fold time: 15.5919
==== Integer vector .C compression
Command: /home/louza/mm-repair/sdsl/encode.x /mnt/data/datasets/machine-learning-matrices-split/glove.q4k.csv.4.3.vc.C 
==== Integer vector .R compression
Command: /home/louza/mm-repair/sdsl/encode.x /mnt/data/datasets/machine-learning-matrices-split/glove.q4k.csv.4.3.vc.R 
Integer vector compression time: 3.1762
==== Ans-fold compression
Command: /home/louza/mm-repair/ans/encode.x /mnt/data/datasets/machine-learning-matrices-split/glove.q4k.csv.4.3.vc.C 
Ans-fold time: 20.2993
Command: /home/louza/mm-repair/ans/encode.x /mnt/data/datasets/machine-learning-matrices-split/glove.q4k.csv.wcode 
Elapsed time: 1514.1975
==== Compression Report:
 >> matrix name: /mnt/data/datasets/machine-learning-matrices-split/glove.q4k.csv
 >> conversion time: 1464.04
 >> repair time: 19.92
 >> integer vectors time: 3.18
 >> ansf time: 20.30
 >> total time: 1514.20
 >> wcode: 2334536 bytes
 >> wcode_ans: 47562 bytes
 >> matrix log(alpha)xNumEntries size: 180000000 bytes
 >> matrix dense size: 960000000 bytes
 >> total number of nonzero: 120000000 (100.00%)
 >> number of distinct nonzero: 3294
 >> CRSV  size: 481626352 bytes  (50.17%)
 >> RE32  size: 481596664 bytes  (50.17%)
 >> REIV  size: 324335720 bytes  (33.78%)
 >> REANS size: 291243109 bytes  (30.34%)
==== Done

#### 2026-09-04 23:20:53
 Command line: ./mm-repair/matrepair -r -b 4 -p 4 /mnt/data/datasets/machine-learning-matrices-split/glove.q4k.csv 400000 300 --split 
Setting memory for each repair instance to 116013 MBs
Sending logging messages to file: /mnt/data/datasets/machine-learning-matrices-split/glove.q4k.csv.log
==== Conversion bin/csv->csrv
Command: /home/louza/mm-repair/csvmat2csrv -b 4   /mnt/data/datasets/machine-learning-matrices-split/glove.q4k.csv -r 0  -s 400000 300
Conversion time: 745.8416
==== Repair paralell compression
---- Executing 4 parallel processes
---- Parallel processing completed
Repair time: 0.9359
==== Integer vector .C compression
Command: /home/louza/mm-repair/sdsl/encode.x /mnt/data/datasets/machine-learning-matrices-split/glove.q4k.csv.4.0.A.vc.C 
==== Integer vector .R compression
Command: /home/louza/mm-repair/sdsl/encode.x /mnt/data/datasets/machine-learning-matrices-split/glove.q4k.csv.4.0.A.vc.R 
Integer vector compression time: 0.0536
==== Ans-fold compression
Command: /home/louza/mm-repair/ans/encode.x /mnt/data/datasets/machine-learning-matrices-split/glove.q4k.csv.4.0.A.vc.C 
Command: /home/louza/mm-repair/ans/encode.x /mnt/data/datasets/machine-learning-matrices-split/glove.q4k.csv.4.0.B.vc
Ans-fold time: 2.5163
==== Integer vector .C compression
Command: /home/louza/mm-repair/sdsl/encode.x /mnt/data/datasets/machine-learning-matrices-split/glove.q4k.csv.4.1.A.vc.C 
==== Integer vector .R compression
Command: /home/louza/mm-repair/sdsl/encode.x /mnt/data/datasets/machine-learning-matrices-split/glove.q4k.csv.4.1.A.vc.R 
Integer vector compression time: 0.0504
==== Ans-fold compression
Command: /home/louza/mm-repair/ans/encode.x /mnt/data/datasets/machine-learning-matrices-split/glove.q4k.csv.4.1.A.vc.C 
Command: /home/louza/mm-repair/ans/encode.x /mnt/data/datasets/machine-learning-matrices-split/glove.q4k.csv.4.1.B.vc
Ans-fold time: 4.8762
==== Integer vector .C compression
Command: /home/louza/mm-repair/sdsl/encode.x /mnt/data/datasets/machine-learning-matrices-split/glove.q4k.csv.4.2.A.vc.C 
==== Integer vector .R compression
Command: /home/louza/mm-repair/sdsl/encode.x /mnt/data/datasets/machine-learning-matrices-split/glove.q4k.csv.4.2.A.vc.R 
Integer vector compression time: 0.0559
==== Ans-fold compression
Command: /home/louza/mm-repair/ans/encode.x /mnt/data/datasets/machine-learning-matrices-split/glove.q4k.csv.4.2.A.vc.C 
Command: /home/louza/mm-repair/ans/encode.x /mnt/data/datasets/machine-learning-matrices-split/glove.q4k.csv.4.2.B.vc
Ans-fold time: 7.3076
==== Integer vector .C compression
Command: /home/louza/mm-repair/sdsl/encode.x /mnt/data/datasets/machine-learning-matrices-split/glove.q4k.csv.4.3.A.vc.C 
==== Integer vector .R compression
Command: /home/louza/mm-repair/sdsl/encode.x /mnt/data/datasets/machine-learning-matrices-split/glove.q4k.csv.4.3.A.vc.R 
Integer vector compression time: 0.0654
==== Ans-fold compression
Command: /home/louza/mm-repair/ans/encode.x /mnt/data/datasets/machine-learning-matrices-split/glove.q4k.csv.4.3.A.vc.C 
Command: /home/louza/mm-repair/ans/encode.x /mnt/data/datasets/machine-learning-matrices-split/glove.q4k.csv.4.3.B.vc
Ans-fold time: 9.0081
Elapsed time: 756.0114
==== Compression Report:
 >> matrix name: /mnt/data/datasets/machine-learning-matrices-split/glove.q4k.csv
 >> conversion time: 745.84
 >> repair time: 0.94
 >> integer vectors time: 0.07
 >> ansf time: 9.01
 >> total time: 756.01
 >> matrix log(alpha)xNumEntries size: 180000000 bytes
 >> matrix dense size: 960000000 bytes
 >> total number of nonzero: 3576972 (2.98%)
 >> number of distinct nonzero: 3294
 >> CRSV  size: 15934240 bytes  (1.66%)
 >> B	  size: 467292112 bytes  (48.68%)
 >> B_ans size: 269299891 bytes  (28.05%)
 >> RE32  size: 282869903 bytes  (29.47%)
 >> REIV  size: 277954523 bytes  (28.95%)
 >> REANS size: 276530810 bytes  (28.81%)
==== Done

#### 2026-09-04 23:33:29
 Command line: ./mm-repair/matrepair -r -b 4 -p 4 /mnt/data/datasets/machine-learning-matrices-split/glove.q4k.csv 400000 300 --ole --mapping 
Setting memory for each repair instance to 116013 MBs
Sending logging messages to file: /mnt/data/datasets/machine-learning-matrices-split/glove.q4k.csv.log
==== Conversion bin/csv->csrv
Command: /home/louza/mm-repair/csvmat2csrv -b 4   /mnt/data/datasets/machine-learning-matrices-split/glove.q4k.csv -r 0 -m  400000 300
Conversion time: 329.0742
==== Repair paralell compression
---- Executing 4 parallel processes
---- Parallel processing completed
Repair time: 22.0570
==== Integer vector .C compression
Command: /home/louza/mm-repair/sdsl/encode.x /mnt/data/datasets/machine-learning-matrices-split/glove.q4k.csv.4.0.vc.C 
==== Integer vector .R compression
Command: /home/louza/mm-repair/sdsl/encode.x /mnt/data/datasets/machine-learning-matrices-split/glove.q4k.csv.4.0.vc.R 
Integer vector compression time: 2.5814
==== OLE
Command: /home/louza/mm-repair/ole/encode.x /mnt/data/datasets/machine-learning-matrices-split/glove.q4k.csv.4.0.vc.C 
OLE time: 2.8901
==== Ans-fold compression
Command: /home/louza/mm-repair/ans/encode.x /mnt/data/datasets/machine-learning-matrices-split/glove.q4k.csv.4.0.vc.C 
Ans-fold time: 2.1703
==== Integer vector .C compression
Command: /home/louza/mm-repair/sdsl/encode.x /mnt/data/datasets/machine-learning-matrices-split/glove.q4k.csv.4.1.vc.C 
==== Integer vector .R compression
Command: /home/louza/mm-repair/sdsl/encode.x /mnt/data/datasets/machine-learning-matrices-split/glove.q4k.csv.4.1.vc.R 
Integer vector compression time: 1.6935
==== OLE
Command: /home/louza/mm-repair/ole/encode.x /mnt/data/datasets/machine-learning-matrices-split/glove.q4k.csv.4.1.vc.C 
OLE time: 1.6916
==== Ans-fold compression
Command: /home/louza/mm-repair/ans/encode.x /mnt/data/datasets/machine-learning-matrices-split/glove.q4k.csv.4.1.vc.C 
Ans-fold time: 3.6204
==== Integer vector .C compression
Command: /home/louza/mm-repair/sdsl/encode.x /mnt/data/datasets/machine-learning-matrices-split/glove.q4k.csv.4.2.vc.C 
==== Integer vector .R compression
Command: /home/louza/mm-repair/sdsl/encode.x /mnt/data/datasets/machine-learning-matrices-split/glove.q4k.csv.4.2.vc.R 
Integer vector compression time: 1.4617
==== OLE
Command: /home/louza/mm-repair/ole/encode.x /mnt/data/datasets/machine-learning-matrices-split/glove.q4k.csv.4.2.vc.C 
OLE time: 1.7407
==== Ans-fold compression
Command: /home/louza/mm-repair/ans/encode.x /mnt/data/datasets/machine-learning-matrices-split/glove.q4k.csv.4.2.vc.C 
Ans-fold time: 5.1300
==== Integer vector .C compression
Command: /home/louza/mm-repair/sdsl/encode.x /mnt/data/datasets/machine-learning-matrices-split/glove.q4k.csv.4.3.vc.C 
==== Integer vector .R compression
Command: /home/louza/mm-repair/sdsl/encode.x /mnt/data/datasets/machine-learning-matrices-split/glove.q4k.csv.4.3.vc.R 
Integer vector compression time: 1.5093
==== OLE
Command: /home/louza/mm-repair/ole/encode.x /mnt/data/datasets/machine-learning-matrices-split/glove.q4k.csv.4.3.vc.C 
OLE time: 1.7577
==== Ans-fold compression
Command: /home/louza/mm-repair/ans/encode.x /mnt/data/datasets/machine-learning-matrices-split/glove.q4k.csv.4.3.vc.C 
Ans-fold time: 6.9141
Command: /home/louza/mm-repair/ans/encode.x /mnt/data/datasets/machine-learning-matrices-split/glove.q4k.csv.wcode 
Elapsed time: 373.4039
==== Compression Report:
 >> matrix name: /mnt/data/datasets/machine-learning-matrices-split/glove.q4k.csv
 >> conversion time: 329.07
 >> repair time: 22.06
 >> integer vectors time: 1.51
 >> ansf time: 6.91
 >> total time: 373.40
 >> wcode: 2334536 bytes
 >> wcode_ans: 47562 bytes
 >> matrix log(alpha)xNumEntries size: 180000000 bytes
 >> matrix dense size: 960000000 bytes
 >> total number of nonzero: 120000000 (100.00%)
 >> number of distinct nonzero: 3294
 >> CRSV  size: 481626352 bytes  (50.17%)
 >> RE32  size: 481596664 bytes  (50.17%)
 >> REIV  size: 324335720 bytes  (33.78%)
 >> REANS size: 203540626 bytes  (21.20%)
==== Done

#### 2026-09-04 23:39:43
 Command line: ./mm-repair/matrepair -r -b 4 -p 4 /mnt/data/datasets/machine-learning-matrices-split/glove.q4k.csv 400000 300 --ole --split 
Setting memory for each repair instance to 116013 MBs
Sending logging messages to file: /mnt/data/datasets/machine-learning-matrices-split/glove.q4k.csv.log
==== Conversion bin/csv->csrv
Command: /home/louza/mm-repair/csvmat2csrv -b 4   /mnt/data/datasets/machine-learning-matrices-split/glove.q4k.csv -r 0  -s 400000 300
Conversion time: 672.2326
==== Repair paralell compression
---- Executing 4 parallel processes
---- Parallel processing completed
Repair time: 0.9126
==== Integer vector .C compression
Command: /home/louza/mm-repair/sdsl/encode.x /mnt/data/datasets/machine-learning-matrices-split/glove.q4k.csv.4.0.A.vc.C 
==== Integer vector .R compression
Command: /home/louza/mm-repair/sdsl/encode.x /mnt/data/datasets/machine-learning-matrices-split/glove.q4k.csv.4.0.A.vc.R 
Integer vector compression time: 0.0505
==== OLE
Command: /home/louza/mm-repair/ole/encode.x /mnt/data/datasets/machine-learning-matrices-split/glove.q4k.csv.4.0.A.vc.C 
Command: /home/louza/mm-repair/ole/encode.x /mnt/data/datasets/machine-learning-matrices-split/glove.q4k.csv.4.0.B.vc 
OLE time: 1.0617
==== Ans-fold compression
Command: /home/louza/mm-repair/ans/encode.x /mnt/data/datasets/machine-learning-matrices-split/glove.q4k.csv.4.0.A.vc.C 
Command: /home/louza/mm-repair/ans/encode.x /mnt/data/datasets/machine-learning-matrices-split/glove.q4k.csv.4.0.B.vc
Ans-fold time: 1.5275
==== Integer vector .C compression
Command: /home/louza/mm-repair/sdsl/encode.x /mnt/data/datasets/machine-learning-matrices-split/glove.q4k.csv.4.1.A.vc.C 
==== Integer vector .R compression
Command: /home/louza/mm-repair/sdsl/encode.x /mnt/data/datasets/machine-learning-matrices-split/glove.q4k.csv.4.1.A.vc.R 
Integer vector compression time: 0.0433
==== OLE
Command: /home/louza/mm-repair/ole/encode.x /mnt/data/datasets/machine-learning-matrices-split/glove.q4k.csv.4.1.A.vc.C 
Command: /home/louza/mm-repair/ole/encode.x /mnt/data/datasets/machine-learning-matrices-split/glove.q4k.csv.4.1.B.vc 
OLE time: 1.0387
==== Ans-fold compression
Command: /home/louza/mm-repair/ans/encode.x /mnt/data/datasets/machine-learning-matrices-split/glove.q4k.csv.4.1.A.vc.C 
Command: /home/louza/mm-repair/ans/encode.x /mnt/data/datasets/machine-learning-matrices-split/glove.q4k.csv.4.1.B.vc
Ans-fold time: 2.9886
==== Integer vector .C compression
Command: /home/louza/mm-repair/sdsl/encode.x /mnt/data/datasets/machine-learning-matrices-split/glove.q4k.csv.4.2.A.vc.C 
==== Integer vector .R compression
Command: /home/louza/mm-repair/sdsl/encode.x /mnt/data/datasets/machine-learning-matrices-split/glove.q4k.csv.4.2.A.vc.R 
Integer vector compression time: 0.0522
==== OLE
Command: /home/louza/mm-repair/ole/encode.x /mnt/data/datasets/machine-learning-matrices-split/glove.q4k.csv.4.2.A.vc.C 
Command: /home/louza/mm-repair/ole/encode.x /mnt/data/datasets/machine-learning-matrices-split/glove.q4k.csv.4.2.B.vc 
OLE time: 0.9788
==== Ans-fold compression
Command: /home/louza/mm-repair/ans/encode.x /mnt/data/datasets/machine-learning-matrices-split/glove.q4k.csv.4.2.A.vc.C 
Command: /home/louza/mm-repair/ans/encode.x /mnt/data/datasets/machine-learning-matrices-split/glove.q4k.csv.4.2.B.vc
Ans-fold time: 4.7298
==== Integer vector .C compression
Command: /home/louza/mm-repair/sdsl/encode.x /mnt/data/datasets/machine-learning-matrices-split/glove.q4k.csv.4.3.A.vc.C 
==== Integer vector .R compression
Command: /home/louza/mm-repair/sdsl/encode.x /mnt/data/datasets/machine-learning-matrices-split/glove.q4k.csv.4.3.A.vc.R 
Integer vector compression time: 0.0788
==== OLE
Command: /home/louza/mm-repair/ole/encode.x /mnt/data/datasets/machine-learning-matrices-split/glove.q4k.csv.4.3.A.vc.C 
Command: /home/louza/mm-repair/ole/encode.x /mnt/data/datasets/machine-learning-matrices-split/glove.q4k.csv.4.3.B.vc 
OLE time: 1.0341
==== Ans-fold compression
Command: /home/louza/mm-repair/ans/encode.x /mnt/data/datasets/machine-learning-matrices-split/glove.q4k.csv.4.3.A.vc.C 
Command: /home/louza/mm-repair/ans/encode.x /mnt/data/datasets/machine-learning-matrices-split/glove.q4k.csv.4.3.B.vc
Ans-fold time: 6.5151
Elapsed time: 684.0544
==== Compression Report:
 >> matrix name: /mnt/data/datasets/machine-learning-matrices-split/glove.q4k.csv
 >> conversion time: 672.23
 >> repair time: 0.91
 >> integer vectors time: 0.08
 >> ansf time: 6.52
 >> total time: 684.05
 >> matrix log(alpha)xNumEntries size: 180000000 bytes
 >> matrix dense size: 960000000 bytes
 >> total number of nonzero: 3576972 (2.98%)
 >> number of distinct nonzero: 3294
 >> CRSV  size: 15934240 bytes  (1.66%)
 >> B	  size: 467292112 bytes  (48.68%)
 >> B_ans size: 175109933 bytes  (18.24%)
 >> RE32  size: 188679945 bytes  (19.65%)
 >> REIV  size: 183764565 bytes  (19.14%)
 >> REANS size: 181800337 bytes  (18.94%)
==== Done

#### 2026-09-04 23:51:07
 Command line: ./mm-repair/matrepair -r -b 4 -p 4 /mnt/data/datasets/machine-learning-matrices-split/glove.q4k.csv 400000 300 --mapping --split 
Setting memory for each repair instance to 116013 MBs
Sending logging messages to file: /mnt/data/datasets/machine-learning-matrices-split/glove.q4k.csv.log
==== Conversion bin/csv->csrv
Command: /home/louza/mm-repair/csvmat2csrv -b 4   /mnt/data/datasets/machine-learning-matrices-split/glove.q4k.csv -r 0 -m -s 400000 300
Conversion time: 661.9656
==== Repair paralell compression
---- Executing 4 parallel processes
---- Parallel processing completed
Repair time: 1.1491
==== Integer vector .C compression
Command: /home/louza/mm-repair/sdsl/encode.x /mnt/data/datasets/machine-learning-matrices-split/glove.q4k.csv.4.0.A.vc.C 
==== Integer vector .R compression
Command: /home/louza/mm-repair/sdsl/encode.x /mnt/data/datasets/machine-learning-matrices-split/glove.q4k.csv.4.0.A.vc.R 
Integer vector compression time: 0.0968
==== Ans-fold compression
Command: /home/louza/mm-repair/ans/encode.x /mnt/data/datasets/machine-learning-matrices-split/glove.q4k.csv.4.0.A.vc.C 
Command: /home/louza/mm-repair/ans/encode.x /mnt/data/datasets/machine-learning-matrices-split/glove.q4k.csv.4.0.B.vc
Ans-fold time: 3.7622
==== Integer vector .C compression
Command: /home/louza/mm-repair/sdsl/encode.x /mnt/data/datasets/machine-learning-matrices-split/glove.q4k.csv.4.1.A.vc.C 
==== Integer vector .R compression
Command: /home/louza/mm-repair/sdsl/encode.x /mnt/data/datasets/machine-learning-matrices-split/glove.q4k.csv.4.1.A.vc.R 
Integer vector compression time: 0.1105
==== Ans-fold compression
Command: /home/louza/mm-repair/ans/encode.x /mnt/data/datasets/machine-learning-matrices-split/glove.q4k.csv.4.1.A.vc.C 
Command: /home/louza/mm-repair/ans/encode.x /mnt/data/datasets/machine-learning-matrices-split/glove.q4k.csv.4.1.B.vc
Ans-fold time: 7.3811
==== Integer vector .C compression
Command: /home/louza/mm-repair/sdsl/encode.x /mnt/data/datasets/machine-learning-matrices-split/glove.q4k.csv.4.2.A.vc.C 
==== Integer vector .R compression
Command: /home/louza/mm-repair/sdsl/encode.x /mnt/data/datasets/machine-learning-matrices-split/glove.q4k.csv.4.2.A.vc.R 
Integer vector compression time: 0.1039
==== Ans-fold compression
Command: /home/louza/mm-repair/ans/encode.x /mnt/data/datasets/machine-learning-matrices-split/glove.q4k.csv.4.2.A.vc.C 
Command: /home/louza/mm-repair/ans/encode.x /mnt/data/datasets/machine-learning-matrices-split/glove.q4k.csv.4.2.B.vc
Ans-fold time: 13.0208
==== Integer vector .C compression
Command: /home/louza/mm-repair/sdsl/encode.x /mnt/data/datasets/machine-learning-matrices-split/glove.q4k.csv.4.3.A.vc.C 
==== Integer vector .R compression
Command: /home/louza/mm-repair/sdsl/encode.x /mnt/data/datasets/machine-learning-matrices-split/glove.q4k.csv.4.3.A.vc.R 
Integer vector compression time: 0.3710
==== Ans-fold compression
Command: /home/louza/mm-repair/ans/encode.x /mnt/data/datasets/machine-learning-matrices-split/glove.q4k.csv.4.3.A.vc.C 
Command: /home/louza/mm-repair/ans/encode.x /mnt/data/datasets/machine-learning-matrices-split/glove.q4k.csv.4.3.B.vc
Ans-fold time: 17.5475
Command: /home/louza/mm-repair/ans/encode.x /mnt/data/datasets/machine-learning-matrices-split/glove.q4k.csv.wcode 
Elapsed time: 681.4208
==== Compression Report:
 >> matrix name: /mnt/data/datasets/machine-learning-matrices-split/glove.q4k.csv
 >> conversion time: 661.97
 >> repair time: 1.15
 >> integer vectors time: 0.37
 >> ansf time: 17.55
 >> total time: 681.42
 >> wcode: 2334536 bytes
 >> wcode_ans: 47562 bytes
 >> matrix log(alpha)xNumEntries size: 180000000 bytes
 >> matrix dense size: 960000000 bytes
 >> total number of nonzero: 3576972 (2.98%)
 >> number of distinct nonzero: 3294
 >> CRSV  size: 15934240 bytes  (1.66%)
 >> B	  size: 467292112 bytes  (48.68%)
 >> B_ans size: 268226684 bytes  (27.94%)
 >> RE32  size: 284131232 bytes  (29.60%)
 >> REIV  size: 279052468 bytes  (29.07%)
 >> REANS size: 275455694 bytes  (28.69%)
==== Done

#### 2026-09-05 00:02:28
 Command line: ./mm-repair/matrepair -r -b 4 -p 4 /mnt/data/datasets/machine-learning-matrices-split/glove.q4k.csv 400000 300 --ole --mapping --split 
Setting memory for each repair instance to 116013 MBs
Sending logging messages to file: /mnt/data/datasets/machine-learning-matrices-split/glove.q4k.csv.log
==== Conversion bin/csv->csrv
Command: /home/louza/mm-repair/csvmat2csrv -b 4   /mnt/data/datasets/machine-learning-matrices-split/glove.q4k.csv -r 0 -m -s 400000 300
Conversion time: 680.8960
==== Repair paralell compression
---- Executing 4 parallel processes
---- Parallel processing completed
Repair time: 0.7326
==== Integer vector .C compression
Command: /home/louza/mm-repair/sdsl/encode.x /mnt/data/datasets/machine-learning-matrices-split/glove.q4k.csv.4.0.A.vc.C 
==== Integer vector .R compression
Command: /home/louza/mm-repair/sdsl/encode.x /mnt/data/datasets/machine-learning-matrices-split/glove.q4k.csv.4.0.A.vc.R 
Integer vector compression time: 0.0487
==== OLE
Command: /home/louza/mm-repair/ole/encode.x /mnt/data/datasets/machine-learning-matrices-split/glove.q4k.csv.4.0.A.vc.C 
Command: /home/louza/mm-repair/ole/encode.x /mnt/data/datasets/machine-learning-matrices-split/glove.q4k.csv.4.0.B.vc 
OLE time: 1.7618
==== Ans-fold compression
Command: /home/louza/mm-repair/ans/encode.x /mnt/data/datasets/machine-learning-matrices-split/glove.q4k.csv.4.0.A.vc.C 
Command: /home/louza/mm-repair/ans/encode.x /mnt/data/datasets/machine-learning-matrices-split/glove.q4k.csv.4.0.B.vc
Ans-fold time: 1.6928
==== Integer vector .C compression
Command: /home/louza/mm-repair/sdsl/encode.x /mnt/data/datasets/machine-learning-matrices-split/glove.q4k.csv.4.1.A.vc.C 
==== Integer vector .R compression
Command: /home/louza/mm-repair/sdsl/encode.x /mnt/data/datasets/machine-learning-matrices-split/glove.q4k.csv.4.1.A.vc.R 
Integer vector compression time: 0.0530
==== OLE
Command: /home/louza/mm-repair/ole/encode.x /mnt/data/datasets/machine-learning-matrices-split/glove.q4k.csv.4.1.A.vc.C 
Command: /home/louza/mm-repair/ole/encode.x /mnt/data/datasets/machine-learning-matrices-split/glove.q4k.csv.4.1.B.vc 
OLE time: 1.4545
==== Ans-fold compression
Command: /home/louza/mm-repair/ans/encode.x /mnt/data/datasets/machine-learning-matrices-split/glove.q4k.csv.4.1.A.vc.C 
Command: /home/louza/mm-repair/ans/encode.x /mnt/data/datasets/machine-learning-matrices-split/glove.q4k.csv.4.1.B.vc
Ans-fold time: 3.2914
==== Integer vector .C compression
Command: /home/louza/mm-repair/sdsl/encode.x /mnt/data/datasets/machine-learning-matrices-split/glove.q4k.csv.4.2.A.vc.C 
==== Integer vector .R compression
Command: /home/louza/mm-repair/sdsl/encode.x /mnt/data/datasets/machine-learning-matrices-split/glove.q4k.csv.4.2.A.vc.R 
Integer vector compression time: 0.0589
==== OLE
Command: /home/louza/mm-repair/ole/encode.x /mnt/data/datasets/machine-learning-matrices-split/glove.q4k.csv.4.2.A.vc.C 
Command: /home/louza/mm-repair/ole/encode.x /mnt/data/datasets/machine-learning-matrices-split/glove.q4k.csv.4.2.B.vc 
OLE time: 1.2660
==== Ans-fold compression
Command: /home/louza/mm-repair/ans/encode.x /mnt/data/datasets/machine-learning-matrices-split/glove.q4k.csv.4.2.A.vc.C 
Command: /home/louza/mm-repair/ans/encode.x /mnt/data/datasets/machine-learning-matrices-split/glove.q4k.csv.4.2.B.vc
Ans-fold time: 4.9453
==== Integer vector .C compression
Command: /home/louza/mm-repair/sdsl/encode.x /mnt/data/datasets/machine-learning-matrices-split/glove.q4k.csv.4.3.A.vc.C 
==== Integer vector .R compression
Command: /home/louza/mm-repair/sdsl/encode.x /mnt/data/datasets/machine-learning-matrices-split/glove.q4k.csv.4.3.A.vc.R 
Integer vector compression time: 0.0795
==== OLE
Command: /home/louza/mm-repair/ole/encode.x /mnt/data/datasets/machine-learning-matrices-split/glove.q4k.csv.4.3.A.vc.C 
Command: /home/louza/mm-repair/ole/encode.x /mnt/data/datasets/machine-learning-matrices-split/glove.q4k.csv.4.3.B.vc 
OLE time: 1.2092
==== Ans-fold compression
Command: /home/louza/mm-repair/ans/encode.x /mnt/data/datasets/machine-learning-matrices-split/glove.q4k.csv.4.3.A.vc.C 
Command: /home/louza/mm-repair/ans/encode.x /mnt/data/datasets/machine-learning-matrices-split/glove.q4k.csv.4.3.B.vc
Ans-fold time: 7.4078
Command: /home/louza/mm-repair/ans/encode.x /mnt/data/datasets/machine-learning-matrices-split/glove.q4k.csv.wcode 
Elapsed time: 695.0684
==== Compression Report:
 >> matrix name: /mnt/data/datasets/machine-learning-matrices-split/glove.q4k.csv
 >> conversion time: 680.90
 >> repair time: 0.73
 >> integer vectors time: 0.08
 >> ansf time: 7.41
 >> total time: 695.07
 >> wcode: 2334536 bytes
 >> wcode_ans: 47562 bytes
 >> matrix log(alpha)xNumEntries size: 180000000 bytes
 >> matrix dense size: 960000000 bytes
 >> total number of nonzero: 3576972 (2.98%)
 >> number of distinct nonzero: 3294
 >> CRSV  size: 15934240 bytes  (1.66%)
 >> B	  size: 467292112 bytes  (48.68%)
 >> B_ans size: 173419182 bytes  (18.06%)
 >> RE32  size: 189323730 bytes  (19.72%)
 >> REIV  size: 184244966 bytes  (19.19%)
 >> REANS size: 180101624 bytes  (18.76%)
==== Done
REANS -b 8

#### 2026-09-05 13:56:06
 Command line: ./mm-repair/matrepair -r -b 8 -p 8 /mnt/data/datasets/machine-learning-matrices-split/glove.q4k.csv 400000 300 
Setting memory for each repair instance to 58006 MBs
Sending logging messages to file: /mnt/data/datasets/machine-learning-matrices-split/glove.q4k.csv.log
==== Conversion bin/csv->csrv
Command: /home/louza/mm-repair/csvmat2csrv -b 8   /mnt/data/datasets/machine-learning-matrices-split/glove.q4k.csv -r 0   400000 300
Conversion time: 20.4144
==== Repair paralell compression
---- Executing 8 parallel processes
---- Parallel processing completed
Repair time: 52.2227
==== Integer vector .C compression
Command: /home/louza/mm-repair/sdsl/encode.x /mnt/data/datasets/machine-learning-matrices-split/glove.q4k.csv.8.0.vc.C 
==== Integer vector .R compression
Command: /home/louza/mm-repair/sdsl/encode.x /mnt/data/datasets/machine-learning-matrices-split/glove.q4k.csv.8.0.vc.R 
Integer vector compression time: 0.7473
==== Ans-fold compression
Command: /home/louza/mm-repair/ans/encode.x /mnt/data/datasets/machine-learning-matrices-split/glove.q4k.csv.8.0.vc.C 
Ans-fold time: 5.0102
==== Integer vector .C compression
Command: /home/louza/mm-repair/sdsl/encode.x /mnt/data/datasets/machine-learning-matrices-split/glove.q4k.csv.8.1.vc.C 
==== Integer vector .R compression
Command: /home/louza/mm-repair/sdsl/encode.x /mnt/data/datasets/machine-learning-matrices-split/glove.q4k.csv.8.1.vc.R 
Integer vector compression time: 0.6532
==== Ans-fold compression
Command: /home/louza/mm-repair/ans/encode.x /mnt/data/datasets/machine-learning-matrices-split/glove.q4k.csv.8.1.vc.C 
Ans-fold time: 7.6788
==== Integer vector .C compression
Command: /home/louza/mm-repair/sdsl/encode.x /mnt/data/datasets/machine-learning-matrices-split/glove.q4k.csv.8.2.vc.C 
==== Integer vector .R compression
Command: /home/louza/mm-repair/sdsl/encode.x /mnt/data/datasets/machine-learning-matrices-split/glove.q4k.csv.8.2.vc.R 
Integer vector compression time: 0.6853
==== Ans-fold compression
Command: /home/louza/mm-repair/ans/encode.x /mnt/data/datasets/machine-learning-matrices-split/glove.q4k.csv.8.2.vc.C 
Ans-fold time: 8.9076
==== Integer vector .C compression
Command: /home/louza/mm-repair/sdsl/encode.x /mnt/data/datasets/machine-learning-matrices-split/glove.q4k.csv.8.3.vc.C 
==== Integer vector .R compression
Command: /home/louza/mm-repair/sdsl/encode.x /mnt/data/datasets/machine-learning-matrices-split/glove.q4k.csv.8.3.vc.R 
Integer vector compression time: 0.7400
==== Ans-fold compression
Command: /home/louza/mm-repair/ans/encode.x /mnt/data/datasets/machine-learning-matrices-split/glove.q4k.csv.8.3.vc.C 
Ans-fold time: 10.6799
==== Integer vector .C compression
Command: /home/louza/mm-repair/sdsl/encode.x /mnt/data/datasets/machine-learning-matrices-split/glove.q4k.csv.8.4.vc.C 
==== Integer vector .R compression
Command: /home/louza/mm-repair/sdsl/encode.x /mnt/data/datasets/machine-learning-matrices-split/glove.q4k.csv.8.4.vc.R 
Integer vector compression time: 0.9886
==== Ans-fold compression
Command: /home/louza/mm-repair/ans/encode.x /mnt/data/datasets/machine-learning-matrices-split/glove.q4k.csv.8.4.vc.C 
Ans-fold time: 15.3369
==== Integer vector .C compression
Command: /home/louza/mm-repair/sdsl/encode.x /mnt/data/datasets/machine-learning-matrices-split/glove.q4k.csv.8.5.vc.C 
==== Integer vector .R compression
Command: /home/louza/mm-repair/sdsl/encode.x /mnt/data/datasets/machine-learning-matrices-split/glove.q4k.csv.8.5.vc.R 
Integer vector compression time: 0.5838
==== Ans-fold compression
Command: /home/louza/mm-repair/ans/encode.x /mnt/data/datasets/machine-learning-matrices-split/glove.q4k.csv.8.5.vc.C 
Ans-fold time: 17.2538
==== Integer vector .C compression
Command: /home/louza/mm-repair/sdsl/encode.x /mnt/data/datasets/machine-learning-matrices-split/glove.q4k.csv.8.6.vc.C 
==== Integer vector .R compression
Command: /home/louza/mm-repair/sdsl/encode.x /mnt/data/datasets/machine-learning-matrices-split/glove.q4k.csv.8.6.vc.R 
Integer vector compression time: 0.6076
==== Ans-fold compression
Command: /home/louza/mm-repair/ans/encode.x /mnt/data/datasets/machine-learning-matrices-split/glove.q4k.csv.8.6.vc.C 
Ans-fold time: 19.1447
==== Integer vector .C compression
Command: /home/louza/mm-repair/sdsl/encode.x /mnt/data/datasets/machine-learning-matrices-split/glove.q4k.csv.8.7.vc.C 
==== Integer vector .R compression
Command: /home/louza/mm-repair/sdsl/encode.x /mnt/data/datasets/machine-learning-matrices-split/glove.q4k.csv.8.7.vc.R 
Integer vector compression time: 0.5706
==== Ans-fold compression
Command: /home/louza/mm-repair/ans/encode.x /mnt/data/datasets/machine-learning-matrices-split/glove.q4k.csv.8.7.vc.C 
Ans-fold time: 20.8724
Elapsed time: 99.0876
==== Compression Report:
 >> matrix name: /mnt/data/datasets/machine-learning-matrices-split/glove.q4k.csv
 >> conversion time: 20.41
 >> repair time: 52.22
 >> integer vectors time: 0.57
 >> ansf time: 20.87
 >> total time: 99.09
 >> matrix log(alpha)xNumEntries size: 180000000 bytes
 >> matrix dense size: 960000000 bytes
 >> total number of nonzero: 120000000 (100.00%)
 >> number of distinct nonzero: 3294
 >> CRSV  size: 481626352 bytes  (50.17%)
 >> RE32  size: 480962172 bytes  (50.10%)
 >> REIV  size: 315640688 bytes  (32.88%)
 >> REANS size: 285475640 bytes  (29.74%)
==== Done

#### 2026-09-05 13:57:45
 Command line: ./mm-repair/matrepair -r -b 8 -p 8 /mnt/data/datasets/machine-learning-matrices-split/glove.q4k.csv 400000 300 --ole 
Setting memory for each repair instance to 58006 MBs
Sending logging messages to file: /mnt/data/datasets/machine-learning-matrices-split/glove.q4k.csv.log
==== Conversion bin/csv->csrv
Command: /home/louza/mm-repair/csvmat2csrv -b 8   /mnt/data/datasets/machine-learning-matrices-split/glove.q4k.csv -r 0   400000 300
Conversion time: 38.8040
==== Repair paralell compression
---- Executing 8 parallel processes
---- Parallel processing completed
Repair time: 30.2616
==== Integer vector .C compression
Command: /home/louza/mm-repair/sdsl/encode.x /mnt/data/datasets/machine-learning-matrices-split/glove.q4k.csv.8.0.vc.C 
==== Integer vector .R compression
Command: /home/louza/mm-repair/sdsl/encode.x /mnt/data/datasets/machine-learning-matrices-split/glove.q4k.csv.8.0.vc.R 
Integer vector compression time: 1.4850
==== OLE
Command: /home/louza/mm-repair/ole/encode.x /mnt/data/datasets/machine-learning-matrices-split/glove.q4k.csv.8.0.vc.C 
OLE time: 1.5428
==== Ans-fold compression
Command: /home/louza/mm-repair/ans/encode.x /mnt/data/datasets/machine-learning-matrices-split/glove.q4k.csv.8.0.vc.C 
Ans-fold time: 1.8322
==== Integer vector .C compression
Command: /home/louza/mm-repair/sdsl/encode.x /mnt/data/datasets/machine-learning-matrices-split/glove.q4k.csv.8.1.vc.C 
==== Integer vector .R compression
Command: /home/louza/mm-repair/sdsl/encode.x /mnt/data/datasets/machine-learning-matrices-split/glove.q4k.csv.8.1.vc.R 
Integer vector compression time: 2.0295
==== OLE
Command: /home/louza/mm-repair/ole/encode.x /mnt/data/datasets/machine-learning-matrices-split/glove.q4k.csv.8.1.vc.C 
OLE time: 2.3108
==== Ans-fold compression
Command: /home/louza/mm-repair/ans/encode.x /mnt/data/datasets/machine-learning-matrices-split/glove.q4k.csv.8.1.vc.C 
Ans-fold time: 3.2627
==== Integer vector .C compression
Command: /home/louza/mm-repair/sdsl/encode.x /mnt/data/datasets/machine-learning-matrices-split/glove.q4k.csv.8.2.vc.C 
==== Integer vector .R compression
Command: /home/louza/mm-repair/sdsl/encode.x /mnt/data/datasets/machine-learning-matrices-split/glove.q4k.csv.8.2.vc.R 
Integer vector compression time: 2.0171
==== OLE
Command: /home/louza/mm-repair/ole/encode.x /mnt/data/datasets/machine-learning-matrices-split/glove.q4k.csv.8.2.vc.C 
OLE time: 3.1167
==== Ans-fold compression
Command: /home/louza/mm-repair/ans/encode.x /mnt/data/datasets/machine-learning-matrices-split/glove.q4k.csv.8.2.vc.C 
Ans-fold time: 4.7735
==== Integer vector .C compression
Command: /home/louza/mm-repair/sdsl/encode.x /mnt/data/datasets/machine-learning-matrices-split/glove.q4k.csv.8.3.vc.C 
==== Integer vector .R compression
Command: /home/louza/mm-repair/sdsl/encode.x /mnt/data/datasets/machine-learning-matrices-split/glove.q4k.csv.8.3.vc.R 
Integer vector compression time: 1.2790
==== OLE
Command: /home/louza/mm-repair/ole/encode.x /mnt/data/datasets/machine-learning-matrices-split/glove.q4k.csv.8.3.vc.C 
OLE time: 2.2548
==== Ans-fold compression
Command: /home/louza/mm-repair/ans/encode.x /mnt/data/datasets/machine-learning-matrices-split/glove.q4k.csv.8.3.vc.C 
Ans-fold time: 6.4910
==== Integer vector .C compression
Command: /home/louza/mm-repair/sdsl/encode.x /mnt/data/datasets/machine-learning-matrices-split/glove.q4k.csv.8.4.vc.C 
==== Integer vector .R compression
Command: /home/louza/mm-repair/sdsl/encode.x /mnt/data/datasets/machine-learning-matrices-split/glove.q4k.csv.8.4.vc.R 
Integer vector compression time: 1.3500
==== OLE
Command: /home/louza/mm-repair/ole/encode.x /mnt/data/datasets/machine-learning-matrices-split/glove.q4k.csv.8.4.vc.C 
OLE time: 2.8687
==== Ans-fold compression
Command: /home/louza/mm-repair/ans/encode.x /mnt/data/datasets/machine-learning-matrices-split/glove.q4k.csv.8.4.vc.C 
Ans-fold time: 8.7550
==== Integer vector .C compression
Command: /home/louza/mm-repair/sdsl/encode.x /mnt/data/datasets/machine-learning-matrices-split/glove.q4k.csv.8.5.vc.C 
==== Integer vector .R compression
Command: /home/louza/mm-repair/sdsl/encode.x /mnt/data/datasets/machine-learning-matrices-split/glove.q4k.csv.8.5.vc.R 
Integer vector compression time: 1.4559
==== OLE
Command: /home/louza/mm-repair/ole/encode.x /mnt/data/datasets/machine-learning-matrices-split/glove.q4k.csv.8.5.vc.C 
OLE time: 1.1149
==== Ans-fold compression
Command: /home/louza/mm-repair/ans/encode.x /mnt/data/datasets/machine-learning-matrices-split/glove.q4k.csv.8.5.vc.C 
Ans-fold time: 9.9066
==== Integer vector .C compression
Command: /home/louza/mm-repair/sdsl/encode.x /mnt/data/datasets/machine-learning-matrices-split/glove.q4k.csv.8.6.vc.C 
==== Integer vector .R compression
Command: /home/louza/mm-repair/sdsl/encode.x /mnt/data/datasets/machine-learning-matrices-split/glove.q4k.csv.8.6.vc.R 
Integer vector compression time: 1.0488
==== OLE
Command: /home/louza/mm-repair/ole/encode.x /mnt/data/datasets/machine-learning-matrices-split/glove.q4k.csv.8.6.vc.C 
OLE time: 1.0030
==== Ans-fold compression
Command: /home/louza/mm-repair/ans/encode.x /mnt/data/datasets/machine-learning-matrices-split/glove.q4k.csv.8.6.vc.C 
Ans-fold time: 11.7493
==== Integer vector .C compression
Command: /home/louza/mm-repair/sdsl/encode.x /mnt/data/datasets/machine-learning-matrices-split/glove.q4k.csv.8.7.vc.C 
==== Integer vector .R compression
Command: /home/louza/mm-repair/sdsl/encode.x /mnt/data/datasets/machine-learning-matrices-split/glove.q4k.csv.8.7.vc.R 
Integer vector compression time: 1.6850
==== OLE
Command: /home/louza/mm-repair/ole/encode.x /mnt/data/datasets/machine-learning-matrices-split/glove.q4k.csv.8.7.vc.C 
OLE time: 4.0496
==== Ans-fold compression
Command: /home/louza/mm-repair/ans/encode.x /mnt/data/datasets/machine-learning-matrices-split/glove.q4k.csv.8.7.vc.C 
Ans-fold time: 14.4067
Elapsed time: 114.0860
==== Compression Report:
 >> matrix name: /mnt/data/datasets/machine-learning-matrices-split/glove.q4k.csv
 >> conversion time: 38.80
 >> repair time: 30.26
 >> integer vectors time: 1.69
 >> ansf time: 14.41
 >> total time: 114.09
 >> matrix log(alpha)xNumEntries size: 180000000 bytes
 >> matrix dense size: 960000000 bytes
 >> total number of nonzero: 120000000 (100.00%)
 >> number of distinct nonzero: 3294
 >> CRSV  size: 481626352 bytes  (50.17%)
 >> RE32  size: 480962172 bytes  (50.10%)
 >> REIV  size: 315640688 bytes  (32.88%)
 >> REANS size: 193978826 bytes  (20.21%)
==== Done

#### 2026-09-05 13:59:39
 Command line: ./mm-repair/matrepair -r -b 8 -p 8 /mnt/data/datasets/machine-learning-matrices-split/glove.q4k.csv 400000 300 --mapping 
Setting memory for each repair instance to 58006 MBs
Sending logging messages to file: /mnt/data/datasets/machine-learning-matrices-split/glove.q4k.csv.log
==== Conversion bin/csv->csrv
Command: /home/louza/mm-repair/csvmat2csrv -b 8   /mnt/data/datasets/machine-learning-matrices-split/glove.q4k.csv -r 0 -m  400000 300
Conversion time: 364.2396
==== Repair paralell compression
---- Executing 8 parallel processes
---- Parallel processing completed
Repair time: 12.0935
==== Integer vector .C compression
Command: /home/louza/mm-repair/sdsl/encode.x /mnt/data/datasets/machine-learning-matrices-split/glove.q4k.csv.8.0.vc.C 
==== Integer vector .R compression
Command: /home/louza/mm-repair/sdsl/encode.x /mnt/data/datasets/machine-learning-matrices-split/glove.q4k.csv.8.0.vc.R 
Integer vector compression time: 1.3009
==== Ans-fold compression
Command: /home/louza/mm-repair/ans/encode.x /mnt/data/datasets/machine-learning-matrices-split/glove.q4k.csv.8.0.vc.C 
Ans-fold time: 2.8367
==== Integer vector .C compression
Command: /home/louza/mm-repair/sdsl/encode.x /mnt/data/datasets/machine-learning-matrices-split/glove.q4k.csv.8.1.vc.C 
==== Integer vector .R compression
Command: /home/louza/mm-repair/sdsl/encode.x /mnt/data/datasets/machine-learning-matrices-split/glove.q4k.csv.8.1.vc.R 
Integer vector compression time: 1.4113
==== Ans-fold compression
Command: /home/louza/mm-repair/ans/encode.x /mnt/data/datasets/machine-learning-matrices-split/glove.q4k.csv.8.1.vc.C 
Ans-fold time: 5.0593
==== Integer vector .C compression
Command: /home/louza/mm-repair/sdsl/encode.x /mnt/data/datasets/machine-learning-matrices-split/glove.q4k.csv.8.2.vc.C 
==== Integer vector .R compression
Command: /home/louza/mm-repair/sdsl/encode.x /mnt/data/datasets/machine-learning-matrices-split/glove.q4k.csv.8.2.vc.R 
Integer vector compression time: 1.7714
==== Ans-fold compression
Command: /home/louza/mm-repair/ans/encode.x /mnt/data/datasets/machine-learning-matrices-split/glove.q4k.csv.8.2.vc.C 
Ans-fold time: 7.4295
==== Integer vector .C compression
Command: /home/louza/mm-repair/sdsl/encode.x /mnt/data/datasets/machine-learning-matrices-split/glove.q4k.csv.8.3.vc.C 
==== Integer vector .R compression
Command: /home/louza/mm-repair/sdsl/encode.x /mnt/data/datasets/machine-learning-matrices-split/glove.q4k.csv.8.3.vc.R 
Integer vector compression time: 3.1187
==== Ans-fold compression
Command: /home/louza/mm-repair/ans/encode.x /mnt/data/datasets/machine-learning-matrices-split/glove.q4k.csv.8.3.vc.C 
Ans-fold time: 11.1468
==== Integer vector .C compression
Command: /home/louza/mm-repair/sdsl/encode.x /mnt/data/datasets/machine-learning-matrices-split/glove.q4k.csv.8.4.vc.C 
==== Integer vector .R compression
Command: /home/louza/mm-repair/sdsl/encode.x /mnt/data/datasets/machine-learning-matrices-split/glove.q4k.csv.8.4.vc.R 
Integer vector compression time: 1.6776
==== Ans-fold compression
Command: /home/louza/mm-repair/ans/encode.x /mnt/data/datasets/machine-learning-matrices-split/glove.q4k.csv.8.4.vc.C 
Ans-fold time: 13.4512
==== Integer vector .C compression
Command: /home/louza/mm-repair/sdsl/encode.x /mnt/data/datasets/machine-learning-matrices-split/glove.q4k.csv.8.5.vc.C 
==== Integer vector .R compression
Command: /home/louza/mm-repair/sdsl/encode.x /mnt/data/datasets/machine-learning-matrices-split/glove.q4k.csv.8.5.vc.R 
Integer vector compression time: 3.0646
==== Ans-fold compression
Command: /home/louza/mm-repair/ans/encode.x /mnt/data/datasets/machine-learning-matrices-split/glove.q4k.csv.8.5.vc.C 
Ans-fold time: 15.9469
==== Integer vector .C compression
Command: /home/louza/mm-repair/sdsl/encode.x /mnt/data/datasets/machine-learning-matrices-split/glove.q4k.csv.8.6.vc.C 
==== Integer vector .R compression
Command: /home/louza/mm-repair/sdsl/encode.x /mnt/data/datasets/machine-learning-matrices-split/glove.q4k.csv.8.6.vc.R 
Integer vector compression time: 1.3820
==== Ans-fold compression
Command: /home/louza/mm-repair/ans/encode.x /mnt/data/datasets/machine-learning-matrices-split/glove.q4k.csv.8.6.vc.C 
Ans-fold time: 19.1200
==== Integer vector .C compression
Command: /home/louza/mm-repair/sdsl/encode.x /mnt/data/datasets/machine-learning-matrices-split/glove.q4k.csv.8.7.vc.C 
==== Integer vector .R compression
Command: /home/louza/mm-repair/sdsl/encode.x /mnt/data/datasets/machine-learning-matrices-split/glove.q4k.csv.8.7.vc.R 
Integer vector compression time: 1.7917
==== Ans-fold compression
Command: /home/louza/mm-repair/ans/encode.x /mnt/data/datasets/machine-learning-matrices-split/glove.q4k.csv.8.7.vc.C 
Ans-fold time: 21.7875
Command: /home/louza/mm-repair/ans/encode.x /mnt/data/datasets/machine-learning-matrices-split/glove.q4k.csv.wcode 
Elapsed time: 413.6841
==== Compression Report:
 >> matrix name: /mnt/data/datasets/machine-learning-matrices-split/glove.q4k.csv
 >> conversion time: 364.24
 >> repair time: 12.09
 >> integer vectors time: 1.79
 >> ansf time: 21.79
 >> total time: 413.68
 >> wcode: 2334536 bytes
 >> wcode_ans: 47562 bytes
 >> matrix log(alpha)xNumEntries size: 180000000 bytes
 >> matrix dense size: 960000000 bytes
 >> total number of nonzero: 120000000 (100.00%)
 >> number of distinct nonzero: 3294
 >> CRSV  size: 481626352 bytes  (50.17%)
 >> RE32  size: 483296708 bytes  (50.34%)
 >> REIV  size: 308578160 bytes  (32.14%)
 >> REANS size: 283969167 bytes  (29.58%)
==== Done

#### 2026-09-05 14:06:33
 Command line: ./mm-repair/matrepair -r -b 8 -p 8 /mnt/data/datasets/machine-learning-matrices-split/glove.q4k.csv 400000 300 --split 
Setting memory for each repair instance to 58006 MBs
Sending logging messages to file: /mnt/data/datasets/machine-learning-matrices-split/glove.q4k.csv.log
==== Conversion bin/csv->csrv
Command: /home/louza/mm-repair/csvmat2csrv -b 8   /mnt/data/datasets/machine-learning-matrices-split/glove.q4k.csv -r 0  -s 400000 300
Conversion time: 648.5001
==== Repair paralell compression
---- Executing 8 parallel processes
---- Parallel processing completed
Repair time: 0.2557
==== Integer vector .C compression
Command: /home/louza/mm-repair/sdsl/encode.x /mnt/data/datasets/machine-learning-matrices-split/glove.q4k.csv.8.0.A.vc.C 
==== Integer vector .R compression
Command: /home/louza/mm-repair/sdsl/encode.x /mnt/data/datasets/machine-learning-matrices-split/glove.q4k.csv.8.0.A.vc.R 
Integer vector compression time: 0.0331
==== Ans-fold compression
Command: /home/louza/mm-repair/ans/encode.x /mnt/data/datasets/machine-learning-matrices-split/glove.q4k.csv.8.0.A.vc.C 
Command: /home/louza/mm-repair/ans/encode.x /mnt/data/datasets/machine-learning-matrices-split/glove.q4k.csv.8.0.B.vc
Ans-fold time: 1.3827
==== Integer vector .C compression
Command: /home/louza/mm-repair/sdsl/encode.x /mnt/data/datasets/machine-learning-matrices-split/glove.q4k.csv.8.1.A.vc.C 
==== Integer vector .R compression
Command: /home/louza/mm-repair/sdsl/encode.x /mnt/data/datasets/machine-learning-matrices-split/glove.q4k.csv.8.1.A.vc.R 
Integer vector compression time: 0.0311
==== Ans-fold compression
Command: /home/louza/mm-repair/ans/encode.x /mnt/data/datasets/machine-learning-matrices-split/glove.q4k.csv.8.1.A.vc.C 
Command: /home/louza/mm-repair/ans/encode.x /mnt/data/datasets/machine-learning-matrices-split/glove.q4k.csv.8.1.B.vc
Ans-fold time: 2.9529
==== Integer vector .C compression
Command: /home/louza/mm-repair/sdsl/encode.x /mnt/data/datasets/machine-learning-matrices-split/glove.q4k.csv.8.2.A.vc.C 
==== Integer vector .R compression
Command: /home/louza/mm-repair/sdsl/encode.x /mnt/data/datasets/machine-learning-matrices-split/glove.q4k.csv.8.2.A.vc.R 
Integer vector compression time: 0.0313
==== Ans-fold compression
Command: /home/louza/mm-repair/ans/encode.x /mnt/data/datasets/machine-learning-matrices-split/glove.q4k.csv.8.2.A.vc.C 
Command: /home/louza/mm-repair/ans/encode.x /mnt/data/datasets/machine-learning-matrices-split/glove.q4k.csv.8.2.B.vc
Ans-fold time: 4.4321
==== Integer vector .C compression
Command: /home/louza/mm-repair/sdsl/encode.x /mnt/data/datasets/machine-learning-matrices-split/glove.q4k.csv.8.3.A.vc.C 
==== Integer vector .R compression
Command: /home/louza/mm-repair/sdsl/encode.x /mnt/data/datasets/machine-learning-matrices-split/glove.q4k.csv.8.3.A.vc.R 
Integer vector compression time: 0.0327
==== Ans-fold compression
Command: /home/louza/mm-repair/ans/encode.x /mnt/data/datasets/machine-learning-matrices-split/glove.q4k.csv.8.3.A.vc.C 
Command: /home/louza/mm-repair/ans/encode.x /mnt/data/datasets/machine-learning-matrices-split/glove.q4k.csv.8.3.B.vc
Ans-fold time: 5.2916
==== Integer vector .C compression
Command: /home/louza/mm-repair/sdsl/encode.x /mnt/data/datasets/machine-learning-matrices-split/glove.q4k.csv.8.4.A.vc.C 
==== Integer vector .R compression
Command: /home/louza/mm-repair/sdsl/encode.x /mnt/data/datasets/machine-learning-matrices-split/glove.q4k.csv.8.4.A.vc.R 
Integer vector compression time: 0.0294
==== Ans-fold compression
Command: /home/louza/mm-repair/ans/encode.x /mnt/data/datasets/machine-learning-matrices-split/glove.q4k.csv.8.4.A.vc.C 
Command: /home/louza/mm-repair/ans/encode.x /mnt/data/datasets/machine-learning-matrices-split/glove.q4k.csv.8.4.B.vc
Ans-fold time: 6.2201
==== Integer vector .C compression
Command: /home/louza/mm-repair/sdsl/encode.x /mnt/data/datasets/machine-learning-matrices-split/glove.q4k.csv.8.5.A.vc.C 
==== Integer vector .R compression
Command: /home/louza/mm-repair/sdsl/encode.x /mnt/data/datasets/machine-learning-matrices-split/glove.q4k.csv.8.5.A.vc.R 
Integer vector compression time: 0.0315
==== Ans-fold compression
Command: /home/louza/mm-repair/ans/encode.x /mnt/data/datasets/machine-learning-matrices-split/glove.q4k.csv.8.5.A.vc.C 
Command: /home/louza/mm-repair/ans/encode.x /mnt/data/datasets/machine-learning-matrices-split/glove.q4k.csv.8.5.B.vc
Ans-fold time: 7.1529
==== Integer vector .C compression
Command: /home/louza/mm-repair/sdsl/encode.x /mnt/data/datasets/machine-learning-matrices-split/glove.q4k.csv.8.6.A.vc.C 
==== Integer vector .R compression
Command: /home/louza/mm-repair/sdsl/encode.x /mnt/data/datasets/machine-learning-matrices-split/glove.q4k.csv.8.6.A.vc.R 
Integer vector compression time: 0.0380
==== Ans-fold compression
Command: /home/louza/mm-repair/ans/encode.x /mnt/data/datasets/machine-learning-matrices-split/glove.q4k.csv.8.6.A.vc.C 
Command: /home/louza/mm-repair/ans/encode.x /mnt/data/datasets/machine-learning-matrices-split/glove.q4k.csv.8.6.B.vc
Ans-fold time: 8.0650
==== Integer vector .C compression
Command: /home/louza/mm-repair/sdsl/encode.x /mnt/data/datasets/machine-learning-matrices-split/glove.q4k.csv.8.7.A.vc.C 
==== Integer vector .R compression
Command: /home/louza/mm-repair/sdsl/encode.x /mnt/data/datasets/machine-learning-matrices-split/glove.q4k.csv.8.7.A.vc.R 
Integer vector compression time: 0.0309
==== Ans-fold compression
Command: /home/louza/mm-repair/ans/encode.x /mnt/data/datasets/machine-learning-matrices-split/glove.q4k.csv.8.7.A.vc.C 
Command: /home/louza/mm-repair/ans/encode.x /mnt/data/datasets/machine-learning-matrices-split/glove.q4k.csv.8.7.B.vc
Ans-fold time: 8.9859
Elapsed time: 658.0005
==== Compression Report:
 >> matrix name: /mnt/data/datasets/machine-learning-matrices-split/glove.q4k.csv
 >> conversion time: 648.50
 >> repair time: 0.26
 >> integer vectors time: 0.03
 >> ansf time: 8.99
 >> total time: 658.00
 >> matrix log(alpha)xNumEntries size: 180000000 bytes
 >> matrix dense size: 960000000 bytes
 >> total number of nonzero: 990115 (0.83%)
 >> number of distinct nonzero: 3294
 >> CRSV  size: 5586812 bytes  (0.58%)
 >> B	  size: 477639540 bytes  (49.75%)
 >> B_ans size: 275123741 bytes  (28.66%)
 >> RE32  size: 280046373 bytes  (29.17%)
 >> REIV  size: 278210469 bytes  (28.98%)
 >> REANS size: 277089842 bytes  (28.86%)
==== Done

#### 2026-09-05 14:17:31
 Command line: ./mm-repair/matrepair -r -b 8 -p 8 /mnt/data/datasets/machine-learning-matrices-split/glove.q4k.csv 400000 300 --ole --mapping 
Setting memory for each repair instance to 58006 MBs
Sending logging messages to file: /mnt/data/datasets/machine-learning-matrices-split/glove.q4k.csv.log
==== Conversion bin/csv->csrv
Command: /home/louza/mm-repair/csvmat2csrv -b 8   /mnt/data/datasets/machine-learning-matrices-split/glove.q4k.csv -r 0 -m  400000 300
Conversion time: 242.3646
==== Repair paralell compression
---- Executing 8 parallel processes
---- Parallel processing completed
Repair time: 14.9712
==== Integer vector .C compression
Command: /home/louza/mm-repair/sdsl/encode.x /mnt/data/datasets/machine-learning-matrices-split/glove.q4k.csv.8.0.vc.C 
==== Integer vector .R compression
Command: /home/louza/mm-repair/sdsl/encode.x /mnt/data/datasets/machine-learning-matrices-split/glove.q4k.csv.8.0.vc.R 
Integer vector compression time: 1.4400
==== OLE
Command: /home/louza/mm-repair/ole/encode.x /mnt/data/datasets/machine-learning-matrices-split/glove.q4k.csv.8.0.vc.C 
OLE time: 1.9391
==== Ans-fold compression
Command: /home/louza/mm-repair/ans/encode.x /mnt/data/datasets/machine-learning-matrices-split/glove.q4k.csv.8.0.vc.C 
Ans-fold time: 1.2032
==== Integer vector .C compression
Command: /home/louza/mm-repair/sdsl/encode.x /mnt/data/datasets/machine-learning-matrices-split/glove.q4k.csv.8.1.vc.C 
==== Integer vector .R compression
Command: /home/louza/mm-repair/sdsl/encode.x /mnt/data/datasets/machine-learning-matrices-split/glove.q4k.csv.8.1.vc.R 
Integer vector compression time: 2.1421
==== OLE
Command: /home/louza/mm-repair/ole/encode.x /mnt/data/datasets/machine-learning-matrices-split/glove.q4k.csv.8.1.vc.C 
OLE time: 1.8385
==== Ans-fold compression
Command: /home/louza/mm-repair/ans/encode.x /mnt/data/datasets/machine-learning-matrices-split/glove.q4k.csv.8.1.vc.C 
Ans-fold time: 2.1926
==== Integer vector .C compression
Command: /home/louza/mm-repair/sdsl/encode.x /mnt/data/datasets/machine-learning-matrices-split/glove.q4k.csv.8.2.vc.C 
==== Integer vector .R compression
Command: /home/louza/mm-repair/sdsl/encode.x /mnt/data/datasets/machine-learning-matrices-split/glove.q4k.csv.8.2.vc.R 
Integer vector compression time: 0.9346
==== OLE
Command: /home/louza/mm-repair/ole/encode.x /mnt/data/datasets/machine-learning-matrices-split/glove.q4k.csv.8.2.vc.C 
OLE time: 1.0629
==== Ans-fold compression
Command: /home/louza/mm-repair/ans/encode.x /mnt/data/datasets/machine-learning-matrices-split/glove.q4k.csv.8.2.vc.C 
Ans-fold time: 2.9256
==== Integer vector .C compression
Command: /home/louza/mm-repair/sdsl/encode.x /mnt/data/datasets/machine-learning-matrices-split/glove.q4k.csv.8.3.vc.C 
==== Integer vector .R compression
Command: /home/louza/mm-repair/sdsl/encode.x /mnt/data/datasets/machine-learning-matrices-split/glove.q4k.csv.8.3.vc.R 
Integer vector compression time: 0.8170
==== OLE
Command: /home/louza/mm-repair/ole/encode.x /mnt/data/datasets/machine-learning-matrices-split/glove.q4k.csv.8.3.vc.C 
OLE time: 1.3591
==== Ans-fold compression
Command: /home/louza/mm-repair/ans/encode.x /mnt/data/datasets/machine-learning-matrices-split/glove.q4k.csv.8.3.vc.C 
Ans-fold time: 3.6192
==== Integer vector .C compression
Command: /home/louza/mm-repair/sdsl/encode.x /mnt/data/datasets/machine-learning-matrices-split/glove.q4k.csv.8.4.vc.C 
==== Integer vector .R compression
Command: /home/louza/mm-repair/sdsl/encode.x /mnt/data/datasets/machine-learning-matrices-split/glove.q4k.csv.8.4.vc.R 
Integer vector compression time: 0.9640
==== OLE
Command: /home/louza/mm-repair/ole/encode.x /mnt/data/datasets/machine-learning-matrices-split/glove.q4k.csv.8.4.vc.C 
OLE time: 1.8182
==== Ans-fold compression
Command: /home/louza/mm-repair/ans/encode.x /mnt/data/datasets/machine-learning-matrices-split/glove.q4k.csv.8.4.vc.C 
Ans-fold time: 4.7431
==== Integer vector .C compression
Command: /home/louza/mm-repair/sdsl/encode.x /mnt/data/datasets/machine-learning-matrices-split/glove.q4k.csv.8.5.vc.C 
==== Integer vector .R compression
Command: /home/louza/mm-repair/sdsl/encode.x /mnt/data/datasets/machine-learning-matrices-split/glove.q4k.csv.8.5.vc.R 
Integer vector compression time: 1.2526
==== OLE
Command: /home/louza/mm-repair/ole/encode.x /mnt/data/datasets/machine-learning-matrices-split/glove.q4k.csv.8.5.vc.C 
OLE time: 1.3679
==== Ans-fold compression
Command: /home/louza/mm-repair/ans/encode.x /mnt/data/datasets/machine-learning-matrices-split/glove.q4k.csv.8.5.vc.C 
Ans-fold time: 5.9902
==== Integer vector .C compression
Command: /home/louza/mm-repair/sdsl/encode.x /mnt/data/datasets/machine-learning-matrices-split/glove.q4k.csv.8.6.vc.C 
==== Integer vector .R compression
Command: /home/louza/mm-repair/sdsl/encode.x /mnt/data/datasets/machine-learning-matrices-split/glove.q4k.csv.8.6.vc.R 
Integer vector compression time: 0.9550
==== OLE
Command: /home/louza/mm-repair/ole/encode.x /mnt/data/datasets/machine-learning-matrices-split/glove.q4k.csv.8.6.vc.C 
OLE time: 1.4849
==== Ans-fold compression
Command: /home/louza/mm-repair/ans/encode.x /mnt/data/datasets/machine-learning-matrices-split/glove.q4k.csv.8.6.vc.C 
Ans-fold time: 6.7946
==== Integer vector .C compression
Command: /home/louza/mm-repair/sdsl/encode.x /mnt/data/datasets/machine-learning-matrices-split/glove.q4k.csv.8.7.vc.C 
==== Integer vector .R compression
Command: /home/louza/mm-repair/sdsl/encode.x /mnt/data/datasets/machine-learning-matrices-split/glove.q4k.csv.8.7.vc.R 
Integer vector compression time: 0.7689
==== OLE
Command: /home/louza/mm-repair/ole/encode.x /mnt/data/datasets/machine-learning-matrices-split/glove.q4k.csv.8.7.vc.C 
OLE time: 0.8571
==== Ans-fold compression
Command: /home/louza/mm-repair/ans/encode.x /mnt/data/datasets/machine-learning-matrices-split/glove.q4k.csv.8.7.vc.C 
Ans-fold time: 7.5545
Command: /home/louza/mm-repair/ans/encode.x /mnt/data/datasets/machine-learning-matrices-split/glove.q4k.csv.wcode 
Elapsed time: 285.9133
==== Compression Report:
 >> matrix name: /mnt/data/datasets/machine-learning-matrices-split/glove.q4k.csv
 >> conversion time: 242.36
 >> repair time: 14.97
 >> integer vectors time: 0.77
 >> ansf time: 7.55
 >> total time: 285.91
 >> wcode: 2334536 bytes
 >> wcode_ans: 47562 bytes
 >> matrix log(alpha)xNumEntries size: 180000000 bytes
 >> matrix dense size: 960000000 bytes
 >> total number of nonzero: 120000000 (100.00%)
 >> number of distinct nonzero: 3294
 >> CRSV  size: 481626352 bytes  (50.17%)
 >> RE32  size: 483296708 bytes  (50.34%)
 >> REIV  size: 308578160 bytes  (32.14%)
 >> REANS size: 191883126 bytes  (19.99%)
==== Done

#### 2026-09-05 14:22:17
 Command line: ./mm-repair/matrepair -r -b 8 -p 8 /mnt/data/datasets/machine-learning-matrices-split/glove.q4k.csv 400000 300 --ole --split 
Setting memory for each repair instance to 58006 MBs
Sending logging messages to file: /mnt/data/datasets/machine-learning-matrices-split/glove.q4k.csv.log
==== Conversion bin/csv->csrv
Command: /home/louza/mm-repair/csvmat2csrv -b 8   /mnt/data/datasets/machine-learning-matrices-split/glove.q4k.csv -r 0  -s 400000 300
Conversion time: 684.6661
==== Repair paralell compression
---- Executing 8 parallel processes
---- Parallel processing completed
Repair time: 0.1288
==== Integer vector .C compression
Command: /home/louza/mm-repair/sdsl/encode.x /mnt/data/datasets/machine-learning-matrices-split/glove.q4k.csv.8.0.A.vc.C 
==== Integer vector .R compression
Command: /home/louza/mm-repair/sdsl/encode.x /mnt/data/datasets/machine-learning-matrices-split/glove.q4k.csv.8.0.A.vc.R 
Integer vector compression time: 0.0321
==== OLE
Command: /home/louza/mm-repair/ole/encode.x /mnt/data/datasets/machine-learning-matrices-split/glove.q4k.csv.8.0.A.vc.C 
Command: /home/louza/mm-repair/ole/encode.x /mnt/data/datasets/machine-learning-matrices-split/glove.q4k.csv.8.0.B.vc 
OLE time: 0.6606
==== Ans-fold compression
Command: /home/louza/mm-repair/ans/encode.x /mnt/data/datasets/machine-learning-matrices-split/glove.q4k.csv.8.0.A.vc.C 
Command: /home/louza/mm-repair/ans/encode.x /mnt/data/datasets/machine-learning-matrices-split/glove.q4k.csv.8.0.B.vc
Ans-fold time: 0.9174
==== Integer vector .C compression
Command: /home/louza/mm-repair/sdsl/encode.x /mnt/data/datasets/machine-learning-matrices-split/glove.q4k.csv.8.1.A.vc.C 
==== Integer vector .R compression
Command: /home/louza/mm-repair/sdsl/encode.x /mnt/data/datasets/machine-learning-matrices-split/glove.q4k.csv.8.1.A.vc.R 
Integer vector compression time: 0.0291
==== OLE
Command: /home/louza/mm-repair/ole/encode.x /mnt/data/datasets/machine-learning-matrices-split/glove.q4k.csv.8.1.A.vc.C 
Command: /home/louza/mm-repair/ole/encode.x /mnt/data/datasets/machine-learning-matrices-split/glove.q4k.csv.8.1.B.vc 
OLE time: 0.7394
==== Ans-fold compression
Command: /home/louza/mm-repair/ans/encode.x /mnt/data/datasets/machine-learning-matrices-split/glove.q4k.csv.8.1.A.vc.C 
Command: /home/louza/mm-repair/ans/encode.x /mnt/data/datasets/machine-learning-matrices-split/glove.q4k.csv.8.1.B.vc
Ans-fold time: 2.0241
==== Integer vector .C compression
Command: /home/louza/mm-repair/sdsl/encode.x /mnt/data/datasets/machine-learning-matrices-split/glove.q4k.csv.8.2.A.vc.C 
==== Integer vector .R compression
Command: /home/louza/mm-repair/sdsl/encode.x /mnt/data/datasets/machine-learning-matrices-split/glove.q4k.csv.8.2.A.vc.R 
Integer vector compression time: 0.0347
==== OLE
Command: /home/louza/mm-repair/ole/encode.x /mnt/data/datasets/machine-learning-matrices-split/glove.q4k.csv.8.2.A.vc.C 
Command: /home/louza/mm-repair/ole/encode.x /mnt/data/datasets/machine-learning-matrices-split/glove.q4k.csv.8.2.B.vc 
OLE time: 0.6139
==== Ans-fold compression
Command: /home/louza/mm-repair/ans/encode.x /mnt/data/datasets/machine-learning-matrices-split/glove.q4k.csv.8.2.A.vc.C 
Command: /home/louza/mm-repair/ans/encode.x /mnt/data/datasets/machine-learning-matrices-split/glove.q4k.csv.8.2.B.vc
Ans-fold time: 2.7955
==== Integer vector .C compression
Command: /home/louza/mm-repair/sdsl/encode.x /mnt/data/datasets/machine-learning-matrices-split/glove.q4k.csv.8.3.A.vc.C 
==== Integer vector .R compression
Command: /home/louza/mm-repair/sdsl/encode.x /mnt/data/datasets/machine-learning-matrices-split/glove.q4k.csv.8.3.A.vc.R 
Integer vector compression time: 0.0303
==== OLE
Command: /home/louza/mm-repair/ole/encode.x /mnt/data/datasets/machine-learning-matrices-split/glove.q4k.csv.8.3.A.vc.C 
Command: /home/louza/mm-repair/ole/encode.x /mnt/data/datasets/machine-learning-matrices-split/glove.q4k.csv.8.3.B.vc 
OLE time: 0.8435
==== Ans-fold compression
Command: /home/louza/mm-repair/ans/encode.x /mnt/data/datasets/machine-learning-matrices-split/glove.q4k.csv.8.3.A.vc.C 
Command: /home/louza/mm-repair/ans/encode.x /mnt/data/datasets/machine-learning-matrices-split/glove.q4k.csv.8.3.B.vc
Ans-fold time: 3.5876
==== Integer vector .C compression
Command: /home/louza/mm-repair/sdsl/encode.x /mnt/data/datasets/machine-learning-matrices-split/glove.q4k.csv.8.4.A.vc.C 
==== Integer vector .R compression
Command: /home/louza/mm-repair/sdsl/encode.x /mnt/data/datasets/machine-learning-matrices-split/glove.q4k.csv.8.4.A.vc.R 
Integer vector compression time: 0.0306
==== OLE
Command: /home/louza/mm-repair/ole/encode.x /mnt/data/datasets/machine-learning-matrices-split/glove.q4k.csv.8.4.A.vc.C 
Command: /home/louza/mm-repair/ole/encode.x /mnt/data/datasets/machine-learning-matrices-split/glove.q4k.csv.8.4.B.vc 
OLE time: 0.6774
==== Ans-fold compression
Command: /home/louza/mm-repair/ans/encode.x /mnt/data/datasets/machine-learning-matrices-split/glove.q4k.csv.8.4.A.vc.C 
Command: /home/louza/mm-repair/ans/encode.x /mnt/data/datasets/machine-learning-matrices-split/glove.q4k.csv.8.4.B.vc
Ans-fold time: 4.3450
==== Integer vector .C compression
Command: /home/louza/mm-repair/sdsl/encode.x /mnt/data/datasets/machine-learning-matrices-split/glove.q4k.csv.8.5.A.vc.C 
==== Integer vector .R compression
Command: /home/louza/mm-repair/sdsl/encode.x /mnt/data/datasets/machine-learning-matrices-split/glove.q4k.csv.8.5.A.vc.R 
Integer vector compression time: 0.0319
==== OLE
Command: /home/louza/mm-repair/ole/encode.x /mnt/data/datasets/machine-learning-matrices-split/glove.q4k.csv.8.5.A.vc.C 
Command: /home/louza/mm-repair/ole/encode.x /mnt/data/datasets/machine-learning-matrices-split/glove.q4k.csv.8.5.B.vc 
OLE time: 0.6018
==== Ans-fold compression
Command: /home/louza/mm-repair/ans/encode.x /mnt/data/datasets/machine-learning-matrices-split/glove.q4k.csv.8.5.A.vc.C 
Command: /home/louza/mm-repair/ans/encode.x /mnt/data/datasets/machine-learning-matrices-split/glove.q4k.csv.8.5.B.vc
Ans-fold time: 5.0930
==== Integer vector .C compression
Command: /home/louza/mm-repair/sdsl/encode.x /mnt/data/datasets/machine-learning-matrices-split/glove.q4k.csv.8.6.A.vc.C 
==== Integer vector .R compression
Command: /home/louza/mm-repair/sdsl/encode.x /mnt/data/datasets/machine-learning-matrices-split/glove.q4k.csv.8.6.A.vc.R 
Integer vector compression time: 0.0302
==== OLE
Command: /home/louza/mm-repair/ole/encode.x /mnt/data/datasets/machine-learning-matrices-split/glove.q4k.csv.8.6.A.vc.C 
Command: /home/louza/mm-repair/ole/encode.x /mnt/data/datasets/machine-learning-matrices-split/glove.q4k.csv.8.6.B.vc 
OLE time: 0.6464
==== Ans-fold compression
Command: /home/louza/mm-repair/ans/encode.x /mnt/data/datasets/machine-learning-matrices-split/glove.q4k.csv.8.6.A.vc.C 
Command: /home/louza/mm-repair/ans/encode.x /mnt/data/datasets/machine-learning-matrices-split/glove.q4k.csv.8.6.B.vc
Ans-fold time: 5.9029
==== Integer vector .C compression
Command: /home/louza/mm-repair/sdsl/encode.x /mnt/data/datasets/machine-learning-matrices-split/glove.q4k.csv.8.7.A.vc.C 
==== Integer vector .R compression
Command: /home/louza/mm-repair/sdsl/encode.x /mnt/data/datasets/machine-learning-matrices-split/glove.q4k.csv.8.7.A.vc.R 
Integer vector compression time: 0.0345
==== OLE
Command: /home/louza/mm-repair/ole/encode.x /mnt/data/datasets/machine-learning-matrices-split/glove.q4k.csv.8.7.A.vc.C 
Command: /home/louza/mm-repair/ole/encode.x /mnt/data/datasets/machine-learning-matrices-split/glove.q4k.csv.8.7.B.vc 
OLE time: 0.5843
==== Ans-fold compression
Command: /home/louza/mm-repair/ans/encode.x /mnt/data/datasets/machine-learning-matrices-split/glove.q4k.csv.8.7.A.vc.C 
Command: /home/louza/mm-repair/ans/encode.x /mnt/data/datasets/machine-learning-matrices-split/glove.q4k.csv.8.7.B.vc
Ans-fold time: 6.6279
Elapsed time: 697.0802
==== Compression Report:
 >> matrix name: /mnt/data/datasets/machine-learning-matrices-split/glove.q4k.csv
 >> conversion time: 684.67
 >> repair time: 0.13
 >> integer vectors time: 0.03
 >> ansf time: 6.63
 >> total time: 697.08
 >> matrix log(alpha)xNumEntries size: 180000000 bytes
 >> matrix dense size: 960000000 bytes
 >> total number of nonzero: 990115 (0.83%)
 >> number of distinct nonzero: 3294
 >> CRSV  size: 5586812 bytes  (0.58%)
 >> B	  size: 477639540 bytes  (49.75%)
 >> B_ans size: 178406943 bytes  (18.58%)
 >> RE32  size: 183329575 bytes  (19.10%)
 >> REIV  size: 181493671 bytes  (18.91%)
 >> REANS size: 180312943 bytes  (18.78%)
==== Done

#### 2026-09-05 14:33:54
 Command line: ./mm-repair/matrepair -r -b 8 -p 8 /mnt/data/datasets/machine-learning-matrices-split/glove.q4k.csv 400000 300 --mapping --split 
Setting memory for each repair instance to 58006 MBs
Sending logging messages to file: /mnt/data/datasets/machine-learning-matrices-split/glove.q4k.csv.log
==== Conversion bin/csv->csrv
Command: /home/louza/mm-repair/csvmat2csrv -b 8   /mnt/data/datasets/machine-learning-matrices-split/glove.q4k.csv -r 0 -m -s 400000 300
Conversion time: 798.2823
==== Repair paralell compression
---- Executing 8 parallel processes
---- Parallel processing completed
Repair time: 0.1085
==== Integer vector .C compression
Command: /home/louza/mm-repair/sdsl/encode.x /mnt/data/datasets/machine-learning-matrices-split/glove.q4k.csv.8.0.A.vc.C 
==== Integer vector .R compression
Command: /home/louza/mm-repair/sdsl/encode.x /mnt/data/datasets/machine-learning-matrices-split/glove.q4k.csv.8.0.A.vc.R 
Integer vector compression time: 0.0304
==== Ans-fold compression
Command: /home/louza/mm-repair/ans/encode.x /mnt/data/datasets/machine-learning-matrices-split/glove.q4k.csv.8.0.A.vc.C 
Command: /home/louza/mm-repair/ans/encode.x /mnt/data/datasets/machine-learning-matrices-split/glove.q4k.csv.8.0.B.vc
Ans-fold time: 1.2341
==== Integer vector .C compression
Command: /home/louza/mm-repair/sdsl/encode.x /mnt/data/datasets/machine-learning-matrices-split/glove.q4k.csv.8.1.A.vc.C 
==== Integer vector .R compression
Command: /home/louza/mm-repair/sdsl/encode.x /mnt/data/datasets/machine-learning-matrices-split/glove.q4k.csv.8.1.A.vc.R 
Integer vector compression time: 0.0340
==== Ans-fold compression
Command: /home/louza/mm-repair/ans/encode.x /mnt/data/datasets/machine-learning-matrices-split/glove.q4k.csv.8.1.A.vc.C 
Command: /home/louza/mm-repair/ans/encode.x /mnt/data/datasets/machine-learning-matrices-split/glove.q4k.csv.8.1.B.vc
Ans-fold time: 2.6083
==== Integer vector .C compression
Command: /home/louza/mm-repair/sdsl/encode.x /mnt/data/datasets/machine-learning-matrices-split/glove.q4k.csv.8.2.A.vc.C 
==== Integer vector .R compression
Command: /home/louza/mm-repair/sdsl/encode.x /mnt/data/datasets/machine-learning-matrices-split/glove.q4k.csv.8.2.A.vc.R 
Integer vector compression time: 0.0558
==== Ans-fold compression
Command: /home/louza/mm-repair/ans/encode.x /mnt/data/datasets/machine-learning-matrices-split/glove.q4k.csv.8.2.A.vc.C 
Command: /home/louza/mm-repair/ans/encode.x /mnt/data/datasets/machine-learning-matrices-split/glove.q4k.csv.8.2.B.vc
Ans-fold time: 3.9446
==== Integer vector .C compression
Command: /home/louza/mm-repair/sdsl/encode.x /mnt/data/datasets/machine-learning-matrices-split/glove.q4k.csv.8.3.A.vc.C 
==== Integer vector .R compression
Command: /home/louza/mm-repair/sdsl/encode.x /mnt/data/datasets/machine-learning-matrices-split/glove.q4k.csv.8.3.A.vc.R 
Integer vector compression time: 0.0303
==== Ans-fold compression
Command: /home/louza/mm-repair/ans/encode.x /mnt/data/datasets/machine-learning-matrices-split/glove.q4k.csv.8.3.A.vc.C 
Command: /home/louza/mm-repair/ans/encode.x /mnt/data/datasets/machine-learning-matrices-split/glove.q4k.csv.8.3.B.vc
Ans-fold time: 5.0395
==== Integer vector .C compression
Command: /home/louza/mm-repair/sdsl/encode.x /mnt/data/datasets/machine-learning-matrices-split/glove.q4k.csv.8.4.A.vc.C 
==== Integer vector .R compression
Command: /home/louza/mm-repair/sdsl/encode.x /mnt/data/datasets/machine-learning-matrices-split/glove.q4k.csv.8.4.A.vc.R 
Integer vector compression time: 0.0316
==== Ans-fold compression
Command: /home/louza/mm-repair/ans/encode.x /mnt/data/datasets/machine-learning-matrices-split/glove.q4k.csv.8.4.A.vc.C 
Command: /home/louza/mm-repair/ans/encode.x /mnt/data/datasets/machine-learning-matrices-split/glove.q4k.csv.8.4.B.vc
Ans-fold time: 5.9785
==== Integer vector .C compression
Command: /home/louza/mm-repair/sdsl/encode.x /mnt/data/datasets/machine-learning-matrices-split/glove.q4k.csv.8.5.A.vc.C 
==== Integer vector .R compression
Command: /home/louza/mm-repair/sdsl/encode.x /mnt/data/datasets/machine-learning-matrices-split/glove.q4k.csv.8.5.A.vc.R 
Integer vector compression time: 0.0327
==== Ans-fold compression
Command: /home/louza/mm-repair/ans/encode.x /mnt/data/datasets/machine-learning-matrices-split/glove.q4k.csv.8.5.A.vc.C 
Command: /home/louza/mm-repair/ans/encode.x /mnt/data/datasets/machine-learning-matrices-split/glove.q4k.csv.8.5.B.vc
Ans-fold time: 6.9374
==== Integer vector .C compression
Command: /home/louza/mm-repair/sdsl/encode.x /mnt/data/datasets/machine-learning-matrices-split/glove.q4k.csv.8.6.A.vc.C 
==== Integer vector .R compression
Command: /home/louza/mm-repair/sdsl/encode.x /mnt/data/datasets/machine-learning-matrices-split/glove.q4k.csv.8.6.A.vc.R 
Integer vector compression time: 0.0350
==== Ans-fold compression
Command: /home/louza/mm-repair/ans/encode.x /mnt/data/datasets/machine-learning-matrices-split/glove.q4k.csv.8.6.A.vc.C 
Command: /home/louza/mm-repair/ans/encode.x /mnt/data/datasets/machine-learning-matrices-split/glove.q4k.csv.8.6.B.vc
Ans-fold time: 8.1443
==== Integer vector .C compression
Command: /home/louza/mm-repair/sdsl/encode.x /mnt/data/datasets/machine-learning-matrices-split/glove.q4k.csv.8.7.A.vc.C 
==== Integer vector .R compression
Command: /home/louza/mm-repair/sdsl/encode.x /mnt/data/datasets/machine-learning-matrices-split/glove.q4k.csv.8.7.A.vc.R 
Integer vector compression time: 0.0618
==== Ans-fold compression
Command: /home/louza/mm-repair/ans/encode.x /mnt/data/datasets/machine-learning-matrices-split/glove.q4k.csv.8.7.A.vc.C 
Command: /home/louza/mm-repair/ans/encode.x /mnt/data/datasets/machine-learning-matrices-split/glove.q4k.csv.8.7.B.vc
Ans-fold time: 9.1293
Command: /home/louza/mm-repair/ans/encode.x /mnt/data/datasets/machine-learning-matrices-split/glove.q4k.csv.wcode 
Elapsed time: 807.8554
==== Compression Report:
 >> matrix name: /mnt/data/datasets/machine-learning-matrices-split/glove.q4k.csv
 >> conversion time: 798.28
 >> repair time: 0.11
 >> integer vectors time: 0.06
 >> ansf time: 9.13
 >> total time: 807.86
 >> wcode: 2334536 bytes
 >> wcode_ans: 47562 bytes
 >> matrix log(alpha)xNumEntries size: 180000000 bytes
 >> matrix dense size: 960000000 bytes
 >> total number of nonzero: 990115 (0.83%)
 >> number of distinct nonzero: 3294
 >> CRSV  size: 5586812 bytes  (0.58%)
 >> B	  size: 477639540 bytes  (49.75%)
 >> B_ans size: 274041236 bytes  (28.55%)
 >> RE32  size: 281298404 bytes  (29.30%)
 >> REIV  size: 279448356 bytes  (29.11%)
 >> REANS size: 276051145 bytes  (28.76%)
==== Done

#### 2026-09-05 14:47:22
 Command line: ./mm-repair/matrepair -r -b 8 -p 8 /mnt/data/datasets/machine-learning-matrices-split/glove.q4k.csv 400000 300 --ole --mapping --split 
Setting memory for each repair instance to 58006 MBs
Sending logging messages to file: /mnt/data/datasets/machine-learning-matrices-split/glove.q4k.csv.log
==== Conversion bin/csv->csrv
Command: /home/louza/mm-repair/csvmat2csrv -b 8   /mnt/data/datasets/machine-learning-matrices-split/glove.q4k.csv -r 0 -m -s 400000 300
Conversion time: 827.7512
==== Repair paralell compression
---- Executing 8 parallel processes
---- Parallel processing completed
Repair time: 0.0935
==== Integer vector .C compression
Command: /home/louza/mm-repair/sdsl/encode.x /mnt/data/datasets/machine-learning-matrices-split/glove.q4k.csv.8.0.A.vc.C 
==== Integer vector .R compression
Command: /home/louza/mm-repair/sdsl/encode.x /mnt/data/datasets/machine-learning-matrices-split/glove.q4k.csv.8.0.A.vc.R 
Integer vector compression time: 0.0337
==== OLE
Command: /home/louza/mm-repair/ole/encode.x /mnt/data/datasets/machine-learning-matrices-split/glove.q4k.csv.8.0.A.vc.C 
Command: /home/louza/mm-repair/ole/encode.x /mnt/data/datasets/machine-learning-matrices-split/glove.q4k.csv.8.0.B.vc 
OLE time: 0.5190
==== Ans-fold compression
Command: /home/louza/mm-repair/ans/encode.x /mnt/data/datasets/machine-learning-matrices-split/glove.q4k.csv.8.0.A.vc.C 
Command: /home/louza/mm-repair/ans/encode.x /mnt/data/datasets/machine-learning-matrices-split/glove.q4k.csv.8.0.B.vc
Ans-fold time: 0.6775
==== Integer vector .C compression
Command: /home/louza/mm-repair/sdsl/encode.x /mnt/data/datasets/machine-learning-matrices-split/glove.q4k.csv.8.1.A.vc.C 
==== Integer vector .R compression
Command: /home/louza/mm-repair/sdsl/encode.x /mnt/data/datasets/machine-learning-matrices-split/glove.q4k.csv.8.1.A.vc.R 
Integer vector compression time: 0.0362
==== OLE
Command: /home/louza/mm-repair/ole/encode.x /mnt/data/datasets/machine-learning-matrices-split/glove.q4k.csv.8.1.A.vc.C 
Command: /home/louza/mm-repair/ole/encode.x /mnt/data/datasets/machine-learning-matrices-split/glove.q4k.csv.8.1.B.vc 
OLE time: 0.5272
==== Ans-fold compression
Command: /home/louza/mm-repair/ans/encode.x /mnt/data/datasets/machine-learning-matrices-split/glove.q4k.csv.8.1.A.vc.C 
Command: /home/louza/mm-repair/ans/encode.x /mnt/data/datasets/machine-learning-matrices-split/glove.q4k.csv.8.1.B.vc
Ans-fold time: 1.5027
==== Integer vector .C compression
Command: /home/louza/mm-repair/sdsl/encode.x /mnt/data/datasets/machine-learning-matrices-split/glove.q4k.csv.8.2.A.vc.C 
==== Integer vector .R compression
Command: /home/louza/mm-repair/sdsl/encode.x /mnt/data/datasets/machine-learning-matrices-split/glove.q4k.csv.8.2.A.vc.R 
Integer vector compression time: 0.0296
==== OLE
Command: /home/louza/mm-repair/ole/encode.x /mnt/data/datasets/machine-learning-matrices-split/glove.q4k.csv.8.2.A.vc.C 
Command: /home/louza/mm-repair/ole/encode.x /mnt/data/datasets/machine-learning-matrices-split/glove.q4k.csv.8.2.B.vc 
OLE time: 0.6756
==== Ans-fold compression
Command: /home/louza/mm-repair/ans/encode.x /mnt/data/datasets/machine-learning-matrices-split/glove.q4k.csv.8.2.A.vc.C 
Command: /home/louza/mm-repair/ans/encode.x /mnt/data/datasets/machine-learning-matrices-split/glove.q4k.csv.8.2.B.vc
Ans-fold time: 2.5943
==== Integer vector .C compression
Command: /home/louza/mm-repair/sdsl/encode.x /mnt/data/datasets/machine-learning-matrices-split/glove.q4k.csv.8.3.A.vc.C 
==== Integer vector .R compression
Command: /home/louza/mm-repair/sdsl/encode.x /mnt/data/datasets/machine-learning-matrices-split/glove.q4k.csv.8.3.A.vc.R 
Integer vector compression time: 0.0384
==== OLE
Command: /home/louza/mm-repair/ole/encode.x /mnt/data/datasets/machine-learning-matrices-split/glove.q4k.csv.8.3.A.vc.C 
Command: /home/louza/mm-repair/ole/encode.x /mnt/data/datasets/machine-learning-matrices-split/glove.q4k.csv.8.3.B.vc 
OLE time: 0.6384
==== Ans-fold compression
Command: /home/louza/mm-repair/ans/encode.x /mnt/data/datasets/machine-learning-matrices-split/glove.q4k.csv.8.3.A.vc.C 
Command: /home/louza/mm-repair/ans/encode.x /mnt/data/datasets/machine-learning-matrices-split/glove.q4k.csv.8.3.B.vc
Ans-fold time: 3.4821
==== Integer vector .C compression
Command: /home/louza/mm-repair/sdsl/encode.x /mnt/data/datasets/machine-learning-matrices-split/glove.q4k.csv.8.4.A.vc.C 
==== Integer vector .R compression
Command: /home/louza/mm-repair/sdsl/encode.x /mnt/data/datasets/machine-learning-matrices-split/glove.q4k.csv.8.4.A.vc.R 
Integer vector compression time: 0.0350
==== OLE
Command: /home/louza/mm-repair/ole/encode.x /mnt/data/datasets/machine-learning-matrices-split/glove.q4k.csv.8.4.A.vc.C 
Command: /home/louza/mm-repair/ole/encode.x /mnt/data/datasets/machine-learning-matrices-split/glove.q4k.csv.8.4.B.vc 
OLE time: 1.0966
==== Ans-fold compression
Command: /home/louza/mm-repair/ans/encode.x /mnt/data/datasets/machine-learning-matrices-split/glove.q4k.csv.8.4.A.vc.C 
Command: /home/louza/mm-repair/ans/encode.x /mnt/data/datasets/machine-learning-matrices-split/glove.q4k.csv.8.4.B.vc
Ans-fold time: 4.6248
==== Integer vector .C compression
Command: /home/louza/mm-repair/sdsl/encode.x /mnt/data/datasets/machine-learning-matrices-split/glove.q4k.csv.8.5.A.vc.C 
==== Integer vector .R compression
Command: /home/louza/mm-repair/sdsl/encode.x /mnt/data/datasets/machine-learning-matrices-split/glove.q4k.csv.8.5.A.vc.R 
Integer vector compression time: 0.0320
==== OLE
Command: /home/louza/mm-repair/ole/encode.x /mnt/data/datasets/machine-learning-matrices-split/glove.q4k.csv.8.5.A.vc.C 
Command: /home/louza/mm-repair/ole/encode.x /mnt/data/datasets/machine-learning-matrices-split/glove.q4k.csv.8.5.B.vc 
OLE time: 0.6165
==== Ans-fold compression
Command: /home/louza/mm-repair/ans/encode.x /mnt/data/datasets/machine-learning-matrices-split/glove.q4k.csv.8.5.A.vc.C 
Command: /home/louza/mm-repair/ans/encode.x /mnt/data/datasets/machine-learning-matrices-split/glove.q4k.csv.8.5.B.vc
Ans-fold time: 5.3789
==== Integer vector .C compression
Command: /home/louza/mm-repair/sdsl/encode.x /mnt/data/datasets/machine-learning-matrices-split/glove.q4k.csv.8.6.A.vc.C 
==== Integer vector .R compression
Command: /home/louza/mm-repair/sdsl/encode.x /mnt/data/datasets/machine-learning-matrices-split/glove.q4k.csv.8.6.A.vc.R 
Integer vector compression time: 0.0372
==== OLE
Command: /home/louza/mm-repair/ole/encode.x /mnt/data/datasets/machine-learning-matrices-split/glove.q4k.csv.8.6.A.vc.C 
Command: /home/louza/mm-repair/ole/encode.x /mnt/data/datasets/machine-learning-matrices-split/glove.q4k.csv.8.6.B.vc 
OLE time: 0.7932
==== Ans-fold compression
Command: /home/louza/mm-repair/ans/encode.x /mnt/data/datasets/machine-learning-matrices-split/glove.q4k.csv.8.6.A.vc.C 
Command: /home/louza/mm-repair/ans/encode.x /mnt/data/datasets/machine-learning-matrices-split/glove.q4k.csv.8.6.B.vc
Ans-fold time: 6.2777
==== Integer vector .C compression
Command: /home/louza/mm-repair/sdsl/encode.x /mnt/data/datasets/machine-learning-matrices-split/glove.q4k.csv.8.7.A.vc.C 
==== Integer vector .R compression
Command: /home/louza/mm-repair/sdsl/encode.x /mnt/data/datasets/machine-learning-matrices-split/glove.q4k.csv.8.7.A.vc.R 
Integer vector compression time: 0.0377
==== OLE
Command: /home/louza/mm-repair/ole/encode.x /mnt/data/datasets/machine-learning-matrices-split/glove.q4k.csv.8.7.A.vc.C 
Command: /home/louza/mm-repair/ole/encode.x /mnt/data/datasets/machine-learning-matrices-split/glove.q4k.csv.8.7.B.vc 
OLE time: 0.6605
==== Ans-fold compression
Command: /home/louza/mm-repair/ans/encode.x /mnt/data/datasets/machine-learning-matrices-split/glove.q4k.csv.8.7.A.vc.C 
Command: /home/louza/mm-repair/ans/encode.x /mnt/data/datasets/machine-learning-matrices-split/glove.q4k.csv.8.7.B.vc
Ans-fold time: 7.0835
Command: /home/louza/mm-repair/ans/encode.x /mnt/data/datasets/machine-learning-matrices-split/glove.q4k.csv.wcode 
Elapsed time: 840.8003
==== Compression Report:
 >> matrix name: /mnt/data/datasets/machine-learning-matrices-split/glove.q4k.csv
 >> conversion time: 827.75
 >> repair time: 0.09
 >> integer vectors time: 0.04
 >> ansf time: 7.08
 >> total time: 840.80
 >> wcode: 2334536 bytes
 >> wcode_ans: 47562 bytes
 >> matrix log(alpha)xNumEntries size: 180000000 bytes
 >> matrix dense size: 960000000 bytes
 >> total number of nonzero: 990115 (0.83%)
 >> number of distinct nonzero: 3294
 >> CRSV  size: 5586812 bytes  (0.58%)
 >> B	  size: 477639540 bytes  (49.75%)
 >> B_ans size: 176702137 bytes  (18.41%)
 >> RE32  size: 183959305 bytes  (19.16%)
 >> REIV  size: 182109257 bytes  (18.97%)
 >> REANS size: 178650470 bytes  (18.61%)
==== Done
REANS -b 12

#### 2026-09-06 07:29:24
 Command line: ./mm-repair/matrepair -r -b 12 -p 12 /mnt/data/datasets/machine-learning-matrices-split/glove.q4k.csv 400000 300 
Setting memory for each repair instance to 38671 MBs
Sending logging messages to file: /mnt/data/datasets/machine-learning-matrices-split/glove.q4k.csv.log
==== Conversion bin/csv->csrv
Command: /home/louza/mm-repair/csvmat2csrv -b 12   /mnt/data/datasets/machine-learning-matrices-split/glove.q4k.csv -r 0   400000 300
Conversion time: 20.6118
==== Repair paralell compression
---- Executing 12 parallel processes
---- Parallel processing completed
Repair time: 19.7672
==== Integer vector .C compression
Command: /home/louza/mm-repair/sdsl/encode.x /mnt/data/datasets/machine-learning-matrices-split/glove.q4k.csv.12.0.vc.C 
==== Integer vector .R compression
Command: /home/louza/mm-repair/sdsl/encode.x /mnt/data/datasets/machine-learning-matrices-split/glove.q4k.csv.12.0.vc.R 
Integer vector compression time: 0.5915
==== Ans-fold compression
Command: /home/louza/mm-repair/ans/encode.x /mnt/data/datasets/machine-learning-matrices-split/glove.q4k.csv.12.0.vc.C 
Ans-fold time: 3.3203
==== Integer vector .C compression
Command: /home/louza/mm-repair/sdsl/encode.x /mnt/data/datasets/machine-learning-matrices-split/glove.q4k.csv.12.1.vc.C 
==== Integer vector .R compression
Command: /home/louza/mm-repair/sdsl/encode.x /mnt/data/datasets/machine-learning-matrices-split/glove.q4k.csv.12.1.vc.R 
Integer vector compression time: 0.6112
==== Ans-fold compression
Command: /home/louza/mm-repair/ans/encode.x /mnt/data/datasets/machine-learning-matrices-split/glove.q4k.csv.12.1.vc.C 
Ans-fold time: 7.1296
==== Integer vector .C compression
Command: /home/louza/mm-repair/sdsl/encode.x /mnt/data/datasets/machine-learning-matrices-split/glove.q4k.csv.12.2.vc.C 
==== Integer vector .R compression
Command: /home/louza/mm-repair/sdsl/encode.x /mnt/data/datasets/machine-learning-matrices-split/glove.q4k.csv.12.2.vc.R 
Integer vector compression time: 0.5672
==== Ans-fold compression
Command: /home/louza/mm-repair/ans/encode.x /mnt/data/datasets/machine-learning-matrices-split/glove.q4k.csv.12.2.vc.C 
Ans-fold time: 9.3703
==== Integer vector .C compression
Command: /home/louza/mm-repair/sdsl/encode.x /mnt/data/datasets/machine-learning-matrices-split/glove.q4k.csv.12.3.vc.C 
==== Integer vector .R compression
Command: /home/louza/mm-repair/sdsl/encode.x /mnt/data/datasets/machine-learning-matrices-split/glove.q4k.csv.12.3.vc.R 
Integer vector compression time: 0.4396
==== Ans-fold compression
Command: /home/louza/mm-repair/ans/encode.x /mnt/data/datasets/machine-learning-matrices-split/glove.q4k.csv.12.3.vc.C 
Ans-fold time: 10.8364
==== Integer vector .C compression
Command: /home/louza/mm-repair/sdsl/encode.x /mnt/data/datasets/machine-learning-matrices-split/glove.q4k.csv.12.4.vc.C 
==== Integer vector .R compression
Command: /home/louza/mm-repair/sdsl/encode.x /mnt/data/datasets/machine-learning-matrices-split/glove.q4k.csv.12.4.vc.R 
Integer vector compression time: 0.4341
==== Ans-fold compression
Command: /home/louza/mm-repair/ans/encode.x /mnt/data/datasets/machine-learning-matrices-split/glove.q4k.csv.12.4.vc.C 
Ans-fold time: 12.4945
==== Integer vector .C compression
Command: /home/louza/mm-repair/sdsl/encode.x /mnt/data/datasets/machine-learning-matrices-split/glove.q4k.csv.12.5.vc.C 
==== Integer vector .R compression
Command: /home/louza/mm-repair/sdsl/encode.x /mnt/data/datasets/machine-learning-matrices-split/glove.q4k.csv.12.5.vc.R 
Integer vector compression time: 0.4261
==== Ans-fold compression
Command: /home/louza/mm-repair/ans/encode.x /mnt/data/datasets/machine-learning-matrices-split/glove.q4k.csv.12.5.vc.C 
Ans-fold time: 13.8925
==== Integer vector .C compression
Command: /home/louza/mm-repair/sdsl/encode.x /mnt/data/datasets/machine-learning-matrices-split/glove.q4k.csv.12.6.vc.C 
==== Integer vector .R compression
Command: /home/louza/mm-repair/sdsl/encode.x /mnt/data/datasets/machine-learning-matrices-split/glove.q4k.csv.12.6.vc.R 
Integer vector compression time: 0.4083
==== Ans-fold compression
Command: /home/louza/mm-repair/ans/encode.x /mnt/data/datasets/machine-learning-matrices-split/glove.q4k.csv.12.6.vc.C 
Ans-fold time: 15.1746
==== Integer vector .C compression
Command: /home/louza/mm-repair/sdsl/encode.x /mnt/data/datasets/machine-learning-matrices-split/glove.q4k.csv.12.7.vc.C 
==== Integer vector .R compression
Command: /home/louza/mm-repair/sdsl/encode.x /mnt/data/datasets/machine-learning-matrices-split/glove.q4k.csv.12.7.vc.R 
Integer vector compression time: 0.5470
==== Ans-fold compression
Command: /home/louza/mm-repair/ans/encode.x /mnt/data/datasets/machine-learning-matrices-split/glove.q4k.csv.12.7.vc.C 
Ans-fold time: 16.5312
==== Integer vector .C compression
Command: /home/louza/mm-repair/sdsl/encode.x /mnt/data/datasets/machine-learning-matrices-split/glove.q4k.csv.12.8.vc.C 
==== Integer vector .R compression
Command: /home/louza/mm-repair/sdsl/encode.x /mnt/data/datasets/machine-learning-matrices-split/glove.q4k.csv.12.8.vc.R 
Integer vector compression time: 0.4272
==== Ans-fold compression
Command: /home/louza/mm-repair/ans/encode.x /mnt/data/datasets/machine-learning-matrices-split/glove.q4k.csv.12.8.vc.C 
Ans-fold time: 18.0653
==== Integer vector .C compression
Command: /home/louza/mm-repair/sdsl/encode.x /mnt/data/datasets/machine-learning-matrices-split/glove.q4k.csv.12.9.vc.C 
==== Integer vector .R compression
Command: /home/louza/mm-repair/sdsl/encode.x /mnt/data/datasets/machine-learning-matrices-split/glove.q4k.csv.12.9.vc.R 
Integer vector compression time: 0.3990
==== Ans-fold compression
Command: /home/louza/mm-repair/ans/encode.x /mnt/data/datasets/machine-learning-matrices-split/glove.q4k.csv.12.9.vc.C 
Ans-fold time: 19.1878
==== Integer vector .C compression
Command: /home/louza/mm-repair/sdsl/encode.x /mnt/data/datasets/machine-learning-matrices-split/glove.q4k.csv.12.10.vc.C 
==== Integer vector .R compression
Command: /home/louza/mm-repair/sdsl/encode.x /mnt/data/datasets/machine-learning-matrices-split/glove.q4k.csv.12.10.vc.R 
Integer vector compression time: 0.4312
==== Ans-fold compression
Command: /home/louza/mm-repair/ans/encode.x /mnt/data/datasets/machine-learning-matrices-split/glove.q4k.csv.12.10.vc.C 
Ans-fold time: 20.2219
==== Integer vector .C compression
Command: /home/louza/mm-repair/sdsl/encode.x /mnt/data/datasets/machine-learning-matrices-split/glove.q4k.csv.12.11.vc.C 
==== Integer vector .R compression
Command: /home/louza/mm-repair/sdsl/encode.x /mnt/data/datasets/machine-learning-matrices-split/glove.q4k.csv.12.11.vc.R 
Integer vector compression time: 0.3870
==== Ans-fold compression
Command: /home/louza/mm-repair/ans/encode.x /mnt/data/datasets/machine-learning-matrices-split/glove.q4k.csv.12.11.vc.C 
Ans-fold time: 21.2776
Elapsed time: 67.3278
==== Compression Report:
 >> matrix name: /mnt/data/datasets/machine-learning-matrices-split/glove.q4k.csv
 >> conversion time: 20.61
 >> repair time: 19.77
 >> integer vectors time: 0.39
 >> ansf time: 21.28
 >> total time: 67.33
 >> matrix log(alpha)xNumEntries size: 180000000 bytes
 >> matrix dense size: 960000000 bytes
 >> total number of nonzero: 120000000 (100.00%)
 >> number of distinct nonzero: 3294
 >> CRSV  size: 481626352 bytes  (50.17%)
 >> RE32  size: 481320332 bytes  (50.14%)
 >> REIV  size: 315875832 bytes  (32.90%)
 >> REANS size: 282977458 bytes  (29.48%)
==== Done

#### 2026-09-06 07:30:32
 Command line: ./mm-repair/matrepair -r -b 12 -p 12 /mnt/data/datasets/machine-learning-matrices-split/glove.q4k.csv 400000 300 --ole 
Setting memory for each repair instance to 38671 MBs
Sending logging messages to file: /mnt/data/datasets/machine-learning-matrices-split/glove.q4k.csv.log
==== Conversion bin/csv->csrv
Command: /home/louza/mm-repair/csvmat2csrv -b 12   /mnt/data/datasets/machine-learning-matrices-split/glove.q4k.csv -r 0   400000 300
Conversion time: 41.7259
==== Repair paralell compression
---- Executing 12 parallel processes
---- Parallel processing completed
Repair time: 47.5446
==== Integer vector .C compression
Command: /home/louza/mm-repair/sdsl/encode.x /mnt/data/datasets/machine-learning-matrices-split/glove.q4k.csv.12.0.vc.C 
==== Integer vector .R compression
Command: /home/louza/mm-repair/sdsl/encode.x /mnt/data/datasets/machine-learning-matrices-split/glove.q4k.csv.12.0.vc.R 
Integer vector compression time: 1.0101
==== OLE
Command: /home/louza/mm-repair/ole/encode.x /mnt/data/datasets/machine-learning-matrices-split/glove.q4k.csv.12.0.vc.C 
OLE time: 1.2271
==== Ans-fold compression
Command: /home/louza/mm-repair/ans/encode.x /mnt/data/datasets/machine-learning-matrices-split/glove.q4k.csv.12.0.vc.C 
Ans-fold time: 1.6483
==== Integer vector .C compression
Command: /home/louza/mm-repair/sdsl/encode.x /mnt/data/datasets/machine-learning-matrices-split/glove.q4k.csv.12.1.vc.C 
==== Integer vector .R compression
Command: /home/louza/mm-repair/sdsl/encode.x /mnt/data/datasets/machine-learning-matrices-split/glove.q4k.csv.12.1.vc.R 
Integer vector compression time: 1.4726
==== OLE
Command: /home/louza/mm-repair/ole/encode.x /mnt/data/datasets/machine-learning-matrices-split/glove.q4k.csv.12.1.vc.C 
OLE time: 1.7315
==== Ans-fold compression
Command: /home/louza/mm-repair/ans/encode.x /mnt/data/datasets/machine-learning-matrices-split/glove.q4k.csv.12.1.vc.C 
Ans-fold time: 3.4307
==== Integer vector .C compression
Command: /home/louza/mm-repair/sdsl/encode.x /mnt/data/datasets/machine-learning-matrices-split/glove.q4k.csv.12.2.vc.C 
==== Integer vector .R compression
Command: /home/louza/mm-repair/sdsl/encode.x /mnt/data/datasets/machine-learning-matrices-split/glove.q4k.csv.12.2.vc.R 
Integer vector compression time: 1.1150
==== OLE
Command: /home/louza/mm-repair/ole/encode.x /mnt/data/datasets/machine-learning-matrices-split/glove.q4k.csv.12.2.vc.C 
OLE time: 1.6221
==== Ans-fold compression
Command: /home/louza/mm-repair/ans/encode.x /mnt/data/datasets/machine-learning-matrices-split/glove.q4k.csv.12.2.vc.C 
Ans-fold time: 4.7008
==== Integer vector .C compression
Command: /home/louza/mm-repair/sdsl/encode.x /mnt/data/datasets/machine-learning-matrices-split/glove.q4k.csv.12.3.vc.C 
==== Integer vector .R compression
Command: /home/louza/mm-repair/sdsl/encode.x /mnt/data/datasets/machine-learning-matrices-split/glove.q4k.csv.12.3.vc.R 
Integer vector compression time: 1.4928
==== OLE
Command: /home/louza/mm-repair/ole/encode.x /mnt/data/datasets/machine-learning-matrices-split/glove.q4k.csv.12.3.vc.C 
OLE time: 1.6641
==== Ans-fold compression
Command: /home/louza/mm-repair/ans/encode.x /mnt/data/datasets/machine-learning-matrices-split/glove.q4k.csv.12.3.vc.C 
Ans-fold time: 6.2568
==== Integer vector .C compression
Command: /home/louza/mm-repair/sdsl/encode.x /mnt/data/datasets/machine-learning-matrices-split/glove.q4k.csv.12.4.vc.C 
==== Integer vector .R compression
Command: /home/louza/mm-repair/sdsl/encode.x /mnt/data/datasets/machine-learning-matrices-split/glove.q4k.csv.12.4.vc.R 
Integer vector compression time: 2.3589
==== OLE
Command: /home/louza/mm-repair/ole/encode.x /mnt/data/datasets/machine-learning-matrices-split/glove.q4k.csv.12.4.vc.C 
OLE time: 5.3674
==== Ans-fold compression
Command: /home/louza/mm-repair/ans/encode.x /mnt/data/datasets/machine-learning-matrices-split/glove.q4k.csv.12.4.vc.C 
Ans-fold time: 8.6985
==== Integer vector .C compression
Command: /home/louza/mm-repair/sdsl/encode.x /mnt/data/datasets/machine-learning-matrices-split/glove.q4k.csv.12.5.vc.C 
==== Integer vector .R compression
Command: /home/louza/mm-repair/sdsl/encode.x /mnt/data/datasets/machine-learning-matrices-split/glove.q4k.csv.12.5.vc.R 
Integer vector compression time: 2.1844
==== OLE
Command: /home/louza/mm-repair/ole/encode.x /mnt/data/datasets/machine-learning-matrices-split/glove.q4k.csv.12.5.vc.C 
OLE time: 2.4711
==== Ans-fold compression
Command: /home/louza/mm-repair/ans/encode.x /mnt/data/datasets/machine-learning-matrices-split/glove.q4k.csv.12.5.vc.C 
Ans-fold time: 10.3246
==== Integer vector .C compression
Command: /home/louza/mm-repair/sdsl/encode.x /mnt/data/datasets/machine-learning-matrices-split/glove.q4k.csv.12.6.vc.C 
==== Integer vector .R compression
Command: /home/louza/mm-repair/sdsl/encode.x /mnt/data/datasets/machine-learning-matrices-split/glove.q4k.csv.12.6.vc.R 
Integer vector compression time: 1.8610
==== OLE
Command: /home/louza/mm-repair/ole/encode.x /mnt/data/datasets/machine-learning-matrices-split/glove.q4k.csv.12.6.vc.C 
OLE time: 3.1691
==== Ans-fold compression
Command: /home/louza/mm-repair/ans/encode.x /mnt/data/datasets/machine-learning-matrices-split/glove.q4k.csv.12.6.vc.C 
Ans-fold time: 12.1591
==== Integer vector .C compression
Command: /home/louza/mm-repair/sdsl/encode.x /mnt/data/datasets/machine-learning-matrices-split/glove.q4k.csv.12.7.vc.C 
==== Integer vector .R compression
Command: /home/louza/mm-repair/sdsl/encode.x /mnt/data/datasets/machine-learning-matrices-split/glove.q4k.csv.12.7.vc.R 
Integer vector compression time: 1.3658
==== OLE
Command: /home/louza/mm-repair/ole/encode.x /mnt/data/datasets/machine-learning-matrices-split/glove.q4k.csv.12.7.vc.C 
OLE time: 2.7302
==== Ans-fold compression
Command: /home/louza/mm-repair/ans/encode.x /mnt/data/datasets/machine-learning-matrices-split/glove.q4k.csv.12.7.vc.C 
Ans-fold time: 13.3777
==== Integer vector .C compression
Command: /home/louza/mm-repair/sdsl/encode.x /mnt/data/datasets/machine-learning-matrices-split/glove.q4k.csv.12.8.vc.C 
==== Integer vector .R compression
Command: /home/louza/mm-repair/sdsl/encode.x /mnt/data/datasets/machine-learning-matrices-split/glove.q4k.csv.12.8.vc.R 
Integer vector compression time: 2.5325
==== OLE
Command: /home/louza/mm-repair/ole/encode.x /mnt/data/datasets/machine-learning-matrices-split/glove.q4k.csv.12.8.vc.C 
OLE time: 2.1594
==== Ans-fold compression
Command: /home/louza/mm-repair/ans/encode.x /mnt/data/datasets/machine-learning-matrices-split/glove.q4k.csv.12.8.vc.C 
Ans-fold time: 14.9298
==== Integer vector .C compression
Command: /home/louza/mm-repair/sdsl/encode.x /mnt/data/datasets/machine-learning-matrices-split/glove.q4k.csv.12.9.vc.C 
==== Integer vector .R compression
Command: /home/louza/mm-repair/sdsl/encode.x /mnt/data/datasets/machine-learning-matrices-split/glove.q4k.csv.12.9.vc.R 
Integer vector compression time: 2.2625
==== OLE
Command: /home/louza/mm-repair/ole/encode.x /mnt/data/datasets/machine-learning-matrices-split/glove.q4k.csv.12.9.vc.C 
OLE time: 3.2465
==== Ans-fold compression
Command: /home/louza/mm-repair/ans/encode.x /mnt/data/datasets/machine-learning-matrices-split/glove.q4k.csv.12.9.vc.C 
Ans-fold time: 17.7778
==== Integer vector .C compression
Command: /home/louza/mm-repair/sdsl/encode.x /mnt/data/datasets/machine-learning-matrices-split/glove.q4k.csv.12.10.vc.C 
==== Integer vector .R compression
Command: /home/louza/mm-repair/sdsl/encode.x /mnt/data/datasets/machine-learning-matrices-split/glove.q4k.csv.12.10.vc.R 
Integer vector compression time: 4.8234
==== OLE
Command: /home/louza/mm-repair/ole/encode.x /mnt/data/datasets/machine-learning-matrices-split/glove.q4k.csv.12.10.vc.C 
OLE time: 2.5352
==== Ans-fold compression
Command: /home/louza/mm-repair/ans/encode.x /mnt/data/datasets/machine-learning-matrices-split/glove.q4k.csv.12.10.vc.C 
Ans-fold time: 18.9064
==== Integer vector .C compression
Command: /home/louza/mm-repair/sdsl/encode.x /mnt/data/datasets/machine-learning-matrices-split/glove.q4k.csv.12.11.vc.C 
==== Integer vector .R compression
Command: /home/louza/mm-repair/sdsl/encode.x /mnt/data/datasets/machine-learning-matrices-split/glove.q4k.csv.12.11.vc.R 
Integer vector compression time: 1.7002
==== OLE
Command: /home/louza/mm-repair/ole/encode.x /mnt/data/datasets/machine-learning-matrices-split/glove.q4k.csv.12.11.vc.C 
OLE time: 2.1229
==== Ans-fold compression
Command: /home/louza/mm-repair/ans/encode.x /mnt/data/datasets/machine-learning-matrices-split/glove.q4k.csv.12.11.vc.C 
Ans-fold time: 19.7248
Elapsed time: 163.2236
==== Compression Report:
 >> matrix name: /mnt/data/datasets/machine-learning-matrices-split/glove.q4k.csv
 >> conversion time: 41.73
 >> repair time: 47.54
 >> integer vectors time: 1.70
 >> ansf time: 19.72
 >> total time: 163.22
 >> matrix log(alpha)xNumEntries size: 180000000 bytes
 >> matrix dense size: 960000000 bytes
 >> total number of nonzero: 120000000 (100.00%)
 >> number of distinct nonzero: 3294
 >> CRSV  size: 481626352 bytes  (50.17%)
 >> RE32  size: 481320332 bytes  (50.14%)
 >> REIV  size: 315875832 bytes  (32.90%)
 >> REANS size: 189828935 bytes  (19.77%)
==== Done

#### 2026-09-06 07:33:15
 Command line: ./mm-repair/matrepair -r -b 12 -p 12 /mnt/data/datasets/machine-learning-matrices-split/glove.q4k.csv 400000 300 --mapping 
Setting memory for each repair instance to 38671 MBs
Sending logging messages to file: /mnt/data/datasets/machine-learning-matrices-split/glove.q4k.csv.log
==== Conversion bin/csv->csrv
Command: /home/louza/mm-repair/csvmat2csrv -b 12   /mnt/data/datasets/machine-learning-matrices-split/glove.q4k.csv -r 0 -m  400000 300
Conversion time: 402.1795
==== Repair paralell compression
---- Executing 12 parallel processes
---- Parallel processing completed
Repair time: 12.6615
==== Integer vector .C compression
Command: /home/louza/mm-repair/sdsl/encode.x /mnt/data/datasets/machine-learning-matrices-split/glove.q4k.csv.12.0.vc.C 
==== Integer vector .R compression
Command: /home/louza/mm-repair/sdsl/encode.x /mnt/data/datasets/machine-learning-matrices-split/glove.q4k.csv.12.0.vc.R 
Integer vector compression time: 1.5049
==== Ans-fold compression
Command: /home/louza/mm-repair/ans/encode.x /mnt/data/datasets/machine-learning-matrices-split/glove.q4k.csv.12.0.vc.C 
Ans-fold time: 2.3514
==== Integer vector .C compression
Command: /home/louza/mm-repair/sdsl/encode.x /mnt/data/datasets/machine-learning-matrices-split/glove.q4k.csv.12.1.vc.C 
==== Integer vector .R compression
Command: /home/louza/mm-repair/sdsl/encode.x /mnt/data/datasets/machine-learning-matrices-split/glove.q4k.csv.12.1.vc.R 
Integer vector compression time: 1.1840
==== Ans-fold compression
Command: /home/louza/mm-repair/ans/encode.x /mnt/data/datasets/machine-learning-matrices-split/glove.q4k.csv.12.1.vc.C 
Ans-fold time: 3.5501
==== Integer vector .C compression
Command: /home/louza/mm-repair/sdsl/encode.x /mnt/data/datasets/machine-learning-matrices-split/glove.q4k.csv.12.2.vc.C 
==== Integer vector .R compression
Command: /home/louza/mm-repair/sdsl/encode.x /mnt/data/datasets/machine-learning-matrices-split/glove.q4k.csv.12.2.vc.R 
Integer vector compression time: 1.3114
==== Ans-fold compression
Command: /home/louza/mm-repair/ans/encode.x /mnt/data/datasets/machine-learning-matrices-split/glove.q4k.csv.12.2.vc.C 
Ans-fold time: 5.1651
==== Integer vector .C compression
Command: /home/louza/mm-repair/sdsl/encode.x /mnt/data/datasets/machine-learning-matrices-split/glove.q4k.csv.12.3.vc.C 
==== Integer vector .R compression
Command: /home/louza/mm-repair/sdsl/encode.x /mnt/data/datasets/machine-learning-matrices-split/glove.q4k.csv.12.3.vc.R 
Integer vector compression time: 0.8499
==== Ans-fold compression
Command: /home/louza/mm-repair/ans/encode.x /mnt/data/datasets/machine-learning-matrices-split/glove.q4k.csv.12.3.vc.C 
Ans-fold time: 7.2499
==== Integer vector .C compression
Command: /home/louza/mm-repair/sdsl/encode.x /mnt/data/datasets/machine-learning-matrices-split/glove.q4k.csv.12.4.vc.C 
==== Integer vector .R compression
Command: /home/louza/mm-repair/sdsl/encode.x /mnt/data/datasets/machine-learning-matrices-split/glove.q4k.csv.12.4.vc.R 
Integer vector compression time: 0.8211
==== Ans-fold compression
Command: /home/louza/mm-repair/ans/encode.x /mnt/data/datasets/machine-learning-matrices-split/glove.q4k.csv.12.4.vc.C 
Ans-fold time: 8.5860
==== Integer vector .C compression
Command: /home/louza/mm-repair/sdsl/encode.x /mnt/data/datasets/machine-learning-matrices-split/glove.q4k.csv.12.5.vc.C 
==== Integer vector .R compression
Command: /home/louza/mm-repair/sdsl/encode.x /mnt/data/datasets/machine-learning-matrices-split/glove.q4k.csv.12.5.vc.R 
Integer vector compression time: 1.9024
==== Ans-fold compression
Command: /home/louza/mm-repair/ans/encode.x /mnt/data/datasets/machine-learning-matrices-split/glove.q4k.csv.12.5.vc.C 
Ans-fold time: 10.9068
==== Integer vector .C compression
Command: /home/louza/mm-repair/sdsl/encode.x /mnt/data/datasets/machine-learning-matrices-split/glove.q4k.csv.12.6.vc.C 
==== Integer vector .R compression
Command: /home/louza/mm-repair/sdsl/encode.x /mnt/data/datasets/machine-learning-matrices-split/glove.q4k.csv.12.6.vc.R 
Integer vector compression time: 1.8289
==== Ans-fold compression
Command: /home/louza/mm-repair/ans/encode.x /mnt/data/datasets/machine-learning-matrices-split/glove.q4k.csv.12.6.vc.C 
Ans-fold time: 12.5230
==== Integer vector .C compression
Command: /home/louza/mm-repair/sdsl/encode.x /mnt/data/datasets/machine-learning-matrices-split/glove.q4k.csv.12.7.vc.C 
==== Integer vector .R compression
Command: /home/louza/mm-repair/sdsl/encode.x /mnt/data/datasets/machine-learning-matrices-split/glove.q4k.csv.12.7.vc.R 
Integer vector compression time: 0.8238
==== Ans-fold compression
Command: /home/louza/mm-repair/ans/encode.x /mnt/data/datasets/machine-learning-matrices-split/glove.q4k.csv.12.7.vc.C 
Ans-fold time: 14.1567
==== Integer vector .C compression
Command: /home/louza/mm-repair/sdsl/encode.x /mnt/data/datasets/machine-learning-matrices-split/glove.q4k.csv.12.8.vc.C 
==== Integer vector .R compression
Command: /home/louza/mm-repair/sdsl/encode.x /mnt/data/datasets/machine-learning-matrices-split/glove.q4k.csv.12.8.vc.R 
Integer vector compression time: 0.8898
==== Ans-fold compression
Command: /home/louza/mm-repair/ans/encode.x /mnt/data/datasets/machine-learning-matrices-split/glove.q4k.csv.12.8.vc.C 
Ans-fold time: 16.0581
==== Integer vector .C compression
Command: /home/louza/mm-repair/sdsl/encode.x /mnt/data/datasets/machine-learning-matrices-split/glove.q4k.csv.12.9.vc.C 
==== Integer vector .R compression
Command: /home/louza/mm-repair/sdsl/encode.x /mnt/data/datasets/machine-learning-matrices-split/glove.q4k.csv.12.9.vc.R 
Integer vector compression time: 1.0990
==== Ans-fold compression
Command: /home/louza/mm-repair/ans/encode.x /mnt/data/datasets/machine-learning-matrices-split/glove.q4k.csv.12.9.vc.C 
Ans-fold time: 17.8520
==== Integer vector .C compression
Command: /home/louza/mm-repair/sdsl/encode.x /mnt/data/datasets/machine-learning-matrices-split/glove.q4k.csv.12.10.vc.C 
==== Integer vector .R compression
Command: /home/louza/mm-repair/sdsl/encode.x /mnt/data/datasets/machine-learning-matrices-split/glove.q4k.csv.12.10.vc.R 
Integer vector compression time: 0.6650
==== Ans-fold compression
Command: /home/louza/mm-repair/ans/encode.x /mnt/data/datasets/machine-learning-matrices-split/glove.q4k.csv.12.10.vc.C 
Ans-fold time: 18.8836
==== Integer vector .C compression
Command: /home/louza/mm-repair/sdsl/encode.x /mnt/data/datasets/machine-learning-matrices-split/glove.q4k.csv.12.11.vc.C 
==== Integer vector .R compression
Command: /home/louza/mm-repair/sdsl/encode.x /mnt/data/datasets/machine-learning-matrices-split/glove.q4k.csv.12.11.vc.R 
Integer vector compression time: 0.9147
==== Ans-fold compression
Command: /home/louza/mm-repair/ans/encode.x /mnt/data/datasets/machine-learning-matrices-split/glove.q4k.csv.12.11.vc.C 
Ans-fold time: 20.4274
Command: /home/louza/mm-repair/ans/encode.x /mnt/data/datasets/machine-learning-matrices-split/glove.q4k.csv.wcode 
Elapsed time: 449.2371
==== Compression Report:
 >> matrix name: /mnt/data/datasets/machine-learning-matrices-split/glove.q4k.csv
 >> conversion time: 402.18
 >> repair time: 12.66
 >> integer vectors time: 0.91
 >> ansf time: 20.43
 >> total time: 449.24
 >> wcode: 2334536 bytes
 >> wcode_ans: 47562 bytes
 >> matrix log(alpha)xNumEntries size: 180000000 bytes
 >> matrix dense size: 960000000 bytes
 >> total number of nonzero: 120000000 (100.00%)
 >> number of distinct nonzero: 3294
 >> CRSV  size: 481626352 bytes  (50.17%)
 >> RE32  size: 483654868 bytes  (50.38%)
 >> REIV  size: 303169944 bytes  (31.58%)
 >> REANS size: 281288023 bytes  (29.30%)
==== Done

#### 2026-09-06 07:40:44
 Command line: ./mm-repair/matrepair -r -b 12 -p 12 /mnt/data/datasets/machine-learning-matrices-split/glove.q4k.csv 400000 300 --split 
Setting memory for each repair instance to 38671 MBs
Sending logging messages to file: /mnt/data/datasets/machine-learning-matrices-split/glove.q4k.csv.log
==== Conversion bin/csv->csrv
Command: /home/louza/mm-repair/csvmat2csrv -b 12   /mnt/data/datasets/machine-learning-matrices-split/glove.q4k.csv -r 0  -s 400000 300
Conversion time: 509.1465
==== Repair paralell compression
---- Executing 12 parallel processes
---- Parallel processing completed
Repair time: 0.0513
==== Integer vector .C compression
Command: /home/louza/mm-repair/sdsl/encode.x /mnt/data/datasets/machine-learning-matrices-split/glove.q4k.csv.12.0.A.vc.C 
==== Integer vector .R compression
Command: /home/louza/mm-repair/sdsl/encode.x /mnt/data/datasets/machine-learning-matrices-split/glove.q4k.csv.12.0.A.vc.R 
Integer vector compression time: 0.0309
==== Ans-fold compression
Command: /home/louza/mm-repair/ans/encode.x /mnt/data/datasets/machine-learning-matrices-split/glove.q4k.csv.12.0.A.vc.C 
Command: /home/louza/mm-repair/ans/encode.x /mnt/data/datasets/machine-learning-matrices-split/glove.q4k.csv.12.0.B.vc
Ans-fold time: 0.9310
==== Integer vector .C compression
Command: /home/louza/mm-repair/sdsl/encode.x /mnt/data/datasets/machine-learning-matrices-split/glove.q4k.csv.12.1.A.vc.C 
==== Integer vector .R compression
Command: /home/louza/mm-repair/sdsl/encode.x /mnt/data/datasets/machine-learning-matrices-split/glove.q4k.csv.12.1.A.vc.R 
Integer vector compression time: 0.0320
==== Ans-fold compression
Command: /home/louza/mm-repair/ans/encode.x /mnt/data/datasets/machine-learning-matrices-split/glove.q4k.csv.12.1.A.vc.C 
Command: /home/louza/mm-repair/ans/encode.x /mnt/data/datasets/machine-learning-matrices-split/glove.q4k.csv.12.1.B.vc
Ans-fold time: 1.9091
==== Integer vector .C compression
Command: /home/louza/mm-repair/sdsl/encode.x /mnt/data/datasets/machine-learning-matrices-split/glove.q4k.csv.12.2.A.vc.C 
==== Integer vector .R compression
Command: /home/louza/mm-repair/sdsl/encode.x /mnt/data/datasets/machine-learning-matrices-split/glove.q4k.csv.12.2.A.vc.R 
Integer vector compression time: 0.0268
==== Ans-fold compression
Command: /home/louza/mm-repair/ans/encode.x /mnt/data/datasets/machine-learning-matrices-split/glove.q4k.csv.12.2.A.vc.C 
Command: /home/louza/mm-repair/ans/encode.x /mnt/data/datasets/machine-learning-matrices-split/glove.q4k.csv.12.2.B.vc
Ans-fold time: 2.9982
==== Integer vector .C compression
Command: /home/louza/mm-repair/sdsl/encode.x /mnt/data/datasets/machine-learning-matrices-split/glove.q4k.csv.12.3.A.vc.C 
==== Integer vector .R compression
Command: /home/louza/mm-repair/sdsl/encode.x /mnt/data/datasets/machine-learning-matrices-split/glove.q4k.csv.12.3.A.vc.R 
Integer vector compression time: 0.0319
==== Ans-fold compression
Command: /home/louza/mm-repair/ans/encode.x /mnt/data/datasets/machine-learning-matrices-split/glove.q4k.csv.12.3.A.vc.C 
Command: /home/louza/mm-repair/ans/encode.x /mnt/data/datasets/machine-learning-matrices-split/glove.q4k.csv.12.3.B.vc
Ans-fold time: 4.0137
==== Integer vector .C compression
Command: /home/louza/mm-repair/sdsl/encode.x /mnt/data/datasets/machine-learning-matrices-split/glove.q4k.csv.12.4.A.vc.C 
==== Integer vector .R compression
Command: /home/louza/mm-repair/sdsl/encode.x /mnt/data/datasets/machine-learning-matrices-split/glove.q4k.csv.12.4.A.vc.R 
Integer vector compression time: 0.0301
==== Ans-fold compression
Command: /home/louza/mm-repair/ans/encode.x /mnt/data/datasets/machine-learning-matrices-split/glove.q4k.csv.12.4.A.vc.C 
Command: /home/louza/mm-repair/ans/encode.x /mnt/data/datasets/machine-learning-matrices-split/glove.q4k.csv.12.4.B.vc
Ans-fold time: 5.0419
==== Integer vector .C compression
Command: /home/louza/mm-repair/sdsl/encode.x /mnt/data/datasets/machine-learning-matrices-split/glove.q4k.csv.12.5.A.vc.C 
==== Integer vector .R compression
Command: /home/louza/mm-repair/sdsl/encode.x /mnt/data/datasets/machine-learning-matrices-split/glove.q4k.csv.12.5.A.vc.R 
Integer vector compression time: 0.0321
==== Ans-fold compression
Command: /home/louza/mm-repair/ans/encode.x /mnt/data/datasets/machine-learning-matrices-split/glove.q4k.csv.12.5.A.vc.C 
Command: /home/louza/mm-repair/ans/encode.x /mnt/data/datasets/machine-learning-matrices-split/glove.q4k.csv.12.5.B.vc
Ans-fold time: 5.9969
==== Integer vector .C compression
Command: /home/louza/mm-repair/sdsl/encode.x /mnt/data/datasets/machine-learning-matrices-split/glove.q4k.csv.12.6.A.vc.C 
==== Integer vector .R compression
Command: /home/louza/mm-repair/sdsl/encode.x /mnt/data/datasets/machine-learning-matrices-split/glove.q4k.csv.12.6.A.vc.R 
Integer vector compression time: 0.0319
==== Ans-fold compression
Command: /home/louza/mm-repair/ans/encode.x /mnt/data/datasets/machine-learning-matrices-split/glove.q4k.csv.12.6.A.vc.C 
Command: /home/louza/mm-repair/ans/encode.x /mnt/data/datasets/machine-learning-matrices-split/glove.q4k.csv.12.6.B.vc
Ans-fold time: 6.8542
==== Integer vector .C compression
Command: /home/louza/mm-repair/sdsl/encode.x /mnt/data/datasets/machine-learning-matrices-split/glove.q4k.csv.12.7.A.vc.C 
==== Integer vector .R compression
Command: /home/louza/mm-repair/sdsl/encode.x /mnt/data/datasets/machine-learning-matrices-split/glove.q4k.csv.12.7.A.vc.R 
Integer vector compression time: 0.0301
==== Ans-fold compression
Command: /home/louza/mm-repair/ans/encode.x /mnt/data/datasets/machine-learning-matrices-split/glove.q4k.csv.12.7.A.vc.C 
Command: /home/louza/mm-repair/ans/encode.x /mnt/data/datasets/machine-learning-matrices-split/glove.q4k.csv.12.7.B.vc
Ans-fold time: 7.7522
==== Integer vector .C compression
Command: /home/louza/mm-repair/sdsl/encode.x /mnt/data/datasets/machine-learning-matrices-split/glove.q4k.csv.12.8.A.vc.C 
==== Integer vector .R compression
Command: /home/louza/mm-repair/sdsl/encode.x /mnt/data/datasets/machine-learning-matrices-split/glove.q4k.csv.12.8.A.vc.R 
Integer vector compression time: 0.0301
==== Ans-fold compression
Command: /home/louza/mm-repair/ans/encode.x /mnt/data/datasets/machine-learning-matrices-split/glove.q4k.csv.12.8.A.vc.C 
Command: /home/louza/mm-repair/ans/encode.x /mnt/data/datasets/machine-learning-matrices-split/glove.q4k.csv.12.8.B.vc
Ans-fold time: 8.6720
==== Integer vector .C compression
Command: /home/louza/mm-repair/sdsl/encode.x /mnt/data/datasets/machine-learning-matrices-split/glove.q4k.csv.12.9.A.vc.C 
==== Integer vector .R compression
Command: /home/louza/mm-repair/sdsl/encode.x /mnt/data/datasets/machine-learning-matrices-split/glove.q4k.csv.12.9.A.vc.R 
Integer vector compression time: 0.0351
==== Ans-fold compression
Command: /home/louza/mm-repair/ans/encode.x /mnt/data/datasets/machine-learning-matrices-split/glove.q4k.csv.12.9.A.vc.C 
Command: /home/louza/mm-repair/ans/encode.x /mnt/data/datasets/machine-learning-matrices-split/glove.q4k.csv.12.9.B.vc
Ans-fold time: 9.5916
==== Integer vector .C compression
Command: /home/louza/mm-repair/sdsl/encode.x /mnt/data/datasets/machine-learning-matrices-split/glove.q4k.csv.12.10.A.vc.C 
==== Integer vector .R compression
Command: /home/louza/mm-repair/sdsl/encode.x /mnt/data/datasets/machine-learning-matrices-split/glove.q4k.csv.12.10.A.vc.R 
Integer vector compression time: 0.0326
==== Ans-fold compression
Command: /home/louza/mm-repair/ans/encode.x /mnt/data/datasets/machine-learning-matrices-split/glove.q4k.csv.12.10.A.vc.C 
Command: /home/louza/mm-repair/ans/encode.x /mnt/data/datasets/machine-learning-matrices-split/glove.q4k.csv.12.10.B.vc
Ans-fold time: 10.5197
==== Integer vector .C compression
Command: /home/louza/mm-repair/sdsl/encode.x /mnt/data/datasets/machine-learning-matrices-split/glove.q4k.csv.12.11.A.vc.C 
==== Integer vector .R compression
Command: /home/louza/mm-repair/sdsl/encode.x /mnt/data/datasets/machine-learning-matrices-split/glove.q4k.csv.12.11.A.vc.R 
Integer vector compression time: 0.0341
==== Ans-fold compression
Command: /home/louza/mm-repair/ans/encode.x /mnt/data/datasets/machine-learning-matrices-split/glove.q4k.csv.12.11.A.vc.C 
Command: /home/louza/mm-repair/ans/encode.x /mnt/data/datasets/machine-learning-matrices-split/glove.q4k.csv.12.11.B.vc
Ans-fold time: 11.4495
Elapsed time: 521.0259
==== Compression Report:
 >> matrix name: /mnt/data/datasets/machine-learning-matrices-split/glove.q4k.csv
 >> conversion time: 509.15
 >> repair time: 0.05
 >> integer vectors time: 0.03
 >> ansf time: 11.45
 >> total time: 521.03
 >> matrix log(alpha)xNumEntries size: 180000000 bytes
 >> matrix dense size: 960000000 bytes
 >> total number of nonzero: 455506 (0.38%)
 >> number of distinct nonzero: 3294
 >> CRSV  size: 3448376 bytes  (0.36%)
 >> B	  size: 479777976 bytes  (49.98%)
 >> B_ans size: 276327639 bytes  (28.78%)
 >> RE32  size: 279469995 bytes  (29.11%)
 >> REIV  size: 278301831 bytes  (28.99%)
 >> REANS size: 277261662 bytes  (28.88%)
==== Done

#### 2026-09-06 07:49:25
 Command line: ./mm-repair/matrepair -r -b 12 -p 12 /mnt/data/datasets/machine-learning-matrices-split/glove.q4k.csv 400000 300 --ole --mapping 
Setting memory for each repair instance to 38671 MBs
Sending logging messages to file: /mnt/data/datasets/machine-learning-matrices-split/glove.q4k.csv.log
==== Conversion bin/csv->csrv
Command: /home/louza/mm-repair/csvmat2csrv -b 12   /mnt/data/datasets/machine-learning-matrices-split/glove.q4k.csv -r 0 -m  400000 300
Conversion time: 353.8444
==== Repair paralell compression
---- Executing 12 parallel processes
---- Parallel processing completed
Repair time: 9.8043
==== Integer vector .C compression
Command: /home/louza/mm-repair/sdsl/encode.x /mnt/data/datasets/machine-learning-matrices-split/glove.q4k.csv.12.0.vc.C 
==== Integer vector .R compression
Command: /home/louza/mm-repair/sdsl/encode.x /mnt/data/datasets/machine-learning-matrices-split/glove.q4k.csv.12.0.vc.R 
Integer vector compression time: 0.4402
==== OLE
Command: /home/louza/mm-repair/ole/encode.x /mnt/data/datasets/machine-learning-matrices-split/glove.q4k.csv.12.0.vc.C 
OLE time: 0.5656
==== Ans-fold compression
Command: /home/louza/mm-repair/ans/encode.x /mnt/data/datasets/machine-learning-matrices-split/glove.q4k.csv.12.0.vc.C 
Ans-fold time: 0.4135
==== Integer vector .C compression
Command: /home/louza/mm-repair/sdsl/encode.x /mnt/data/datasets/machine-learning-matrices-split/glove.q4k.csv.12.1.vc.C 
==== Integer vector .R compression
Command: /home/louza/mm-repair/sdsl/encode.x /mnt/data/datasets/machine-learning-matrices-split/glove.q4k.csv.12.1.vc.R 
Integer vector compression time: 0.4575
==== OLE
Command: /home/louza/mm-repair/ole/encode.x /mnt/data/datasets/machine-learning-matrices-split/glove.q4k.csv.12.1.vc.C 
OLE time: 1.0540
==== Ans-fold compression
Command: /home/louza/mm-repair/ans/encode.x /mnt/data/datasets/machine-learning-matrices-split/glove.q4k.csv.12.1.vc.C 
Ans-fold time: 1.0523
==== Integer vector .C compression
Command: /home/louza/mm-repair/sdsl/encode.x /mnt/data/datasets/machine-learning-matrices-split/glove.q4k.csv.12.2.vc.C 
==== Integer vector .R compression
Command: /home/louza/mm-repair/sdsl/encode.x /mnt/data/datasets/machine-learning-matrices-split/glove.q4k.csv.12.2.vc.R 
Integer vector compression time: 0.9110
==== OLE
Command: /home/louza/mm-repair/ole/encode.x /mnt/data/datasets/machine-learning-matrices-split/glove.q4k.csv.12.2.vc.C 
OLE time: 1.3959
==== Ans-fold compression
Command: /home/louza/mm-repair/ans/encode.x /mnt/data/datasets/machine-learning-matrices-split/glove.q4k.csv.12.2.vc.C 
Ans-fold time: 1.6941
==== Integer vector .C compression
Command: /home/louza/mm-repair/sdsl/encode.x /mnt/data/datasets/machine-learning-matrices-split/glove.q4k.csv.12.3.vc.C 
==== Integer vector .R compression
Command: /home/louza/mm-repair/sdsl/encode.x /mnt/data/datasets/machine-learning-matrices-split/glove.q4k.csv.12.3.vc.R 
Integer vector compression time: 0.8676
==== OLE
Command: /home/louza/mm-repair/ole/encode.x /mnt/data/datasets/machine-learning-matrices-split/glove.q4k.csv.12.3.vc.C 
OLE time: 0.6824
==== Ans-fold compression
Command: /home/louza/mm-repair/ans/encode.x /mnt/data/datasets/machine-learning-matrices-split/glove.q4k.csv.12.3.vc.C 
Ans-fold time: 2.2256
==== Integer vector .C compression
Command: /home/louza/mm-repair/sdsl/encode.x /mnt/data/datasets/machine-learning-matrices-split/glove.q4k.csv.12.4.vc.C 
==== Integer vector .R compression
Command: /home/louza/mm-repair/sdsl/encode.x /mnt/data/datasets/machine-learning-matrices-split/glove.q4k.csv.12.4.vc.R 
Integer vector compression time: 0.5485
==== OLE
Command: /home/louza/mm-repair/ole/encode.x /mnt/data/datasets/machine-learning-matrices-split/glove.q4k.csv.12.4.vc.C 
OLE time: 0.6675
==== Ans-fold compression
Command: /home/louza/mm-repair/ans/encode.x /mnt/data/datasets/machine-learning-matrices-split/glove.q4k.csv.12.4.vc.C 
Ans-fold time: 2.7404
==== Integer vector .C compression
Command: /home/louza/mm-repair/sdsl/encode.x /mnt/data/datasets/machine-learning-matrices-split/glove.q4k.csv.12.5.vc.C 
==== Integer vector .R compression
Command: /home/louza/mm-repair/sdsl/encode.x /mnt/data/datasets/machine-learning-matrices-split/glove.q4k.csv.12.5.vc.R 
Integer vector compression time: 0.6785
==== OLE
Command: /home/louza/mm-repair/ole/encode.x /mnt/data/datasets/machine-learning-matrices-split/glove.q4k.csv.12.5.vc.C 
OLE time: 0.6884
==== Ans-fold compression
Command: /home/louza/mm-repair/ans/encode.x /mnt/data/datasets/machine-learning-matrices-split/glove.q4k.csv.12.5.vc.C 
Ans-fold time: 3.2962
==== Integer vector .C compression
Command: /home/louza/mm-repair/sdsl/encode.x /mnt/data/datasets/machine-learning-matrices-split/glove.q4k.csv.12.6.vc.C 
==== Integer vector .R compression
Command: /home/louza/mm-repair/sdsl/encode.x /mnt/data/datasets/machine-learning-matrices-split/glove.q4k.csv.12.6.vc.R 
Integer vector compression time: 1.0564
==== OLE
Command: /home/louza/mm-repair/ole/encode.x /mnt/data/datasets/machine-learning-matrices-split/glove.q4k.csv.12.6.vc.C 
OLE time: 1.0755
==== Ans-fold compression
Command: /home/louza/mm-repair/ans/encode.x /mnt/data/datasets/machine-learning-matrices-split/glove.q4k.csv.12.6.vc.C 
Ans-fold time: 3.9109
==== Integer vector .C compression
Command: /home/louza/mm-repair/sdsl/encode.x /mnt/data/datasets/machine-learning-matrices-split/glove.q4k.csv.12.7.vc.C 
==== Integer vector .R compression
Command: /home/louza/mm-repair/sdsl/encode.x /mnt/data/datasets/machine-learning-matrices-split/glove.q4k.csv.12.7.vc.R 
Integer vector compression time: 0.8286
==== OLE
Command: /home/louza/mm-repair/ole/encode.x /mnt/data/datasets/machine-learning-matrices-split/glove.q4k.csv.12.7.vc.C 
OLE time: 0.8176
==== Ans-fold compression
Command: /home/louza/mm-repair/ans/encode.x /mnt/data/datasets/machine-learning-matrices-split/glove.q4k.csv.12.7.vc.C 
Ans-fold time: 4.6085
==== Integer vector .C compression
Command: /home/louza/mm-repair/sdsl/encode.x /mnt/data/datasets/machine-learning-matrices-split/glove.q4k.csv.12.8.vc.C 
==== Integer vector .R compression
Command: /home/louza/mm-repair/sdsl/encode.x /mnt/data/datasets/machine-learning-matrices-split/glove.q4k.csv.12.8.vc.R 
Integer vector compression time: 0.6244
==== OLE
Command: /home/louza/mm-repair/ole/encode.x /mnt/data/datasets/machine-learning-matrices-split/glove.q4k.csv.12.8.vc.C 
OLE time: 0.5484
==== Ans-fold compression
Command: /home/louza/mm-repair/ans/encode.x /mnt/data/datasets/machine-learning-matrices-split/glove.q4k.csv.12.8.vc.C 
Ans-fold time: 4.9890
==== Integer vector .C compression
Command: /home/louza/mm-repair/sdsl/encode.x /mnt/data/datasets/machine-learning-matrices-split/glove.q4k.csv.12.9.vc.C 
==== Integer vector .R compression
Command: /home/louza/mm-repair/sdsl/encode.x /mnt/data/datasets/machine-learning-matrices-split/glove.q4k.csv.12.9.vc.R 
Integer vector compression time: 0.4177
==== OLE
Command: /home/louza/mm-repair/ole/encode.x /mnt/data/datasets/machine-learning-matrices-split/glove.q4k.csv.12.9.vc.C 
OLE time: 0.5338
==== Ans-fold compression
Command: /home/louza/mm-repair/ans/encode.x /mnt/data/datasets/machine-learning-matrices-split/glove.q4k.csv.12.9.vc.C 
Ans-fold time: 5.4021
==== Integer vector .C compression
Command: /home/louza/mm-repair/sdsl/encode.x /mnt/data/datasets/machine-learning-matrices-split/glove.q4k.csv.12.10.vc.C 
==== Integer vector .R compression
Command: /home/louza/mm-repair/sdsl/encode.x /mnt/data/datasets/machine-learning-matrices-split/glove.q4k.csv.12.10.vc.R 
Integer vector compression time: 0.4422
==== OLE
Command: /home/louza/mm-repair/ole/encode.x /mnt/data/datasets/machine-learning-matrices-split/glove.q4k.csv.12.10.vc.C 
OLE time: 0.8949
==== Ans-fold compression
Command: /home/louza/mm-repair/ans/encode.x /mnt/data/datasets/machine-learning-matrices-split/glove.q4k.csv.12.10.vc.C 
Ans-fold time: 5.9648
==== Integer vector .C compression
Command: /home/louza/mm-repair/sdsl/encode.x /mnt/data/datasets/machine-learning-matrices-split/glove.q4k.csv.12.11.vc.C 
==== Integer vector .R compression
Command: /home/louza/mm-repair/sdsl/encode.x /mnt/data/datasets/machine-learning-matrices-split/glove.q4k.csv.12.11.vc.R 
Integer vector compression time: 0.5512
==== OLE
Command: /home/louza/mm-repair/ole/encode.x /mnt/data/datasets/machine-learning-matrices-split/glove.q4k.csv.12.11.vc.C 
OLE time: 0.7795
==== Ans-fold compression
Command: /home/louza/mm-repair/ans/encode.x /mnt/data/datasets/machine-learning-matrices-split/glove.q4k.csv.12.11.vc.C 
Ans-fold time: 6.7990
Command: /home/louza/mm-repair/ans/encode.x /mnt/data/datasets/machine-learning-matrices-split/glove.q4k.csv.wcode 
Elapsed time: 388.0018
==== Compression Report:
 >> matrix name: /mnt/data/datasets/machine-learning-matrices-split/glove.q4k.csv
 >> conversion time: 353.84
 >> repair time: 9.80
 >> integer vectors time: 0.55
 >> ansf time: 6.80
 >> total time: 388.00
 >> wcode: 2334536 bytes
 >> wcode_ans: 47562 bytes
 >> matrix log(alpha)xNumEntries size: 180000000 bytes
 >> matrix dense size: 960000000 bytes
 >> total number of nonzero: 120000000 (100.00%)
 >> number of distinct nonzero: 3294
 >> CRSV  size: 481626352 bytes  (50.17%)
 >> RE32  size: 483654868 bytes  (50.38%)
 >> REIV  size: 303169944 bytes  (31.58%)
 >> REANS size: 187466499 bytes  (19.53%)
==== Done

#### 2026-09-06 07:55:54
 Command line: ./mm-repair/matrepair -r -b 12 -p 12 /mnt/data/datasets/machine-learning-matrices-split/glove.q4k.csv 400000 300 --ole --split 
Setting memory for each repair instance to 38671 MBs
Sending logging messages to file: /mnt/data/datasets/machine-learning-matrices-split/glove.q4k.csv.log
==== Conversion bin/csv->csrv
Command: /home/louza/mm-repair/csvmat2csrv -b 12   /mnt/data/datasets/machine-learning-matrices-split/glove.q4k.csv -r 0  -s 400000 300
Conversion time: 609.4492
==== Repair paralell compression
---- Executing 12 parallel processes
---- Parallel processing completed
Repair time: 0.0539
==== Integer vector .C compression
Command: /home/louza/mm-repair/sdsl/encode.x /mnt/data/datasets/machine-learning-matrices-split/glove.q4k.csv.12.0.A.vc.C 
==== Integer vector .R compression
Command: /home/louza/mm-repair/sdsl/encode.x /mnt/data/datasets/machine-learning-matrices-split/glove.q4k.csv.12.0.A.vc.R 
Integer vector compression time: 0.0258
==== OLE
Command: /home/louza/mm-repair/ole/encode.x /mnt/data/datasets/machine-learning-matrices-split/glove.q4k.csv.12.0.A.vc.C 
Command: /home/louza/mm-repair/ole/encode.x /mnt/data/datasets/machine-learning-matrices-split/glove.q4k.csv.12.0.B.vc 
OLE time: 0.4080
==== Ans-fold compression
Command: /home/louza/mm-repair/ans/encode.x /mnt/data/datasets/machine-learning-matrices-split/glove.q4k.csv.12.0.A.vc.C 
Command: /home/louza/mm-repair/ans/encode.x /mnt/data/datasets/machine-learning-matrices-split/glove.q4k.csv.12.0.B.vc
Ans-fold time: 0.5697
==== Integer vector .C compression
Command: /home/louza/mm-repair/sdsl/encode.x /mnt/data/datasets/machine-learning-matrices-split/glove.q4k.csv.12.1.A.vc.C 
==== Integer vector .R compression
Command: /home/louza/mm-repair/sdsl/encode.x /mnt/data/datasets/machine-learning-matrices-split/glove.q4k.csv.12.1.A.vc.R 
Integer vector compression time: 0.0253
==== OLE
Command: /home/louza/mm-repair/ole/encode.x /mnt/data/datasets/machine-learning-matrices-split/glove.q4k.csv.12.1.A.vc.C 
Command: /home/louza/mm-repair/ole/encode.x /mnt/data/datasets/machine-learning-matrices-split/glove.q4k.csv.12.1.B.vc 
OLE time: 0.3752
==== Ans-fold compression
Command: /home/louza/mm-repair/ans/encode.x /mnt/data/datasets/machine-learning-matrices-split/glove.q4k.csv.12.1.A.vc.C 
Command: /home/louza/mm-repair/ans/encode.x /mnt/data/datasets/machine-learning-matrices-split/glove.q4k.csv.12.1.B.vc
Ans-fold time: 1.3005
==== Integer vector .C compression
Command: /home/louza/mm-repair/sdsl/encode.x /mnt/data/datasets/machine-learning-matrices-split/glove.q4k.csv.12.2.A.vc.C 
==== Integer vector .R compression
Command: /home/louza/mm-repair/sdsl/encode.x /mnt/data/datasets/machine-learning-matrices-split/glove.q4k.csv.12.2.A.vc.R 
Integer vector compression time: 0.0669
==== OLE
Command: /home/louza/mm-repair/ole/encode.x /mnt/data/datasets/machine-learning-matrices-split/glove.q4k.csv.12.2.A.vc.C 
Command: /home/louza/mm-repair/ole/encode.x /mnt/data/datasets/machine-learning-matrices-split/glove.q4k.csv.12.2.B.vc 
OLE time: 0.5323
==== Ans-fold compression
Command: /home/louza/mm-repair/ans/encode.x /mnt/data/datasets/machine-learning-matrices-split/glove.q4k.csv.12.2.A.vc.C 
Command: /home/louza/mm-repair/ans/encode.x /mnt/data/datasets/machine-learning-matrices-split/glove.q4k.csv.12.2.B.vc
Ans-fold time: 1.8887
==== Integer vector .C compression
Command: /home/louza/mm-repair/sdsl/encode.x /mnt/data/datasets/machine-learning-matrices-split/glove.q4k.csv.12.3.A.vc.C 
==== Integer vector .R compression
Command: /home/louza/mm-repair/sdsl/encode.x /mnt/data/datasets/machine-learning-matrices-split/glove.q4k.csv.12.3.A.vc.R 
Integer vector compression time: 0.0275
==== OLE
Command: /home/louza/mm-repair/ole/encode.x /mnt/data/datasets/machine-learning-matrices-split/glove.q4k.csv.12.3.A.vc.C 
Command: /home/louza/mm-repair/ole/encode.x /mnt/data/datasets/machine-learning-matrices-split/glove.q4k.csv.12.3.B.vc 
OLE time: 0.4128
==== Ans-fold compression
Command: /home/louza/mm-repair/ans/encode.x /mnt/data/datasets/machine-learning-matrices-split/glove.q4k.csv.12.3.A.vc.C 
Command: /home/louza/mm-repair/ans/encode.x /mnt/data/datasets/machine-learning-matrices-split/glove.q4k.csv.12.3.B.vc
Ans-fold time: 2.6704
==== Integer vector .C compression
Command: /home/louza/mm-repair/sdsl/encode.x /mnt/data/datasets/machine-learning-matrices-split/glove.q4k.csv.12.4.A.vc.C 
==== Integer vector .R compression
Command: /home/louza/mm-repair/sdsl/encode.x /mnt/data/datasets/machine-learning-matrices-split/glove.q4k.csv.12.4.A.vc.R 
Integer vector compression time: 0.1964
==== OLE
Command: /home/louza/mm-repair/ole/encode.x /mnt/data/datasets/machine-learning-matrices-split/glove.q4k.csv.12.4.A.vc.C 
Command: /home/louza/mm-repair/ole/encode.x /mnt/data/datasets/machine-learning-matrices-split/glove.q4k.csv.12.4.B.vc 
OLE time: 1.2918
==== Ans-fold compression
Command: /home/louza/mm-repair/ans/encode.x /mnt/data/datasets/machine-learning-matrices-split/glove.q4k.csv.12.4.A.vc.C 
Command: /home/louza/mm-repair/ans/encode.x /mnt/data/datasets/machine-learning-matrices-split/glove.q4k.csv.12.4.B.vc
Ans-fold time: 3.7789
==== Integer vector .C compression
Command: /home/louza/mm-repair/sdsl/encode.x /mnt/data/datasets/machine-learning-matrices-split/glove.q4k.csv.12.5.A.vc.C 
==== Integer vector .R compression
Command: /home/louza/mm-repair/sdsl/encode.x /mnt/data/datasets/machine-learning-matrices-split/glove.q4k.csv.12.5.A.vc.R 
Integer vector compression time: 0.1248
==== OLE
Command: /home/louza/mm-repair/ole/encode.x /mnt/data/datasets/machine-learning-matrices-split/glove.q4k.csv.12.5.A.vc.C 
Command: /home/louza/mm-repair/ole/encode.x /mnt/data/datasets/machine-learning-matrices-split/glove.q4k.csv.12.5.B.vc 
OLE time: 0.5339
==== Ans-fold compression
Command: /home/louza/mm-repair/ans/encode.x /mnt/data/datasets/machine-learning-matrices-split/glove.q4k.csv.12.5.A.vc.C 
Command: /home/louza/mm-repair/ans/encode.x /mnt/data/datasets/machine-learning-matrices-split/glove.q4k.csv.12.5.B.vc
Ans-fold time: 4.6296
==== Integer vector .C compression
Command: /home/louza/mm-repair/sdsl/encode.x /mnt/data/datasets/machine-learning-matrices-split/glove.q4k.csv.12.6.A.vc.C 
==== Integer vector .R compression
Command: /home/louza/mm-repair/sdsl/encode.x /mnt/data/datasets/machine-learning-matrices-split/glove.q4k.csv.12.6.A.vc.R 
Integer vector compression time: 0.1066
==== OLE
Command: /home/louza/mm-repair/ole/encode.x /mnt/data/datasets/machine-learning-matrices-split/glove.q4k.csv.12.6.A.vc.C 
Command: /home/louza/mm-repair/ole/encode.x /mnt/data/datasets/machine-learning-matrices-split/glove.q4k.csv.12.6.B.vc 
OLE time: 0.7436
==== Ans-fold compression
Command: /home/louza/mm-repair/ans/encode.x /mnt/data/datasets/machine-learning-matrices-split/glove.q4k.csv.12.6.A.vc.C 
Command: /home/louza/mm-repair/ans/encode.x /mnt/data/datasets/machine-learning-matrices-split/glove.q4k.csv.12.6.B.vc
Ans-fold time: 5.2646
==== Integer vector .C compression
Command: /home/louza/mm-repair/sdsl/encode.x /mnt/data/datasets/machine-learning-matrices-split/glove.q4k.csv.12.7.A.vc.C 
==== Integer vector .R compression
Command: /home/louza/mm-repair/sdsl/encode.x /mnt/data/datasets/machine-learning-matrices-split/glove.q4k.csv.12.7.A.vc.R 
Integer vector compression time: 0.0310
==== OLE
Command: /home/louza/mm-repair/ole/encode.x /mnt/data/datasets/machine-learning-matrices-split/glove.q4k.csv.12.7.A.vc.C 
Command: /home/louza/mm-repair/ole/encode.x /mnt/data/datasets/machine-learning-matrices-split/glove.q4k.csv.12.7.B.vc 
OLE time: 0.4669
==== Ans-fold compression
Command: /home/louza/mm-repair/ans/encode.x /mnt/data/datasets/machine-learning-matrices-split/glove.q4k.csv.12.7.A.vc.C 
Command: /home/louza/mm-repair/ans/encode.x /mnt/data/datasets/machine-learning-matrices-split/glove.q4k.csv.12.7.B.vc
Ans-fold time: 5.8932
==== Integer vector .C compression
Command: /home/louza/mm-repair/sdsl/encode.x /mnt/data/datasets/machine-learning-matrices-split/glove.q4k.csv.12.8.A.vc.C 
==== Integer vector .R compression
Command: /home/louza/mm-repair/sdsl/encode.x /mnt/data/datasets/machine-learning-matrices-split/glove.q4k.csv.12.8.A.vc.R 
Integer vector compression time: 0.0304
==== OLE
Command: /home/louza/mm-repair/ole/encode.x /mnt/data/datasets/machine-learning-matrices-split/glove.q4k.csv.12.8.A.vc.C 
Command: /home/louza/mm-repair/ole/encode.x /mnt/data/datasets/machine-learning-matrices-split/glove.q4k.csv.12.8.B.vc 
OLE time: 0.4622
==== Ans-fold compression
Command: /home/louza/mm-repair/ans/encode.x /mnt/data/datasets/machine-learning-matrices-split/glove.q4k.csv.12.8.A.vc.C 
Command: /home/louza/mm-repair/ans/encode.x /mnt/data/datasets/machine-learning-matrices-split/glove.q4k.csv.12.8.B.vc
Ans-fold time: 6.5278
==== Integer vector .C compression
Command: /home/louza/mm-repair/sdsl/encode.x /mnt/data/datasets/machine-learning-matrices-split/glove.q4k.csv.12.9.A.vc.C 
==== Integer vector .R compression
Command: /home/louza/mm-repair/sdsl/encode.x /mnt/data/datasets/machine-learning-matrices-split/glove.q4k.csv.12.9.A.vc.R 
Integer vector compression time: 0.0353
==== OLE
Command: /home/louza/mm-repair/ole/encode.x /mnt/data/datasets/machine-learning-matrices-split/glove.q4k.csv.12.9.A.vc.C 
Command: /home/louza/mm-repair/ole/encode.x /mnt/data/datasets/machine-learning-matrices-split/glove.q4k.csv.12.9.B.vc 
OLE time: 0.4073
==== Ans-fold compression
Command: /home/louza/mm-repair/ans/encode.x /mnt/data/datasets/machine-learning-matrices-split/glove.q4k.csv.12.9.A.vc.C 
Command: /home/louza/mm-repair/ans/encode.x /mnt/data/datasets/machine-learning-matrices-split/glove.q4k.csv.12.9.B.vc
Ans-fold time: 7.2040
==== Integer vector .C compression
Command: /home/louza/mm-repair/sdsl/encode.x /mnt/data/datasets/machine-learning-matrices-split/glove.q4k.csv.12.10.A.vc.C 
==== Integer vector .R compression
Command: /home/louza/mm-repair/sdsl/encode.x /mnt/data/datasets/machine-learning-matrices-split/glove.q4k.csv.12.10.A.vc.R 
Integer vector compression time: 0.0349
==== OLE
Command: /home/louza/mm-repair/ole/encode.x /mnt/data/datasets/machine-learning-matrices-split/glove.q4k.csv.12.10.A.vc.C 
Command: /home/louza/mm-repair/ole/encode.x /mnt/data/datasets/machine-learning-matrices-split/glove.q4k.csv.12.10.B.vc 
OLE time: 0.4973
==== Ans-fold compression
Command: /home/louza/mm-repair/ans/encode.x /mnt/data/datasets/machine-learning-matrices-split/glove.q4k.csv.12.10.A.vc.C 
Command: /home/louza/mm-repair/ans/encode.x /mnt/data/datasets/machine-learning-matrices-split/glove.q4k.csv.12.10.B.vc
Ans-fold time: 8.0871
==== Integer vector .C compression
Command: /home/louza/mm-repair/sdsl/encode.x /mnt/data/datasets/machine-learning-matrices-split/glove.q4k.csv.12.11.A.vc.C 
==== Integer vector .R compression
Command: /home/louza/mm-repair/sdsl/encode.x /mnt/data/datasets/machine-learning-matrices-split/glove.q4k.csv.12.11.A.vc.R 
Integer vector compression time: 0.1046
==== OLE
Command: /home/louza/mm-repair/ole/encode.x /mnt/data/datasets/machine-learning-matrices-split/glove.q4k.csv.12.11.A.vc.C 
Command: /home/louza/mm-repair/ole/encode.x /mnt/data/datasets/machine-learning-matrices-split/glove.q4k.csv.12.11.B.vc 
OLE time: 0.4727
==== Ans-fold compression
Command: /home/louza/mm-repair/ans/encode.x /mnt/data/datasets/machine-learning-matrices-split/glove.q4k.csv.12.11.A.vc.C 
Command: /home/louza/mm-repair/ans/encode.x /mnt/data/datasets/machine-learning-matrices-split/glove.q4k.csv.12.11.B.vc
Ans-fold time: 8.7563
Elapsed time: 625.7642
==== Compression Report:
 >> matrix name: /mnt/data/datasets/machine-learning-matrices-split/glove.q4k.csv
 >> conversion time: 609.45
 >> repair time: 0.05
 >> integer vectors time: 0.10
 >> ansf time: 8.76
 >> total time: 625.76
 >> matrix log(alpha)xNumEntries size: 180000000 bytes
 >> matrix dense size: 960000000 bytes
 >> total number of nonzero: 455506 (0.38%)
 >> number of distinct nonzero: 3294
 >> CRSV  size: 3448376 bytes  (0.36%)
 >> B	  size: 479777976 bytes  (49.98%)
 >> B_ans size: 179087352 bytes  (18.65%)
 >> RE32  size: 182229708 bytes  (18.98%)
 >> REIV  size: 181061544 bytes  (18.86%)
 >> REANS size: 180006105 bytes  (18.75%)
==== Done

#### 2026-09-06 08:06:19
 Command line: ./mm-repair/matrepair -r -b 12 -p 12 /mnt/data/datasets/machine-learning-matrices-split/glove.q4k.csv 400000 300 --mapping --split 
Setting memory for each repair instance to 38671 MBs
Sending logging messages to file: /mnt/data/datasets/machine-learning-matrices-split/glove.q4k.csv.log
==== Conversion bin/csv->csrv
Command: /home/louza/mm-repair/csvmat2csrv -b 12   /mnt/data/datasets/machine-learning-matrices-split/glove.q4k.csv -r 0 -m -s 400000 300
Conversion time: 591.1266
==== Repair paralell compression
---- Executing 12 parallel processes
---- Parallel processing completed
Repair time: 0.0424
==== Integer vector .C compression
Command: /home/louza/mm-repair/sdsl/encode.x /mnt/data/datasets/machine-learning-matrices-split/glove.q4k.csv.12.0.A.vc.C 
==== Integer vector .R compression
Command: /home/louza/mm-repair/sdsl/encode.x /mnt/data/datasets/machine-learning-matrices-split/glove.q4k.csv.12.0.A.vc.R 
Integer vector compression time: 0.0290
==== Ans-fold compression
Command: /home/louza/mm-repair/ans/encode.x /mnt/data/datasets/machine-learning-matrices-split/glove.q4k.csv.12.0.A.vc.C 
Command: /home/louza/mm-repair/ans/encode.x /mnt/data/datasets/machine-learning-matrices-split/glove.q4k.csv.12.0.B.vc
Ans-fold time: 1.0899
==== Integer vector .C compression
Command: /home/louza/mm-repair/sdsl/encode.x /mnt/data/datasets/machine-learning-matrices-split/glove.q4k.csv.12.1.A.vc.C 
==== Integer vector .R compression
Command: /home/louza/mm-repair/sdsl/encode.x /mnt/data/datasets/machine-learning-matrices-split/glove.q4k.csv.12.1.A.vc.R 
Integer vector compression time: 0.0350
==== Ans-fold compression
Command: /home/louza/mm-repair/ans/encode.x /mnt/data/datasets/machine-learning-matrices-split/glove.q4k.csv.12.1.A.vc.C 
Command: /home/louza/mm-repair/ans/encode.x /mnt/data/datasets/machine-learning-matrices-split/glove.q4k.csv.12.1.B.vc
Ans-fold time: 2.4760
==== Integer vector .C compression
Command: /home/louza/mm-repair/sdsl/encode.x /mnt/data/datasets/machine-learning-matrices-split/glove.q4k.csv.12.2.A.vc.C 
==== Integer vector .R compression
Command: /home/louza/mm-repair/sdsl/encode.x /mnt/data/datasets/machine-learning-matrices-split/glove.q4k.csv.12.2.A.vc.R 
Integer vector compression time: 0.0597
==== Ans-fold compression
Command: /home/louza/mm-repair/ans/encode.x /mnt/data/datasets/machine-learning-matrices-split/glove.q4k.csv.12.2.A.vc.C 
Command: /home/louza/mm-repair/ans/encode.x /mnt/data/datasets/machine-learning-matrices-split/glove.q4k.csv.12.2.B.vc
Ans-fold time: 3.2078
==== Integer vector .C compression
Command: /home/louza/mm-repair/sdsl/encode.x /mnt/data/datasets/machine-learning-matrices-split/glove.q4k.csv.12.3.A.vc.C 
==== Integer vector .R compression
Command: /home/louza/mm-repair/sdsl/encode.x /mnt/data/datasets/machine-learning-matrices-split/glove.q4k.csv.12.3.A.vc.R 
Integer vector compression time: 0.0306
==== Ans-fold compression
Command: /home/louza/mm-repair/ans/encode.x /mnt/data/datasets/machine-learning-matrices-split/glove.q4k.csv.12.3.A.vc.C 
Command: /home/louza/mm-repair/ans/encode.x /mnt/data/datasets/machine-learning-matrices-split/glove.q4k.csv.12.3.B.vc
Ans-fold time: 4.4338
==== Integer vector .C compression
Command: /home/louza/mm-repair/sdsl/encode.x /mnt/data/datasets/machine-learning-matrices-split/glove.q4k.csv.12.4.A.vc.C 
==== Integer vector .R compression
Command: /home/louza/mm-repair/sdsl/encode.x /mnt/data/datasets/machine-learning-matrices-split/glove.q4k.csv.12.4.A.vc.R 
Integer vector compression time: 0.0524
==== Ans-fold compression
Command: /home/louza/mm-repair/ans/encode.x /mnt/data/datasets/machine-learning-matrices-split/glove.q4k.csv.12.4.A.vc.C 
Command: /home/louza/mm-repair/ans/encode.x /mnt/data/datasets/machine-learning-matrices-split/glove.q4k.csv.12.4.B.vc
Ans-fold time: 5.4617
==== Integer vector .C compression
Command: /home/louza/mm-repair/sdsl/encode.x /mnt/data/datasets/machine-learning-matrices-split/glove.q4k.csv.12.5.A.vc.C 
==== Integer vector .R compression
Command: /home/louza/mm-repair/sdsl/encode.x /mnt/data/datasets/machine-learning-matrices-split/glove.q4k.csv.12.5.A.vc.R 
Integer vector compression time: 0.0329
==== Ans-fold compression
Command: /home/louza/mm-repair/ans/encode.x /mnt/data/datasets/machine-learning-matrices-split/glove.q4k.csv.12.5.A.vc.C 
Command: /home/louza/mm-repair/ans/encode.x /mnt/data/datasets/machine-learning-matrices-split/glove.q4k.csv.12.5.B.vc
Ans-fold time: 6.5247
==== Integer vector .C compression
Command: /home/louza/mm-repair/sdsl/encode.x /mnt/data/datasets/machine-learning-matrices-split/glove.q4k.csv.12.6.A.vc.C 
==== Integer vector .R compression
Command: /home/louza/mm-repair/sdsl/encode.x /mnt/data/datasets/machine-learning-matrices-split/glove.q4k.csv.12.6.A.vc.R 
Integer vector compression time: 0.0331
==== Ans-fold compression
Command: /home/louza/mm-repair/ans/encode.x /mnt/data/datasets/machine-learning-matrices-split/glove.q4k.csv.12.6.A.vc.C 
Command: /home/louza/mm-repair/ans/encode.x /mnt/data/datasets/machine-learning-matrices-split/glove.q4k.csv.12.6.B.vc
Ans-fold time: 7.5392
==== Integer vector .C compression
Command: /home/louza/mm-repair/sdsl/encode.x /mnt/data/datasets/machine-learning-matrices-split/glove.q4k.csv.12.7.A.vc.C 
==== Integer vector .R compression
Command: /home/louza/mm-repair/sdsl/encode.x /mnt/data/datasets/machine-learning-matrices-split/glove.q4k.csv.12.7.A.vc.R 
Integer vector compression time: 0.0312
==== Ans-fold compression
Command: /home/louza/mm-repair/ans/encode.x /mnt/data/datasets/machine-learning-matrices-split/glove.q4k.csv.12.7.A.vc.C 
Command: /home/louza/mm-repair/ans/encode.x /mnt/data/datasets/machine-learning-matrices-split/glove.q4k.csv.12.7.B.vc
Ans-fold time: 8.6813
==== Integer vector .C compression
Command: /home/louza/mm-repair/sdsl/encode.x /mnt/data/datasets/machine-learning-matrices-split/glove.q4k.csv.12.8.A.vc.C 
==== Integer vector .R compression
Command: /home/louza/mm-repair/sdsl/encode.x /mnt/data/datasets/machine-learning-matrices-split/glove.q4k.csv.12.8.A.vc.R 
Integer vector compression time: 0.0780
==== Ans-fold compression
Command: /home/louza/mm-repair/ans/encode.x /mnt/data/datasets/machine-learning-matrices-split/glove.q4k.csv.12.8.A.vc.C 
Command: /home/louza/mm-repair/ans/encode.x /mnt/data/datasets/machine-learning-matrices-split/glove.q4k.csv.12.8.B.vc
Ans-fold time: 9.7317
==== Integer vector .C compression
Command: /home/louza/mm-repair/sdsl/encode.x /mnt/data/datasets/machine-learning-matrices-split/glove.q4k.csv.12.9.A.vc.C 
==== Integer vector .R compression
Command: /home/louza/mm-repair/sdsl/encode.x /mnt/data/datasets/machine-learning-matrices-split/glove.q4k.csv.12.9.A.vc.R 
Integer vector compression time: 0.0323
==== Ans-fold compression
Command: /home/louza/mm-repair/ans/encode.x /mnt/data/datasets/machine-learning-matrices-split/glove.q4k.csv.12.9.A.vc.C 
Command: /home/louza/mm-repair/ans/encode.x /mnt/data/datasets/machine-learning-matrices-split/glove.q4k.csv.12.9.B.vc
Ans-fold time: 10.9880
==== Integer vector .C compression
Command: /home/louza/mm-repair/sdsl/encode.x /mnt/data/datasets/machine-learning-matrices-split/glove.q4k.csv.12.10.A.vc.C 
==== Integer vector .R compression
Command: /home/louza/mm-repair/sdsl/encode.x /mnt/data/datasets/machine-learning-matrices-split/glove.q4k.csv.12.10.A.vc.R 
Integer vector compression time: 0.0665
==== Ans-fold compression
Command: /home/louza/mm-repair/ans/encode.x /mnt/data/datasets/machine-learning-matrices-split/glove.q4k.csv.12.10.A.vc.C 
Command: /home/louza/mm-repair/ans/encode.x /mnt/data/datasets/machine-learning-matrices-split/glove.q4k.csv.12.10.B.vc
Ans-fold time: 12.0251
==== Integer vector .C compression
Command: /home/louza/mm-repair/sdsl/encode.x /mnt/data/datasets/machine-learning-matrices-split/glove.q4k.csv.12.11.A.vc.C 
==== Integer vector .R compression
Command: /home/louza/mm-repair/sdsl/encode.x /mnt/data/datasets/machine-learning-matrices-split/glove.q4k.csv.12.11.A.vc.R 
Integer vector compression time: 0.0332
==== Ans-fold compression
Command: /home/louza/mm-repair/ans/encode.x /mnt/data/datasets/machine-learning-matrices-split/glove.q4k.csv.12.11.A.vc.C 
Command: /home/louza/mm-repair/ans/encode.x /mnt/data/datasets/machine-learning-matrices-split/glove.q4k.csv.12.11.B.vc
Ans-fold time: 12.8954
Command: /home/louza/mm-repair/ans/encode.x /mnt/data/datasets/machine-learning-matrices-split/glove.q4k.csv.wcode 
Elapsed time: 604.6060
==== Compression Report:
 >> matrix name: /mnt/data/datasets/machine-learning-matrices-split/glove.q4k.csv
 >> conversion time: 591.13
 >> repair time: 0.04
 >> integer vectors time: 0.03
 >> ansf time: 12.90
 >> total time: 604.61
 >> wcode: 2334536 bytes
 >> wcode_ans: 47562 bytes
 >> matrix log(alpha)xNumEntries size: 180000000 bytes
 >> matrix dense size: 960000000 bytes
 >> total number of nonzero: 455506 (0.38%)
 >> number of distinct nonzero: 3294
 >> CRSV  size: 3448376 bytes  (0.36%)
 >> B	  size: 479777976 bytes  (49.98%)
 >> B_ans size: 275243281 bytes  (28.67%)
 >> RE32  size: 280720173 bytes  (29.24%)
 >> REIV  size: 279523785 bytes  (29.12%)
 >> REANS size: 276223037 bytes  (28.77%)
==== Done

#### 2026-09-06 08:16:24
 Command line: ./mm-repair/matrepair -r -b 12 -p 12 /mnt/data/datasets/machine-learning-matrices-split/glove.q4k.csv 400000 300 --ole --mapping --split 
Setting memory for each repair instance to 38671 MBs
Sending logging messages to file: /mnt/data/datasets/machine-learning-matrices-split/glove.q4k.csv.log
==== Conversion bin/csv->csrv
Command: /home/louza/mm-repair/csvmat2csrv -b 12   /mnt/data/datasets/machine-learning-matrices-split/glove.q4k.csv -r 0 -m -s 400000 300
Conversion time: 821.6233
==== Repair paralell compression
---- Executing 12 parallel processes
---- Parallel processing completed
Repair time: 0.0450
==== Integer vector .C compression
Command: /home/louza/mm-repair/sdsl/encode.x /mnt/data/datasets/machine-learning-matrices-split/glove.q4k.csv.12.0.A.vc.C 
==== Integer vector .R compression
Command: /home/louza/mm-repair/sdsl/encode.x /mnt/data/datasets/machine-learning-matrices-split/glove.q4k.csv.12.0.A.vc.R 
Integer vector compression time: 0.0294
==== OLE
Command: /home/louza/mm-repair/ole/encode.x /mnt/data/datasets/machine-learning-matrices-split/glove.q4k.csv.12.0.A.vc.C 
Command: /home/louza/mm-repair/ole/encode.x /mnt/data/datasets/machine-learning-matrices-split/glove.q4k.csv.12.0.B.vc 
OLE time: 0.3487
==== Ans-fold compression
Command: /home/louza/mm-repair/ans/encode.x /mnt/data/datasets/machine-learning-matrices-split/glove.q4k.csv.12.0.A.vc.C 
Command: /home/louza/mm-repair/ans/encode.x /mnt/data/datasets/machine-learning-matrices-split/glove.q4k.csv.12.0.B.vc
Ans-fold time: 0.4772
==== Integer vector .C compression
Command: /home/louza/mm-repair/sdsl/encode.x /mnt/data/datasets/machine-learning-matrices-split/glove.q4k.csv.12.1.A.vc.C 
==== Integer vector .R compression
Command: /home/louza/mm-repair/sdsl/encode.x /mnt/data/datasets/machine-learning-matrices-split/glove.q4k.csv.12.1.A.vc.R 
Integer vector compression time: 0.0296
==== OLE
Command: /home/louza/mm-repair/ole/encode.x /mnt/data/datasets/machine-learning-matrices-split/glove.q4k.csv.12.1.A.vc.C 
Command: /home/louza/mm-repair/ole/encode.x /mnt/data/datasets/machine-learning-matrices-split/glove.q4k.csv.12.1.B.vc 
OLE time: 0.3301
==== Ans-fold compression
Command: /home/louza/mm-repair/ans/encode.x /mnt/data/datasets/machine-learning-matrices-split/glove.q4k.csv.12.1.A.vc.C 
Command: /home/louza/mm-repair/ans/encode.x /mnt/data/datasets/machine-learning-matrices-split/glove.q4k.csv.12.1.B.vc
Ans-fold time: 0.9101
==== Integer vector .C compression
Command: /home/louza/mm-repair/sdsl/encode.x /mnt/data/datasets/machine-learning-matrices-split/glove.q4k.csv.12.2.A.vc.C 
==== Integer vector .R compression
Command: /home/louza/mm-repair/sdsl/encode.x /mnt/data/datasets/machine-learning-matrices-split/glove.q4k.csv.12.2.A.vc.R 
Integer vector compression time: 0.0297
==== OLE
Command: /home/louza/mm-repair/ole/encode.x /mnt/data/datasets/machine-learning-matrices-split/glove.q4k.csv.12.2.A.vc.C 
Command: /home/louza/mm-repair/ole/encode.x /mnt/data/datasets/machine-learning-matrices-split/glove.q4k.csv.12.2.B.vc 
OLE time: 0.3138
==== Ans-fold compression
Command: /home/louza/mm-repair/ans/encode.x /mnt/data/datasets/machine-learning-matrices-split/glove.q4k.csv.12.2.A.vc.C 
Command: /home/louza/mm-repair/ans/encode.x /mnt/data/datasets/machine-learning-matrices-split/glove.q4k.csv.12.2.B.vc
Ans-fold time: 1.5761
==== Integer vector .C compression
Command: /home/louza/mm-repair/sdsl/encode.x /mnt/data/datasets/machine-learning-matrices-split/glove.q4k.csv.12.3.A.vc.C 
==== Integer vector .R compression
Command: /home/louza/mm-repair/sdsl/encode.x /mnt/data/datasets/machine-learning-matrices-split/glove.q4k.csv.12.3.A.vc.R 
Integer vector compression time: 0.0436
==== OLE
Command: /home/louza/mm-repair/ole/encode.x /mnt/data/datasets/machine-learning-matrices-split/glove.q4k.csv.12.3.A.vc.C 
Command: /home/louza/mm-repair/ole/encode.x /mnt/data/datasets/machine-learning-matrices-split/glove.q4k.csv.12.3.B.vc 
OLE time: 0.2915
==== Ans-fold compression
Command: /home/louza/mm-repair/ans/encode.x /mnt/data/datasets/machine-learning-matrices-split/glove.q4k.csv.12.3.A.vc.C 
Command: /home/louza/mm-repair/ans/encode.x /mnt/data/datasets/machine-learning-matrices-split/glove.q4k.csv.12.3.B.vc
Ans-fold time: 2.1088
==== Integer vector .C compression
Command: /home/louza/mm-repair/sdsl/encode.x /mnt/data/datasets/machine-learning-matrices-split/glove.q4k.csv.12.4.A.vc.C 
==== Integer vector .R compression
Command: /home/louza/mm-repair/sdsl/encode.x /mnt/data/datasets/machine-learning-matrices-split/glove.q4k.csv.12.4.A.vc.R 
Integer vector compression time: 0.0299
==== OLE
Command: /home/louza/mm-repair/ole/encode.x /mnt/data/datasets/machine-learning-matrices-split/glove.q4k.csv.12.4.A.vc.C 
Command: /home/louza/mm-repair/ole/encode.x /mnt/data/datasets/machine-learning-matrices-split/glove.q4k.csv.12.4.B.vc 
OLE time: 0.2958
==== Ans-fold compression
Command: /home/louza/mm-repair/ans/encode.x /mnt/data/datasets/machine-learning-matrices-split/glove.q4k.csv.12.4.A.vc.C 
Command: /home/louza/mm-repair/ans/encode.x /mnt/data/datasets/machine-learning-matrices-split/glove.q4k.csv.12.4.B.vc
Ans-fold time: 2.6157
==== Integer vector .C compression
Command: /home/louza/mm-repair/sdsl/encode.x /mnt/data/datasets/machine-learning-matrices-split/glove.q4k.csv.12.5.A.vc.C 
==== Integer vector .R compression
Command: /home/louza/mm-repair/sdsl/encode.x /mnt/data/datasets/machine-learning-matrices-split/glove.q4k.csv.12.5.A.vc.R 
Integer vector compression time: 0.0310
==== OLE
Command: /home/louza/mm-repair/ole/encode.x /mnt/data/datasets/machine-learning-matrices-split/glove.q4k.csv.12.5.A.vc.C 
Command: /home/louza/mm-repair/ole/encode.x /mnt/data/datasets/machine-learning-matrices-split/glove.q4k.csv.12.5.B.vc 
OLE time: 0.3385
==== Ans-fold compression
Command: /home/louza/mm-repair/ans/encode.x /mnt/data/datasets/machine-learning-matrices-split/glove.q4k.csv.12.5.A.vc.C 
Command: /home/louza/mm-repair/ans/encode.x /mnt/data/datasets/machine-learning-matrices-split/glove.q4k.csv.12.5.B.vc
Ans-fold time: 3.1497
==== Integer vector .C compression
Command: /home/louza/mm-repair/sdsl/encode.x /mnt/data/datasets/machine-learning-matrices-split/glove.q4k.csv.12.6.A.vc.C 
==== Integer vector .R compression
Command: /home/louza/mm-repair/sdsl/encode.x /mnt/data/datasets/machine-learning-matrices-split/glove.q4k.csv.12.6.A.vc.R 
Integer vector compression time: 0.0305
==== OLE
Command: /home/louza/mm-repair/ole/encode.x /mnt/data/datasets/machine-learning-matrices-split/glove.q4k.csv.12.6.A.vc.C 
Command: /home/louza/mm-repair/ole/encode.x /mnt/data/datasets/machine-learning-matrices-split/glove.q4k.csv.12.6.B.vc 
OLE time: 0.3428
==== Ans-fold compression
Command: /home/louza/mm-repair/ans/encode.x /mnt/data/datasets/machine-learning-matrices-split/glove.q4k.csv.12.6.A.vc.C 
Command: /home/louza/mm-repair/ans/encode.x /mnt/data/datasets/machine-learning-matrices-split/glove.q4k.csv.12.6.B.vc
Ans-fold time: 3.5580
==== Integer vector .C compression
Command: /home/louza/mm-repair/sdsl/encode.x /mnt/data/datasets/machine-learning-matrices-split/glove.q4k.csv.12.7.A.vc.C 
==== Integer vector .R compression
Command: /home/louza/mm-repair/sdsl/encode.x /mnt/data/datasets/machine-learning-matrices-split/glove.q4k.csv.12.7.A.vc.R 
Integer vector compression time: 0.0312
==== OLE
Command: /home/louza/mm-repair/ole/encode.x /mnt/data/datasets/machine-learning-matrices-split/glove.q4k.csv.12.7.A.vc.C 
Command: /home/louza/mm-repair/ole/encode.x /mnt/data/datasets/machine-learning-matrices-split/glove.q4k.csv.12.7.B.vc 
OLE time: 0.3137
==== Ans-fold compression
Command: /home/louza/mm-repair/ans/encode.x /mnt/data/datasets/machine-learning-matrices-split/glove.q4k.csv.12.7.A.vc.C 
Command: /home/louza/mm-repair/ans/encode.x /mnt/data/datasets/machine-learning-matrices-split/glove.q4k.csv.12.7.B.vc
Ans-fold time: 4.1119
==== Integer vector .C compression
Command: /home/louza/mm-repair/sdsl/encode.x /mnt/data/datasets/machine-learning-matrices-split/glove.q4k.csv.12.8.A.vc.C 
==== Integer vector .R compression
Command: /home/louza/mm-repair/sdsl/encode.x /mnt/data/datasets/machine-learning-matrices-split/glove.q4k.csv.12.8.A.vc.R 
Integer vector compression time: 0.0281
==== OLE
Command: /home/louza/mm-repair/ole/encode.x /mnt/data/datasets/machine-learning-matrices-split/glove.q4k.csv.12.8.A.vc.C 
Command: /home/louza/mm-repair/ole/encode.x /mnt/data/datasets/machine-learning-matrices-split/glove.q4k.csv.12.8.B.vc 
OLE time: 0.3031
==== Ans-fold compression
Command: /home/louza/mm-repair/ans/encode.x /mnt/data/datasets/machine-learning-matrices-split/glove.q4k.csv.12.8.A.vc.C 
Command: /home/louza/mm-repair/ans/encode.x /mnt/data/datasets/machine-learning-matrices-split/glove.q4k.csv.12.8.B.vc
Ans-fold time: 4.5775
==== Integer vector .C compression
Command: /home/louza/mm-repair/sdsl/encode.x /mnt/data/datasets/machine-learning-matrices-split/glove.q4k.csv.12.9.A.vc.C 
==== Integer vector .R compression
Command: /home/louza/mm-repair/sdsl/encode.x /mnt/data/datasets/machine-learning-matrices-split/glove.q4k.csv.12.9.A.vc.R 
Integer vector compression time: 0.0301
==== OLE
Command: /home/louza/mm-repair/ole/encode.x /mnt/data/datasets/machine-learning-matrices-split/glove.q4k.csv.12.9.A.vc.C 
Command: /home/louza/mm-repair/ole/encode.x /mnt/data/datasets/machine-learning-matrices-split/glove.q4k.csv.12.9.B.vc 
OLE time: 0.3826
==== Ans-fold compression
Command: /home/louza/mm-repair/ans/encode.x /mnt/data/datasets/machine-learning-matrices-split/glove.q4k.csv.12.9.A.vc.C 
Command: /home/louza/mm-repair/ans/encode.x /mnt/data/datasets/machine-learning-matrices-split/glove.q4k.csv.12.9.B.vc
Ans-fold time: 5.0998
==== Integer vector .C compression
Command: /home/louza/mm-repair/sdsl/encode.x /mnt/data/datasets/machine-learning-matrices-split/glove.q4k.csv.12.10.A.vc.C 
==== Integer vector .R compression
Command: /home/louza/mm-repair/sdsl/encode.x /mnt/data/datasets/machine-learning-matrices-split/glove.q4k.csv.12.10.A.vc.R 
Integer vector compression time: 0.0473
==== OLE
Command: /home/louza/mm-repair/ole/encode.x /mnt/data/datasets/machine-learning-matrices-split/glove.q4k.csv.12.10.A.vc.C 
Command: /home/louza/mm-repair/ole/encode.x /mnt/data/datasets/machine-learning-matrices-split/glove.q4k.csv.12.10.B.vc 
OLE time: 0.4069
==== Ans-fold compression
Command: /home/louza/mm-repair/ans/encode.x /mnt/data/datasets/machine-learning-matrices-split/glove.q4k.csv.12.10.A.vc.C 
Command: /home/louza/mm-repair/ans/encode.x /mnt/data/datasets/machine-learning-matrices-split/glove.q4k.csv.12.10.B.vc
Ans-fold time: 5.6244
==== Integer vector .C compression
Command: /home/louza/mm-repair/sdsl/encode.x /mnt/data/datasets/machine-learning-matrices-split/glove.q4k.csv.12.11.A.vc.C 
==== Integer vector .R compression
Command: /home/louza/mm-repair/sdsl/encode.x /mnt/data/datasets/machine-learning-matrices-split/glove.q4k.csv.12.11.A.vc.R 
Integer vector compression time: 0.0265
==== OLE
Command: /home/louza/mm-repair/ole/encode.x /mnt/data/datasets/machine-learning-matrices-split/glove.q4k.csv.12.11.A.vc.C 
Command: /home/louza/mm-repair/ole/encode.x /mnt/data/datasets/machine-learning-matrices-split/glove.q4k.csv.12.11.B.vc 
OLE time: 0.3446
==== Ans-fold compression
Command: /home/louza/mm-repair/ans/encode.x /mnt/data/datasets/machine-learning-matrices-split/glove.q4k.csv.12.11.A.vc.C 
Command: /home/louza/mm-repair/ans/encode.x /mnt/data/datasets/machine-learning-matrices-split/glove.q4k.csv.12.11.B.vc
Ans-fold time: 6.1313
Command: /home/louza/mm-repair/ans/encode.x /mnt/data/datasets/machine-learning-matrices-split/glove.q4k.csv.wcode 
Elapsed time: 832.2796
==== Compression Report:
 >> matrix name: /mnt/data/datasets/machine-learning-matrices-split/glove.q4k.csv
 >> conversion time: 821.62
 >> repair time: 0.04
 >> integer vectors time: 0.03
 >> ansf time: 6.13
 >> total time: 832.28
 >> wcode: 2334536 bytes
 >> wcode_ans: 47562 bytes
 >> matrix log(alpha)xNumEntries size: 180000000 bytes
 >> matrix dense size: 960000000 bytes
 >> total number of nonzero: 455506 (0.38%)
 >> number of distinct nonzero: 3294
 >> CRSV  size: 3448376 bytes  (0.36%)
 >> B	  size: 479777976 bytes  (49.98%)
 >> B_ans size: 177379581 bytes  (18.48%)
 >> RE32  size: 182856473 bytes  (19.05%)
 >> REIV  size: 181660085 bytes  (18.92%)
 >> REANS size: 178342835 bytes  (18.58%)
==== Done
REANS -b 32

#### 2026-09-07 10:48:48
 Command line: ./mm-repair/matrepair -r -b 32 -p 32 /mnt/data/datasets/machine-learning-matrices-split/glove.q4k.csv 400000 300 
Setting memory for each repair instance to 14501 MBs
Sending logging messages to file: /mnt/data/datasets/machine-learning-matrices-split/glove.q4k.csv.log
==== Conversion bin/csv->csrv
Command: /home/louza/mm-repair/csvmat2csrv -b 32   /mnt/data/datasets/machine-learning-matrices-split/glove.q4k.csv -r 0   400000 300
Conversion time: 2930.6205
==== Repair paralell compression
---- Executing 32 parallel processes
---- Parallel processing completed
Repair time: 7.2758
==== Integer vector .C compression
Command: /home/louza/mm-repair/sdsl/encode.x /mnt/data/datasets/machine-learning-matrices-split/glove.q4k.csv.32.0.vc.C 
==== Integer vector .R compression
Command: /home/louza/mm-repair/sdsl/encode.x /mnt/data/datasets/machine-learning-matrices-split/glove.q4k.csv.32.0.vc.R 
Integer vector compression time: 0.1853
==== Ans-fold compression
Command: /home/louza/mm-repair/ans/encode.x /mnt/data/datasets/machine-learning-matrices-split/glove.q4k.csv.32.0.vc.C 
Ans-fold time: 0.6634
==== Integer vector .C compression
Command: /home/louza/mm-repair/sdsl/encode.x /mnt/data/datasets/machine-learning-matrices-split/glove.q4k.csv.32.1.vc.C 
==== Integer vector .R compression
Command: /home/louza/mm-repair/sdsl/encode.x /mnt/data/datasets/machine-learning-matrices-split/glove.q4k.csv.32.1.vc.R 
Integer vector compression time: 0.1769
==== Ans-fold compression
Command: /home/louza/mm-repair/ans/encode.x /mnt/data/datasets/machine-learning-matrices-split/glove.q4k.csv.32.1.vc.C 
Ans-fold time: 1.2960
==== Integer vector .C compression
Command: /home/louza/mm-repair/sdsl/encode.x /mnt/data/datasets/machine-learning-matrices-split/glove.q4k.csv.32.2.vc.C 
==== Integer vector .R compression
Command: /home/louza/mm-repair/sdsl/encode.x /mnt/data/datasets/machine-learning-matrices-split/glove.q4k.csv.32.2.vc.R 
Integer vector compression time: 0.1880
==== Ans-fold compression
Command: /home/louza/mm-repair/ans/encode.x /mnt/data/datasets/machine-learning-matrices-split/glove.q4k.csv.32.2.vc.C 
Ans-fold time: 2.0239
==== Integer vector .C compression
Command: /home/louza/mm-repair/sdsl/encode.x /mnt/data/datasets/machine-learning-matrices-split/glove.q4k.csv.32.3.vc.C 
==== Integer vector .R compression
Command: /home/louza/mm-repair/sdsl/encode.x /mnt/data/datasets/machine-learning-matrices-split/glove.q4k.csv.32.3.vc.R 
Integer vector compression time: 0.1514
==== Ans-fold compression
Command: /home/louza/mm-repair/ans/encode.x /mnt/data/datasets/machine-learning-matrices-split/glove.q4k.csv.32.3.vc.C 
Ans-fold time: 2.3625
==== Integer vector .C compression
Command: /home/louza/mm-repair/sdsl/encode.x /mnt/data/datasets/machine-learning-matrices-split/glove.q4k.csv.32.4.vc.C 
==== Integer vector .R compression
Command: /home/louza/mm-repair/sdsl/encode.x /mnt/data/datasets/machine-learning-matrices-split/glove.q4k.csv.32.4.vc.R 
Integer vector compression time: 0.1439
==== Ans-fold compression
Command: /home/louza/mm-repair/ans/encode.x /mnt/data/datasets/machine-learning-matrices-split/glove.q4k.csv.32.4.vc.C 
Ans-fold time: 2.6858
==== Integer vector .C compression
Command: /home/louza/mm-repair/sdsl/encode.x /mnt/data/datasets/machine-learning-matrices-split/glove.q4k.csv.32.5.vc.C 
==== Integer vector .R compression
Command: /home/louza/mm-repair/sdsl/encode.x /mnt/data/datasets/machine-learning-matrices-split/glove.q4k.csv.32.5.vc.R 
Integer vector compression time: 0.1444
==== Ans-fold compression
Command: /home/louza/mm-repair/ans/encode.x /mnt/data/datasets/machine-learning-matrices-split/glove.q4k.csv.32.5.vc.C 
Ans-fold time: 2.9459
==== Integer vector .C compression
Command: /home/louza/mm-repair/sdsl/encode.x /mnt/data/datasets/machine-learning-matrices-split/glove.q4k.csv.32.6.vc.C 
==== Integer vector .R compression
Command: /home/louza/mm-repair/sdsl/encode.x /mnt/data/datasets/machine-learning-matrices-split/glove.q4k.csv.32.6.vc.R 
Integer vector compression time: 0.1356
==== Ans-fold compression
Command: /home/louza/mm-repair/ans/encode.x /mnt/data/datasets/machine-learning-matrices-split/glove.q4k.csv.32.6.vc.C 
Ans-fold time: 3.1976
==== Integer vector .C compression
Command: /home/louza/mm-repair/sdsl/encode.x /mnt/data/datasets/machine-learning-matrices-split/glove.q4k.csv.32.7.vc.C 
==== Integer vector .R compression
Command: /home/louza/mm-repair/sdsl/encode.x /mnt/data/datasets/machine-learning-matrices-split/glove.q4k.csv.32.7.vc.R 
Integer vector compression time: 0.1379
==== Ans-fold compression
Command: /home/louza/mm-repair/ans/encode.x /mnt/data/datasets/machine-learning-matrices-split/glove.q4k.csv.32.7.vc.C 
Ans-fold time: 3.4535
==== Integer vector .C compression
Command: /home/louza/mm-repair/sdsl/encode.x /mnt/data/datasets/machine-learning-matrices-split/glove.q4k.csv.32.8.vc.C 
==== Integer vector .R compression
Command: /home/louza/mm-repair/sdsl/encode.x /mnt/data/datasets/machine-learning-matrices-split/glove.q4k.csv.32.8.vc.R 
Integer vector compression time: 0.1368
==== Ans-fold compression
Command: /home/louza/mm-repair/ans/encode.x /mnt/data/datasets/machine-learning-matrices-split/glove.q4k.csv.32.8.vc.C 
Ans-fold time: 3.7034
==== Integer vector .C compression
Command: /home/louza/mm-repair/sdsl/encode.x /mnt/data/datasets/machine-learning-matrices-split/glove.q4k.csv.32.9.vc.C 
==== Integer vector .R compression
Command: /home/louza/mm-repair/sdsl/encode.x /mnt/data/datasets/machine-learning-matrices-split/glove.q4k.csv.32.9.vc.R 
Integer vector compression time: 0.1474
==== Ans-fold compression
Command: /home/louza/mm-repair/ans/encode.x /mnt/data/datasets/machine-learning-matrices-split/glove.q4k.csv.32.9.vc.C 
Ans-fold time: 3.9699
==== Integer vector .C compression
Command: /home/louza/mm-repair/sdsl/encode.x /mnt/data/datasets/machine-learning-matrices-split/glove.q4k.csv.32.10.vc.C 
==== Integer vector .R compression
Command: /home/louza/mm-repair/sdsl/encode.x /mnt/data/datasets/machine-learning-matrices-split/glove.q4k.csv.32.10.vc.R 
Integer vector compression time: 0.1378
==== Ans-fold compression
Command: /home/louza/mm-repair/ans/encode.x /mnt/data/datasets/machine-learning-matrices-split/glove.q4k.csv.32.10.vc.C 
Ans-fold time: 4.2131
==== Integer vector .C compression
Command: /home/louza/mm-repair/sdsl/encode.x /mnt/data/datasets/machine-learning-matrices-split/glove.q4k.csv.32.11.vc.C 
==== Integer vector .R compression
Command: /home/louza/mm-repair/sdsl/encode.x /mnt/data/datasets/machine-learning-matrices-split/glove.q4k.csv.32.11.vc.R 
Integer vector compression time: 0.1338
==== Ans-fold compression
Command: /home/louza/mm-repair/ans/encode.x /mnt/data/datasets/machine-learning-matrices-split/glove.q4k.csv.32.11.vc.C 
Ans-fold time: 4.4542
==== Integer vector .C compression
Command: /home/louza/mm-repair/sdsl/encode.x /mnt/data/datasets/machine-learning-matrices-split/glove.q4k.csv.32.12.vc.C 
==== Integer vector .R compression
Command: /home/louza/mm-repair/sdsl/encode.x /mnt/data/datasets/machine-learning-matrices-split/glove.q4k.csv.32.12.vc.R 
Integer vector compression time: 0.1421
==== Ans-fold compression
Command: /home/louza/mm-repair/ans/encode.x /mnt/data/datasets/machine-learning-matrices-split/glove.q4k.csv.32.12.vc.C 
Ans-fold time: 6.6613
==== Integer vector .C compression
Command: /home/louza/mm-repair/sdsl/encode.x /mnt/data/datasets/machine-learning-matrices-split/glove.q4k.csv.32.13.vc.C 
==== Integer vector .R compression
Command: /home/louza/mm-repair/sdsl/encode.x /mnt/data/datasets/machine-learning-matrices-split/glove.q4k.csv.32.13.vc.R 
Integer vector compression time: 0.2408
==== Ans-fold compression
Command: /home/louza/mm-repair/ans/encode.x /mnt/data/datasets/machine-learning-matrices-split/glove.q4k.csv.32.13.vc.C 
Ans-fold time: 6.9141
==== Integer vector .C compression
Command: /home/louza/mm-repair/sdsl/encode.x /mnt/data/datasets/machine-learning-matrices-split/glove.q4k.csv.32.14.vc.C 
==== Integer vector .R compression
Command: /home/louza/mm-repair/sdsl/encode.x /mnt/data/datasets/machine-learning-matrices-split/glove.q4k.csv.32.14.vc.R 
Integer vector compression time: 0.1358
==== Ans-fold compression
Command: /home/louza/mm-repair/ans/encode.x /mnt/data/datasets/machine-learning-matrices-split/glove.q4k.csv.32.14.vc.C 
Ans-fold time: 7.1504
==== Integer vector .C compression
Command: /home/louza/mm-repair/sdsl/encode.x /mnt/data/datasets/machine-learning-matrices-split/glove.q4k.csv.32.15.vc.C 
==== Integer vector .R compression
Command: /home/louza/mm-repair/sdsl/encode.x /mnt/data/datasets/machine-learning-matrices-split/glove.q4k.csv.32.15.vc.R 
Integer vector compression time: 0.1387
==== Ans-fold compression
Command: /home/louza/mm-repair/ans/encode.x /mnt/data/datasets/machine-learning-matrices-split/glove.q4k.csv.32.15.vc.C 
Ans-fold time: 7.3944
==== Integer vector .C compression
Command: /home/louza/mm-repair/sdsl/encode.x /mnt/data/datasets/machine-learning-matrices-split/glove.q4k.csv.32.16.vc.C 
==== Integer vector .R compression
Command: /home/louza/mm-repair/sdsl/encode.x /mnt/data/datasets/machine-learning-matrices-split/glove.q4k.csv.32.16.vc.R 
Integer vector compression time: 0.1392
==== Ans-fold compression
Command: /home/louza/mm-repair/ans/encode.x /mnt/data/datasets/machine-learning-matrices-split/glove.q4k.csv.32.16.vc.C 
Ans-fold time: 7.6286
==== Integer vector .C compression
Command: /home/louza/mm-repair/sdsl/encode.x /mnt/data/datasets/machine-learning-matrices-split/glove.q4k.csv.32.17.vc.C 
==== Integer vector .R compression
Command: /home/louza/mm-repair/sdsl/encode.x /mnt/data/datasets/machine-learning-matrices-split/glove.q4k.csv.32.17.vc.R 
Integer vector compression time: 0.1409
==== Ans-fold compression
Command: /home/louza/mm-repair/ans/encode.x /mnt/data/datasets/machine-learning-matrices-split/glove.q4k.csv.32.17.vc.C 
Ans-fold time: 7.8649
==== Integer vector .C compression
Command: /home/louza/mm-repair/sdsl/encode.x /mnt/data/datasets/machine-learning-matrices-split/glove.q4k.csv.32.18.vc.C 
==== Integer vector .R compression
Command: /home/louza/mm-repair/sdsl/encode.x /mnt/data/datasets/machine-learning-matrices-split/glove.q4k.csv.32.18.vc.R 
Integer vector compression time: 0.1393
==== Ans-fold compression
Command: /home/louza/mm-repair/ans/encode.x /mnt/data/datasets/machine-learning-matrices-split/glove.q4k.csv.32.18.vc.C 
Ans-fold time: 8.1192
==== Integer vector .C compression
Command: /home/louza/mm-repair/sdsl/encode.x /mnt/data/datasets/machine-learning-matrices-split/glove.q4k.csv.32.19.vc.C 
==== Integer vector .R compression
Command: /home/louza/mm-repair/sdsl/encode.x /mnt/data/datasets/machine-learning-matrices-split/glove.q4k.csv.32.19.vc.R 
Integer vector compression time: 0.1426
==== Ans-fold compression
Command: /home/louza/mm-repair/ans/encode.x /mnt/data/datasets/machine-learning-matrices-split/glove.q4k.csv.32.19.vc.C 
Ans-fold time: 8.3707
==== Integer vector .C compression
Command: /home/louza/mm-repair/sdsl/encode.x /mnt/data/datasets/machine-learning-matrices-split/glove.q4k.csv.32.20.vc.C 
==== Integer vector .R compression
Command: /home/louza/mm-repair/sdsl/encode.x /mnt/data/datasets/machine-learning-matrices-split/glove.q4k.csv.32.20.vc.R 
Integer vector compression time: 0.1362
==== Ans-fold compression
Command: /home/louza/mm-repair/ans/encode.x /mnt/data/datasets/machine-learning-matrices-split/glove.q4k.csv.32.20.vc.C 
Ans-fold time: 8.6188
==== Integer vector .C compression
Command: /home/louza/mm-repair/sdsl/encode.x /mnt/data/datasets/machine-learning-matrices-split/glove.q4k.csv.32.21.vc.C 
==== Integer vector .R compression
Command: /home/louza/mm-repair/sdsl/encode.x /mnt/data/datasets/machine-learning-matrices-split/glove.q4k.csv.32.21.vc.R 
Integer vector compression time: 0.1534
==== Ans-fold compression
Command: /home/louza/mm-repair/ans/encode.x /mnt/data/datasets/machine-learning-matrices-split/glove.q4k.csv.32.21.vc.C 
Ans-fold time: 8.8930
==== Integer vector .C compression
Command: /home/louza/mm-repair/sdsl/encode.x /mnt/data/datasets/machine-learning-matrices-split/glove.q4k.csv.32.22.vc.C 
==== Integer vector .R compression
Command: /home/louza/mm-repair/sdsl/encode.x /mnt/data/datasets/machine-learning-matrices-split/glove.q4k.csv.32.22.vc.R 
Integer vector compression time: 0.1448
==== Ans-fold compression
Command: /home/louza/mm-repair/ans/encode.x /mnt/data/datasets/machine-learning-matrices-split/glove.q4k.csv.32.22.vc.C 
Ans-fold time: 9.1300
==== Integer vector .C compression
Command: /home/louza/mm-repair/sdsl/encode.x /mnt/data/datasets/machine-learning-matrices-split/glove.q4k.csv.32.23.vc.C 
==== Integer vector .R compression
Command: /home/louza/mm-repair/sdsl/encode.x /mnt/data/datasets/machine-learning-matrices-split/glove.q4k.csv.32.23.vc.R 
Integer vector compression time: 0.1458
==== Ans-fold compression
Command: /home/louza/mm-repair/ans/encode.x /mnt/data/datasets/machine-learning-matrices-split/glove.q4k.csv.32.23.vc.C 
Ans-fold time: 9.3814
==== Integer vector .C compression
Command: /home/louza/mm-repair/sdsl/encode.x /mnt/data/datasets/machine-learning-matrices-split/glove.q4k.csv.32.24.vc.C 
==== Integer vector .R compression
Command: /home/louza/mm-repair/sdsl/encode.x /mnt/data/datasets/machine-learning-matrices-split/glove.q4k.csv.32.24.vc.R 
Integer vector compression time: 0.1829
==== Ans-fold compression
Command: /home/louza/mm-repair/ans/encode.x /mnt/data/datasets/machine-learning-matrices-split/glove.q4k.csv.32.24.vc.C 
Ans-fold time: 9.6854
==== Integer vector .C compression
Command: /home/louza/mm-repair/sdsl/encode.x /mnt/data/datasets/machine-learning-matrices-split/glove.q4k.csv.32.25.vc.C 
==== Integer vector .R compression
Command: /home/louza/mm-repair/sdsl/encode.x /mnt/data/datasets/machine-learning-matrices-split/glove.q4k.csv.32.25.vc.R 
Integer vector compression time: 0.3679
==== Ans-fold compression
Command: /home/louza/mm-repair/ans/encode.x /mnt/data/datasets/machine-learning-matrices-split/glove.q4k.csv.32.25.vc.C 
Ans-fold time: 10.0316
==== Integer vector .C compression
Command: /home/louza/mm-repair/sdsl/encode.x /mnt/data/datasets/machine-learning-matrices-split/glove.q4k.csv.32.26.vc.C 
==== Integer vector .R compression
Command: /home/louza/mm-repair/sdsl/encode.x /mnt/data/datasets/machine-learning-matrices-split/glove.q4k.csv.32.26.vc.R 
Integer vector compression time: 0.1817
==== Ans-fold compression
Command: /home/louza/mm-repair/ans/encode.x /mnt/data/datasets/machine-learning-matrices-split/glove.q4k.csv.32.26.vc.C 
Ans-fold time: 10.3032
==== Integer vector .C compression
Command: /home/louza/mm-repair/sdsl/encode.x /mnt/data/datasets/machine-learning-matrices-split/glove.q4k.csv.32.27.vc.C 
==== Integer vector .R compression
Command: /home/louza/mm-repair/sdsl/encode.x /mnt/data/datasets/machine-learning-matrices-split/glove.q4k.csv.32.27.vc.R 
Integer vector compression time: 0.1788
==== Ans-fold compression
Command: /home/louza/mm-repair/ans/encode.x /mnt/data/datasets/machine-learning-matrices-split/glove.q4k.csv.32.27.vc.C 
Ans-fold time: 10.6197
==== Integer vector .C compression
Command: /home/louza/mm-repair/sdsl/encode.x /mnt/data/datasets/machine-learning-matrices-split/glove.q4k.csv.32.28.vc.C 
==== Integer vector .R compression
Command: /home/louza/mm-repair/sdsl/encode.x /mnt/data/datasets/machine-learning-matrices-split/glove.q4k.csv.32.28.vc.R 
Integer vector compression time: 0.1452
==== Ans-fold compression
Command: /home/louza/mm-repair/ans/encode.x /mnt/data/datasets/machine-learning-matrices-split/glove.q4k.csv.32.28.vc.C 
Ans-fold time: 10.8626
==== Integer vector .C compression
Command: /home/louza/mm-repair/sdsl/encode.x /mnt/data/datasets/machine-learning-matrices-split/glove.q4k.csv.32.29.vc.C 
==== Integer vector .R compression
Command: /home/louza/mm-repair/sdsl/encode.x /mnt/data/datasets/machine-learning-matrices-split/glove.q4k.csv.32.29.vc.R 
Integer vector compression time: 0.1816
==== Ans-fold compression
Command: /home/louza/mm-repair/ans/encode.x /mnt/data/datasets/machine-learning-matrices-split/glove.q4k.csv.32.29.vc.C 
Ans-fold time: 11.1683
==== Integer vector .C compression
Command: /home/louza/mm-repair/sdsl/encode.x /mnt/data/datasets/machine-learning-matrices-split/glove.q4k.csv.32.30.vc.C 
==== Integer vector .R compression
Command: /home/louza/mm-repair/sdsl/encode.x /mnt/data/datasets/machine-learning-matrices-split/glove.q4k.csv.32.30.vc.R 
Integer vector compression time: 0.1516
==== Ans-fold compression
Command: /home/louza/mm-repair/ans/encode.x /mnt/data/datasets/machine-learning-matrices-split/glove.q4k.csv.32.30.vc.C 
Ans-fold time: 11.4255
==== Integer vector .C compression
Command: /home/louza/mm-repair/sdsl/encode.x /mnt/data/datasets/machine-learning-matrices-split/glove.q4k.csv.32.31.vc.C 
==== Integer vector .R compression
Command: /home/louza/mm-repair/sdsl/encode.x /mnt/data/datasets/machine-learning-matrices-split/glove.q4k.csv.32.31.vc.R 
Integer vector compression time: 0.1811
==== Ans-fold compression
Command: /home/louza/mm-repair/ans/encode.x /mnt/data/datasets/machine-learning-matrices-split/glove.q4k.csv.32.31.vc.C 
Ans-fold time: 11.6685
Elapsed time: 2954.7569
==== Compression Report:
 >> matrix name: /mnt/data/datasets/machine-learning-matrices-split/glove.q4k.csv
 >> conversion time: 2930.62
 >> repair time: 7.28
 >> integer vectors time: 0.18
 >> ansf time: 11.67
 >> total time: 2954.76
 >> matrix log(alpha)xNumEntries size: 180000000 bytes
 >> matrix dense size: 960000000 bytes
 >> total number of nonzero: 120000000 (100.00%)
 >> number of distinct nonzero: 3294
 >> CRSV  size: 481626352 bytes  (50.17%)
 >> RE32  size: 481581064 bytes  (50.16%)
 >> REIV  size: 300998880 bytes  (31.35%)
 >> REANS size: 279389710 bytes  (29.10%)
==== Done

#### 2026-09-07 11:38:03
 Command line: ./mm-repair/matrepair -r -b 32 -p 32 /mnt/data/datasets/machine-learning-matrices-split/glove.q4k.csv 400000 300 --ole 
Setting memory for each repair instance to 14501 MBs
Sending logging messages to file: /mnt/data/datasets/machine-learning-matrices-split/glove.q4k.csv.log
==== Conversion bin/csv->csrv
Command: /home/louza/mm-repair/csvmat2csrv -b 32   /mnt/data/datasets/machine-learning-matrices-split/glove.q4k.csv -r 0   400000 300
Conversion time: 263.6105
==== Repair paralell compression
---- Executing 32 parallel processes
---- Parallel processing completed
Repair time: 11.3775
==== Integer vector .C compression
Command: /home/louza/mm-repair/sdsl/encode.x /mnt/data/datasets/machine-learning-matrices-split/glove.q4k.csv.32.0.vc.C 
==== Integer vector .R compression
Command: /home/louza/mm-repair/sdsl/encode.x /mnt/data/datasets/machine-learning-matrices-split/glove.q4k.csv.32.0.vc.R 
Integer vector compression time: 0.7489
==== OLE
Command: /home/louza/mm-repair/ole/encode.x /mnt/data/datasets/machine-learning-matrices-split/glove.q4k.csv.32.0.vc.C 
OLE time: 1.0665
==== Ans-fold compression
Command: /home/louza/mm-repair/ans/encode.x /mnt/data/datasets/machine-learning-matrices-split/glove.q4k.csv.32.0.vc.C 
Ans-fold time: 1.1156
==== Integer vector .C compression
Command: /home/louza/mm-repair/sdsl/encode.x /mnt/data/datasets/machine-learning-matrices-split/glove.q4k.csv.32.1.vc.C 
==== Integer vector .R compression
Command: /home/louza/mm-repair/sdsl/encode.x /mnt/data/datasets/machine-learning-matrices-split/glove.q4k.csv.32.1.vc.R 
Integer vector compression time: 0.7046
==== OLE
Command: /home/louza/mm-repair/ole/encode.x /mnt/data/datasets/machine-learning-matrices-split/glove.q4k.csv.32.1.vc.C 
OLE time: 1.0732
==== Ans-fold compression
Command: /home/louza/mm-repair/ans/encode.x /mnt/data/datasets/machine-learning-matrices-split/glove.q4k.csv.32.1.vc.C 
Ans-fold time: 1.7244
==== Integer vector .C compression
Command: /home/louza/mm-repair/sdsl/encode.x /mnt/data/datasets/machine-learning-matrices-split/glove.q4k.csv.32.2.vc.C 
==== Integer vector .R compression
Command: /home/louza/mm-repair/sdsl/encode.x /mnt/data/datasets/machine-learning-matrices-split/glove.q4k.csv.32.2.vc.R 
Integer vector compression time: 0.7408
==== OLE
Command: /home/louza/mm-repair/ole/encode.x /mnt/data/datasets/machine-learning-matrices-split/glove.q4k.csv.32.2.vc.C 
OLE time: 1.2970
==== Ans-fold compression
Command: /home/louza/mm-repair/ans/encode.x /mnt/data/datasets/machine-learning-matrices-split/glove.q4k.csv.32.2.vc.C 
Ans-fold time: 2.3293
==== Integer vector .C compression
Command: /home/louza/mm-repair/sdsl/encode.x /mnt/data/datasets/machine-learning-matrices-split/glove.q4k.csv.32.3.vc.C 
==== Integer vector .R compression
Command: /home/louza/mm-repair/sdsl/encode.x /mnt/data/datasets/machine-learning-matrices-split/glove.q4k.csv.32.3.vc.R 
Integer vector compression time: 1.3403
==== OLE
Command: /home/louza/mm-repair/ole/encode.x /mnt/data/datasets/machine-learning-matrices-split/glove.q4k.csv.32.3.vc.C 
OLE time: 1.0893
==== Ans-fold compression
Command: /home/louza/mm-repair/ans/encode.x /mnt/data/datasets/machine-learning-matrices-split/glove.q4k.csv.32.3.vc.C 
Ans-fold time: 3.0280
==== Integer vector .C compression
Command: /home/louza/mm-repair/sdsl/encode.x /mnt/data/datasets/machine-learning-matrices-split/glove.q4k.csv.32.4.vc.C 
==== Integer vector .R compression
Command: /home/louza/mm-repair/sdsl/encode.x /mnt/data/datasets/machine-learning-matrices-split/glove.q4k.csv.32.4.vc.R 
Integer vector compression time: 1.0034
==== OLE
Command: /home/louza/mm-repair/ole/encode.x /mnt/data/datasets/machine-learning-matrices-split/glove.q4k.csv.32.4.vc.C 
OLE time: 0.9636
==== Ans-fold compression
Command: /home/louza/mm-repair/ans/encode.x /mnt/data/datasets/machine-learning-matrices-split/glove.q4k.csv.32.4.vc.C 
Ans-fold time: 3.4942
==== Integer vector .C compression
Command: /home/louza/mm-repair/sdsl/encode.x /mnt/data/datasets/machine-learning-matrices-split/glove.q4k.csv.32.5.vc.C 
==== Integer vector .R compression
Command: /home/louza/mm-repair/sdsl/encode.x /mnt/data/datasets/machine-learning-matrices-split/glove.q4k.csv.32.5.vc.R 
Integer vector compression time: 1.3049
==== OLE
Command: /home/louza/mm-repair/ole/encode.x /mnt/data/datasets/machine-learning-matrices-split/glove.q4k.csv.32.5.vc.C 
OLE time: 1.6013
==== Ans-fold compression
Command: /home/louza/mm-repair/ans/encode.x /mnt/data/datasets/machine-learning-matrices-split/glove.q4k.csv.32.5.vc.C 
Ans-fold time: 4.2759
==== Integer vector .C compression
Command: /home/louza/mm-repair/sdsl/encode.x /mnt/data/datasets/machine-learning-matrices-split/glove.q4k.csv.32.6.vc.C 
==== Integer vector .R compression
Command: /home/louza/mm-repair/sdsl/encode.x /mnt/data/datasets/machine-learning-matrices-split/glove.q4k.csv.32.6.vc.R 
Integer vector compression time: 1.6048
==== OLE
Command: /home/louza/mm-repair/ole/encode.x /mnt/data/datasets/machine-learning-matrices-split/glove.q4k.csv.32.6.vc.C 
OLE time: 1.9726
==== Ans-fold compression
Command: /home/louza/mm-repair/ans/encode.x /mnt/data/datasets/machine-learning-matrices-split/glove.q4k.csv.32.6.vc.C 
Ans-fold time: 5.0671
==== Integer vector .C compression
Command: /home/louza/mm-repair/sdsl/encode.x /mnt/data/datasets/machine-learning-matrices-split/glove.q4k.csv.32.7.vc.C 
==== Integer vector .R compression
Command: /home/louza/mm-repair/sdsl/encode.x /mnt/data/datasets/machine-learning-matrices-split/glove.q4k.csv.32.7.vc.R 
Integer vector compression time: 0.8490
==== OLE
Command: /home/louza/mm-repair/ole/encode.x /mnt/data/datasets/machine-learning-matrices-split/glove.q4k.csv.32.7.vc.C 
OLE time: 1.1188
==== Ans-fold compression
Command: /home/louza/mm-repair/ans/encode.x /mnt/data/datasets/machine-learning-matrices-split/glove.q4k.csv.32.7.vc.C 
Ans-fold time: 5.6057
==== Integer vector .C compression
Command: /home/louza/mm-repair/sdsl/encode.x /mnt/data/datasets/machine-learning-matrices-split/glove.q4k.csv.32.8.vc.C 
==== Integer vector .R compression
Command: /home/louza/mm-repair/sdsl/encode.x /mnt/data/datasets/machine-learning-matrices-split/glove.q4k.csv.32.8.vc.R 
Integer vector compression time: 1.5865
==== OLE
Command: /home/louza/mm-repair/ole/encode.x /mnt/data/datasets/machine-learning-matrices-split/glove.q4k.csv.32.8.vc.C 
OLE time: 1.4041
==== Ans-fold compression
Command: /home/louza/mm-repair/ans/encode.x /mnt/data/datasets/machine-learning-matrices-split/glove.q4k.csv.32.8.vc.C 
Ans-fold time: 6.2344
==== Integer vector .C compression
Command: /home/louza/mm-repair/sdsl/encode.x /mnt/data/datasets/machine-learning-matrices-split/glove.q4k.csv.32.9.vc.C 
==== Integer vector .R compression
Command: /home/louza/mm-repair/sdsl/encode.x /mnt/data/datasets/machine-learning-matrices-split/glove.q4k.csv.32.9.vc.R 
Integer vector compression time: 0.8333
==== OLE
Command: /home/louza/mm-repair/ole/encode.x /mnt/data/datasets/machine-learning-matrices-split/glove.q4k.csv.32.9.vc.C 
OLE time: 0.8280
==== Ans-fold compression
Command: /home/louza/mm-repair/ans/encode.x /mnt/data/datasets/machine-learning-matrices-split/glove.q4k.csv.32.9.vc.C 
Ans-fold time: 6.6782
==== Integer vector .C compression
Command: /home/louza/mm-repair/sdsl/encode.x /mnt/data/datasets/machine-learning-matrices-split/glove.q4k.csv.32.10.vc.C 
==== Integer vector .R compression
Command: /home/louza/mm-repair/sdsl/encode.x /mnt/data/datasets/machine-learning-matrices-split/glove.q4k.csv.32.10.vc.R 
Integer vector compression time: 0.6289
==== OLE
Command: /home/louza/mm-repair/ole/encode.x /mnt/data/datasets/machine-learning-matrices-split/glove.q4k.csv.32.10.vc.C 
OLE time: 1.0676
==== Ans-fold compression
Command: /home/louza/mm-repair/ans/encode.x /mnt/data/datasets/machine-learning-matrices-split/glove.q4k.csv.32.10.vc.C 
Ans-fold time: 7.4933
==== Integer vector .C compression
Command: /home/louza/mm-repair/sdsl/encode.x /mnt/data/datasets/machine-learning-matrices-split/glove.q4k.csv.32.11.vc.C 
==== Integer vector .R compression
Command: /home/louza/mm-repair/sdsl/encode.x /mnt/data/datasets/machine-learning-matrices-split/glove.q4k.csv.32.11.vc.R 
Integer vector compression time: 0.7882
==== OLE
Command: /home/louza/mm-repair/ole/encode.x /mnt/data/datasets/machine-learning-matrices-split/glove.q4k.csv.32.11.vc.C 
OLE time: 0.9715
==== Ans-fold compression
Command: /home/louza/mm-repair/ans/encode.x /mnt/data/datasets/machine-learning-matrices-split/glove.q4k.csv.32.11.vc.C 
Ans-fold time: 8.2637
==== Integer vector .C compression
Command: /home/louza/mm-repair/sdsl/encode.x /mnt/data/datasets/machine-learning-matrices-split/glove.q4k.csv.32.12.vc.C 
==== Integer vector .R compression
Command: /home/louza/mm-repair/sdsl/encode.x /mnt/data/datasets/machine-learning-matrices-split/glove.q4k.csv.32.12.vc.R 
Integer vector compression time: 1.7293
==== OLE
Command: /home/louza/mm-repair/ole/encode.x /mnt/data/datasets/machine-learning-matrices-split/glove.q4k.csv.32.12.vc.C 
OLE time: 0.7903
==== Ans-fold compression
Command: /home/louza/mm-repair/ans/encode.x /mnt/data/datasets/machine-learning-matrices-split/glove.q4k.csv.32.12.vc.C 
Ans-fold time: 8.7515
==== Integer vector .C compression
Command: /home/louza/mm-repair/sdsl/encode.x /mnt/data/datasets/machine-learning-matrices-split/glove.q4k.csv.32.13.vc.C 
==== Integer vector .R compression
Command: /home/louza/mm-repair/sdsl/encode.x /mnt/data/datasets/machine-learning-matrices-split/glove.q4k.csv.32.13.vc.R 
Integer vector compression time: 1.0679
==== OLE
Command: /home/louza/mm-repair/ole/encode.x /mnt/data/datasets/machine-learning-matrices-split/glove.q4k.csv.32.13.vc.C 
OLE time: 2.0249
==== Ans-fold compression
Command: /home/louza/mm-repair/ans/encode.x /mnt/data/datasets/machine-learning-matrices-split/glove.q4k.csv.32.13.vc.C 
Ans-fold time: 9.4911
==== Integer vector .C compression
Command: /home/louza/mm-repair/sdsl/encode.x /mnt/data/datasets/machine-learning-matrices-split/glove.q4k.csv.32.14.vc.C 
==== Integer vector .R compression
Command: /home/louza/mm-repair/sdsl/encode.x /mnt/data/datasets/machine-learning-matrices-split/glove.q4k.csv.32.14.vc.R 
Integer vector compression time: 0.8088
==== OLE
Command: /home/louza/mm-repair/ole/encode.x /mnt/data/datasets/machine-learning-matrices-split/glove.q4k.csv.32.14.vc.C 
OLE time: 1.5353
==== Ans-fold compression
Command: /home/louza/mm-repair/ans/encode.x /mnt/data/datasets/machine-learning-matrices-split/glove.q4k.csv.32.14.vc.C 
Ans-fold time: 10.1519
==== Integer vector .C compression
Command: /home/louza/mm-repair/sdsl/encode.x /mnt/data/datasets/machine-learning-matrices-split/glove.q4k.csv.32.15.vc.C 
==== Integer vector .R compression
Command: /home/louza/mm-repair/sdsl/encode.x /mnt/data/datasets/machine-learning-matrices-split/glove.q4k.csv.32.15.vc.R 
Integer vector compression time: 0.8202
==== OLE
Command: /home/louza/mm-repair/ole/encode.x /mnt/data/datasets/machine-learning-matrices-split/glove.q4k.csv.32.15.vc.C 
OLE time: 0.8428
==== Ans-fold compression
Command: /home/louza/mm-repair/ans/encode.x /mnt/data/datasets/machine-learning-matrices-split/glove.q4k.csv.32.15.vc.C 
Ans-fold time: 10.4730
==== Integer vector .C compression
Command: /home/louza/mm-repair/sdsl/encode.x /mnt/data/datasets/machine-learning-matrices-split/glove.q4k.csv.32.16.vc.C 
==== Integer vector .R compression
Command: /home/louza/mm-repair/sdsl/encode.x /mnt/data/datasets/machine-learning-matrices-split/glove.q4k.csv.32.16.vc.R 
Integer vector compression time: 0.9480
==== OLE
Command: /home/louza/mm-repair/ole/encode.x /mnt/data/datasets/machine-learning-matrices-split/glove.q4k.csv.32.16.vc.C 
OLE time: 1.1764
==== Ans-fold compression
Command: /home/louza/mm-repair/ans/encode.x /mnt/data/datasets/machine-learning-matrices-split/glove.q4k.csv.32.16.vc.C 
Ans-fold time: 10.9146
==== Integer vector .C compression
Command: /home/louza/mm-repair/sdsl/encode.x /mnt/data/datasets/machine-learning-matrices-split/glove.q4k.csv.32.17.vc.C 
==== Integer vector .R compression
Command: /home/louza/mm-repair/sdsl/encode.x /mnt/data/datasets/machine-learning-matrices-split/glove.q4k.csv.32.17.vc.R 
Integer vector compression time: 0.5207
==== OLE
Command: /home/louza/mm-repair/ole/encode.x /mnt/data/datasets/machine-learning-matrices-split/glove.q4k.csv.32.17.vc.C 
OLE time: 1.6232
==== Ans-fold compression
Command: /home/louza/mm-repair/ans/encode.x /mnt/data/datasets/machine-learning-matrices-split/glove.q4k.csv.32.17.vc.C 
Ans-fold time: 11.4676
==== Integer vector .C compression
Command: /home/louza/mm-repair/sdsl/encode.x /mnt/data/datasets/machine-learning-matrices-split/glove.q4k.csv.32.18.vc.C 
==== Integer vector .R compression
Command: /home/louza/mm-repair/sdsl/encode.x /mnt/data/datasets/machine-learning-matrices-split/glove.q4k.csv.32.18.vc.R 
Integer vector compression time: 0.8610
==== OLE
Command: /home/louza/mm-repair/ole/encode.x /mnt/data/datasets/machine-learning-matrices-split/glove.q4k.csv.32.18.vc.C 
OLE time: 1.0983
==== Ans-fold compression
Command: /home/louza/mm-repair/ans/encode.x /mnt/data/datasets/machine-learning-matrices-split/glove.q4k.csv.32.18.vc.C 
Ans-fold time: 12.1036
==== Integer vector .C compression
Command: /home/louza/mm-repair/sdsl/encode.x /mnt/data/datasets/machine-learning-matrices-split/glove.q4k.csv.32.19.vc.C 
==== Integer vector .R compression
Command: /home/louza/mm-repair/sdsl/encode.x /mnt/data/datasets/machine-learning-matrices-split/glove.q4k.csv.32.19.vc.R 
Integer vector compression time: 2.1091
==== OLE
Command: /home/louza/mm-repair/ole/encode.x /mnt/data/datasets/machine-learning-matrices-split/glove.q4k.csv.32.19.vc.C 
OLE time: 2.7151
==== Ans-fold compression
Command: /home/louza/mm-repair/ans/encode.x /mnt/data/datasets/machine-learning-matrices-split/glove.q4k.csv.32.19.vc.C 
Ans-fold time: 12.8945
==== Integer vector .C compression
Command: /home/louza/mm-repair/sdsl/encode.x /mnt/data/datasets/machine-learning-matrices-split/glove.q4k.csv.32.20.vc.C 
==== Integer vector .R compression
Command: /home/louza/mm-repair/sdsl/encode.x /mnt/data/datasets/machine-learning-matrices-split/glove.q4k.csv.32.20.vc.R 
Integer vector compression time: 0.9213
==== OLE
Command: /home/louza/mm-repair/ole/encode.x /mnt/data/datasets/machine-learning-matrices-split/glove.q4k.csv.32.20.vc.C 
OLE time: 1.1249
==== Ans-fold compression
Command: /home/louza/mm-repair/ans/encode.x /mnt/data/datasets/machine-learning-matrices-split/glove.q4k.csv.32.20.vc.C 
Ans-fold time: 13.6907
==== Integer vector .C compression
Command: /home/louza/mm-repair/sdsl/encode.x /mnt/data/datasets/machine-learning-matrices-split/glove.q4k.csv.32.21.vc.C 
==== Integer vector .R compression
Command: /home/louza/mm-repair/sdsl/encode.x /mnt/data/datasets/machine-learning-matrices-split/glove.q4k.csv.32.21.vc.R 
Integer vector compression time: 0.9116
==== OLE
Command: /home/louza/mm-repair/ole/encode.x /mnt/data/datasets/machine-learning-matrices-split/glove.q4k.csv.32.21.vc.C 
OLE time: 1.8314
==== Ans-fold compression
Command: /home/louza/mm-repair/ans/encode.x /mnt/data/datasets/machine-learning-matrices-split/glove.q4k.csv.32.21.vc.C 
Ans-fold time: 14.4726
==== Integer vector .C compression
Command: /home/louza/mm-repair/sdsl/encode.x /mnt/data/datasets/machine-learning-matrices-split/glove.q4k.csv.32.22.vc.C 
==== Integer vector .R compression
Command: /home/louza/mm-repair/sdsl/encode.x /mnt/data/datasets/machine-learning-matrices-split/glove.q4k.csv.32.22.vc.R 
Integer vector compression time: 1.3529
==== OLE
Command: /home/louza/mm-repair/ole/encode.x /mnt/data/datasets/machine-learning-matrices-split/glove.q4k.csv.32.22.vc.C 
OLE time: 1.8958
==== Ans-fold compression
Command: /home/louza/mm-repair/ans/encode.x /mnt/data/datasets/machine-learning-matrices-split/glove.q4k.csv.32.22.vc.C 
Ans-fold time: 15.3773
==== Integer vector .C compression
Command: /home/louza/mm-repair/sdsl/encode.x /mnt/data/datasets/machine-learning-matrices-split/glove.q4k.csv.32.23.vc.C 
==== Integer vector .R compression
Command: /home/louza/mm-repair/sdsl/encode.x /mnt/data/datasets/machine-learning-matrices-split/glove.q4k.csv.32.23.vc.R 
Integer vector compression time: 1.6060
==== OLE
Command: /home/louza/mm-repair/ole/encode.x /mnt/data/datasets/machine-learning-matrices-split/glove.q4k.csv.32.23.vc.C 
OLE time: 2.4124
==== Ans-fold compression
Command: /home/louza/mm-repair/ans/encode.x /mnt/data/datasets/machine-learning-matrices-split/glove.q4k.csv.32.23.vc.C 
Ans-fold time: 17.7494
==== Integer vector .C compression
Command: /home/louza/mm-repair/sdsl/encode.x /mnt/data/datasets/machine-learning-matrices-split/glove.q4k.csv.32.24.vc.C 
==== Integer vector .R compression
Command: /home/louza/mm-repair/sdsl/encode.x /mnt/data/datasets/machine-learning-matrices-split/glove.q4k.csv.32.24.vc.R 
Integer vector compression time: 1.1519
==== OLE
Command: /home/louza/mm-repair/ole/encode.x /mnt/data/datasets/machine-learning-matrices-split/glove.q4k.csv.32.24.vc.C 
OLE time: 3.9587
==== Ans-fold compression
Command: /home/louza/mm-repair/ans/encode.x /mnt/data/datasets/machine-learning-matrices-split/glove.q4k.csv.32.24.vc.C 
Ans-fold time: 18.5547
==== Integer vector .C compression
Command: /home/louza/mm-repair/sdsl/encode.x /mnt/data/datasets/machine-learning-matrices-split/glove.q4k.csv.32.25.vc.C 
==== Integer vector .R compression
Command: /home/louza/mm-repair/sdsl/encode.x /mnt/data/datasets/machine-learning-matrices-split/glove.q4k.csv.32.25.vc.R 
Integer vector compression time: 2.7580
==== OLE
Command: /home/louza/mm-repair/ole/encode.x /mnt/data/datasets/machine-learning-matrices-split/glove.q4k.csv.32.25.vc.C 
OLE time: 2.8790
==== Ans-fold compression
Command: /home/louza/mm-repair/ans/encode.x /mnt/data/datasets/machine-learning-matrices-split/glove.q4k.csv.32.25.vc.C 
Ans-fold time: 19.3920
==== Integer vector .C compression
Command: /home/louza/mm-repair/sdsl/encode.x /mnt/data/datasets/machine-learning-matrices-split/glove.q4k.csv.32.26.vc.C 
==== Integer vector .R compression
Command: /home/louza/mm-repair/sdsl/encode.x /mnt/data/datasets/machine-learning-matrices-split/glove.q4k.csv.32.26.vc.R 
Integer vector compression time: 1.0076
==== OLE
Command: /home/louza/mm-repair/ole/encode.x /mnt/data/datasets/machine-learning-matrices-split/glove.q4k.csv.32.26.vc.C 
OLE time: 3.7462
==== Ans-fold compression
Command: /home/louza/mm-repair/ans/encode.x /mnt/data/datasets/machine-learning-matrices-split/glove.q4k.csv.32.26.vc.C 
Ans-fold time: 20.3487
==== Integer vector .C compression
Command: /home/louza/mm-repair/sdsl/encode.x /mnt/data/datasets/machine-learning-matrices-split/glove.q4k.csv.32.27.vc.C 
==== Integer vector .R compression
Command: /home/louza/mm-repair/sdsl/encode.x /mnt/data/datasets/machine-learning-matrices-split/glove.q4k.csv.32.27.vc.R 
Integer vector compression time: 0.6777
==== OLE
Command: /home/louza/mm-repair/ole/encode.x /mnt/data/datasets/machine-learning-matrices-split/glove.q4k.csv.32.27.vc.C 
OLE time: 1.7110
==== Ans-fold compression
Command: /home/louza/mm-repair/ans/encode.x /mnt/data/datasets/machine-learning-matrices-split/glove.q4k.csv.32.27.vc.C 
Ans-fold time: 21.0137
==== Integer vector .C compression
Command: /home/louza/mm-repair/sdsl/encode.x /mnt/data/datasets/machine-learning-matrices-split/glove.q4k.csv.32.28.vc.C 
==== Integer vector .R compression
Command: /home/louza/mm-repair/sdsl/encode.x /mnt/data/datasets/machine-learning-matrices-split/glove.q4k.csv.32.28.vc.R 
Integer vector compression time: 1.0331
==== OLE
Command: /home/louza/mm-repair/ole/encode.x /mnt/data/datasets/machine-learning-matrices-split/glove.q4k.csv.32.28.vc.C 
OLE time: 1.2802
==== Ans-fold compression
Command: /home/louza/mm-repair/ans/encode.x /mnt/data/datasets/machine-learning-matrices-split/glove.q4k.csv.32.28.vc.C 
Ans-fold time: 21.6115
==== Integer vector .C compression
Command: /home/louza/mm-repair/sdsl/encode.x /mnt/data/datasets/machine-learning-matrices-split/glove.q4k.csv.32.29.vc.C 
==== Integer vector .R compression
Command: /home/louza/mm-repair/sdsl/encode.x /mnt/data/datasets/machine-learning-matrices-split/glove.q4k.csv.32.29.vc.R 
Integer vector compression time: 0.6552
==== OLE
Command: /home/louza/mm-repair/ole/encode.x /mnt/data/datasets/machine-learning-matrices-split/glove.q4k.csv.32.29.vc.C 
OLE time: 0.6372
==== Ans-fold compression
Command: /home/louza/mm-repair/ans/encode.x /mnt/data/datasets/machine-learning-matrices-split/glove.q4k.csv.32.29.vc.C 
Ans-fold time: 22.3107
==== Integer vector .C compression
Command: /home/louza/mm-repair/sdsl/encode.x /mnt/data/datasets/machine-learning-matrices-split/glove.q4k.csv.32.30.vc.C 
==== Integer vector .R compression
Command: /home/louza/mm-repair/sdsl/encode.x /mnt/data/datasets/machine-learning-matrices-split/glove.q4k.csv.32.30.vc.R 
Integer vector compression time: 1.1173
==== OLE
Command: /home/louza/mm-repair/ole/encode.x /mnt/data/datasets/machine-learning-matrices-split/glove.q4k.csv.32.30.vc.C 
OLE time: 1.0735
==== Ans-fold compression
Command: /home/louza/mm-repair/ans/encode.x /mnt/data/datasets/machine-learning-matrices-split/glove.q4k.csv.32.30.vc.C 
Ans-fold time: 23.3659
==== Integer vector .C compression
Command: /home/louza/mm-repair/sdsl/encode.x /mnt/data/datasets/machine-learning-matrices-split/glove.q4k.csv.32.31.vc.C 
==== Integer vector .R compression
Command: /home/louza/mm-repair/sdsl/encode.x /mnt/data/datasets/machine-learning-matrices-split/glove.q4k.csv.32.31.vc.R 
Integer vector compression time: 3.1636
==== OLE
Command: /home/louza/mm-repair/ole/encode.x /mnt/data/datasets/machine-learning-matrices-split/glove.q4k.csv.32.31.vc.C 
OLE time: 2.7168
==== Ans-fold compression
Command: /home/louza/mm-repair/ans/encode.x /mnt/data/datasets/machine-learning-matrices-split/glove.q4k.csv.32.31.vc.C 
Ans-fold time: 24.1093
Elapsed time: 387.9818
==== Compression Report:
 >> matrix name: /mnt/data/datasets/machine-learning-matrices-split/glove.q4k.csv
 >> conversion time: 263.61
 >> repair time: 11.38
 >> integer vectors time: 3.16
 >> ansf time: 24.11
 >> total time: 387.98
 >> matrix log(alpha)xNumEntries size: 180000000 bytes
 >> matrix dense size: 960000000 bytes
 >> total number of nonzero: 120000000 (100.00%)
 >> number of distinct nonzero: 3294
 >> CRSV  size: 481626352 bytes  (50.17%)
 >> RE32  size: 481581064 bytes  (50.16%)
 >> REIV  size: 300998880 bytes  (31.35%)
 >> REANS size: 183705687 bytes  (19.14%)
==== Done

#### 2026-09-07 11:44:31
 Command line: ./mm-repair/matrepair -r -b 32 -p 32 /mnt/data/datasets/machine-learning-matrices-split/glove.q4k.csv 400000 300 --mapping 
Setting memory for each repair instance to 14501 MBs
Sending logging messages to file: /mnt/data/datasets/machine-learning-matrices-split/glove.q4k.csv.log
==== Conversion bin/csv->csrv
Command: /home/louza/mm-repair/csvmat2csrv -b 32   /mnt/data/datasets/machine-learning-matrices-split/glove.q4k.csv -r 0 -m  400000 300
Conversion time: 207.0293
==== Repair paralell compression
---- Executing 32 parallel processes
---- Parallel processing completed
Repair time: 13.8046
==== Integer vector .C compression
Command: /home/louza/mm-repair/sdsl/encode.x /mnt/data/datasets/machine-learning-matrices-split/glove.q4k.csv.32.0.vc.C 
==== Integer vector .R compression
Command: /home/louza/mm-repair/sdsl/encode.x /mnt/data/datasets/machine-learning-matrices-split/glove.q4k.csv.32.0.vc.R 
Integer vector compression time: 1.2541
==== Ans-fold compression
Command: /home/louza/mm-repair/ans/encode.x /mnt/data/datasets/machine-learning-matrices-split/glove.q4k.csv.32.0.vc.C 
Ans-fold time: 1.1234
==== Integer vector .C compression
Command: /home/louza/mm-repair/sdsl/encode.x /mnt/data/datasets/machine-learning-matrices-split/glove.q4k.csv.32.1.vc.C 
==== Integer vector .R compression
Command: /home/louza/mm-repair/sdsl/encode.x /mnt/data/datasets/machine-learning-matrices-split/glove.q4k.csv.32.1.vc.R 
Integer vector compression time: 1.3920
==== Ans-fold compression
Command: /home/louza/mm-repair/ans/encode.x /mnt/data/datasets/machine-learning-matrices-split/glove.q4k.csv.32.1.vc.C 
Ans-fold time: 2.0857
==== Integer vector .C compression
Command: /home/louza/mm-repair/sdsl/encode.x /mnt/data/datasets/machine-learning-matrices-split/glove.q4k.csv.32.2.vc.C 
==== Integer vector .R compression
Command: /home/louza/mm-repair/sdsl/encode.x /mnt/data/datasets/machine-learning-matrices-split/glove.q4k.csv.32.2.vc.R 
Integer vector compression time: 2.3342
==== Ans-fold compression
Command: /home/louza/mm-repair/ans/encode.x /mnt/data/datasets/machine-learning-matrices-split/glove.q4k.csv.32.2.vc.C 
Ans-fold time: 3.9280
==== Integer vector .C compression
Command: /home/louza/mm-repair/sdsl/encode.x /mnt/data/datasets/machine-learning-matrices-split/glove.q4k.csv.32.3.vc.C 
==== Integer vector .R compression
Command: /home/louza/mm-repair/sdsl/encode.x /mnt/data/datasets/machine-learning-matrices-split/glove.q4k.csv.32.3.vc.R 
Integer vector compression time: 1.7869
==== Ans-fold compression
Command: /home/louza/mm-repair/ans/encode.x /mnt/data/datasets/machine-learning-matrices-split/glove.q4k.csv.32.3.vc.C 
Ans-fold time: 6.2264
==== Integer vector .C compression
Command: /home/louza/mm-repair/sdsl/encode.x /mnt/data/datasets/machine-learning-matrices-split/glove.q4k.csv.32.4.vc.C 
==== Integer vector .R compression
Command: /home/louza/mm-repair/sdsl/encode.x /mnt/data/datasets/machine-learning-matrices-split/glove.q4k.csv.32.4.vc.R 
Integer vector compression time: 1.5666
==== Ans-fold compression
Command: /home/louza/mm-repair/ans/encode.x /mnt/data/datasets/machine-learning-matrices-split/glove.q4k.csv.32.4.vc.C 
Ans-fold time: 7.8405
==== Integer vector .C compression
Command: /home/louza/mm-repair/sdsl/encode.x /mnt/data/datasets/machine-learning-matrices-split/glove.q4k.csv.32.5.vc.C 
==== Integer vector .R compression
Command: /home/louza/mm-repair/sdsl/encode.x /mnt/data/datasets/machine-learning-matrices-split/glove.q4k.csv.32.5.vc.R 
Integer vector compression time: 1.6181
==== Ans-fold compression
Command: /home/louza/mm-repair/ans/encode.x /mnt/data/datasets/machine-learning-matrices-split/glove.q4k.csv.32.5.vc.C 
Ans-fold time: 9.8175
==== Integer vector .C compression
Command: /home/louza/mm-repair/sdsl/encode.x /mnt/data/datasets/machine-learning-matrices-split/glove.q4k.csv.32.6.vc.C 
==== Integer vector .R compression
Command: /home/louza/mm-repair/sdsl/encode.x /mnt/data/datasets/machine-learning-matrices-split/glove.q4k.csv.32.6.vc.R 
Integer vector compression time: 2.2369
==== Ans-fold compression
Command: /home/louza/mm-repair/ans/encode.x /mnt/data/datasets/machine-learning-matrices-split/glove.q4k.csv.32.6.vc.C 
Ans-fold time: 11.4202
==== Integer vector .C compression
Command: /home/louza/mm-repair/sdsl/encode.x /mnt/data/datasets/machine-learning-matrices-split/glove.q4k.csv.32.7.vc.C 
==== Integer vector .R compression
Command: /home/louza/mm-repair/sdsl/encode.x /mnt/data/datasets/machine-learning-matrices-split/glove.q4k.csv.32.7.vc.R 
Integer vector compression time: 1.8611
==== Ans-fold compression
Command: /home/louza/mm-repair/ans/encode.x /mnt/data/datasets/machine-learning-matrices-split/glove.q4k.csv.32.7.vc.C 
Ans-fold time: 12.5177
==== Integer vector .C compression
Command: /home/louza/mm-repair/sdsl/encode.x /mnt/data/datasets/machine-learning-matrices-split/glove.q4k.csv.32.8.vc.C 
==== Integer vector .R compression
Command: /home/louza/mm-repair/sdsl/encode.x /mnt/data/datasets/machine-learning-matrices-split/glove.q4k.csv.32.8.vc.R 
Integer vector compression time: 1.4988
==== Ans-fold compression
Command: /home/louza/mm-repair/ans/encode.x /mnt/data/datasets/machine-learning-matrices-split/glove.q4k.csv.32.8.vc.C 
Ans-fold time: 13.4454
==== Integer vector .C compression
Command: /home/louza/mm-repair/sdsl/encode.x /mnt/data/datasets/machine-learning-matrices-split/glove.q4k.csv.32.9.vc.C 
==== Integer vector .R compression
Command: /home/louza/mm-repair/sdsl/encode.x /mnt/data/datasets/machine-learning-matrices-split/glove.q4k.csv.32.9.vc.R 
Integer vector compression time: 1.8973
==== Ans-fold compression
Command: /home/louza/mm-repair/ans/encode.x /mnt/data/datasets/machine-learning-matrices-split/glove.q4k.csv.32.9.vc.C 
Ans-fold time: 14.9940
==== Integer vector .C compression
Command: /home/louza/mm-repair/sdsl/encode.x /mnt/data/datasets/machine-learning-matrices-split/glove.q4k.csv.32.10.vc.C 
==== Integer vector .R compression
Command: /home/louza/mm-repair/sdsl/encode.x /mnt/data/datasets/machine-learning-matrices-split/glove.q4k.csv.32.10.vc.R 
Integer vector compression time: 1.0413
==== Ans-fold compression
Command: /home/louza/mm-repair/ans/encode.x /mnt/data/datasets/machine-learning-matrices-split/glove.q4k.csv.32.10.vc.C 
Ans-fold time: 16.1038
==== Integer vector .C compression
Command: /home/louza/mm-repair/sdsl/encode.x /mnt/data/datasets/machine-learning-matrices-split/glove.q4k.csv.32.11.vc.C 
==== Integer vector .R compression
Command: /home/louza/mm-repair/sdsl/encode.x /mnt/data/datasets/machine-learning-matrices-split/glove.q4k.csv.32.11.vc.R 
Integer vector compression time: 1.4214
==== Ans-fold compression
Command: /home/louza/mm-repair/ans/encode.x /mnt/data/datasets/machine-learning-matrices-split/glove.q4k.csv.32.11.vc.C 
Ans-fold time: 17.8137
==== Integer vector .C compression
Command: /home/louza/mm-repair/sdsl/encode.x /mnt/data/datasets/machine-learning-matrices-split/glove.q4k.csv.32.12.vc.C 
==== Integer vector .R compression
Command: /home/louza/mm-repair/sdsl/encode.x /mnt/data/datasets/machine-learning-matrices-split/glove.q4k.csv.32.12.vc.R 
Integer vector compression time: 1.2796
==== Ans-fold compression
Command: /home/louza/mm-repair/ans/encode.x /mnt/data/datasets/machine-learning-matrices-split/glove.q4k.csv.32.12.vc.C 
Ans-fold time: 18.7961
==== Integer vector .C compression
Command: /home/louza/mm-repair/sdsl/encode.x /mnt/data/datasets/machine-learning-matrices-split/glove.q4k.csv.32.13.vc.C 
==== Integer vector .R compression
Command: /home/louza/mm-repair/sdsl/encode.x /mnt/data/datasets/machine-learning-matrices-split/glove.q4k.csv.32.13.vc.R 
Integer vector compression time: 1.5830
==== Ans-fold compression
Command: /home/louza/mm-repair/ans/encode.x /mnt/data/datasets/machine-learning-matrices-split/glove.q4k.csv.32.13.vc.C 
Ans-fold time: 20.0562
==== Integer vector .C compression
Command: /home/louza/mm-repair/sdsl/encode.x /mnt/data/datasets/machine-learning-matrices-split/glove.q4k.csv.32.14.vc.C 
==== Integer vector .R compression
Command: /home/louza/mm-repair/sdsl/encode.x /mnt/data/datasets/machine-learning-matrices-split/glove.q4k.csv.32.14.vc.R 
Integer vector compression time: 1.2579
==== Ans-fold compression
Command: /home/louza/mm-repair/ans/encode.x /mnt/data/datasets/machine-learning-matrices-split/glove.q4k.csv.32.14.vc.C 
Ans-fold time: 21.2228
==== Integer vector .C compression
Command: /home/louza/mm-repair/sdsl/encode.x /mnt/data/datasets/machine-learning-matrices-split/glove.q4k.csv.32.15.vc.C 
==== Integer vector .R compression
Command: /home/louza/mm-repair/sdsl/encode.x /mnt/data/datasets/machine-learning-matrices-split/glove.q4k.csv.32.15.vc.R 
Integer vector compression time: 1.7303
==== Ans-fold compression
Command: /home/louza/mm-repair/ans/encode.x /mnt/data/datasets/machine-learning-matrices-split/glove.q4k.csv.32.15.vc.C 
Ans-fold time: 23.0561
==== Integer vector .C compression
Command: /home/louza/mm-repair/sdsl/encode.x /mnt/data/datasets/machine-learning-matrices-split/glove.q4k.csv.32.16.vc.C 
==== Integer vector .R compression
Command: /home/louza/mm-repair/sdsl/encode.x /mnt/data/datasets/machine-learning-matrices-split/glove.q4k.csv.32.16.vc.R 
Integer vector compression time: 1.9430
==== Ans-fold compression
Command: /home/louza/mm-repair/ans/encode.x /mnt/data/datasets/machine-learning-matrices-split/glove.q4k.csv.32.16.vc.C 
Ans-fold time: 25.4455
==== Integer vector .C compression
Command: /home/louza/mm-repair/sdsl/encode.x /mnt/data/datasets/machine-learning-matrices-split/glove.q4k.csv.32.17.vc.C 
==== Integer vector .R compression
Command: /home/louza/mm-repair/sdsl/encode.x /mnt/data/datasets/machine-learning-matrices-split/glove.q4k.csv.32.17.vc.R 
Integer vector compression time: 3.1170
==== Ans-fold compression
Command: /home/louza/mm-repair/ans/encode.x /mnt/data/datasets/machine-learning-matrices-split/glove.q4k.csv.32.17.vc.C 
Ans-fold time: 28.4935
==== Integer vector .C compression
Command: /home/louza/mm-repair/sdsl/encode.x /mnt/data/datasets/machine-learning-matrices-split/glove.q4k.csv.32.18.vc.C 
==== Integer vector .R compression
Command: /home/louza/mm-repair/sdsl/encode.x /mnt/data/datasets/machine-learning-matrices-split/glove.q4k.csv.32.18.vc.R 
Integer vector compression time: 2.5239
==== Ans-fold compression
Command: /home/louza/mm-repair/ans/encode.x /mnt/data/datasets/machine-learning-matrices-split/glove.q4k.csv.32.18.vc.C 
Ans-fold time: 30.1985
==== Integer vector .C compression
Command: /home/louza/mm-repair/sdsl/encode.x /mnt/data/datasets/machine-learning-matrices-split/glove.q4k.csv.32.19.vc.C 
==== Integer vector .R compression
Command: /home/louza/mm-repair/sdsl/encode.x /mnt/data/datasets/machine-learning-matrices-split/glove.q4k.csv.32.19.vc.R 
Integer vector compression time: 2.0903
==== Ans-fold compression
Command: /home/louza/mm-repair/ans/encode.x /mnt/data/datasets/machine-learning-matrices-split/glove.q4k.csv.32.19.vc.C 
Ans-fold time: 31.4333
==== Integer vector .C compression
Command: /home/louza/mm-repair/sdsl/encode.x /mnt/data/datasets/machine-learning-matrices-split/glove.q4k.csv.32.20.vc.C 
==== Integer vector .R compression
Command: /home/louza/mm-repair/sdsl/encode.x /mnt/data/datasets/machine-learning-matrices-split/glove.q4k.csv.32.20.vc.R 
Integer vector compression time: 1.5005
==== Ans-fold compression
Command: /home/louza/mm-repair/ans/encode.x /mnt/data/datasets/machine-learning-matrices-split/glove.q4k.csv.32.20.vc.C 
Ans-fold time: 32.5645
==== Integer vector .C compression
Command: /home/louza/mm-repair/sdsl/encode.x /mnt/data/datasets/machine-learning-matrices-split/glove.q4k.csv.32.21.vc.C 
==== Integer vector .R compression
Command: /home/louza/mm-repair/sdsl/encode.x /mnt/data/datasets/machine-learning-matrices-split/glove.q4k.csv.32.21.vc.R 
Integer vector compression time: 1.0643
==== Ans-fold compression
Command: /home/louza/mm-repair/ans/encode.x /mnt/data/datasets/machine-learning-matrices-split/glove.q4k.csv.32.21.vc.C 
Ans-fold time: 34.4098
==== Integer vector .C compression
Command: /home/louza/mm-repair/sdsl/encode.x /mnt/data/datasets/machine-learning-matrices-split/glove.q4k.csv.32.22.vc.C 
==== Integer vector .R compression
Command: /home/louza/mm-repair/sdsl/encode.x /mnt/data/datasets/machine-learning-matrices-split/glove.q4k.csv.32.22.vc.R 
Integer vector compression time: 1.7654
==== Ans-fold compression
Command: /home/louza/mm-repair/ans/encode.x /mnt/data/datasets/machine-learning-matrices-split/glove.q4k.csv.32.22.vc.C 
Ans-fold time: 35.2971
==== Integer vector .C compression
Command: /home/louza/mm-repair/sdsl/encode.x /mnt/data/datasets/machine-learning-matrices-split/glove.q4k.csv.32.23.vc.C 
==== Integer vector .R compression
Command: /home/louza/mm-repair/sdsl/encode.x /mnt/data/datasets/machine-learning-matrices-split/glove.q4k.csv.32.23.vc.R 
Integer vector compression time: 1.3724
==== Ans-fold compression
Command: /home/louza/mm-repair/ans/encode.x /mnt/data/datasets/machine-learning-matrices-split/glove.q4k.csv.32.23.vc.C 
Ans-fold time: 36.8118
==== Integer vector .C compression
Command: /home/louza/mm-repair/sdsl/encode.x /mnt/data/datasets/machine-learning-matrices-split/glove.q4k.csv.32.24.vc.C 
==== Integer vector .R compression
Command: /home/louza/mm-repair/sdsl/encode.x /mnt/data/datasets/machine-learning-matrices-split/glove.q4k.csv.32.24.vc.R 
Integer vector compression time: 1.0470
==== Ans-fold compression
Command: /home/louza/mm-repair/ans/encode.x /mnt/data/datasets/machine-learning-matrices-split/glove.q4k.csv.32.24.vc.C 
Ans-fold time: 38.3634
==== Integer vector .C compression
Command: /home/louza/mm-repair/sdsl/encode.x /mnt/data/datasets/machine-learning-matrices-split/glove.q4k.csv.32.25.vc.C 
==== Integer vector .R compression
Command: /home/louza/mm-repair/sdsl/encode.x /mnt/data/datasets/machine-learning-matrices-split/glove.q4k.csv.32.25.vc.R 
Integer vector compression time: 1.7621
==== Ans-fold compression
Command: /home/louza/mm-repair/ans/encode.x /mnt/data/datasets/machine-learning-matrices-split/glove.q4k.csv.32.25.vc.C 
Ans-fold time: 39.3067
==== Integer vector .C compression
Command: /home/louza/mm-repair/sdsl/encode.x /mnt/data/datasets/machine-learning-matrices-split/glove.q4k.csv.32.26.vc.C 
==== Integer vector .R compression
Command: /home/louza/mm-repair/sdsl/encode.x /mnt/data/datasets/machine-learning-matrices-split/glove.q4k.csv.32.26.vc.R 
Integer vector compression time: 1.3419
==== Ans-fold compression
Command: /home/louza/mm-repair/ans/encode.x /mnt/data/datasets/machine-learning-matrices-split/glove.q4k.csv.32.26.vc.C 
Ans-fold time: 42.0591
==== Integer vector .C compression
Command: /home/louza/mm-repair/sdsl/encode.x /mnt/data/datasets/machine-learning-matrices-split/glove.q4k.csv.32.27.vc.C 
==== Integer vector .R compression
Command: /home/louza/mm-repair/sdsl/encode.x /mnt/data/datasets/machine-learning-matrices-split/glove.q4k.csv.32.27.vc.R 
Integer vector compression time: 1.4232
==== Ans-fold compression
Command: /home/louza/mm-repair/ans/encode.x /mnt/data/datasets/machine-learning-matrices-split/glove.q4k.csv.32.27.vc.C 
Ans-fold time: 44.5873
==== Integer vector .C compression
Command: /home/louza/mm-repair/sdsl/encode.x /mnt/data/datasets/machine-learning-matrices-split/glove.q4k.csv.32.28.vc.C 
==== Integer vector .R compression
Command: /home/louza/mm-repair/sdsl/encode.x /mnt/data/datasets/machine-learning-matrices-split/glove.q4k.csv.32.28.vc.R 
Integer vector compression time: 2.8263
==== Ans-fold compression
Command: /home/louza/mm-repair/ans/encode.x /mnt/data/datasets/machine-learning-matrices-split/glove.q4k.csv.32.28.vc.C 
Ans-fold time: 47.1696
==== Integer vector .C compression
Command: /home/louza/mm-repair/sdsl/encode.x /mnt/data/datasets/machine-learning-matrices-split/glove.q4k.csv.32.29.vc.C 
==== Integer vector .R compression
Command: /home/louza/mm-repair/sdsl/encode.x /mnt/data/datasets/machine-learning-matrices-split/glove.q4k.csv.32.29.vc.R 
Integer vector compression time: 2.8493
==== Ans-fold compression
Command: /home/louza/mm-repair/ans/encode.x /mnt/data/datasets/machine-learning-matrices-split/glove.q4k.csv.32.29.vc.C 
Ans-fold time: 48.9311
==== Integer vector .C compression
Command: /home/louza/mm-repair/sdsl/encode.x /mnt/data/datasets/machine-learning-matrices-split/glove.q4k.csv.32.30.vc.C 
==== Integer vector .R compression
Command: /home/louza/mm-repair/sdsl/encode.x /mnt/data/datasets/machine-learning-matrices-split/glove.q4k.csv.32.30.vc.R 
Integer vector compression time: 1.9562
==== Ans-fold compression
Command: /home/louza/mm-repair/ans/encode.x /mnt/data/datasets/machine-learning-matrices-split/glove.q4k.csv.32.30.vc.C 
Ans-fold time: 50.5425
==== Integer vector .C compression
Command: /home/louza/mm-repair/sdsl/encode.x /mnt/data/datasets/machine-learning-matrices-split/glove.q4k.csv.32.31.vc.C 
==== Integer vector .R compression
Command: /home/louza/mm-repair/sdsl/encode.x /mnt/data/datasets/machine-learning-matrices-split/glove.q4k.csv.32.31.vc.R 
Integer vector compression time: 1.3839
==== Ans-fold compression
Command: /home/louza/mm-repair/ans/encode.x /mnt/data/datasets/machine-learning-matrices-split/glove.q4k.csv.32.31.vc.C 
Ans-fold time: 52.0065
Command: /home/louza/mm-repair/ans/encode.x /mnt/data/datasets/machine-learning-matrices-split/glove.q4k.csv.wcode 
Elapsed time: 328.7618
==== Compression Report:
 >> matrix name: /mnt/data/datasets/machine-learning-matrices-split/glove.q4k.csv
 >> conversion time: 207.03
 >> repair time: 13.80
 >> integer vectors time: 1.38
 >> ansf time: 52.01
 >> total time: 328.76
 >> wcode: 2334536 bytes
 >> wcode_ans: 47562 bytes
 >> matrix log(alpha)xNumEntries size: 180000000 bytes
 >> matrix dense size: 960000000 bytes
 >> total number of nonzero: 120000000 (100.00%)
 >> number of distinct nonzero: 3294
 >> CRSV  size: 481626352 bytes  (50.17%)
 >> RE32  size: 483915600 bytes  (50.41%)
 >> REIV  size: 303333416 bytes  (31.60%)
 >> REANS size: 278383803 bytes  (29.00%)
==== Done

#### 2026-09-07 11:50:00
 Command line: ./mm-repair/matrepair -r -b 32 -p 32 /mnt/data/datasets/machine-learning-matrices-split/glove.q4k.csv 400000 300 --split 
Setting memory for each repair instance to 14501 MBs
Sending logging messages to file: /mnt/data/datasets/machine-learning-matrices-split/glove.q4k.csv.log
==== Conversion bin/csv->csrv
Command: /home/louza/mm-repair/csvmat2csrv -b 32   /mnt/data/datasets/machine-learning-matrices-split/glove.q4k.csv -r 0  -s 400000 300
Conversion time: 466.7804
==== Repair paralell compression
---- Executing 32 parallel processes
---- Parallel processing completed
Repair time: 0.0415
==== Integer vector .C compression
Command: /home/louza/mm-repair/sdsl/encode.x /mnt/data/datasets/machine-learning-matrices-split/glove.q4k.csv.32.0.A.vc.C 
==== Integer vector .R compression
Command: /home/louza/mm-repair/sdsl/encode.x /mnt/data/datasets/machine-learning-matrices-split/glove.q4k.csv.32.0.A.vc.R 
Integer vector compression time: 0.0247
==== Ans-fold compression
Command: /home/louza/mm-repair/ans/encode.x /mnt/data/datasets/machine-learning-matrices-split/glove.q4k.csv.32.0.A.vc.C 
Command: /home/louza/mm-repair/ans/encode.x /mnt/data/datasets/machine-learning-matrices-split/glove.q4k.csv.32.0.B.vc
Ans-fold time: 0.2795
==== Integer vector .C compression
Command: /home/louza/mm-repair/sdsl/encode.x /mnt/data/datasets/machine-learning-matrices-split/glove.q4k.csv.32.1.A.vc.C 
==== Integer vector .R compression
Command: /home/louza/mm-repair/sdsl/encode.x /mnt/data/datasets/machine-learning-matrices-split/glove.q4k.csv.32.1.A.vc.R 
Integer vector compression time: 0.0246
==== Ans-fold compression
Command: /home/louza/mm-repair/ans/encode.x /mnt/data/datasets/machine-learning-matrices-split/glove.q4k.csv.32.1.A.vc.C 
Command: /home/louza/mm-repair/ans/encode.x /mnt/data/datasets/machine-learning-matrices-split/glove.q4k.csv.32.1.B.vc
Ans-fold time: 0.5538
==== Integer vector .C compression
Command: /home/louza/mm-repair/sdsl/encode.x /mnt/data/datasets/machine-learning-matrices-split/glove.q4k.csv.32.2.A.vc.C 
==== Integer vector .R compression
Command: /home/louza/mm-repair/sdsl/encode.x /mnt/data/datasets/machine-learning-matrices-split/glove.q4k.csv.32.2.A.vc.R 
Integer vector compression time: 0.0226
==== Ans-fold compression
Command: /home/louza/mm-repair/ans/encode.x /mnt/data/datasets/machine-learning-matrices-split/glove.q4k.csv.32.2.A.vc.C 
Command: /home/louza/mm-repair/ans/encode.x /mnt/data/datasets/machine-learning-matrices-split/glove.q4k.csv.32.2.B.vc
Ans-fold time: 0.8360
==== Integer vector .C compression
Command: /home/louza/mm-repair/sdsl/encode.x /mnt/data/datasets/machine-learning-matrices-split/glove.q4k.csv.32.3.A.vc.C 
==== Integer vector .R compression
Command: /home/louza/mm-repair/sdsl/encode.x /mnt/data/datasets/machine-learning-matrices-split/glove.q4k.csv.32.3.A.vc.R 
Integer vector compression time: 0.0229
==== Ans-fold compression
Command: /home/louza/mm-repair/ans/encode.x /mnt/data/datasets/machine-learning-matrices-split/glove.q4k.csv.32.3.A.vc.C 
Command: /home/louza/mm-repair/ans/encode.x /mnt/data/datasets/machine-learning-matrices-split/glove.q4k.csv.32.3.B.vc
Ans-fold time: 1.0583
==== Integer vector .C compression
Command: /home/louza/mm-repair/sdsl/encode.x /mnt/data/datasets/machine-learning-matrices-split/glove.q4k.csv.32.4.A.vc.C 
==== Integer vector .R compression
Command: /home/louza/mm-repair/sdsl/encode.x /mnt/data/datasets/machine-learning-matrices-split/glove.q4k.csv.32.4.A.vc.R 
Integer vector compression time: 0.0235
==== Ans-fold compression
Command: /home/louza/mm-repair/ans/encode.x /mnt/data/datasets/machine-learning-matrices-split/glove.q4k.csv.32.4.A.vc.C 
Command: /home/louza/mm-repair/ans/encode.x /mnt/data/datasets/machine-learning-matrices-split/glove.q4k.csv.32.4.B.vc
Ans-fold time: 1.3384
==== Integer vector .C compression
Command: /home/louza/mm-repair/sdsl/encode.x /mnt/data/datasets/machine-learning-matrices-split/glove.q4k.csv.32.5.A.vc.C 
==== Integer vector .R compression
Command: /home/louza/mm-repair/sdsl/encode.x /mnt/data/datasets/machine-learning-matrices-split/glove.q4k.csv.32.5.A.vc.R 
Integer vector compression time: 0.0236
==== Ans-fold compression
Command: /home/louza/mm-repair/ans/encode.x /mnt/data/datasets/machine-learning-matrices-split/glove.q4k.csv.32.5.A.vc.C 
Command: /home/louza/mm-repair/ans/encode.x /mnt/data/datasets/machine-learning-matrices-split/glove.q4k.csv.32.5.B.vc
Ans-fold time: 1.6209
==== Integer vector .C compression
Command: /home/louza/mm-repair/sdsl/encode.x /mnt/data/datasets/machine-learning-matrices-split/glove.q4k.csv.32.6.A.vc.C 
==== Integer vector .R compression
Command: /home/louza/mm-repair/sdsl/encode.x /mnt/data/datasets/machine-learning-matrices-split/glove.q4k.csv.32.6.A.vc.R 
Integer vector compression time: 0.0246
==== Ans-fold compression
Command: /home/louza/mm-repair/ans/encode.x /mnt/data/datasets/machine-learning-matrices-split/glove.q4k.csv.32.6.A.vc.C 
Command: /home/louza/mm-repair/ans/encode.x /mnt/data/datasets/machine-learning-matrices-split/glove.q4k.csv.32.6.B.vc
Ans-fold time: 1.9030
==== Integer vector .C compression
Command: /home/louza/mm-repair/sdsl/encode.x /mnt/data/datasets/machine-learning-matrices-split/glove.q4k.csv.32.7.A.vc.C 
==== Integer vector .R compression
Command: /home/louza/mm-repair/sdsl/encode.x /mnt/data/datasets/machine-learning-matrices-split/glove.q4k.csv.32.7.A.vc.R 
Integer vector compression time: 0.0234
==== Ans-fold compression
Command: /home/louza/mm-repair/ans/encode.x /mnt/data/datasets/machine-learning-matrices-split/glove.q4k.csv.32.7.A.vc.C 
Command: /home/louza/mm-repair/ans/encode.x /mnt/data/datasets/machine-learning-matrices-split/glove.q4k.csv.32.7.B.vc
Ans-fold time: 2.5822
==== Integer vector .C compression
Command: /home/louza/mm-repair/sdsl/encode.x /mnt/data/datasets/machine-learning-matrices-split/glove.q4k.csv.32.8.A.vc.C 
==== Integer vector .R compression
Command: /home/louza/mm-repair/sdsl/encode.x /mnt/data/datasets/machine-learning-matrices-split/glove.q4k.csv.32.8.A.vc.R 
Integer vector compression time: 0.0213
==== Ans-fold compression
Command: /home/louza/mm-repair/ans/encode.x /mnt/data/datasets/machine-learning-matrices-split/glove.q4k.csv.32.8.A.vc.C 
Command: /home/louza/mm-repair/ans/encode.x /mnt/data/datasets/machine-learning-matrices-split/glove.q4k.csv.32.8.B.vc
Ans-fold time: 2.8580
==== Integer vector .C compression
Command: /home/louza/mm-repair/sdsl/encode.x /mnt/data/datasets/machine-learning-matrices-split/glove.q4k.csv.32.9.A.vc.C 
==== Integer vector .R compression
Command: /home/louza/mm-repair/sdsl/encode.x /mnt/data/datasets/machine-learning-matrices-split/glove.q4k.csv.32.9.A.vc.R 
Integer vector compression time: 0.0231
==== Ans-fold compression
Command: /home/louza/mm-repair/ans/encode.x /mnt/data/datasets/machine-learning-matrices-split/glove.q4k.csv.32.9.A.vc.C 
Command: /home/louza/mm-repair/ans/encode.x /mnt/data/datasets/machine-learning-matrices-split/glove.q4k.csv.32.9.B.vc
Ans-fold time: 3.1326
==== Integer vector .C compression
Command: /home/louza/mm-repair/sdsl/encode.x /mnt/data/datasets/machine-learning-matrices-split/glove.q4k.csv.32.10.A.vc.C 
==== Integer vector .R compression
Command: /home/louza/mm-repair/sdsl/encode.x /mnt/data/datasets/machine-learning-matrices-split/glove.q4k.csv.32.10.A.vc.R 
Integer vector compression time: 0.0233
==== Ans-fold compression
Command: /home/louza/mm-repair/ans/encode.x /mnt/data/datasets/machine-learning-matrices-split/glove.q4k.csv.32.10.A.vc.C 
Command: /home/louza/mm-repair/ans/encode.x /mnt/data/datasets/machine-learning-matrices-split/glove.q4k.csv.32.10.B.vc
Ans-fold time: 3.4095
==== Integer vector .C compression
Command: /home/louza/mm-repair/sdsl/encode.x /mnt/data/datasets/machine-learning-matrices-split/glove.q4k.csv.32.11.A.vc.C 
==== Integer vector .R compression
Command: /home/louza/mm-repair/sdsl/encode.x /mnt/data/datasets/machine-learning-matrices-split/glove.q4k.csv.32.11.A.vc.R 
Integer vector compression time: 0.0232
==== Ans-fold compression
Command: /home/louza/mm-repair/ans/encode.x /mnt/data/datasets/machine-learning-matrices-split/glove.q4k.csv.32.11.A.vc.C 
Command: /home/louza/mm-repair/ans/encode.x /mnt/data/datasets/machine-learning-matrices-split/glove.q4k.csv.32.11.B.vc
Ans-fold time: 3.6792
==== Integer vector .C compression
Command: /home/louza/mm-repair/sdsl/encode.x /mnt/data/datasets/machine-learning-matrices-split/glove.q4k.csv.32.12.A.vc.C 
==== Integer vector .R compression
Command: /home/louza/mm-repair/sdsl/encode.x /mnt/data/datasets/machine-learning-matrices-split/glove.q4k.csv.32.12.A.vc.R 
Integer vector compression time: 0.0245
==== Ans-fold compression
Command: /home/louza/mm-repair/ans/encode.x /mnt/data/datasets/machine-learning-matrices-split/glove.q4k.csv.32.12.A.vc.C 
Command: /home/louza/mm-repair/ans/encode.x /mnt/data/datasets/machine-learning-matrices-split/glove.q4k.csv.32.12.B.vc
Ans-fold time: 3.9577
==== Integer vector .C compression
Command: /home/louza/mm-repair/sdsl/encode.x /mnt/data/datasets/machine-learning-matrices-split/glove.q4k.csv.32.13.A.vc.C 
==== Integer vector .R compression
Command: /home/louza/mm-repair/sdsl/encode.x /mnt/data/datasets/machine-learning-matrices-split/glove.q4k.csv.32.13.A.vc.R 
Integer vector compression time: 0.0228
==== Ans-fold compression
Command: /home/louza/mm-repair/ans/encode.x /mnt/data/datasets/machine-learning-matrices-split/glove.q4k.csv.32.13.A.vc.C 
Command: /home/louza/mm-repair/ans/encode.x /mnt/data/datasets/machine-learning-matrices-split/glove.q4k.csv.32.13.B.vc
Ans-fold time: 4.1897
==== Integer vector .C compression
Command: /home/louza/mm-repair/sdsl/encode.x /mnt/data/datasets/machine-learning-matrices-split/glove.q4k.csv.32.14.A.vc.C 
==== Integer vector .R compression
Command: /home/louza/mm-repair/sdsl/encode.x /mnt/data/datasets/machine-learning-matrices-split/glove.q4k.csv.32.14.A.vc.R 
Integer vector compression time: 0.0214
==== Ans-fold compression
Command: /home/louza/mm-repair/ans/encode.x /mnt/data/datasets/machine-learning-matrices-split/glove.q4k.csv.32.14.A.vc.C 
Command: /home/louza/mm-repair/ans/encode.x /mnt/data/datasets/machine-learning-matrices-split/glove.q4k.csv.32.14.B.vc
Ans-fold time: 4.4628
==== Integer vector .C compression
Command: /home/louza/mm-repair/sdsl/encode.x /mnt/data/datasets/machine-learning-matrices-split/glove.q4k.csv.32.15.A.vc.C 
==== Integer vector .R compression
Command: /home/louza/mm-repair/sdsl/encode.x /mnt/data/datasets/machine-learning-matrices-split/glove.q4k.csv.32.15.A.vc.R 
Integer vector compression time: 0.0234
==== Ans-fold compression
Command: /home/louza/mm-repair/ans/encode.x /mnt/data/datasets/machine-learning-matrices-split/glove.q4k.csv.32.15.A.vc.C 
Command: /home/louza/mm-repair/ans/encode.x /mnt/data/datasets/machine-learning-matrices-split/glove.q4k.csv.32.15.B.vc
Ans-fold time: 4.7378
==== Integer vector .C compression
Command: /home/louza/mm-repair/sdsl/encode.x /mnt/data/datasets/machine-learning-matrices-split/glove.q4k.csv.32.16.A.vc.C 
==== Integer vector .R compression
Command: /home/louza/mm-repair/sdsl/encode.x /mnt/data/datasets/machine-learning-matrices-split/glove.q4k.csv.32.16.A.vc.R 
Integer vector compression time: 0.0226
==== Ans-fold compression
Command: /home/louza/mm-repair/ans/encode.x /mnt/data/datasets/machine-learning-matrices-split/glove.q4k.csv.32.16.A.vc.C 
Command: /home/louza/mm-repair/ans/encode.x /mnt/data/datasets/machine-learning-matrices-split/glove.q4k.csv.32.16.B.vc
Ans-fold time: 4.9564
==== Integer vector .C compression
Command: /home/louza/mm-repair/sdsl/encode.x /mnt/data/datasets/machine-learning-matrices-split/glove.q4k.csv.32.17.A.vc.C 
==== Integer vector .R compression
Command: /home/louza/mm-repair/sdsl/encode.x /mnt/data/datasets/machine-learning-matrices-split/glove.q4k.csv.32.17.A.vc.R 
Integer vector compression time: 0.0163
==== Ans-fold compression
Command: /home/louza/mm-repair/ans/encode.x /mnt/data/datasets/machine-learning-matrices-split/glove.q4k.csv.32.17.A.vc.C 
Command: /home/louza/mm-repair/ans/encode.x /mnt/data/datasets/machine-learning-matrices-split/glove.q4k.csv.32.17.B.vc
Ans-fold time: 5.1728
==== Integer vector .C compression
Command: /home/louza/mm-repair/sdsl/encode.x /mnt/data/datasets/machine-learning-matrices-split/glove.q4k.csv.32.18.A.vc.C 
==== Integer vector .R compression
Command: /home/louza/mm-repair/sdsl/encode.x /mnt/data/datasets/machine-learning-matrices-split/glove.q4k.csv.32.18.A.vc.R 
Integer vector compression time: 0.0211
==== Ans-fold compression
Command: /home/louza/mm-repair/ans/encode.x /mnt/data/datasets/machine-learning-matrices-split/glove.q4k.csv.32.18.A.vc.C 
Command: /home/louza/mm-repair/ans/encode.x /mnt/data/datasets/machine-learning-matrices-split/glove.q4k.csv.32.18.B.vc
Ans-fold time: 5.4457
==== Integer vector .C compression
Command: /home/louza/mm-repair/sdsl/encode.x /mnt/data/datasets/machine-learning-matrices-split/glove.q4k.csv.32.19.A.vc.C 
==== Integer vector .R compression
Command: /home/louza/mm-repair/sdsl/encode.x /mnt/data/datasets/machine-learning-matrices-split/glove.q4k.csv.32.19.A.vc.R 
Integer vector compression time: 0.0239
==== Ans-fold compression
Command: /home/louza/mm-repair/ans/encode.x /mnt/data/datasets/machine-learning-matrices-split/glove.q4k.csv.32.19.A.vc.C 
Command: /home/louza/mm-repair/ans/encode.x /mnt/data/datasets/machine-learning-matrices-split/glove.q4k.csv.32.19.B.vc
Ans-fold time: 5.6644
==== Integer vector .C compression
Command: /home/louza/mm-repair/sdsl/encode.x /mnt/data/datasets/machine-learning-matrices-split/glove.q4k.csv.32.20.A.vc.C 
==== Integer vector .R compression
Command: /home/louza/mm-repair/sdsl/encode.x /mnt/data/datasets/machine-learning-matrices-split/glove.q4k.csv.32.20.A.vc.R 
Integer vector compression time: 0.0200
==== Ans-fold compression
Command: /home/louza/mm-repair/ans/encode.x /mnt/data/datasets/machine-learning-matrices-split/glove.q4k.csv.32.20.A.vc.C 
Command: /home/louza/mm-repair/ans/encode.x /mnt/data/datasets/machine-learning-matrices-split/glove.q4k.csv.32.20.B.vc
Ans-fold time: 5.8790
==== Integer vector .C compression
Command: /home/louza/mm-repair/sdsl/encode.x /mnt/data/datasets/machine-learning-matrices-split/glove.q4k.csv.32.21.A.vc.C 
==== Integer vector .R compression
Command: /home/louza/mm-repair/sdsl/encode.x /mnt/data/datasets/machine-learning-matrices-split/glove.q4k.csv.32.21.A.vc.R 
Integer vector compression time: 0.0199
==== Ans-fold compression
Command: /home/louza/mm-repair/ans/encode.x /mnt/data/datasets/machine-learning-matrices-split/glove.q4k.csv.32.21.A.vc.C 
Command: /home/louza/mm-repair/ans/encode.x /mnt/data/datasets/machine-learning-matrices-split/glove.q4k.csv.32.21.B.vc
Ans-fold time: 6.1533
==== Integer vector .C compression
Command: /home/louza/mm-repair/sdsl/encode.x /mnt/data/datasets/machine-learning-matrices-split/glove.q4k.csv.32.22.A.vc.C 
==== Integer vector .R compression
Command: /home/louza/mm-repair/sdsl/encode.x /mnt/data/datasets/machine-learning-matrices-split/glove.q4k.csv.32.22.A.vc.R 
Integer vector compression time: 0.0239
==== Ans-fold compression
Command: /home/louza/mm-repair/ans/encode.x /mnt/data/datasets/machine-learning-matrices-split/glove.q4k.csv.32.22.A.vc.C 
Command: /home/louza/mm-repair/ans/encode.x /mnt/data/datasets/machine-learning-matrices-split/glove.q4k.csv.32.22.B.vc
Ans-fold time: 6.3574
==== Integer vector .C compression
Command: /home/louza/mm-repair/sdsl/encode.x /mnt/data/datasets/machine-learning-matrices-split/glove.q4k.csv.32.23.A.vc.C 
==== Integer vector .R compression
Command: /home/louza/mm-repair/sdsl/encode.x /mnt/data/datasets/machine-learning-matrices-split/glove.q4k.csv.32.23.A.vc.R 
Integer vector compression time: 0.0201
==== Ans-fold compression
Command: /home/louza/mm-repair/ans/encode.x /mnt/data/datasets/machine-learning-matrices-split/glove.q4k.csv.32.23.A.vc.C 
Command: /home/louza/mm-repair/ans/encode.x /mnt/data/datasets/machine-learning-matrices-split/glove.q4k.csv.32.23.B.vc
Ans-fold time: 6.5551
==== Integer vector .C compression
Command: /home/louza/mm-repair/sdsl/encode.x /mnt/data/datasets/machine-learning-matrices-split/glove.q4k.csv.32.24.A.vc.C 
==== Integer vector .R compression
Command: /home/louza/mm-repair/sdsl/encode.x /mnt/data/datasets/machine-learning-matrices-split/glove.q4k.csv.32.24.A.vc.R 
Integer vector compression time: 0.0205
==== Ans-fold compression
Command: /home/louza/mm-repair/ans/encode.x /mnt/data/datasets/machine-learning-matrices-split/glove.q4k.csv.32.24.A.vc.C 
Command: /home/louza/mm-repair/ans/encode.x /mnt/data/datasets/machine-learning-matrices-split/glove.q4k.csv.32.24.B.vc
Ans-fold time: 6.8210
==== Integer vector .C compression
Command: /home/louza/mm-repair/sdsl/encode.x /mnt/data/datasets/machine-learning-matrices-split/glove.q4k.csv.32.25.A.vc.C 
==== Integer vector .R compression
Command: /home/louza/mm-repair/sdsl/encode.x /mnt/data/datasets/machine-learning-matrices-split/glove.q4k.csv.32.25.A.vc.R 
Integer vector compression time: 0.0176
==== Ans-fold compression
Command: /home/louza/mm-repair/ans/encode.x /mnt/data/datasets/machine-learning-matrices-split/glove.q4k.csv.32.25.A.vc.C 
Command: /home/louza/mm-repair/ans/encode.x /mnt/data/datasets/machine-learning-matrices-split/glove.q4k.csv.32.25.B.vc
Ans-fold time: 7.0198
==== Integer vector .C compression
Command: /home/louza/mm-repair/sdsl/encode.x /mnt/data/datasets/machine-learning-matrices-split/glove.q4k.csv.32.26.A.vc.C 
==== Integer vector .R compression
Command: /home/louza/mm-repair/sdsl/encode.x /mnt/data/datasets/machine-learning-matrices-split/glove.q4k.csv.32.26.A.vc.R 
Integer vector compression time: 0.0261
==== Ans-fold compression
Command: /home/louza/mm-repair/ans/encode.x /mnt/data/datasets/machine-learning-matrices-split/glove.q4k.csv.32.26.A.vc.C 
Command: /home/louza/mm-repair/ans/encode.x /mnt/data/datasets/machine-learning-matrices-split/glove.q4k.csv.32.26.B.vc
Ans-fold time: 7.9485
==== Integer vector .C compression
Command: /home/louza/mm-repair/sdsl/encode.x /mnt/data/datasets/machine-learning-matrices-split/glove.q4k.csv.32.27.A.vc.C 
==== Integer vector .R compression
Command: /home/louza/mm-repair/sdsl/encode.x /mnt/data/datasets/machine-learning-matrices-split/glove.q4k.csv.32.27.A.vc.R 
Integer vector compression time: 0.0251
==== Ans-fold compression
Command: /home/louza/mm-repair/ans/encode.x /mnt/data/datasets/machine-learning-matrices-split/glove.q4k.csv.32.27.A.vc.C 
Command: /home/louza/mm-repair/ans/encode.x /mnt/data/datasets/machine-learning-matrices-split/glove.q4k.csv.32.27.B.vc
Ans-fold time: 8.1967
==== Integer vector .C compression
Command: /home/louza/mm-repair/sdsl/encode.x /mnt/data/datasets/machine-learning-matrices-split/glove.q4k.csv.32.28.A.vc.C 
==== Integer vector .R compression
Command: /home/louza/mm-repair/sdsl/encode.x /mnt/data/datasets/machine-learning-matrices-split/glove.q4k.csv.32.28.A.vc.R 
Integer vector compression time: 0.0249
==== Ans-fold compression
Command: /home/louza/mm-repair/ans/encode.x /mnt/data/datasets/machine-learning-matrices-split/glove.q4k.csv.32.28.A.vc.C 
Command: /home/louza/mm-repair/ans/encode.x /mnt/data/datasets/machine-learning-matrices-split/glove.q4k.csv.32.28.B.vc
Ans-fold time: 8.3930
==== Integer vector .C compression
Command: /home/louza/mm-repair/sdsl/encode.x /mnt/data/datasets/machine-learning-matrices-split/glove.q4k.csv.32.29.A.vc.C 
==== Integer vector .R compression
Command: /home/louza/mm-repair/sdsl/encode.x /mnt/data/datasets/machine-learning-matrices-split/glove.q4k.csv.32.29.A.vc.R 
Integer vector compression time: 0.0238
==== Ans-fold compression
Command: /home/louza/mm-repair/ans/encode.x /mnt/data/datasets/machine-learning-matrices-split/glove.q4k.csv.32.29.A.vc.C 
Command: /home/louza/mm-repair/ans/encode.x /mnt/data/datasets/machine-learning-matrices-split/glove.q4k.csv.32.29.B.vc
Ans-fold time: 8.6346
==== Integer vector .C compression
Command: /home/louza/mm-repair/sdsl/encode.x /mnt/data/datasets/machine-learning-matrices-split/glove.q4k.csv.32.30.A.vc.C 
==== Integer vector .R compression
Command: /home/louza/mm-repair/sdsl/encode.x /mnt/data/datasets/machine-learning-matrices-split/glove.q4k.csv.32.30.A.vc.R 
Integer vector compression time: 0.0293
==== Ans-fold compression
Command: /home/louza/mm-repair/ans/encode.x /mnt/data/datasets/machine-learning-matrices-split/glove.q4k.csv.32.30.A.vc.C 
Command: /home/louza/mm-repair/ans/encode.x /mnt/data/datasets/machine-learning-matrices-split/glove.q4k.csv.32.30.B.vc
Ans-fold time: 8.8815
==== Integer vector .C compression
Command: /home/louza/mm-repair/sdsl/encode.x /mnt/data/datasets/machine-learning-matrices-split/glove.q4k.csv.32.31.A.vc.C 
==== Integer vector .R compression
Command: /home/louza/mm-repair/sdsl/encode.x /mnt/data/datasets/machine-learning-matrices-split/glove.q4k.csv.32.31.A.vc.R 
Integer vector compression time: 0.0223
==== Ans-fold compression
Command: /home/louza/mm-repair/ans/encode.x /mnt/data/datasets/machine-learning-matrices-split/glove.q4k.csv.32.31.A.vc.C 
Command: /home/louza/mm-repair/ans/encode.x /mnt/data/datasets/machine-learning-matrices-split/glove.q4k.csv.32.31.B.vc
Ans-fold time: 9.1231
Elapsed time: 476.6778
==== Compression Report:
 >> matrix name: /mnt/data/datasets/machine-learning-matrices-split/glove.q4k.csv
 >> conversion time: 466.78
 >> repair time: 0.04
 >> integer vectors time: 0.02
 >> ansf time: 9.12
 >> total time: 476.68
 >> matrix log(alpha)xNumEntries size: 180000000 bytes
 >> matrix dense size: 960000000 bytes
 >> total number of nonzero: 67818 (0.06%)
 >> number of distinct nonzero: 3294
 >> CRSV  size: 1897624 bytes  (0.20%)
 >> B	  size: 481328728 bytes  (50.14%)
 >> B_ans size: 277205609 bytes  (28.88%)
 >> RE32  size: 279057945 bytes  (29.07%)
 >> REIV  size: 278353209 bytes  (29.00%)
 >> REANS size: 277378486 bytes  (28.89%)
==== Done

#### 2026-09-07 11:57:57
 Command line: ./mm-repair/matrepair -r -b 32 -p 32 /mnt/data/datasets/machine-learning-matrices-split/glove.q4k.csv 400000 300 --ole --mapping 
Setting memory for each repair instance to 14501 MBs
Sending logging messages to file: /mnt/data/datasets/machine-learning-matrices-split/glove.q4k.csv.log
==== Conversion bin/csv->csrv
Command: /home/louza/mm-repair/csvmat2csrv -b 32   /mnt/data/datasets/machine-learning-matrices-split/glove.q4k.csv -r 0 -m  400000 300
Conversion time: 187.6262
==== Repair paralell compression
---- Executing 32 parallel processes
---- Parallel processing completed
Repair time: 10.8063
==== Integer vector .C compression
Command: /home/louza/mm-repair/sdsl/encode.x /mnt/data/datasets/machine-learning-matrices-split/glove.q4k.csv.32.0.vc.C 
==== Integer vector .R compression
Command: /home/louza/mm-repair/sdsl/encode.x /mnt/data/datasets/machine-learning-matrices-split/glove.q4k.csv.32.0.vc.R 
Integer vector compression time: 1.0427
==== OLE
Command: /home/louza/mm-repair/ole/encode.x /mnt/data/datasets/machine-learning-matrices-split/glove.q4k.csv.32.0.vc.C 
OLE time: 1.5027
==== Ans-fold compression
Command: /home/louza/mm-repair/ans/encode.x /mnt/data/datasets/machine-learning-matrices-split/glove.q4k.csv.32.0.vc.C 
Ans-fold time: 1.5652
==== Integer vector .C compression
Command: /home/louza/mm-repair/sdsl/encode.x /mnt/data/datasets/machine-learning-matrices-split/glove.q4k.csv.32.1.vc.C 
==== Integer vector .R compression
Command: /home/louza/mm-repair/sdsl/encode.x /mnt/data/datasets/machine-learning-matrices-split/glove.q4k.csv.32.1.vc.R 
Integer vector compression time: 1.1527
==== OLE
Command: /home/louza/mm-repair/ole/encode.x /mnt/data/datasets/machine-learning-matrices-split/glove.q4k.csv.32.1.vc.C 
OLE time: 1.4431
==== Ans-fold compression
Command: /home/louza/mm-repair/ans/encode.x /mnt/data/datasets/machine-learning-matrices-split/glove.q4k.csv.32.1.vc.C 
Ans-fold time: 2.2514
==== Integer vector .C compression
Command: /home/louza/mm-repair/sdsl/encode.x /mnt/data/datasets/machine-learning-matrices-split/glove.q4k.csv.32.2.vc.C 
==== Integer vector .R compression
Command: /home/louza/mm-repair/sdsl/encode.x /mnt/data/datasets/machine-learning-matrices-split/glove.q4k.csv.32.2.vc.R 
Integer vector compression time: 0.8162
==== OLE
Command: /home/louza/mm-repair/ole/encode.x /mnt/data/datasets/machine-learning-matrices-split/glove.q4k.csv.32.2.vc.C 
OLE time: 1.3370
==== Ans-fold compression
Command: /home/louza/mm-repair/ans/encode.x /mnt/data/datasets/machine-learning-matrices-split/glove.q4k.csv.32.2.vc.C 
Ans-fold time: 2.8587
==== Integer vector .C compression
Command: /home/louza/mm-repair/sdsl/encode.x /mnt/data/datasets/machine-learning-matrices-split/glove.q4k.csv.32.3.vc.C 
==== Integer vector .R compression
Command: /home/louza/mm-repair/sdsl/encode.x /mnt/data/datasets/machine-learning-matrices-split/glove.q4k.csv.32.3.vc.R 
Integer vector compression time: 1.1858
==== OLE
Command: /home/louza/mm-repair/ole/encode.x /mnt/data/datasets/machine-learning-matrices-split/glove.q4k.csv.32.3.vc.C 
OLE time: 1.6426
==== Ans-fold compression
Command: /home/louza/mm-repair/ans/encode.x /mnt/data/datasets/machine-learning-matrices-split/glove.q4k.csv.32.3.vc.C 
Ans-fold time: 3.4733
==== Integer vector .C compression
Command: /home/louza/mm-repair/sdsl/encode.x /mnt/data/datasets/machine-learning-matrices-split/glove.q4k.csv.32.4.vc.C 
==== Integer vector .R compression
Command: /home/louza/mm-repair/sdsl/encode.x /mnt/data/datasets/machine-learning-matrices-split/glove.q4k.csv.32.4.vc.R 
Integer vector compression time: 1.0391
==== OLE
Command: /home/louza/mm-repair/ole/encode.x /mnt/data/datasets/machine-learning-matrices-split/glove.q4k.csv.32.4.vc.C 
OLE time: 1.2976
==== Ans-fold compression
Command: /home/louza/mm-repair/ans/encode.x /mnt/data/datasets/machine-learning-matrices-split/glove.q4k.csv.32.4.vc.C 
Ans-fold time: 4.6527
==== Integer vector .C compression
Command: /home/louza/mm-repair/sdsl/encode.x /mnt/data/datasets/machine-learning-matrices-split/glove.q4k.csv.32.5.vc.C 
==== Integer vector .R compression
Command: /home/louza/mm-repair/sdsl/encode.x /mnt/data/datasets/machine-learning-matrices-split/glove.q4k.csv.32.5.vc.R 
Integer vector compression time: 1.2089
==== OLE
Command: /home/louza/mm-repair/ole/encode.x /mnt/data/datasets/machine-learning-matrices-split/glove.q4k.csv.32.5.vc.C 
OLE time: 1.5024
==== Ans-fold compression
Command: /home/louza/mm-repair/ans/encode.x /mnt/data/datasets/machine-learning-matrices-split/glove.q4k.csv.32.5.vc.C 
Ans-fold time: 5.1531
==== Integer vector .C compression
Command: /home/louza/mm-repair/sdsl/encode.x /mnt/data/datasets/machine-learning-matrices-split/glove.q4k.csv.32.6.vc.C 
==== Integer vector .R compression
Command: /home/louza/mm-repair/sdsl/encode.x /mnt/data/datasets/machine-learning-matrices-split/glove.q4k.csv.32.6.vc.R 
Integer vector compression time: 0.7122
==== OLE
Command: /home/louza/mm-repair/ole/encode.x /mnt/data/datasets/machine-learning-matrices-split/glove.q4k.csv.32.6.vc.C 
OLE time: 1.1513
==== Ans-fold compression
Command: /home/louza/mm-repair/ans/encode.x /mnt/data/datasets/machine-learning-matrices-split/glove.q4k.csv.32.6.vc.C 
Ans-fold time: 5.9884
==== Integer vector .C compression
Command: /home/louza/mm-repair/sdsl/encode.x /mnt/data/datasets/machine-learning-matrices-split/glove.q4k.csv.32.7.vc.C 
==== Integer vector .R compression
Command: /home/louza/mm-repair/sdsl/encode.x /mnt/data/datasets/machine-learning-matrices-split/glove.q4k.csv.32.7.vc.R 
Integer vector compression time: 0.8735
==== OLE
Command: /home/louza/mm-repair/ole/encode.x /mnt/data/datasets/machine-learning-matrices-split/glove.q4k.csv.32.7.vc.C 
OLE time: 1.4780
==== Ans-fold compression
Command: /home/louza/mm-repair/ans/encode.x /mnt/data/datasets/machine-learning-matrices-split/glove.q4k.csv.32.7.vc.C 
Ans-fold time: 6.7068
==== Integer vector .C compression
Command: /home/louza/mm-repair/sdsl/encode.x /mnt/data/datasets/machine-learning-matrices-split/glove.q4k.csv.32.8.vc.C 
==== Integer vector .R compression
Command: /home/louza/mm-repair/sdsl/encode.x /mnt/data/datasets/machine-learning-matrices-split/glove.q4k.csv.32.8.vc.R 
Integer vector compression time: 0.8929
==== OLE
Command: /home/louza/mm-repair/ole/encode.x /mnt/data/datasets/machine-learning-matrices-split/glove.q4k.csv.32.8.vc.C 
OLE time: 1.3532
==== Ans-fold compression
Command: /home/louza/mm-repair/ans/encode.x /mnt/data/datasets/machine-learning-matrices-split/glove.q4k.csv.32.8.vc.C 
Ans-fold time: 7.4726
==== Integer vector .C compression
Command: /home/louza/mm-repair/sdsl/encode.x /mnt/data/datasets/machine-learning-matrices-split/glove.q4k.csv.32.9.vc.C 
==== Integer vector .R compression
Command: /home/louza/mm-repair/sdsl/encode.x /mnt/data/datasets/machine-learning-matrices-split/glove.q4k.csv.32.9.vc.R 
Integer vector compression time: 1.4526
==== OLE
Command: /home/louza/mm-repair/ole/encode.x /mnt/data/datasets/machine-learning-matrices-split/glove.q4k.csv.32.9.vc.C 
OLE time: 2.1722
==== Ans-fold compression
Command: /home/louza/mm-repair/ans/encode.x /mnt/data/datasets/machine-learning-matrices-split/glove.q4k.csv.32.9.vc.C 
Ans-fold time: 8.2648
==== Integer vector .C compression
Command: /home/louza/mm-repair/sdsl/encode.x /mnt/data/datasets/machine-learning-matrices-split/glove.q4k.csv.32.10.vc.C 
==== Integer vector .R compression
Command: /home/louza/mm-repair/sdsl/encode.x /mnt/data/datasets/machine-learning-matrices-split/glove.q4k.csv.32.10.vc.R 
Integer vector compression time: 0.8809
==== OLE
Command: /home/louza/mm-repair/ole/encode.x /mnt/data/datasets/machine-learning-matrices-split/glove.q4k.csv.32.10.vc.C 
OLE time: 1.6234
==== Ans-fold compression
Command: /home/louza/mm-repair/ans/encode.x /mnt/data/datasets/machine-learning-matrices-split/glove.q4k.csv.32.10.vc.C 
Ans-fold time: 8.9342
==== Integer vector .C compression
Command: /home/louza/mm-repair/sdsl/encode.x /mnt/data/datasets/machine-learning-matrices-split/glove.q4k.csv.32.11.vc.C 
==== Integer vector .R compression
Command: /home/louza/mm-repair/sdsl/encode.x /mnt/data/datasets/machine-learning-matrices-split/glove.q4k.csv.32.11.vc.R 
Integer vector compression time: 2.2161
==== OLE
Command: /home/louza/mm-repair/ole/encode.x /mnt/data/datasets/machine-learning-matrices-split/glove.q4k.csv.32.11.vc.C 
OLE time: 1.6591
==== Ans-fold compression
Command: /home/louza/mm-repair/ans/encode.x /mnt/data/datasets/machine-learning-matrices-split/glove.q4k.csv.32.11.vc.C 
Ans-fold time: 9.7517
==== Integer vector .C compression
Command: /home/louza/mm-repair/sdsl/encode.x /mnt/data/datasets/machine-learning-matrices-split/glove.q4k.csv.32.12.vc.C 
==== Integer vector .R compression
Command: /home/louza/mm-repair/sdsl/encode.x /mnt/data/datasets/machine-learning-matrices-split/glove.q4k.csv.32.12.vc.R 
Integer vector compression time: 1.2170
==== OLE
Command: /home/louza/mm-repair/ole/encode.x /mnt/data/datasets/machine-learning-matrices-split/glove.q4k.csv.32.12.vc.C 
OLE time: 1.5688
==== Ans-fold compression
Command: /home/louza/mm-repair/ans/encode.x /mnt/data/datasets/machine-learning-matrices-split/glove.q4k.csv.32.12.vc.C 
Ans-fold time: 10.4066
==== Integer vector .C compression
Command: /home/louza/mm-repair/sdsl/encode.x /mnt/data/datasets/machine-learning-matrices-split/glove.q4k.csv.32.13.vc.C 
==== Integer vector .R compression
Command: /home/louza/mm-repair/sdsl/encode.x /mnt/data/datasets/machine-learning-matrices-split/glove.q4k.csv.32.13.vc.R 
Integer vector compression time: 0.7281
==== OLE
Command: /home/louza/mm-repair/ole/encode.x /mnt/data/datasets/machine-learning-matrices-split/glove.q4k.csv.32.13.vc.C 
OLE time: 1.8440
==== Ans-fold compression
Command: /home/louza/mm-repair/ans/encode.x /mnt/data/datasets/machine-learning-matrices-split/glove.q4k.csv.32.13.vc.C 
Ans-fold time: 11.3984
==== Integer vector .C compression
Command: /home/louza/mm-repair/sdsl/encode.x /mnt/data/datasets/machine-learning-matrices-split/glove.q4k.csv.32.14.vc.C 
==== Integer vector .R compression
Command: /home/louza/mm-repair/sdsl/encode.x /mnt/data/datasets/machine-learning-matrices-split/glove.q4k.csv.32.14.vc.R 
Integer vector compression time: 1.1518
==== OLE
Command: /home/louza/mm-repair/ole/encode.x /mnt/data/datasets/machine-learning-matrices-split/glove.q4k.csv.32.14.vc.C 
OLE time: 1.2367
==== Ans-fold compression
Command: /home/louza/mm-repair/ans/encode.x /mnt/data/datasets/machine-learning-matrices-split/glove.q4k.csv.32.14.vc.C 
Ans-fold time: 12.2869
==== Integer vector .C compression
Command: /home/louza/mm-repair/sdsl/encode.x /mnt/data/datasets/machine-learning-matrices-split/glove.q4k.csv.32.15.vc.C 
==== Integer vector .R compression
Command: /home/louza/mm-repair/sdsl/encode.x /mnt/data/datasets/machine-learning-matrices-split/glove.q4k.csv.32.15.vc.R 
Integer vector compression time: 0.9547
==== OLE
Command: /home/louza/mm-repair/ole/encode.x /mnt/data/datasets/machine-learning-matrices-split/glove.q4k.csv.32.15.vc.C 
OLE time: 1.0143
==== Ans-fold compression
Command: /home/louza/mm-repair/ans/encode.x /mnt/data/datasets/machine-learning-matrices-split/glove.q4k.csv.32.15.vc.C 
Ans-fold time: 12.7581
==== Integer vector .C compression
Command: /home/louza/mm-repair/sdsl/encode.x /mnt/data/datasets/machine-learning-matrices-split/glove.q4k.csv.32.16.vc.C 
==== Integer vector .R compression
Command: /home/louza/mm-repair/sdsl/encode.x /mnt/data/datasets/machine-learning-matrices-split/glove.q4k.csv.32.16.vc.R 
Integer vector compression time: 1.1736
==== OLE
Command: /home/louza/mm-repair/ole/encode.x /mnt/data/datasets/machine-learning-matrices-split/glove.q4k.csv.32.16.vc.C 
OLE time: 2.4734
==== Ans-fold compression
Command: /home/louza/mm-repair/ans/encode.x /mnt/data/datasets/machine-learning-matrices-split/glove.q4k.csv.32.16.vc.C 
Ans-fold time: 13.4102
==== Integer vector .C compression
Command: /home/louza/mm-repair/sdsl/encode.x /mnt/data/datasets/machine-learning-matrices-split/glove.q4k.csv.32.17.vc.C 
==== Integer vector .R compression
Command: /home/louza/mm-repair/sdsl/encode.x /mnt/data/datasets/machine-learning-matrices-split/glove.q4k.csv.32.17.vc.R 
Integer vector compression time: 2.4766
==== OLE
Command: /home/louza/mm-repair/ole/encode.x /mnt/data/datasets/machine-learning-matrices-split/glove.q4k.csv.32.17.vc.C 
OLE time: 3.8929
==== Ans-fold compression
Command: /home/louza/mm-repair/ans/encode.x /mnt/data/datasets/machine-learning-matrices-split/glove.q4k.csv.32.17.vc.C 
Ans-fold time: 14.9567
==== Integer vector .C compression
Command: /home/louza/mm-repair/sdsl/encode.x /mnt/data/datasets/machine-learning-matrices-split/glove.q4k.csv.32.18.vc.C 
==== Integer vector .R compression
Command: /home/louza/mm-repair/sdsl/encode.x /mnt/data/datasets/machine-learning-matrices-split/glove.q4k.csv.32.18.vc.R 
Integer vector compression time: 3.4372
==== OLE
Command: /home/louza/mm-repair/ole/encode.x /mnt/data/datasets/machine-learning-matrices-split/glove.q4k.csv.32.18.vc.C 
OLE time: 3.5709
==== Ans-fold compression
Command: /home/louza/mm-repair/ans/encode.x /mnt/data/datasets/machine-learning-matrices-split/glove.q4k.csv.32.18.vc.C 
Ans-fold time: 16.8726
==== Integer vector .C compression
Command: /home/louza/mm-repair/sdsl/encode.x /mnt/data/datasets/machine-learning-matrices-split/glove.q4k.csv.32.19.vc.C 
==== Integer vector .R compression
Command: /home/louza/mm-repair/sdsl/encode.x /mnt/data/datasets/machine-learning-matrices-split/glove.q4k.csv.32.19.vc.R 
Integer vector compression time: 2.0383
==== OLE
Command: /home/louza/mm-repair/ole/encode.x /mnt/data/datasets/machine-learning-matrices-split/glove.q4k.csv.32.19.vc.C 
OLE time: 3.1482
==== Ans-fold compression
Command: /home/louza/mm-repair/ans/encode.x /mnt/data/datasets/machine-learning-matrices-split/glove.q4k.csv.32.19.vc.C 
Ans-fold time: 17.9568
==== Integer vector .C compression
Command: /home/louza/mm-repair/sdsl/encode.x /mnt/data/datasets/machine-learning-matrices-split/glove.q4k.csv.32.20.vc.C 
==== Integer vector .R compression
Command: /home/louza/mm-repair/sdsl/encode.x /mnt/data/datasets/machine-learning-matrices-split/glove.q4k.csv.32.20.vc.R 
Integer vector compression time: 1.4515
==== OLE
Command: /home/louza/mm-repair/ole/encode.x /mnt/data/datasets/machine-learning-matrices-split/glove.q4k.csv.32.20.vc.C 
OLE time: 2.5739
==== Ans-fold compression
Command: /home/louza/mm-repair/ans/encode.x /mnt/data/datasets/machine-learning-matrices-split/glove.q4k.csv.32.20.vc.C 
Ans-fold time: 19.3462
==== Integer vector .C compression
Command: /home/louza/mm-repair/sdsl/encode.x /mnt/data/datasets/machine-learning-matrices-split/glove.q4k.csv.32.21.vc.C 
==== Integer vector .R compression
Command: /home/louza/mm-repair/sdsl/encode.x /mnt/data/datasets/machine-learning-matrices-split/glove.q4k.csv.32.21.vc.R 
Integer vector compression time: 1.2034
==== OLE
Command: /home/louza/mm-repair/ole/encode.x /mnt/data/datasets/machine-learning-matrices-split/glove.q4k.csv.32.21.vc.C 
OLE time: 3.8522
==== Ans-fold compression
Command: /home/louza/mm-repair/ans/encode.x /mnt/data/datasets/machine-learning-matrices-split/glove.q4k.csv.32.21.vc.C 
Ans-fold time: 20.9985
==== Integer vector .C compression
Command: /home/louza/mm-repair/sdsl/encode.x /mnt/data/datasets/machine-learning-matrices-split/glove.q4k.csv.32.22.vc.C 
==== Integer vector .R compression
Command: /home/louza/mm-repair/sdsl/encode.x /mnt/data/datasets/machine-learning-matrices-split/glove.q4k.csv.32.22.vc.R 
Integer vector compression time: 2.0202
==== OLE
Command: /home/louza/mm-repair/ole/encode.x /mnt/data/datasets/machine-learning-matrices-split/glove.q4k.csv.32.22.vc.C 
OLE time: 3.5129
==== Ans-fold compression
Command: /home/louza/mm-repair/ans/encode.x /mnt/data/datasets/machine-learning-matrices-split/glove.q4k.csv.32.22.vc.C 
Ans-fold time: 22.2298
==== Integer vector .C compression
Command: /home/louza/mm-repair/sdsl/encode.x /mnt/data/datasets/machine-learning-matrices-split/glove.q4k.csv.32.23.vc.C 
==== Integer vector .R compression
Command: /home/louza/mm-repair/sdsl/encode.x /mnt/data/datasets/machine-learning-matrices-split/glove.q4k.csv.32.23.vc.R 
Integer vector compression time: 2.3578
==== OLE
Command: /home/louza/mm-repair/ole/encode.x /mnt/data/datasets/machine-learning-matrices-split/glove.q4k.csv.32.23.vc.C 
OLE time: 3.5478
==== Ans-fold compression
Command: /home/louza/mm-repair/ans/encode.x /mnt/data/datasets/machine-learning-matrices-split/glove.q4k.csv.32.23.vc.C 
Ans-fold time: 23.5607
==== Integer vector .C compression
Command: /home/louza/mm-repair/sdsl/encode.x /mnt/data/datasets/machine-learning-matrices-split/glove.q4k.csv.32.24.vc.C 
==== Integer vector .R compression
Command: /home/louza/mm-repair/sdsl/encode.x /mnt/data/datasets/machine-learning-matrices-split/glove.q4k.csv.32.24.vc.R 
Integer vector compression time: 2.7323
==== OLE
Command: /home/louza/mm-repair/ole/encode.x /mnt/data/datasets/machine-learning-matrices-split/glove.q4k.csv.32.24.vc.C 
OLE time: 1.6175
==== Ans-fold compression
Command: /home/louza/mm-repair/ans/encode.x /mnt/data/datasets/machine-learning-matrices-split/glove.q4k.csv.32.24.vc.C 
Ans-fold time: 24.4186
==== Integer vector .C compression
Command: /home/louza/mm-repair/sdsl/encode.x /mnt/data/datasets/machine-learning-matrices-split/glove.q4k.csv.32.25.vc.C 
==== Integer vector .R compression
Command: /home/louza/mm-repair/sdsl/encode.x /mnt/data/datasets/machine-learning-matrices-split/glove.q4k.csv.32.25.vc.R 
Integer vector compression time: 1.4978
==== OLE
Command: /home/louza/mm-repair/ole/encode.x /mnt/data/datasets/machine-learning-matrices-split/glove.q4k.csv.32.25.vc.C 
OLE time: 2.3721
==== Ans-fold compression
Command: /home/louza/mm-repair/ans/encode.x /mnt/data/datasets/machine-learning-matrices-split/glove.q4k.csv.32.25.vc.C 
Ans-fold time: 25.9666
==== Integer vector .C compression
Command: /home/louza/mm-repair/sdsl/encode.x /mnt/data/datasets/machine-learning-matrices-split/glove.q4k.csv.32.26.vc.C 
==== Integer vector .R compression
Command: /home/louza/mm-repair/sdsl/encode.x /mnt/data/datasets/machine-learning-matrices-split/glove.q4k.csv.32.26.vc.R 
Integer vector compression time: 3.2611
==== OLE
Command: /home/louza/mm-repair/ole/encode.x /mnt/data/datasets/machine-learning-matrices-split/glove.q4k.csv.32.26.vc.C 
OLE time: 5.3510
==== Ans-fold compression
Command: /home/louza/mm-repair/ans/encode.x /mnt/data/datasets/machine-learning-matrices-split/glove.q4k.csv.32.26.vc.C 
Ans-fold time: 28.4736
==== Integer vector .C compression
Command: /home/louza/mm-repair/sdsl/encode.x /mnt/data/datasets/machine-learning-matrices-split/glove.q4k.csv.32.27.vc.C 
==== Integer vector .R compression
Command: /home/louza/mm-repair/sdsl/encode.x /mnt/data/datasets/machine-learning-matrices-split/glove.q4k.csv.32.27.vc.R 
Integer vector compression time: 3.0906
==== OLE
Command: /home/louza/mm-repair/ole/encode.x /mnt/data/datasets/machine-learning-matrices-split/glove.q4k.csv.32.27.vc.C 
OLE time: 3.1778
==== Ans-fold compression
Command: /home/louza/mm-repair/ans/encode.x /mnt/data/datasets/machine-learning-matrices-split/glove.q4k.csv.32.27.vc.C 
Ans-fold time: 30.0582
==== Integer vector .C compression
Command: /home/louza/mm-repair/sdsl/encode.x /mnt/data/datasets/machine-learning-matrices-split/glove.q4k.csv.32.28.vc.C 
==== Integer vector .R compression
Command: /home/louza/mm-repair/sdsl/encode.x /mnt/data/datasets/machine-learning-matrices-split/glove.q4k.csv.32.28.vc.R 
Integer vector compression time: 0.8357
==== OLE
Command: /home/louza/mm-repair/ole/encode.x /mnt/data/datasets/machine-learning-matrices-split/glove.q4k.csv.32.28.vc.C 
OLE time: 5.5955
==== Ans-fold compression
Command: /home/louza/mm-repair/ans/encode.x /mnt/data/datasets/machine-learning-matrices-split/glove.q4k.csv.32.28.vc.C 
Ans-fold time: 31.6958
==== Integer vector .C compression
Command: /home/louza/mm-repair/sdsl/encode.x /mnt/data/datasets/machine-learning-matrices-split/glove.q4k.csv.32.29.vc.C 
==== Integer vector .R compression
Command: /home/louza/mm-repair/sdsl/encode.x /mnt/data/datasets/machine-learning-matrices-split/glove.q4k.csv.32.29.vc.R 
Integer vector compression time: 1.8837
==== OLE
Command: /home/louza/mm-repair/ole/encode.x /mnt/data/datasets/machine-learning-matrices-split/glove.q4k.csv.32.29.vc.C 
OLE time: 2.3239
==== Ans-fold compression
Command: /home/louza/mm-repair/ans/encode.x /mnt/data/datasets/machine-learning-matrices-split/glove.q4k.csv.32.29.vc.C 
Ans-fold time: 32.4497
==== Integer vector .C compression
Command: /home/louza/mm-repair/sdsl/encode.x /mnt/data/datasets/machine-learning-matrices-split/glove.q4k.csv.32.30.vc.C 
==== Integer vector .R compression
Command: /home/louza/mm-repair/sdsl/encode.x /mnt/data/datasets/machine-learning-matrices-split/glove.q4k.csv.32.30.vc.R 
Integer vector compression time: 2.1003
==== OLE
Command: /home/louza/mm-repair/ole/encode.x /mnt/data/datasets/machine-learning-matrices-split/glove.q4k.csv.32.30.vc.C 
OLE time: 2.0284
==== Ans-fold compression
Command: /home/louza/mm-repair/ans/encode.x /mnt/data/datasets/machine-learning-matrices-split/glove.q4k.csv.32.30.vc.C 
Ans-fold time: 33.6033
==== Integer vector .C compression
Command: /home/louza/mm-repair/sdsl/encode.x /mnt/data/datasets/machine-learning-matrices-split/glove.q4k.csv.32.31.vc.C 
==== Integer vector .R compression
Command: /home/louza/mm-repair/sdsl/encode.x /mnt/data/datasets/machine-learning-matrices-split/glove.q4k.csv.32.31.vc.R 
Integer vector compression time: 6.9472
==== OLE
Command: /home/louza/mm-repair/ole/encode.x /mnt/data/datasets/machine-learning-matrices-split/glove.q4k.csv.32.31.vc.C 
OLE time: 6.2915
==== Ans-fold compression
Command: /home/louza/mm-repair/ans/encode.x /mnt/data/datasets/machine-learning-matrices-split/glove.q4k.csv.32.31.vc.C 
Ans-fold time: 34.5429
Command: /home/louza/mm-repair/ans/encode.x /mnt/data/datasets/machine-learning-matrices-split/glove.q4k.csv.wcode 
Elapsed time: 368.2337
==== Compression Report:
 >> matrix name: /mnt/data/datasets/machine-learning-matrices-split/glove.q4k.csv
 >> conversion time: 187.63
 >> repair time: 10.81
 >> integer vectors time: 6.95
 >> ansf time: 34.54
 >> total time: 368.23
 >> wcode: 2334536 bytes
 >> wcode_ans: 47562 bytes
 >> matrix log(alpha)xNumEntries size: 180000000 bytes
 >> matrix dense size: 960000000 bytes
 >> total number of nonzero: 120000000 (100.00%)
 >> number of distinct nonzero: 3294
 >> CRSV  size: 481626352 bytes  (50.17%)
 >> RE32  size: 483915600 bytes  (50.41%)
 >> REIV  size: 303333416 bytes  (31.60%)
 >> REANS size: 181928483 bytes  (18.95%)
==== Done

#### 2026-09-07 12:04:05
 Command line: ./mm-repair/matrepair -r -b 32 -p 32 /mnt/data/datasets/machine-learning-matrices-split/glove.q4k.csv 400000 300 --ole --split 
Setting memory for each repair instance to 14501 MBs
Sending logging messages to file: /mnt/data/datasets/machine-learning-matrices-split/glove.q4k.csv.log
==== Conversion bin/csv->csrv
Command: /home/louza/mm-repair/csvmat2csrv -b 32   /mnt/data/datasets/machine-learning-matrices-split/glove.q4k.csv -r 0  -s 400000 300
Conversion time: 540.1137
==== Repair paralell compression
---- Executing 32 parallel processes
---- Parallel processing completed
Repair time: 0.1753
==== Integer vector .C compression
Command: /home/louza/mm-repair/sdsl/encode.x /mnt/data/datasets/machine-learning-matrices-split/glove.q4k.csv.32.0.A.vc.C 
==== Integer vector .R compression
Command: /home/louza/mm-repair/sdsl/encode.x /mnt/data/datasets/machine-learning-matrices-split/glove.q4k.csv.32.0.A.vc.R 
Integer vector compression time: 0.0869
==== OLE
Command: /home/louza/mm-repair/ole/encode.x /mnt/data/datasets/machine-learning-matrices-split/glove.q4k.csv.32.0.A.vc.C 
Command: /home/louza/mm-repair/ole/encode.x /mnt/data/datasets/machine-learning-matrices-split/glove.q4k.csv.32.0.B.vc 
OLE time: 0.9432
==== Ans-fold compression
Command: /home/louza/mm-repair/ans/encode.x /mnt/data/datasets/machine-learning-matrices-split/glove.q4k.csv.32.0.A.vc.C 
Command: /home/louza/mm-repair/ans/encode.x /mnt/data/datasets/machine-learning-matrices-split/glove.q4k.csv.32.0.B.vc
Ans-fold time: 0.5065
==== Integer vector .C compression
Command: /home/louza/mm-repair/sdsl/encode.x /mnt/data/datasets/machine-learning-matrices-split/glove.q4k.csv.32.1.A.vc.C 
==== Integer vector .R compression
Command: /home/louza/mm-repair/sdsl/encode.x /mnt/data/datasets/machine-learning-matrices-split/glove.q4k.csv.32.1.A.vc.R 
Integer vector compression time: 0.1854
==== OLE
Command: /home/louza/mm-repair/ole/encode.x /mnt/data/datasets/machine-learning-matrices-split/glove.q4k.csv.32.1.A.vc.C 
Command: /home/louza/mm-repair/ole/encode.x /mnt/data/datasets/machine-learning-matrices-split/glove.q4k.csv.32.1.B.vc 
OLE time: 0.7171
==== Ans-fold compression
Command: /home/louza/mm-repair/ans/encode.x /mnt/data/datasets/machine-learning-matrices-split/glove.q4k.csv.32.1.A.vc.C 
Command: /home/louza/mm-repair/ans/encode.x /mnt/data/datasets/machine-learning-matrices-split/glove.q4k.csv.32.1.B.vc
Ans-fold time: 0.9951
==== Integer vector .C compression
Command: /home/louza/mm-repair/sdsl/encode.x /mnt/data/datasets/machine-learning-matrices-split/glove.q4k.csv.32.2.A.vc.C 
==== Integer vector .R compression
Command: /home/louza/mm-repair/sdsl/encode.x /mnt/data/datasets/machine-learning-matrices-split/glove.q4k.csv.32.2.A.vc.R 
Integer vector compression time: 0.0673
==== OLE
Command: /home/louza/mm-repair/ole/encode.x /mnt/data/datasets/machine-learning-matrices-split/glove.q4k.csv.32.2.A.vc.C 
Command: /home/louza/mm-repair/ole/encode.x /mnt/data/datasets/machine-learning-matrices-split/glove.q4k.csv.32.2.B.vc 
OLE time: 0.4965
==== Ans-fold compression
Command: /home/louza/mm-repair/ans/encode.x /mnt/data/datasets/machine-learning-matrices-split/glove.q4k.csv.32.2.A.vc.C 
Command: /home/louza/mm-repair/ans/encode.x /mnt/data/datasets/machine-learning-matrices-split/glove.q4k.csv.32.2.B.vc
Ans-fold time: 1.4222
==== Integer vector .C compression
Command: /home/louza/mm-repair/sdsl/encode.x /mnt/data/datasets/machine-learning-matrices-split/glove.q4k.csv.32.3.A.vc.C 
==== Integer vector .R compression
Command: /home/louza/mm-repair/sdsl/encode.x /mnt/data/datasets/machine-learning-matrices-split/glove.q4k.csv.32.3.A.vc.R 
Integer vector compression time: 0.0967
==== OLE
Command: /home/louza/mm-repair/ole/encode.x /mnt/data/datasets/machine-learning-matrices-split/glove.q4k.csv.32.3.A.vc.C 
Command: /home/louza/mm-repair/ole/encode.x /mnt/data/datasets/machine-learning-matrices-split/glove.q4k.csv.32.3.B.vc 
OLE time: 0.7750
==== Ans-fold compression
Command: /home/louza/mm-repair/ans/encode.x /mnt/data/datasets/machine-learning-matrices-split/glove.q4k.csv.32.3.A.vc.C 
Command: /home/louza/mm-repair/ans/encode.x /mnt/data/datasets/machine-learning-matrices-split/glove.q4k.csv.32.3.B.vc
Ans-fold time: 1.8613
==== Integer vector .C compression
Command: /home/louza/mm-repair/sdsl/encode.x /mnt/data/datasets/machine-learning-matrices-split/glove.q4k.csv.32.4.A.vc.C 
==== Integer vector .R compression
Command: /home/louza/mm-repair/sdsl/encode.x /mnt/data/datasets/machine-learning-matrices-split/glove.q4k.csv.32.4.A.vc.R 
Integer vector compression time: 0.0880
==== OLE
Command: /home/louza/mm-repair/ole/encode.x /mnt/data/datasets/machine-learning-matrices-split/glove.q4k.csv.32.4.A.vc.C 
Command: /home/louza/mm-repair/ole/encode.x /mnt/data/datasets/machine-learning-matrices-split/glove.q4k.csv.32.4.B.vc 
OLE time: 1.3473
==== Ans-fold compression
Command: /home/louza/mm-repair/ans/encode.x /mnt/data/datasets/machine-learning-matrices-split/glove.q4k.csv.32.4.A.vc.C 
Command: /home/louza/mm-repair/ans/encode.x /mnt/data/datasets/machine-learning-matrices-split/glove.q4k.csv.32.4.B.vc
Ans-fold time: 2.3504
==== Integer vector .C compression
Command: /home/louza/mm-repair/sdsl/encode.x /mnt/data/datasets/machine-learning-matrices-split/glove.q4k.csv.32.5.A.vc.C 
==== Integer vector .R compression
Command: /home/louza/mm-repair/sdsl/encode.x /mnt/data/datasets/machine-learning-matrices-split/glove.q4k.csv.32.5.A.vc.R 
Integer vector compression time: 0.1230
==== OLE
Command: /home/louza/mm-repair/ole/encode.x /mnt/data/datasets/machine-learning-matrices-split/glove.q4k.csv.32.5.A.vc.C 
Command: /home/louza/mm-repair/ole/encode.x /mnt/data/datasets/machine-learning-matrices-split/glove.q4k.csv.32.5.B.vc 
OLE time: 0.7381
==== Ans-fold compression
Command: /home/louza/mm-repair/ans/encode.x /mnt/data/datasets/machine-learning-matrices-split/glove.q4k.csv.32.5.A.vc.C 
Command: /home/louza/mm-repair/ans/encode.x /mnt/data/datasets/machine-learning-matrices-split/glove.q4k.csv.32.5.B.vc
Ans-fold time: 3.0993
==== Integer vector .C compression
Command: /home/louza/mm-repair/sdsl/encode.x /mnt/data/datasets/machine-learning-matrices-split/glove.q4k.csv.32.6.A.vc.C 
==== Integer vector .R compression
Command: /home/louza/mm-repair/sdsl/encode.x /mnt/data/datasets/machine-learning-matrices-split/glove.q4k.csv.32.6.A.vc.R 
Integer vector compression time: 0.1609
==== OLE
Command: /home/louza/mm-repair/ole/encode.x /mnt/data/datasets/machine-learning-matrices-split/glove.q4k.csv.32.6.A.vc.C 
Command: /home/louza/mm-repair/ole/encode.x /mnt/data/datasets/machine-learning-matrices-split/glove.q4k.csv.32.6.B.vc 
OLE time: 0.6551
==== Ans-fold compression
Command: /home/louza/mm-repair/ans/encode.x /mnt/data/datasets/machine-learning-matrices-split/glove.q4k.csv.32.6.A.vc.C 
Command: /home/louza/mm-repair/ans/encode.x /mnt/data/datasets/machine-learning-matrices-split/glove.q4k.csv.32.6.B.vc
Ans-fold time: 3.7054
==== Integer vector .C compression
Command: /home/louza/mm-repair/sdsl/encode.x /mnt/data/datasets/machine-learning-matrices-split/glove.q4k.csv.32.7.A.vc.C 
==== Integer vector .R compression
Command: /home/louza/mm-repair/sdsl/encode.x /mnt/data/datasets/machine-learning-matrices-split/glove.q4k.csv.32.7.A.vc.R 
Integer vector compression time: 0.0866
==== OLE
Command: /home/louza/mm-repair/ole/encode.x /mnt/data/datasets/machine-learning-matrices-split/glove.q4k.csv.32.7.A.vc.C 
Command: /home/louza/mm-repair/ole/encode.x /mnt/data/datasets/machine-learning-matrices-split/glove.q4k.csv.32.7.B.vc 
OLE time: 0.5799
==== Ans-fold compression
Command: /home/louza/mm-repair/ans/encode.x /mnt/data/datasets/machine-learning-matrices-split/glove.q4k.csv.32.7.A.vc.C 
Command: /home/louza/mm-repair/ans/encode.x /mnt/data/datasets/machine-learning-matrices-split/glove.q4k.csv.32.7.B.vc
Ans-fold time: 4.4251
==== Integer vector .C compression
Command: /home/louza/mm-repair/sdsl/encode.x /mnt/data/datasets/machine-learning-matrices-split/glove.q4k.csv.32.8.A.vc.C 
==== Integer vector .R compression
Command: /home/louza/mm-repair/sdsl/encode.x /mnt/data/datasets/machine-learning-matrices-split/glove.q4k.csv.32.8.A.vc.R 
Integer vector compression time: 0.1833
==== OLE
Command: /home/louza/mm-repair/ole/encode.x /mnt/data/datasets/machine-learning-matrices-split/glove.q4k.csv.32.8.A.vc.C 
Command: /home/louza/mm-repair/ole/encode.x /mnt/data/datasets/machine-learning-matrices-split/glove.q4k.csv.32.8.B.vc 
OLE time: 0.4655
==== Ans-fold compression
Command: /home/louza/mm-repair/ans/encode.x /mnt/data/datasets/machine-learning-matrices-split/glove.q4k.csv.32.8.A.vc.C 
Command: /home/louza/mm-repair/ans/encode.x /mnt/data/datasets/machine-learning-matrices-split/glove.q4k.csv.32.8.B.vc
Ans-fold time: 4.9654
==== Integer vector .C compression
Command: /home/louza/mm-repair/sdsl/encode.x /mnt/data/datasets/machine-learning-matrices-split/glove.q4k.csv.32.9.A.vc.C 
==== Integer vector .R compression
Command: /home/louza/mm-repair/sdsl/encode.x /mnt/data/datasets/machine-learning-matrices-split/glove.q4k.csv.32.9.A.vc.R 
Integer vector compression time: 0.1628
==== OLE
Command: /home/louza/mm-repair/ole/encode.x /mnt/data/datasets/machine-learning-matrices-split/glove.q4k.csv.32.9.A.vc.C 
Command: /home/louza/mm-repair/ole/encode.x /mnt/data/datasets/machine-learning-matrices-split/glove.q4k.csv.32.9.B.vc 
OLE time: 1.8231
==== Ans-fold compression
Command: /home/louza/mm-repair/ans/encode.x /mnt/data/datasets/machine-learning-matrices-split/glove.q4k.csv.32.9.A.vc.C 
Command: /home/louza/mm-repair/ans/encode.x /mnt/data/datasets/machine-learning-matrices-split/glove.q4k.csv.32.9.B.vc
Ans-fold time: 5.7178
==== Integer vector .C compression
Command: /home/louza/mm-repair/sdsl/encode.x /mnt/data/datasets/machine-learning-matrices-split/glove.q4k.csv.32.10.A.vc.C 
==== Integer vector .R compression
Command: /home/louza/mm-repair/sdsl/encode.x /mnt/data/datasets/machine-learning-matrices-split/glove.q4k.csv.32.10.A.vc.R 
Integer vector compression time: 0.1817
==== OLE
Command: /home/louza/mm-repair/ole/encode.x /mnt/data/datasets/machine-learning-matrices-split/glove.q4k.csv.32.10.A.vc.C 
Command: /home/louza/mm-repair/ole/encode.x /mnt/data/datasets/machine-learning-matrices-split/glove.q4k.csv.32.10.B.vc 
OLE time: 0.9907
==== Ans-fold compression
Command: /home/louza/mm-repair/ans/encode.x /mnt/data/datasets/machine-learning-matrices-split/glove.q4k.csv.32.10.A.vc.C 
Command: /home/louza/mm-repair/ans/encode.x /mnt/data/datasets/machine-learning-matrices-split/glove.q4k.csv.32.10.B.vc
Ans-fold time: 6.3332
==== Integer vector .C compression
Command: /home/louza/mm-repair/sdsl/encode.x /mnt/data/datasets/machine-learning-matrices-split/glove.q4k.csv.32.11.A.vc.C 
==== Integer vector .R compression
Command: /home/louza/mm-repair/sdsl/encode.x /mnt/data/datasets/machine-learning-matrices-split/glove.q4k.csv.32.11.A.vc.R 
Integer vector compression time: 0.1080
==== OLE
Command: /home/louza/mm-repair/ole/encode.x /mnt/data/datasets/machine-learning-matrices-split/glove.q4k.csv.32.11.A.vc.C 
Command: /home/louza/mm-repair/ole/encode.x /mnt/data/datasets/machine-learning-matrices-split/glove.q4k.csv.32.11.B.vc 
OLE time: 0.6380
==== Ans-fold compression
Command: /home/louza/mm-repair/ans/encode.x /mnt/data/datasets/machine-learning-matrices-split/glove.q4k.csv.32.11.A.vc.C 
Command: /home/louza/mm-repair/ans/encode.x /mnt/data/datasets/machine-learning-matrices-split/glove.q4k.csv.32.11.B.vc
Ans-fold time: 6.9847
==== Integer vector .C compression
Command: /home/louza/mm-repair/sdsl/encode.x /mnt/data/datasets/machine-learning-matrices-split/glove.q4k.csv.32.12.A.vc.C 
==== Integer vector .R compression
Command: /home/louza/mm-repair/sdsl/encode.x /mnt/data/datasets/machine-learning-matrices-split/glove.q4k.csv.32.12.A.vc.R 
Integer vector compression time: 0.1166
==== OLE
Command: /home/louza/mm-repair/ole/encode.x /mnt/data/datasets/machine-learning-matrices-split/glove.q4k.csv.32.12.A.vc.C 
Command: /home/louza/mm-repair/ole/encode.x /mnt/data/datasets/machine-learning-matrices-split/glove.q4k.csv.32.12.B.vc 
OLE time: 1.0663
==== Ans-fold compression
Command: /home/louza/mm-repair/ans/encode.x /mnt/data/datasets/machine-learning-matrices-split/glove.q4k.csv.32.12.A.vc.C 
Command: /home/louza/mm-repair/ans/encode.x /mnt/data/datasets/machine-learning-matrices-split/glove.q4k.csv.32.12.B.vc
Ans-fold time: 7.5904
==== Integer vector .C compression
Command: /home/louza/mm-repair/sdsl/encode.x /mnt/data/datasets/machine-learning-matrices-split/glove.q4k.csv.32.13.A.vc.C 
==== Integer vector .R compression
Command: /home/louza/mm-repair/sdsl/encode.x /mnt/data/datasets/machine-learning-matrices-split/glove.q4k.csv.32.13.A.vc.R 
Integer vector compression time: 0.1912
==== OLE
Command: /home/louza/mm-repair/ole/encode.x /mnt/data/datasets/machine-learning-matrices-split/glove.q4k.csv.32.13.A.vc.C 
Command: /home/louza/mm-repair/ole/encode.x /mnt/data/datasets/machine-learning-matrices-split/glove.q4k.csv.32.13.B.vc 
OLE time: 0.5984
==== Ans-fold compression
Command: /home/louza/mm-repair/ans/encode.x /mnt/data/datasets/machine-learning-matrices-split/glove.q4k.csv.32.13.A.vc.C 
Command: /home/louza/mm-repair/ans/encode.x /mnt/data/datasets/machine-learning-matrices-split/glove.q4k.csv.32.13.B.vc
Ans-fold time: 7.9987
==== Integer vector .C compression
Command: /home/louza/mm-repair/sdsl/encode.x /mnt/data/datasets/machine-learning-matrices-split/glove.q4k.csv.32.14.A.vc.C 
==== Integer vector .R compression
Command: /home/louza/mm-repair/sdsl/encode.x /mnt/data/datasets/machine-learning-matrices-split/glove.q4k.csv.32.14.A.vc.R 
Integer vector compression time: 0.1528
==== OLE
Command: /home/louza/mm-repair/ole/encode.x /mnt/data/datasets/machine-learning-matrices-split/glove.q4k.csv.32.14.A.vc.C 
Command: /home/louza/mm-repair/ole/encode.x /mnt/data/datasets/machine-learning-matrices-split/glove.q4k.csv.32.14.B.vc 
OLE time: 1.6351
==== Ans-fold compression
Command: /home/louza/mm-repair/ans/encode.x /mnt/data/datasets/machine-learning-matrices-split/glove.q4k.csv.32.14.A.vc.C 
Command: /home/louza/mm-repair/ans/encode.x /mnt/data/datasets/machine-learning-matrices-split/glove.q4k.csv.32.14.B.vc
Ans-fold time: 8.5720
==== Integer vector .C compression
Command: /home/louza/mm-repair/sdsl/encode.x /mnt/data/datasets/machine-learning-matrices-split/glove.q4k.csv.32.15.A.vc.C 
==== Integer vector .R compression
Command: /home/louza/mm-repair/sdsl/encode.x /mnt/data/datasets/machine-learning-matrices-split/glove.q4k.csv.32.15.A.vc.R 
Integer vector compression time: 0.0785
==== OLE
Command: /home/louza/mm-repair/ole/encode.x /mnt/data/datasets/machine-learning-matrices-split/glove.q4k.csv.32.15.A.vc.C 
Command: /home/louza/mm-repair/ole/encode.x /mnt/data/datasets/machine-learning-matrices-split/glove.q4k.csv.32.15.B.vc 
OLE time: 1.0719
==== Ans-fold compression
Command: /home/louza/mm-repair/ans/encode.x /mnt/data/datasets/machine-learning-matrices-split/glove.q4k.csv.32.15.A.vc.C 
Command: /home/louza/mm-repair/ans/encode.x /mnt/data/datasets/machine-learning-matrices-split/glove.q4k.csv.32.15.B.vc
Ans-fold time: 9.1561
==== Integer vector .C compression
Command: /home/louza/mm-repair/sdsl/encode.x /mnt/data/datasets/machine-learning-matrices-split/glove.q4k.csv.32.16.A.vc.C 
==== Integer vector .R compression
Command: /home/louza/mm-repair/sdsl/encode.x /mnt/data/datasets/machine-learning-matrices-split/glove.q4k.csv.32.16.A.vc.R 
Integer vector compression time: 0.1806
==== OLE
Command: /home/louza/mm-repair/ole/encode.x /mnt/data/datasets/machine-learning-matrices-split/glove.q4k.csv.32.16.A.vc.C 
Command: /home/louza/mm-repair/ole/encode.x /mnt/data/datasets/machine-learning-matrices-split/glove.q4k.csv.32.16.B.vc 
OLE time: 0.5998
==== Ans-fold compression
Command: /home/louza/mm-repair/ans/encode.x /mnt/data/datasets/machine-learning-matrices-split/glove.q4k.csv.32.16.A.vc.C 
Command: /home/louza/mm-repair/ans/encode.x /mnt/data/datasets/machine-learning-matrices-split/glove.q4k.csv.32.16.B.vc
Ans-fold time: 9.5740
==== Integer vector .C compression
Command: /home/louza/mm-repair/sdsl/encode.x /mnt/data/datasets/machine-learning-matrices-split/glove.q4k.csv.32.17.A.vc.C 
==== Integer vector .R compression
Command: /home/louza/mm-repair/sdsl/encode.x /mnt/data/datasets/machine-learning-matrices-split/glove.q4k.csv.32.17.A.vc.R 
Integer vector compression time: 0.1586
==== OLE
Command: /home/louza/mm-repair/ole/encode.x /mnt/data/datasets/machine-learning-matrices-split/glove.q4k.csv.32.17.A.vc.C 
Command: /home/louza/mm-repair/ole/encode.x /mnt/data/datasets/machine-learning-matrices-split/glove.q4k.csv.32.17.B.vc 
OLE time: 0.6189
==== Ans-fold compression
Command: /home/louza/mm-repair/ans/encode.x /mnt/data/datasets/machine-learning-matrices-split/glove.q4k.csv.32.17.A.vc.C 
Command: /home/louza/mm-repair/ans/encode.x /mnt/data/datasets/machine-learning-matrices-split/glove.q4k.csv.32.17.B.vc
Ans-fold time: 10.1508
==== Integer vector .C compression
Command: /home/louza/mm-repair/sdsl/encode.x /mnt/data/datasets/machine-learning-matrices-split/glove.q4k.csv.32.18.A.vc.C 
==== Integer vector .R compression
Command: /home/louza/mm-repair/sdsl/encode.x /mnt/data/datasets/machine-learning-matrices-split/glove.q4k.csv.32.18.A.vc.R 
Integer vector compression time: 0.1192
==== OLE
Command: /home/louza/mm-repair/ole/encode.x /mnt/data/datasets/machine-learning-matrices-split/glove.q4k.csv.32.18.A.vc.C 
Command: /home/louza/mm-repair/ole/encode.x /mnt/data/datasets/machine-learning-matrices-split/glove.q4k.csv.32.18.B.vc 
OLE time: 1.6775
==== Ans-fold compression
Command: /home/louza/mm-repair/ans/encode.x /mnt/data/datasets/machine-learning-matrices-split/glove.q4k.csv.32.18.A.vc.C 
Command: /home/louza/mm-repair/ans/encode.x /mnt/data/datasets/machine-learning-matrices-split/glove.q4k.csv.32.18.B.vc
Ans-fold time: 11.0382
==== Integer vector .C compression
Command: /home/louza/mm-repair/sdsl/encode.x /mnt/data/datasets/machine-learning-matrices-split/glove.q4k.csv.32.19.A.vc.C 
==== Integer vector .R compression
Command: /home/louza/mm-repair/sdsl/encode.x /mnt/data/datasets/machine-learning-matrices-split/glove.q4k.csv.32.19.A.vc.R 
Integer vector compression time: 0.4618
==== OLE
Command: /home/louza/mm-repair/ole/encode.x /mnt/data/datasets/machine-learning-matrices-split/glove.q4k.csv.32.19.A.vc.C 
Command: /home/louza/mm-repair/ole/encode.x /mnt/data/datasets/machine-learning-matrices-split/glove.q4k.csv.32.19.B.vc 
OLE time: 2.2080
==== Ans-fold compression
Command: /home/louza/mm-repair/ans/encode.x /mnt/data/datasets/machine-learning-matrices-split/glove.q4k.csv.32.19.A.vc.C 
Command: /home/louza/mm-repair/ans/encode.x /mnt/data/datasets/machine-learning-matrices-split/glove.q4k.csv.32.19.B.vc
Ans-fold time: 11.9314
==== Integer vector .C compression
Command: /home/louza/mm-repair/sdsl/encode.x /mnt/data/datasets/machine-learning-matrices-split/glove.q4k.csv.32.20.A.vc.C 
==== Integer vector .R compression
Command: /home/louza/mm-repair/sdsl/encode.x /mnt/data/datasets/machine-learning-matrices-split/glove.q4k.csv.32.20.A.vc.R 
Integer vector compression time: 0.1888
==== OLE
Command: /home/louza/mm-repair/ole/encode.x /mnt/data/datasets/machine-learning-matrices-split/glove.q4k.csv.32.20.A.vc.C 
Command: /home/louza/mm-repair/ole/encode.x /mnt/data/datasets/machine-learning-matrices-split/glove.q4k.csv.32.20.B.vc 
OLE time: 2.3328
==== Ans-fold compression
Command: /home/louza/mm-repair/ans/encode.x /mnt/data/datasets/machine-learning-matrices-split/glove.q4k.csv.32.20.A.vc.C 
Command: /home/louza/mm-repair/ans/encode.x /mnt/data/datasets/machine-learning-matrices-split/glove.q4k.csv.32.20.B.vc
Ans-fold time: 13.4747
==== Integer vector .C compression
Command: /home/louza/mm-repair/sdsl/encode.x /mnt/data/datasets/machine-learning-matrices-split/glove.q4k.csv.32.21.A.vc.C 
==== Integer vector .R compression
Command: /home/louza/mm-repair/sdsl/encode.x /mnt/data/datasets/machine-learning-matrices-split/glove.q4k.csv.32.21.A.vc.R 
Integer vector compression time: 0.2528
==== OLE
Command: /home/louza/mm-repair/ole/encode.x /mnt/data/datasets/machine-learning-matrices-split/glove.q4k.csv.32.21.A.vc.C 
Command: /home/louza/mm-repair/ole/encode.x /mnt/data/datasets/machine-learning-matrices-split/glove.q4k.csv.32.21.B.vc 
OLE time: 1.5147
==== Ans-fold compression
Command: /home/louza/mm-repair/ans/encode.x /mnt/data/datasets/machine-learning-matrices-split/glove.q4k.csv.32.21.A.vc.C 
Command: /home/louza/mm-repair/ans/encode.x /mnt/data/datasets/machine-learning-matrices-split/glove.q4k.csv.32.21.B.vc
Ans-fold time: 13.9970
==== Integer vector .C compression
Command: /home/louza/mm-repair/sdsl/encode.x /mnt/data/datasets/machine-learning-matrices-split/glove.q4k.csv.32.22.A.vc.C 
==== Integer vector .R compression
Command: /home/louza/mm-repair/sdsl/encode.x /mnt/data/datasets/machine-learning-matrices-split/glove.q4k.csv.32.22.A.vc.R 
Integer vector compression time: 0.0939
==== OLE
Command: /home/louza/mm-repair/ole/encode.x /mnt/data/datasets/machine-learning-matrices-split/glove.q4k.csv.32.22.A.vc.C 
Command: /home/louza/mm-repair/ole/encode.x /mnt/data/datasets/machine-learning-matrices-split/glove.q4k.csv.32.22.B.vc 
OLE time: 0.5465
==== Ans-fold compression
Command: /home/louza/mm-repair/ans/encode.x /mnt/data/datasets/machine-learning-matrices-split/glove.q4k.csv.32.22.A.vc.C 
Command: /home/louza/mm-repair/ans/encode.x /mnt/data/datasets/machine-learning-matrices-split/glove.q4k.csv.32.22.B.vc
Ans-fold time: 14.4007
==== Integer vector .C compression
Command: /home/louza/mm-repair/sdsl/encode.x /mnt/data/datasets/machine-learning-matrices-split/glove.q4k.csv.32.23.A.vc.C 
==== Integer vector .R compression
Command: /home/louza/mm-repair/sdsl/encode.x /mnt/data/datasets/machine-learning-matrices-split/glove.q4k.csv.32.23.A.vc.R 
Integer vector compression time: 0.9337
==== OLE
Command: /home/louza/mm-repair/ole/encode.x /mnt/data/datasets/machine-learning-matrices-split/glove.q4k.csv.32.23.A.vc.C 
Command: /home/louza/mm-repair/ole/encode.x /mnt/data/datasets/machine-learning-matrices-split/glove.q4k.csv.32.23.B.vc 
OLE time: 0.7918
==== Ans-fold compression
Command: /home/louza/mm-repair/ans/encode.x /mnt/data/datasets/machine-learning-matrices-split/glove.q4k.csv.32.23.A.vc.C 
Command: /home/louza/mm-repair/ans/encode.x /mnt/data/datasets/machine-learning-matrices-split/glove.q4k.csv.32.23.B.vc
Ans-fold time: 14.8899
==== Integer vector .C compression
Command: /home/louza/mm-repair/sdsl/encode.x /mnt/data/datasets/machine-learning-matrices-split/glove.q4k.csv.32.24.A.vc.C 
==== Integer vector .R compression
Command: /home/louza/mm-repair/sdsl/encode.x /mnt/data/datasets/machine-learning-matrices-split/glove.q4k.csv.32.24.A.vc.R 
Integer vector compression time: 0.1010
==== OLE
Command: /home/louza/mm-repair/ole/encode.x /mnt/data/datasets/machine-learning-matrices-split/glove.q4k.csv.32.24.A.vc.C 
Command: /home/louza/mm-repair/ole/encode.x /mnt/data/datasets/machine-learning-matrices-split/glove.q4k.csv.32.24.B.vc 
OLE time: 0.9868
==== Ans-fold compression
Command: /home/louza/mm-repair/ans/encode.x /mnt/data/datasets/machine-learning-matrices-split/glove.q4k.csv.32.24.A.vc.C 
Command: /home/louza/mm-repair/ans/encode.x /mnt/data/datasets/machine-learning-matrices-split/glove.q4k.csv.32.24.B.vc
Ans-fold time: 15.3216
==== Integer vector .C compression
Command: /home/louza/mm-repair/sdsl/encode.x /mnt/data/datasets/machine-learning-matrices-split/glove.q4k.csv.32.25.A.vc.C 
==== Integer vector .R compression
Command: /home/louza/mm-repair/sdsl/encode.x /mnt/data/datasets/machine-learning-matrices-split/glove.q4k.csv.32.25.A.vc.R 
Integer vector compression time: 0.0428
==== OLE
Command: /home/louza/mm-repair/ole/encode.x /mnt/data/datasets/machine-learning-matrices-split/glove.q4k.csv.32.25.A.vc.C 
Command: /home/louza/mm-repair/ole/encode.x /mnt/data/datasets/machine-learning-matrices-split/glove.q4k.csv.32.25.B.vc 
OLE time: 0.6374
==== Ans-fold compression
Command: /home/louza/mm-repair/ans/encode.x /mnt/data/datasets/machine-learning-matrices-split/glove.q4k.csv.32.25.A.vc.C 
Command: /home/louza/mm-repair/ans/encode.x /mnt/data/datasets/machine-learning-matrices-split/glove.q4k.csv.32.25.B.vc
Ans-fold time: 15.6259
==== Integer vector .C compression
Command: /home/louza/mm-repair/sdsl/encode.x /mnt/data/datasets/machine-learning-matrices-split/glove.q4k.csv.32.26.A.vc.C 
==== Integer vector .R compression
Command: /home/louza/mm-repair/sdsl/encode.x /mnt/data/datasets/machine-learning-matrices-split/glove.q4k.csv.32.26.A.vc.R 
Integer vector compression time: 0.1239
==== OLE
Command: /home/louza/mm-repair/ole/encode.x /mnt/data/datasets/machine-learning-matrices-split/glove.q4k.csv.32.26.A.vc.C 
Command: /home/louza/mm-repair/ole/encode.x /mnt/data/datasets/machine-learning-matrices-split/glove.q4k.csv.32.26.B.vc 
OLE time: 0.7431
==== Ans-fold compression
Command: /home/louza/mm-repair/ans/encode.x /mnt/data/datasets/machine-learning-matrices-split/glove.q4k.csv.32.26.A.vc.C 
Command: /home/louza/mm-repair/ans/encode.x /mnt/data/datasets/machine-learning-matrices-split/glove.q4k.csv.32.26.B.vc
Ans-fold time: 16.7200
==== Integer vector .C compression
Command: /home/louza/mm-repair/sdsl/encode.x /mnt/data/datasets/machine-learning-matrices-split/glove.q4k.csv.32.27.A.vc.C 
==== Integer vector .R compression
Command: /home/louza/mm-repair/sdsl/encode.x /mnt/data/datasets/machine-learning-matrices-split/glove.q4k.csv.32.27.A.vc.R 
Integer vector compression time: 0.0881
==== OLE
Command: /home/louza/mm-repair/ole/encode.x /mnt/data/datasets/machine-learning-matrices-split/glove.q4k.csv.32.27.A.vc.C 
Command: /home/louza/mm-repair/ole/encode.x /mnt/data/datasets/machine-learning-matrices-split/glove.q4k.csv.32.27.B.vc 
OLE time: 0.8772
==== Ans-fold compression
Command: /home/louza/mm-repair/ans/encode.x /mnt/data/datasets/machine-learning-matrices-split/glove.q4k.csv.32.27.A.vc.C 
Command: /home/louza/mm-repair/ans/encode.x /mnt/data/datasets/machine-learning-matrices-split/glove.q4k.csv.32.27.B.vc
Ans-fold time: 17.2364
==== Integer vector .C compression
Command: /home/louza/mm-repair/sdsl/encode.x /mnt/data/datasets/machine-learning-matrices-split/glove.q4k.csv.32.28.A.vc.C 
==== Integer vector .R compression
Command: /home/louza/mm-repair/sdsl/encode.x /mnt/data/datasets/machine-learning-matrices-split/glove.q4k.csv.32.28.A.vc.R 
Integer vector compression time: 0.1085
==== OLE
Command: /home/louza/mm-repair/ole/encode.x /mnt/data/datasets/machine-learning-matrices-split/glove.q4k.csv.32.28.A.vc.C 
Command: /home/louza/mm-repair/ole/encode.x /mnt/data/datasets/machine-learning-matrices-split/glove.q4k.csv.32.28.B.vc 
OLE time: 0.6964
==== Ans-fold compression
Command: /home/louza/mm-repair/ans/encode.x /mnt/data/datasets/machine-learning-matrices-split/glove.q4k.csv.32.28.A.vc.C 
Command: /home/louza/mm-repair/ans/encode.x /mnt/data/datasets/machine-learning-matrices-split/glove.q4k.csv.32.28.B.vc
Ans-fold time: 17.7525
==== Integer vector .C compression
Command: /home/louza/mm-repair/sdsl/encode.x /mnt/data/datasets/machine-learning-matrices-split/glove.q4k.csv.32.29.A.vc.C 
==== Integer vector .R compression
Command: /home/louza/mm-repair/sdsl/encode.x /mnt/data/datasets/machine-learning-matrices-split/glove.q4k.csv.32.29.A.vc.R 
Integer vector compression time: 0.1076
==== OLE
Command: /home/louza/mm-repair/ole/encode.x /mnt/data/datasets/machine-learning-matrices-split/glove.q4k.csv.32.29.A.vc.C 
Command: /home/louza/mm-repair/ole/encode.x /mnt/data/datasets/machine-learning-matrices-split/glove.q4k.csv.32.29.B.vc 
OLE time: 0.5739
==== Ans-fold compression
Command: /home/louza/mm-repair/ans/encode.x /mnt/data/datasets/machine-learning-matrices-split/glove.q4k.csv.32.29.A.vc.C 
Command: /home/louza/mm-repair/ans/encode.x /mnt/data/datasets/machine-learning-matrices-split/glove.q4k.csv.32.29.B.vc
Ans-fold time: 19.0461
==== Integer vector .C compression
Command: /home/louza/mm-repair/sdsl/encode.x /mnt/data/datasets/machine-learning-matrices-split/glove.q4k.csv.32.30.A.vc.C 
==== Integer vector .R compression
Command: /home/louza/mm-repair/sdsl/encode.x /mnt/data/datasets/machine-learning-matrices-split/glove.q4k.csv.32.30.A.vc.R 
Integer vector compression time: 0.1159
==== OLE
Command: /home/louza/mm-repair/ole/encode.x /mnt/data/datasets/machine-learning-matrices-split/glove.q4k.csv.32.30.A.vc.C 
Command: /home/louza/mm-repair/ole/encode.x /mnt/data/datasets/machine-learning-matrices-split/glove.q4k.csv.32.30.B.vc 
OLE time: 0.6836
==== Ans-fold compression
Command: /home/louza/mm-repair/ans/encode.x /mnt/data/datasets/machine-learning-matrices-split/glove.q4k.csv.32.30.A.vc.C 
Command: /home/louza/mm-repair/ans/encode.x /mnt/data/datasets/machine-learning-matrices-split/glove.q4k.csv.32.30.B.vc
Ans-fold time: 19.7091
==== Integer vector .C compression
Command: /home/louza/mm-repair/sdsl/encode.x /mnt/data/datasets/machine-learning-matrices-split/glove.q4k.csv.32.31.A.vc.C 
==== Integer vector .R compression
Command: /home/louza/mm-repair/sdsl/encode.x /mnt/data/datasets/machine-learning-matrices-split/glove.q4k.csv.32.31.A.vc.R 
Integer vector compression time: 0.0700
==== OLE
Command: /home/louza/mm-repair/ole/encode.x /mnt/data/datasets/machine-learning-matrices-split/glove.q4k.csv.32.31.A.vc.C 
Command: /home/louza/mm-repair/ole/encode.x /mnt/data/datasets/machine-learning-matrices-split/glove.q4k.csv.32.31.B.vc 
OLE time: 0.5430
==== Ans-fold compression
Command: /home/louza/mm-repair/ans/encode.x /mnt/data/datasets/machine-learning-matrices-split/glove.q4k.csv.32.31.A.vc.C 
Command: /home/louza/mm-repair/ans/encode.x /mnt/data/datasets/machine-learning-matrices-split/glove.q4k.csv.32.31.B.vc
Ans-fold time: 20.3085
Elapsed time: 597.9869
==== Compression Report:
 >> matrix name: /mnt/data/datasets/machine-learning-matrices-split/glove.q4k.csv
 >> conversion time: 540.11
 >> repair time: 0.18
 >> integer vectors time: 0.07
 >> ansf time: 20.31
 >> total time: 597.99
 >> matrix log(alpha)xNumEntries size: 180000000 bytes
 >> matrix dense size: 960000000 bytes
 >> total number of nonzero: 67818 (0.06%)
 >> number of distinct nonzero: 3294
 >> CRSV  size: 1897624 bytes  (0.20%)
 >> B	  size: 481328728 bytes  (50.14%)
 >> B_ans size: 179584176 bytes  (18.71%)
 >> RE32  size: 181436512 bytes  (18.90%)
 >> REIV  size: 180731776 bytes  (18.83%)
 >> REANS size: 179757033 bytes  (18.72%)
==== Done

#### 2026-09-07 12:14:03
 Command line: ./mm-repair/matrepair -r -b 32 -p 32 /mnt/data/datasets/machine-learning-matrices-split/glove.q4k.csv 400000 300 --mapping --split 
Setting memory for each repair instance to 14501 MBs
Sending logging messages to file: /mnt/data/datasets/machine-learning-matrices-split/glove.q4k.csv.log
==== Conversion bin/csv->csrv
Command: /home/louza/mm-repair/csvmat2csrv -b 32   /mnt/data/datasets/machine-learning-matrices-split/glove.q4k.csv -r 0 -m -s 400000 300
Conversion time: 532.1662
==== Repair paralell compression
---- Executing 32 parallel processes
---- Parallel processing completed
Repair time: 0.1914
==== Integer vector .C compression
Command: /home/louza/mm-repair/sdsl/encode.x /mnt/data/datasets/machine-learning-matrices-split/glove.q4k.csv.32.0.A.vc.C 
==== Integer vector .R compression
Command: /home/louza/mm-repair/sdsl/encode.x /mnt/data/datasets/machine-learning-matrices-split/glove.q4k.csv.32.0.A.vc.R 
Integer vector compression time: 0.1070
==== Ans-fold compression
Command: /home/louza/mm-repair/ans/encode.x /mnt/data/datasets/machine-learning-matrices-split/glove.q4k.csv.32.0.A.vc.C 
Command: /home/louza/mm-repair/ans/encode.x /mnt/data/datasets/machine-learning-matrices-split/glove.q4k.csv.32.0.B.vc
Ans-fold time: 0.9638
==== Integer vector .C compression
Command: /home/louza/mm-repair/sdsl/encode.x /mnt/data/datasets/machine-learning-matrices-split/glove.q4k.csv.32.1.A.vc.C 
==== Integer vector .R compression
Command: /home/louza/mm-repair/sdsl/encode.x /mnt/data/datasets/machine-learning-matrices-split/glove.q4k.csv.32.1.A.vc.R 
Integer vector compression time: 0.1019
==== Ans-fold compression
Command: /home/louza/mm-repair/ans/encode.x /mnt/data/datasets/machine-learning-matrices-split/glove.q4k.csv.32.1.A.vc.C 
Command: /home/louza/mm-repair/ans/encode.x /mnt/data/datasets/machine-learning-matrices-split/glove.q4k.csv.32.1.B.vc
Ans-fold time: 1.6301
==== Integer vector .C compression
Command: /home/louza/mm-repair/sdsl/encode.x /mnt/data/datasets/machine-learning-matrices-split/glove.q4k.csv.32.2.A.vc.C 
==== Integer vector .R compression
Command: /home/louza/mm-repair/sdsl/encode.x /mnt/data/datasets/machine-learning-matrices-split/glove.q4k.csv.32.2.A.vc.R 
Integer vector compression time: 0.1029
==== Ans-fold compression
Command: /home/louza/mm-repair/ans/encode.x /mnt/data/datasets/machine-learning-matrices-split/glove.q4k.csv.32.2.A.vc.C 
Command: /home/louza/mm-repair/ans/encode.x /mnt/data/datasets/machine-learning-matrices-split/glove.q4k.csv.32.2.B.vc
Ans-fold time: 2.5431
==== Integer vector .C compression
Command: /home/louza/mm-repair/sdsl/encode.x /mnt/data/datasets/machine-learning-matrices-split/glove.q4k.csv.32.3.A.vc.C 
==== Integer vector .R compression
Command: /home/louza/mm-repair/sdsl/encode.x /mnt/data/datasets/machine-learning-matrices-split/glove.q4k.csv.32.3.A.vc.R 
Integer vector compression time: 0.0575
==== Ans-fold compression
Command: /home/louza/mm-repair/ans/encode.x /mnt/data/datasets/machine-learning-matrices-split/glove.q4k.csv.32.3.A.vc.C 
Command: /home/louza/mm-repair/ans/encode.x /mnt/data/datasets/machine-learning-matrices-split/glove.q4k.csv.32.3.B.vc
Ans-fold time: 3.4061
==== Integer vector .C compression
Command: /home/louza/mm-repair/sdsl/encode.x /mnt/data/datasets/machine-learning-matrices-split/glove.q4k.csv.32.4.A.vc.C 
==== Integer vector .R compression
Command: /home/louza/mm-repair/sdsl/encode.x /mnt/data/datasets/machine-learning-matrices-split/glove.q4k.csv.32.4.A.vc.R 
Integer vector compression time: 0.0849
==== Ans-fold compression
Command: /home/louza/mm-repair/ans/encode.x /mnt/data/datasets/machine-learning-matrices-split/glove.q4k.csv.32.4.A.vc.C 
Command: /home/louza/mm-repair/ans/encode.x /mnt/data/datasets/machine-learning-matrices-split/glove.q4k.csv.32.4.B.vc
Ans-fold time: 4.3792
==== Integer vector .C compression
Command: /home/louza/mm-repair/sdsl/encode.x /mnt/data/datasets/machine-learning-matrices-split/glove.q4k.csv.32.5.A.vc.C 
==== Integer vector .R compression
Command: /home/louza/mm-repair/sdsl/encode.x /mnt/data/datasets/machine-learning-matrices-split/glove.q4k.csv.32.5.A.vc.R 
Integer vector compression time: 0.1291
==== Ans-fold compression
Command: /home/louza/mm-repair/ans/encode.x /mnt/data/datasets/machine-learning-matrices-split/glove.q4k.csv.32.5.A.vc.C 
Command: /home/louza/mm-repair/ans/encode.x /mnt/data/datasets/machine-learning-matrices-split/glove.q4k.csv.32.5.B.vc
Ans-fold time: 5.0647
==== Integer vector .C compression
Command: /home/louza/mm-repair/sdsl/encode.x /mnt/data/datasets/machine-learning-matrices-split/glove.q4k.csv.32.6.A.vc.C 
==== Integer vector .R compression
Command: /home/louza/mm-repair/sdsl/encode.x /mnt/data/datasets/machine-learning-matrices-split/glove.q4k.csv.32.6.A.vc.R 
Integer vector compression time: 0.1268
==== Ans-fold compression
Command: /home/louza/mm-repair/ans/encode.x /mnt/data/datasets/machine-learning-matrices-split/glove.q4k.csv.32.6.A.vc.C 
Command: /home/louza/mm-repair/ans/encode.x /mnt/data/datasets/machine-learning-matrices-split/glove.q4k.csv.32.6.B.vc
Ans-fold time: 5.7774
==== Integer vector .C compression
Command: /home/louza/mm-repair/sdsl/encode.x /mnt/data/datasets/machine-learning-matrices-split/glove.q4k.csv.32.7.A.vc.C 
==== Integer vector .R compression
Command: /home/louza/mm-repair/sdsl/encode.x /mnt/data/datasets/machine-learning-matrices-split/glove.q4k.csv.32.7.A.vc.R 
Integer vector compression time: 0.0823
==== Ans-fold compression
Command: /home/louza/mm-repair/ans/encode.x /mnt/data/datasets/machine-learning-matrices-split/glove.q4k.csv.32.7.A.vc.C 
Command: /home/louza/mm-repair/ans/encode.x /mnt/data/datasets/machine-learning-matrices-split/glove.q4k.csv.32.7.B.vc
Ans-fold time: 7.1542
==== Integer vector .C compression
Command: /home/louza/mm-repair/sdsl/encode.x /mnt/data/datasets/machine-learning-matrices-split/glove.q4k.csv.32.8.A.vc.C 
==== Integer vector .R compression
Command: /home/louza/mm-repair/sdsl/encode.x /mnt/data/datasets/machine-learning-matrices-split/glove.q4k.csv.32.8.A.vc.R 
Integer vector compression time: 0.0995
==== Ans-fold compression
Command: /home/louza/mm-repair/ans/encode.x /mnt/data/datasets/machine-learning-matrices-split/glove.q4k.csv.32.8.A.vc.C 
Command: /home/louza/mm-repair/ans/encode.x /mnt/data/datasets/machine-learning-matrices-split/glove.q4k.csv.32.8.B.vc
Ans-fold time: 8.2333
==== Integer vector .C compression
Command: /home/louza/mm-repair/sdsl/encode.x /mnt/data/datasets/machine-learning-matrices-split/glove.q4k.csv.32.9.A.vc.C 
==== Integer vector .R compression
Command: /home/louza/mm-repair/sdsl/encode.x /mnt/data/datasets/machine-learning-matrices-split/glove.q4k.csv.32.9.A.vc.R 
Integer vector compression time: 0.1131
==== Ans-fold compression
Command: /home/louza/mm-repair/ans/encode.x /mnt/data/datasets/machine-learning-matrices-split/glove.q4k.csv.32.9.A.vc.C 
Command: /home/louza/mm-repair/ans/encode.x /mnt/data/datasets/machine-learning-matrices-split/glove.q4k.csv.32.9.B.vc
Ans-fold time: 9.1977
==== Integer vector .C compression
Command: /home/louza/mm-repair/sdsl/encode.x /mnt/data/datasets/machine-learning-matrices-split/glove.q4k.csv.32.10.A.vc.C 
==== Integer vector .R compression
Command: /home/louza/mm-repair/sdsl/encode.x /mnt/data/datasets/machine-learning-matrices-split/glove.q4k.csv.32.10.A.vc.R 
Integer vector compression time: 0.1947
==== Ans-fold compression
Command: /home/louza/mm-repair/ans/encode.x /mnt/data/datasets/machine-learning-matrices-split/glove.q4k.csv.32.10.A.vc.C 
Command: /home/louza/mm-repair/ans/encode.x /mnt/data/datasets/machine-learning-matrices-split/glove.q4k.csv.32.10.B.vc
Ans-fold time: 9.9888
==== Integer vector .C compression
Command: /home/louza/mm-repair/sdsl/encode.x /mnt/data/datasets/machine-learning-matrices-split/glove.q4k.csv.32.11.A.vc.C 
==== Integer vector .R compression
Command: /home/louza/mm-repair/sdsl/encode.x /mnt/data/datasets/machine-learning-matrices-split/glove.q4k.csv.32.11.A.vc.R 
Integer vector compression time: 0.0735
==== Ans-fold compression
Command: /home/louza/mm-repair/ans/encode.x /mnt/data/datasets/machine-learning-matrices-split/glove.q4k.csv.32.11.A.vc.C 
Command: /home/louza/mm-repair/ans/encode.x /mnt/data/datasets/machine-learning-matrices-split/glove.q4k.csv.32.11.B.vc
Ans-fold time: 10.5957
==== Integer vector .C compression
Command: /home/louza/mm-repair/sdsl/encode.x /mnt/data/datasets/machine-learning-matrices-split/glove.q4k.csv.32.12.A.vc.C 
==== Integer vector .R compression
Command: /home/louza/mm-repair/sdsl/encode.x /mnt/data/datasets/machine-learning-matrices-split/glove.q4k.csv.32.12.A.vc.R 
Integer vector compression time: 0.1047
==== Ans-fold compression
Command: /home/louza/mm-repair/ans/encode.x /mnt/data/datasets/machine-learning-matrices-split/glove.q4k.csv.32.12.A.vc.C 
Command: /home/louza/mm-repair/ans/encode.x /mnt/data/datasets/machine-learning-matrices-split/glove.q4k.csv.32.12.B.vc
Ans-fold time: 11.5111
==== Integer vector .C compression
Command: /home/louza/mm-repair/sdsl/encode.x /mnt/data/datasets/machine-learning-matrices-split/glove.q4k.csv.32.13.A.vc.C 
==== Integer vector .R compression
Command: /home/louza/mm-repair/sdsl/encode.x /mnt/data/datasets/machine-learning-matrices-split/glove.q4k.csv.32.13.A.vc.R 
Integer vector compression time: 0.1637
==== Ans-fold compression
Command: /home/louza/mm-repair/ans/encode.x /mnt/data/datasets/machine-learning-matrices-split/glove.q4k.csv.32.13.A.vc.C 
Command: /home/louza/mm-repair/ans/encode.x /mnt/data/datasets/machine-learning-matrices-split/glove.q4k.csv.32.13.B.vc
Ans-fold time: 12.3030
==== Integer vector .C compression
Command: /home/louza/mm-repair/sdsl/encode.x /mnt/data/datasets/machine-learning-matrices-split/glove.q4k.csv.32.14.A.vc.C 
==== Integer vector .R compression
Command: /home/louza/mm-repair/sdsl/encode.x /mnt/data/datasets/machine-learning-matrices-split/glove.q4k.csv.32.14.A.vc.R 
Integer vector compression time: 0.1962
==== Ans-fold compression
Command: /home/louza/mm-repair/ans/encode.x /mnt/data/datasets/machine-learning-matrices-split/glove.q4k.csv.32.14.A.vc.C 
Command: /home/louza/mm-repair/ans/encode.x /mnt/data/datasets/machine-learning-matrices-split/glove.q4k.csv.32.14.B.vc
Ans-fold time: 13.3415
==== Integer vector .C compression
Command: /home/louza/mm-repair/sdsl/encode.x /mnt/data/datasets/machine-learning-matrices-split/glove.q4k.csv.32.15.A.vc.C 
==== Integer vector .R compression
Command: /home/louza/mm-repair/sdsl/encode.x /mnt/data/datasets/machine-learning-matrices-split/glove.q4k.csv.32.15.A.vc.R 
Integer vector compression time: 0.1786
==== Ans-fold compression
Command: /home/louza/mm-repair/ans/encode.x /mnt/data/datasets/machine-learning-matrices-split/glove.q4k.csv.32.15.A.vc.C 
Command: /home/louza/mm-repair/ans/encode.x /mnt/data/datasets/machine-learning-matrices-split/glove.q4k.csv.32.15.B.vc
Ans-fold time: 14.2498
==== Integer vector .C compression
Command: /home/louza/mm-repair/sdsl/encode.x /mnt/data/datasets/machine-learning-matrices-split/glove.q4k.csv.32.16.A.vc.C 
==== Integer vector .R compression
Command: /home/louza/mm-repair/sdsl/encode.x /mnt/data/datasets/machine-learning-matrices-split/glove.q4k.csv.32.16.A.vc.R 
Integer vector compression time: 0.2859
==== Ans-fold compression
Command: /home/louza/mm-repair/ans/encode.x /mnt/data/datasets/machine-learning-matrices-split/glove.q4k.csv.32.16.A.vc.C 
Command: /home/louza/mm-repair/ans/encode.x /mnt/data/datasets/machine-learning-matrices-split/glove.q4k.csv.32.16.B.vc
Ans-fold time: 15.2032
==== Integer vector .C compression
Command: /home/louza/mm-repair/sdsl/encode.x /mnt/data/datasets/machine-learning-matrices-split/glove.q4k.csv.32.17.A.vc.C 
==== Integer vector .R compression
Command: /home/louza/mm-repair/sdsl/encode.x /mnt/data/datasets/machine-learning-matrices-split/glove.q4k.csv.32.17.A.vc.R 
Integer vector compression time: 0.0835
==== Ans-fold compression
Command: /home/louza/mm-repair/ans/encode.x /mnt/data/datasets/machine-learning-matrices-split/glove.q4k.csv.32.17.A.vc.C 
Command: /home/louza/mm-repair/ans/encode.x /mnt/data/datasets/machine-learning-matrices-split/glove.q4k.csv.32.17.B.vc
Ans-fold time: 16.1044
==== Integer vector .C compression
Command: /home/louza/mm-repair/sdsl/encode.x /mnt/data/datasets/machine-learning-matrices-split/glove.q4k.csv.32.18.A.vc.C 
==== Integer vector .R compression
Command: /home/louza/mm-repair/sdsl/encode.x /mnt/data/datasets/machine-learning-matrices-split/glove.q4k.csv.32.18.A.vc.R 
Integer vector compression time: 0.4472
==== Ans-fold compression
Command: /home/louza/mm-repair/ans/encode.x /mnt/data/datasets/machine-learning-matrices-split/glove.q4k.csv.32.18.A.vc.C 
Command: /home/louza/mm-repair/ans/encode.x /mnt/data/datasets/machine-learning-matrices-split/glove.q4k.csv.32.18.B.vc
Ans-fold time: 16.9606
==== Integer vector .C compression
Command: /home/louza/mm-repair/sdsl/encode.x /mnt/data/datasets/machine-learning-matrices-split/glove.q4k.csv.32.19.A.vc.C 
==== Integer vector .R compression
Command: /home/louza/mm-repair/sdsl/encode.x /mnt/data/datasets/machine-learning-matrices-split/glove.q4k.csv.32.19.A.vc.R 
Integer vector compression time: 0.3464
==== Ans-fold compression
Command: /home/louza/mm-repair/ans/encode.x /mnt/data/datasets/machine-learning-matrices-split/glove.q4k.csv.32.19.A.vc.C 
Command: /home/louza/mm-repair/ans/encode.x /mnt/data/datasets/machine-learning-matrices-split/glove.q4k.csv.32.19.B.vc
Ans-fold time: 18.5116
==== Integer vector .C compression
Command: /home/louza/mm-repair/sdsl/encode.x /mnt/data/datasets/machine-learning-matrices-split/glove.q4k.csv.32.20.A.vc.C 
==== Integer vector .R compression
Command: /home/louza/mm-repair/sdsl/encode.x /mnt/data/datasets/machine-learning-matrices-split/glove.q4k.csv.32.20.A.vc.R 
Integer vector compression time: 0.0565
==== Ans-fold compression
Command: /home/louza/mm-repair/ans/encode.x /mnt/data/datasets/machine-learning-matrices-split/glove.q4k.csv.32.20.A.vc.C 
Command: /home/louza/mm-repair/ans/encode.x /mnt/data/datasets/machine-learning-matrices-split/glove.q4k.csv.32.20.B.vc
Ans-fold time: 19.3426
==== Integer vector .C compression
Command: /home/louza/mm-repair/sdsl/encode.x /mnt/data/datasets/machine-learning-matrices-split/glove.q4k.csv.32.21.A.vc.C 
==== Integer vector .R compression
Command: /home/louza/mm-repair/sdsl/encode.x /mnt/data/datasets/machine-learning-matrices-split/glove.q4k.csv.32.21.A.vc.R 
Integer vector compression time: 0.2721
==== Ans-fold compression
Command: /home/louza/mm-repair/ans/encode.x /mnt/data/datasets/machine-learning-matrices-split/glove.q4k.csv.32.21.A.vc.C 
Command: /home/louza/mm-repair/ans/encode.x /mnt/data/datasets/machine-learning-matrices-split/glove.q4k.csv.32.21.B.vc
Ans-fold time: 20.4808
==== Integer vector .C compression
Command: /home/louza/mm-repair/sdsl/encode.x /mnt/data/datasets/machine-learning-matrices-split/glove.q4k.csv.32.22.A.vc.C 
==== Integer vector .R compression
Command: /home/louza/mm-repair/sdsl/encode.x /mnt/data/datasets/machine-learning-matrices-split/glove.q4k.csv.32.22.A.vc.R 
Integer vector compression time: 0.0647
==== Ans-fold compression
Command: /home/louza/mm-repair/ans/encode.x /mnt/data/datasets/machine-learning-matrices-split/glove.q4k.csv.32.22.A.vc.C 
Command: /home/louza/mm-repair/ans/encode.x /mnt/data/datasets/machine-learning-matrices-split/glove.q4k.csv.32.22.B.vc
Ans-fold time: 21.3137
==== Integer vector .C compression
Command: /home/louza/mm-repair/sdsl/encode.x /mnt/data/datasets/machine-learning-matrices-split/glove.q4k.csv.32.23.A.vc.C 
==== Integer vector .R compression
Command: /home/louza/mm-repair/sdsl/encode.x /mnt/data/datasets/machine-learning-matrices-split/glove.q4k.csv.32.23.A.vc.R 
Integer vector compression time: 0.2291
==== Ans-fold compression
Command: /home/louza/mm-repair/ans/encode.x /mnt/data/datasets/machine-learning-matrices-split/glove.q4k.csv.32.23.A.vc.C 
Command: /home/louza/mm-repair/ans/encode.x /mnt/data/datasets/machine-learning-matrices-split/glove.q4k.csv.32.23.B.vc
Ans-fold time: 21.8210
==== Integer vector .C compression
Command: /home/louza/mm-repair/sdsl/encode.x /mnt/data/datasets/machine-learning-matrices-split/glove.q4k.csv.32.24.A.vc.C 
==== Integer vector .R compression
Command: /home/louza/mm-repair/sdsl/encode.x /mnt/data/datasets/machine-learning-matrices-split/glove.q4k.csv.32.24.A.vc.R 
Integer vector compression time: 0.0572
==== Ans-fold compression
Command: /home/louza/mm-repair/ans/encode.x /mnt/data/datasets/machine-learning-matrices-split/glove.q4k.csv.32.24.A.vc.C 
Command: /home/louza/mm-repair/ans/encode.x /mnt/data/datasets/machine-learning-matrices-split/glove.q4k.csv.32.24.B.vc
Ans-fold time: 22.3017
==== Integer vector .C compression
Command: /home/louza/mm-repair/sdsl/encode.x /mnt/data/datasets/machine-learning-matrices-split/glove.q4k.csv.32.25.A.vc.C 
==== Integer vector .R compression
Command: /home/louza/mm-repair/sdsl/encode.x /mnt/data/datasets/machine-learning-matrices-split/glove.q4k.csv.32.25.A.vc.R 
Integer vector compression time: 0.0807
==== Ans-fold compression
Command: /home/louza/mm-repair/ans/encode.x /mnt/data/datasets/machine-learning-matrices-split/glove.q4k.csv.32.25.A.vc.C 
Command: /home/louza/mm-repair/ans/encode.x /mnt/data/datasets/machine-learning-matrices-split/glove.q4k.csv.32.25.B.vc
Ans-fold time: 22.8802
==== Integer vector .C compression
Command: /home/louza/mm-repair/sdsl/encode.x /mnt/data/datasets/machine-learning-matrices-split/glove.q4k.csv.32.26.A.vc.C 
==== Integer vector .R compression
Command: /home/louza/mm-repair/sdsl/encode.x /mnt/data/datasets/machine-learning-matrices-split/glove.q4k.csv.32.26.A.vc.R 
Integer vector compression time: 0.0883
==== Ans-fold compression
Command: /home/louza/mm-repair/ans/encode.x /mnt/data/datasets/machine-learning-matrices-split/glove.q4k.csv.32.26.A.vc.C 
Command: /home/louza/mm-repair/ans/encode.x /mnt/data/datasets/machine-learning-matrices-split/glove.q4k.csv.32.26.B.vc
Ans-fold time: 23.5113
==== Integer vector .C compression
Command: /home/louza/mm-repair/sdsl/encode.x /mnt/data/datasets/machine-learning-matrices-split/glove.q4k.csv.32.27.A.vc.C 
==== Integer vector .R compression
Command: /home/louza/mm-repair/sdsl/encode.x /mnt/data/datasets/machine-learning-matrices-split/glove.q4k.csv.32.27.A.vc.R 
Integer vector compression time: 0.0465
==== Ans-fold compression
Command: /home/louza/mm-repair/ans/encode.x /mnt/data/datasets/machine-learning-matrices-split/glove.q4k.csv.32.27.A.vc.C 
Command: /home/louza/mm-repair/ans/encode.x /mnt/data/datasets/machine-learning-matrices-split/glove.q4k.csv.32.27.B.vc
Ans-fold time: 24.2481
==== Integer vector .C compression
Command: /home/louza/mm-repair/sdsl/encode.x /mnt/data/datasets/machine-learning-matrices-split/glove.q4k.csv.32.28.A.vc.C 
==== Integer vector .R compression
Command: /home/louza/mm-repair/sdsl/encode.x /mnt/data/datasets/machine-learning-matrices-split/glove.q4k.csv.32.28.A.vc.R 
Integer vector compression time: 0.1086
==== Ans-fold compression
Command: /home/louza/mm-repair/ans/encode.x /mnt/data/datasets/machine-learning-matrices-split/glove.q4k.csv.32.28.A.vc.C 
Command: /home/louza/mm-repair/ans/encode.x /mnt/data/datasets/machine-learning-matrices-split/glove.q4k.csv.32.28.B.vc
Ans-fold time: 24.8663
==== Integer vector .C compression
Command: /home/louza/mm-repair/sdsl/encode.x /mnt/data/datasets/machine-learning-matrices-split/glove.q4k.csv.32.29.A.vc.C 
==== Integer vector .R compression
Command: /home/louza/mm-repair/sdsl/encode.x /mnt/data/datasets/machine-learning-matrices-split/glove.q4k.csv.32.29.A.vc.R 
Integer vector compression time: 0.0519
==== Ans-fold compression
Command: /home/louza/mm-repair/ans/encode.x /mnt/data/datasets/machine-learning-matrices-split/glove.q4k.csv.32.29.A.vc.C 
Command: /home/louza/mm-repair/ans/encode.x /mnt/data/datasets/machine-learning-matrices-split/glove.q4k.csv.32.29.B.vc
Ans-fold time: 25.5308
==== Integer vector .C compression
Command: /home/louza/mm-repair/sdsl/encode.x /mnt/data/datasets/machine-learning-matrices-split/glove.q4k.csv.32.30.A.vc.C 
==== Integer vector .R compression
Command: /home/louza/mm-repair/sdsl/encode.x /mnt/data/datasets/machine-learning-matrices-split/glove.q4k.csv.32.30.A.vc.R 
Integer vector compression time: 0.1114
==== Ans-fold compression
Command: /home/louza/mm-repair/ans/encode.x /mnt/data/datasets/machine-learning-matrices-split/glove.q4k.csv.32.30.A.vc.C 
Command: /home/louza/mm-repair/ans/encode.x /mnt/data/datasets/machine-learning-matrices-split/glove.q4k.csv.32.30.B.vc
Ans-fold time: 26.2382
==== Integer vector .C compression
Command: /home/louza/mm-repair/sdsl/encode.x /mnt/data/datasets/machine-learning-matrices-split/glove.q4k.csv.32.31.A.vc.C 
==== Integer vector .R compression
Command: /home/louza/mm-repair/sdsl/encode.x /mnt/data/datasets/machine-learning-matrices-split/glove.q4k.csv.32.31.A.vc.R 
Integer vector compression time: 0.1659
==== Ans-fold compression
Command: /home/louza/mm-repair/ans/encode.x /mnt/data/datasets/machine-learning-matrices-split/glove.q4k.csv.32.31.A.vc.C 
Command: /home/louza/mm-repair/ans/encode.x /mnt/data/datasets/machine-learning-matrices-split/glove.q4k.csv.32.31.B.vc
Ans-fold time: 27.1237
Command: /home/louza/mm-repair/ans/encode.x /mnt/data/datasets/machine-learning-matrices-split/glove.q4k.csv.wcode 
Elapsed time: 563.9597
==== Compression Report:
 >> matrix name: /mnt/data/datasets/machine-learning-matrices-split/glove.q4k.csv
 >> conversion time: 532.17
 >> repair time: 0.19
 >> integer vectors time: 0.17
 >> ansf time: 27.12
 >> total time: 563.96
 >> wcode: 2334536 bytes
 >> wcode_ans: 47562 bytes
 >> matrix log(alpha)xNumEntries size: 180000000 bytes
 >> matrix dense size: 960000000 bytes
 >> total number of nonzero: 67818 (0.06%)
 >> number of distinct nonzero: 3294
 >> CRSV  size: 1897624 bytes  (0.20%)
 >> B	  size: 481328728 bytes  (50.14%)
 >> B_ans size: 276119882 bytes  (28.76%)
 >> RE32  size: 280306754 bytes  (29.20%)
 >> REIV  size: 279574954 bytes  (29.12%)
 >> REANS size: 276338873 bytes  (28.79%)
==== Done

#### 2026-09-07 12:23:27
 Command line: ./mm-repair/matrepair -r -b 32 -p 32 /mnt/data/datasets/machine-learning-matrices-split/glove.q4k.csv 400000 300 --ole --mapping --split 
Setting memory for each repair instance to 14501 MBs
Sending logging messages to file: /mnt/data/datasets/machine-learning-matrices-split/glove.q4k.csv.log
==== Conversion bin/csv->csrv
Command: /home/louza/mm-repair/csvmat2csrv -b 32   /mnt/data/datasets/machine-learning-matrices-split/glove.q4k.csv -r 0 -m -s 400000 300
Conversion time: 1367.4608
==== Repair paralell compression
---- Executing 32 parallel processes
---- Parallel processing completed
Repair time: 0.2013
==== Integer vector .C compression
Command: /home/louza/mm-repair/sdsl/encode.x /mnt/data/datasets/machine-learning-matrices-split/glove.q4k.csv.32.0.A.vc.C 
==== Integer vector .R compression
Command: /home/louza/mm-repair/sdsl/encode.x /mnt/data/datasets/machine-learning-matrices-split/glove.q4k.csv.32.0.A.vc.R 
Integer vector compression time: 0.0240
==== OLE
Command: /home/louza/mm-repair/ole/encode.x /mnt/data/datasets/machine-learning-matrices-split/glove.q4k.csv.32.0.A.vc.C 
Command: /home/louza/mm-repair/ole/encode.x /mnt/data/datasets/machine-learning-matrices-split/glove.q4k.csv.32.0.B.vc 
OLE time: 0.2095
==== Ans-fold compression
Command: /home/louza/mm-repair/ans/encode.x /mnt/data/datasets/machine-learning-matrices-split/glove.q4k.csv.32.0.A.vc.C 
Command: /home/louza/mm-repair/ans/encode.x /mnt/data/datasets/machine-learning-matrices-split/glove.q4k.csv.32.0.B.vc
Ans-fold time: 0.1983
==== Integer vector .C compression
Command: /home/louza/mm-repair/sdsl/encode.x /mnt/data/datasets/machine-learning-matrices-split/glove.q4k.csv.32.1.A.vc.C 
==== Integer vector .R compression
Command: /home/louza/mm-repair/sdsl/encode.x /mnt/data/datasets/machine-learning-matrices-split/glove.q4k.csv.32.1.A.vc.R 
Integer vector compression time: 0.0240
==== OLE
Command: /home/louza/mm-repair/ole/encode.x /mnt/data/datasets/machine-learning-matrices-split/glove.q4k.csv.32.1.A.vc.C 
Command: /home/louza/mm-repair/ole/encode.x /mnt/data/datasets/machine-learning-matrices-split/glove.q4k.csv.32.1.B.vc 
OLE time: 0.1787
==== Ans-fold compression
Command: /home/louza/mm-repair/ans/encode.x /mnt/data/datasets/machine-learning-matrices-split/glove.q4k.csv.32.1.A.vc.C 
Command: /home/louza/mm-repair/ans/encode.x /mnt/data/datasets/machine-learning-matrices-split/glove.q4k.csv.32.1.B.vc
Ans-fold time: 0.3947
==== Integer vector .C compression
Command: /home/louza/mm-repair/sdsl/encode.x /mnt/data/datasets/machine-learning-matrices-split/glove.q4k.csv.32.2.A.vc.C 
==== Integer vector .R compression
Command: /home/louza/mm-repair/sdsl/encode.x /mnt/data/datasets/machine-learning-matrices-split/glove.q4k.csv.32.2.A.vc.R 
Integer vector compression time: 0.0243
==== OLE
Command: /home/louza/mm-repair/ole/encode.x /mnt/data/datasets/machine-learning-matrices-split/glove.q4k.csv.32.2.A.vc.C 
Command: /home/louza/mm-repair/ole/encode.x /mnt/data/datasets/machine-learning-matrices-split/glove.q4k.csv.32.2.B.vc 
OLE time: 0.2373
==== Ans-fold compression
Command: /home/louza/mm-repair/ans/encode.x /mnt/data/datasets/machine-learning-matrices-split/glove.q4k.csv.32.2.A.vc.C 
Command: /home/louza/mm-repair/ans/encode.x /mnt/data/datasets/machine-learning-matrices-split/glove.q4k.csv.32.2.B.vc
Ans-fold time: 0.5917
==== Integer vector .C compression
Command: /home/louza/mm-repair/sdsl/encode.x /mnt/data/datasets/machine-learning-matrices-split/glove.q4k.csv.32.3.A.vc.C 
==== Integer vector .R compression
Command: /home/louza/mm-repair/sdsl/encode.x /mnt/data/datasets/machine-learning-matrices-split/glove.q4k.csv.32.3.A.vc.R 
Integer vector compression time: 0.0223
==== OLE
Command: /home/louza/mm-repair/ole/encode.x /mnt/data/datasets/machine-learning-matrices-split/glove.q4k.csv.32.3.A.vc.C 
Command: /home/louza/mm-repair/ole/encode.x /mnt/data/datasets/machine-learning-matrices-split/glove.q4k.csv.32.3.B.vc 
OLE time: 0.3402
==== Ans-fold compression
Command: /home/louza/mm-repair/ans/encode.x /mnt/data/datasets/machine-learning-matrices-split/glove.q4k.csv.32.3.A.vc.C 
Command: /home/louza/mm-repair/ans/encode.x /mnt/data/datasets/machine-learning-matrices-split/glove.q4k.csv.32.3.B.vc
Ans-fold time: 0.8254
==== Integer vector .C compression
Command: /home/louza/mm-repair/sdsl/encode.x /mnt/data/datasets/machine-learning-matrices-split/glove.q4k.csv.32.4.A.vc.C 
==== Integer vector .R compression
Command: /home/louza/mm-repair/sdsl/encode.x /mnt/data/datasets/machine-learning-matrices-split/glove.q4k.csv.32.4.A.vc.R 
Integer vector compression time: 0.0254
==== OLE
Command: /home/louza/mm-repair/ole/encode.x /mnt/data/datasets/machine-learning-matrices-split/glove.q4k.csv.32.4.A.vc.C 
Command: /home/louza/mm-repair/ole/encode.x /mnt/data/datasets/machine-learning-matrices-split/glove.q4k.csv.32.4.B.vc 
OLE time: 0.3252
==== Ans-fold compression
Command: /home/louza/mm-repair/ans/encode.x /mnt/data/datasets/machine-learning-matrices-split/glove.q4k.csv.32.4.A.vc.C 
Command: /home/louza/mm-repair/ans/encode.x /mnt/data/datasets/machine-learning-matrices-split/glove.q4k.csv.32.4.B.vc
Ans-fold time: 1.1705
==== Integer vector .C compression
Command: /home/louza/mm-repair/sdsl/encode.x /mnt/data/datasets/machine-learning-matrices-split/glove.q4k.csv.32.5.A.vc.C 
==== Integer vector .R compression
Command: /home/louza/mm-repair/sdsl/encode.x /mnt/data/datasets/machine-learning-matrices-split/glove.q4k.csv.32.5.A.vc.R 
Integer vector compression time: 0.0233
==== OLE
Command: /home/louza/mm-repair/ole/encode.x /mnt/data/datasets/machine-learning-matrices-split/glove.q4k.csv.32.5.A.vc.C 
Command: /home/louza/mm-repair/ole/encode.x /mnt/data/datasets/machine-learning-matrices-split/glove.q4k.csv.32.5.B.vc 
OLE time: 0.2383
==== Ans-fold compression
Command: /home/louza/mm-repair/ans/encode.x /mnt/data/datasets/machine-learning-matrices-split/glove.q4k.csv.32.5.A.vc.C 
Command: /home/louza/mm-repair/ans/encode.x /mnt/data/datasets/machine-learning-matrices-split/glove.q4k.csv.32.5.B.vc
Ans-fold time: 1.5919
==== Integer vector .C compression
Command: /home/louza/mm-repair/sdsl/encode.x /mnt/data/datasets/machine-learning-matrices-split/glove.q4k.csv.32.6.A.vc.C 
==== Integer vector .R compression
Command: /home/louza/mm-repair/sdsl/encode.x /mnt/data/datasets/machine-learning-matrices-split/glove.q4k.csv.32.6.A.vc.R 
Integer vector compression time: 0.0885
==== OLE
Command: /home/louza/mm-repair/ole/encode.x /mnt/data/datasets/machine-learning-matrices-split/glove.q4k.csv.32.6.A.vc.C 
Command: /home/louza/mm-repair/ole/encode.x /mnt/data/datasets/machine-learning-matrices-split/glove.q4k.csv.32.6.B.vc 
OLE time: 0.4909
==== Ans-fold compression
Command: /home/louza/mm-repair/ans/encode.x /mnt/data/datasets/machine-learning-matrices-split/glove.q4k.csv.32.6.A.vc.C 
Command: /home/louza/mm-repair/ans/encode.x /mnt/data/datasets/machine-learning-matrices-split/glove.q4k.csv.32.6.B.vc
Ans-fold time: 1.9394
==== Integer vector .C compression
Command: /home/louza/mm-repair/sdsl/encode.x /mnt/data/datasets/machine-learning-matrices-split/glove.q4k.csv.32.7.A.vc.C 
==== Integer vector .R compression
Command: /home/louza/mm-repair/sdsl/encode.x /mnt/data/datasets/machine-learning-matrices-split/glove.q4k.csv.32.7.A.vc.R 
Integer vector compression time: 0.1806
==== OLE
Command: /home/louza/mm-repair/ole/encode.x /mnt/data/datasets/machine-learning-matrices-split/glove.q4k.csv.32.7.A.vc.C 
Command: /home/louza/mm-repair/ole/encode.x /mnt/data/datasets/machine-learning-matrices-split/glove.q4k.csv.32.7.B.vc 
OLE time: 0.6017
==== Ans-fold compression
Command: /home/louza/mm-repair/ans/encode.x /mnt/data/datasets/machine-learning-matrices-split/glove.q4k.csv.32.7.A.vc.C 
Command: /home/louza/mm-repair/ans/encode.x /mnt/data/datasets/machine-learning-matrices-split/glove.q4k.csv.32.7.B.vc
Ans-fold time: 2.3055
==== Integer vector .C compression
Command: /home/louza/mm-repair/sdsl/encode.x /mnt/data/datasets/machine-learning-matrices-split/glove.q4k.csv.32.8.A.vc.C 
==== Integer vector .R compression
Command: /home/louza/mm-repair/sdsl/encode.x /mnt/data/datasets/machine-learning-matrices-split/glove.q4k.csv.32.8.A.vc.R 
Integer vector compression time: 0.0424
==== OLE
Command: /home/louza/mm-repair/ole/encode.x /mnt/data/datasets/machine-learning-matrices-split/glove.q4k.csv.32.8.A.vc.C 
Command: /home/louza/mm-repair/ole/encode.x /mnt/data/datasets/machine-learning-matrices-split/glove.q4k.csv.32.8.B.vc 
OLE time: 0.5310
==== Ans-fold compression
Command: /home/louza/mm-repair/ans/encode.x /mnt/data/datasets/machine-learning-matrices-split/glove.q4k.csv.32.8.A.vc.C 
Command: /home/louza/mm-repair/ans/encode.x /mnt/data/datasets/machine-learning-matrices-split/glove.q4k.csv.32.8.B.vc
Ans-fold time: 2.7068
==== Integer vector .C compression
Command: /home/louza/mm-repair/sdsl/encode.x /mnt/data/datasets/machine-learning-matrices-split/glove.q4k.csv.32.9.A.vc.C 
==== Integer vector .R compression
Command: /home/louza/mm-repair/sdsl/encode.x /mnt/data/datasets/machine-learning-matrices-split/glove.q4k.csv.32.9.A.vc.R 
Integer vector compression time: 0.1487
==== OLE
Command: /home/louza/mm-repair/ole/encode.x /mnt/data/datasets/machine-learning-matrices-split/glove.q4k.csv.32.9.A.vc.C 
Command: /home/louza/mm-repair/ole/encode.x /mnt/data/datasets/machine-learning-matrices-split/glove.q4k.csv.32.9.B.vc 
OLE time: 0.3868
==== Ans-fold compression
Command: /home/louza/mm-repair/ans/encode.x /mnt/data/datasets/machine-learning-matrices-split/glove.q4k.csv.32.9.A.vc.C 
Command: /home/louza/mm-repair/ans/encode.x /mnt/data/datasets/machine-learning-matrices-split/glove.q4k.csv.32.9.B.vc
Ans-fold time: 3.1190
==== Integer vector .C compression
Command: /home/louza/mm-repair/sdsl/encode.x /mnt/data/datasets/machine-learning-matrices-split/glove.q4k.csv.32.10.A.vc.C 
==== Integer vector .R compression
Command: /home/louza/mm-repair/sdsl/encode.x /mnt/data/datasets/machine-learning-matrices-split/glove.q4k.csv.32.10.A.vc.R 
Integer vector compression time: 0.1246
==== OLE
Command: /home/louza/mm-repair/ole/encode.x /mnt/data/datasets/machine-learning-matrices-split/glove.q4k.csv.32.10.A.vc.C 
Command: /home/louza/mm-repair/ole/encode.x /mnt/data/datasets/machine-learning-matrices-split/glove.q4k.csv.32.10.B.vc 
OLE time: 0.3493
==== Ans-fold compression
Command: /home/louza/mm-repair/ans/encode.x /mnt/data/datasets/machine-learning-matrices-split/glove.q4k.csv.32.10.A.vc.C 
Command: /home/louza/mm-repair/ans/encode.x /mnt/data/datasets/machine-learning-matrices-split/glove.q4k.csv.32.10.B.vc
Ans-fold time: 3.3914
==== Integer vector .C compression
Command: /home/louza/mm-repair/sdsl/encode.x /mnt/data/datasets/machine-learning-matrices-split/glove.q4k.csv.32.11.A.vc.C 
==== Integer vector .R compression
Command: /home/louza/mm-repair/sdsl/encode.x /mnt/data/datasets/machine-learning-matrices-split/glove.q4k.csv.32.11.A.vc.R 
Integer vector compression time: 0.0908
==== OLE
Command: /home/louza/mm-repair/ole/encode.x /mnt/data/datasets/machine-learning-matrices-split/glove.q4k.csv.32.11.A.vc.C 
Command: /home/louza/mm-repair/ole/encode.x /mnt/data/datasets/machine-learning-matrices-split/glove.q4k.csv.32.11.B.vc 
OLE time: 0.5306
==== Ans-fold compression
Command: /home/louza/mm-repair/ans/encode.x /mnt/data/datasets/machine-learning-matrices-split/glove.q4k.csv.32.11.A.vc.C 
Command: /home/louza/mm-repair/ans/encode.x /mnt/data/datasets/machine-learning-matrices-split/glove.q4k.csv.32.11.B.vc
Ans-fold time: 3.8167
==== Integer vector .C compression
Command: /home/louza/mm-repair/sdsl/encode.x /mnt/data/datasets/machine-learning-matrices-split/glove.q4k.csv.32.12.A.vc.C 
==== Integer vector .R compression
Command: /home/louza/mm-repair/sdsl/encode.x /mnt/data/datasets/machine-learning-matrices-split/glove.q4k.csv.32.12.A.vc.R 
Integer vector compression time: 0.0405
==== OLE
Command: /home/louza/mm-repair/ole/encode.x /mnt/data/datasets/machine-learning-matrices-split/glove.q4k.csv.32.12.A.vc.C 
Command: /home/louza/mm-repair/ole/encode.x /mnt/data/datasets/machine-learning-matrices-split/glove.q4k.csv.32.12.B.vc 
OLE time: 0.8333
==== Ans-fold compression
Command: /home/louza/mm-repair/ans/encode.x /mnt/data/datasets/machine-learning-matrices-split/glove.q4k.csv.32.12.A.vc.C 
Command: /home/louza/mm-repair/ans/encode.x /mnt/data/datasets/machine-learning-matrices-split/glove.q4k.csv.32.12.B.vc
Ans-fold time: 4.2775
==== Integer vector .C compression
Command: /home/louza/mm-repair/sdsl/encode.x /mnt/data/datasets/machine-learning-matrices-split/glove.q4k.csv.32.13.A.vc.C 
==== Integer vector .R compression
Command: /home/louza/mm-repair/sdsl/encode.x /mnt/data/datasets/machine-learning-matrices-split/glove.q4k.csv.32.13.A.vc.R 
Integer vector compression time: 0.1204
==== OLE
Command: /home/louza/mm-repair/ole/encode.x /mnt/data/datasets/machine-learning-matrices-split/glove.q4k.csv.32.13.A.vc.C 
Command: /home/louza/mm-repair/ole/encode.x /mnt/data/datasets/machine-learning-matrices-split/glove.q4k.csv.32.13.B.vc 
OLE time: 0.4936
==== Ans-fold compression
Command: /home/louza/mm-repair/ans/encode.x /mnt/data/datasets/machine-learning-matrices-split/glove.q4k.csv.32.13.A.vc.C 
Command: /home/louza/mm-repair/ans/encode.x /mnt/data/datasets/machine-learning-matrices-split/glove.q4k.csv.32.13.B.vc
Ans-fold time: 4.7082
==== Integer vector .C compression
Command: /home/louza/mm-repair/sdsl/encode.x /mnt/data/datasets/machine-learning-matrices-split/glove.q4k.csv.32.14.A.vc.C 
==== Integer vector .R compression
Command: /home/louza/mm-repair/sdsl/encode.x /mnt/data/datasets/machine-learning-matrices-split/glove.q4k.csv.32.14.A.vc.R 
Integer vector compression time: 0.0915
==== OLE
Command: /home/louza/mm-repair/ole/encode.x /mnt/data/datasets/machine-learning-matrices-split/glove.q4k.csv.32.14.A.vc.C 
Command: /home/louza/mm-repair/ole/encode.x /mnt/data/datasets/machine-learning-matrices-split/glove.q4k.csv.32.14.B.vc 
OLE time: 0.3268
==== Ans-fold compression
Command: /home/louza/mm-repair/ans/encode.x /mnt/data/datasets/machine-learning-matrices-split/glove.q4k.csv.32.14.A.vc.C 
Command: /home/louza/mm-repair/ans/encode.x /mnt/data/datasets/machine-learning-matrices-split/glove.q4k.csv.32.14.B.vc
Ans-fold time: 5.1043
==== Integer vector .C compression
Command: /home/louza/mm-repair/sdsl/encode.x /mnt/data/datasets/machine-learning-matrices-split/glove.q4k.csv.32.15.A.vc.C 
==== Integer vector .R compression
Command: /home/louza/mm-repair/sdsl/encode.x /mnt/data/datasets/machine-learning-matrices-split/glove.q4k.csv.32.15.A.vc.R 
Integer vector compression time: 0.2820
==== OLE
Command: /home/louza/mm-repair/ole/encode.x /mnt/data/datasets/machine-learning-matrices-split/glove.q4k.csv.32.15.A.vc.C 
Command: /home/louza/mm-repair/ole/encode.x /mnt/data/datasets/machine-learning-matrices-split/glove.q4k.csv.32.15.B.vc 
OLE time: 0.5113
==== Ans-fold compression
Command: /home/louza/mm-repair/ans/encode.x /mnt/data/datasets/machine-learning-matrices-split/glove.q4k.csv.32.15.A.vc.C 
Command: /home/louza/mm-repair/ans/encode.x /mnt/data/datasets/machine-learning-matrices-split/glove.q4k.csv.32.15.B.vc
Ans-fold time: 5.7000
==== Integer vector .C compression
Command: /home/louza/mm-repair/sdsl/encode.x /mnt/data/datasets/machine-learning-matrices-split/glove.q4k.csv.32.16.A.vc.C 
==== Integer vector .R compression
Command: /home/louza/mm-repair/sdsl/encode.x /mnt/data/datasets/machine-learning-matrices-split/glove.q4k.csv.32.16.A.vc.R 
Integer vector compression time: 0.2256
==== OLE
Command: /home/louza/mm-repair/ole/encode.x /mnt/data/datasets/machine-learning-matrices-split/glove.q4k.csv.32.16.A.vc.C 
Command: /home/louza/mm-repair/ole/encode.x /mnt/data/datasets/machine-learning-matrices-split/glove.q4k.csv.32.16.B.vc 
OLE time: 0.3346
==== Ans-fold compression
Command: /home/louza/mm-repair/ans/encode.x /mnt/data/datasets/machine-learning-matrices-split/glove.q4k.csv.32.16.A.vc.C 
Command: /home/louza/mm-repair/ans/encode.x /mnt/data/datasets/machine-learning-matrices-split/glove.q4k.csv.32.16.B.vc
Ans-fold time: 6.7710
==== Integer vector .C compression
Command: /home/louza/mm-repair/sdsl/encode.x /mnt/data/datasets/machine-learning-matrices-split/glove.q4k.csv.32.17.A.vc.C 
==== Integer vector .R compression
Command: /home/louza/mm-repair/sdsl/encode.x /mnt/data/datasets/machine-learning-matrices-split/glove.q4k.csv.32.17.A.vc.R 
Integer vector compression time: 0.2583
==== OLE
Command: /home/louza/mm-repair/ole/encode.x /mnt/data/datasets/machine-learning-matrices-split/glove.q4k.csv.32.17.A.vc.C 
Command: /home/louza/mm-repair/ole/encode.x /mnt/data/datasets/machine-learning-matrices-split/glove.q4k.csv.32.17.B.vc 
OLE time: 0.3970
==== Ans-fold compression
Command: /home/louza/mm-repair/ans/encode.x /mnt/data/datasets/machine-learning-matrices-split/glove.q4k.csv.32.17.A.vc.C 
Command: /home/louza/mm-repair/ans/encode.x /mnt/data/datasets/machine-learning-matrices-split/glove.q4k.csv.32.17.B.vc
Ans-fold time: 7.3075
==== Integer vector .C compression
Command: /home/louza/mm-repair/sdsl/encode.x /mnt/data/datasets/machine-learning-matrices-split/glove.q4k.csv.32.18.A.vc.C 
==== Integer vector .R compression
Command: /home/louza/mm-repair/sdsl/encode.x /mnt/data/datasets/machine-learning-matrices-split/glove.q4k.csv.32.18.A.vc.R 
Integer vector compression time: 0.2248
==== OLE
Command: /home/louza/mm-repair/ole/encode.x /mnt/data/datasets/machine-learning-matrices-split/glove.q4k.csv.32.18.A.vc.C 
Command: /home/louza/mm-repair/ole/encode.x /mnt/data/datasets/machine-learning-matrices-split/glove.q4k.csv.32.18.B.vc 
OLE time: 0.9328
==== Ans-fold compression
Command: /home/louza/mm-repair/ans/encode.x /mnt/data/datasets/machine-learning-matrices-split/glove.q4k.csv.32.18.A.vc.C 
Command: /home/louza/mm-repair/ans/encode.x /mnt/data/datasets/machine-learning-matrices-split/glove.q4k.csv.32.18.B.vc
Ans-fold time: 7.8362
==== Integer vector .C compression
Command: /home/louza/mm-repair/sdsl/encode.x /mnt/data/datasets/machine-learning-matrices-split/glove.q4k.csv.32.19.A.vc.C 
==== Integer vector .R compression
Command: /home/louza/mm-repair/sdsl/encode.x /mnt/data/datasets/machine-learning-matrices-split/glove.q4k.csv.32.19.A.vc.R 
Integer vector compression time: 0.2782
==== OLE
Command: /home/louza/mm-repair/ole/encode.x /mnt/data/datasets/machine-learning-matrices-split/glove.q4k.csv.32.19.A.vc.C 
Command: /home/louza/mm-repair/ole/encode.x /mnt/data/datasets/machine-learning-matrices-split/glove.q4k.csv.32.19.B.vc 
OLE time: 0.6707
==== Ans-fold compression
Command: /home/louza/mm-repair/ans/encode.x /mnt/data/datasets/machine-learning-matrices-split/glove.q4k.csv.32.19.A.vc.C 
Command: /home/louza/mm-repair/ans/encode.x /mnt/data/datasets/machine-learning-matrices-split/glove.q4k.csv.32.19.B.vc
Ans-fold time: 8.4368
==== Integer vector .C compression
Command: /home/louza/mm-repair/sdsl/encode.x /mnt/data/datasets/machine-learning-matrices-split/glove.q4k.csv.32.20.A.vc.C 
==== Integer vector .R compression
Command: /home/louza/mm-repair/sdsl/encode.x /mnt/data/datasets/machine-learning-matrices-split/glove.q4k.csv.32.20.A.vc.R 
Integer vector compression time: 0.2830
==== OLE
Command: /home/louza/mm-repair/ole/encode.x /mnt/data/datasets/machine-learning-matrices-split/glove.q4k.csv.32.20.A.vc.C 
Command: /home/louza/mm-repair/ole/encode.x /mnt/data/datasets/machine-learning-matrices-split/glove.q4k.csv.32.20.B.vc 
OLE time: 0.6808
==== Ans-fold compression
Command: /home/louza/mm-repair/ans/encode.x /mnt/data/datasets/machine-learning-matrices-split/glove.q4k.csv.32.20.A.vc.C 
Command: /home/louza/mm-repair/ans/encode.x /mnt/data/datasets/machine-learning-matrices-split/glove.q4k.csv.32.20.B.vc
Ans-fold time: 9.0142
==== Integer vector .C compression
Command: /home/louza/mm-repair/sdsl/encode.x /mnt/data/datasets/machine-learning-matrices-split/glove.q4k.csv.32.21.A.vc.C 
==== Integer vector .R compression
Command: /home/louza/mm-repair/sdsl/encode.x /mnt/data/datasets/machine-learning-matrices-split/glove.q4k.csv.32.21.A.vc.R 
Integer vector compression time: 0.0690
==== OLE
Command: /home/louza/mm-repair/ole/encode.x /mnt/data/datasets/machine-learning-matrices-split/glove.q4k.csv.32.21.A.vc.C 
Command: /home/louza/mm-repair/ole/encode.x /mnt/data/datasets/machine-learning-matrices-split/glove.q4k.csv.32.21.B.vc 
OLE time: 0.5636
==== Ans-fold compression
Command: /home/louza/mm-repair/ans/encode.x /mnt/data/datasets/machine-learning-matrices-split/glove.q4k.csv.32.21.A.vc.C 
Command: /home/louza/mm-repair/ans/encode.x /mnt/data/datasets/machine-learning-matrices-split/glove.q4k.csv.32.21.B.vc
Ans-fold time: 9.5322
==== Integer vector .C compression
Command: /home/louza/mm-repair/sdsl/encode.x /mnt/data/datasets/machine-learning-matrices-split/glove.q4k.csv.32.22.A.vc.C 
==== Integer vector .R compression
Command: /home/louza/mm-repair/sdsl/encode.x /mnt/data/datasets/machine-learning-matrices-split/glove.q4k.csv.32.22.A.vc.R 
Integer vector compression time: 0.3021
==== OLE
Command: /home/louza/mm-repair/ole/encode.x /mnt/data/datasets/machine-learning-matrices-split/glove.q4k.csv.32.22.A.vc.C 
Command: /home/louza/mm-repair/ole/encode.x /mnt/data/datasets/machine-learning-matrices-split/glove.q4k.csv.32.22.B.vc 
OLE time: 0.9144
==== Ans-fold compression
Command: /home/louza/mm-repair/ans/encode.x /mnt/data/datasets/machine-learning-matrices-split/glove.q4k.csv.32.22.A.vc.C 
Command: /home/louza/mm-repair/ans/encode.x /mnt/data/datasets/machine-learning-matrices-split/glove.q4k.csv.32.22.B.vc
Ans-fold time: 9.9750
==== Integer vector .C compression
Command: /home/louza/mm-repair/sdsl/encode.x /mnt/data/datasets/machine-learning-matrices-split/glove.q4k.csv.32.23.A.vc.C 
==== Integer vector .R compression
Command: /home/louza/mm-repair/sdsl/encode.x /mnt/data/datasets/machine-learning-matrices-split/glove.q4k.csv.32.23.A.vc.R 
Integer vector compression time: 0.0731
==== OLE
Command: /home/louza/mm-repair/ole/encode.x /mnt/data/datasets/machine-learning-matrices-split/glove.q4k.csv.32.23.A.vc.C 
Command: /home/louza/mm-repair/ole/encode.x /mnt/data/datasets/machine-learning-matrices-split/glove.q4k.csv.32.23.B.vc 
OLE time: 0.7207
==== Ans-fold compression
Command: /home/louza/mm-repair/ans/encode.x /mnt/data/datasets/machine-learning-matrices-split/glove.q4k.csv.32.23.A.vc.C 
Command: /home/louza/mm-repair/ans/encode.x /mnt/data/datasets/machine-learning-matrices-split/glove.q4k.csv.32.23.B.vc
Ans-fold time: 10.4063
==== Integer vector .C compression
Command: /home/louza/mm-repair/sdsl/encode.x /mnt/data/datasets/machine-learning-matrices-split/glove.q4k.csv.32.24.A.vc.C 
==== Integer vector .R compression
Command: /home/louza/mm-repair/sdsl/encode.x /mnt/data/datasets/machine-learning-matrices-split/glove.q4k.csv.32.24.A.vc.R 
Integer vector compression time: 0.2584
==== OLE
Command: /home/louza/mm-repair/ole/encode.x /mnt/data/datasets/machine-learning-matrices-split/glove.q4k.csv.32.24.A.vc.C 
Command: /home/louza/mm-repair/ole/encode.x /mnt/data/datasets/machine-learning-matrices-split/glove.q4k.csv.32.24.B.vc 
OLE time: 0.6358
==== Ans-fold compression
Command: /home/louza/mm-repair/ans/encode.x /mnt/data/datasets/machine-learning-matrices-split/glove.q4k.csv.32.24.A.vc.C 
Command: /home/louza/mm-repair/ans/encode.x /mnt/data/datasets/machine-learning-matrices-split/glove.q4k.csv.32.24.B.vc
Ans-fold time: 10.8085
==== Integer vector .C compression
Command: /home/louza/mm-repair/sdsl/encode.x /mnt/data/datasets/machine-learning-matrices-split/glove.q4k.csv.32.25.A.vc.C 
==== Integer vector .R compression
Command: /home/louza/mm-repair/sdsl/encode.x /mnt/data/datasets/machine-learning-matrices-split/glove.q4k.csv.32.25.A.vc.R 
Integer vector compression time: 0.1001
==== OLE
Command: /home/louza/mm-repair/ole/encode.x /mnt/data/datasets/machine-learning-matrices-split/glove.q4k.csv.32.25.A.vc.C 
Command: /home/louza/mm-repair/ole/encode.x /mnt/data/datasets/machine-learning-matrices-split/glove.q4k.csv.32.25.B.vc 
OLE time: 0.6339
==== Ans-fold compression
Command: /home/louza/mm-repair/ans/encode.x /mnt/data/datasets/machine-learning-matrices-split/glove.q4k.csv.32.25.A.vc.C 
Command: /home/louza/mm-repair/ans/encode.x /mnt/data/datasets/machine-learning-matrices-split/glove.q4k.csv.32.25.B.vc
Ans-fold time: 11.3035
==== Integer vector .C compression
Command: /home/louza/mm-repair/sdsl/encode.x /mnt/data/datasets/machine-learning-matrices-split/glove.q4k.csv.32.26.A.vc.C 
==== Integer vector .R compression
Command: /home/louza/mm-repair/sdsl/encode.x /mnt/data/datasets/machine-learning-matrices-split/glove.q4k.csv.32.26.A.vc.R 
Integer vector compression time: 0.1058
==== OLE
Command: /home/louza/mm-repair/ole/encode.x /mnt/data/datasets/machine-learning-matrices-split/glove.q4k.csv.32.26.A.vc.C 
Command: /home/louza/mm-repair/ole/encode.x /mnt/data/datasets/machine-learning-matrices-split/glove.q4k.csv.32.26.B.vc 
OLE time: 0.7173
==== Ans-fold compression
Command: /home/louza/mm-repair/ans/encode.x /mnt/data/datasets/machine-learning-matrices-split/glove.q4k.csv.32.26.A.vc.C 
Command: /home/louza/mm-repair/ans/encode.x /mnt/data/datasets/machine-learning-matrices-split/glove.q4k.csv.32.26.B.vc
Ans-fold time: 11.9235
==== Integer vector .C compression
Command: /home/louza/mm-repair/sdsl/encode.x /mnt/data/datasets/machine-learning-matrices-split/glove.q4k.csv.32.27.A.vc.C 
==== Integer vector .R compression
Command: /home/louza/mm-repair/sdsl/encode.x /mnt/data/datasets/machine-learning-matrices-split/glove.q4k.csv.32.27.A.vc.R 
Integer vector compression time: 0.0309
==== OLE
Command: /home/louza/mm-repair/ole/encode.x /mnt/data/datasets/machine-learning-matrices-split/glove.q4k.csv.32.27.A.vc.C 
Command: /home/louza/mm-repair/ole/encode.x /mnt/data/datasets/machine-learning-matrices-split/glove.q4k.csv.32.27.B.vc 
OLE time: 0.5785
==== Ans-fold compression
Command: /home/louza/mm-repair/ans/encode.x /mnt/data/datasets/machine-learning-matrices-split/glove.q4k.csv.32.27.A.vc.C 
Command: /home/louza/mm-repair/ans/encode.x /mnt/data/datasets/machine-learning-matrices-split/glove.q4k.csv.32.27.B.vc
Ans-fold time: 12.4167
==== Integer vector .C compression
Command: /home/louza/mm-repair/sdsl/encode.x /mnt/data/datasets/machine-learning-matrices-split/glove.q4k.csv.32.28.A.vc.C 
==== Integer vector .R compression
Command: /home/louza/mm-repair/sdsl/encode.x /mnt/data/datasets/machine-learning-matrices-split/glove.q4k.csv.32.28.A.vc.R 
Integer vector compression time: 0.1019
==== OLE
Command: /home/louza/mm-repair/ole/encode.x /mnt/data/datasets/machine-learning-matrices-split/glove.q4k.csv.32.28.A.vc.C 
Command: /home/louza/mm-repair/ole/encode.x /mnt/data/datasets/machine-learning-matrices-split/glove.q4k.csv.32.28.B.vc 
OLE time: 0.4776
==== Ans-fold compression
Command: /home/louza/mm-repair/ans/encode.x /mnt/data/datasets/machine-learning-matrices-split/glove.q4k.csv.32.28.A.vc.C 
Command: /home/louza/mm-repair/ans/encode.x /mnt/data/datasets/machine-learning-matrices-split/glove.q4k.csv.32.28.B.vc
Ans-fold time: 12.7182
==== Integer vector .C compression
Command: /home/louza/mm-repair/sdsl/encode.x /mnt/data/datasets/machine-learning-matrices-split/glove.q4k.csv.32.29.A.vc.C 
==== Integer vector .R compression
Command: /home/louza/mm-repair/sdsl/encode.x /mnt/data/datasets/machine-learning-matrices-split/glove.q4k.csv.32.29.A.vc.R 
Integer vector compression time: 0.0894
==== OLE
Command: /home/louza/mm-repair/ole/encode.x /mnt/data/datasets/machine-learning-matrices-split/glove.q4k.csv.32.29.A.vc.C 
Command: /home/louza/mm-repair/ole/encode.x /mnt/data/datasets/machine-learning-matrices-split/glove.q4k.csv.32.29.B.vc 
OLE time: 0.4519
==== Ans-fold compression
Command: /home/louza/mm-repair/ans/encode.x /mnt/data/datasets/machine-learning-matrices-split/glove.q4k.csv.32.29.A.vc.C 
Command: /home/louza/mm-repair/ans/encode.x /mnt/data/datasets/machine-learning-matrices-split/glove.q4k.csv.32.29.B.vc
Ans-fold time: 13.0713
==== Integer vector .C compression
Command: /home/louza/mm-repair/sdsl/encode.x /mnt/data/datasets/machine-learning-matrices-split/glove.q4k.csv.32.30.A.vc.C 
==== Integer vector .R compression
Command: /home/louza/mm-repair/sdsl/encode.x /mnt/data/datasets/machine-learning-matrices-split/glove.q4k.csv.32.30.A.vc.R 
Integer vector compression time: 0.1299
==== OLE
Command: /home/louza/mm-repair/ole/encode.x /mnt/data/datasets/machine-learning-matrices-split/glove.q4k.csv.32.30.A.vc.C 
Command: /home/louza/mm-repair/ole/encode.x /mnt/data/datasets/machine-learning-matrices-split/glove.q4k.csv.32.30.B.vc 
OLE time: 0.9672
==== Ans-fold compression
Command: /home/louza/mm-repair/ans/encode.x /mnt/data/datasets/machine-learning-matrices-split/glove.q4k.csv.32.30.A.vc.C 
Command: /home/louza/mm-repair/ans/encode.x /mnt/data/datasets/machine-learning-matrices-split/glove.q4k.csv.32.30.B.vc
Ans-fold time: 13.4718
==== Integer vector .C compression
Command: /home/louza/mm-repair/sdsl/encode.x /mnt/data/datasets/machine-learning-matrices-split/glove.q4k.csv.32.31.A.vc.C 
==== Integer vector .R compression
Command: /home/louza/mm-repair/sdsl/encode.x /mnt/data/datasets/machine-learning-matrices-split/glove.q4k.csv.32.31.A.vc.R 
Integer vector compression time: 0.1950
==== OLE
Command: /home/louza/mm-repair/ole/encode.x /mnt/data/datasets/machine-learning-matrices-split/glove.q4k.csv.32.31.A.vc.C 
Command: /home/louza/mm-repair/ole/encode.x /mnt/data/datasets/machine-learning-matrices-split/glove.q4k.csv.32.31.B.vc 
OLE time: 0.8197
==== Ans-fold compression
Command: /home/louza/mm-repair/ans/encode.x /mnt/data/datasets/machine-learning-matrices-split/glove.q4k.csv.32.31.A.vc.C 
Command: /home/louza/mm-repair/ans/encode.x /mnt/data/datasets/machine-learning-matrices-split/glove.q4k.csv.32.31.B.vc
Ans-fold time: 13.8747
Command: /home/louza/mm-repair/ans/encode.x /mnt/data/datasets/machine-learning-matrices-split/glove.q4k.csv.wcode 
Elapsed time: 1403.7489
==== Compression Report:
 >> matrix name: /mnt/data/datasets/machine-learning-matrices-split/glove.q4k.csv
 >> conversion time: 1367.46
 >> repair time: 0.20
 >> integer vectors time: 0.20
 >> ansf time: 13.87
 >> total time: 1403.75
 >> wcode: 2334536 bytes
 >> wcode_ans: 47562 bytes
 >> matrix log(alpha)xNumEntries size: 180000000 bytes
 >> matrix dense size: 960000000 bytes
 >> total number of nonzero: 67818 (0.06%)
 >> number of distinct nonzero: 3294
 >> CRSV  size: 1897624 bytes  (0.20%)
 >> B	  size: 481328728 bytes  (50.14%)
 >> B_ans size: 177874689 bytes  (18.53%)
 >> RE32  size: 182061561 bytes  (18.96%)
 >> REIV  size: 181329761 bytes  (18.89%)
 >> REANS size: 178093660 bytes  (18.55%)
==== Done
REANS -b 20

#### 2026-09-08 08:51:11
 Command line: ./mm-repair/matrepair -r -b 20 -p 20 /mnt/data/datasets/machine-learning-matrices-split/glove.q4k.csv 400000 300 
Setting memory for each repair instance to 23202 MBs
Sending logging messages to file: /mnt/data/datasets/machine-learning-matrices-split/glove.q4k.csv.log
==== Conversion bin/csv->csrv
Command: /home/louza/mm-repair/csvmat2csrv -b 20   /mnt/data/datasets/machine-learning-matrices-split/glove.q4k.csv -r 0   400000 300
Conversion time: 1766.3879
==== Repair paralell compression
---- Executing 20 parallel processes
---- Parallel processing completed
Repair time: 5.2846
==== Integer vector .C compression
Command: /home/louza/mm-repair/sdsl/encode.x /mnt/data/datasets/machine-learning-matrices-split/glove.q4k.csv.20.0.vc.C 
==== Integer vector .R compression
Command: /home/louza/mm-repair/sdsl/encode.x /mnt/data/datasets/machine-learning-matrices-split/glove.q4k.csv.20.0.vc.R 
Integer vector compression time: 0.2091
==== Ans-fold compression
Command: /home/louza/mm-repair/ans/encode.x /mnt/data/datasets/machine-learning-matrices-split/glove.q4k.csv.20.0.vc.C 
Ans-fold time: 0.3870
==== Integer vector .C compression
Command: /home/louza/mm-repair/sdsl/encode.x /mnt/data/datasets/machine-learning-matrices-split/glove.q4k.csv.20.1.vc.C 
==== Integer vector .R compression
Command: /home/louza/mm-repair/sdsl/encode.x /mnt/data/datasets/machine-learning-matrices-split/glove.q4k.csv.20.1.vc.R 
Integer vector compression time: 0.3416
==== Ans-fold compression
Command: /home/louza/mm-repair/ans/encode.x /mnt/data/datasets/machine-learning-matrices-split/glove.q4k.csv.20.1.vc.C 
Ans-fold time: 0.7983
==== Integer vector .C compression
Command: /home/louza/mm-repair/sdsl/encode.x /mnt/data/datasets/machine-learning-matrices-split/glove.q4k.csv.20.2.vc.C 
==== Integer vector .R compression
Command: /home/louza/mm-repair/sdsl/encode.x /mnt/data/datasets/machine-learning-matrices-split/glove.q4k.csv.20.2.vc.R 
Integer vector compression time: 0.2227
==== Ans-fold compression
Command: /home/louza/mm-repair/ans/encode.x /mnt/data/datasets/machine-learning-matrices-split/glove.q4k.csv.20.2.vc.C 
Ans-fold time: 1.2002
==== Integer vector .C compression
Command: /home/louza/mm-repair/sdsl/encode.x /mnt/data/datasets/machine-learning-matrices-split/glove.q4k.csv.20.3.vc.C 
==== Integer vector .R compression
Command: /home/louza/mm-repair/sdsl/encode.x /mnt/data/datasets/machine-learning-matrices-split/glove.q4k.csv.20.3.vc.R 
Integer vector compression time: 0.2470
==== Ans-fold compression
Command: /home/louza/mm-repair/ans/encode.x /mnt/data/datasets/machine-learning-matrices-split/glove.q4k.csv.20.3.vc.C 
Ans-fold time: 1.5931
==== Integer vector .C compression
Command: /home/louza/mm-repair/sdsl/encode.x /mnt/data/datasets/machine-learning-matrices-split/glove.q4k.csv.20.4.vc.C 
==== Integer vector .R compression
Command: /home/louza/mm-repair/sdsl/encode.x /mnt/data/datasets/machine-learning-matrices-split/glove.q4k.csv.20.4.vc.R 
Integer vector compression time: 0.2200
==== Ans-fold compression
Command: /home/louza/mm-repair/ans/encode.x /mnt/data/datasets/machine-learning-matrices-split/glove.q4k.csv.20.4.vc.C 
Ans-fold time: 1.9765
==== Integer vector .C compression
Command: /home/louza/mm-repair/sdsl/encode.x /mnt/data/datasets/machine-learning-matrices-split/glove.q4k.csv.20.5.vc.C 
==== Integer vector .R compression
Command: /home/louza/mm-repair/sdsl/encode.x /mnt/data/datasets/machine-learning-matrices-split/glove.q4k.csv.20.5.vc.R 
Integer vector compression time: 0.1979
==== Ans-fold compression
Command: /home/louza/mm-repair/ans/encode.x /mnt/data/datasets/machine-learning-matrices-split/glove.q4k.csv.20.5.vc.C 
Ans-fold time: 2.4741
==== Integer vector .C compression
Command: /home/louza/mm-repair/sdsl/encode.x /mnt/data/datasets/machine-learning-matrices-split/glove.q4k.csv.20.6.vc.C 
==== Integer vector .R compression
Command: /home/louza/mm-repair/sdsl/encode.x /mnt/data/datasets/machine-learning-matrices-split/glove.q4k.csv.20.6.vc.R 
Integer vector compression time: 0.2195
==== Ans-fold compression
Command: /home/louza/mm-repair/ans/encode.x /mnt/data/datasets/machine-learning-matrices-split/glove.q4k.csv.20.6.vc.C 
Ans-fold time: 2.9813
==== Integer vector .C compression
Command: /home/louza/mm-repair/sdsl/encode.x /mnt/data/datasets/machine-learning-matrices-split/glove.q4k.csv.20.7.vc.C 
==== Integer vector .R compression
Command: /home/louza/mm-repair/sdsl/encode.x /mnt/data/datasets/machine-learning-matrices-split/glove.q4k.csv.20.7.vc.R 
Integer vector compression time: 0.3015
==== Ans-fold compression
Command: /home/louza/mm-repair/ans/encode.x /mnt/data/datasets/machine-learning-matrices-split/glove.q4k.csv.20.7.vc.C 
Ans-fold time: 3.7322
==== Integer vector .C compression
Command: /home/louza/mm-repair/sdsl/encode.x /mnt/data/datasets/machine-learning-matrices-split/glove.q4k.csv.20.8.vc.C 
==== Integer vector .R compression
Command: /home/louza/mm-repair/sdsl/encode.x /mnt/data/datasets/machine-learning-matrices-split/glove.q4k.csv.20.8.vc.R 
Integer vector compression time: 0.2193
==== Ans-fold compression
Command: /home/louza/mm-repair/ans/encode.x /mnt/data/datasets/machine-learning-matrices-split/glove.q4k.csv.20.8.vc.C 
Ans-fold time: 4.5978
==== Integer vector .C compression
Command: /home/louza/mm-repair/sdsl/encode.x /mnt/data/datasets/machine-learning-matrices-split/glove.q4k.csv.20.9.vc.C 
==== Integer vector .R compression
Command: /home/louza/mm-repair/sdsl/encode.x /mnt/data/datasets/machine-learning-matrices-split/glove.q4k.csv.20.9.vc.R 
Integer vector compression time: 1.3388
==== Ans-fold compression
Command: /home/louza/mm-repair/ans/encode.x /mnt/data/datasets/machine-learning-matrices-split/glove.q4k.csv.20.9.vc.C 
Ans-fold time: 5.2954
==== Integer vector .C compression
Command: /home/louza/mm-repair/sdsl/encode.x /mnt/data/datasets/machine-learning-matrices-split/glove.q4k.csv.20.10.vc.C 
==== Integer vector .R compression
Command: /home/louza/mm-repair/sdsl/encode.x /mnt/data/datasets/machine-learning-matrices-split/glove.q4k.csv.20.10.vc.R 
Integer vector compression time: 0.3050
==== Ans-fold compression
Command: /home/louza/mm-repair/ans/encode.x /mnt/data/datasets/machine-learning-matrices-split/glove.q4k.csv.20.10.vc.C 
Ans-fold time: 5.9280
==== Integer vector .C compression
Command: /home/louza/mm-repair/sdsl/encode.x /mnt/data/datasets/machine-learning-matrices-split/glove.q4k.csv.20.11.vc.C 
==== Integer vector .R compression
Command: /home/louza/mm-repair/sdsl/encode.x /mnt/data/datasets/machine-learning-matrices-split/glove.q4k.csv.20.11.vc.R 
Integer vector compression time: 0.2385
==== Ans-fold compression
Command: /home/louza/mm-repair/ans/encode.x /mnt/data/datasets/machine-learning-matrices-split/glove.q4k.csv.20.11.vc.C 
Ans-fold time: 6.4836
==== Integer vector .C compression
Command: /home/louza/mm-repair/sdsl/encode.x /mnt/data/datasets/machine-learning-matrices-split/glove.q4k.csv.20.12.vc.C 
==== Integer vector .R compression
Command: /home/louza/mm-repair/sdsl/encode.x /mnt/data/datasets/machine-learning-matrices-split/glove.q4k.csv.20.12.vc.R 
Integer vector compression time: 0.2259
==== Ans-fold compression
Command: /home/louza/mm-repair/ans/encode.x /mnt/data/datasets/machine-learning-matrices-split/glove.q4k.csv.20.12.vc.C 
Ans-fold time: 7.0001
==== Integer vector .C compression
Command: /home/louza/mm-repair/sdsl/encode.x /mnt/data/datasets/machine-learning-matrices-split/glove.q4k.csv.20.13.vc.C 
==== Integer vector .R compression
Command: /home/louza/mm-repair/sdsl/encode.x /mnt/data/datasets/machine-learning-matrices-split/glove.q4k.csv.20.13.vc.R 
Integer vector compression time: 0.2211
==== Ans-fold compression
Command: /home/louza/mm-repair/ans/encode.x /mnt/data/datasets/machine-learning-matrices-split/glove.q4k.csv.20.13.vc.C 
Ans-fold time: 7.4101
==== Integer vector .C compression
Command: /home/louza/mm-repair/sdsl/encode.x /mnt/data/datasets/machine-learning-matrices-split/glove.q4k.csv.20.14.vc.C 
==== Integer vector .R compression
Command: /home/louza/mm-repair/sdsl/encode.x /mnt/data/datasets/machine-learning-matrices-split/glove.q4k.csv.20.14.vc.R 
Integer vector compression time: 0.1996
==== Ans-fold compression
Command: /home/louza/mm-repair/ans/encode.x /mnt/data/datasets/machine-learning-matrices-split/glove.q4k.csv.20.14.vc.C 
Ans-fold time: 7.7733
==== Integer vector .C compression
Command: /home/louza/mm-repair/sdsl/encode.x /mnt/data/datasets/machine-learning-matrices-split/glove.q4k.csv.20.15.vc.C 
==== Integer vector .R compression
Command: /home/louza/mm-repair/sdsl/encode.x /mnt/data/datasets/machine-learning-matrices-split/glove.q4k.csv.20.15.vc.R 
Integer vector compression time: 0.2013
==== Ans-fold compression
Command: /home/louza/mm-repair/ans/encode.x /mnt/data/datasets/machine-learning-matrices-split/glove.q4k.csv.20.15.vc.C 
Ans-fold time: 8.2473
==== Integer vector .C compression
Command: /home/louza/mm-repair/sdsl/encode.x /mnt/data/datasets/machine-learning-matrices-split/glove.q4k.csv.20.16.vc.C 
==== Integer vector .R compression
Command: /home/louza/mm-repair/sdsl/encode.x /mnt/data/datasets/machine-learning-matrices-split/glove.q4k.csv.20.16.vc.R 
Integer vector compression time: 0.2019
==== Ans-fold compression
Command: /home/louza/mm-repair/ans/encode.x /mnt/data/datasets/machine-learning-matrices-split/glove.q4k.csv.20.16.vc.C 
Ans-fold time: 8.6068
==== Integer vector .C compression
Command: /home/louza/mm-repair/sdsl/encode.x /mnt/data/datasets/machine-learning-matrices-split/glove.q4k.csv.20.17.vc.C 
==== Integer vector .R compression
Command: /home/louza/mm-repair/sdsl/encode.x /mnt/data/datasets/machine-learning-matrices-split/glove.q4k.csv.20.17.vc.R 
Integer vector compression time: 0.2146
==== Ans-fold compression
Command: /home/louza/mm-repair/ans/encode.x /mnt/data/datasets/machine-learning-matrices-split/glove.q4k.csv.20.17.vc.C 
Ans-fold time: 9.0947
==== Integer vector .C compression
Command: /home/louza/mm-repair/sdsl/encode.x /mnt/data/datasets/machine-learning-matrices-split/glove.q4k.csv.20.18.vc.C 
==== Integer vector .R compression
Command: /home/louza/mm-repair/sdsl/encode.x /mnt/data/datasets/machine-learning-matrices-split/glove.q4k.csv.20.18.vc.R 
Integer vector compression time: 0.2082
==== Ans-fold compression
Command: /home/louza/mm-repair/ans/encode.x /mnt/data/datasets/machine-learning-matrices-split/glove.q4k.csv.20.18.vc.C 
Ans-fold time: 9.5053
==== Integer vector .C compression
Command: /home/louza/mm-repair/sdsl/encode.x /mnt/data/datasets/machine-learning-matrices-split/glove.q4k.csv.20.19.vc.C 
==== Integer vector .R compression
Command: /home/louza/mm-repair/sdsl/encode.x /mnt/data/datasets/machine-learning-matrices-split/glove.q4k.csv.20.19.vc.R 
Integer vector compression time: 0.2029
==== Ans-fold compression
Command: /home/louza/mm-repair/ans/encode.x /mnt/data/datasets/machine-learning-matrices-split/glove.q4k.csv.20.19.vc.C 
Ans-fold time: 9.8960
Elapsed time: 1787.3069
==== Compression Report:
 >> matrix name: /mnt/data/datasets/machine-learning-matrices-split/glove.q4k.csv
 >> conversion time: 1766.39
 >> repair time: 5.28
 >> integer vectors time: 0.20
 >> ansf time: 9.90
 >> total time: 1787.31
 >> matrix log(alpha)xNumEntries size: 180000000 bytes
 >> matrix dense size: 960000000 bytes
 >> total number of nonzero: 120000000 (100.00%)
 >> number of distinct nonzero: 3294
 >> CRSV  size: 481626352 bytes  (50.17%)
 >> RE32  size: 481512772 bytes  (50.16%)
 >> REIV  size: 310735976 bytes  (32.37%)
 >> REANS size: 280681405 bytes  (29.24%)
==== Done

#### 2026-09-08 09:20:58
 Command line: ./mm-repair/matrepair -r -b 20 -p 20 /mnt/data/datasets/machine-learning-matrices-split/glove.q4k.csv 400000 300 --ole 
Setting memory for each repair instance to 23202 MBs
Sending logging messages to file: /mnt/data/datasets/machine-learning-matrices-split/glove.q4k.csv.log
==== Conversion bin/csv->csrv
Command: /home/louza/mm-repair/csvmat2csrv -b 20   /mnt/data/datasets/machine-learning-matrices-split/glove.q4k.csv -r 0   400000 300
Conversion time: 380.9955
==== Repair paralell compression
---- Executing 20 parallel processes
---- Parallel processing completed
Repair time: 20.0071
==== Integer vector .C compression
Command: /home/louza/mm-repair/sdsl/encode.x /mnt/data/datasets/machine-learning-matrices-split/glove.q4k.csv.20.0.vc.C 
==== Integer vector .R compression
Command: /home/louza/mm-repair/sdsl/encode.x /mnt/data/datasets/machine-learning-matrices-split/glove.q4k.csv.20.0.vc.R 
Integer vector compression time: 3.7171
==== OLE
Command: /home/louza/mm-repair/ole/encode.x /mnt/data/datasets/machine-learning-matrices-split/glove.q4k.csv.20.0.vc.C 
OLE time: 6.2823
==== Ans-fold compression
Command: /home/louza/mm-repair/ans/encode.x /mnt/data/datasets/machine-learning-matrices-split/glove.q4k.csv.20.0.vc.C 
Ans-fold time: 0.7477
==== Integer vector .C compression
Command: /home/louza/mm-repair/sdsl/encode.x /mnt/data/datasets/machine-learning-matrices-split/glove.q4k.csv.20.1.vc.C 
==== Integer vector .R compression
Command: /home/louza/mm-repair/sdsl/encode.x /mnt/data/datasets/machine-learning-matrices-split/glove.q4k.csv.20.1.vc.R 
Integer vector compression time: 2.1493
==== OLE
Command: /home/louza/mm-repair/ole/encode.x /mnt/data/datasets/machine-learning-matrices-split/glove.q4k.csv.20.1.vc.C 
OLE time: 4.4049
==== Ans-fold compression
Command: /home/louza/mm-repair/ans/encode.x /mnt/data/datasets/machine-learning-matrices-split/glove.q4k.csv.20.1.vc.C 
Ans-fold time: 2.1184
==== Integer vector .C compression
Command: /home/louza/mm-repair/sdsl/encode.x /mnt/data/datasets/machine-learning-matrices-split/glove.q4k.csv.20.2.vc.C 
==== Integer vector .R compression
Command: /home/louza/mm-repair/sdsl/encode.x /mnt/data/datasets/machine-learning-matrices-split/glove.q4k.csv.20.2.vc.R 
Integer vector compression time: 3.0426
==== OLE
Command: /home/louza/mm-repair/ole/encode.x /mnt/data/datasets/machine-learning-matrices-split/glove.q4k.csv.20.2.vc.C 
OLE time: 2.7942
==== Ans-fold compression
Command: /home/louza/mm-repair/ans/encode.x /mnt/data/datasets/machine-learning-matrices-split/glove.q4k.csv.20.2.vc.C 
Ans-fold time: 3.5262
==== Integer vector .C compression
Command: /home/louza/mm-repair/sdsl/encode.x /mnt/data/datasets/machine-learning-matrices-split/glove.q4k.csv.20.3.vc.C 
==== Integer vector .R compression
Command: /home/louza/mm-repair/sdsl/encode.x /mnt/data/datasets/machine-learning-matrices-split/glove.q4k.csv.20.3.vc.R 
Integer vector compression time: 2.2711
==== OLE
Command: /home/louza/mm-repair/ole/encode.x /mnt/data/datasets/machine-learning-matrices-split/glove.q4k.csv.20.3.vc.C 
OLE time: 5.1807
==== Ans-fold compression
Command: /home/louza/mm-repair/ans/encode.x /mnt/data/datasets/machine-learning-matrices-split/glove.q4k.csv.20.3.vc.C 
Ans-fold time: 5.4393
==== Integer vector .C compression
Command: /home/louza/mm-repair/sdsl/encode.x /mnt/data/datasets/machine-learning-matrices-split/glove.q4k.csv.20.4.vc.C 
==== Integer vector .R compression
Command: /home/louza/mm-repair/sdsl/encode.x /mnt/data/datasets/machine-learning-matrices-split/glove.q4k.csv.20.4.vc.R 
Integer vector compression time: 2.2918
==== OLE
Command: /home/louza/mm-repair/ole/encode.x /mnt/data/datasets/machine-learning-matrices-split/glove.q4k.csv.20.4.vc.C 
OLE time: 3.1692
==== Ans-fold compression
Command: /home/louza/mm-repair/ans/encode.x /mnt/data/datasets/machine-learning-matrices-split/glove.q4k.csv.20.4.vc.C 
Ans-fold time: 7.6305
==== Integer vector .C compression
Command: /home/louza/mm-repair/sdsl/encode.x /mnt/data/datasets/machine-learning-matrices-split/glove.q4k.csv.20.5.vc.C 
==== Integer vector .R compression
Command: /home/louza/mm-repair/sdsl/encode.x /mnt/data/datasets/machine-learning-matrices-split/glove.q4k.csv.20.5.vc.R 
Integer vector compression time: 5.2064
==== OLE
Command: /home/louza/mm-repair/ole/encode.x /mnt/data/datasets/machine-learning-matrices-split/glove.q4k.csv.20.5.vc.C 
OLE time: 5.3691
==== Ans-fold compression
Command: /home/louza/mm-repair/ans/encode.x /mnt/data/datasets/machine-learning-matrices-split/glove.q4k.csv.20.5.vc.C 
Ans-fold time: 9.9396
==== Integer vector .C compression
Command: /home/louza/mm-repair/sdsl/encode.x /mnt/data/datasets/machine-learning-matrices-split/glove.q4k.csv.20.6.vc.C 
==== Integer vector .R compression
Command: /home/louza/mm-repair/sdsl/encode.x /mnt/data/datasets/machine-learning-matrices-split/glove.q4k.csv.20.6.vc.R 
Integer vector compression time: 3.1550
==== OLE
Command: /home/louza/mm-repair/ole/encode.x /mnt/data/datasets/machine-learning-matrices-split/glove.q4k.csv.20.6.vc.C 
OLE time: 6.6256
==== Ans-fold compression
Command: /home/louza/mm-repair/ans/encode.x /mnt/data/datasets/machine-learning-matrices-split/glove.q4k.csv.20.6.vc.C 
Ans-fold time: 11.4541
==== Integer vector .C compression
Command: /home/louza/mm-repair/sdsl/encode.x /mnt/data/datasets/machine-learning-matrices-split/glove.q4k.csv.20.7.vc.C 
==== Integer vector .R compression
Command: /home/louza/mm-repair/sdsl/encode.x /mnt/data/datasets/machine-learning-matrices-split/glove.q4k.csv.20.7.vc.R 
Integer vector compression time: 2.8707
==== OLE
Command: /home/louza/mm-repair/ole/encode.x /mnt/data/datasets/machine-learning-matrices-split/glove.q4k.csv.20.7.vc.C 
OLE time: 5.2484
==== Ans-fold compression
Command: /home/louza/mm-repair/ans/encode.x /mnt/data/datasets/machine-learning-matrices-split/glove.q4k.csv.20.7.vc.C 
Ans-fold time: 13.8713
==== Integer vector .C compression
Command: /home/louza/mm-repair/sdsl/encode.x /mnt/data/datasets/machine-learning-matrices-split/glove.q4k.csv.20.8.vc.C 
==== Integer vector .R compression
Command: /home/louza/mm-repair/sdsl/encode.x /mnt/data/datasets/machine-learning-matrices-split/glove.q4k.csv.20.8.vc.R 
Integer vector compression time: 2.7726
==== OLE
Command: /home/louza/mm-repair/ole/encode.x /mnt/data/datasets/machine-learning-matrices-split/glove.q4k.csv.20.8.vc.C 
OLE time: 5.8745
==== Ans-fold compression
Command: /home/louza/mm-repair/ans/encode.x /mnt/data/datasets/machine-learning-matrices-split/glove.q4k.csv.20.8.vc.C 
Ans-fold time: 16.1220
==== Integer vector .C compression
Command: /home/louza/mm-repair/sdsl/encode.x /mnt/data/datasets/machine-learning-matrices-split/glove.q4k.csv.20.9.vc.C 
==== Integer vector .R compression
Command: /home/louza/mm-repair/sdsl/encode.x /mnt/data/datasets/machine-learning-matrices-split/glove.q4k.csv.20.9.vc.R 
Integer vector compression time: 2.7386
==== OLE
Command: /home/louza/mm-repair/ole/encode.x /mnt/data/datasets/machine-learning-matrices-split/glove.q4k.csv.20.9.vc.C 
OLE time: 4.5784
==== Ans-fold compression
Command: /home/louza/mm-repair/ans/encode.x /mnt/data/datasets/machine-learning-matrices-split/glove.q4k.csv.20.9.vc.C 
Ans-fold time: 17.7818
==== Integer vector .C compression
Command: /home/louza/mm-repair/sdsl/encode.x /mnt/data/datasets/machine-learning-matrices-split/glove.q4k.csv.20.10.vc.C 
==== Integer vector .R compression
Command: /home/louza/mm-repair/sdsl/encode.x /mnt/data/datasets/machine-learning-matrices-split/glove.q4k.csv.20.10.vc.R 
Integer vector compression time: 3.6885
==== OLE
Command: /home/louza/mm-repair/ole/encode.x /mnt/data/datasets/machine-learning-matrices-split/glove.q4k.csv.20.10.vc.C 
OLE time: 5.2730
==== Ans-fold compression
Command: /home/louza/mm-repair/ans/encode.x /mnt/data/datasets/machine-learning-matrices-split/glove.q4k.csv.20.10.vc.C 
Ans-fold time: 19.4380
==== Integer vector .C compression
Command: /home/louza/mm-repair/sdsl/encode.x /mnt/data/datasets/machine-learning-matrices-split/glove.q4k.csv.20.11.vc.C 
==== Integer vector .R compression
Command: /home/louza/mm-repair/sdsl/encode.x /mnt/data/datasets/machine-learning-matrices-split/glove.q4k.csv.20.11.vc.R 
Integer vector compression time: 2.1066
==== OLE
Command: /home/louza/mm-repair/ole/encode.x /mnt/data/datasets/machine-learning-matrices-split/glove.q4k.csv.20.11.vc.C 
OLE time: 2.2172
==== Ans-fold compression
Command: /home/louza/mm-repair/ans/encode.x /mnt/data/datasets/machine-learning-matrices-split/glove.q4k.csv.20.11.vc.C 
Ans-fold time: 21.8669
==== Integer vector .C compression
Command: /home/louza/mm-repair/sdsl/encode.x /mnt/data/datasets/machine-learning-matrices-split/glove.q4k.csv.20.12.vc.C 
==== Integer vector .R compression
Command: /home/louza/mm-repair/sdsl/encode.x /mnt/data/datasets/machine-learning-matrices-split/glove.q4k.csv.20.12.vc.R 
Integer vector compression time: 2.6460
==== OLE
Command: /home/louza/mm-repair/ole/encode.x /mnt/data/datasets/machine-learning-matrices-split/glove.q4k.csv.20.12.vc.C 
OLE time: 4.7369
==== Ans-fold compression
Command: /home/louza/mm-repair/ans/encode.x /mnt/data/datasets/machine-learning-matrices-split/glove.q4k.csv.20.12.vc.C 
Ans-fold time: 23.3127
==== Integer vector .C compression
Command: /home/louza/mm-repair/sdsl/encode.x /mnt/data/datasets/machine-learning-matrices-split/glove.q4k.csv.20.13.vc.C 
==== Integer vector .R compression
Command: /home/louza/mm-repair/sdsl/encode.x /mnt/data/datasets/machine-learning-matrices-split/glove.q4k.csv.20.13.vc.R 
Integer vector compression time: 2.6447
==== OLE
Command: /home/louza/mm-repair/ole/encode.x /mnt/data/datasets/machine-learning-matrices-split/glove.q4k.csv.20.13.vc.C 
OLE time: 4.9055
==== Ans-fold compression
Command: /home/louza/mm-repair/ans/encode.x /mnt/data/datasets/machine-learning-matrices-split/glove.q4k.csv.20.13.vc.C 
Ans-fold time: 25.3704
==== Integer vector .C compression
Command: /home/louza/mm-repair/sdsl/encode.x /mnt/data/datasets/machine-learning-matrices-split/glove.q4k.csv.20.14.vc.C 
==== Integer vector .R compression
Command: /home/louza/mm-repair/sdsl/encode.x /mnt/data/datasets/machine-learning-matrices-split/glove.q4k.csv.20.14.vc.R 
Integer vector compression time: 4.2549
==== OLE
Command: /home/louza/mm-repair/ole/encode.x /mnt/data/datasets/machine-learning-matrices-split/glove.q4k.csv.20.14.vc.C 
OLE time: 2.7089
==== Ans-fold compression
Command: /home/louza/mm-repair/ans/encode.x /mnt/data/datasets/machine-learning-matrices-split/glove.q4k.csv.20.14.vc.C 
Ans-fold time: 26.8191
==== Integer vector .C compression
Command: /home/louza/mm-repair/sdsl/encode.x /mnt/data/datasets/machine-learning-matrices-split/glove.q4k.csv.20.15.vc.C 
==== Integer vector .R compression
Command: /home/louza/mm-repair/sdsl/encode.x /mnt/data/datasets/machine-learning-matrices-split/glove.q4k.csv.20.15.vc.R 
Integer vector compression time: 2.0651
==== OLE
Command: /home/louza/mm-repair/ole/encode.x /mnt/data/datasets/machine-learning-matrices-split/glove.q4k.csv.20.15.vc.C 
OLE time: 2.9087
==== Ans-fold compression
Command: /home/louza/mm-repair/ans/encode.x /mnt/data/datasets/machine-learning-matrices-split/glove.q4k.csv.20.15.vc.C 
Ans-fold time: 28.7507
==== Integer vector .C compression
Command: /home/louza/mm-repair/sdsl/encode.x /mnt/data/datasets/machine-learning-matrices-split/glove.q4k.csv.20.16.vc.C 
==== Integer vector .R compression
Command: /home/louza/mm-repair/sdsl/encode.x /mnt/data/datasets/machine-learning-matrices-split/glove.q4k.csv.20.16.vc.R 
Integer vector compression time: 1.9221
==== OLE
Command: /home/louza/mm-repair/ole/encode.x /mnt/data/datasets/machine-learning-matrices-split/glove.q4k.csv.20.16.vc.C 
OLE time: 3.9042
==== Ans-fold compression
Command: /home/louza/mm-repair/ans/encode.x /mnt/data/datasets/machine-learning-matrices-split/glove.q4k.csv.20.16.vc.C 
Ans-fold time: 29.9015
==== Integer vector .C compression
Command: /home/louza/mm-repair/sdsl/encode.x /mnt/data/datasets/machine-learning-matrices-split/glove.q4k.csv.20.17.vc.C 
==== Integer vector .R compression
Command: /home/louza/mm-repair/sdsl/encode.x /mnt/data/datasets/machine-learning-matrices-split/glove.q4k.csv.20.17.vc.R 
Integer vector compression time: 1.8994
==== OLE
Command: /home/louza/mm-repair/ole/encode.x /mnt/data/datasets/machine-learning-matrices-split/glove.q4k.csv.20.17.vc.C 
OLE time: 2.1371
==== Ans-fold compression
Command: /home/louza/mm-repair/ans/encode.x /mnt/data/datasets/machine-learning-matrices-split/glove.q4k.csv.20.17.vc.C 
Ans-fold time: 31.1429
==== Integer vector .C compression
Command: /home/louza/mm-repair/sdsl/encode.x /mnt/data/datasets/machine-learning-matrices-split/glove.q4k.csv.20.18.vc.C 
==== Integer vector .R compression
Command: /home/louza/mm-repair/sdsl/encode.x /mnt/data/datasets/machine-learning-matrices-split/glove.q4k.csv.20.18.vc.R 
Integer vector compression time: 4.4388
==== OLE
Command: /home/louza/mm-repair/ole/encode.x /mnt/data/datasets/machine-learning-matrices-split/glove.q4k.csv.20.18.vc.C 
OLE time: 4.5028
==== Ans-fold compression
Command: /home/louza/mm-repair/ans/encode.x /mnt/data/datasets/machine-learning-matrices-split/glove.q4k.csv.20.18.vc.C 
Ans-fold time: 32.9014
==== Integer vector .C compression
Command: /home/louza/mm-repair/sdsl/encode.x /mnt/data/datasets/machine-learning-matrices-split/glove.q4k.csv.20.19.vc.C 
==== Integer vector .R compression
Command: /home/louza/mm-repair/sdsl/encode.x /mnt/data/datasets/machine-learning-matrices-split/glove.q4k.csv.20.19.vc.R 
Integer vector compression time: 2.8906
==== OLE
Command: /home/louza/mm-repair/ole/encode.x /mnt/data/datasets/machine-learning-matrices-split/glove.q4k.csv.20.19.vc.C 
OLE time: 3.2820
==== Ans-fold compression
Command: /home/louza/mm-repair/ans/encode.x /mnt/data/datasets/machine-learning-matrices-split/glove.q4k.csv.20.19.vc.C 
Ans-fold time: 35.5093
Elapsed time: 581.3895
==== Compression Report:
 >> matrix name: /mnt/data/datasets/machine-learning-matrices-split/glove.q4k.csv
 >> conversion time: 381.00
 >> repair time: 20.01
 >> integer vectors time: 2.89
 >> ansf time: 35.51
 >> total time: 581.39
 >> matrix log(alpha)xNumEntries size: 180000000 bytes
 >> matrix dense size: 960000000 bytes
 >> total number of nonzero: 120000000 (100.00%)
 >> number of distinct nonzero: 3294
 >> CRSV  size: 481626352 bytes  (50.17%)
 >> RE32  size: 481512772 bytes  (50.16%)
 >> REIV  size: 310735976 bytes  (32.37%)
 >> REANS size: 185986757 bytes  (19.37%)
==== Done

#### 2026-09-08 09:30:40
 Command line: ./mm-repair/matrepair -r -b 20 -p 20 /mnt/data/datasets/machine-learning-matrices-split/glove.q4k.csv 400000 300 --mapping 
Setting memory for each repair instance to 23202 MBs
Sending logging messages to file: /mnt/data/datasets/machine-learning-matrices-split/glove.q4k.csv.log
==== Conversion bin/csv->csrv
Command: /home/louza/mm-repair/csvmat2csrv -b 20   /mnt/data/datasets/machine-learning-matrices-split/glove.q4k.csv -r 0 -m  400000 300
Conversion time: 432.1532
==== Repair paralell compression
---- Executing 20 parallel processes
---- Parallel processing completed
Repair time: 20.1381
==== Integer vector .C compression
Command: /home/louza/mm-repair/sdsl/encode.x /mnt/data/datasets/machine-learning-matrices-split/glove.q4k.csv.20.0.vc.C 
==== Integer vector .R compression
Command: /home/louza/mm-repair/sdsl/encode.x /mnt/data/datasets/machine-learning-matrices-split/glove.q4k.csv.20.0.vc.R 
Integer vector compression time: 5.3143
==== Ans-fold compression
Command: /home/louza/mm-repair/ans/encode.x /mnt/data/datasets/machine-learning-matrices-split/glove.q4k.csv.20.0.vc.C 
Ans-fold time: 2.7473
==== Integer vector .C compression
Command: /home/louza/mm-repair/sdsl/encode.x /mnt/data/datasets/machine-learning-matrices-split/glove.q4k.csv.20.1.vc.C 
==== Integer vector .R compression
Command: /home/louza/mm-repair/sdsl/encode.x /mnt/data/datasets/machine-learning-matrices-split/glove.q4k.csv.20.1.vc.R 
Integer vector compression time: 3.0038
==== Ans-fold compression
Command: /home/louza/mm-repair/ans/encode.x /mnt/data/datasets/machine-learning-matrices-split/glove.q4k.csv.20.1.vc.C 
Ans-fold time: 5.5412
==== Integer vector .C compression
Command: /home/louza/mm-repair/sdsl/encode.x /mnt/data/datasets/machine-learning-matrices-split/glove.q4k.csv.20.2.vc.C 
==== Integer vector .R compression
Command: /home/louza/mm-repair/sdsl/encode.x /mnt/data/datasets/machine-learning-matrices-split/glove.q4k.csv.20.2.vc.R 
Integer vector compression time: 2.8426
==== Ans-fold compression
Command: /home/louza/mm-repair/ans/encode.x /mnt/data/datasets/machine-learning-matrices-split/glove.q4k.csv.20.2.vc.C 
Ans-fold time: 9.2356
==== Integer vector .C compression
Command: /home/louza/mm-repair/sdsl/encode.x /mnt/data/datasets/machine-learning-matrices-split/glove.q4k.csv.20.3.vc.C 
==== Integer vector .R compression
Command: /home/louza/mm-repair/sdsl/encode.x /mnt/data/datasets/machine-learning-matrices-split/glove.q4k.csv.20.3.vc.R 
Integer vector compression time: 2.6293
==== Ans-fold compression
Command: /home/louza/mm-repair/ans/encode.x /mnt/data/datasets/machine-learning-matrices-split/glove.q4k.csv.20.3.vc.C 
Ans-fold time: 12.1081
==== Integer vector .C compression
Command: /home/louza/mm-repair/sdsl/encode.x /mnt/data/datasets/machine-learning-matrices-split/glove.q4k.csv.20.4.vc.C 
==== Integer vector .R compression
Command: /home/louza/mm-repair/sdsl/encode.x /mnt/data/datasets/machine-learning-matrices-split/glove.q4k.csv.20.4.vc.R 
Integer vector compression time: 1.6237
==== Ans-fold compression
Command: /home/louza/mm-repair/ans/encode.x /mnt/data/datasets/machine-learning-matrices-split/glove.q4k.csv.20.4.vc.C 
Ans-fold time: 14.3724
==== Integer vector .C compression
Command: /home/louza/mm-repair/sdsl/encode.x /mnt/data/datasets/machine-learning-matrices-split/glove.q4k.csv.20.5.vc.C 
==== Integer vector .R compression
Command: /home/louza/mm-repair/sdsl/encode.x /mnt/data/datasets/machine-learning-matrices-split/glove.q4k.csv.20.5.vc.R 
Integer vector compression time: 2.3603
==== Ans-fold compression
Command: /home/louza/mm-repair/ans/encode.x /mnt/data/datasets/machine-learning-matrices-split/glove.q4k.csv.20.5.vc.C 
Ans-fold time: 17.3602
==== Integer vector .C compression
Command: /home/louza/mm-repair/sdsl/encode.x /mnt/data/datasets/machine-learning-matrices-split/glove.q4k.csv.20.6.vc.C 
==== Integer vector .R compression
Command: /home/louza/mm-repair/sdsl/encode.x /mnt/data/datasets/machine-learning-matrices-split/glove.q4k.csv.20.6.vc.R 
Integer vector compression time: 1.6465
==== Ans-fold compression
Command: /home/louza/mm-repair/ans/encode.x /mnt/data/datasets/machine-learning-matrices-split/glove.q4k.csv.20.6.vc.C 
Ans-fold time: 19.3952
==== Integer vector .C compression
Command: /home/louza/mm-repair/sdsl/encode.x /mnt/data/datasets/machine-learning-matrices-split/glove.q4k.csv.20.7.vc.C 
==== Integer vector .R compression
Command: /home/louza/mm-repair/sdsl/encode.x /mnt/data/datasets/machine-learning-matrices-split/glove.q4k.csv.20.7.vc.R 
Integer vector compression time: 2.8084
==== Ans-fold compression
Command: /home/louza/mm-repair/ans/encode.x /mnt/data/datasets/machine-learning-matrices-split/glove.q4k.csv.20.7.vc.C 
Ans-fold time: 24.0574
==== Integer vector .C compression
Command: /home/louza/mm-repair/sdsl/encode.x /mnt/data/datasets/machine-learning-matrices-split/glove.q4k.csv.20.8.vc.C 
==== Integer vector .R compression
Command: /home/louza/mm-repair/sdsl/encode.x /mnt/data/datasets/machine-learning-matrices-split/glove.q4k.csv.20.8.vc.R 
Integer vector compression time: 2.9230
==== Ans-fold compression
Command: /home/louza/mm-repair/ans/encode.x /mnt/data/datasets/machine-learning-matrices-split/glove.q4k.csv.20.8.vc.C 
Ans-fold time: 26.9876
==== Integer vector .C compression
Command: /home/louza/mm-repair/sdsl/encode.x /mnt/data/datasets/machine-learning-matrices-split/glove.q4k.csv.20.9.vc.C 
==== Integer vector .R compression
Command: /home/louza/mm-repair/sdsl/encode.x /mnt/data/datasets/machine-learning-matrices-split/glove.q4k.csv.20.9.vc.R 
Integer vector compression time: 1.3388
==== Ans-fold compression
Command: /home/louza/mm-repair/ans/encode.x /mnt/data/datasets/machine-learning-matrices-split/glove.q4k.csv.20.9.vc.C 
Ans-fold time: 28.8163
==== Integer vector .C compression
Command: /home/louza/mm-repair/sdsl/encode.x /mnt/data/datasets/machine-learning-matrices-split/glove.q4k.csv.20.10.vc.C 
==== Integer vector .R compression
Command: /home/louza/mm-repair/sdsl/encode.x /mnt/data/datasets/machine-learning-matrices-split/glove.q4k.csv.20.10.vc.R 
Integer vector compression time: 0.6491
==== Ans-fold compression
Command: /home/louza/mm-repair/ans/encode.x /mnt/data/datasets/machine-learning-matrices-split/glove.q4k.csv.20.10.vc.C 
Ans-fold time: 31.3693
==== Integer vector .C compression
Command: /home/louza/mm-repair/sdsl/encode.x /mnt/data/datasets/machine-learning-matrices-split/glove.q4k.csv.20.11.vc.C 
==== Integer vector .R compression
Command: /home/louza/mm-repair/sdsl/encode.x /mnt/data/datasets/machine-learning-matrices-split/glove.q4k.csv.20.11.vc.R 
Integer vector compression time: 3.0420
==== Ans-fold compression
Command: /home/louza/mm-repair/ans/encode.x /mnt/data/datasets/machine-learning-matrices-split/glove.q4k.csv.20.11.vc.C 
Ans-fold time: 34.1890
==== Integer vector .C compression
Command: /home/louza/mm-repair/sdsl/encode.x /mnt/data/datasets/machine-learning-matrices-split/glove.q4k.csv.20.12.vc.C 
==== Integer vector .R compression
Command: /home/louza/mm-repair/sdsl/encode.x /mnt/data/datasets/machine-learning-matrices-split/glove.q4k.csv.20.12.vc.R 
Integer vector compression time: 2.1479
==== Ans-fold compression
Command: /home/louza/mm-repair/ans/encode.x /mnt/data/datasets/machine-learning-matrices-split/glove.q4k.csv.20.12.vc.C 
Ans-fold time: 37.0457
==== Integer vector .C compression
Command: /home/louza/mm-repair/sdsl/encode.x /mnt/data/datasets/machine-learning-matrices-split/glove.q4k.csv.20.13.vc.C 
==== Integer vector .R compression
Command: /home/louza/mm-repair/sdsl/encode.x /mnt/data/datasets/machine-learning-matrices-split/glove.q4k.csv.20.13.vc.R 
Integer vector compression time: 2.0491
==== Ans-fold compression
Command: /home/louza/mm-repair/ans/encode.x /mnt/data/datasets/machine-learning-matrices-split/glove.q4k.csv.20.13.vc.C 
Ans-fold time: 40.0055
==== Integer vector .C compression
Command: /home/louza/mm-repair/sdsl/encode.x /mnt/data/datasets/machine-learning-matrices-split/glove.q4k.csv.20.14.vc.C 
==== Integer vector .R compression
Command: /home/louza/mm-repair/sdsl/encode.x /mnt/data/datasets/machine-learning-matrices-split/glove.q4k.csv.20.14.vc.R 
Integer vector compression time: 2.3633
==== Ans-fold compression
Command: /home/louza/mm-repair/ans/encode.x /mnt/data/datasets/machine-learning-matrices-split/glove.q4k.csv.20.14.vc.C 
Ans-fold time: 42.8158
==== Integer vector .C compression
Command: /home/louza/mm-repair/sdsl/encode.x /mnt/data/datasets/machine-learning-matrices-split/glove.q4k.csv.20.15.vc.C 
==== Integer vector .R compression
Command: /home/louza/mm-repair/sdsl/encode.x /mnt/data/datasets/machine-learning-matrices-split/glove.q4k.csv.20.15.vc.R 
Integer vector compression time: 5.4872
==== Ans-fold compression
Command: /home/louza/mm-repair/ans/encode.x /mnt/data/datasets/machine-learning-matrices-split/glove.q4k.csv.20.15.vc.C 
Ans-fold time: 52.4777
==== Integer vector .C compression
Command: /home/louza/mm-repair/sdsl/encode.x /mnt/data/datasets/machine-learning-matrices-split/glove.q4k.csv.20.16.vc.C 
==== Integer vector .R compression
Command: /home/louza/mm-repair/sdsl/encode.x /mnt/data/datasets/machine-learning-matrices-split/glove.q4k.csv.20.16.vc.R 
Integer vector compression time: 8.7753
==== Ans-fold compression
Command: /home/louza/mm-repair/ans/encode.x /mnt/data/datasets/machine-learning-matrices-split/glove.q4k.csv.20.16.vc.C 
Ans-fold time: 56.5779
==== Integer vector .C compression
Command: /home/louza/mm-repair/sdsl/encode.x /mnt/data/datasets/machine-learning-matrices-split/glove.q4k.csv.20.17.vc.C 
==== Integer vector .R compression
Command: /home/louza/mm-repair/sdsl/encode.x /mnt/data/datasets/machine-learning-matrices-split/glove.q4k.csv.20.17.vc.R 
Integer vector compression time: 3.4817
==== Ans-fold compression
Command: /home/louza/mm-repair/ans/encode.x /mnt/data/datasets/machine-learning-matrices-split/glove.q4k.csv.20.17.vc.C 
Ans-fold time: 58.6620
==== Integer vector .C compression
Command: /home/louza/mm-repair/sdsl/encode.x /mnt/data/datasets/machine-learning-matrices-split/glove.q4k.csv.20.18.vc.C 
==== Integer vector .R compression
Command: /home/louza/mm-repair/sdsl/encode.x /mnt/data/datasets/machine-learning-matrices-split/glove.q4k.csv.20.18.vc.R 
Integer vector compression time: 4.1048
==== Ans-fold compression
Command: /home/louza/mm-repair/ans/encode.x /mnt/data/datasets/machine-learning-matrices-split/glove.q4k.csv.20.18.vc.C 
Ans-fold time: 59.8056
==== Integer vector .C compression
Command: /home/louza/mm-repair/sdsl/encode.x /mnt/data/datasets/machine-learning-matrices-split/glove.q4k.csv.20.19.vc.C 
==== Integer vector .R compression
Command: /home/louza/mm-repair/sdsl/encode.x /mnt/data/datasets/machine-learning-matrices-split/glove.q4k.csv.20.19.vc.R 
Integer vector compression time: 3.2011
==== Ans-fold compression
Command: /home/louza/mm-repair/ans/encode.x /mnt/data/datasets/machine-learning-matrices-split/glove.q4k.csv.20.19.vc.C 
Ans-fold time: 61.8469
Command: /home/louza/mm-repair/ans/encode.x /mnt/data/datasets/machine-learning-matrices-split/glove.q4k.csv.wcode 
Elapsed time: 576.0939
==== Compression Report:
 >> matrix name: /mnt/data/datasets/machine-learning-matrices-split/glove.q4k.csv
 >> conversion time: 432.15
 >> repair time: 20.14
 >> integer vectors time: 3.20
 >> ansf time: 61.85
 >> total time: 576.09
 >> wcode: 2334536 bytes
 >> wcode_ans: 47562 bytes
 >> matrix log(alpha)xNumEntries size: 180000000 bytes
 >> matrix dense size: 960000000 bytes
 >> total number of nonzero: 120000000 (100.00%)
 >> number of distinct nonzero: 3294
 >> CRSV  size: 481626352 bytes  (50.17%)
 >> RE32  size: 483847308 bytes  (50.40%)
 >> REIV  size: 303290400 bytes  (31.59%)
 >> REANS size: 279332770 bytes  (29.10%)
==== Done

#### 2026-09-08 09:40:16
 Command line: ./mm-repair/matrepair -r -b 20 -p 20 /mnt/data/datasets/machine-learning-matrices-split/glove.q4k.csv 400000 300 --split 
Setting memory for each repair instance to 23202 MBs
Sending logging messages to file: /mnt/data/datasets/machine-learning-matrices-split/glove.q4k.csv.log
==== Conversion bin/csv->csrv
Command: /home/louza/mm-repair/csvmat2csrv -b 20   /mnt/data/datasets/machine-learning-matrices-split/glove.q4k.csv -r 0  -s 400000 300
Conversion time: 559.1464
==== Repair paralell compression
---- Executing 20 parallel processes
---- Parallel processing completed
Repair time: 0.0416
==== Integer vector .C compression
Command: /home/louza/mm-repair/sdsl/encode.x /mnt/data/datasets/machine-learning-matrices-split/glove.q4k.csv.20.0.A.vc.C 
==== Integer vector .R compression
Command: /home/louza/mm-repair/sdsl/encode.x /mnt/data/datasets/machine-learning-matrices-split/glove.q4k.csv.20.0.A.vc.R 
Integer vector compression time: 0.0251
==== Ans-fold compression
Command: /home/louza/mm-repair/ans/encode.x /mnt/data/datasets/machine-learning-matrices-split/glove.q4k.csv.20.0.A.vc.C 
Command: /home/louza/mm-repair/ans/encode.x /mnt/data/datasets/machine-learning-matrices-split/glove.q4k.csv.20.0.B.vc
Ans-fold time: 0.4029
==== Integer vector .C compression
Command: /home/louza/mm-repair/sdsl/encode.x /mnt/data/datasets/machine-learning-matrices-split/glove.q4k.csv.20.1.A.vc.C 
==== Integer vector .R compression
Command: /home/louza/mm-repair/sdsl/encode.x /mnt/data/datasets/machine-learning-matrices-split/glove.q4k.csv.20.1.A.vc.R 
Integer vector compression time: 0.0270
==== Ans-fold compression
Command: /home/louza/mm-repair/ans/encode.x /mnt/data/datasets/machine-learning-matrices-split/glove.q4k.csv.20.1.A.vc.C 
Command: /home/louza/mm-repair/ans/encode.x /mnt/data/datasets/machine-learning-matrices-split/glove.q4k.csv.20.1.B.vc
Ans-fold time: 0.9665
==== Integer vector .C compression
Command: /home/louza/mm-repair/sdsl/encode.x /mnt/data/datasets/machine-learning-matrices-split/glove.q4k.csv.20.2.A.vc.C 
==== Integer vector .R compression
Command: /home/louza/mm-repair/sdsl/encode.x /mnt/data/datasets/machine-learning-matrices-split/glove.q4k.csv.20.2.A.vc.R 
Integer vector compression time: 0.0246
==== Ans-fold compression
Command: /home/louza/mm-repair/ans/encode.x /mnt/data/datasets/machine-learning-matrices-split/glove.q4k.csv.20.2.A.vc.C 
Command: /home/louza/mm-repair/ans/encode.x /mnt/data/datasets/machine-learning-matrices-split/glove.q4k.csv.20.2.B.vc
Ans-fold time: 1.4180
==== Integer vector .C compression
Command: /home/louza/mm-repair/sdsl/encode.x /mnt/data/datasets/machine-learning-matrices-split/glove.q4k.csv.20.3.A.vc.C 
==== Integer vector .R compression
Command: /home/louza/mm-repair/sdsl/encode.x /mnt/data/datasets/machine-learning-matrices-split/glove.q4k.csv.20.3.A.vc.R 
Integer vector compression time: 0.0274
==== Ans-fold compression
Command: /home/louza/mm-repair/ans/encode.x /mnt/data/datasets/machine-learning-matrices-split/glove.q4k.csv.20.3.A.vc.C 
Command: /home/louza/mm-repair/ans/encode.x /mnt/data/datasets/machine-learning-matrices-split/glove.q4k.csv.20.3.B.vc
Ans-fold time: 1.8815
==== Integer vector .C compression
Command: /home/louza/mm-repair/sdsl/encode.x /mnt/data/datasets/machine-learning-matrices-split/glove.q4k.csv.20.4.A.vc.C 
==== Integer vector .R compression
Command: /home/louza/mm-repair/sdsl/encode.x /mnt/data/datasets/machine-learning-matrices-split/glove.q4k.csv.20.4.A.vc.R 
Integer vector compression time: 0.0271
==== Ans-fold compression
Command: /home/louza/mm-repair/ans/encode.x /mnt/data/datasets/machine-learning-matrices-split/glove.q4k.csv.20.4.A.vc.C 
Command: /home/louza/mm-repair/ans/encode.x /mnt/data/datasets/machine-learning-matrices-split/glove.q4k.csv.20.4.B.vc
Ans-fold time: 2.4493
==== Integer vector .C compression
Command: /home/louza/mm-repair/sdsl/encode.x /mnt/data/datasets/machine-learning-matrices-split/glove.q4k.csv.20.5.A.vc.C 
==== Integer vector .R compression
Command: /home/louza/mm-repair/sdsl/encode.x /mnt/data/datasets/machine-learning-matrices-split/glove.q4k.csv.20.5.A.vc.R 
Integer vector compression time: 0.0229
==== Ans-fold compression
Command: /home/louza/mm-repair/ans/encode.x /mnt/data/datasets/machine-learning-matrices-split/glove.q4k.csv.20.5.A.vc.C 
Command: /home/louza/mm-repair/ans/encode.x /mnt/data/datasets/machine-learning-matrices-split/glove.q4k.csv.20.5.B.vc
Ans-fold time: 2.9580
==== Integer vector .C compression
Command: /home/louza/mm-repair/sdsl/encode.x /mnt/data/datasets/machine-learning-matrices-split/glove.q4k.csv.20.6.A.vc.C 
==== Integer vector .R compression
Command: /home/louza/mm-repair/sdsl/encode.x /mnt/data/datasets/machine-learning-matrices-split/glove.q4k.csv.20.6.A.vc.R 
Integer vector compression time: 0.0213
==== Ans-fold compression
Command: /home/louza/mm-repair/ans/encode.x /mnt/data/datasets/machine-learning-matrices-split/glove.q4k.csv.20.6.A.vc.C 
Command: /home/louza/mm-repair/ans/encode.x /mnt/data/datasets/machine-learning-matrices-split/glove.q4k.csv.20.6.B.vc
Ans-fold time: 3.4784
==== Integer vector .C compression
Command: /home/louza/mm-repair/sdsl/encode.x /mnt/data/datasets/machine-learning-matrices-split/glove.q4k.csv.20.7.A.vc.C 
==== Integer vector .R compression
Command: /home/louza/mm-repair/sdsl/encode.x /mnt/data/datasets/machine-learning-matrices-split/glove.q4k.csv.20.7.A.vc.R 
Integer vector compression time: 0.0270
==== Ans-fold compression
Command: /home/louza/mm-repair/ans/encode.x /mnt/data/datasets/machine-learning-matrices-split/glove.q4k.csv.20.7.A.vc.C 
Command: /home/louza/mm-repair/ans/encode.x /mnt/data/datasets/machine-learning-matrices-split/glove.q4k.csv.20.7.B.vc
Ans-fold time: 4.1084
==== Integer vector .C compression
Command: /home/louza/mm-repair/sdsl/encode.x /mnt/data/datasets/machine-learning-matrices-split/glove.q4k.csv.20.8.A.vc.C 
==== Integer vector .R compression
Command: /home/louza/mm-repair/sdsl/encode.x /mnt/data/datasets/machine-learning-matrices-split/glove.q4k.csv.20.8.A.vc.R 
Integer vector compression time: 0.0289
==== Ans-fold compression
Command: /home/louza/mm-repair/ans/encode.x /mnt/data/datasets/machine-learning-matrices-split/glove.q4k.csv.20.8.A.vc.C 
Command: /home/louza/mm-repair/ans/encode.x /mnt/data/datasets/machine-learning-matrices-split/glove.q4k.csv.20.8.B.vc
Ans-fold time: 4.9107
==== Integer vector .C compression
Command: /home/louza/mm-repair/sdsl/encode.x /mnt/data/datasets/machine-learning-matrices-split/glove.q4k.csv.20.9.A.vc.C 
==== Integer vector .R compression
Command: /home/louza/mm-repair/sdsl/encode.x /mnt/data/datasets/machine-learning-matrices-split/glove.q4k.csv.20.9.A.vc.R 
Integer vector compression time: 0.0285
==== Ans-fold compression
Command: /home/louza/mm-repair/ans/encode.x /mnt/data/datasets/machine-learning-matrices-split/glove.q4k.csv.20.9.A.vc.C 
Command: /home/louza/mm-repair/ans/encode.x /mnt/data/datasets/machine-learning-matrices-split/glove.q4k.csv.20.9.B.vc
Ans-fold time: 5.6277
==== Integer vector .C compression
Command: /home/louza/mm-repair/sdsl/encode.x /mnt/data/datasets/machine-learning-matrices-split/glove.q4k.csv.20.10.A.vc.C 
==== Integer vector .R compression
Command: /home/louza/mm-repair/sdsl/encode.x /mnt/data/datasets/machine-learning-matrices-split/glove.q4k.csv.20.10.A.vc.R 
Integer vector compression time: 0.0285
==== Ans-fold compression
Command: /home/louza/mm-repair/ans/encode.x /mnt/data/datasets/machine-learning-matrices-split/glove.q4k.csv.20.10.A.vc.C 
Command: /home/louza/mm-repair/ans/encode.x /mnt/data/datasets/machine-learning-matrices-split/glove.q4k.csv.20.10.B.vc
Ans-fold time: 6.1410
==== Integer vector .C compression
Command: /home/louza/mm-repair/sdsl/encode.x /mnt/data/datasets/machine-learning-matrices-split/glove.q4k.csv.20.11.A.vc.C 
==== Integer vector .R compression
Command: /home/louza/mm-repair/sdsl/encode.x /mnt/data/datasets/machine-learning-matrices-split/glove.q4k.csv.20.11.A.vc.R 
Integer vector compression time: 0.0267
==== Ans-fold compression
Command: /home/louza/mm-repair/ans/encode.x /mnt/data/datasets/machine-learning-matrices-split/glove.q4k.csv.20.11.A.vc.C 
Command: /home/louza/mm-repair/ans/encode.x /mnt/data/datasets/machine-learning-matrices-split/glove.q4k.csv.20.11.B.vc
Ans-fold time: 6.5846
==== Integer vector .C compression
Command: /home/louza/mm-repair/sdsl/encode.x /mnt/data/datasets/machine-learning-matrices-split/glove.q4k.csv.20.12.A.vc.C 
==== Integer vector .R compression
Command: /home/louza/mm-repair/sdsl/encode.x /mnt/data/datasets/machine-learning-matrices-split/glove.q4k.csv.20.12.A.vc.R 
Integer vector compression time: 0.0268
==== Ans-fold compression
Command: /home/louza/mm-repair/ans/encode.x /mnt/data/datasets/machine-learning-matrices-split/glove.q4k.csv.20.12.A.vc.C 
Command: /home/louza/mm-repair/ans/encode.x /mnt/data/datasets/machine-learning-matrices-split/glove.q4k.csv.20.12.B.vc
Ans-fold time: 7.0087
==== Integer vector .C compression
Command: /home/louza/mm-repair/sdsl/encode.x /mnt/data/datasets/machine-learning-matrices-split/glove.q4k.csv.20.13.A.vc.C 
==== Integer vector .R compression
Command: /home/louza/mm-repair/sdsl/encode.x /mnt/data/datasets/machine-learning-matrices-split/glove.q4k.csv.20.13.A.vc.R 
Integer vector compression time: 0.0280
==== Ans-fold compression
Command: /home/louza/mm-repair/ans/encode.x /mnt/data/datasets/machine-learning-matrices-split/glove.q4k.csv.20.13.A.vc.C 
Command: /home/louza/mm-repair/ans/encode.x /mnt/data/datasets/machine-learning-matrices-split/glove.q4k.csv.20.13.B.vc
Ans-fold time: 7.4333
==== Integer vector .C compression
Command: /home/louza/mm-repair/sdsl/encode.x /mnt/data/datasets/machine-learning-matrices-split/glove.q4k.csv.20.14.A.vc.C 
==== Integer vector .R compression
Command: /home/louza/mm-repair/sdsl/encode.x /mnt/data/datasets/machine-learning-matrices-split/glove.q4k.csv.20.14.A.vc.R 
Integer vector compression time: 0.0220
==== Ans-fold compression
Command: /home/louza/mm-repair/ans/encode.x /mnt/data/datasets/machine-learning-matrices-split/glove.q4k.csv.20.14.A.vc.C 
Command: /home/louza/mm-repair/ans/encode.x /mnt/data/datasets/machine-learning-matrices-split/glove.q4k.csv.20.14.B.vc
Ans-fold time: 7.8387
==== Integer vector .C compression
Command: /home/louza/mm-repair/sdsl/encode.x /mnt/data/datasets/machine-learning-matrices-split/glove.q4k.csv.20.15.A.vc.C 
==== Integer vector .R compression
Command: /home/louza/mm-repair/sdsl/encode.x /mnt/data/datasets/machine-learning-matrices-split/glove.q4k.csv.20.15.A.vc.R 
Integer vector compression time: 0.0270
==== Ans-fold compression
Command: /home/louza/mm-repair/ans/encode.x /mnt/data/datasets/machine-learning-matrices-split/glove.q4k.csv.20.15.A.vc.C 
Command: /home/louza/mm-repair/ans/encode.x /mnt/data/datasets/machine-learning-matrices-split/glove.q4k.csv.20.15.B.vc
Ans-fold time: 8.4129
==== Integer vector .C compression
Command: /home/louza/mm-repair/sdsl/encode.x /mnt/data/datasets/machine-learning-matrices-split/glove.q4k.csv.20.16.A.vc.C 
==== Integer vector .R compression
Command: /home/louza/mm-repair/sdsl/encode.x /mnt/data/datasets/machine-learning-matrices-split/glove.q4k.csv.20.16.A.vc.R 
Integer vector compression time: 0.0261
==== Ans-fold compression
Command: /home/louza/mm-repair/ans/encode.x /mnt/data/datasets/machine-learning-matrices-split/glove.q4k.csv.20.16.A.vc.C 
Command: /home/louza/mm-repair/ans/encode.x /mnt/data/datasets/machine-learning-matrices-split/glove.q4k.csv.20.16.B.vc
Ans-fold time: 9.0306
==== Integer vector .C compression
Command: /home/louza/mm-repair/sdsl/encode.x /mnt/data/datasets/machine-learning-matrices-split/glove.q4k.csv.20.17.A.vc.C 
==== Integer vector .R compression
Command: /home/louza/mm-repair/sdsl/encode.x /mnt/data/datasets/machine-learning-matrices-split/glove.q4k.csv.20.17.A.vc.R 
Integer vector compression time: 0.0275
==== Ans-fold compression
Command: /home/louza/mm-repair/ans/encode.x /mnt/data/datasets/machine-learning-matrices-split/glove.q4k.csv.20.17.A.vc.C 
Command: /home/louza/mm-repair/ans/encode.x /mnt/data/datasets/machine-learning-matrices-split/glove.q4k.csv.20.17.B.vc
Ans-fold time: 9.5200
==== Integer vector .C compression
Command: /home/louza/mm-repair/sdsl/encode.x /mnt/data/datasets/machine-learning-matrices-split/glove.q4k.csv.20.18.A.vc.C 
==== Integer vector .R compression
Command: /home/louza/mm-repair/sdsl/encode.x /mnt/data/datasets/machine-learning-matrices-split/glove.q4k.csv.20.18.A.vc.R 
Integer vector compression time: 0.0281
==== Ans-fold compression
Command: /home/louza/mm-repair/ans/encode.x /mnt/data/datasets/machine-learning-matrices-split/glove.q4k.csv.20.18.A.vc.C 
Command: /home/louza/mm-repair/ans/encode.x /mnt/data/datasets/machine-learning-matrices-split/glove.q4k.csv.20.18.B.vc
Ans-fold time: 10.0828
==== Integer vector .C compression
Command: /home/louza/mm-repair/sdsl/encode.x /mnt/data/datasets/machine-learning-matrices-split/glove.q4k.csv.20.19.A.vc.C 
==== Integer vector .R compression
Command: /home/louza/mm-repair/sdsl/encode.x /mnt/data/datasets/machine-learning-matrices-split/glove.q4k.csv.20.19.A.vc.R 
Integer vector compression time: 0.0273
==== Ans-fold compression
Command: /home/louza/mm-repair/ans/encode.x /mnt/data/datasets/machine-learning-matrices-split/glove.q4k.csv.20.19.A.vc.C 
Command: /home/louza/mm-repair/ans/encode.x /mnt/data/datasets/machine-learning-matrices-split/glove.q4k.csv.20.19.B.vc
Ans-fold time: 10.5737
Elapsed time: 570.2906
==== Compression Report:
 >> matrix name: /mnt/data/datasets/machine-learning-matrices-split/glove.q4k.csv
 >> conversion time: 559.15
 >> repair time: 0.04
 >> integer vectors time: 0.03
 >> ansf time: 10.57
 >> total time: 570.29
 >> matrix log(alpha)xNumEntries size: 180000000 bytes
 >> matrix dense size: 960000000 bytes
 >> total number of nonzero: 169360 (0.14%)
 >> number of distinct nonzero: 3294
 >> CRSV  size: 2303792 bytes  (0.24%)
 >> B	  size: 480922560 bytes  (50.10%)
 >> B_ans size: 276973422 bytes  (28.85%)
 >> RE32  size: 279163634 bytes  (29.08%)
 >> REIV  size: 278343534 bytes  (28.99%)
 >> REANS size: 277350299 bytes  (28.89%)
==== Done

#### 2026-09-08 09:49:46
 Command line: ./mm-repair/matrepair -r -b 20 -p 20 /mnt/data/datasets/machine-learning-matrices-split/glove.q4k.csv 400000 300 --ole --mapping 
Setting memory for each repair instance to 23202 MBs
Sending logging messages to file: /mnt/data/datasets/machine-learning-matrices-split/glove.q4k.csv.log
==== Conversion bin/csv->csrv
Command: /home/louza/mm-repair/csvmat2csrv -b 20   /mnt/data/datasets/machine-learning-matrices-split/glove.q4k.csv -r 0 -m  400000 300
Conversion time: 309.4525
==== Repair paralell compression
---- Executing 20 parallel processes
---- Parallel processing completed
Repair time: 18.6937
==== Integer vector .C compression
Command: /home/louza/mm-repair/sdsl/encode.x /mnt/data/datasets/machine-learning-matrices-split/glove.q4k.csv.20.0.vc.C 
==== Integer vector .R compression
Command: /home/louza/mm-repair/sdsl/encode.x /mnt/data/datasets/machine-learning-matrices-split/glove.q4k.csv.20.0.vc.R 
Integer vector compression time: 4.0841
==== OLE
Command: /home/louza/mm-repair/ole/encode.x /mnt/data/datasets/machine-learning-matrices-split/glove.q4k.csv.20.0.vc.C 
OLE time: 2.4819
==== Ans-fold compression
Command: /home/louza/mm-repair/ans/encode.x /mnt/data/datasets/machine-learning-matrices-split/glove.q4k.csv.20.0.vc.C 
Ans-fold time: 1.0069
==== Integer vector .C compression
Command: /home/louza/mm-repair/sdsl/encode.x /mnt/data/datasets/machine-learning-matrices-split/glove.q4k.csv.20.1.vc.C 
==== Integer vector .R compression
Command: /home/louza/mm-repair/sdsl/encode.x /mnt/data/datasets/machine-learning-matrices-split/glove.q4k.csv.20.1.vc.R 
Integer vector compression time: 1.8672
==== OLE
Command: /home/louza/mm-repair/ole/encode.x /mnt/data/datasets/machine-learning-matrices-split/glove.q4k.csv.20.1.vc.C 
OLE time: 2.8291
==== Ans-fold compression
Command: /home/louza/mm-repair/ans/encode.x /mnt/data/datasets/machine-learning-matrices-split/glove.q4k.csv.20.1.vc.C 
Ans-fold time: 2.1034
==== Integer vector .C compression
Command: /home/louza/mm-repair/sdsl/encode.x /mnt/data/datasets/machine-learning-matrices-split/glove.q4k.csv.20.2.vc.C 
==== Integer vector .R compression
Command: /home/louza/mm-repair/sdsl/encode.x /mnt/data/datasets/machine-learning-matrices-split/glove.q4k.csv.20.2.vc.R 
Integer vector compression time: 2.2238
==== OLE
Command: /home/louza/mm-repair/ole/encode.x /mnt/data/datasets/machine-learning-matrices-split/glove.q4k.csv.20.2.vc.C 
OLE time: 1.5547
==== Ans-fold compression
Command: /home/louza/mm-repair/ans/encode.x /mnt/data/datasets/machine-learning-matrices-split/glove.q4k.csv.20.2.vc.C 
Ans-fold time: 3.5523
==== Integer vector .C compression
Command: /home/louza/mm-repair/sdsl/encode.x /mnt/data/datasets/machine-learning-matrices-split/glove.q4k.csv.20.3.vc.C 
==== Integer vector .R compression
Command: /home/louza/mm-repair/sdsl/encode.x /mnt/data/datasets/machine-learning-matrices-split/glove.q4k.csv.20.3.vc.R 
Integer vector compression time: 2.1333
==== OLE
Command: /home/louza/mm-repair/ole/encode.x /mnt/data/datasets/machine-learning-matrices-split/glove.q4k.csv.20.3.vc.C 
OLE time: 3.0354
==== Ans-fold compression
Command: /home/louza/mm-repair/ans/encode.x /mnt/data/datasets/machine-learning-matrices-split/glove.q4k.csv.20.3.vc.C 
Ans-fold time: 4.7515
==== Integer vector .C compression
Command: /home/louza/mm-repair/sdsl/encode.x /mnt/data/datasets/machine-learning-matrices-split/glove.q4k.csv.20.4.vc.C 
==== Integer vector .R compression
Command: /home/louza/mm-repair/sdsl/encode.x /mnt/data/datasets/machine-learning-matrices-split/glove.q4k.csv.20.4.vc.R 
Integer vector compression time: 1.2155
==== OLE
Command: /home/louza/mm-repair/ole/encode.x /mnt/data/datasets/machine-learning-matrices-split/glove.q4k.csv.20.4.vc.C 
OLE time: 2.2032
==== Ans-fold compression
Command: /home/louza/mm-repair/ans/encode.x /mnt/data/datasets/machine-learning-matrices-split/glove.q4k.csv.20.4.vc.C 
Ans-fold time: 5.6172
==== Integer vector .C compression
Command: /home/louza/mm-repair/sdsl/encode.x /mnt/data/datasets/machine-learning-matrices-split/glove.q4k.csv.20.5.vc.C 
==== Integer vector .R compression
Command: /home/louza/mm-repair/sdsl/encode.x /mnt/data/datasets/machine-learning-matrices-split/glove.q4k.csv.20.5.vc.R 
Integer vector compression time: 1.4030
==== OLE
Command: /home/louza/mm-repair/ole/encode.x /mnt/data/datasets/machine-learning-matrices-split/glove.q4k.csv.20.5.vc.C 
OLE time: 1.4818
==== Ans-fold compression
Command: /home/louza/mm-repair/ans/encode.x /mnt/data/datasets/machine-learning-matrices-split/glove.q4k.csv.20.5.vc.C 
Ans-fold time: 6.6596
==== Integer vector .C compression
Command: /home/louza/mm-repair/sdsl/encode.x /mnt/data/datasets/machine-learning-matrices-split/glove.q4k.csv.20.6.vc.C 
==== Integer vector .R compression
Command: /home/louza/mm-repair/sdsl/encode.x /mnt/data/datasets/machine-learning-matrices-split/glove.q4k.csv.20.6.vc.R 
Integer vector compression time: 0.9949
==== OLE
Command: /home/louza/mm-repair/ole/encode.x /mnt/data/datasets/machine-learning-matrices-split/glove.q4k.csv.20.6.vc.C 
OLE time: 2.1551
==== Ans-fold compression
Command: /home/louza/mm-repair/ans/encode.x /mnt/data/datasets/machine-learning-matrices-split/glove.q4k.csv.20.6.vc.C 
Ans-fold time: 7.5449
==== Integer vector .C compression
Command: /home/louza/mm-repair/sdsl/encode.x /mnt/data/datasets/machine-learning-matrices-split/glove.q4k.csv.20.7.vc.C 
==== Integer vector .R compression
Command: /home/louza/mm-repair/sdsl/encode.x /mnt/data/datasets/machine-learning-matrices-split/glove.q4k.csv.20.7.vc.R 
Integer vector compression time: 1.2906
==== OLE
Command: /home/louza/mm-repair/ole/encode.x /mnt/data/datasets/machine-learning-matrices-split/glove.q4k.csv.20.7.vc.C 
OLE time: 1.7060
==== Ans-fold compression
Command: /home/louza/mm-repair/ans/encode.x /mnt/data/datasets/machine-learning-matrices-split/glove.q4k.csv.20.7.vc.C 
Ans-fold time: 8.7354
==== Integer vector .C compression
Command: /home/louza/mm-repair/sdsl/encode.x /mnt/data/datasets/machine-learning-matrices-split/glove.q4k.csv.20.8.vc.C 
==== Integer vector .R compression
Command: /home/louza/mm-repair/sdsl/encode.x /mnt/data/datasets/machine-learning-matrices-split/glove.q4k.csv.20.8.vc.R 
Integer vector compression time: 1.4136
==== OLE
Command: /home/louza/mm-repair/ole/encode.x /mnt/data/datasets/machine-learning-matrices-split/glove.q4k.csv.20.8.vc.C 
OLE time: 1.8235
==== Ans-fold compression
Command: /home/louza/mm-repair/ans/encode.x /mnt/data/datasets/machine-learning-matrices-split/glove.q4k.csv.20.8.vc.C 
Ans-fold time: 9.3885
==== Integer vector .C compression
Command: /home/louza/mm-repair/sdsl/encode.x /mnt/data/datasets/machine-learning-matrices-split/glove.q4k.csv.20.9.vc.C 
==== Integer vector .R compression
Command: /home/louza/mm-repair/sdsl/encode.x /mnt/data/datasets/machine-learning-matrices-split/glove.q4k.csv.20.9.vc.R 
Integer vector compression time: 1.4933
==== OLE
Command: /home/louza/mm-repair/ole/encode.x /mnt/data/datasets/machine-learning-matrices-split/glove.q4k.csv.20.9.vc.C 
OLE time: 2.5278
==== Ans-fold compression
Command: /home/louza/mm-repair/ans/encode.x /mnt/data/datasets/machine-learning-matrices-split/glove.q4k.csv.20.9.vc.C 
Ans-fold time: 10.9969
==== Integer vector .C compression
Command: /home/louza/mm-repair/sdsl/encode.x /mnt/data/datasets/machine-learning-matrices-split/glove.q4k.csv.20.10.vc.C 
==== Integer vector .R compression
Command: /home/louza/mm-repair/sdsl/encode.x /mnt/data/datasets/machine-learning-matrices-split/glove.q4k.csv.20.10.vc.R 
Integer vector compression time: 1.2937
==== OLE
Command: /home/louza/mm-repair/ole/encode.x /mnt/data/datasets/machine-learning-matrices-split/glove.q4k.csv.20.10.vc.C 
OLE time: 5.0745
==== Ans-fold compression
Command: /home/louza/mm-repair/ans/encode.x /mnt/data/datasets/machine-learning-matrices-split/glove.q4k.csv.20.10.vc.C 
Ans-fold time: 12.3264
==== Integer vector .C compression
Command: /home/louza/mm-repair/sdsl/encode.x /mnt/data/datasets/machine-learning-matrices-split/glove.q4k.csv.20.11.vc.C 
==== Integer vector .R compression
Command: /home/louza/mm-repair/sdsl/encode.x /mnt/data/datasets/machine-learning-matrices-split/glove.q4k.csv.20.11.vc.R 
Integer vector compression time: 2.4545
==== OLE
Command: /home/louza/mm-repair/ole/encode.x /mnt/data/datasets/machine-learning-matrices-split/glove.q4k.csv.20.11.vc.C 
OLE time: 1.4520
==== Ans-fold compression
Command: /home/louza/mm-repair/ans/encode.x /mnt/data/datasets/machine-learning-matrices-split/glove.q4k.csv.20.11.vc.C 
Ans-fold time: 13.3885
==== Integer vector .C compression
Command: /home/louza/mm-repair/sdsl/encode.x /mnt/data/datasets/machine-learning-matrices-split/glove.q4k.csv.20.12.vc.C 
==== Integer vector .R compression
Command: /home/louza/mm-repair/sdsl/encode.x /mnt/data/datasets/machine-learning-matrices-split/glove.q4k.csv.20.12.vc.R 
Integer vector compression time: 1.5378
==== OLE
Command: /home/louza/mm-repair/ole/encode.x /mnt/data/datasets/machine-learning-matrices-split/glove.q4k.csv.20.12.vc.C 
OLE time: 1.0507
==== Ans-fold compression
Command: /home/louza/mm-repair/ans/encode.x /mnt/data/datasets/machine-learning-matrices-split/glove.q4k.csv.20.12.vc.C 
Ans-fold time: 14.1781
==== Integer vector .C compression
Command: /home/louza/mm-repair/sdsl/encode.x /mnt/data/datasets/machine-learning-matrices-split/glove.q4k.csv.20.13.vc.C 
==== Integer vector .R compression
Command: /home/louza/mm-repair/sdsl/encode.x /mnt/data/datasets/machine-learning-matrices-split/glove.q4k.csv.20.13.vc.R 
Integer vector compression time: 0.8987
==== OLE
Command: /home/louza/mm-repair/ole/encode.x /mnt/data/datasets/machine-learning-matrices-split/glove.q4k.csv.20.13.vc.C 
OLE time: 1.3429
==== Ans-fold compression
Command: /home/louza/mm-repair/ans/encode.x /mnt/data/datasets/machine-learning-matrices-split/glove.q4k.csv.20.13.vc.C 
Ans-fold time: 15.2693
==== Integer vector .C compression
Command: /home/louza/mm-repair/sdsl/encode.x /mnt/data/datasets/machine-learning-matrices-split/glove.q4k.csv.20.14.vc.C 
==== Integer vector .R compression
Command: /home/louza/mm-repair/sdsl/encode.x /mnt/data/datasets/machine-learning-matrices-split/glove.q4k.csv.20.14.vc.R 
Integer vector compression time: 1.1219
==== OLE
Command: /home/louza/mm-repair/ole/encode.x /mnt/data/datasets/machine-learning-matrices-split/glove.q4k.csv.20.14.vc.C 
OLE time: 1.0716
==== Ans-fold compression
Command: /home/louza/mm-repair/ans/encode.x /mnt/data/datasets/machine-learning-matrices-split/glove.q4k.csv.20.14.vc.C 
Ans-fold time: 16.1654
==== Integer vector .C compression
Command: /home/louza/mm-repair/sdsl/encode.x /mnt/data/datasets/machine-learning-matrices-split/glove.q4k.csv.20.15.vc.C 
==== Integer vector .R compression
Command: /home/louza/mm-repair/sdsl/encode.x /mnt/data/datasets/machine-learning-matrices-split/glove.q4k.csv.20.15.vc.R 
Integer vector compression time: 1.1626
==== OLE
Command: /home/louza/mm-repair/ole/encode.x /mnt/data/datasets/machine-learning-matrices-split/glove.q4k.csv.20.15.vc.C 
OLE time: 1.3592
==== Ans-fold compression
Command: /home/louza/mm-repair/ans/encode.x /mnt/data/datasets/machine-learning-matrices-split/glove.q4k.csv.20.15.vc.C 
Ans-fold time: 16.9883
==== Integer vector .C compression
Command: /home/louza/mm-repair/sdsl/encode.x /mnt/data/datasets/machine-learning-matrices-split/glove.q4k.csv.20.16.vc.C 
==== Integer vector .R compression
Command: /home/louza/mm-repair/sdsl/encode.x /mnt/data/datasets/machine-learning-matrices-split/glove.q4k.csv.20.16.vc.R 
Integer vector compression time: 1.2624
==== OLE
Command: /home/louza/mm-repair/ole/encode.x /mnt/data/datasets/machine-learning-matrices-split/glove.q4k.csv.20.16.vc.C 
OLE time: 1.3596
==== Ans-fold compression
Command: /home/louza/mm-repair/ans/encode.x /mnt/data/datasets/machine-learning-matrices-split/glove.q4k.csv.20.16.vc.C 
Ans-fold time: 17.7368
==== Integer vector .C compression
Command: /home/louza/mm-repair/sdsl/encode.x /mnt/data/datasets/machine-learning-matrices-split/glove.q4k.csv.20.17.vc.C 
==== Integer vector .R compression
Command: /home/louza/mm-repair/sdsl/encode.x /mnt/data/datasets/machine-learning-matrices-split/glove.q4k.csv.20.17.vc.R 
Integer vector compression time: 1.5786
==== OLE
Command: /home/louza/mm-repair/ole/encode.x /mnt/data/datasets/machine-learning-matrices-split/glove.q4k.csv.20.17.vc.C 
OLE time: 1.8841
==== Ans-fold compression
Command: /home/louza/mm-repair/ans/encode.x /mnt/data/datasets/machine-learning-matrices-split/glove.q4k.csv.20.17.vc.C 
Ans-fold time: 18.7991
==== Integer vector .C compression
Command: /home/louza/mm-repair/sdsl/encode.x /mnt/data/datasets/machine-learning-matrices-split/glove.q4k.csv.20.18.vc.C 
==== Integer vector .R compression
Command: /home/louza/mm-repair/sdsl/encode.x /mnt/data/datasets/machine-learning-matrices-split/glove.q4k.csv.20.18.vc.R 
Integer vector compression time: 1.3483
==== OLE
Command: /home/louza/mm-repair/ole/encode.x /mnt/data/datasets/machine-learning-matrices-split/glove.q4k.csv.20.18.vc.C 
OLE time: 1.8031
==== Ans-fold compression
Command: /home/louza/mm-repair/ans/encode.x /mnt/data/datasets/machine-learning-matrices-split/glove.q4k.csv.20.18.vc.C 
Ans-fold time: 19.3835
==== Integer vector .C compression
Command: /home/louza/mm-repair/sdsl/encode.x /mnt/data/datasets/machine-learning-matrices-split/glove.q4k.csv.20.19.vc.C 
==== Integer vector .R compression
Command: /home/louza/mm-repair/sdsl/encode.x /mnt/data/datasets/machine-learning-matrices-split/glove.q4k.csv.20.19.vc.R 
Integer vector compression time: 0.9450
==== OLE
Command: /home/louza/mm-repair/ole/encode.x /mnt/data/datasets/machine-learning-matrices-split/glove.q4k.csv.20.19.vc.C 
OLE time: 1.5962
==== Ans-fold compression
Command: /home/louza/mm-repair/ans/encode.x /mnt/data/datasets/machine-learning-matrices-split/glove.q4k.csv.20.19.vc.C 
Ans-fold time: 20.6824
Command: /home/louza/mm-repair/ans/encode.x /mnt/data/datasets/machine-learning-matrices-split/glove.q4k.csv.wcode 
Elapsed time: 420.5399
==== Compression Report:
 >> matrix name: /mnt/data/datasets/machine-learning-matrices-split/glove.q4k.csv
 >> conversion time: 309.45
 >> repair time: 18.69
 >> integer vectors time: 0.95
 >> ansf time: 20.68
 >> total time: 420.54
 >> wcode: 2334536 bytes
 >> wcode_ans: 47562 bytes
 >> matrix log(alpha)xNumEntries size: 180000000 bytes
 >> matrix dense size: 960000000 bytes
 >> total number of nonzero: 120000000 (100.00%)
 >> number of distinct nonzero: 3294
 >> CRSV  size: 481626352 bytes  (50.17%)
 >> RE32  size: 483847308 bytes  (50.40%)
 >> REIV  size: 303290400 bytes  (31.59%)
 >> REANS size: 183972572 bytes  (19.16%)
==== Done

#### 2026-09-08 09:56:47
 Command line: ./mm-repair/matrepair -r -b 20 -p 20 /mnt/data/datasets/machine-learning-matrices-split/glove.q4k.csv 400000 300 --ole --split 
Setting memory for each repair instance to 23202 MBs
Sending logging messages to file: /mnt/data/datasets/machine-learning-matrices-split/glove.q4k.csv.log
==== Conversion bin/csv->csrv
Command: /home/louza/mm-repair/csvmat2csrv -b 20   /mnt/data/datasets/machine-learning-matrices-split/glove.q4k.csv -r 0  -s 400000 300
Conversion time: 625.4804
==== Repair paralell compression
---- Executing 20 parallel processes
---- Parallel processing completed
Repair time: 0.4836
==== Integer vector .C compression
Command: /home/louza/mm-repair/sdsl/encode.x /mnt/data/datasets/machine-learning-matrices-split/glove.q4k.csv.20.0.A.vc.C 
==== Integer vector .R compression
Command: /home/louza/mm-repair/sdsl/encode.x /mnt/data/datasets/machine-learning-matrices-split/glove.q4k.csv.20.0.A.vc.R 
Integer vector compression time: 0.6498
==== OLE
Command: /home/louza/mm-repair/ole/encode.x /mnt/data/datasets/machine-learning-matrices-split/glove.q4k.csv.20.0.A.vc.C 
Command: /home/louza/mm-repair/ole/encode.x /mnt/data/datasets/machine-learning-matrices-split/glove.q4k.csv.20.0.B.vc 
OLE time: 2.0532
==== Ans-fold compression
Command: /home/louza/mm-repair/ans/encode.x /mnt/data/datasets/machine-learning-matrices-split/glove.q4k.csv.20.0.A.vc.C 
Command: /home/louza/mm-repair/ans/encode.x /mnt/data/datasets/machine-learning-matrices-split/glove.q4k.csv.20.0.B.vc
Ans-fold time: 0.8714
==== Integer vector .C compression
Command: /home/louza/mm-repair/sdsl/encode.x /mnt/data/datasets/machine-learning-matrices-split/glove.q4k.csv.20.1.A.vc.C 
==== Integer vector .R compression
Command: /home/louza/mm-repair/sdsl/encode.x /mnt/data/datasets/machine-learning-matrices-split/glove.q4k.csv.20.1.A.vc.R 
Integer vector compression time: 0.2686
==== OLE
Command: /home/louza/mm-repair/ole/encode.x /mnt/data/datasets/machine-learning-matrices-split/glove.q4k.csv.20.1.A.vc.C 
Command: /home/louza/mm-repair/ole/encode.x /mnt/data/datasets/machine-learning-matrices-split/glove.q4k.csv.20.1.B.vc 
OLE time: 1.9410
==== Ans-fold compression
Command: /home/louza/mm-repair/ans/encode.x /mnt/data/datasets/machine-learning-matrices-split/glove.q4k.csv.20.1.A.vc.C 
Command: /home/louza/mm-repair/ans/encode.x /mnt/data/datasets/machine-learning-matrices-split/glove.q4k.csv.20.1.B.vc
Ans-fold time: 2.4580
==== Integer vector .C compression
Command: /home/louza/mm-repair/sdsl/encode.x /mnt/data/datasets/machine-learning-matrices-split/glove.q4k.csv.20.2.A.vc.C 
==== Integer vector .R compression
Command: /home/louza/mm-repair/sdsl/encode.x /mnt/data/datasets/machine-learning-matrices-split/glove.q4k.csv.20.2.A.vc.R 
Integer vector compression time: 0.0848
==== OLE
Command: /home/louza/mm-repair/ole/encode.x /mnt/data/datasets/machine-learning-matrices-split/glove.q4k.csv.20.2.A.vc.C 
Command: /home/louza/mm-repair/ole/encode.x /mnt/data/datasets/machine-learning-matrices-split/glove.q4k.csv.20.2.B.vc 
OLE time: 1.3083
==== Ans-fold compression
Command: /home/louza/mm-repair/ans/encode.x /mnt/data/datasets/machine-learning-matrices-split/glove.q4k.csv.20.2.A.vc.C 
Command: /home/louza/mm-repair/ans/encode.x /mnt/data/datasets/machine-learning-matrices-split/glove.q4k.csv.20.2.B.vc
Ans-fold time: 4.0521
==== Integer vector .C compression
Command: /home/louza/mm-repair/sdsl/encode.x /mnt/data/datasets/machine-learning-matrices-split/glove.q4k.csv.20.3.A.vc.C 
==== Integer vector .R compression
Command: /home/louza/mm-repair/sdsl/encode.x /mnt/data/datasets/machine-learning-matrices-split/glove.q4k.csv.20.3.A.vc.R 
Integer vector compression time: 0.1593
==== OLE
Command: /home/louza/mm-repair/ole/encode.x /mnt/data/datasets/machine-learning-matrices-split/glove.q4k.csv.20.3.A.vc.C 
Command: /home/louza/mm-repair/ole/encode.x /mnt/data/datasets/machine-learning-matrices-split/glove.q4k.csv.20.3.B.vc 
OLE time: 1.3563
==== Ans-fold compression
Command: /home/louza/mm-repair/ans/encode.x /mnt/data/datasets/machine-learning-matrices-split/glove.q4k.csv.20.3.A.vc.C 
Command: /home/louza/mm-repair/ans/encode.x /mnt/data/datasets/machine-learning-matrices-split/glove.q4k.csv.20.3.B.vc
Ans-fold time: 4.7999
==== Integer vector .C compression
Command: /home/louza/mm-repair/sdsl/encode.x /mnt/data/datasets/machine-learning-matrices-split/glove.q4k.csv.20.4.A.vc.C 
==== Integer vector .R compression
Command: /home/louza/mm-repair/sdsl/encode.x /mnt/data/datasets/machine-learning-matrices-split/glove.q4k.csv.20.4.A.vc.R 
Integer vector compression time: 0.0366
==== OLE
Command: /home/louza/mm-repair/ole/encode.x /mnt/data/datasets/machine-learning-matrices-split/glove.q4k.csv.20.4.A.vc.C 
Command: /home/louza/mm-repair/ole/encode.x /mnt/data/datasets/machine-learning-matrices-split/glove.q4k.csv.20.4.B.vc 
OLE time: 2.1633
==== Ans-fold compression
Command: /home/louza/mm-repair/ans/encode.x /mnt/data/datasets/machine-learning-matrices-split/glove.q4k.csv.20.4.A.vc.C 
Command: /home/louza/mm-repair/ans/encode.x /mnt/data/datasets/machine-learning-matrices-split/glove.q4k.csv.20.4.B.vc
Ans-fold time: 5.9081
==== Integer vector .C compression
Command: /home/louza/mm-repair/sdsl/encode.x /mnt/data/datasets/machine-learning-matrices-split/glove.q4k.csv.20.5.A.vc.C 
==== Integer vector .R compression
Command: /home/louza/mm-repair/sdsl/encode.x /mnt/data/datasets/machine-learning-matrices-split/glove.q4k.csv.20.5.A.vc.R 
Integer vector compression time: 0.3450
==== OLE
Command: /home/louza/mm-repair/ole/encode.x /mnt/data/datasets/machine-learning-matrices-split/glove.q4k.csv.20.5.A.vc.C 
Command: /home/louza/mm-repair/ole/encode.x /mnt/data/datasets/machine-learning-matrices-split/glove.q4k.csv.20.5.B.vc 
OLE time: 1.5358
==== Ans-fold compression
Command: /home/louza/mm-repair/ans/encode.x /mnt/data/datasets/machine-learning-matrices-split/glove.q4k.csv.20.5.A.vc.C 
Command: /home/louza/mm-repair/ans/encode.x /mnt/data/datasets/machine-learning-matrices-split/glove.q4k.csv.20.5.B.vc
Ans-fold time: 8.2379
==== Integer vector .C compression
Command: /home/louza/mm-repair/sdsl/encode.x /mnt/data/datasets/machine-learning-matrices-split/glove.q4k.csv.20.6.A.vc.C 
==== Integer vector .R compression
Command: /home/louza/mm-repair/sdsl/encode.x /mnt/data/datasets/machine-learning-matrices-split/glove.q4k.csv.20.6.A.vc.R 
Integer vector compression time: 0.5322
==== OLE
Command: /home/louza/mm-repair/ole/encode.x /mnt/data/datasets/machine-learning-matrices-split/glove.q4k.csv.20.6.A.vc.C 
Command: /home/louza/mm-repair/ole/encode.x /mnt/data/datasets/machine-learning-matrices-split/glove.q4k.csv.20.6.B.vc 
OLE time: 2.9151
==== Ans-fold compression
Command: /home/louza/mm-repair/ans/encode.x /mnt/data/datasets/machine-learning-matrices-split/glove.q4k.csv.20.6.A.vc.C 
Command: /home/louza/mm-repair/ans/encode.x /mnt/data/datasets/machine-learning-matrices-split/glove.q4k.csv.20.6.B.vc
Ans-fold time: 10.5930
==== Integer vector .C compression
Command: /home/louza/mm-repair/sdsl/encode.x /mnt/data/datasets/machine-learning-matrices-split/glove.q4k.csv.20.7.A.vc.C 
==== Integer vector .R compression
Command: /home/louza/mm-repair/sdsl/encode.x /mnt/data/datasets/machine-learning-matrices-split/glove.q4k.csv.20.7.A.vc.R 
Integer vector compression time: 2.1352
==== OLE
Command: /home/louza/mm-repair/ole/encode.x /mnt/data/datasets/machine-learning-matrices-split/glove.q4k.csv.20.7.A.vc.C 
Command: /home/louza/mm-repair/ole/encode.x /mnt/data/datasets/machine-learning-matrices-split/glove.q4k.csv.20.7.B.vc 
OLE time: 3.4073
==== Ans-fold compression
Command: /home/louza/mm-repair/ans/encode.x /mnt/data/datasets/machine-learning-matrices-split/glove.q4k.csv.20.7.A.vc.C 
Command: /home/louza/mm-repair/ans/encode.x /mnt/data/datasets/machine-learning-matrices-split/glove.q4k.csv.20.7.B.vc
Ans-fold time: 12.1893
==== Integer vector .C compression
Command: /home/louza/mm-repair/sdsl/encode.x /mnt/data/datasets/machine-learning-matrices-split/glove.q4k.csv.20.8.A.vc.C 
==== Integer vector .R compression
Command: /home/louza/mm-repair/sdsl/encode.x /mnt/data/datasets/machine-learning-matrices-split/glove.q4k.csv.20.8.A.vc.R 
Integer vector compression time: 0.1539
==== OLE
Command: /home/louza/mm-repair/ole/encode.x /mnt/data/datasets/machine-learning-matrices-split/glove.q4k.csv.20.8.A.vc.C 
Command: /home/louza/mm-repair/ole/encode.x /mnt/data/datasets/machine-learning-matrices-split/glove.q4k.csv.20.8.B.vc 
OLE time: 2.9110
==== Ans-fold compression
Command: /home/louza/mm-repair/ans/encode.x /mnt/data/datasets/machine-learning-matrices-split/glove.q4k.csv.20.8.A.vc.C 
Command: /home/louza/mm-repair/ans/encode.x /mnt/data/datasets/machine-learning-matrices-split/glove.q4k.csv.20.8.B.vc
Ans-fold time: 13.4388
==== Integer vector .C compression
Command: /home/louza/mm-repair/sdsl/encode.x /mnt/data/datasets/machine-learning-matrices-split/glove.q4k.csv.20.9.A.vc.C 
==== Integer vector .R compression
Command: /home/louza/mm-repair/sdsl/encode.x /mnt/data/datasets/machine-learning-matrices-split/glove.q4k.csv.20.9.A.vc.R 
Integer vector compression time: 0.1115
==== OLE
Command: /home/louza/mm-repair/ole/encode.x /mnt/data/datasets/machine-learning-matrices-split/glove.q4k.csv.20.9.A.vc.C 
Command: /home/louza/mm-repair/ole/encode.x /mnt/data/datasets/machine-learning-matrices-split/glove.q4k.csv.20.9.B.vc 
OLE time: 3.4278
==== Ans-fold compression
Command: /home/louza/mm-repair/ans/encode.x /mnt/data/datasets/machine-learning-matrices-split/glove.q4k.csv.20.9.A.vc.C 
Command: /home/louza/mm-repair/ans/encode.x /mnt/data/datasets/machine-learning-matrices-split/glove.q4k.csv.20.9.B.vc
Ans-fold time: 15.1636
==== Integer vector .C compression
Command: /home/louza/mm-repair/sdsl/encode.x /mnt/data/datasets/machine-learning-matrices-split/glove.q4k.csv.20.10.A.vc.C 
==== Integer vector .R compression
Command: /home/louza/mm-repair/sdsl/encode.x /mnt/data/datasets/machine-learning-matrices-split/glove.q4k.csv.20.10.A.vc.R 
Integer vector compression time: 0.1367
==== OLE
Command: /home/louza/mm-repair/ole/encode.x /mnt/data/datasets/machine-learning-matrices-split/glove.q4k.csv.20.10.A.vc.C 
Command: /home/louza/mm-repair/ole/encode.x /mnt/data/datasets/machine-learning-matrices-split/glove.q4k.csv.20.10.B.vc 
OLE time: 1.1425
==== Ans-fold compression
Command: /home/louza/mm-repair/ans/encode.x /mnt/data/datasets/machine-learning-matrices-split/glove.q4k.csv.20.10.A.vc.C 
Command: /home/louza/mm-repair/ans/encode.x /mnt/data/datasets/machine-learning-matrices-split/glove.q4k.csv.20.10.B.vc
Ans-fold time: 16.1929
==== Integer vector .C compression
Command: /home/louza/mm-repair/sdsl/encode.x /mnt/data/datasets/machine-learning-matrices-split/glove.q4k.csv.20.11.A.vc.C 
==== Integer vector .R compression
Command: /home/louza/mm-repair/sdsl/encode.x /mnt/data/datasets/machine-learning-matrices-split/glove.q4k.csv.20.11.A.vc.R 
Integer vector compression time: 0.2405
==== OLE
Command: /home/louza/mm-repair/ole/encode.x /mnt/data/datasets/machine-learning-matrices-split/glove.q4k.csv.20.11.A.vc.C 
Command: /home/louza/mm-repair/ole/encode.x /mnt/data/datasets/machine-learning-matrices-split/glove.q4k.csv.20.11.B.vc 
OLE time: 2.7584
==== Ans-fold compression
Command: /home/louza/mm-repair/ans/encode.x /mnt/data/datasets/machine-learning-matrices-split/glove.q4k.csv.20.11.A.vc.C 
Command: /home/louza/mm-repair/ans/encode.x /mnt/data/datasets/machine-learning-matrices-split/glove.q4k.csv.20.11.B.vc
Ans-fold time: 17.5575
==== Integer vector .C compression
Command: /home/louza/mm-repair/sdsl/encode.x /mnt/data/datasets/machine-learning-matrices-split/glove.q4k.csv.20.12.A.vc.C 
==== Integer vector .R compression
Command: /home/louza/mm-repair/sdsl/encode.x /mnt/data/datasets/machine-learning-matrices-split/glove.q4k.csv.20.12.A.vc.R 
Integer vector compression time: 0.1720
==== OLE
Command: /home/louza/mm-repair/ole/encode.x /mnt/data/datasets/machine-learning-matrices-split/glove.q4k.csv.20.12.A.vc.C 
Command: /home/louza/mm-repair/ole/encode.x /mnt/data/datasets/machine-learning-matrices-split/glove.q4k.csv.20.12.B.vc 
OLE time: 1.3267
==== Ans-fold compression
Command: /home/louza/mm-repair/ans/encode.x /mnt/data/datasets/machine-learning-matrices-split/glove.q4k.csv.20.12.A.vc.C 
Command: /home/louza/mm-repair/ans/encode.x /mnt/data/datasets/machine-learning-matrices-split/glove.q4k.csv.20.12.B.vc
Ans-fold time: 19.0471
==== Integer vector .C compression
Command: /home/louza/mm-repair/sdsl/encode.x /mnt/data/datasets/machine-learning-matrices-split/glove.q4k.csv.20.13.A.vc.C 
==== Integer vector .R compression
Command: /home/louza/mm-repair/sdsl/encode.x /mnt/data/datasets/machine-learning-matrices-split/glove.q4k.csv.20.13.A.vc.R 
Integer vector compression time: 0.3337
==== OLE
Command: /home/louza/mm-repair/ole/encode.x /mnt/data/datasets/machine-learning-matrices-split/glove.q4k.csv.20.13.A.vc.C 
Command: /home/louza/mm-repair/ole/encode.x /mnt/data/datasets/machine-learning-matrices-split/glove.q4k.csv.20.13.B.vc 
OLE time: 1.7548
==== Ans-fold compression
Command: /home/louza/mm-repair/ans/encode.x /mnt/data/datasets/machine-learning-matrices-split/glove.q4k.csv.20.13.A.vc.C 
Command: /home/louza/mm-repair/ans/encode.x /mnt/data/datasets/machine-learning-matrices-split/glove.q4k.csv.20.13.B.vc
Ans-fold time: 19.7768
==== Integer vector .C compression
Command: /home/louza/mm-repair/sdsl/encode.x /mnt/data/datasets/machine-learning-matrices-split/glove.q4k.csv.20.14.A.vc.C 
==== Integer vector .R compression
Command: /home/louza/mm-repair/sdsl/encode.x /mnt/data/datasets/machine-learning-matrices-split/glove.q4k.csv.20.14.A.vc.R 
Integer vector compression time: 0.2007
==== OLE
Command: /home/louza/mm-repair/ole/encode.x /mnt/data/datasets/machine-learning-matrices-split/glove.q4k.csv.20.14.A.vc.C 
Command: /home/louza/mm-repair/ole/encode.x /mnt/data/datasets/machine-learning-matrices-split/glove.q4k.csv.20.14.B.vc 
OLE time: 0.8033
==== Ans-fold compression
Command: /home/louza/mm-repair/ans/encode.x /mnt/data/datasets/machine-learning-matrices-split/glove.q4k.csv.20.14.A.vc.C 
Command: /home/louza/mm-repair/ans/encode.x /mnt/data/datasets/machine-learning-matrices-split/glove.q4k.csv.20.14.B.vc
Ans-fold time: 20.9205
==== Integer vector .C compression
Command: /home/louza/mm-repair/sdsl/encode.x /mnt/data/datasets/machine-learning-matrices-split/glove.q4k.csv.20.15.A.vc.C 
==== Integer vector .R compression
Command: /home/louza/mm-repair/sdsl/encode.x /mnt/data/datasets/machine-learning-matrices-split/glove.q4k.csv.20.15.A.vc.R 
Integer vector compression time: 0.2344
==== OLE
Command: /home/louza/mm-repair/ole/encode.x /mnt/data/datasets/machine-learning-matrices-split/glove.q4k.csv.20.15.A.vc.C 
Command: /home/louza/mm-repair/ole/encode.x /mnt/data/datasets/machine-learning-matrices-split/glove.q4k.csv.20.15.B.vc 
OLE time: 1.8104
==== Ans-fold compression
Command: /home/louza/mm-repair/ans/encode.x /mnt/data/datasets/machine-learning-matrices-split/glove.q4k.csv.20.15.A.vc.C 
Command: /home/louza/mm-repair/ans/encode.x /mnt/data/datasets/machine-learning-matrices-split/glove.q4k.csv.20.15.B.vc
Ans-fold time: 21.9348
==== Integer vector .C compression
Command: /home/louza/mm-repair/sdsl/encode.x /mnt/data/datasets/machine-learning-matrices-split/glove.q4k.csv.20.16.A.vc.C 
==== Integer vector .R compression
Command: /home/louza/mm-repair/sdsl/encode.x /mnt/data/datasets/machine-learning-matrices-split/glove.q4k.csv.20.16.A.vc.R 
Integer vector compression time: 0.7007
==== OLE
Command: /home/louza/mm-repair/ole/encode.x /mnt/data/datasets/machine-learning-matrices-split/glove.q4k.csv.20.16.A.vc.C 
Command: /home/louza/mm-repair/ole/encode.x /mnt/data/datasets/machine-learning-matrices-split/glove.q4k.csv.20.16.B.vc 
OLE time: 1.0776
==== Ans-fold compression
Command: /home/louza/mm-repair/ans/encode.x /mnt/data/datasets/machine-learning-matrices-split/glove.q4k.csv.20.16.A.vc.C 
Command: /home/louza/mm-repair/ans/encode.x /mnt/data/datasets/machine-learning-matrices-split/glove.q4k.csv.20.16.B.vc
Ans-fold time: 23.0014
==== Integer vector .C compression
Command: /home/louza/mm-repair/sdsl/encode.x /mnt/data/datasets/machine-learning-matrices-split/glove.q4k.csv.20.17.A.vc.C 
==== Integer vector .R compression
Command: /home/louza/mm-repair/sdsl/encode.x /mnt/data/datasets/machine-learning-matrices-split/glove.q4k.csv.20.17.A.vc.R 
Integer vector compression time: 0.0302
==== OLE
Command: /home/louza/mm-repair/ole/encode.x /mnt/data/datasets/machine-learning-matrices-split/glove.q4k.csv.20.17.A.vc.C 
Command: /home/louza/mm-repair/ole/encode.x /mnt/data/datasets/machine-learning-matrices-split/glove.q4k.csv.20.17.B.vc 
OLE time: 1.1466
==== Ans-fold compression
Command: /home/louza/mm-repair/ans/encode.x /mnt/data/datasets/machine-learning-matrices-split/glove.q4k.csv.20.17.A.vc.C 
Command: /home/louza/mm-repair/ans/encode.x /mnt/data/datasets/machine-learning-matrices-split/glove.q4k.csv.20.17.B.vc
Ans-fold time: 24.1225
==== Integer vector .C compression
Command: /home/louza/mm-repair/sdsl/encode.x /mnt/data/datasets/machine-learning-matrices-split/glove.q4k.csv.20.18.A.vc.C 
==== Integer vector .R compression
Command: /home/louza/mm-repair/sdsl/encode.x /mnt/data/datasets/machine-learning-matrices-split/glove.q4k.csv.20.18.A.vc.R 
Integer vector compression time: 0.5202
==== OLE
Command: /home/louza/mm-repair/ole/encode.x /mnt/data/datasets/machine-learning-matrices-split/glove.q4k.csv.20.18.A.vc.C 
Command: /home/louza/mm-repair/ole/encode.x /mnt/data/datasets/machine-learning-matrices-split/glove.q4k.csv.20.18.B.vc 
OLE time: 1.0311
==== Ans-fold compression
Command: /home/louza/mm-repair/ans/encode.x /mnt/data/datasets/machine-learning-matrices-split/glove.q4k.csv.20.18.A.vc.C 
Command: /home/louza/mm-repair/ans/encode.x /mnt/data/datasets/machine-learning-matrices-split/glove.q4k.csv.20.18.B.vc
Ans-fold time: 25.0908
==== Integer vector .C compression
Command: /home/louza/mm-repair/sdsl/encode.x /mnt/data/datasets/machine-learning-matrices-split/glove.q4k.csv.20.19.A.vc.C 
==== Integer vector .R compression
Command: /home/louza/mm-repair/sdsl/encode.x /mnt/data/datasets/machine-learning-matrices-split/glove.q4k.csv.20.19.A.vc.R 
Integer vector compression time: 0.1921
==== OLE
Command: /home/louza/mm-repair/ole/encode.x /mnt/data/datasets/machine-learning-matrices-split/glove.q4k.csv.20.19.A.vc.C 
Command: /home/louza/mm-repair/ole/encode.x /mnt/data/datasets/machine-learning-matrices-split/glove.q4k.csv.20.19.B.vc 
OLE time: 1.5547
==== Ans-fold compression
Command: /home/louza/mm-repair/ans/encode.x /mnt/data/datasets/machine-learning-matrices-split/glove.q4k.csv.20.19.A.vc.C 
Command: /home/louza/mm-repair/ans/encode.x /mnt/data/datasets/machine-learning-matrices-split/glove.q4k.csv.20.19.B.vc
Ans-fold time: 25.4900
Elapsed time: 698.5260
==== Compression Report:
 >> matrix name: /mnt/data/datasets/machine-learning-matrices-split/glove.q4k.csv
 >> conversion time: 625.48
 >> repair time: 0.48
 >> integer vectors time: 0.19
 >> ansf time: 25.49
 >> total time: 698.53
 >> matrix log(alpha)xNumEntries size: 180000000 bytes
 >> matrix dense size: 960000000 bytes
 >> total number of nonzero: 169360 (0.14%)
 >> number of distinct nonzero: 3294
 >> CRSV  size: 2303792 bytes  (0.24%)
 >> B	  size: 480922560 bytes  (50.10%)
 >> B_ans size: 179452093 bytes  (18.69%)
 >> RE32  size: 181642305 bytes  (18.92%)
 >> REIV  size: 180822205 bytes  (18.84%)
 >> REANS size: 179826498 bytes  (18.73%)
==== Done

#### 2026-09-08 10:08:25
 Command line: ./mm-repair/matrepair -r -b 20 -p 20 /mnt/data/datasets/machine-learning-matrices-split/glove.q4k.csv 400000 300 --mapping --split 
Setting memory for each repair instance to 23202 MBs
Sending logging messages to file: /mnt/data/datasets/machine-learning-matrices-split/glove.q4k.csv.log
==== Conversion bin/csv->csrv
Command: /home/louza/mm-repair/csvmat2csrv -b 20   /mnt/data/datasets/machine-learning-matrices-split/glove.q4k.csv -r 0 -m -s 400000 300
Conversion time: 694.6963
==== Repair paralell compression
---- Executing 20 parallel processes
---- Parallel processing completed
Repair time: 0.3135
==== Integer vector .C compression
Command: /home/louza/mm-repair/sdsl/encode.x /mnt/data/datasets/machine-learning-matrices-split/glove.q4k.csv.20.0.A.vc.C 
==== Integer vector .R compression
Command: /home/louza/mm-repair/sdsl/encode.x /mnt/data/datasets/machine-learning-matrices-split/glove.q4k.csv.20.0.A.vc.R 
Integer vector compression time: 0.2603
==== Ans-fold compression
Command: /home/louza/mm-repair/ans/encode.x /mnt/data/datasets/machine-learning-matrices-split/glove.q4k.csv.20.0.A.vc.C 
Command: /home/louza/mm-repair/ans/encode.x /mnt/data/datasets/machine-learning-matrices-split/glove.q4k.csv.20.0.B.vc
Ans-fold time: 1.7107
==== Integer vector .C compression
Command: /home/louza/mm-repair/sdsl/encode.x /mnt/data/datasets/machine-learning-matrices-split/glove.q4k.csv.20.1.A.vc.C 
==== Integer vector .R compression
Command: /home/louza/mm-repair/sdsl/encode.x /mnt/data/datasets/machine-learning-matrices-split/glove.q4k.csv.20.1.A.vc.R 
Integer vector compression time: 0.2315
==== Ans-fold compression
Command: /home/louza/mm-repair/ans/encode.x /mnt/data/datasets/machine-learning-matrices-split/glove.q4k.csv.20.1.A.vc.C 
Command: /home/louza/mm-repair/ans/encode.x /mnt/data/datasets/machine-learning-matrices-split/glove.q4k.csv.20.1.B.vc
Ans-fold time: 3.3451
==== Integer vector .C compression
Command: /home/louza/mm-repair/sdsl/encode.x /mnt/data/datasets/machine-learning-matrices-split/glove.q4k.csv.20.2.A.vc.C 
==== Integer vector .R compression
Command: /home/louza/mm-repair/sdsl/encode.x /mnt/data/datasets/machine-learning-matrices-split/glove.q4k.csv.20.2.A.vc.R 
Integer vector compression time: 0.2369
==== Ans-fold compression
Command: /home/louza/mm-repair/ans/encode.x /mnt/data/datasets/machine-learning-matrices-split/glove.q4k.csv.20.2.A.vc.C 
Command: /home/louza/mm-repair/ans/encode.x /mnt/data/datasets/machine-learning-matrices-split/glove.q4k.csv.20.2.B.vc
Ans-fold time: 5.5067
==== Integer vector .C compression
Command: /home/louza/mm-repair/sdsl/encode.x /mnt/data/datasets/machine-learning-matrices-split/glove.q4k.csv.20.3.A.vc.C 
==== Integer vector .R compression
Command: /home/louza/mm-repair/sdsl/encode.x /mnt/data/datasets/machine-learning-matrices-split/glove.q4k.csv.20.3.A.vc.R 
Integer vector compression time: 0.2870
==== Ans-fold compression
Command: /home/louza/mm-repair/ans/encode.x /mnt/data/datasets/machine-learning-matrices-split/glove.q4k.csv.20.3.A.vc.C 
Command: /home/louza/mm-repair/ans/encode.x /mnt/data/datasets/machine-learning-matrices-split/glove.q4k.csv.20.3.B.vc
Ans-fold time: 8.1417
==== Integer vector .C compression
Command: /home/louza/mm-repair/sdsl/encode.x /mnt/data/datasets/machine-learning-matrices-split/glove.q4k.csv.20.4.A.vc.C 
==== Integer vector .R compression
Command: /home/louza/mm-repair/sdsl/encode.x /mnt/data/datasets/machine-learning-matrices-split/glove.q4k.csv.20.4.A.vc.R 
Integer vector compression time: 0.0827
==== Ans-fold compression
Command: /home/louza/mm-repair/ans/encode.x /mnt/data/datasets/machine-learning-matrices-split/glove.q4k.csv.20.4.A.vc.C 
Command: /home/louza/mm-repair/ans/encode.x /mnt/data/datasets/machine-learning-matrices-split/glove.q4k.csv.20.4.B.vc
Ans-fold time: 10.5542
==== Integer vector .C compression
Command: /home/louza/mm-repair/sdsl/encode.x /mnt/data/datasets/machine-learning-matrices-split/glove.q4k.csv.20.5.A.vc.C 
==== Integer vector .R compression
Command: /home/louza/mm-repair/sdsl/encode.x /mnt/data/datasets/machine-learning-matrices-split/glove.q4k.csv.20.5.A.vc.R 
Integer vector compression time: 0.4990
==== Ans-fold compression
Command: /home/louza/mm-repair/ans/encode.x /mnt/data/datasets/machine-learning-matrices-split/glove.q4k.csv.20.5.A.vc.C 
Command: /home/louza/mm-repair/ans/encode.x /mnt/data/datasets/machine-learning-matrices-split/glove.q4k.csv.20.5.B.vc
Ans-fold time: 13.5389
==== Integer vector .C compression
Command: /home/louza/mm-repair/sdsl/encode.x /mnt/data/datasets/machine-learning-matrices-split/glove.q4k.csv.20.6.A.vc.C 
==== Integer vector .R compression
Command: /home/louza/mm-repair/sdsl/encode.x /mnt/data/datasets/machine-learning-matrices-split/glove.q4k.csv.20.6.A.vc.R 
Integer vector compression time: 0.3934
==== Ans-fold compression
Command: /home/louza/mm-repair/ans/encode.x /mnt/data/datasets/machine-learning-matrices-split/glove.q4k.csv.20.6.A.vc.C 
Command: /home/louza/mm-repair/ans/encode.x /mnt/data/datasets/machine-learning-matrices-split/glove.q4k.csv.20.6.B.vc
Ans-fold time: 16.2334
==== Integer vector .C compression
Command: /home/louza/mm-repair/sdsl/encode.x /mnt/data/datasets/machine-learning-matrices-split/glove.q4k.csv.20.7.A.vc.C 
==== Integer vector .R compression
Command: /home/louza/mm-repair/sdsl/encode.x /mnt/data/datasets/machine-learning-matrices-split/glove.q4k.csv.20.7.A.vc.R 
Integer vector compression time: 0.4878
==== Ans-fold compression
Command: /home/louza/mm-repair/ans/encode.x /mnt/data/datasets/machine-learning-matrices-split/glove.q4k.csv.20.7.A.vc.C 
Command: /home/louza/mm-repair/ans/encode.x /mnt/data/datasets/machine-learning-matrices-split/glove.q4k.csv.20.7.B.vc
Ans-fold time: 22.9205
==== Integer vector .C compression
Command: /home/louza/mm-repair/sdsl/encode.x /mnt/data/datasets/machine-learning-matrices-split/glove.q4k.csv.20.8.A.vc.C 
==== Integer vector .R compression
Command: /home/louza/mm-repair/sdsl/encode.x /mnt/data/datasets/machine-learning-matrices-split/glove.q4k.csv.20.8.A.vc.R 
Integer vector compression time: 0.5507
==== Ans-fold compression
Command: /home/louza/mm-repair/ans/encode.x /mnt/data/datasets/machine-learning-matrices-split/glove.q4k.csv.20.8.A.vc.C 
Command: /home/louza/mm-repair/ans/encode.x /mnt/data/datasets/machine-learning-matrices-split/glove.q4k.csv.20.8.B.vc
Ans-fold time: 27.7133
==== Integer vector .C compression
Command: /home/louza/mm-repair/sdsl/encode.x /mnt/data/datasets/machine-learning-matrices-split/glove.q4k.csv.20.9.A.vc.C 
==== Integer vector .R compression
Command: /home/louza/mm-repair/sdsl/encode.x /mnt/data/datasets/machine-learning-matrices-split/glove.q4k.csv.20.9.A.vc.R 
Integer vector compression time: 0.2610
==== Ans-fold compression
Command: /home/louza/mm-repair/ans/encode.x /mnt/data/datasets/machine-learning-matrices-split/glove.q4k.csv.20.9.A.vc.C 
Command: /home/louza/mm-repair/ans/encode.x /mnt/data/datasets/machine-learning-matrices-split/glove.q4k.csv.20.9.B.vc
Ans-fold time: 31.1615
==== Integer vector .C compression
Command: /home/louza/mm-repair/sdsl/encode.x /mnt/data/datasets/machine-learning-matrices-split/glove.q4k.csv.20.10.A.vc.C 
==== Integer vector .R compression
Command: /home/louza/mm-repair/sdsl/encode.x /mnt/data/datasets/machine-learning-matrices-split/glove.q4k.csv.20.10.A.vc.R 
Integer vector compression time: 0.1369
==== Ans-fold compression
Command: /home/louza/mm-repair/ans/encode.x /mnt/data/datasets/machine-learning-matrices-split/glove.q4k.csv.20.10.A.vc.C 
Command: /home/louza/mm-repair/ans/encode.x /mnt/data/datasets/machine-learning-matrices-split/glove.q4k.csv.20.10.B.vc
Ans-fold time: 32.9705
==== Integer vector .C compression
Command: /home/louza/mm-repair/sdsl/encode.x /mnt/data/datasets/machine-learning-matrices-split/glove.q4k.csv.20.11.A.vc.C 
==== Integer vector .R compression
Command: /home/louza/mm-repair/sdsl/encode.x /mnt/data/datasets/machine-learning-matrices-split/glove.q4k.csv.20.11.A.vc.R 
Integer vector compression time: 0.2021
==== Ans-fold compression
Command: /home/louza/mm-repair/ans/encode.x /mnt/data/datasets/machine-learning-matrices-split/glove.q4k.csv.20.11.A.vc.C 
Command: /home/louza/mm-repair/ans/encode.x /mnt/data/datasets/machine-learning-matrices-split/glove.q4k.csv.20.11.B.vc
Ans-fold time: 34.8061
==== Integer vector .C compression
Command: /home/louza/mm-repair/sdsl/encode.x /mnt/data/datasets/machine-learning-matrices-split/glove.q4k.csv.20.12.A.vc.C 
==== Integer vector .R compression
Command: /home/louza/mm-repair/sdsl/encode.x /mnt/data/datasets/machine-learning-matrices-split/glove.q4k.csv.20.12.A.vc.R 
Integer vector compression time: 0.4184
==== Ans-fold compression
Command: /home/louza/mm-repair/ans/encode.x /mnt/data/datasets/machine-learning-matrices-split/glove.q4k.csv.20.12.A.vc.C 
Command: /home/louza/mm-repair/ans/encode.x /mnt/data/datasets/machine-learning-matrices-split/glove.q4k.csv.20.12.B.vc
Ans-fold time: 36.7510
==== Integer vector .C compression
Command: /home/louza/mm-repair/sdsl/encode.x /mnt/data/datasets/machine-learning-matrices-split/glove.q4k.csv.20.13.A.vc.C 
==== Integer vector .R compression
Command: /home/louza/mm-repair/sdsl/encode.x /mnt/data/datasets/machine-learning-matrices-split/glove.q4k.csv.20.13.A.vc.R 
Integer vector compression time: 0.2987
==== Ans-fold compression
Command: /home/louza/mm-repair/ans/encode.x /mnt/data/datasets/machine-learning-matrices-split/glove.q4k.csv.20.13.A.vc.C 
Command: /home/louza/mm-repair/ans/encode.x /mnt/data/datasets/machine-learning-matrices-split/glove.q4k.csv.20.13.B.vc
Ans-fold time: 38.5629
==== Integer vector .C compression
Command: /home/louza/mm-repair/sdsl/encode.x /mnt/data/datasets/machine-learning-matrices-split/glove.q4k.csv.20.14.A.vc.C 
==== Integer vector .R compression
Command: /home/louza/mm-repair/sdsl/encode.x /mnt/data/datasets/machine-learning-matrices-split/glove.q4k.csv.20.14.A.vc.R 
Integer vector compression time: 0.2942
==== Ans-fold compression
Command: /home/louza/mm-repair/ans/encode.x /mnt/data/datasets/machine-learning-matrices-split/glove.q4k.csv.20.14.A.vc.C 
Command: /home/louza/mm-repair/ans/encode.x /mnt/data/datasets/machine-learning-matrices-split/glove.q4k.csv.20.14.B.vc
Ans-fold time: 40.2518
==== Integer vector .C compression
Command: /home/louza/mm-repair/sdsl/encode.x /mnt/data/datasets/machine-learning-matrices-split/glove.q4k.csv.20.15.A.vc.C 
==== Integer vector .R compression
Command: /home/louza/mm-repair/sdsl/encode.x /mnt/data/datasets/machine-learning-matrices-split/glove.q4k.csv.20.15.A.vc.R 
Integer vector compression time: 0.1733
==== Ans-fold compression
Command: /home/louza/mm-repair/ans/encode.x /mnt/data/datasets/machine-learning-matrices-split/glove.q4k.csv.20.15.A.vc.C 
Command: /home/louza/mm-repair/ans/encode.x /mnt/data/datasets/machine-learning-matrices-split/glove.q4k.csv.20.15.B.vc
Ans-fold time: 43.4345
==== Integer vector .C compression
Command: /home/louza/mm-repair/sdsl/encode.x /mnt/data/datasets/machine-learning-matrices-split/glove.q4k.csv.20.16.A.vc.C 
==== Integer vector .R compression
Command: /home/louza/mm-repair/sdsl/encode.x /mnt/data/datasets/machine-learning-matrices-split/glove.q4k.csv.20.16.A.vc.R 
Integer vector compression time: 0.2937
==== Ans-fold compression
Command: /home/louza/mm-repair/ans/encode.x /mnt/data/datasets/machine-learning-matrices-split/glove.q4k.csv.20.16.A.vc.C 
Command: /home/louza/mm-repair/ans/encode.x /mnt/data/datasets/machine-learning-matrices-split/glove.q4k.csv.20.16.B.vc
Ans-fold time: 45.6372
==== Integer vector .C compression
Command: /home/louza/mm-repair/sdsl/encode.x /mnt/data/datasets/machine-learning-matrices-split/glove.q4k.csv.20.17.A.vc.C 
==== Integer vector .R compression
Command: /home/louza/mm-repair/sdsl/encode.x /mnt/data/datasets/machine-learning-matrices-split/glove.q4k.csv.20.17.A.vc.R 
Integer vector compression time: 0.2759
==== Ans-fold compression
Command: /home/louza/mm-repair/ans/encode.x /mnt/data/datasets/machine-learning-matrices-split/glove.q4k.csv.20.17.A.vc.C 
Command: /home/louza/mm-repair/ans/encode.x /mnt/data/datasets/machine-learning-matrices-split/glove.q4k.csv.20.17.B.vc
Ans-fold time: 47.1781
==== Integer vector .C compression
Command: /home/louza/mm-repair/sdsl/encode.x /mnt/data/datasets/machine-learning-matrices-split/glove.q4k.csv.20.18.A.vc.C 
==== Integer vector .R compression
Command: /home/louza/mm-repair/sdsl/encode.x /mnt/data/datasets/machine-learning-matrices-split/glove.q4k.csv.20.18.A.vc.R 
Integer vector compression time: 0.3327
==== Ans-fold compression
Command: /home/louza/mm-repair/ans/encode.x /mnt/data/datasets/machine-learning-matrices-split/glove.q4k.csv.20.18.A.vc.C 
Command: /home/louza/mm-repair/ans/encode.x /mnt/data/datasets/machine-learning-matrices-split/glove.q4k.csv.20.18.B.vc
Ans-fold time: 48.8359
==== Integer vector .C compression
Command: /home/louza/mm-repair/sdsl/encode.x /mnt/data/datasets/machine-learning-matrices-split/glove.q4k.csv.20.19.A.vc.C 
==== Integer vector .R compression
Command: /home/louza/mm-repair/sdsl/encode.x /mnt/data/datasets/machine-learning-matrices-split/glove.q4k.csv.20.19.A.vc.R 
Integer vector compression time: 0.0996
==== Ans-fold compression
Command: /home/louza/mm-repair/ans/encode.x /mnt/data/datasets/machine-learning-matrices-split/glove.q4k.csv.20.19.A.vc.C 
Command: /home/louza/mm-repair/ans/encode.x /mnt/data/datasets/machine-learning-matrices-split/glove.q4k.csv.20.19.B.vc
Ans-fold time: 50.9179
Command: /home/louza/mm-repair/ans/encode.x /mnt/data/datasets/machine-learning-matrices-split/glove.q4k.csv.wcode 
Elapsed time: 751.8469
==== Compression Report:
 >> matrix name: /mnt/data/datasets/machine-learning-matrices-split/glove.q4k.csv
 >> conversion time: 694.70
 >> repair time: 0.31
 >> integer vectors time: 0.10
 >> ansf time: 50.92
 >> total time: 751.85
 >> wcode: 2334536 bytes
 >> wcode_ans: 47562 bytes
 >> matrix log(alpha)xNumEntries size: 180000000 bytes
 >> matrix dense size: 960000000 bytes
 >> total number of nonzero: 169360 (0.14%)
 >> number of distinct nonzero: 3294
 >> CRSV  size: 2303792 bytes  (0.24%)
 >> B	  size: 480922560 bytes  (50.10%)
 >> B_ans size: 275888115 bytes  (28.74%)
 >> RE32  size: 280412863 bytes  (29.21%)
 >> REIV  size: 279566019 bytes  (29.12%)
 >> REANS size: 276310314 bytes  (28.78%)
==== Done

#### 2026-09-08 10:20:57
 Command line: ./mm-repair/matrepair -r -b 20 -p 20 /mnt/data/datasets/machine-learning-matrices-split/glove.q4k.csv 400000 300 --ole --mapping --split 
Setting memory for each repair instance to 23202 MBs
Sending logging messages to file: /mnt/data/datasets/machine-learning-matrices-split/glove.q4k.csv.log
==== Conversion bin/csv->csrv
Command: /home/louza/mm-repair/csvmat2csrv -b 20   /mnt/data/datasets/machine-learning-matrices-split/glove.q4k.csv -r 0 -m -s 400000 300
Conversion time: 541.1700
==== Repair paralell compression
---- Executing 20 parallel processes
---- Parallel processing completed
Repair time: 0.2010
==== Integer vector .C compression
Command: /home/louza/mm-repair/sdsl/encode.x /mnt/data/datasets/machine-learning-matrices-split/glove.q4k.csv.20.0.A.vc.C 
==== Integer vector .R compression
Command: /home/louza/mm-repair/sdsl/encode.x /mnt/data/datasets/machine-learning-matrices-split/glove.q4k.csv.20.0.A.vc.R 
Integer vector compression time: 0.4303
==== OLE
Command: /home/louza/mm-repair/ole/encode.x /mnt/data/datasets/machine-learning-matrices-split/glove.q4k.csv.20.0.A.vc.C 
Command: /home/louza/mm-repair/ole/encode.x /mnt/data/datasets/machine-learning-matrices-split/glove.q4k.csv.20.0.B.vc 
OLE time: 0.6171
==== Ans-fold compression
Command: /home/louza/mm-repair/ans/encode.x /mnt/data/datasets/machine-learning-matrices-split/glove.q4k.csv.20.0.A.vc.C 
Command: /home/louza/mm-repair/ans/encode.x /mnt/data/datasets/machine-learning-matrices-split/glove.q4k.csv.20.0.B.vc
Ans-fold time: 1.1807
==== Integer vector .C compression
Command: /home/louza/mm-repair/sdsl/encode.x /mnt/data/datasets/machine-learning-matrices-split/glove.q4k.csv.20.1.A.vc.C 
==== Integer vector .R compression
Command: /home/louza/mm-repair/sdsl/encode.x /mnt/data/datasets/machine-learning-matrices-split/glove.q4k.csv.20.1.A.vc.R 
Integer vector compression time: 0.0437
==== OLE
Command: /home/louza/mm-repair/ole/encode.x /mnt/data/datasets/machine-learning-matrices-split/glove.q4k.csv.20.1.A.vc.C 
Command: /home/louza/mm-repair/ole/encode.x /mnt/data/datasets/machine-learning-matrices-split/glove.q4k.csv.20.1.B.vc 
OLE time: 1.3290
==== Ans-fold compression
Command: /home/louza/mm-repair/ans/encode.x /mnt/data/datasets/machine-learning-matrices-split/glove.q4k.csv.20.1.A.vc.C 
Command: /home/louza/mm-repair/ans/encode.x /mnt/data/datasets/machine-learning-matrices-split/glove.q4k.csv.20.1.B.vc
Ans-fold time: 2.1810
==== Integer vector .C compression
Command: /home/louza/mm-repair/sdsl/encode.x /mnt/data/datasets/machine-learning-matrices-split/glove.q4k.csv.20.2.A.vc.C 
==== Integer vector .R compression
Command: /home/louza/mm-repair/sdsl/encode.x /mnt/data/datasets/machine-learning-matrices-split/glove.q4k.csv.20.2.A.vc.R 
Integer vector compression time: 0.4298
==== OLE
Command: /home/louza/mm-repair/ole/encode.x /mnt/data/datasets/machine-learning-matrices-split/glove.q4k.csv.20.2.A.vc.C 
Command: /home/louza/mm-repair/ole/encode.x /mnt/data/datasets/machine-learning-matrices-split/glove.q4k.csv.20.2.B.vc 
OLE time: 1.9787
==== Ans-fold compression
Command: /home/louza/mm-repair/ans/encode.x /mnt/data/datasets/machine-learning-matrices-split/glove.q4k.csv.20.2.A.vc.C 
Command: /home/louza/mm-repair/ans/encode.x /mnt/data/datasets/machine-learning-matrices-split/glove.q4k.csv.20.2.B.vc
Ans-fold time: 3.6749
==== Integer vector .C compression
Command: /home/louza/mm-repair/sdsl/encode.x /mnt/data/datasets/machine-learning-matrices-split/glove.q4k.csv.20.3.A.vc.C 
==== Integer vector .R compression
Command: /home/louza/mm-repair/sdsl/encode.x /mnt/data/datasets/machine-learning-matrices-split/glove.q4k.csv.20.3.A.vc.R 
Integer vector compression time: 0.3953
==== OLE
Command: /home/louza/mm-repair/ole/encode.x /mnt/data/datasets/machine-learning-matrices-split/glove.q4k.csv.20.3.A.vc.C 
Command: /home/louza/mm-repair/ole/encode.x /mnt/data/datasets/machine-learning-matrices-split/glove.q4k.csv.20.3.B.vc 
OLE time: 2.0855
==== Ans-fold compression
Command: /home/louza/mm-repair/ans/encode.x /mnt/data/datasets/machine-learning-matrices-split/glove.q4k.csv.20.3.A.vc.C 
Command: /home/louza/mm-repair/ans/encode.x /mnt/data/datasets/machine-learning-matrices-split/glove.q4k.csv.20.3.B.vc
Ans-fold time: 4.7189
==== Integer vector .C compression
Command: /home/louza/mm-repair/sdsl/encode.x /mnt/data/datasets/machine-learning-matrices-split/glove.q4k.csv.20.4.A.vc.C 
==== Integer vector .R compression
Command: /home/louza/mm-repair/sdsl/encode.x /mnt/data/datasets/machine-learning-matrices-split/glove.q4k.csv.20.4.A.vc.R 
Integer vector compression time: 0.1875
==== OLE
Command: /home/louza/mm-repair/ole/encode.x /mnt/data/datasets/machine-learning-matrices-split/glove.q4k.csv.20.4.A.vc.C 
Command: /home/louza/mm-repair/ole/encode.x /mnt/data/datasets/machine-learning-matrices-split/glove.q4k.csv.20.4.B.vc 
OLE time: 2.0080
==== Ans-fold compression
Command: /home/louza/mm-repair/ans/encode.x /mnt/data/datasets/machine-learning-matrices-split/glove.q4k.csv.20.4.A.vc.C 
Command: /home/louza/mm-repair/ans/encode.x /mnt/data/datasets/machine-learning-matrices-split/glove.q4k.csv.20.4.B.vc
Ans-fold time: 6.0048
==== Integer vector .C compression
Command: /home/louza/mm-repair/sdsl/encode.x /mnt/data/datasets/machine-learning-matrices-split/glove.q4k.csv.20.5.A.vc.C 
==== Integer vector .R compression
Command: /home/louza/mm-repair/sdsl/encode.x /mnt/data/datasets/machine-learning-matrices-split/glove.q4k.csv.20.5.A.vc.R 
Integer vector compression time: 0.2137
==== OLE
Command: /home/louza/mm-repair/ole/encode.x /mnt/data/datasets/machine-learning-matrices-split/glove.q4k.csv.20.5.A.vc.C 
Command: /home/louza/mm-repair/ole/encode.x /mnt/data/datasets/machine-learning-matrices-split/glove.q4k.csv.20.5.B.vc 
OLE time: 1.3566
==== Ans-fold compression
Command: /home/louza/mm-repair/ans/encode.x /mnt/data/datasets/machine-learning-matrices-split/glove.q4k.csv.20.5.A.vc.C 
Command: /home/louza/mm-repair/ans/encode.x /mnt/data/datasets/machine-learning-matrices-split/glove.q4k.csv.20.5.B.vc
Ans-fold time: 7.3840
==== Integer vector .C compression
Command: /home/louza/mm-repair/sdsl/encode.x /mnt/data/datasets/machine-learning-matrices-split/glove.q4k.csv.20.6.A.vc.C 
==== Integer vector .R compression
Command: /home/louza/mm-repair/sdsl/encode.x /mnt/data/datasets/machine-learning-matrices-split/glove.q4k.csv.20.6.A.vc.R 
Integer vector compression time: 0.1181
==== OLE
Command: /home/louza/mm-repair/ole/encode.x /mnt/data/datasets/machine-learning-matrices-split/glove.q4k.csv.20.6.A.vc.C 
Command: /home/louza/mm-repair/ole/encode.x /mnt/data/datasets/machine-learning-matrices-split/glove.q4k.csv.20.6.B.vc 
OLE time: 0.3629
==== Ans-fold compression
Command: /home/louza/mm-repair/ans/encode.x /mnt/data/datasets/machine-learning-matrices-split/glove.q4k.csv.20.6.A.vc.C 
Command: /home/louza/mm-repair/ans/encode.x /mnt/data/datasets/machine-learning-matrices-split/glove.q4k.csv.20.6.B.vc
Ans-fold time: 7.8434
==== Integer vector .C compression
Command: /home/louza/mm-repair/sdsl/encode.x /mnt/data/datasets/machine-learning-matrices-split/glove.q4k.csv.20.7.A.vc.C 
==== Integer vector .R compression
Command: /home/louza/mm-repair/sdsl/encode.x /mnt/data/datasets/machine-learning-matrices-split/glove.q4k.csv.20.7.A.vc.R 
Integer vector compression time: 0.1017
==== OLE
Command: /home/louza/mm-repair/ole/encode.x /mnt/data/datasets/machine-learning-matrices-split/glove.q4k.csv.20.7.A.vc.C 
Command: /home/louza/mm-repair/ole/encode.x /mnt/data/datasets/machine-learning-matrices-split/glove.q4k.csv.20.7.B.vc 
OLE time: 1.3361
==== Ans-fold compression
Command: /home/louza/mm-repair/ans/encode.x /mnt/data/datasets/machine-learning-matrices-split/glove.q4k.csv.20.7.A.vc.C 
Command: /home/louza/mm-repair/ans/encode.x /mnt/data/datasets/machine-learning-matrices-split/glove.q4k.csv.20.7.B.vc
Ans-fold time: 8.5072
==== Integer vector .C compression
Command: /home/louza/mm-repair/sdsl/encode.x /mnt/data/datasets/machine-learning-matrices-split/glove.q4k.csv.20.8.A.vc.C 
==== Integer vector .R compression
Command: /home/louza/mm-repair/sdsl/encode.x /mnt/data/datasets/machine-learning-matrices-split/glove.q4k.csv.20.8.A.vc.R 
Integer vector compression time: 0.0750
==== OLE
Command: /home/louza/mm-repair/ole/encode.x /mnt/data/datasets/machine-learning-matrices-split/glove.q4k.csv.20.8.A.vc.C 
Command: /home/louza/mm-repair/ole/encode.x /mnt/data/datasets/machine-learning-matrices-split/glove.q4k.csv.20.8.B.vc 
OLE time: 2.6637
==== Ans-fold compression
Command: /home/louza/mm-repair/ans/encode.x /mnt/data/datasets/machine-learning-matrices-split/glove.q4k.csv.20.8.A.vc.C 
Command: /home/louza/mm-repair/ans/encode.x /mnt/data/datasets/machine-learning-matrices-split/glove.q4k.csv.20.8.B.vc
Ans-fold time: 9.6421
==== Integer vector .C compression
Command: /home/louza/mm-repair/sdsl/encode.x /mnt/data/datasets/machine-learning-matrices-split/glove.q4k.csv.20.9.A.vc.C 
==== Integer vector .R compression
Command: /home/louza/mm-repair/sdsl/encode.x /mnt/data/datasets/machine-learning-matrices-split/glove.q4k.csv.20.9.A.vc.R 
Integer vector compression time: 0.1042
==== OLE
Command: /home/louza/mm-repair/ole/encode.x /mnt/data/datasets/machine-learning-matrices-split/glove.q4k.csv.20.9.A.vc.C 
Command: /home/louza/mm-repair/ole/encode.x /mnt/data/datasets/machine-learning-matrices-split/glove.q4k.csv.20.9.B.vc 
OLE time: 0.6948
==== Ans-fold compression
Command: /home/louza/mm-repair/ans/encode.x /mnt/data/datasets/machine-learning-matrices-split/glove.q4k.csv.20.9.A.vc.C 
Command: /home/louza/mm-repair/ans/encode.x /mnt/data/datasets/machine-learning-matrices-split/glove.q4k.csv.20.9.B.vc
Ans-fold time: 12.3463
==== Integer vector .C compression
Command: /home/louza/mm-repair/sdsl/encode.x /mnt/data/datasets/machine-learning-matrices-split/glove.q4k.csv.20.10.A.vc.C 
==== Integer vector .R compression
Command: /home/louza/mm-repair/sdsl/encode.x /mnt/data/datasets/machine-learning-matrices-split/glove.q4k.csv.20.10.A.vc.R 
Integer vector compression time: 0.2600
==== OLE
Command: /home/louza/mm-repair/ole/encode.x /mnt/data/datasets/machine-learning-matrices-split/glove.q4k.csv.20.10.A.vc.C 
Command: /home/louza/mm-repair/ole/encode.x /mnt/data/datasets/machine-learning-matrices-split/glove.q4k.csv.20.10.B.vc 
OLE time: 2.2229
==== Ans-fold compression
Command: /home/louza/mm-repair/ans/encode.x /mnt/data/datasets/machine-learning-matrices-split/glove.q4k.csv.20.10.A.vc.C 
Command: /home/louza/mm-repair/ans/encode.x /mnt/data/datasets/machine-learning-matrices-split/glove.q4k.csv.20.10.B.vc
Ans-fold time: 13.6254
==== Integer vector .C compression
Command: /home/louza/mm-repair/sdsl/encode.x /mnt/data/datasets/machine-learning-matrices-split/glove.q4k.csv.20.11.A.vc.C 
==== Integer vector .R compression
Command: /home/louza/mm-repair/sdsl/encode.x /mnt/data/datasets/machine-learning-matrices-split/glove.q4k.csv.20.11.A.vc.R 
Integer vector compression time: 0.3599
==== OLE
Command: /home/louza/mm-repair/ole/encode.x /mnt/data/datasets/machine-learning-matrices-split/glove.q4k.csv.20.11.A.vc.C 
Command: /home/louza/mm-repair/ole/encode.x /mnt/data/datasets/machine-learning-matrices-split/glove.q4k.csv.20.11.B.vc 
OLE time: 2.0257
==== Ans-fold compression
Command: /home/louza/mm-repair/ans/encode.x /mnt/data/datasets/machine-learning-matrices-split/glove.q4k.csv.20.11.A.vc.C 
Command: /home/louza/mm-repair/ans/encode.x /mnt/data/datasets/machine-learning-matrices-split/glove.q4k.csv.20.11.B.vc
Ans-fold time: 14.8271
==== Integer vector .C compression
Command: /home/louza/mm-repair/sdsl/encode.x /mnt/data/datasets/machine-learning-matrices-split/glove.q4k.csv.20.12.A.vc.C 
==== Integer vector .R compression
Command: /home/louza/mm-repair/sdsl/encode.x /mnt/data/datasets/machine-learning-matrices-split/glove.q4k.csv.20.12.A.vc.R 
Integer vector compression time: 0.2001
==== OLE
Command: /home/louza/mm-repair/ole/encode.x /mnt/data/datasets/machine-learning-matrices-split/glove.q4k.csv.20.12.A.vc.C 
Command: /home/louza/mm-repair/ole/encode.x /mnt/data/datasets/machine-learning-matrices-split/glove.q4k.csv.20.12.B.vc 
OLE time: 1.1727
==== Ans-fold compression
Command: /home/louza/mm-repair/ans/encode.x /mnt/data/datasets/machine-learning-matrices-split/glove.q4k.csv.20.12.A.vc.C 
Command: /home/louza/mm-repair/ans/encode.x /mnt/data/datasets/machine-learning-matrices-split/glove.q4k.csv.20.12.B.vc
Ans-fold time: 15.8705
==== Integer vector .C compression
Command: /home/louza/mm-repair/sdsl/encode.x /mnt/data/datasets/machine-learning-matrices-split/glove.q4k.csv.20.13.A.vc.C 
==== Integer vector .R compression
Command: /home/louza/mm-repair/sdsl/encode.x /mnt/data/datasets/machine-learning-matrices-split/glove.q4k.csv.20.13.A.vc.R 
Integer vector compression time: 0.1563
==== OLE
Command: /home/louza/mm-repair/ole/encode.x /mnt/data/datasets/machine-learning-matrices-split/glove.q4k.csv.20.13.A.vc.C 
Command: /home/louza/mm-repair/ole/encode.x /mnt/data/datasets/machine-learning-matrices-split/glove.q4k.csv.20.13.B.vc 
OLE time: 1.3707
==== Ans-fold compression
Command: /home/louza/mm-repair/ans/encode.x /mnt/data/datasets/machine-learning-matrices-split/glove.q4k.csv.20.13.A.vc.C 
Command: /home/louza/mm-repair/ans/encode.x /mnt/data/datasets/machine-learning-matrices-split/glove.q4k.csv.20.13.B.vc
Ans-fold time: 16.8609
==== Integer vector .C compression
Command: /home/louza/mm-repair/sdsl/encode.x /mnt/data/datasets/machine-learning-matrices-split/glove.q4k.csv.20.14.A.vc.C 
==== Integer vector .R compression
Command: /home/louza/mm-repair/sdsl/encode.x /mnt/data/datasets/machine-learning-matrices-split/glove.q4k.csv.20.14.A.vc.R 
Integer vector compression time: 0.0746
==== OLE
Command: /home/louza/mm-repair/ole/encode.x /mnt/data/datasets/machine-learning-matrices-split/glove.q4k.csv.20.14.A.vc.C 
Command: /home/louza/mm-repair/ole/encode.x /mnt/data/datasets/machine-learning-matrices-split/glove.q4k.csv.20.14.B.vc 
OLE time: 1.4445
==== Ans-fold compression
Command: /home/louza/mm-repair/ans/encode.x /mnt/data/datasets/machine-learning-matrices-split/glove.q4k.csv.20.14.A.vc.C 
Command: /home/louza/mm-repair/ans/encode.x /mnt/data/datasets/machine-learning-matrices-split/glove.q4k.csv.20.14.B.vc
Ans-fold time: 17.4600
==== Integer vector .C compression
Command: /home/louza/mm-repair/sdsl/encode.x /mnt/data/datasets/machine-learning-matrices-split/glove.q4k.csv.20.15.A.vc.C 
==== Integer vector .R compression
Command: /home/louza/mm-repair/sdsl/encode.x /mnt/data/datasets/machine-learning-matrices-split/glove.q4k.csv.20.15.A.vc.R 
Integer vector compression time: 0.0564
==== OLE
Command: /home/louza/mm-repair/ole/encode.x /mnt/data/datasets/machine-learning-matrices-split/glove.q4k.csv.20.15.A.vc.C 
Command: /home/louza/mm-repair/ole/encode.x /mnt/data/datasets/machine-learning-matrices-split/glove.q4k.csv.20.15.B.vc 
OLE time: 1.1255
==== Ans-fold compression
Command: /home/louza/mm-repair/ans/encode.x /mnt/data/datasets/machine-learning-matrices-split/glove.q4k.csv.20.15.A.vc.C 
Command: /home/louza/mm-repair/ans/encode.x /mnt/data/datasets/machine-learning-matrices-split/glove.q4k.csv.20.15.B.vc
Ans-fold time: 18.6390
==== Integer vector .C compression
Command: /home/louza/mm-repair/sdsl/encode.x /mnt/data/datasets/machine-learning-matrices-split/glove.q4k.csv.20.16.A.vc.C 
==== Integer vector .R compression
Command: /home/louza/mm-repair/sdsl/encode.x /mnt/data/datasets/machine-learning-matrices-split/glove.q4k.csv.20.16.A.vc.R 
Integer vector compression time: 0.1868
==== OLE
Command: /home/louza/mm-repair/ole/encode.x /mnt/data/datasets/machine-learning-matrices-split/glove.q4k.csv.20.16.A.vc.C 
Command: /home/louza/mm-repair/ole/encode.x /mnt/data/datasets/machine-learning-matrices-split/glove.q4k.csv.20.16.B.vc 
OLE time: 1.7144
==== Ans-fold compression
Command: /home/louza/mm-repair/ans/encode.x /mnt/data/datasets/machine-learning-matrices-split/glove.q4k.csv.20.16.A.vc.C 
Command: /home/louza/mm-repair/ans/encode.x /mnt/data/datasets/machine-learning-matrices-split/glove.q4k.csv.20.16.B.vc
Ans-fold time: 19.9529
==== Integer vector .C compression
Command: /home/louza/mm-repair/sdsl/encode.x /mnt/data/datasets/machine-learning-matrices-split/glove.q4k.csv.20.17.A.vc.C 
==== Integer vector .R compression
Command: /home/louza/mm-repair/sdsl/encode.x /mnt/data/datasets/machine-learning-matrices-split/glove.q4k.csv.20.17.A.vc.R 
Integer vector compression time: 0.1659
==== OLE
Command: /home/louza/mm-repair/ole/encode.x /mnt/data/datasets/machine-learning-matrices-split/glove.q4k.csv.20.17.A.vc.C 
Command: /home/louza/mm-repair/ole/encode.x /mnt/data/datasets/machine-learning-matrices-split/glove.q4k.csv.20.17.B.vc 
OLE time: 2.0585
==== Ans-fold compression
Command: /home/louza/mm-repair/ans/encode.x /mnt/data/datasets/machine-learning-matrices-split/glove.q4k.csv.20.17.A.vc.C 
Command: /home/louza/mm-repair/ans/encode.x /mnt/data/datasets/machine-learning-matrices-split/glove.q4k.csv.20.17.B.vc
Ans-fold time: 21.3165
==== Integer vector .C compression
Command: /home/louza/mm-repair/sdsl/encode.x /mnt/data/datasets/machine-learning-matrices-split/glove.q4k.csv.20.18.A.vc.C 
==== Integer vector .R compression
Command: /home/louza/mm-repair/sdsl/encode.x /mnt/data/datasets/machine-learning-matrices-split/glove.q4k.csv.20.18.A.vc.R 
Integer vector compression time: 0.2792
==== OLE
Command: /home/louza/mm-repair/ole/encode.x /mnt/data/datasets/machine-learning-matrices-split/glove.q4k.csv.20.18.A.vc.C 
Command: /home/louza/mm-repair/ole/encode.x /mnt/data/datasets/machine-learning-matrices-split/glove.q4k.csv.20.18.B.vc 
OLE time: 1.4475
==== Ans-fold compression
Command: /home/louza/mm-repair/ans/encode.x /mnt/data/datasets/machine-learning-matrices-split/glove.q4k.csv.20.18.A.vc.C 
Command: /home/louza/mm-repair/ans/encode.x /mnt/data/datasets/machine-learning-matrices-split/glove.q4k.csv.20.18.B.vc
Ans-fold time: 21.9185
==== Integer vector .C compression
Command: /home/louza/mm-repair/sdsl/encode.x /mnt/data/datasets/machine-learning-matrices-split/glove.q4k.csv.20.19.A.vc.C 
==== Integer vector .R compression
Command: /home/louza/mm-repair/sdsl/encode.x /mnt/data/datasets/machine-learning-matrices-split/glove.q4k.csv.20.19.A.vc.R 
Integer vector compression time: 0.1969
==== OLE
Command: /home/louza/mm-repair/ole/encode.x /mnt/data/datasets/machine-learning-matrices-split/glove.q4k.csv.20.19.A.vc.C 
Command: /home/louza/mm-repair/ole/encode.x /mnt/data/datasets/machine-learning-matrices-split/glove.q4k.csv.20.19.B.vc 
OLE time: 0.7152
==== Ans-fold compression
Command: /home/louza/mm-repair/ans/encode.x /mnt/data/datasets/machine-learning-matrices-split/glove.q4k.csv.20.19.A.vc.C 
Command: /home/louza/mm-repair/ans/encode.x /mnt/data/datasets/machine-learning-matrices-split/glove.q4k.csv.20.19.B.vc
Ans-fold time: 22.5051
Command: /home/louza/mm-repair/ans/encode.x /mnt/data/datasets/machine-learning-matrices-split/glove.q4k.csv.wcode 
Elapsed time: 599.5070
==== Compression Report:
 >> matrix name: /mnt/data/datasets/machine-learning-matrices-split/glove.q4k.csv
 >> conversion time: 541.17
 >> repair time: 0.20
 >> integer vectors time: 0.20
 >> ansf time: 22.51
 >> total time: 599.51
 >> wcode: 2334536 bytes
 >> wcode_ans: 47562 bytes
 >> matrix log(alpha)xNumEntries size: 180000000 bytes
 >> matrix dense size: 960000000 bytes
 >> total number of nonzero: 169360 (0.14%)
 >> number of distinct nonzero: 3294
 >> CRSV  size: 2303792 bytes  (0.24%)
 >> B	  size: 480922560 bytes  (50.10%)
 >> B_ans size: 177743021 bytes  (18.51%)
 >> RE32  size: 182267769 bytes  (18.99%)
 >> REIV  size: 181420925 bytes  (18.90%)
 >> REANS size: 178162660 bytes  (18.56%)
==== Done
REANS -b 24


#### 2026-09-09 20:23:54
 Command line: ./mm-repair/matrepair -r -b 24 -p 24 /mnt/data/datasets/machine-learning-matrices-split/glove.q4k.csv 400000 300 
Setting memory for each repair instance to 19335 MBs
Sending logging messages to file: /mnt/data/datasets/machine-learning-matrices-split/glove.q4k.csv.log
==== Conversion bin/csv->csrv
Command: /home/louza/mm-repair/csvmat2csrv -b 24   /mnt/data/datasets/machine-learning-matrices-split/glove.q4k.csv -r 0   400000 300
Conversion time: 25.5284
==== Repair paralell compression
---- Executing 24 parallel processes
---- Parallel processing completed
Repair time: 14.5697
==== Integer vector .C compression
Command: /home/louza/mm-repair/sdsl/encode.x /mnt/data/datasets/machine-learning-matrices-split/glove.q4k.csv.24.0.vc.C 
==== Integer vector .R compression
Command: /home/louza/mm-repair/sdsl/encode.x /mnt/data/datasets/machine-learning-matrices-split/glove.q4k.csv.24.0.vc.R 
Integer vector compression time: 0.3431
==== Ans-fold compression
Command: /home/louza/mm-repair/ans/encode.x /mnt/data/datasets/machine-learning-matrices-split/glove.q4k.csv.24.0.vc.C 
Ans-fold time: 2.6095
==== Integer vector .C compression
Command: /home/louza/mm-repair/sdsl/encode.x /mnt/data/datasets/machine-learning-matrices-split/glove.q4k.csv.24.1.vc.C 
==== Integer vector .R compression
Command: /home/louza/mm-repair/sdsl/encode.x /mnt/data/datasets/machine-learning-matrices-split/glove.q4k.csv.24.1.vc.R 
Integer vector compression time: 0.2721
==== Ans-fold compression
Command: /home/louza/mm-repair/ans/encode.x /mnt/data/datasets/machine-learning-matrices-split/glove.q4k.csv.24.1.vc.C 
Ans-fold time: 3.1439
==== Integer vector .C compression
Command: /home/louza/mm-repair/sdsl/encode.x /mnt/data/datasets/machine-learning-matrices-split/glove.q4k.csv.24.2.vc.C 
==== Integer vector .R compression
Command: /home/louza/mm-repair/sdsl/encode.x /mnt/data/datasets/machine-learning-matrices-split/glove.q4k.csv.24.2.vc.R 
Integer vector compression time: 0.2124
==== Ans-fold compression
Command: /home/louza/mm-repair/ans/encode.x /mnt/data/datasets/machine-learning-matrices-split/glove.q4k.csv.24.2.vc.C 
Ans-fold time: 3.6938
==== Integer vector .C compression
Command: /home/louza/mm-repair/sdsl/encode.x /mnt/data/datasets/machine-learning-matrices-split/glove.q4k.csv.24.3.vc.C 
==== Integer vector .R compression
Command: /home/louza/mm-repair/sdsl/encode.x /mnt/data/datasets/machine-learning-matrices-split/glove.q4k.csv.24.3.vc.R 
Integer vector compression time: 0.2315
==== Ans-fold compression
Command: /home/louza/mm-repair/ans/encode.x /mnt/data/datasets/machine-learning-matrices-split/glove.q4k.csv.24.3.vc.C 
Ans-fold time: 4.2142
==== Integer vector .C compression
Command: /home/louza/mm-repair/sdsl/encode.x /mnt/data/datasets/machine-learning-matrices-split/glove.q4k.csv.24.4.vc.C 
==== Integer vector .R compression
Command: /home/louza/mm-repair/sdsl/encode.x /mnt/data/datasets/machine-learning-matrices-split/glove.q4k.csv.24.4.vc.R 
Integer vector compression time: 0.2096
==== Ans-fold compression
Command: /home/louza/mm-repair/ans/encode.x /mnt/data/datasets/machine-learning-matrices-split/glove.q4k.csv.24.4.vc.C 
Ans-fold time: 4.7125
==== Integer vector .C compression
Command: /home/louza/mm-repair/sdsl/encode.x /mnt/data/datasets/machine-learning-matrices-split/glove.q4k.csv.24.5.vc.C 
==== Integer vector .R compression
Command: /home/louza/mm-repair/sdsl/encode.x /mnt/data/datasets/machine-learning-matrices-split/glove.q4k.csv.24.5.vc.R 
Integer vector compression time: 0.2310
==== Ans-fold compression
Command: /home/louza/mm-repair/ans/encode.x /mnt/data/datasets/machine-learning-matrices-split/glove.q4k.csv.24.5.vc.C 
Ans-fold time: 5.2081
==== Integer vector .C compression
Command: /home/louza/mm-repair/sdsl/encode.x /mnt/data/datasets/machine-learning-matrices-split/glove.q4k.csv.24.6.vc.C 
==== Integer vector .R compression
Command: /home/louza/mm-repair/sdsl/encode.x /mnt/data/datasets/machine-learning-matrices-split/glove.q4k.csv.24.6.vc.R 
Integer vector compression time: 0.2258
==== Ans-fold compression
Command: /home/louza/mm-repair/ans/encode.x /mnt/data/datasets/machine-learning-matrices-split/glove.q4k.csv.24.6.vc.C 
Ans-fold time: 5.7016
==== Integer vector .C compression
Command: /home/louza/mm-repair/sdsl/encode.x /mnt/data/datasets/machine-learning-matrices-split/glove.q4k.csv.24.7.vc.C 
==== Integer vector .R compression
Command: /home/louza/mm-repair/sdsl/encode.x /mnt/data/datasets/machine-learning-matrices-split/glove.q4k.csv.24.7.vc.R 
Integer vector compression time: 0.1965
==== Ans-fold compression
Command: /home/louza/mm-repair/ans/encode.x /mnt/data/datasets/machine-learning-matrices-split/glove.q4k.csv.24.7.vc.C 
Ans-fold time: 6.9294
==== Integer vector .C compression
Command: /home/louza/mm-repair/sdsl/encode.x /mnt/data/datasets/machine-learning-matrices-split/glove.q4k.csv.24.8.vc.C 
==== Integer vector .R compression
Command: /home/louza/mm-repair/sdsl/encode.x /mnt/data/datasets/machine-learning-matrices-split/glove.q4k.csv.24.8.vc.R 
Integer vector compression time: 0.4574
==== Ans-fold compression
Command: /home/louza/mm-repair/ans/encode.x /mnt/data/datasets/machine-learning-matrices-split/glove.q4k.csv.24.8.vc.C 
Ans-fold time: 8.4396
==== Integer vector .C compression
Command: /home/louza/mm-repair/sdsl/encode.x /mnt/data/datasets/machine-learning-matrices-split/glove.q4k.csv.24.9.vc.C 
==== Integer vector .R compression
Command: /home/louza/mm-repair/sdsl/encode.x /mnt/data/datasets/machine-learning-matrices-split/glove.q4k.csv.24.9.vc.R 
Integer vector compression time: 0.3023
==== Ans-fold compression
Command: /home/louza/mm-repair/ans/encode.x /mnt/data/datasets/machine-learning-matrices-split/glove.q4k.csv.24.9.vc.C 
Ans-fold time: 10.0231
==== Integer vector .C compression
Command: /home/louza/mm-repair/sdsl/encode.x /mnt/data/datasets/machine-learning-matrices-split/glove.q4k.csv.24.10.vc.C 
==== Integer vector .R compression
Command: /home/louza/mm-repair/sdsl/encode.x /mnt/data/datasets/machine-learning-matrices-split/glove.q4k.csv.24.10.vc.R 
Integer vector compression time: 0.5174
==== Ans-fold compression
Command: /home/louza/mm-repair/ans/encode.x /mnt/data/datasets/machine-learning-matrices-split/glove.q4k.csv.24.10.vc.C 
Ans-fold time: 12.0169
==== Integer vector .C compression
Command: /home/louza/mm-repair/sdsl/encode.x /mnt/data/datasets/machine-learning-matrices-split/glove.q4k.csv.24.11.vc.C 
==== Integer vector .R compression
Command: /home/louza/mm-repair/sdsl/encode.x /mnt/data/datasets/machine-learning-matrices-split/glove.q4k.csv.24.11.vc.R 
Integer vector compression time: 0.3157
==== Ans-fold compression
Command: /home/louza/mm-repair/ans/encode.x /mnt/data/datasets/machine-learning-matrices-split/glove.q4k.csv.24.11.vc.C 
Ans-fold time: 16.0120
==== Integer vector .C compression
Command: /home/louza/mm-repair/sdsl/encode.x /mnt/data/datasets/machine-learning-matrices-split/glove.q4k.csv.24.12.vc.C 
==== Integer vector .R compression
Command: /home/louza/mm-repair/sdsl/encode.x /mnt/data/datasets/machine-learning-matrices-split/glove.q4k.csv.24.12.vc.R 
Integer vector compression time: 0.4553
==== Ans-fold compression
Command: /home/louza/mm-repair/ans/encode.x /mnt/data/datasets/machine-learning-matrices-split/glove.q4k.csv.24.12.vc.C 
Ans-fold time: 19.6180
==== Integer vector .C compression
Command: /home/louza/mm-repair/sdsl/encode.x /mnt/data/datasets/machine-learning-matrices-split/glove.q4k.csv.24.13.vc.C 
==== Integer vector .R compression
Command: /home/louza/mm-repair/sdsl/encode.x /mnt/data/datasets/machine-learning-matrices-split/glove.q4k.csv.24.13.vc.R 
Integer vector compression time: 0.6121
==== Ans-fold compression
Command: /home/louza/mm-repair/ans/encode.x /mnt/data/datasets/machine-learning-matrices-split/glove.q4k.csv.24.13.vc.C 
Ans-fold time: 22.9316
==== Integer vector .C compression
Command: /home/louza/mm-repair/sdsl/encode.x /mnt/data/datasets/machine-learning-matrices-split/glove.q4k.csv.24.14.vc.C 
==== Integer vector .R compression
Command: /home/louza/mm-repair/sdsl/encode.x /mnt/data/datasets/machine-learning-matrices-split/glove.q4k.csv.24.14.vc.R 
Integer vector compression time: 0.7711
==== Ans-fold compression
Command: /home/louza/mm-repair/ans/encode.x /mnt/data/datasets/machine-learning-matrices-split/glove.q4k.csv.24.14.vc.C 
Ans-fold time: 24.8898
==== Integer vector .C compression
Command: /home/louza/mm-repair/sdsl/encode.x /mnt/data/datasets/machine-learning-matrices-split/glove.q4k.csv.24.15.vc.C 
==== Integer vector .R compression
Command: /home/louza/mm-repair/sdsl/encode.x /mnt/data/datasets/machine-learning-matrices-split/glove.q4k.csv.24.15.vc.R 
Integer vector compression time: 0.3525
==== Ans-fold compression
Command: /home/louza/mm-repair/ans/encode.x /mnt/data/datasets/machine-learning-matrices-split/glove.q4k.csv.24.15.vc.C 
Ans-fold time: 25.8705
==== Integer vector .C compression
Command: /home/louza/mm-repair/sdsl/encode.x /mnt/data/datasets/machine-learning-matrices-split/glove.q4k.csv.24.16.vc.C 
==== Integer vector .R compression
Command: /home/louza/mm-repair/sdsl/encode.x /mnt/data/datasets/machine-learning-matrices-split/glove.q4k.csv.24.16.vc.R 
Integer vector compression time: 0.4994
==== Ans-fold compression
Command: /home/louza/mm-repair/ans/encode.x /mnt/data/datasets/machine-learning-matrices-split/glove.q4k.csv.24.16.vc.C 
Ans-fold time: 26.7607
==== Integer vector .C compression
Command: /home/louza/mm-repair/sdsl/encode.x /mnt/data/datasets/machine-learning-matrices-split/glove.q4k.csv.24.17.vc.C 
==== Integer vector .R compression
Command: /home/louza/mm-repair/sdsl/encode.x /mnt/data/datasets/machine-learning-matrices-split/glove.q4k.csv.24.17.vc.R 
Integer vector compression time: 0.3275
==== Ans-fold compression
Command: /home/louza/mm-repair/ans/encode.x /mnt/data/datasets/machine-learning-matrices-split/glove.q4k.csv.24.17.vc.C 
Ans-fold time: 27.6142
==== Integer vector .C compression
Command: /home/louza/mm-repair/sdsl/encode.x /mnt/data/datasets/machine-learning-matrices-split/glove.q4k.csv.24.18.vc.C 
==== Integer vector .R compression
Command: /home/louza/mm-repair/sdsl/encode.x /mnt/data/datasets/machine-learning-matrices-split/glove.q4k.csv.24.18.vc.R 
Integer vector compression time: 0.3061
==== Ans-fold compression
Command: /home/louza/mm-repair/ans/encode.x /mnt/data/datasets/machine-learning-matrices-split/glove.q4k.csv.24.18.vc.C 
Ans-fold time: 28.3981
==== Integer vector .C compression
Command: /home/louza/mm-repair/sdsl/encode.x /mnt/data/datasets/machine-learning-matrices-split/glove.q4k.csv.24.19.vc.C 
==== Integer vector .R compression
Command: /home/louza/mm-repair/sdsl/encode.x /mnt/data/datasets/machine-learning-matrices-split/glove.q4k.csv.24.19.vc.R 
Integer vector compression time: 0.3271
==== Ans-fold compression
Command: /home/louza/mm-repair/ans/encode.x /mnt/data/datasets/machine-learning-matrices-split/glove.q4k.csv.24.19.vc.C 
Ans-fold time: 29.1816
==== Integer vector .C compression
Command: /home/louza/mm-repair/sdsl/encode.x /mnt/data/datasets/machine-learning-matrices-split/glove.q4k.csv.24.20.vc.C 
==== Integer vector .R compression
Command: /home/louza/mm-repair/sdsl/encode.x /mnt/data/datasets/machine-learning-matrices-split/glove.q4k.csv.24.20.vc.R 
Integer vector compression time: 0.3038
==== Ans-fold compression
Command: /home/louza/mm-repair/ans/encode.x /mnt/data/datasets/machine-learning-matrices-split/glove.q4k.csv.24.20.vc.C 
Ans-fold time: 29.9707
==== Integer vector .C compression
Command: /home/louza/mm-repair/sdsl/encode.x /mnt/data/datasets/machine-learning-matrices-split/glove.q4k.csv.24.21.vc.C 
==== Integer vector .R compression
Command: /home/louza/mm-repair/sdsl/encode.x /mnt/data/datasets/machine-learning-matrices-split/glove.q4k.csv.24.21.vc.R 
Integer vector compression time: 0.3236
==== Ans-fold compression
Command: /home/louza/mm-repair/ans/encode.x /mnt/data/datasets/machine-learning-matrices-split/glove.q4k.csv.24.21.vc.C 
Ans-fold time: 30.7057
==== Integer vector .C compression
Command: /home/louza/mm-repair/sdsl/encode.x /mnt/data/datasets/machine-learning-matrices-split/glove.q4k.csv.24.22.vc.C 
==== Integer vector .R compression
Command: /home/louza/mm-repair/sdsl/encode.x /mnt/data/datasets/machine-learning-matrices-split/glove.q4k.csv.24.22.vc.R 
Integer vector compression time: 0.3852
==== Ans-fold compression
Command: /home/louza/mm-repair/ans/encode.x /mnt/data/datasets/machine-learning-matrices-split/glove.q4k.csv.24.22.vc.C 
Ans-fold time: 34.3406
==== Integer vector .C compression
Command: /home/louza/mm-repair/sdsl/encode.x /mnt/data/datasets/machine-learning-matrices-split/glove.q4k.csv.24.23.vc.C 
==== Integer vector .R compression
Command: /home/louza/mm-repair/sdsl/encode.x /mnt/data/datasets/machine-learning-matrices-split/glove.q4k.csv.24.23.vc.R 
Integer vector compression time: 0.3923
==== Ans-fold compression
Command: /home/louza/mm-repair/ans/encode.x /mnt/data/datasets/machine-learning-matrices-split/glove.q4k.csv.24.23.vc.C 
Ans-fold time: 37.1850
Elapsed time: 85.8592
==== Compression Report:
 >> matrix name: /mnt/data/datasets/machine-learning-matrices-split/glove.q4k.csv
 >> conversion time: 25.53
 >> repair time: 14.57
 >> integer vectors time: 0.39
 >> ansf time: 37.19
 >> total time: 85.86
 >> matrix log(alpha)xNumEntries size: 180000000 bytes
 >> matrix dense size: 960000000 bytes
 >> total number of nonzero: 120000000 (100.00%)
 >> number of distinct nonzero: 3294
 >> CRSV  size: 481626352 bytes  (50.17%)
 >> RE32  size: 481546144 bytes  (50.16%)
 >> REIV  size: 303468872 bytes  (31.61%)
 >> REANS size: 279953511 bytes  (29.16%)
==== Done

#### 2026-09-09 20:25:20
 Command line: ./mm-repair/matrepair -r -b 24 -p 24 /mnt/data/datasets/machine-learning-matrices-split/glove.q4k.csv 400000 300 --ole 
Setting memory for each repair instance to 19335 MBs
Sending logging messages to file: /mnt/data/datasets/machine-learning-matrices-split/glove.q4k.csv.log
==== Conversion bin/csv->csrv
Command: /home/louza/mm-repair/csvmat2csrv -b 24   /mnt/data/datasets/machine-learning-matrices-split/glove.q4k.csv -r 0   400000 300
Conversion time: 231.7242
==== Repair paralell compression
---- Executing 24 parallel processes
---- Parallel processing completed
Repair time: 36.9068
==== Integer vector .C compression
Command: /home/louza/mm-repair/sdsl/encode.x /mnt/data/datasets/machine-learning-matrices-split/glove.q4k.csv.24.0.vc.C 
==== Integer vector .R compression
Command: /home/louza/mm-repair/sdsl/encode.x /mnt/data/datasets/machine-learning-matrices-split/glove.q4k.csv.24.0.vc.R 
Integer vector compression time: 0.5173
==== OLE
Command: /home/louza/mm-repair/ole/encode.x /mnt/data/datasets/machine-learning-matrices-split/glove.q4k.csv.24.0.vc.C 
OLE time: 0.4805
==== Ans-fold compression
Command: /home/louza/mm-repair/ans/encode.x /mnt/data/datasets/machine-learning-matrices-split/glove.q4k.csv.24.0.vc.C 
Ans-fold time: 1.4007
==== Integer vector .C compression
Command: /home/louza/mm-repair/sdsl/encode.x /mnt/data/datasets/machine-learning-matrices-split/glove.q4k.csv.24.1.vc.C 
==== Integer vector .R compression
Command: /home/louza/mm-repair/sdsl/encode.x /mnt/data/datasets/machine-learning-matrices-split/glove.q4k.csv.24.1.vc.R 
Integer vector compression time: 0.7758
==== OLE
Command: /home/louza/mm-repair/ole/encode.x /mnt/data/datasets/machine-learning-matrices-split/glove.q4k.csv.24.1.vc.C 
OLE time: 0.9579
==== Ans-fold compression
Command: /home/louza/mm-repair/ans/encode.x /mnt/data/datasets/machine-learning-matrices-split/glove.q4k.csv.24.1.vc.C 
Ans-fold time: 2.4394
==== Integer vector .C compression
Command: /home/louza/mm-repair/sdsl/encode.x /mnt/data/datasets/machine-learning-matrices-split/glove.q4k.csv.24.2.vc.C 
==== Integer vector .R compression
Command: /home/louza/mm-repair/sdsl/encode.x /mnt/data/datasets/machine-learning-matrices-split/glove.q4k.csv.24.2.vc.R 
Integer vector compression time: 1.0080
==== OLE
Command: /home/louza/mm-repair/ole/encode.x /mnt/data/datasets/machine-learning-matrices-split/glove.q4k.csv.24.2.vc.C 
OLE time: 0.9439
==== Ans-fold compression
Command: /home/louza/mm-repair/ans/encode.x /mnt/data/datasets/machine-learning-matrices-split/glove.q4k.csv.24.2.vc.C 
Ans-fold time: 3.4989
==== Integer vector .C compression
Command: /home/louza/mm-repair/sdsl/encode.x /mnt/data/datasets/machine-learning-matrices-split/glove.q4k.csv.24.3.vc.C 
==== Integer vector .R compression
Command: /home/louza/mm-repair/sdsl/encode.x /mnt/data/datasets/machine-learning-matrices-split/glove.q4k.csv.24.3.vc.R 
Integer vector compression time: 0.9934
==== OLE
Command: /home/louza/mm-repair/ole/encode.x /mnt/data/datasets/machine-learning-matrices-split/glove.q4k.csv.24.3.vc.C 
OLE time: 1.4484
==== Ans-fold compression
Command: /home/louza/mm-repair/ans/encode.x /mnt/data/datasets/machine-learning-matrices-split/glove.q4k.csv.24.3.vc.C 
Ans-fold time: 4.2046
==== Integer vector .C compression
Command: /home/louza/mm-repair/sdsl/encode.x /mnt/data/datasets/machine-learning-matrices-split/glove.q4k.csv.24.4.vc.C 
==== Integer vector .R compression
Command: /home/louza/mm-repair/sdsl/encode.x /mnt/data/datasets/machine-learning-matrices-split/glove.q4k.csv.24.4.vc.R 
Integer vector compression time: 0.8563
==== OLE
Command: /home/louza/mm-repair/ole/encode.x /mnt/data/datasets/machine-learning-matrices-split/glove.q4k.csv.24.4.vc.C 
OLE time: 0.7747
==== Ans-fold compression
Command: /home/louza/mm-repair/ans/encode.x /mnt/data/datasets/machine-learning-matrices-split/glove.q4k.csv.24.4.vc.C 
Ans-fold time: 5.0068
==== Integer vector .C compression
Command: /home/louza/mm-repair/sdsl/encode.x /mnt/data/datasets/machine-learning-matrices-split/glove.q4k.csv.24.5.vc.C 
==== Integer vector .R compression
Command: /home/louza/mm-repair/sdsl/encode.x /mnt/data/datasets/machine-learning-matrices-split/glove.q4k.csv.24.5.vc.R 
Integer vector compression time: 1.2677
==== OLE
Command: /home/louza/mm-repair/ole/encode.x /mnt/data/datasets/machine-learning-matrices-split/glove.q4k.csv.24.5.vc.C 
OLE time: 1.4965
==== Ans-fold compression
Command: /home/louza/mm-repair/ans/encode.x /mnt/data/datasets/machine-learning-matrices-split/glove.q4k.csv.24.5.vc.C 
Ans-fold time: 5.8240
==== Integer vector .C compression
Command: /home/louza/mm-repair/sdsl/encode.x /mnt/data/datasets/machine-learning-matrices-split/glove.q4k.csv.24.6.vc.C 
==== Integer vector .R compression
Command: /home/louza/mm-repair/sdsl/encode.x /mnt/data/datasets/machine-learning-matrices-split/glove.q4k.csv.24.6.vc.R 
Integer vector compression time: 1.3837
==== OLE
Command: /home/louza/mm-repair/ole/encode.x /mnt/data/datasets/machine-learning-matrices-split/glove.q4k.csv.24.6.vc.C 
OLE time: 2.2341
==== Ans-fold compression
Command: /home/louza/mm-repair/ans/encode.x /mnt/data/datasets/machine-learning-matrices-split/glove.q4k.csv.24.6.vc.C 
Ans-fold time: 6.5445
==== Integer vector .C compression
Command: /home/louza/mm-repair/sdsl/encode.x /mnt/data/datasets/machine-learning-matrices-split/glove.q4k.csv.24.7.vc.C 
==== Integer vector .R compression
Command: /home/louza/mm-repair/sdsl/encode.x /mnt/data/datasets/machine-learning-matrices-split/glove.q4k.csv.24.7.vc.R 
Integer vector compression time: 0.8894
==== OLE
Command: /home/louza/mm-repair/ole/encode.x /mnt/data/datasets/machine-learning-matrices-split/glove.q4k.csv.24.7.vc.C 
OLE time: 2.9865
==== Ans-fold compression
Command: /home/louza/mm-repair/ans/encode.x /mnt/data/datasets/machine-learning-matrices-split/glove.q4k.csv.24.7.vc.C 
Ans-fold time: 7.4010
==== Integer vector .C compression
Command: /home/louza/mm-repair/sdsl/encode.x /mnt/data/datasets/machine-learning-matrices-split/glove.q4k.csv.24.8.vc.C 
==== Integer vector .R compression
Command: /home/louza/mm-repair/sdsl/encode.x /mnt/data/datasets/machine-learning-matrices-split/glove.q4k.csv.24.8.vc.R 
Integer vector compression time: 1.3374
==== OLE
Command: /home/louza/mm-repair/ole/encode.x /mnt/data/datasets/machine-learning-matrices-split/glove.q4k.csv.24.8.vc.C 
OLE time: 1.7452
==== Ans-fold compression
Command: /home/louza/mm-repair/ans/encode.x /mnt/data/datasets/machine-learning-matrices-split/glove.q4k.csv.24.8.vc.C 
Ans-fold time: 8.7148
==== Integer vector .C compression
Command: /home/louza/mm-repair/sdsl/encode.x /mnt/data/datasets/machine-learning-matrices-split/glove.q4k.csv.24.9.vc.C 
==== Integer vector .R compression
Command: /home/louza/mm-repair/sdsl/encode.x /mnt/data/datasets/machine-learning-matrices-split/glove.q4k.csv.24.9.vc.R 
Integer vector compression time: 1.6100
==== OLE
Command: /home/louza/mm-repair/ole/encode.x /mnt/data/datasets/machine-learning-matrices-split/glove.q4k.csv.24.9.vc.C 
OLE time: 2.4202
==== Ans-fold compression
Command: /home/louza/mm-repair/ans/encode.x /mnt/data/datasets/machine-learning-matrices-split/glove.q4k.csv.24.9.vc.C 
Ans-fold time: 9.9804
==== Integer vector .C compression
Command: /home/louza/mm-repair/sdsl/encode.x /mnt/data/datasets/machine-learning-matrices-split/glove.q4k.csv.24.10.vc.C 
==== Integer vector .R compression
Command: /home/louza/mm-repair/sdsl/encode.x /mnt/data/datasets/machine-learning-matrices-split/glove.q4k.csv.24.10.vc.R 
Integer vector compression time: 1.8039
==== OLE
Command: /home/louza/mm-repair/ole/encode.x /mnt/data/datasets/machine-learning-matrices-split/glove.q4k.csv.24.10.vc.C 
OLE time: 2.2454
==== Ans-fold compression
Command: /home/louza/mm-repair/ans/encode.x /mnt/data/datasets/machine-learning-matrices-split/glove.q4k.csv.24.10.vc.C 
Ans-fold time: 11.2855
==== Integer vector .C compression
Command: /home/louza/mm-repair/sdsl/encode.x /mnt/data/datasets/machine-learning-matrices-split/glove.q4k.csv.24.11.vc.C 
==== Integer vector .R compression
Command: /home/louza/mm-repair/sdsl/encode.x /mnt/data/datasets/machine-learning-matrices-split/glove.q4k.csv.24.11.vc.R 
Integer vector compression time: 1.4174
==== OLE
Command: /home/louza/mm-repair/ole/encode.x /mnt/data/datasets/machine-learning-matrices-split/glove.q4k.csv.24.11.vc.C 
OLE time: 2.4602
==== Ans-fold compression
Command: /home/louza/mm-repair/ans/encode.x /mnt/data/datasets/machine-learning-matrices-split/glove.q4k.csv.24.11.vc.C 
Ans-fold time: 12.5839
==== Integer vector .C compression
Command: /home/louza/mm-repair/sdsl/encode.x /mnt/data/datasets/machine-learning-matrices-split/glove.q4k.csv.24.12.vc.C 
==== Integer vector .R compression
Command: /home/louza/mm-repair/sdsl/encode.x /mnt/data/datasets/machine-learning-matrices-split/glove.q4k.csv.24.12.vc.R 
Integer vector compression time: 1.7265
==== OLE
Command: /home/louza/mm-repair/ole/encode.x /mnt/data/datasets/machine-learning-matrices-split/glove.q4k.csv.24.12.vc.C 
OLE time: 2.5497
==== Ans-fold compression
Command: /home/louza/mm-repair/ans/encode.x /mnt/data/datasets/machine-learning-matrices-split/glove.q4k.csv.24.12.vc.C 
Ans-fold time: 13.6995
==== Integer vector .C compression
Command: /home/louza/mm-repair/sdsl/encode.x /mnt/data/datasets/machine-learning-matrices-split/glove.q4k.csv.24.13.vc.C 
==== Integer vector .R compression
Command: /home/louza/mm-repair/sdsl/encode.x /mnt/data/datasets/machine-learning-matrices-split/glove.q4k.csv.24.13.vc.R 
Integer vector compression time: 1.6861
==== OLE
Command: /home/louza/mm-repair/ole/encode.x /mnt/data/datasets/machine-learning-matrices-split/glove.q4k.csv.24.13.vc.C 
OLE time: 2.0316
==== Ans-fold compression
Command: /home/louza/mm-repair/ans/encode.x /mnt/data/datasets/machine-learning-matrices-split/glove.q4k.csv.24.13.vc.C 
Ans-fold time: 14.3058
==== Integer vector .C compression
Command: /home/louza/mm-repair/sdsl/encode.x /mnt/data/datasets/machine-learning-matrices-split/glove.q4k.csv.24.14.vc.C 
==== Integer vector .R compression
Command: /home/louza/mm-repair/sdsl/encode.x /mnt/data/datasets/machine-learning-matrices-split/glove.q4k.csv.24.14.vc.R 
Integer vector compression time: 1.0943
==== OLE
Command: /home/louza/mm-repair/ole/encode.x /mnt/data/datasets/machine-learning-matrices-split/glove.q4k.csv.24.14.vc.C 
OLE time: 3.0737
==== Ans-fold compression
Command: /home/louza/mm-repair/ans/encode.x /mnt/data/datasets/machine-learning-matrices-split/glove.q4k.csv.24.14.vc.C 
Ans-fold time: 15.2555
==== Integer vector .C compression
Command: /home/louza/mm-repair/sdsl/encode.x /mnt/data/datasets/machine-learning-matrices-split/glove.q4k.csv.24.15.vc.C 
==== Integer vector .R compression
Command: /home/louza/mm-repair/sdsl/encode.x /mnt/data/datasets/machine-learning-matrices-split/glove.q4k.csv.24.15.vc.R 
Integer vector compression time: 2.1266
==== OLE
Command: /home/louza/mm-repair/ole/encode.x /mnt/data/datasets/machine-learning-matrices-split/glove.q4k.csv.24.15.vc.C 
OLE time: 3.1361
==== Ans-fold compression
Command: /home/louza/mm-repair/ans/encode.x /mnt/data/datasets/machine-learning-matrices-split/glove.q4k.csv.24.15.vc.C 
Ans-fold time: 16.8190
==== Integer vector .C compression
Command: /home/louza/mm-repair/sdsl/encode.x /mnt/data/datasets/machine-learning-matrices-split/glove.q4k.csv.24.16.vc.C 
==== Integer vector .R compression
Command: /home/louza/mm-repair/sdsl/encode.x /mnt/data/datasets/machine-learning-matrices-split/glove.q4k.csv.24.16.vc.R 
Integer vector compression time: 2.2460
==== OLE
Command: /home/louza/mm-repair/ole/encode.x /mnt/data/datasets/machine-learning-matrices-split/glove.q4k.csv.24.16.vc.C 
OLE time: 2.7965
==== Ans-fold compression
Command: /home/louza/mm-repair/ans/encode.x /mnt/data/datasets/machine-learning-matrices-split/glove.q4k.csv.24.16.vc.C 
Ans-fold time: 17.6414
==== Integer vector .C compression
Command: /home/louza/mm-repair/sdsl/encode.x /mnt/data/datasets/machine-learning-matrices-split/glove.q4k.csv.24.17.vc.C 
==== Integer vector .R compression
Command: /home/louza/mm-repair/sdsl/encode.x /mnt/data/datasets/machine-learning-matrices-split/glove.q4k.csv.24.17.vc.R 
Integer vector compression time: 2.0419
==== OLE
Command: /home/louza/mm-repair/ole/encode.x /mnt/data/datasets/machine-learning-matrices-split/glove.q4k.csv.24.17.vc.C 
OLE time: 2.3015
==== Ans-fold compression
Command: /home/louza/mm-repair/ans/encode.x /mnt/data/datasets/machine-learning-matrices-split/glove.q4k.csv.24.17.vc.C 
Ans-fold time: 18.2435
==== Integer vector .C compression
Command: /home/louza/mm-repair/sdsl/encode.x /mnt/data/datasets/machine-learning-matrices-split/glove.q4k.csv.24.18.vc.C 
==== Integer vector .R compression
Command: /home/louza/mm-repair/sdsl/encode.x /mnt/data/datasets/machine-learning-matrices-split/glove.q4k.csv.24.18.vc.R 
Integer vector compression time: 1.4152
==== OLE
Command: /home/louza/mm-repair/ole/encode.x /mnt/data/datasets/machine-learning-matrices-split/glove.q4k.csv.24.18.vc.C 
OLE time: 1.5335
==== Ans-fold compression
Command: /home/louza/mm-repair/ans/encode.x /mnt/data/datasets/machine-learning-matrices-split/glove.q4k.csv.24.18.vc.C 
Ans-fold time: 18.5838
==== Integer vector .C compression
Command: /home/louza/mm-repair/sdsl/encode.x /mnt/data/datasets/machine-learning-matrices-split/glove.q4k.csv.24.19.vc.C 
==== Integer vector .R compression
Command: /home/louza/mm-repair/sdsl/encode.x /mnt/data/datasets/machine-learning-matrices-split/glove.q4k.csv.24.19.vc.R 
Integer vector compression time: 1.6427
==== OLE
Command: /home/louza/mm-repair/ole/encode.x /mnt/data/datasets/machine-learning-matrices-split/glove.q4k.csv.24.19.vc.C 
OLE time: 2.8388
==== Ans-fold compression
Command: /home/louza/mm-repair/ans/encode.x /mnt/data/datasets/machine-learning-matrices-split/glove.q4k.csv.24.19.vc.C 
Ans-fold time: 19.4626
==== Integer vector .C compression
Command: /home/louza/mm-repair/sdsl/encode.x /mnt/data/datasets/machine-learning-matrices-split/glove.q4k.csv.24.20.vc.C 
==== Integer vector .R compression
Command: /home/louza/mm-repair/sdsl/encode.x /mnt/data/datasets/machine-learning-matrices-split/glove.q4k.csv.24.20.vc.R 
Integer vector compression time: 1.3410
==== OLE
Command: /home/louza/mm-repair/ole/encode.x /mnt/data/datasets/machine-learning-matrices-split/glove.q4k.csv.24.20.vc.C 
OLE time: 2.5965
==== Ans-fold compression
Command: /home/louza/mm-repair/ans/encode.x /mnt/data/datasets/machine-learning-matrices-split/glove.q4k.csv.24.20.vc.C 
Ans-fold time: 20.2147
==== Integer vector .C compression
Command: /home/louza/mm-repair/sdsl/encode.x /mnt/data/datasets/machine-learning-matrices-split/glove.q4k.csv.24.21.vc.C 
==== Integer vector .R compression
Command: /home/louza/mm-repair/sdsl/encode.x /mnt/data/datasets/machine-learning-matrices-split/glove.q4k.csv.24.21.vc.R 
Integer vector compression time: 2.2977
==== OLE
Command: /home/louza/mm-repair/ole/encode.x /mnt/data/datasets/machine-learning-matrices-split/glove.q4k.csv.24.21.vc.C 
OLE time: 2.5199
==== Ans-fold compression
Command: /home/louza/mm-repair/ans/encode.x /mnt/data/datasets/machine-learning-matrices-split/glove.q4k.csv.24.21.vc.C 
Ans-fold time: 21.4041
==== Integer vector .C compression
Command: /home/louza/mm-repair/sdsl/encode.x /mnt/data/datasets/machine-learning-matrices-split/glove.q4k.csv.24.22.vc.C 
==== Integer vector .R compression
Command: /home/louza/mm-repair/sdsl/encode.x /mnt/data/datasets/machine-learning-matrices-split/glove.q4k.csv.24.22.vc.R 
Integer vector compression time: 1.3906
==== OLE
Command: /home/louza/mm-repair/ole/encode.x /mnt/data/datasets/machine-learning-matrices-split/glove.q4k.csv.24.22.vc.C 
OLE time: 2.2362
==== Ans-fold compression
Command: /home/louza/mm-repair/ans/encode.x /mnt/data/datasets/machine-learning-matrices-split/glove.q4k.csv.24.22.vc.C 
Ans-fold time: 23.2448
==== Integer vector .C compression
Command: /home/louza/mm-repair/sdsl/encode.x /mnt/data/datasets/machine-learning-matrices-split/glove.q4k.csv.24.23.vc.C 
==== Integer vector .R compression
Command: /home/louza/mm-repair/sdsl/encode.x /mnt/data/datasets/machine-learning-matrices-split/glove.q4k.csv.24.23.vc.R 
Integer vector compression time: 1.5568
==== OLE
Command: /home/louza/mm-repair/ole/encode.x /mnt/data/datasets/machine-learning-matrices-split/glove.q4k.csv.24.23.vc.C 
OLE time: 3.3792
==== Ans-fold compression
Command: /home/louza/mm-repair/ans/encode.x /mnt/data/datasets/machine-learning-matrices-split/glove.q4k.csv.24.23.vc.C 
Ans-fold time: 24.2383
Elapsed time: 378.4847
==== Compression Report:
 >> matrix name: /mnt/data/datasets/machine-learning-matrices-split/glove.q4k.csv
 >> conversion time: 231.72
 >> repair time: 36.91
 >> integer vectors time: 1.56
 >> ansf time: 24.24
 >> total time: 378.48
 >> matrix log(alpha)xNumEntries size: 180000000 bytes
 >> matrix dense size: 960000000 bytes
 >> total number of nonzero: 120000000 (100.00%)
 >> number of distinct nonzero: 3294
 >> CRSV  size: 481626352 bytes  (50.17%)
 >> RE32  size: 481546144 bytes  (50.16%)
 >> REIV  size: 303468872 bytes  (31.61%)
 >> REANS size: 184873568 bytes  (19.26%)
==== Done

#### 2026-09-09 20:31:39
 Command line: ./mm-repair/matrepair -r -b 24 -p 24 /mnt/data/datasets/machine-learning-matrices-split/glove.q4k.csv 400000 300 --mapping 
Setting memory for each repair instance to 19335 MBs
Sending logging messages to file: /mnt/data/datasets/machine-learning-matrices-split/glove.q4k.csv.log
==== Conversion bin/csv->csrv
Command: /home/louza/mm-repair/csvmat2csrv -b 24   /mnt/data/datasets/machine-learning-matrices-split/glove.q4k.csv -r 0 -m  400000 300
Conversion time: 671.7890
==== Repair paralell compression
---- Executing 24 parallel processes
---- Parallel processing completed
Repair time: 10.8481
==== Integer vector .C compression
Command: /home/louza/mm-repair/sdsl/encode.x /mnt/data/datasets/machine-learning-matrices-split/glove.q4k.csv.24.0.vc.C 
==== Integer vector .R compression
Command: /home/louza/mm-repair/sdsl/encode.x /mnt/data/datasets/machine-learning-matrices-split/glove.q4k.csv.24.0.vc.R 
Integer vector compression time: 1.3774
==== Ans-fold compression
Command: /home/louza/mm-repair/ans/encode.x /mnt/data/datasets/machine-learning-matrices-split/glove.q4k.csv.24.0.vc.C 
Ans-fold time: 2.2401
==== Integer vector .C compression
Command: /home/louza/mm-repair/sdsl/encode.x /mnt/data/datasets/machine-learning-matrices-split/glove.q4k.csv.24.1.vc.C 
==== Integer vector .R compression
Command: /home/louza/mm-repair/sdsl/encode.x /mnt/data/datasets/machine-learning-matrices-split/glove.q4k.csv.24.1.vc.R 
Integer vector compression time: 0.8566
==== Ans-fold compression
Command: /home/louza/mm-repair/ans/encode.x /mnt/data/datasets/machine-learning-matrices-split/glove.q4k.csv.24.1.vc.C 
Ans-fold time: 5.5732
==== Integer vector .C compression
Command: /home/louza/mm-repair/sdsl/encode.x /mnt/data/datasets/machine-learning-matrices-split/glove.q4k.csv.24.2.vc.C 
==== Integer vector .R compression
Command: /home/louza/mm-repair/sdsl/encode.x /mnt/data/datasets/machine-learning-matrices-split/glove.q4k.csv.24.2.vc.R 
Integer vector compression time: 3.4994
==== Ans-fold compression
Command: /home/louza/mm-repair/ans/encode.x /mnt/data/datasets/machine-learning-matrices-split/glove.q4k.csv.24.2.vc.C 
Ans-fold time: 8.0095
==== Integer vector .C compression
Command: /home/louza/mm-repair/sdsl/encode.x /mnt/data/datasets/machine-learning-matrices-split/glove.q4k.csv.24.3.vc.C 
==== Integer vector .R compression
Command: /home/louza/mm-repair/sdsl/encode.x /mnt/data/datasets/machine-learning-matrices-split/glove.q4k.csv.24.3.vc.R 
Integer vector compression time: 2.0393
==== Ans-fold compression
Command: /home/louza/mm-repair/ans/encode.x /mnt/data/datasets/machine-learning-matrices-split/glove.q4k.csv.24.3.vc.C 
Ans-fold time: 9.6060
==== Integer vector .C compression
Command: /home/louza/mm-repair/sdsl/encode.x /mnt/data/datasets/machine-learning-matrices-split/glove.q4k.csv.24.4.vc.C 
==== Integer vector .R compression
Command: /home/louza/mm-repair/sdsl/encode.x /mnt/data/datasets/machine-learning-matrices-split/glove.q4k.csv.24.4.vc.R 
Integer vector compression time: 7.7227
==== Ans-fold compression
Command: /home/louza/mm-repair/ans/encode.x /mnt/data/datasets/machine-learning-matrices-split/glove.q4k.csv.24.4.vc.C 
Ans-fold time: 13.0677
==== Integer vector .C compression
Command: /home/louza/mm-repair/sdsl/encode.x /mnt/data/datasets/machine-learning-matrices-split/glove.q4k.csv.24.5.vc.C 
==== Integer vector .R compression
Command: /home/louza/mm-repair/sdsl/encode.x /mnt/data/datasets/machine-learning-matrices-split/glove.q4k.csv.24.5.vc.R 
Integer vector compression time: 2.2495
==== Ans-fold compression
Command: /home/louza/mm-repair/ans/encode.x /mnt/data/datasets/machine-learning-matrices-split/glove.q4k.csv.24.5.vc.C 
Ans-fold time: 15.0956
==== Integer vector .C compression
Command: /home/louza/mm-repair/sdsl/encode.x /mnt/data/datasets/machine-learning-matrices-split/glove.q4k.csv.24.6.vc.C 
==== Integer vector .R compression
Command: /home/louza/mm-repair/sdsl/encode.x /mnt/data/datasets/machine-learning-matrices-split/glove.q4k.csv.24.6.vc.R 
Integer vector compression time: 1.8183
==== Ans-fold compression
Command: /home/louza/mm-repair/ans/encode.x /mnt/data/datasets/machine-learning-matrices-split/glove.q4k.csv.24.6.vc.C 
Ans-fold time: 16.7045
==== Integer vector .C compression
Command: /home/louza/mm-repair/sdsl/encode.x /mnt/data/datasets/machine-learning-matrices-split/glove.q4k.csv.24.7.vc.C 
==== Integer vector .R compression
Command: /home/louza/mm-repair/sdsl/encode.x /mnt/data/datasets/machine-learning-matrices-split/glove.q4k.csv.24.7.vc.R 
Integer vector compression time: 2.0099
==== Ans-fold compression
Command: /home/louza/mm-repair/ans/encode.x /mnt/data/datasets/machine-learning-matrices-split/glove.q4k.csv.24.7.vc.C 
Ans-fold time: 21.9987
==== Integer vector .C compression
Command: /home/louza/mm-repair/sdsl/encode.x /mnt/data/datasets/machine-learning-matrices-split/glove.q4k.csv.24.8.vc.C 
==== Integer vector .R compression
Command: /home/louza/mm-repair/sdsl/encode.x /mnt/data/datasets/machine-learning-matrices-split/glove.q4k.csv.24.8.vc.R 
Integer vector compression time: 2.0755
==== Ans-fold compression
Command: /home/louza/mm-repair/ans/encode.x /mnt/data/datasets/machine-learning-matrices-split/glove.q4k.csv.24.8.vc.C 
Ans-fold time: 23.8740
==== Integer vector .C compression
Command: /home/louza/mm-repair/sdsl/encode.x /mnt/data/datasets/machine-learning-matrices-split/glove.q4k.csv.24.9.vc.C 
==== Integer vector .R compression
Command: /home/louza/mm-repair/sdsl/encode.x /mnt/data/datasets/machine-learning-matrices-split/glove.q4k.csv.24.9.vc.R 
Integer vector compression time: 2.3784
==== Ans-fold compression
Command: /home/louza/mm-repair/ans/encode.x /mnt/data/datasets/machine-learning-matrices-split/glove.q4k.csv.24.9.vc.C 
Ans-fold time: 25.9986
==== Integer vector .C compression
Command: /home/louza/mm-repair/sdsl/encode.x /mnt/data/datasets/machine-learning-matrices-split/glove.q4k.csv.24.10.vc.C 
==== Integer vector .R compression
Command: /home/louza/mm-repair/sdsl/encode.x /mnt/data/datasets/machine-learning-matrices-split/glove.q4k.csv.24.10.vc.R 
Integer vector compression time: 1.6512
==== Ans-fold compression
Command: /home/louza/mm-repair/ans/encode.x /mnt/data/datasets/machine-learning-matrices-split/glove.q4k.csv.24.10.vc.C 
Ans-fold time: 26.7421
==== Integer vector .C compression
Command: /home/louza/mm-repair/sdsl/encode.x /mnt/data/datasets/machine-learning-matrices-split/glove.q4k.csv.24.11.vc.C 
==== Integer vector .R compression
Command: /home/louza/mm-repair/sdsl/encode.x /mnt/data/datasets/machine-learning-matrices-split/glove.q4k.csv.24.11.vc.R 
Integer vector compression time: 1.2281
==== Ans-fold compression
Command: /home/louza/mm-repair/ans/encode.x /mnt/data/datasets/machine-learning-matrices-split/glove.q4k.csv.24.11.vc.C 
Ans-fold time: 29.1711
==== Integer vector .C compression
Command: /home/louza/mm-repair/sdsl/encode.x /mnt/data/datasets/machine-learning-matrices-split/glove.q4k.csv.24.12.vc.C 
==== Integer vector .R compression
Command: /home/louza/mm-repair/sdsl/encode.x /mnt/data/datasets/machine-learning-matrices-split/glove.q4k.csv.24.12.vc.R 
Integer vector compression time: 1.8227
==== Ans-fold compression
Command: /home/louza/mm-repair/ans/encode.x /mnt/data/datasets/machine-learning-matrices-split/glove.q4k.csv.24.12.vc.C 
Ans-fold time: 31.2093
==== Integer vector .C compression
Command: /home/louza/mm-repair/sdsl/encode.x /mnt/data/datasets/machine-learning-matrices-split/glove.q4k.csv.24.13.vc.C 
==== Integer vector .R compression
Command: /home/louza/mm-repair/sdsl/encode.x /mnt/data/datasets/machine-learning-matrices-split/glove.q4k.csv.24.13.vc.R 
Integer vector compression time: 0.5430
==== Ans-fold compression
Command: /home/louza/mm-repair/ans/encode.x /mnt/data/datasets/machine-learning-matrices-split/glove.q4k.csv.24.13.vc.C 
Ans-fold time: 31.8812
==== Integer vector .C compression
Command: /home/louza/mm-repair/sdsl/encode.x /mnt/data/datasets/machine-learning-matrices-split/glove.q4k.csv.24.14.vc.C 
==== Integer vector .R compression
Command: /home/louza/mm-repair/sdsl/encode.x /mnt/data/datasets/machine-learning-matrices-split/glove.q4k.csv.24.14.vc.R 
Integer vector compression time: 1.4595
==== Ans-fold compression
Command: /home/louza/mm-repair/ans/encode.x /mnt/data/datasets/machine-learning-matrices-split/glove.q4k.csv.24.14.vc.C 
Ans-fold time: 33.5162
==== Integer vector .C compression
Command: /home/louza/mm-repair/sdsl/encode.x /mnt/data/datasets/machine-learning-matrices-split/glove.q4k.csv.24.15.vc.C 
==== Integer vector .R compression
Command: /home/louza/mm-repair/sdsl/encode.x /mnt/data/datasets/machine-learning-matrices-split/glove.q4k.csv.24.15.vc.R 
Integer vector compression time: 3.1128
==== Ans-fold compression
Command: /home/louza/mm-repair/ans/encode.x /mnt/data/datasets/machine-learning-matrices-split/glove.q4k.csv.24.15.vc.C 
Ans-fold time: 35.4654
==== Integer vector .C compression
Command: /home/louza/mm-repair/sdsl/encode.x /mnt/data/datasets/machine-learning-matrices-split/glove.q4k.csv.24.16.vc.C 
==== Integer vector .R compression
Command: /home/louza/mm-repair/sdsl/encode.x /mnt/data/datasets/machine-learning-matrices-split/glove.q4k.csv.24.16.vc.R 
Integer vector compression time: 2.5895
==== Ans-fold compression
Command: /home/louza/mm-repair/ans/encode.x /mnt/data/datasets/machine-learning-matrices-split/glove.q4k.csv.24.16.vc.C 
Ans-fold time: 37.1695
==== Integer vector .C compression
Command: /home/louza/mm-repair/sdsl/encode.x /mnt/data/datasets/machine-learning-matrices-split/glove.q4k.csv.24.17.vc.C 
==== Integer vector .R compression
Command: /home/louza/mm-repair/sdsl/encode.x /mnt/data/datasets/machine-learning-matrices-split/glove.q4k.csv.24.17.vc.R 
Integer vector compression time: 2.1322
==== Ans-fold compression
Command: /home/louza/mm-repair/ans/encode.x /mnt/data/datasets/machine-learning-matrices-split/glove.q4k.csv.24.17.vc.C 
Ans-fold time: 38.3833
==== Integer vector .C compression
Command: /home/louza/mm-repair/sdsl/encode.x /mnt/data/datasets/machine-learning-matrices-split/glove.q4k.csv.24.18.vc.C 
==== Integer vector .R compression
Command: /home/louza/mm-repair/sdsl/encode.x /mnt/data/datasets/machine-learning-matrices-split/glove.q4k.csv.24.18.vc.R 
Integer vector compression time: 2.6530
==== Ans-fold compression
Command: /home/louza/mm-repair/ans/encode.x /mnt/data/datasets/machine-learning-matrices-split/glove.q4k.csv.24.18.vc.C 
Ans-fold time: 40.4170
==== Integer vector .C compression
Command: /home/louza/mm-repair/sdsl/encode.x /mnt/data/datasets/machine-learning-matrices-split/glove.q4k.csv.24.19.vc.C 
==== Integer vector .R compression
Command: /home/louza/mm-repair/sdsl/encode.x /mnt/data/datasets/machine-learning-matrices-split/glove.q4k.csv.24.19.vc.R 
Integer vector compression time: 0.8010
==== Ans-fold compression
Command: /home/louza/mm-repair/ans/encode.x /mnt/data/datasets/machine-learning-matrices-split/glove.q4k.csv.24.19.vc.C 
Ans-fold time: 42.5416
==== Integer vector .C compression
Command: /home/louza/mm-repair/sdsl/encode.x /mnt/data/datasets/machine-learning-matrices-split/glove.q4k.csv.24.20.vc.C 
==== Integer vector .R compression
Command: /home/louza/mm-repair/sdsl/encode.x /mnt/data/datasets/machine-learning-matrices-split/glove.q4k.csv.24.20.vc.R 
Integer vector compression time: 2.1139
==== Ans-fold compression
Command: /home/louza/mm-repair/ans/encode.x /mnt/data/datasets/machine-learning-matrices-split/glove.q4k.csv.24.20.vc.C 
Ans-fold time: 43.4207
==== Integer vector .C compression
Command: /home/louza/mm-repair/sdsl/encode.x /mnt/data/datasets/machine-learning-matrices-split/glove.q4k.csv.24.21.vc.C 
==== Integer vector .R compression
Command: /home/louza/mm-repair/sdsl/encode.x /mnt/data/datasets/machine-learning-matrices-split/glove.q4k.csv.24.21.vc.R 
Integer vector compression time: 2.3700
==== Ans-fold compression
Command: /home/louza/mm-repair/ans/encode.x /mnt/data/datasets/machine-learning-matrices-split/glove.q4k.csv.24.21.vc.C 
Ans-fold time: 46.0423
==== Integer vector .C compression
Command: /home/louza/mm-repair/sdsl/encode.x /mnt/data/datasets/machine-learning-matrices-split/glove.q4k.csv.24.22.vc.C 
==== Integer vector .R compression
Command: /home/louza/mm-repair/sdsl/encode.x /mnt/data/datasets/machine-learning-matrices-split/glove.q4k.csv.24.22.vc.R 
Integer vector compression time: 1.8825
==== Ans-fold compression
Command: /home/louza/mm-repair/ans/encode.x /mnt/data/datasets/machine-learning-matrices-split/glove.q4k.csv.24.22.vc.C 
Ans-fold time: 48.0514
==== Integer vector .C compression
Command: /home/louza/mm-repair/sdsl/encode.x /mnt/data/datasets/machine-learning-matrices-split/glove.q4k.csv.24.23.vc.C 
==== Integer vector .R compression
Command: /home/louza/mm-repair/sdsl/encode.x /mnt/data/datasets/machine-learning-matrices-split/glove.q4k.csv.24.23.vc.R 
Integer vector compression time: 1.3562
==== Ans-fold compression
Command: /home/louza/mm-repair/ans/encode.x /mnt/data/datasets/machine-learning-matrices-split/glove.q4k.csv.24.23.vc.C 
Ans-fold time: 50.2304
Command: /home/louza/mm-repair/ans/encode.x /mnt/data/datasets/machine-learning-matrices-split/glove.q4k.csv.wcode 
Elapsed time: 785.0201
==== Compression Report:
 >> matrix name: /mnt/data/datasets/machine-learning-matrices-split/glove.q4k.csv
 >> conversion time: 671.79
 >> repair time: 10.85
 >> integer vectors time: 1.36
 >> ansf time: 50.23
 >> total time: 785.02
 >> wcode: 2334536 bytes
 >> wcode_ans: 47562 bytes
 >> matrix log(alpha)xNumEntries size: 180000000 bytes
 >> matrix dense size: 960000000 bytes
 >> total number of nonzero: 120000000 (100.00%)
 >> number of distinct nonzero: 3294
 >> CRSV  size: 481626352 bytes  (50.17%)
 >> RE32  size: 483880680 bytes  (50.40%)
 >> REIV  size: 303311360 bytes  (31.59%)
 >> REANS size: 278854423 bytes  (29.05%)
==== Done

#### 2026-09-09 20:44:44
 Command line: ./mm-repair/matrepair -r -b 24 -p 24 /mnt/data/datasets/machine-learning-matrices-split/glove.q4k.csv 400000 300 --split 
Setting memory for each repair instance to 19335 MBs
Sending logging messages to file: /mnt/data/datasets/machine-learning-matrices-split/glove.q4k.csv.log
==== Conversion bin/csv->csrv
Command: /home/louza/mm-repair/csvmat2csrv -b 24   /mnt/data/datasets/machine-learning-matrices-split/glove.q4k.csv -r 0  -s 400000 300
Conversion time: 575.1391
==== Repair paralell compression
---- Executing 24 parallel processes
---- Parallel processing completed
Repair time: 0.0398
==== Integer vector .C compression
Command: /home/louza/mm-repair/sdsl/encode.x /mnt/data/datasets/machine-learning-matrices-split/glove.q4k.csv.24.0.A.vc.C 
==== Integer vector .R compression
Command: /home/louza/mm-repair/sdsl/encode.x /mnt/data/datasets/machine-learning-matrices-split/glove.q4k.csv.24.0.A.vc.R 
Integer vector compression time: 0.0228
==== Ans-fold compression
Command: /home/louza/mm-repair/ans/encode.x /mnt/data/datasets/machine-learning-matrices-split/glove.q4k.csv.24.0.A.vc.C 
Command: /home/louza/mm-repair/ans/encode.x /mnt/data/datasets/machine-learning-matrices-split/glove.q4k.csv.24.0.B.vc
Ans-fold time: 0.3343
==== Integer vector .C compression
Command: /home/louza/mm-repair/sdsl/encode.x /mnt/data/datasets/machine-learning-matrices-split/glove.q4k.csv.24.1.A.vc.C 
==== Integer vector .R compression
Command: /home/louza/mm-repair/sdsl/encode.x /mnt/data/datasets/machine-learning-matrices-split/glove.q4k.csv.24.1.A.vc.R 
Integer vector compression time: 0.0230
==== Ans-fold compression
Command: /home/louza/mm-repair/ans/encode.x /mnt/data/datasets/machine-learning-matrices-split/glove.q4k.csv.24.1.A.vc.C 
Command: /home/louza/mm-repair/ans/encode.x /mnt/data/datasets/machine-learning-matrices-split/glove.q4k.csv.24.1.B.vc
Ans-fold time: 0.6648
==== Integer vector .C compression
Command: /home/louza/mm-repair/sdsl/encode.x /mnt/data/datasets/machine-learning-matrices-split/glove.q4k.csv.24.2.A.vc.C 
==== Integer vector .R compression
Command: /home/louza/mm-repair/sdsl/encode.x /mnt/data/datasets/machine-learning-matrices-split/glove.q4k.csv.24.2.A.vc.R 
Integer vector compression time: 0.0243
==== Ans-fold compression
Command: /home/louza/mm-repair/ans/encode.x /mnt/data/datasets/machine-learning-matrices-split/glove.q4k.csv.24.2.A.vc.C 
Command: /home/louza/mm-repair/ans/encode.x /mnt/data/datasets/machine-learning-matrices-split/glove.q4k.csv.24.2.B.vc
Ans-fold time: 0.9330
==== Integer vector .C compression
Command: /home/louza/mm-repair/sdsl/encode.x /mnt/data/datasets/machine-learning-matrices-split/glove.q4k.csv.24.3.A.vc.C 
==== Integer vector .R compression
Command: /home/louza/mm-repair/sdsl/encode.x /mnt/data/datasets/machine-learning-matrices-split/glove.q4k.csv.24.3.A.vc.R 
Integer vector compression time: 0.0263
==== Ans-fold compression
Command: /home/louza/mm-repair/ans/encode.x /mnt/data/datasets/machine-learning-matrices-split/glove.q4k.csv.24.3.A.vc.C 
Command: /home/louza/mm-repair/ans/encode.x /mnt/data/datasets/machine-learning-matrices-split/glove.q4k.csv.24.3.B.vc
Ans-fold time: 1.4997
==== Integer vector .C compression
Command: /home/louza/mm-repair/sdsl/encode.x /mnt/data/datasets/machine-learning-matrices-split/glove.q4k.csv.24.4.A.vc.C 
==== Integer vector .R compression
Command: /home/louza/mm-repair/sdsl/encode.x /mnt/data/datasets/machine-learning-matrices-split/glove.q4k.csv.24.4.A.vc.R 
Integer vector compression time: 0.0230
==== Ans-fold compression
Command: /home/louza/mm-repair/ans/encode.x /mnt/data/datasets/machine-learning-matrices-split/glove.q4k.csv.24.4.A.vc.C 
Command: /home/louza/mm-repair/ans/encode.x /mnt/data/datasets/machine-learning-matrices-split/glove.q4k.csv.24.4.B.vc
Ans-fold time: 1.7834
==== Integer vector .C compression
Command: /home/louza/mm-repair/sdsl/encode.x /mnt/data/datasets/machine-learning-matrices-split/glove.q4k.csv.24.5.A.vc.C 
==== Integer vector .R compression
Command: /home/louza/mm-repair/sdsl/encode.x /mnt/data/datasets/machine-learning-matrices-split/glove.q4k.csv.24.5.A.vc.R 
Integer vector compression time: 0.0235
==== Ans-fold compression
Command: /home/louza/mm-repair/ans/encode.x /mnt/data/datasets/machine-learning-matrices-split/glove.q4k.csv.24.5.A.vc.C 
Command: /home/louza/mm-repair/ans/encode.x /mnt/data/datasets/machine-learning-matrices-split/glove.q4k.csv.24.5.B.vc
Ans-fold time: 2.1173
==== Integer vector .C compression
Command: /home/louza/mm-repair/sdsl/encode.x /mnt/data/datasets/machine-learning-matrices-split/glove.q4k.csv.24.6.A.vc.C 
==== Integer vector .R compression
Command: /home/louza/mm-repair/sdsl/encode.x /mnt/data/datasets/machine-learning-matrices-split/glove.q4k.csv.24.6.A.vc.R 
Integer vector compression time: 0.0234
==== Ans-fold compression
Command: /home/louza/mm-repair/ans/encode.x /mnt/data/datasets/machine-learning-matrices-split/glove.q4k.csv.24.6.A.vc.C 
Command: /home/louza/mm-repair/ans/encode.x /mnt/data/datasets/machine-learning-matrices-split/glove.q4k.csv.24.6.B.vc
Ans-fold time: 2.4528
==== Integer vector .C compression
Command: /home/louza/mm-repair/sdsl/encode.x /mnt/data/datasets/machine-learning-matrices-split/glove.q4k.csv.24.7.A.vc.C 
==== Integer vector .R compression
Command: /home/louza/mm-repair/sdsl/encode.x /mnt/data/datasets/machine-learning-matrices-split/glove.q4k.csv.24.7.A.vc.R 
Integer vector compression time: 0.0213
==== Ans-fold compression
Command: /home/louza/mm-repair/ans/encode.x /mnt/data/datasets/machine-learning-matrices-split/glove.q4k.csv.24.7.A.vc.C 
Command: /home/louza/mm-repair/ans/encode.x /mnt/data/datasets/machine-learning-matrices-split/glove.q4k.csv.24.7.B.vc
Ans-fold time: 2.7844
==== Integer vector .C compression
Command: /home/louza/mm-repair/sdsl/encode.x /mnt/data/datasets/machine-learning-matrices-split/glove.q4k.csv.24.8.A.vc.C 
==== Integer vector .R compression
Command: /home/louza/mm-repair/sdsl/encode.x /mnt/data/datasets/machine-learning-matrices-split/glove.q4k.csv.24.8.A.vc.R 
Integer vector compression time: 0.0215
==== Ans-fold compression
Command: /home/louza/mm-repair/ans/encode.x /mnt/data/datasets/machine-learning-matrices-split/glove.q4k.csv.24.8.A.vc.C 
Command: /home/louza/mm-repair/ans/encode.x /mnt/data/datasets/machine-learning-matrices-split/glove.q4k.csv.24.8.B.vc
Ans-fold time: 3.1234
==== Integer vector .C compression
Command: /home/louza/mm-repair/sdsl/encode.x /mnt/data/datasets/machine-learning-matrices-split/glove.q4k.csv.24.9.A.vc.C 
==== Integer vector .R compression
Command: /home/louza/mm-repair/sdsl/encode.x /mnt/data/datasets/machine-learning-matrices-split/glove.q4k.csv.24.9.A.vc.R 
Integer vector compression time: 0.0213
==== Ans-fold compression
Command: /home/louza/mm-repair/ans/encode.x /mnt/data/datasets/machine-learning-matrices-split/glove.q4k.csv.24.9.A.vc.C 
Command: /home/louza/mm-repair/ans/encode.x /mnt/data/datasets/machine-learning-matrices-split/glove.q4k.csv.24.9.B.vc
Ans-fold time: 3.4507
==== Integer vector .C compression
Command: /home/louza/mm-repair/sdsl/encode.x /mnt/data/datasets/machine-learning-matrices-split/glove.q4k.csv.24.10.A.vc.C 
==== Integer vector .R compression
Command: /home/louza/mm-repair/sdsl/encode.x /mnt/data/datasets/machine-learning-matrices-split/glove.q4k.csv.24.10.A.vc.R 
Integer vector compression time: 0.0212
==== Ans-fold compression
Command: /home/louza/mm-repair/ans/encode.x /mnt/data/datasets/machine-learning-matrices-split/glove.q4k.csv.24.10.A.vc.C 
Command: /home/louza/mm-repair/ans/encode.x /mnt/data/datasets/machine-learning-matrices-split/glove.q4k.csv.24.10.B.vc
Ans-fold time: 3.7757
==== Integer vector .C compression
Command: /home/louza/mm-repair/sdsl/encode.x /mnt/data/datasets/machine-learning-matrices-split/glove.q4k.csv.24.11.A.vc.C 
==== Integer vector .R compression
Command: /home/louza/mm-repair/sdsl/encode.x /mnt/data/datasets/machine-learning-matrices-split/glove.q4k.csv.24.11.A.vc.R 
Integer vector compression time: 0.0206
==== Ans-fold compression
Command: /home/louza/mm-repair/ans/encode.x /mnt/data/datasets/machine-learning-matrices-split/glove.q4k.csv.24.11.A.vc.C 
Command: /home/louza/mm-repair/ans/encode.x /mnt/data/datasets/machine-learning-matrices-split/glove.q4k.csv.24.11.B.vc
Ans-fold time: 4.0307
==== Integer vector .C compression
Command: /home/louza/mm-repair/sdsl/encode.x /mnt/data/datasets/machine-learning-matrices-split/glove.q4k.csv.24.12.A.vc.C 
==== Integer vector .R compression
Command: /home/louza/mm-repair/sdsl/encode.x /mnt/data/datasets/machine-learning-matrices-split/glove.q4k.csv.24.12.A.vc.R 
Integer vector compression time: 0.0165
==== Ans-fold compression
Command: /home/louza/mm-repair/ans/encode.x /mnt/data/datasets/machine-learning-matrices-split/glove.q4k.csv.24.12.A.vc.C 
Command: /home/louza/mm-repair/ans/encode.x /mnt/data/datasets/machine-learning-matrices-split/glove.q4k.csv.24.12.B.vc
Ans-fold time: 4.2882
==== Integer vector .C compression
Command: /home/louza/mm-repair/sdsl/encode.x /mnt/data/datasets/machine-learning-matrices-split/glove.q4k.csv.24.13.A.vc.C 
==== Integer vector .R compression
Command: /home/louza/mm-repair/sdsl/encode.x /mnt/data/datasets/machine-learning-matrices-split/glove.q4k.csv.24.13.A.vc.R 
Integer vector compression time: 0.0162
==== Ans-fold compression
Command: /home/louza/mm-repair/ans/encode.x /mnt/data/datasets/machine-learning-matrices-split/glove.q4k.csv.24.13.A.vc.C 
Command: /home/louza/mm-repair/ans/encode.x /mnt/data/datasets/machine-learning-matrices-split/glove.q4k.csv.24.13.B.vc
Ans-fold time: 4.5410
==== Integer vector .C compression
Command: /home/louza/mm-repair/sdsl/encode.x /mnt/data/datasets/machine-learning-matrices-split/glove.q4k.csv.24.14.A.vc.C 
==== Integer vector .R compression
Command: /home/louza/mm-repair/sdsl/encode.x /mnt/data/datasets/machine-learning-matrices-split/glove.q4k.csv.24.14.A.vc.R 
Integer vector compression time: 0.0164
==== Ans-fold compression
Command: /home/louza/mm-repair/ans/encode.x /mnt/data/datasets/machine-learning-matrices-split/glove.q4k.csv.24.14.A.vc.C 
Command: /home/louza/mm-repair/ans/encode.x /mnt/data/datasets/machine-learning-matrices-split/glove.q4k.csv.24.14.B.vc
Ans-fold time: 4.7939
==== Integer vector .C compression
Command: /home/louza/mm-repair/sdsl/encode.x /mnt/data/datasets/machine-learning-matrices-split/glove.q4k.csv.24.15.A.vc.C 
==== Integer vector .R compression
Command: /home/louza/mm-repair/sdsl/encode.x /mnt/data/datasets/machine-learning-matrices-split/glove.q4k.csv.24.15.A.vc.R 
Integer vector compression time: 0.0163
==== Ans-fold compression
Command: /home/louza/mm-repair/ans/encode.x /mnt/data/datasets/machine-learning-matrices-split/glove.q4k.csv.24.15.A.vc.C 
Command: /home/louza/mm-repair/ans/encode.x /mnt/data/datasets/machine-learning-matrices-split/glove.q4k.csv.24.15.B.vc
Ans-fold time: 5.0440
==== Integer vector .C compression
Command: /home/louza/mm-repair/sdsl/encode.x /mnt/data/datasets/machine-learning-matrices-split/glove.q4k.csv.24.16.A.vc.C 
==== Integer vector .R compression
Command: /home/louza/mm-repair/sdsl/encode.x /mnt/data/datasets/machine-learning-matrices-split/glove.q4k.csv.24.16.A.vc.R 
Integer vector compression time: 0.0160
==== Ans-fold compression
Command: /home/louza/mm-repair/ans/encode.x /mnt/data/datasets/machine-learning-matrices-split/glove.q4k.csv.24.16.A.vc.C 
Command: /home/louza/mm-repair/ans/encode.x /mnt/data/datasets/machine-learning-matrices-split/glove.q4k.csv.24.16.B.vc
Ans-fold time: 5.2957
==== Integer vector .C compression
Command: /home/louza/mm-repair/sdsl/encode.x /mnt/data/datasets/machine-learning-matrices-split/glove.q4k.csv.24.17.A.vc.C 
==== Integer vector .R compression
Command: /home/louza/mm-repair/sdsl/encode.x /mnt/data/datasets/machine-learning-matrices-split/glove.q4k.csv.24.17.A.vc.R 
Integer vector compression time: 0.0252
==== Ans-fold compression
Command: /home/louza/mm-repair/ans/encode.x /mnt/data/datasets/machine-learning-matrices-split/glove.q4k.csv.24.17.A.vc.C 
Command: /home/louza/mm-repair/ans/encode.x /mnt/data/datasets/machine-learning-matrices-split/glove.q4k.csv.24.17.B.vc
Ans-fold time: 5.6256
==== Integer vector .C compression
Command: /home/louza/mm-repair/sdsl/encode.x /mnt/data/datasets/machine-learning-matrices-split/glove.q4k.csv.24.18.A.vc.C 
==== Integer vector .R compression
Command: /home/louza/mm-repair/sdsl/encode.x /mnt/data/datasets/machine-learning-matrices-split/glove.q4k.csv.24.18.A.vc.R 
Integer vector compression time: 0.0237
==== Ans-fold compression
Command: /home/louza/mm-repair/ans/encode.x /mnt/data/datasets/machine-learning-matrices-split/glove.q4k.csv.24.18.A.vc.C 
Command: /home/louza/mm-repair/ans/encode.x /mnt/data/datasets/machine-learning-matrices-split/glove.q4k.csv.24.18.B.vc
Ans-fold time: 5.9205
==== Integer vector .C compression
Command: /home/louza/mm-repair/sdsl/encode.x /mnt/data/datasets/machine-learning-matrices-split/glove.q4k.csv.24.19.A.vc.C 
==== Integer vector .R compression
Command: /home/louza/mm-repair/sdsl/encode.x /mnt/data/datasets/machine-learning-matrices-split/glove.q4k.csv.24.19.A.vc.R 
Integer vector compression time: 0.0226
==== Ans-fold compression
Command: /home/louza/mm-repair/ans/encode.x /mnt/data/datasets/machine-learning-matrices-split/glove.q4k.csv.24.19.A.vc.C 
Command: /home/louza/mm-repair/ans/encode.x /mnt/data/datasets/machine-learning-matrices-split/glove.q4k.csv.24.19.B.vc
Ans-fold time: 6.8434
==== Integer vector .C compression
Command: /home/louza/mm-repair/sdsl/encode.x /mnt/data/datasets/machine-learning-matrices-split/glove.q4k.csv.24.20.A.vc.C 
==== Integer vector .R compression
Command: /home/louza/mm-repair/sdsl/encode.x /mnt/data/datasets/machine-learning-matrices-split/glove.q4k.csv.24.20.A.vc.R 
Integer vector compression time: 0.0254
==== Ans-fold compression
Command: /home/louza/mm-repair/ans/encode.x /mnt/data/datasets/machine-learning-matrices-split/glove.q4k.csv.24.20.A.vc.C 
Command: /home/louza/mm-repair/ans/encode.x /mnt/data/datasets/machine-learning-matrices-split/glove.q4k.csv.24.20.B.vc
Ans-fold time: 7.1634
==== Integer vector .C compression
Command: /home/louza/mm-repair/sdsl/encode.x /mnt/data/datasets/machine-learning-matrices-split/glove.q4k.csv.24.21.A.vc.C 
==== Integer vector .R compression
Command: /home/louza/mm-repair/sdsl/encode.x /mnt/data/datasets/machine-learning-matrices-split/glove.q4k.csv.24.21.A.vc.R 
Integer vector compression time: 0.0222
==== Ans-fold compression
Command: /home/louza/mm-repair/ans/encode.x /mnt/data/datasets/machine-learning-matrices-split/glove.q4k.csv.24.21.A.vc.C 
Command: /home/louza/mm-repair/ans/encode.x /mnt/data/datasets/machine-learning-matrices-split/glove.q4k.csv.24.21.B.vc
Ans-fold time: 7.4075
==== Integer vector .C compression
Command: /home/louza/mm-repair/sdsl/encode.x /mnt/data/datasets/machine-learning-matrices-split/glove.q4k.csv.24.22.A.vc.C 
==== Integer vector .R compression
Command: /home/louza/mm-repair/sdsl/encode.x /mnt/data/datasets/machine-learning-matrices-split/glove.q4k.csv.24.22.A.vc.R 
Integer vector compression time: 0.0229
==== Ans-fold compression
Command: /home/louza/mm-repair/ans/encode.x /mnt/data/datasets/machine-learning-matrices-split/glove.q4k.csv.24.22.A.vc.C 
Command: /home/louza/mm-repair/ans/encode.x /mnt/data/datasets/machine-learning-matrices-split/glove.q4k.csv.24.22.B.vc
Ans-fold time: 7.7140
==== Integer vector .C compression
Command: /home/louza/mm-repair/sdsl/encode.x /mnt/data/datasets/machine-learning-matrices-split/glove.q4k.csv.24.23.A.vc.C 
==== Integer vector .R compression
Command: /home/louza/mm-repair/sdsl/encode.x /mnt/data/datasets/machine-learning-matrices-split/glove.q4k.csv.24.23.A.vc.R 
Integer vector compression time: 0.0254
==== Ans-fold compression
Command: /home/louza/mm-repair/ans/encode.x /mnt/data/datasets/machine-learning-matrices-split/glove.q4k.csv.24.23.A.vc.C 
Command: /home/louza/mm-repair/ans/encode.x /mnt/data/datasets/machine-learning-matrices-split/glove.q4k.csv.24.23.B.vc
Ans-fold time: 8.0166
Elapsed time: 583.7180
==== Compression Report:
 >> matrix name: /mnt/data/datasets/machine-learning-matrices-split/glove.q4k.csv
 >> conversion time: 575.14
 >> repair time: 0.04
 >> integer vectors time: 0.03
 >> ansf time: 8.02
 >> total time: 583.72
 >> matrix log(alpha)xNumEntries size: 180000000 bytes
 >> matrix dense size: 960000000 bytes
 >> total number of nonzero: 119756 (0.10%)
 >> number of distinct nonzero: 3294
 >> CRSV  size: 2105376 bytes  (0.22%)
 >> B	  size: 481120976 bytes  (50.12%)
 >> B_ans size: 277086285 bytes  (28.86%)
 >> RE32  size: 279111453 bytes  (29.07%)
 >> REIV  size: 278345317 bytes  (28.99%)
 >> REANS size: 277364001 bytes  (28.89%)
==== Done

#### 2026-09-09 20:54:28
 Command line: ./mm-repair/matrepair -r -b 24 -p 24 /mnt/data/datasets/machine-learning-matrices-split/glove.q4k.csv 400000 300 --ole --mapping 
Setting memory for each repair instance to 19335 MBs
Sending logging messages to file: /mnt/data/datasets/machine-learning-matrices-split/glove.q4k.csv.log
==== Conversion bin/csv->csrv
Command: /home/louza/mm-repair/csvmat2csrv -b 24   /mnt/data/datasets/machine-learning-matrices-split/glove.q4k.csv -r 0 -m  400000 300
Conversion time: 385.2582
==== Repair paralell compression
---- Executing 24 parallel processes
---- Parallel processing completed
Repair time: 9.0411
==== Integer vector .C compression
Command: /home/louza/mm-repair/sdsl/encode.x /mnt/data/datasets/machine-learning-matrices-split/glove.q4k.csv.24.0.vc.C 
==== Integer vector .R compression
Command: /home/louza/mm-repair/sdsl/encode.x /mnt/data/datasets/machine-learning-matrices-split/glove.q4k.csv.24.0.vc.R 
Integer vector compression time: 0.5674
==== OLE
Command: /home/louza/mm-repair/ole/encode.x /mnt/data/datasets/machine-learning-matrices-split/glove.q4k.csv.24.0.vc.C 
OLE time: 0.7378
==== Ans-fold compression
Command: /home/louza/mm-repair/ans/encode.x /mnt/data/datasets/machine-learning-matrices-split/glove.q4k.csv.24.0.vc.C 
Ans-fold time: 0.4689
==== Integer vector .C compression
Command: /home/louza/mm-repair/sdsl/encode.x /mnt/data/datasets/machine-learning-matrices-split/glove.q4k.csv.24.1.vc.C 
==== Integer vector .R compression
Command: /home/louza/mm-repair/sdsl/encode.x /mnt/data/datasets/machine-learning-matrices-split/glove.q4k.csv.24.1.vc.R 
Integer vector compression time: 1.4858
==== OLE
Command: /home/louza/mm-repair/ole/encode.x /mnt/data/datasets/machine-learning-matrices-split/glove.q4k.csv.24.1.vc.C 
OLE time: 1.1599
==== Ans-fold compression
Command: /home/louza/mm-repair/ans/encode.x /mnt/data/datasets/machine-learning-matrices-split/glove.q4k.csv.24.1.vc.C 
Ans-fold time: 1.1518
==== Integer vector .C compression
Command: /home/louza/mm-repair/sdsl/encode.x /mnt/data/datasets/machine-learning-matrices-split/glove.q4k.csv.24.2.vc.C 
==== Integer vector .R compression
Command: /home/louza/mm-repair/sdsl/encode.x /mnt/data/datasets/machine-learning-matrices-split/glove.q4k.csv.24.2.vc.R 
Integer vector compression time: 0.8562
==== OLE
Command: /home/louza/mm-repair/ole/encode.x /mnt/data/datasets/machine-learning-matrices-split/glove.q4k.csv.24.2.vc.C 
OLE time: 1.3183
==== Ans-fold compression
Command: /home/louza/mm-repair/ans/encode.x /mnt/data/datasets/machine-learning-matrices-split/glove.q4k.csv.24.2.vc.C 
Ans-fold time: 1.5595
==== Integer vector .C compression
Command: /home/louza/mm-repair/sdsl/encode.x /mnt/data/datasets/machine-learning-matrices-split/glove.q4k.csv.24.3.vc.C 
==== Integer vector .R compression
Command: /home/louza/mm-repair/sdsl/encode.x /mnt/data/datasets/machine-learning-matrices-split/glove.q4k.csv.24.3.vc.R 
Integer vector compression time: 0.8100
==== OLE
Command: /home/louza/mm-repair/ole/encode.x /mnt/data/datasets/machine-learning-matrices-split/glove.q4k.csv.24.3.vc.C 
OLE time: 0.6521
==== Ans-fold compression
Command: /home/louza/mm-repair/ans/encode.x /mnt/data/datasets/machine-learning-matrices-split/glove.q4k.csv.24.3.vc.C 
Ans-fold time: 1.9734
==== Integer vector .C compression
Command: /home/louza/mm-repair/sdsl/encode.x /mnt/data/datasets/machine-learning-matrices-split/glove.q4k.csv.24.4.vc.C 
==== Integer vector .R compression
Command: /home/louza/mm-repair/sdsl/encode.x /mnt/data/datasets/machine-learning-matrices-split/glove.q4k.csv.24.4.vc.R 
Integer vector compression time: 0.5367
==== OLE
Command: /home/louza/mm-repair/ole/encode.x /mnt/data/datasets/machine-learning-matrices-split/glove.q4k.csv.24.4.vc.C 
OLE time: 0.7464
==== Ans-fold compression
Command: /home/louza/mm-repair/ans/encode.x /mnt/data/datasets/machine-learning-matrices-split/glove.q4k.csv.24.4.vc.C 
Ans-fold time: 2.3478
==== Integer vector .C compression
Command: /home/louza/mm-repair/sdsl/encode.x /mnt/data/datasets/machine-learning-matrices-split/glove.q4k.csv.24.5.vc.C 
==== Integer vector .R compression
Command: /home/louza/mm-repair/sdsl/encode.x /mnt/data/datasets/machine-learning-matrices-split/glove.q4k.csv.24.5.vc.R 
Integer vector compression time: 0.5317
==== OLE
Command: /home/louza/mm-repair/ole/encode.x /mnt/data/datasets/machine-learning-matrices-split/glove.q4k.csv.24.5.vc.C 
OLE time: 0.5278
==== Ans-fold compression
Command: /home/louza/mm-repair/ans/encode.x /mnt/data/datasets/machine-learning-matrices-split/glove.q4k.csv.24.5.vc.C 
Ans-fold time: 2.6780
==== Integer vector .C compression
Command: /home/louza/mm-repair/sdsl/encode.x /mnt/data/datasets/machine-learning-matrices-split/glove.q4k.csv.24.6.vc.C 
==== Integer vector .R compression
Command: /home/louza/mm-repair/sdsl/encode.x /mnt/data/datasets/machine-learning-matrices-split/glove.q4k.csv.24.6.vc.R 
Integer vector compression time: 0.3635
==== OLE
Command: /home/louza/mm-repair/ole/encode.x /mnt/data/datasets/machine-learning-matrices-split/glove.q4k.csv.24.6.vc.C 
OLE time: 0.7284
==== Ans-fold compression
Command: /home/louza/mm-repair/ans/encode.x /mnt/data/datasets/machine-learning-matrices-split/glove.q4k.csv.24.6.vc.C 
Ans-fold time: 3.0137
==== Integer vector .C compression
Command: /home/louza/mm-repair/sdsl/encode.x /mnt/data/datasets/machine-learning-matrices-split/glove.q4k.csv.24.7.vc.C 
==== Integer vector .R compression
Command: /home/louza/mm-repair/sdsl/encode.x /mnt/data/datasets/machine-learning-matrices-split/glove.q4k.csv.24.7.vc.R 
Integer vector compression time: 0.8587
==== OLE
Command: /home/louza/mm-repair/ole/encode.x /mnt/data/datasets/machine-learning-matrices-split/glove.q4k.csv.24.7.vc.C 
OLE time: 1.2214
==== Ans-fold compression
Command: /home/louza/mm-repair/ans/encode.x /mnt/data/datasets/machine-learning-matrices-split/glove.q4k.csv.24.7.vc.C 
Ans-fold time: 3.3389
==== Integer vector .C compression
Command: /home/louza/mm-repair/sdsl/encode.x /mnt/data/datasets/machine-learning-matrices-split/glove.q4k.csv.24.8.vc.C 
==== Integer vector .R compression
Command: /home/louza/mm-repair/sdsl/encode.x /mnt/data/datasets/machine-learning-matrices-split/glove.q4k.csv.24.8.vc.R 
Integer vector compression time: 0.3726
==== OLE
Command: /home/louza/mm-repair/ole/encode.x /mnt/data/datasets/machine-learning-matrices-split/glove.q4k.csv.24.8.vc.C 
OLE time: 0.4293
==== Ans-fold compression
Command: /home/louza/mm-repair/ans/encode.x /mnt/data/datasets/machine-learning-matrices-split/glove.q4k.csv.24.8.vc.C 
Ans-fold time: 3.8571
==== Integer vector .C compression
Command: /home/louza/mm-repair/sdsl/encode.x /mnt/data/datasets/machine-learning-matrices-split/glove.q4k.csv.24.9.vc.C 
==== Integer vector .R compression
Command: /home/louza/mm-repair/sdsl/encode.x /mnt/data/datasets/machine-learning-matrices-split/glove.q4k.csv.24.9.vc.R 
Integer vector compression time: 0.5673
==== OLE
Command: /home/louza/mm-repair/ole/encode.x /mnt/data/datasets/machine-learning-matrices-split/glove.q4k.csv.24.9.vc.C 
OLE time: 0.6462
==== Ans-fold compression
Command: /home/louza/mm-repair/ans/encode.x /mnt/data/datasets/machine-learning-matrices-split/glove.q4k.csv.24.9.vc.C 
Ans-fold time: 4.2653
==== Integer vector .C compression
Command: /home/louza/mm-repair/sdsl/encode.x /mnt/data/datasets/machine-learning-matrices-split/glove.q4k.csv.24.10.vc.C 
==== Integer vector .R compression
Command: /home/louza/mm-repair/sdsl/encode.x /mnt/data/datasets/machine-learning-matrices-split/glove.q4k.csv.24.10.vc.R 
Integer vector compression time: 0.5396
==== OLE
Command: /home/louza/mm-repair/ole/encode.x /mnt/data/datasets/machine-learning-matrices-split/glove.q4k.csv.24.10.vc.C 
OLE time: 0.8719
==== Ans-fold compression
Command: /home/louza/mm-repair/ans/encode.x /mnt/data/datasets/machine-learning-matrices-split/glove.q4k.csv.24.10.vc.C 
Ans-fold time: 5.0012
==== Integer vector .C compression
Command: /home/louza/mm-repair/sdsl/encode.x /mnt/data/datasets/machine-learning-matrices-split/glove.q4k.csv.24.11.vc.C 
==== Integer vector .R compression
Command: /home/louza/mm-repair/sdsl/encode.x /mnt/data/datasets/machine-learning-matrices-split/glove.q4k.csv.24.11.vc.R 
Integer vector compression time: 1.0117
==== OLE
Command: /home/louza/mm-repair/ole/encode.x /mnt/data/datasets/machine-learning-matrices-split/glove.q4k.csv.24.11.vc.C 
OLE time: 1.2159
==== Ans-fold compression
Command: /home/louza/mm-repair/ans/encode.x /mnt/data/datasets/machine-learning-matrices-split/glove.q4k.csv.24.11.vc.C 
Ans-fold time: 6.1329
==== Integer vector .C compression
Command: /home/louza/mm-repair/sdsl/encode.x /mnt/data/datasets/machine-learning-matrices-split/glove.q4k.csv.24.12.vc.C 
==== Integer vector .R compression
Command: /home/louza/mm-repair/sdsl/encode.x /mnt/data/datasets/machine-learning-matrices-split/glove.q4k.csv.24.12.vc.R 
Integer vector compression time: 1.2189
==== OLE
Command: /home/louza/mm-repair/ole/encode.x /mnt/data/datasets/machine-learning-matrices-split/glove.q4k.csv.24.12.vc.C 
OLE time: 1.2801
==== Ans-fold compression
Command: /home/louza/mm-repair/ans/encode.x /mnt/data/datasets/machine-learning-matrices-split/glove.q4k.csv.24.12.vc.C 
Ans-fold time: 6.9086
==== Integer vector .C compression
Command: /home/louza/mm-repair/sdsl/encode.x /mnt/data/datasets/machine-learning-matrices-split/glove.q4k.csv.24.13.vc.C 
==== Integer vector .R compression
Command: /home/louza/mm-repair/sdsl/encode.x /mnt/data/datasets/machine-learning-matrices-split/glove.q4k.csv.24.13.vc.R 
Integer vector compression time: 0.8934
==== OLE
Command: /home/louza/mm-repair/ole/encode.x /mnt/data/datasets/machine-learning-matrices-split/glove.q4k.csv.24.13.vc.C 
OLE time: 0.7798
==== Ans-fold compression
Command: /home/louza/mm-repair/ans/encode.x /mnt/data/datasets/machine-learning-matrices-split/glove.q4k.csv.24.13.vc.C 
Ans-fold time: 7.4448
==== Integer vector .C compression
Command: /home/louza/mm-repair/sdsl/encode.x /mnt/data/datasets/machine-learning-matrices-split/glove.q4k.csv.24.14.vc.C 
==== Integer vector .R compression
Command: /home/louza/mm-repair/sdsl/encode.x /mnt/data/datasets/machine-learning-matrices-split/glove.q4k.csv.24.14.vc.R 
Integer vector compression time: 0.7356
==== OLE
Command: /home/louza/mm-repair/ole/encode.x /mnt/data/datasets/machine-learning-matrices-split/glove.q4k.csv.24.14.vc.C 
OLE time: 0.6305
==== Ans-fold compression
Command: /home/louza/mm-repair/ans/encode.x /mnt/data/datasets/machine-learning-matrices-split/glove.q4k.csv.24.14.vc.C 
Ans-fold time: 7.7649
==== Integer vector .C compression
Command: /home/louza/mm-repair/sdsl/encode.x /mnt/data/datasets/machine-learning-matrices-split/glove.q4k.csv.24.15.vc.C 
==== Integer vector .R compression
Command: /home/louza/mm-repair/sdsl/encode.x /mnt/data/datasets/machine-learning-matrices-split/glove.q4k.csv.24.15.vc.R 
Integer vector compression time: 0.9939
==== OLE
Command: /home/louza/mm-repair/ole/encode.x /mnt/data/datasets/machine-learning-matrices-split/glove.q4k.csv.24.15.vc.C 
OLE time: 0.6369
==== Ans-fold compression
Command: /home/louza/mm-repair/ans/encode.x /mnt/data/datasets/machine-learning-matrices-split/glove.q4k.csv.24.15.vc.C 
Ans-fold time: 8.3150
==== Integer vector .C compression
Command: /home/louza/mm-repair/sdsl/encode.x /mnt/data/datasets/machine-learning-matrices-split/glove.q4k.csv.24.16.vc.C 
==== Integer vector .R compression
Command: /home/louza/mm-repair/sdsl/encode.x /mnt/data/datasets/machine-learning-matrices-split/glove.q4k.csv.24.16.vc.R 
Integer vector compression time: 0.9322
==== OLE
Command: /home/louza/mm-repair/ole/encode.x /mnt/data/datasets/machine-learning-matrices-split/glove.q4k.csv.24.16.vc.C 
OLE time: 1.1312
==== Ans-fold compression
Command: /home/louza/mm-repair/ans/encode.x /mnt/data/datasets/machine-learning-matrices-split/glove.q4k.csv.24.16.vc.C 
Ans-fold time: 8.7113
==== Integer vector .C compression
Command: /home/louza/mm-repair/sdsl/encode.x /mnt/data/datasets/machine-learning-matrices-split/glove.q4k.csv.24.17.vc.C 
==== Integer vector .R compression
Command: /home/louza/mm-repair/sdsl/encode.x /mnt/data/datasets/machine-learning-matrices-split/glove.q4k.csv.24.17.vc.R 
Integer vector compression time: 1.0725
==== OLE
Command: /home/louza/mm-repair/ole/encode.x /mnt/data/datasets/machine-learning-matrices-split/glove.q4k.csv.24.17.vc.C 
OLE time: 1.3233
==== Ans-fold compression
Command: /home/louza/mm-repair/ans/encode.x /mnt/data/datasets/machine-learning-matrices-split/glove.q4k.csv.24.17.vc.C 
Ans-fold time: 9.3658
==== Integer vector .C compression
Command: /home/louza/mm-repair/sdsl/encode.x /mnt/data/datasets/machine-learning-matrices-split/glove.q4k.csv.24.18.vc.C 
==== Integer vector .R compression
Command: /home/louza/mm-repair/sdsl/encode.x /mnt/data/datasets/machine-learning-matrices-split/glove.q4k.csv.24.18.vc.R 
Integer vector compression time: 1.0747
==== OLE
Command: /home/louza/mm-repair/ole/encode.x /mnt/data/datasets/machine-learning-matrices-split/glove.q4k.csv.24.18.vc.C 
OLE time: 1.0048
==== Ans-fold compression
Command: /home/louza/mm-repair/ans/encode.x /mnt/data/datasets/machine-learning-matrices-split/glove.q4k.csv.24.18.vc.C 
Ans-fold time: 9.7001
==== Integer vector .C compression
Command: /home/louza/mm-repair/sdsl/encode.x /mnt/data/datasets/machine-learning-matrices-split/glove.q4k.csv.24.19.vc.C 
==== Integer vector .R compression
Command: /home/louza/mm-repair/sdsl/encode.x /mnt/data/datasets/machine-learning-matrices-split/glove.q4k.csv.24.19.vc.R 
Integer vector compression time: 0.8701
==== OLE
Command: /home/louza/mm-repair/ole/encode.x /mnt/data/datasets/machine-learning-matrices-split/glove.q4k.csv.24.19.vc.C 
OLE time: 1.3750
==== Ans-fold compression
Command: /home/louza/mm-repair/ans/encode.x /mnt/data/datasets/machine-learning-matrices-split/glove.q4k.csv.24.19.vc.C 
Ans-fold time: 10.1041
==== Integer vector .C compression
Command: /home/louza/mm-repair/sdsl/encode.x /mnt/data/datasets/machine-learning-matrices-split/glove.q4k.csv.24.20.vc.C 
==== Integer vector .R compression
Command: /home/louza/mm-repair/sdsl/encode.x /mnt/data/datasets/machine-learning-matrices-split/glove.q4k.csv.24.20.vc.R 
Integer vector compression time: 0.9070
==== OLE
Command: /home/louza/mm-repair/ole/encode.x /mnt/data/datasets/machine-learning-matrices-split/glove.q4k.csv.24.20.vc.C 
OLE time: 0.9071
==== Ans-fold compression
Command: /home/louza/mm-repair/ans/encode.x /mnt/data/datasets/machine-learning-matrices-split/glove.q4k.csv.24.20.vc.C 
Ans-fold time: 10.4304
==== Integer vector .C compression
Command: /home/louza/mm-repair/sdsl/encode.x /mnt/data/datasets/machine-learning-matrices-split/glove.q4k.csv.24.21.vc.C 
==== Integer vector .R compression
Command: /home/louza/mm-repair/sdsl/encode.x /mnt/data/datasets/machine-learning-matrices-split/glove.q4k.csv.24.21.vc.R 
Integer vector compression time: 0.8879
==== OLE
Command: /home/louza/mm-repair/ole/encode.x /mnt/data/datasets/machine-learning-matrices-split/glove.q4k.csv.24.21.vc.C 
OLE time: 1.1820
==== Ans-fold compression
Command: /home/louza/mm-repair/ans/encode.x /mnt/data/datasets/machine-learning-matrices-split/glove.q4k.csv.24.21.vc.C 
Ans-fold time: 10.8626
==== Integer vector .C compression
Command: /home/louza/mm-repair/sdsl/encode.x /mnt/data/datasets/machine-learning-matrices-split/glove.q4k.csv.24.22.vc.C 
==== Integer vector .R compression
Command: /home/louza/mm-repair/sdsl/encode.x /mnt/data/datasets/machine-learning-matrices-split/glove.q4k.csv.24.22.vc.R 
Integer vector compression time: 0.6366
==== OLE
Command: /home/louza/mm-repair/ole/encode.x /mnt/data/datasets/machine-learning-matrices-split/glove.q4k.csv.24.22.vc.C 
OLE time: 0.9163
==== Ans-fold compression
Command: /home/louza/mm-repair/ans/encode.x /mnt/data/datasets/machine-learning-matrices-split/glove.q4k.csv.24.22.vc.C 
Ans-fold time: 11.6899
==== Integer vector .C compression
Command: /home/louza/mm-repair/sdsl/encode.x /mnt/data/datasets/machine-learning-matrices-split/glove.q4k.csv.24.23.vc.C 
==== Integer vector .R compression
Command: /home/louza/mm-repair/sdsl/encode.x /mnt/data/datasets/machine-learning-matrices-split/glove.q4k.csv.24.23.vc.R 
Integer vector compression time: 1.2045
==== OLE
Command: /home/louza/mm-repair/ole/encode.x /mnt/data/datasets/machine-learning-matrices-split/glove.q4k.csv.24.23.vc.C 
OLE time: 0.5755
==== Ans-fold compression
Command: /home/louza/mm-repair/ans/encode.x /mnt/data/datasets/machine-learning-matrices-split/glove.q4k.csv.24.23.vc.C 
Ans-fold time: 12.0152
Command: /home/louza/mm-repair/ans/encode.x /mnt/data/datasets/machine-learning-matrices-split/glove.q4k.csv.wcode 
Elapsed time: 448.2699
==== Compression Report:
 >> matrix name: /mnt/data/datasets/machine-learning-matrices-split/glove.q4k.csv
 >> conversion time: 385.26
 >> repair time: 9.04
 >> integer vectors time: 1.20
 >> ansf time: 12.02
 >> total time: 448.27
 >> wcode: 2334536 bytes
 >> wcode_ans: 47562 bytes
 >> matrix log(alpha)xNumEntries size: 180000000 bytes
 >> matrix dense size: 960000000 bytes
 >> total number of nonzero: 120000000 (100.00%)
 >> number of distinct nonzero: 3294
 >> CRSV  size: 481626352 bytes  (50.17%)
 >> RE32  size: 483880680 bytes  (50.40%)
 >> REIV  size: 303311360 bytes  (31.59%)
 >> REANS size: 183069605 bytes  (19.07%)
==== Done

#### 2026-09-09 21:01:56
 Command line: ./mm-repair/matrepair -r -b 24 -p 24 /mnt/data/datasets/machine-learning-matrices-split/glove.q4k.csv 400000 300 --ole --split 
Setting memory for each repair instance to 19335 MBs
Sending logging messages to file: /mnt/data/datasets/machine-learning-matrices-split/glove.q4k.csv.log
==== Conversion bin/csv->csrv
Command: /home/louza/mm-repair/csvmat2csrv -b 24   /mnt/data/datasets/machine-learning-matrices-split/glove.q4k.csv -r 0  -s 400000 300
Conversion time: 409.7309
==== Repair paralell compression
---- Executing 24 parallel processes
---- Parallel processing completed
Repair time: 0.0492
==== Integer vector .C compression
Command: /home/louza/mm-repair/sdsl/encode.x /mnt/data/datasets/machine-learning-matrices-split/glove.q4k.csv.24.0.A.vc.C 
==== Integer vector .R compression
Command: /home/louza/mm-repair/sdsl/encode.x /mnt/data/datasets/machine-learning-matrices-split/glove.q4k.csv.24.0.A.vc.R 
Integer vector compression time: 0.0268
==== OLE
Command: /home/louza/mm-repair/ole/encode.x /mnt/data/datasets/machine-learning-matrices-split/glove.q4k.csv.24.0.A.vc.C 
Command: /home/louza/mm-repair/ole/encode.x /mnt/data/datasets/machine-learning-matrices-split/glove.q4k.csv.24.0.B.vc 
OLE time: 0.3426
==== Ans-fold compression
Command: /home/louza/mm-repair/ans/encode.x /mnt/data/datasets/machine-learning-matrices-split/glove.q4k.csv.24.0.A.vc.C 
Command: /home/louza/mm-repair/ans/encode.x /mnt/data/datasets/machine-learning-matrices-split/glove.q4k.csv.24.0.B.vc
Ans-fold time: 0.6206
==== Integer vector .C compression
Command: /home/louza/mm-repair/sdsl/encode.x /mnt/data/datasets/machine-learning-matrices-split/glove.q4k.csv.24.1.A.vc.C 
==== Integer vector .R compression
Command: /home/louza/mm-repair/sdsl/encode.x /mnt/data/datasets/machine-learning-matrices-split/glove.q4k.csv.24.1.A.vc.R 
Integer vector compression time: 0.1094
==== OLE
Command: /home/louza/mm-repair/ole/encode.x /mnt/data/datasets/machine-learning-matrices-split/glove.q4k.csv.24.1.A.vc.C 
Command: /home/louza/mm-repair/ole/encode.x /mnt/data/datasets/machine-learning-matrices-split/glove.q4k.csv.24.1.B.vc 
OLE time: 0.1932
==== Ans-fold compression
Command: /home/louza/mm-repair/ans/encode.x /mnt/data/datasets/machine-learning-matrices-split/glove.q4k.csv.24.1.A.vc.C 
Command: /home/louza/mm-repair/ans/encode.x /mnt/data/datasets/machine-learning-matrices-split/glove.q4k.csv.24.1.B.vc
Ans-fold time: 0.8356
==== Integer vector .C compression
Command: /home/louza/mm-repair/sdsl/encode.x /mnt/data/datasets/machine-learning-matrices-split/glove.q4k.csv.24.2.A.vc.C 
==== Integer vector .R compression
Command: /home/louza/mm-repair/sdsl/encode.x /mnt/data/datasets/machine-learning-matrices-split/glove.q4k.csv.24.2.A.vc.R 
Integer vector compression time: 0.0505
==== OLE
Command: /home/louza/mm-repair/ole/encode.x /mnt/data/datasets/machine-learning-matrices-split/glove.q4k.csv.24.2.A.vc.C 
Command: /home/louza/mm-repair/ole/encode.x /mnt/data/datasets/machine-learning-matrices-split/glove.q4k.csv.24.2.B.vc 
OLE time: 0.3091
==== Ans-fold compression
Command: /home/louza/mm-repair/ans/encode.x /mnt/data/datasets/machine-learning-matrices-split/glove.q4k.csv.24.2.A.vc.C 
Command: /home/louza/mm-repair/ans/encode.x /mnt/data/datasets/machine-learning-matrices-split/glove.q4k.csv.24.2.B.vc
Ans-fold time: 1.1010
==== Integer vector .C compression
Command: /home/louza/mm-repair/sdsl/encode.x /mnt/data/datasets/machine-learning-matrices-split/glove.q4k.csv.24.3.A.vc.C 
==== Integer vector .R compression
Command: /home/louza/mm-repair/sdsl/encode.x /mnt/data/datasets/machine-learning-matrices-split/glove.q4k.csv.24.3.A.vc.R 
Integer vector compression time: 0.1248
==== OLE
Command: /home/louza/mm-repair/ole/encode.x /mnt/data/datasets/machine-learning-matrices-split/glove.q4k.csv.24.3.A.vc.C 
Command: /home/louza/mm-repair/ole/encode.x /mnt/data/datasets/machine-learning-matrices-split/glove.q4k.csv.24.3.B.vc 
OLE time: 0.3633
==== Ans-fold compression
Command: /home/louza/mm-repair/ans/encode.x /mnt/data/datasets/machine-learning-matrices-split/glove.q4k.csv.24.3.A.vc.C 
Command: /home/louza/mm-repair/ans/encode.x /mnt/data/datasets/machine-learning-matrices-split/glove.q4k.csv.24.3.B.vc
Ans-fold time: 1.3221
==== Integer vector .C compression
Command: /home/louza/mm-repair/sdsl/encode.x /mnt/data/datasets/machine-learning-matrices-split/glove.q4k.csv.24.4.A.vc.C 
==== Integer vector .R compression
Command: /home/louza/mm-repair/sdsl/encode.x /mnt/data/datasets/machine-learning-matrices-split/glove.q4k.csv.24.4.A.vc.R 
Integer vector compression time: 0.0278
==== OLE
Command: /home/louza/mm-repair/ole/encode.x /mnt/data/datasets/machine-learning-matrices-split/glove.q4k.csv.24.4.A.vc.C 
Command: /home/louza/mm-repair/ole/encode.x /mnt/data/datasets/machine-learning-matrices-split/glove.q4k.csv.24.4.B.vc 
OLE time: 0.2017
==== Ans-fold compression
Command: /home/louza/mm-repair/ans/encode.x /mnt/data/datasets/machine-learning-matrices-split/glove.q4k.csv.24.4.A.vc.C 
Command: /home/louza/mm-repair/ans/encode.x /mnt/data/datasets/machine-learning-matrices-split/glove.q4k.csv.24.4.B.vc
Ans-fold time: 1.5910
==== Integer vector .C compression
Command: /home/louza/mm-repair/sdsl/encode.x /mnt/data/datasets/machine-learning-matrices-split/glove.q4k.csv.24.5.A.vc.C 
==== Integer vector .R compression
Command: /home/louza/mm-repair/sdsl/encode.x /mnt/data/datasets/machine-learning-matrices-split/glove.q4k.csv.24.5.A.vc.R 
Integer vector compression time: 0.0252
==== OLE
Command: /home/louza/mm-repair/ole/encode.x /mnt/data/datasets/machine-learning-matrices-split/glove.q4k.csv.24.5.A.vc.C 
Command: /home/louza/mm-repair/ole/encode.x /mnt/data/datasets/machine-learning-matrices-split/glove.q4k.csv.24.5.B.vc 
OLE time: 0.1501
==== Ans-fold compression
Command: /home/louza/mm-repair/ans/encode.x /mnt/data/datasets/machine-learning-matrices-split/glove.q4k.csv.24.5.A.vc.C 
Command: /home/louza/mm-repair/ans/encode.x /mnt/data/datasets/machine-learning-matrices-split/glove.q4k.csv.24.5.B.vc
Ans-fold time: 1.7942
==== Integer vector .C compression
Command: /home/louza/mm-repair/sdsl/encode.x /mnt/data/datasets/machine-learning-matrices-split/glove.q4k.csv.24.6.A.vc.C 
==== Integer vector .R compression
Command: /home/louza/mm-repair/sdsl/encode.x /mnt/data/datasets/machine-learning-matrices-split/glove.q4k.csv.24.6.A.vc.R 
Integer vector compression time: 0.0237
==== OLE
Command: /home/louza/mm-repair/ole/encode.x /mnt/data/datasets/machine-learning-matrices-split/glove.q4k.csv.24.6.A.vc.C 
Command: /home/louza/mm-repair/ole/encode.x /mnt/data/datasets/machine-learning-matrices-split/glove.q4k.csv.24.6.B.vc 
OLE time: 0.1535
==== Ans-fold compression
Command: /home/louza/mm-repair/ans/encode.x /mnt/data/datasets/machine-learning-matrices-split/glove.q4k.csv.24.6.A.vc.C 
Command: /home/louza/mm-repair/ans/encode.x /mnt/data/datasets/machine-learning-matrices-split/glove.q4k.csv.24.6.B.vc
Ans-fold time: 1.9995
==== Integer vector .C compression
Command: /home/louza/mm-repair/sdsl/encode.x /mnt/data/datasets/machine-learning-matrices-split/glove.q4k.csv.24.7.A.vc.C 
==== Integer vector .R compression
Command: /home/louza/mm-repair/sdsl/encode.x /mnt/data/datasets/machine-learning-matrices-split/glove.q4k.csv.24.7.A.vc.R 
Integer vector compression time: 0.0259
==== OLE
Command: /home/louza/mm-repair/ole/encode.x /mnt/data/datasets/machine-learning-matrices-split/glove.q4k.csv.24.7.A.vc.C 
Command: /home/louza/mm-repair/ole/encode.x /mnt/data/datasets/machine-learning-matrices-split/glove.q4k.csv.24.7.B.vc 
OLE time: 0.1593
==== Ans-fold compression
Command: /home/louza/mm-repair/ans/encode.x /mnt/data/datasets/machine-learning-matrices-split/glove.q4k.csv.24.7.A.vc.C 
Command: /home/louza/mm-repair/ans/encode.x /mnt/data/datasets/machine-learning-matrices-split/glove.q4k.csv.24.7.B.vc
Ans-fold time: 2.2013
==== Integer vector .C compression
Command: /home/louza/mm-repair/sdsl/encode.x /mnt/data/datasets/machine-learning-matrices-split/glove.q4k.csv.24.8.A.vc.C 
==== Integer vector .R compression
Command: /home/louza/mm-repair/sdsl/encode.x /mnt/data/datasets/machine-learning-matrices-split/glove.q4k.csv.24.8.A.vc.R 
Integer vector compression time: 0.0223
==== OLE
Command: /home/louza/mm-repair/ole/encode.x /mnt/data/datasets/machine-learning-matrices-split/glove.q4k.csv.24.8.A.vc.C 
Command: /home/louza/mm-repair/ole/encode.x /mnt/data/datasets/machine-learning-matrices-split/glove.q4k.csv.24.8.B.vc 
OLE time: 0.1662
==== Ans-fold compression
Command: /home/louza/mm-repair/ans/encode.x /mnt/data/datasets/machine-learning-matrices-split/glove.q4k.csv.24.8.A.vc.C 
Command: /home/louza/mm-repair/ans/encode.x /mnt/data/datasets/machine-learning-matrices-split/glove.q4k.csv.24.8.B.vc
Ans-fold time: 2.4029
==== Integer vector .C compression
Command: /home/louza/mm-repair/sdsl/encode.x /mnt/data/datasets/machine-learning-matrices-split/glove.q4k.csv.24.9.A.vc.C 
==== Integer vector .R compression
Command: /home/louza/mm-repair/sdsl/encode.x /mnt/data/datasets/machine-learning-matrices-split/glove.q4k.csv.24.9.A.vc.R 
Integer vector compression time: 0.0247
==== OLE
Command: /home/louza/mm-repair/ole/encode.x /mnt/data/datasets/machine-learning-matrices-split/glove.q4k.csv.24.9.A.vc.C 
Command: /home/louza/mm-repair/ole/encode.x /mnt/data/datasets/machine-learning-matrices-split/glove.q4k.csv.24.9.B.vc 
OLE time: 0.1431
==== Ans-fold compression
Command: /home/louza/mm-repair/ans/encode.x /mnt/data/datasets/machine-learning-matrices-split/glove.q4k.csv.24.9.A.vc.C 
Command: /home/louza/mm-repair/ans/encode.x /mnt/data/datasets/machine-learning-matrices-split/glove.q4k.csv.24.9.B.vc
Ans-fold time: 2.6147
==== Integer vector .C compression
Command: /home/louza/mm-repair/sdsl/encode.x /mnt/data/datasets/machine-learning-matrices-split/glove.q4k.csv.24.10.A.vc.C 
==== Integer vector .R compression
Command: /home/louza/mm-repair/sdsl/encode.x /mnt/data/datasets/machine-learning-matrices-split/glove.q4k.csv.24.10.A.vc.R 
Integer vector compression time: 0.0252
==== OLE
Command: /home/louza/mm-repair/ole/encode.x /mnt/data/datasets/machine-learning-matrices-split/glove.q4k.csv.24.10.A.vc.C 
Command: /home/louza/mm-repair/ole/encode.x /mnt/data/datasets/machine-learning-matrices-split/glove.q4k.csv.24.10.B.vc 
OLE time: 0.1506
==== Ans-fold compression
Command: /home/louza/mm-repair/ans/encode.x /mnt/data/datasets/machine-learning-matrices-split/glove.q4k.csv.24.10.A.vc.C 
Command: /home/louza/mm-repair/ans/encode.x /mnt/data/datasets/machine-learning-matrices-split/glove.q4k.csv.24.10.B.vc
Ans-fold time: 2.8239
==== Integer vector .C compression
Command: /home/louza/mm-repair/sdsl/encode.x /mnt/data/datasets/machine-learning-matrices-split/glove.q4k.csv.24.11.A.vc.C 
==== Integer vector .R compression
Command: /home/louza/mm-repair/sdsl/encode.x /mnt/data/datasets/machine-learning-matrices-split/glove.q4k.csv.24.11.A.vc.R 
Integer vector compression time: 0.0243
==== OLE
Command: /home/louza/mm-repair/ole/encode.x /mnt/data/datasets/machine-learning-matrices-split/glove.q4k.csv.24.11.A.vc.C 
Command: /home/louza/mm-repair/ole/encode.x /mnt/data/datasets/machine-learning-matrices-split/glove.q4k.csv.24.11.B.vc 
OLE time: 0.1436
==== Ans-fold compression
Command: /home/louza/mm-repair/ans/encode.x /mnt/data/datasets/machine-learning-matrices-split/glove.q4k.csv.24.11.A.vc.C 
Command: /home/louza/mm-repair/ans/encode.x /mnt/data/datasets/machine-learning-matrices-split/glove.q4k.csv.24.11.B.vc
Ans-fold time: 3.0344
==== Integer vector .C compression
Command: /home/louza/mm-repair/sdsl/encode.x /mnt/data/datasets/machine-learning-matrices-split/glove.q4k.csv.24.12.A.vc.C 
==== Integer vector .R compression
Command: /home/louza/mm-repair/sdsl/encode.x /mnt/data/datasets/machine-learning-matrices-split/glove.q4k.csv.24.12.A.vc.R 
Integer vector compression time: 0.0194
==== OLE
Command: /home/louza/mm-repair/ole/encode.x /mnt/data/datasets/machine-learning-matrices-split/glove.q4k.csv.24.12.A.vc.C 
Command: /home/louza/mm-repair/ole/encode.x /mnt/data/datasets/machine-learning-matrices-split/glove.q4k.csv.24.12.B.vc 
OLE time: 0.2453
==== Ans-fold compression
Command: /home/louza/mm-repair/ans/encode.x /mnt/data/datasets/machine-learning-matrices-split/glove.q4k.csv.24.12.A.vc.C 
Command: /home/louza/mm-repair/ans/encode.x /mnt/data/datasets/machine-learning-matrices-split/glove.q4k.csv.24.12.B.vc
Ans-fold time: 3.2560
==== Integer vector .C compression
Command: /home/louza/mm-repair/sdsl/encode.x /mnt/data/datasets/machine-learning-matrices-split/glove.q4k.csv.24.13.A.vc.C 
==== Integer vector .R compression
Command: /home/louza/mm-repair/sdsl/encode.x /mnt/data/datasets/machine-learning-matrices-split/glove.q4k.csv.24.13.A.vc.R 
Integer vector compression time: 0.0190
==== OLE
Command: /home/louza/mm-repair/ole/encode.x /mnt/data/datasets/machine-learning-matrices-split/glove.q4k.csv.24.13.A.vc.C 
Command: /home/louza/mm-repair/ole/encode.x /mnt/data/datasets/machine-learning-matrices-split/glove.q4k.csv.24.13.B.vc 
OLE time: 0.1344
==== Ans-fold compression
Command: /home/louza/mm-repair/ans/encode.x /mnt/data/datasets/machine-learning-matrices-split/glove.q4k.csv.24.13.A.vc.C 
Command: /home/louza/mm-repair/ans/encode.x /mnt/data/datasets/machine-learning-matrices-split/glove.q4k.csv.24.13.B.vc
Ans-fold time: 3.4750
==== Integer vector .C compression
Command: /home/louza/mm-repair/sdsl/encode.x /mnt/data/datasets/machine-learning-matrices-split/glove.q4k.csv.24.14.A.vc.C 
==== Integer vector .R compression
Command: /home/louza/mm-repair/sdsl/encode.x /mnt/data/datasets/machine-learning-matrices-split/glove.q4k.csv.24.14.A.vc.R 
Integer vector compression time: 0.0196
==== OLE
Command: /home/louza/mm-repair/ole/encode.x /mnt/data/datasets/machine-learning-matrices-split/glove.q4k.csv.24.14.A.vc.C 
Command: /home/louza/mm-repair/ole/encode.x /mnt/data/datasets/machine-learning-matrices-split/glove.q4k.csv.24.14.B.vc 
OLE time: 0.1523
==== Ans-fold compression
Command: /home/louza/mm-repair/ans/encode.x /mnt/data/datasets/machine-learning-matrices-split/glove.q4k.csv.24.14.A.vc.C 
Command: /home/louza/mm-repair/ans/encode.x /mnt/data/datasets/machine-learning-matrices-split/glove.q4k.csv.24.14.B.vc
Ans-fold time: 3.6781
==== Integer vector .C compression
Command: /home/louza/mm-repair/sdsl/encode.x /mnt/data/datasets/machine-learning-matrices-split/glove.q4k.csv.24.15.A.vc.C 
==== Integer vector .R compression
Command: /home/louza/mm-repair/sdsl/encode.x /mnt/data/datasets/machine-learning-matrices-split/glove.q4k.csv.24.15.A.vc.R 
Integer vector compression time: 0.0191
==== OLE
Command: /home/louza/mm-repair/ole/encode.x /mnt/data/datasets/machine-learning-matrices-split/glove.q4k.csv.24.15.A.vc.C 
Command: /home/louza/mm-repair/ole/encode.x /mnt/data/datasets/machine-learning-matrices-split/glove.q4k.csv.24.15.B.vc 
OLE time: 0.1500
==== Ans-fold compression
Command: /home/louza/mm-repair/ans/encode.x /mnt/data/datasets/machine-learning-matrices-split/glove.q4k.csv.24.15.A.vc.C 
Command: /home/louza/mm-repair/ans/encode.x /mnt/data/datasets/machine-learning-matrices-split/glove.q4k.csv.24.15.B.vc
Ans-fold time: 3.8900
==== Integer vector .C compression
Command: /home/louza/mm-repair/sdsl/encode.x /mnt/data/datasets/machine-learning-matrices-split/glove.q4k.csv.24.16.A.vc.C 
==== Integer vector .R compression
Command: /home/louza/mm-repair/sdsl/encode.x /mnt/data/datasets/machine-learning-matrices-split/glove.q4k.csv.24.16.A.vc.R 
Integer vector compression time: 0.0213
==== OLE
Command: /home/louza/mm-repair/ole/encode.x /mnt/data/datasets/machine-learning-matrices-split/glove.q4k.csv.24.16.A.vc.C 
Command: /home/louza/mm-repair/ole/encode.x /mnt/data/datasets/machine-learning-matrices-split/glove.q4k.csv.24.16.B.vc 
OLE time: 0.1526
==== Ans-fold compression
Command: /home/louza/mm-repair/ans/encode.x /mnt/data/datasets/machine-learning-matrices-split/glove.q4k.csv.24.16.A.vc.C 
Command: /home/louza/mm-repair/ans/encode.x /mnt/data/datasets/machine-learning-matrices-split/glove.q4k.csv.24.16.B.vc
Ans-fold time: 4.2351
==== Integer vector .C compression
Command: /home/louza/mm-repair/sdsl/encode.x /mnt/data/datasets/machine-learning-matrices-split/glove.q4k.csv.24.17.A.vc.C 
==== Integer vector .R compression
Command: /home/louza/mm-repair/sdsl/encode.x /mnt/data/datasets/machine-learning-matrices-split/glove.q4k.csv.24.17.A.vc.R 
Integer vector compression time: 0.0609
==== OLE
Command: /home/louza/mm-repair/ole/encode.x /mnt/data/datasets/machine-learning-matrices-split/glove.q4k.csv.24.17.A.vc.C 
Command: /home/louza/mm-repair/ole/encode.x /mnt/data/datasets/machine-learning-matrices-split/glove.q4k.csv.24.17.B.vc 
OLE time: 0.2647
==== Ans-fold compression
Command: /home/louza/mm-repair/ans/encode.x /mnt/data/datasets/machine-learning-matrices-split/glove.q4k.csv.24.17.A.vc.C 
Command: /home/louza/mm-repair/ans/encode.x /mnt/data/datasets/machine-learning-matrices-split/glove.q4k.csv.24.17.B.vc
Ans-fold time: 4.5233
==== Integer vector .C compression
Command: /home/louza/mm-repair/sdsl/encode.x /mnt/data/datasets/machine-learning-matrices-split/glove.q4k.csv.24.18.A.vc.C 
==== Integer vector .R compression
Command: /home/louza/mm-repair/sdsl/encode.x /mnt/data/datasets/machine-learning-matrices-split/glove.q4k.csv.24.18.A.vc.R 
Integer vector compression time: 0.0486
==== OLE
Command: /home/louza/mm-repair/ole/encode.x /mnt/data/datasets/machine-learning-matrices-split/glove.q4k.csv.24.18.A.vc.C 
Command: /home/louza/mm-repair/ole/encode.x /mnt/data/datasets/machine-learning-matrices-split/glove.q4k.csv.24.18.B.vc 
OLE time: 0.3370
==== Ans-fold compression
Command: /home/louza/mm-repair/ans/encode.x /mnt/data/datasets/machine-learning-matrices-split/glove.q4k.csv.24.18.A.vc.C 
Command: /home/louza/mm-repair/ans/encode.x /mnt/data/datasets/machine-learning-matrices-split/glove.q4k.csv.24.18.B.vc
Ans-fold time: 4.9140
==== Integer vector .C compression
Command: /home/louza/mm-repair/sdsl/encode.x /mnt/data/datasets/machine-learning-matrices-split/glove.q4k.csv.24.19.A.vc.C 
==== Integer vector .R compression
Command: /home/louza/mm-repair/sdsl/encode.x /mnt/data/datasets/machine-learning-matrices-split/glove.q4k.csv.24.19.A.vc.R 
Integer vector compression time: 0.0408
==== OLE
Command: /home/louza/mm-repair/ole/encode.x /mnt/data/datasets/machine-learning-matrices-split/glove.q4k.csv.24.19.A.vc.C 
Command: /home/louza/mm-repair/ole/encode.x /mnt/data/datasets/machine-learning-matrices-split/glove.q4k.csv.24.19.B.vc 
OLE time: 0.2497
==== Ans-fold compression
Command: /home/louza/mm-repair/ans/encode.x /mnt/data/datasets/machine-learning-matrices-split/glove.q4k.csv.24.19.A.vc.C 
Command: /home/louza/mm-repair/ans/encode.x /mnt/data/datasets/machine-learning-matrices-split/glove.q4k.csv.24.19.B.vc
Ans-fold time: 5.1773
==== Integer vector .C compression
Command: /home/louza/mm-repair/sdsl/encode.x /mnt/data/datasets/machine-learning-matrices-split/glove.q4k.csv.24.20.A.vc.C 
==== Integer vector .R compression
Command: /home/louza/mm-repair/sdsl/encode.x /mnt/data/datasets/machine-learning-matrices-split/glove.q4k.csv.24.20.A.vc.R 
Integer vector compression time: 0.0258
==== OLE
Command: /home/louza/mm-repair/ole/encode.x /mnt/data/datasets/machine-learning-matrices-split/glove.q4k.csv.24.20.A.vc.C 
Command: /home/louza/mm-repair/ole/encode.x /mnt/data/datasets/machine-learning-matrices-split/glove.q4k.csv.24.20.B.vc 
OLE time: 0.1703
==== Ans-fold compression
Command: /home/louza/mm-repair/ans/encode.x /mnt/data/datasets/machine-learning-matrices-split/glove.q4k.csv.24.20.A.vc.C 
Command: /home/louza/mm-repair/ans/encode.x /mnt/data/datasets/machine-learning-matrices-split/glove.q4k.csv.24.20.B.vc
Ans-fold time: 5.4654
==== Integer vector .C compression
Command: /home/louza/mm-repair/sdsl/encode.x /mnt/data/datasets/machine-learning-matrices-split/glove.q4k.csv.24.21.A.vc.C 
==== Integer vector .R compression
Command: /home/louza/mm-repair/sdsl/encode.x /mnt/data/datasets/machine-learning-matrices-split/glove.q4k.csv.24.21.A.vc.R 
Integer vector compression time: 0.0240
==== OLE
Command: /home/louza/mm-repair/ole/encode.x /mnt/data/datasets/machine-learning-matrices-split/glove.q4k.csv.24.21.A.vc.C 
Command: /home/louza/mm-repair/ole/encode.x /mnt/data/datasets/machine-learning-matrices-split/glove.q4k.csv.24.21.B.vc 
OLE time: 0.1625
==== Ans-fold compression
Command: /home/louza/mm-repair/ans/encode.x /mnt/data/datasets/machine-learning-matrices-split/glove.q4k.csv.24.21.A.vc.C 
Command: /home/louza/mm-repair/ans/encode.x /mnt/data/datasets/machine-learning-matrices-split/glove.q4k.csv.24.21.B.vc
Ans-fold time: 5.7522
==== Integer vector .C compression
Command: /home/louza/mm-repair/sdsl/encode.x /mnt/data/datasets/machine-learning-matrices-split/glove.q4k.csv.24.22.A.vc.C 
==== Integer vector .R compression
Command: /home/louza/mm-repair/sdsl/encode.x /mnt/data/datasets/machine-learning-matrices-split/glove.q4k.csv.24.22.A.vc.R 
Integer vector compression time: 0.0491
==== OLE
Command: /home/louza/mm-repair/ole/encode.x /mnt/data/datasets/machine-learning-matrices-split/glove.q4k.csv.24.22.A.vc.C 
Command: /home/louza/mm-repair/ole/encode.x /mnt/data/datasets/machine-learning-matrices-split/glove.q4k.csv.24.22.B.vc 
OLE time: 0.1759
==== Ans-fold compression
Command: /home/louza/mm-repair/ans/encode.x /mnt/data/datasets/machine-learning-matrices-split/glove.q4k.csv.24.22.A.vc.C 
Command: /home/louza/mm-repair/ans/encode.x /mnt/data/datasets/machine-learning-matrices-split/glove.q4k.csv.24.22.B.vc
Ans-fold time: 6.0397
==== Integer vector .C compression
Command: /home/louza/mm-repair/sdsl/encode.x /mnt/data/datasets/machine-learning-matrices-split/glove.q4k.csv.24.23.A.vc.C 
==== Integer vector .R compression
Command: /home/louza/mm-repair/sdsl/encode.x /mnt/data/datasets/machine-learning-matrices-split/glove.q4k.csv.24.23.A.vc.R 
Integer vector compression time: 0.0232
==== OLE
Command: /home/louza/mm-repair/ole/encode.x /mnt/data/datasets/machine-learning-matrices-split/glove.q4k.csv.24.23.A.vc.C 
Command: /home/louza/mm-repair/ole/encode.x /mnt/data/datasets/machine-learning-matrices-split/glove.q4k.csv.24.23.B.vc 
OLE time: 0.1671
==== Ans-fold compression
Command: /home/louza/mm-repair/ans/encode.x /mnt/data/datasets/machine-learning-matrices-split/glove.q4k.csv.24.23.A.vc.C 
Command: /home/louza/mm-repair/ans/encode.x /mnt/data/datasets/machine-learning-matrices-split/glove.q4k.csv.24.23.B.vc
Ans-fold time: 6.2486
Elapsed time: 421.8619
==== Compression Report:
 >> matrix name: /mnt/data/datasets/machine-learning-matrices-split/glove.q4k.csv
 >> conversion time: 409.73
 >> repair time: 0.05
 >> integer vectors time: 0.02
 >> ansf time: 6.25
 >> total time: 421.86
 >> matrix log(alpha)xNumEntries size: 180000000 bytes
 >> matrix dense size: 960000000 bytes
 >> total number of nonzero: 119756 (0.10%)
 >> number of distinct nonzero: 3294
 >> CRSV  size: 2105376 bytes  (0.22%)
 >> B	  size: 481120976 bytes  (50.12%)
 >> B_ans size: 179516191 bytes  (18.70%)
 >> RE32  size: 181541359 bytes  (18.91%)
 >> REIV  size: 180775223 bytes  (18.83%)
 >> REANS size: 179792849 bytes  (18.73%)
==== Done

#### 2026-09-09 21:08:58
 Command line: ./mm-repair/matrepair -r -b 24 -p 24 /mnt/data/datasets/machine-learning-matrices-split/glove.q4k.csv 400000 300 --mapping --split 
Setting memory for each repair instance to 19335 MBs
Sending logging messages to file: /mnt/data/datasets/machine-learning-matrices-split/glove.q4k.csv.log
==== Conversion bin/csv->csrv
Command: /home/louza/mm-repair/csvmat2csrv -b 24   /mnt/data/datasets/machine-learning-matrices-split/glove.q4k.csv -r 0 -m -s 400000 300
Conversion time: 817.0895
==== Repair paralell compression
---- Executing 24 parallel processes
---- Parallel processing completed
Repair time: 0.0610
==== Integer vector .C compression
Command: /home/louza/mm-repair/sdsl/encode.x /mnt/data/datasets/machine-learning-matrices-split/glove.q4k.csv.24.0.A.vc.C 
==== Integer vector .R compression
Command: /home/louza/mm-repair/sdsl/encode.x /mnt/data/datasets/machine-learning-matrices-split/glove.q4k.csv.24.0.A.vc.R 
Integer vector compression time: 0.0385
==== Ans-fold compression
Command: /home/louza/mm-repair/ans/encode.x /mnt/data/datasets/machine-learning-matrices-split/glove.q4k.csv.24.0.A.vc.C 
Command: /home/louza/mm-repair/ans/encode.x /mnt/data/datasets/machine-learning-matrices-split/glove.q4k.csv.24.0.B.vc
Ans-fold time: 0.5529
==== Integer vector .C compression
Command: /home/louza/mm-repair/sdsl/encode.x /mnt/data/datasets/machine-learning-matrices-split/glove.q4k.csv.24.1.A.vc.C 
==== Integer vector .R compression
Command: /home/louza/mm-repair/sdsl/encode.x /mnt/data/datasets/machine-learning-matrices-split/glove.q4k.csv.24.1.A.vc.R 
Integer vector compression time: 0.0514
==== Ans-fold compression
Command: /home/louza/mm-repair/ans/encode.x /mnt/data/datasets/machine-learning-matrices-split/glove.q4k.csv.24.1.A.vc.C 
Command: /home/louza/mm-repair/ans/encode.x /mnt/data/datasets/machine-learning-matrices-split/glove.q4k.csv.24.1.B.vc
Ans-fold time: 0.9922
==== Integer vector .C compression
Command: /home/louza/mm-repair/sdsl/encode.x /mnt/data/datasets/machine-learning-matrices-split/glove.q4k.csv.24.2.A.vc.C 
==== Integer vector .R compression
Command: /home/louza/mm-repair/sdsl/encode.x /mnt/data/datasets/machine-learning-matrices-split/glove.q4k.csv.24.2.A.vc.R 
Integer vector compression time: 0.0253
==== Ans-fold compression
Command: /home/louza/mm-repair/ans/encode.x /mnt/data/datasets/machine-learning-matrices-split/glove.q4k.csv.24.2.A.vc.C 
Command: /home/louza/mm-repair/ans/encode.x /mnt/data/datasets/machine-learning-matrices-split/glove.q4k.csv.24.2.B.vc
Ans-fold time: 1.4272
==== Integer vector .C compression
Command: /home/louza/mm-repair/sdsl/encode.x /mnt/data/datasets/machine-learning-matrices-split/glove.q4k.csv.24.3.A.vc.C 
==== Integer vector .R compression
Command: /home/louza/mm-repair/sdsl/encode.x /mnt/data/datasets/machine-learning-matrices-split/glove.q4k.csv.24.3.A.vc.R 
Integer vector compression time: 0.0263
==== Ans-fold compression
Command: /home/louza/mm-repair/ans/encode.x /mnt/data/datasets/machine-learning-matrices-split/glove.q4k.csv.24.3.A.vc.C 
Command: /home/louza/mm-repair/ans/encode.x /mnt/data/datasets/machine-learning-matrices-split/glove.q4k.csv.24.3.B.vc
Ans-fold time: 1.9117
==== Integer vector .C compression
Command: /home/louza/mm-repair/sdsl/encode.x /mnt/data/datasets/machine-learning-matrices-split/glove.q4k.csv.24.4.A.vc.C 
==== Integer vector .R compression
Command: /home/louza/mm-repair/sdsl/encode.x /mnt/data/datasets/machine-learning-matrices-split/glove.q4k.csv.24.4.A.vc.R 
Integer vector compression time: 0.0255
==== Ans-fold compression
Command: /home/louza/mm-repair/ans/encode.x /mnt/data/datasets/machine-learning-matrices-split/glove.q4k.csv.24.4.A.vc.C 
Command: /home/louza/mm-repair/ans/encode.x /mnt/data/datasets/machine-learning-matrices-split/glove.q4k.csv.24.4.B.vc
Ans-fold time: 2.3019
==== Integer vector .C compression
Command: /home/louza/mm-repair/sdsl/encode.x /mnt/data/datasets/machine-learning-matrices-split/glove.q4k.csv.24.5.A.vc.C 
==== Integer vector .R compression
Command: /home/louza/mm-repair/sdsl/encode.x /mnt/data/datasets/machine-learning-matrices-split/glove.q4k.csv.24.5.A.vc.R 
Integer vector compression time: 0.0270
==== Ans-fold compression
Command: /home/louza/mm-repair/ans/encode.x /mnt/data/datasets/machine-learning-matrices-split/glove.q4k.csv.24.5.A.vc.C 
Command: /home/louza/mm-repair/ans/encode.x /mnt/data/datasets/machine-learning-matrices-split/glove.q4k.csv.24.5.B.vc
Ans-fold time: 2.7079
==== Integer vector .C compression
Command: /home/louza/mm-repair/sdsl/encode.x /mnt/data/datasets/machine-learning-matrices-split/glove.q4k.csv.24.6.A.vc.C 
==== Integer vector .R compression
Command: /home/louza/mm-repair/sdsl/encode.x /mnt/data/datasets/machine-learning-matrices-split/glove.q4k.csv.24.6.A.vc.R 
Integer vector compression time: 0.0242
==== Ans-fold compression
Command: /home/louza/mm-repair/ans/encode.x /mnt/data/datasets/machine-learning-matrices-split/glove.q4k.csv.24.6.A.vc.C 
Command: /home/louza/mm-repair/ans/encode.x /mnt/data/datasets/machine-learning-matrices-split/glove.q4k.csv.24.6.B.vc
Ans-fold time: 3.1970
==== Integer vector .C compression
Command: /home/louza/mm-repair/sdsl/encode.x /mnt/data/datasets/machine-learning-matrices-split/glove.q4k.csv.24.7.A.vc.C 
==== Integer vector .R compression
Command: /home/louza/mm-repair/sdsl/encode.x /mnt/data/datasets/machine-learning-matrices-split/glove.q4k.csv.24.7.A.vc.R 
Integer vector compression time: 0.0265
==== Ans-fold compression
Command: /home/louza/mm-repair/ans/encode.x /mnt/data/datasets/machine-learning-matrices-split/glove.q4k.csv.24.7.A.vc.C 
Command: /home/louza/mm-repair/ans/encode.x /mnt/data/datasets/machine-learning-matrices-split/glove.q4k.csv.24.7.B.vc
Ans-fold time: 3.7203
==== Integer vector .C compression
Command: /home/louza/mm-repair/sdsl/encode.x /mnt/data/datasets/machine-learning-matrices-split/glove.q4k.csv.24.8.A.vc.C 
==== Integer vector .R compression
Command: /home/louza/mm-repair/sdsl/encode.x /mnt/data/datasets/machine-learning-matrices-split/glove.q4k.csv.24.8.A.vc.R 
Integer vector compression time: 0.0253
==== Ans-fold compression
Command: /home/louza/mm-repair/ans/encode.x /mnt/data/datasets/machine-learning-matrices-split/glove.q4k.csv.24.8.A.vc.C 
Command: /home/louza/mm-repair/ans/encode.x /mnt/data/datasets/machine-learning-matrices-split/glove.q4k.csv.24.8.B.vc
Ans-fold time: 4.4441
==== Integer vector .C compression
Command: /home/louza/mm-repair/sdsl/encode.x /mnt/data/datasets/machine-learning-matrices-split/glove.q4k.csv.24.9.A.vc.C 
==== Integer vector .R compression
Command: /home/louza/mm-repair/sdsl/encode.x /mnt/data/datasets/machine-learning-matrices-split/glove.q4k.csv.24.9.A.vc.R 
Integer vector compression time: 0.0795
==== Ans-fold compression
Command: /home/louza/mm-repair/ans/encode.x /mnt/data/datasets/machine-learning-matrices-split/glove.q4k.csv.24.9.A.vc.C 
Command: /home/louza/mm-repair/ans/encode.x /mnt/data/datasets/machine-learning-matrices-split/glove.q4k.csv.24.9.B.vc
Ans-fold time: 5.1804
==== Integer vector .C compression
Command: /home/louza/mm-repair/sdsl/encode.x /mnt/data/datasets/machine-learning-matrices-split/glove.q4k.csv.24.10.A.vc.C 
==== Integer vector .R compression
Command: /home/louza/mm-repair/sdsl/encode.x /mnt/data/datasets/machine-learning-matrices-split/glove.q4k.csv.24.10.A.vc.R 
Integer vector compression time: 0.0978
==== Ans-fold compression
Command: /home/louza/mm-repair/ans/encode.x /mnt/data/datasets/machine-learning-matrices-split/glove.q4k.csv.24.10.A.vc.C 
Command: /home/louza/mm-repair/ans/encode.x /mnt/data/datasets/machine-learning-matrices-split/glove.q4k.csv.24.10.B.vc
Ans-fold time: 5.7105
==== Integer vector .C compression
Command: /home/louza/mm-repair/sdsl/encode.x /mnt/data/datasets/machine-learning-matrices-split/glove.q4k.csv.24.11.A.vc.C 
==== Integer vector .R compression
Command: /home/louza/mm-repair/sdsl/encode.x /mnt/data/datasets/machine-learning-matrices-split/glove.q4k.csv.24.11.A.vc.R 
Integer vector compression time: 0.0474
==== Ans-fold compression
Command: /home/louza/mm-repair/ans/encode.x /mnt/data/datasets/machine-learning-matrices-split/glove.q4k.csv.24.11.A.vc.C 
Command: /home/louza/mm-repair/ans/encode.x /mnt/data/datasets/machine-learning-matrices-split/glove.q4k.csv.24.11.B.vc
Ans-fold time: 6.2302
==== Integer vector .C compression
Command: /home/louza/mm-repair/sdsl/encode.x /mnt/data/datasets/machine-learning-matrices-split/glove.q4k.csv.24.12.A.vc.C 
==== Integer vector .R compression
Command: /home/louza/mm-repair/sdsl/encode.x /mnt/data/datasets/machine-learning-matrices-split/glove.q4k.csv.24.12.A.vc.R 
Integer vector compression time: 0.0280
==== Ans-fold compression
Command: /home/louza/mm-repair/ans/encode.x /mnt/data/datasets/machine-learning-matrices-split/glove.q4k.csv.24.12.A.vc.C 
Command: /home/louza/mm-repair/ans/encode.x /mnt/data/datasets/machine-learning-matrices-split/glove.q4k.csv.24.12.B.vc
Ans-fold time: 6.6523
==== Integer vector .C compression
Command: /home/louza/mm-repair/sdsl/encode.x /mnt/data/datasets/machine-learning-matrices-split/glove.q4k.csv.24.13.A.vc.C 
==== Integer vector .R compression
Command: /home/louza/mm-repair/sdsl/encode.x /mnt/data/datasets/machine-learning-matrices-split/glove.q4k.csv.24.13.A.vc.R 
Integer vector compression time: 0.0271
==== Ans-fold compression
Command: /home/louza/mm-repair/ans/encode.x /mnt/data/datasets/machine-learning-matrices-split/glove.q4k.csv.24.13.A.vc.C 
Command: /home/louza/mm-repair/ans/encode.x /mnt/data/datasets/machine-learning-matrices-split/glove.q4k.csv.24.13.B.vc
Ans-fold time: 7.1864
==== Integer vector .C compression
Command: /home/louza/mm-repair/sdsl/encode.x /mnt/data/datasets/machine-learning-matrices-split/glove.q4k.csv.24.14.A.vc.C 
==== Integer vector .R compression
Command: /home/louza/mm-repair/sdsl/encode.x /mnt/data/datasets/machine-learning-matrices-split/glove.q4k.csv.24.14.A.vc.R 
Integer vector compression time: 0.0401
==== Ans-fold compression
Command: /home/louza/mm-repair/ans/encode.x /mnt/data/datasets/machine-learning-matrices-split/glove.q4k.csv.24.14.A.vc.C 
Command: /home/louza/mm-repair/ans/encode.x /mnt/data/datasets/machine-learning-matrices-split/glove.q4k.csv.24.14.B.vc
Ans-fold time: 7.7197
==== Integer vector .C compression
Command: /home/louza/mm-repair/sdsl/encode.x /mnt/data/datasets/machine-learning-matrices-split/glove.q4k.csv.24.15.A.vc.C 
==== Integer vector .R compression
Command: /home/louza/mm-repair/sdsl/encode.x /mnt/data/datasets/machine-learning-matrices-split/glove.q4k.csv.24.15.A.vc.R 
Integer vector compression time: 0.0383
==== Ans-fold compression
Command: /home/louza/mm-repair/ans/encode.x /mnt/data/datasets/machine-learning-matrices-split/glove.q4k.csv.24.15.A.vc.C 
Command: /home/louza/mm-repair/ans/encode.x /mnt/data/datasets/machine-learning-matrices-split/glove.q4k.csv.24.15.B.vc
Ans-fold time: 8.2964
==== Integer vector .C compression
Command: /home/louza/mm-repair/sdsl/encode.x /mnt/data/datasets/machine-learning-matrices-split/glove.q4k.csv.24.16.A.vc.C 
==== Integer vector .R compression
Command: /home/louza/mm-repair/sdsl/encode.x /mnt/data/datasets/machine-learning-matrices-split/glove.q4k.csv.24.16.A.vc.R 
Integer vector compression time: 0.1077
==== Ans-fold compression
Command: /home/louza/mm-repair/ans/encode.x /mnt/data/datasets/machine-learning-matrices-split/glove.q4k.csv.24.16.A.vc.C 
Command: /home/louza/mm-repair/ans/encode.x /mnt/data/datasets/machine-learning-matrices-split/glove.q4k.csv.24.16.B.vc
Ans-fold time: 8.9921
==== Integer vector .C compression
Command: /home/louza/mm-repair/sdsl/encode.x /mnt/data/datasets/machine-learning-matrices-split/glove.q4k.csv.24.17.A.vc.C 
==== Integer vector .R compression
Command: /home/louza/mm-repair/sdsl/encode.x /mnt/data/datasets/machine-learning-matrices-split/glove.q4k.csv.24.17.A.vc.R 
Integer vector compression time: 0.1041
==== Ans-fold compression
Command: /home/louza/mm-repair/ans/encode.x /mnt/data/datasets/machine-learning-matrices-split/glove.q4k.csv.24.17.A.vc.C 
Command: /home/louza/mm-repair/ans/encode.x /mnt/data/datasets/machine-learning-matrices-split/glove.q4k.csv.24.17.B.vc
Ans-fold time: 9.6819
==== Integer vector .C compression
Command: /home/louza/mm-repair/sdsl/encode.x /mnt/data/datasets/machine-learning-matrices-split/glove.q4k.csv.24.18.A.vc.C 
==== Integer vector .R compression
Command: /home/louza/mm-repair/sdsl/encode.x /mnt/data/datasets/machine-learning-matrices-split/glove.q4k.csv.24.18.A.vc.R 
Integer vector compression time: 0.0262
==== Ans-fold compression
Command: /home/louza/mm-repair/ans/encode.x /mnt/data/datasets/machine-learning-matrices-split/glove.q4k.csv.24.18.A.vc.C 
Command: /home/louza/mm-repair/ans/encode.x /mnt/data/datasets/machine-learning-matrices-split/glove.q4k.csv.24.18.B.vc
Ans-fold time: 10.1204
==== Integer vector .C compression
Command: /home/louza/mm-repair/sdsl/encode.x /mnt/data/datasets/machine-learning-matrices-split/glove.q4k.csv.24.19.A.vc.C 
==== Integer vector .R compression
Command: /home/louza/mm-repair/sdsl/encode.x /mnt/data/datasets/machine-learning-matrices-split/glove.q4k.csv.24.19.A.vc.R 
Integer vector compression time: 0.0277
==== Ans-fold compression
Command: /home/louza/mm-repair/ans/encode.x /mnt/data/datasets/machine-learning-matrices-split/glove.q4k.csv.24.19.A.vc.C 
Command: /home/louza/mm-repair/ans/encode.x /mnt/data/datasets/machine-learning-matrices-split/glove.q4k.csv.24.19.B.vc
Ans-fold time: 10.5565
==== Integer vector .C compression
Command: /home/louza/mm-repair/sdsl/encode.x /mnt/data/datasets/machine-learning-matrices-split/glove.q4k.csv.24.20.A.vc.C 
==== Integer vector .R compression
Command: /home/louza/mm-repair/sdsl/encode.x /mnt/data/datasets/machine-learning-matrices-split/glove.q4k.csv.24.20.A.vc.R 
Integer vector compression time: 0.0356
==== Ans-fold compression
Command: /home/louza/mm-repair/ans/encode.x /mnt/data/datasets/machine-learning-matrices-split/glove.q4k.csv.24.20.A.vc.C 
Command: /home/louza/mm-repair/ans/encode.x /mnt/data/datasets/machine-learning-matrices-split/glove.q4k.csv.24.20.B.vc
Ans-fold time: 10.9634
==== Integer vector .C compression
Command: /home/louza/mm-repair/sdsl/encode.x /mnt/data/datasets/machine-learning-matrices-split/glove.q4k.csv.24.21.A.vc.C 
==== Integer vector .R compression
Command: /home/louza/mm-repair/sdsl/encode.x /mnt/data/datasets/machine-learning-matrices-split/glove.q4k.csv.24.21.A.vc.R 
Integer vector compression time: 0.0242
==== Ans-fold compression
Command: /home/louza/mm-repair/ans/encode.x /mnt/data/datasets/machine-learning-matrices-split/glove.q4k.csv.24.21.A.vc.C 
Command: /home/louza/mm-repair/ans/encode.x /mnt/data/datasets/machine-learning-matrices-split/glove.q4k.csv.24.21.B.vc
Ans-fold time: 11.3287
==== Integer vector .C compression
Command: /home/louza/mm-repair/sdsl/encode.x /mnt/data/datasets/machine-learning-matrices-split/glove.q4k.csv.24.22.A.vc.C 
==== Integer vector .R compression
Command: /home/louza/mm-repair/sdsl/encode.x /mnt/data/datasets/machine-learning-matrices-split/glove.q4k.csv.24.22.A.vc.R 
Integer vector compression time: 0.0241
==== Ans-fold compression
Command: /home/louza/mm-repair/ans/encode.x /mnt/data/datasets/machine-learning-matrices-split/glove.q4k.csv.24.22.A.vc.C 
Command: /home/louza/mm-repair/ans/encode.x /mnt/data/datasets/machine-learning-matrices-split/glove.q4k.csv.24.22.B.vc
Ans-fold time: 11.6860
==== Integer vector .C compression
Command: /home/louza/mm-repair/sdsl/encode.x /mnt/data/datasets/machine-learning-matrices-split/glove.q4k.csv.24.23.A.vc.C 
==== Integer vector .R compression
Command: /home/louza/mm-repair/sdsl/encode.x /mnt/data/datasets/machine-learning-matrices-split/glove.q4k.csv.24.23.A.vc.R 
Integer vector compression time: 0.0269
==== Ans-fold compression
Command: /home/louza/mm-repair/ans/encode.x /mnt/data/datasets/machine-learning-matrices-split/glove.q4k.csv.24.23.A.vc.C 
Command: /home/louza/mm-repair/ans/encode.x /mnt/data/datasets/machine-learning-matrices-split/glove.q4k.csv.24.23.B.vc
Ans-fold time: 12.0551
Command: /home/louza/mm-repair/ans/encode.x /mnt/data/datasets/machine-learning-matrices-split/glove.q4k.csv.wcode 
Elapsed time: 830.2751
==== Compression Report:
 >> matrix name: /mnt/data/datasets/machine-learning-matrices-split/glove.q4k.csv
 >> conversion time: 817.09
 >> repair time: 0.06
 >> integer vectors time: 0.03
 >> ansf time: 12.06
 >> total time: 830.28
 >> wcode: 2334536 bytes
 >> wcode_ans: 47562 bytes
 >> matrix log(alpha)xNumEntries size: 180000000 bytes
 >> matrix dense size: 960000000 bytes
 >> total number of nonzero: 119756 (0.10%)
 >> number of distinct nonzero: 3294
 >> CRSV  size: 2105376 bytes  (0.22%)
 >> B	  size: 481120976 bytes  (50.12%)
 >> B_ans size: 276000771 bytes  (28.75%)
 >> RE32  size: 280360475 bytes  (29.20%)
 >> REIV  size: 279562675 bytes  (29.12%)
 >> REANS size: 276323565 bytes  (28.78%)
==== Done

#### 2026-09-09 21:22:48
 Command line: ./mm-repair/matrepair -r -b 24 -p 24 /mnt/data/datasets/machine-learning-matrices-split/glove.q4k.csv 400000 300 --ole --mapping --split 
Setting memory for each repair instance to 19335 MBs
Sending logging messages to file: /mnt/data/datasets/machine-learning-matrices-split/glove.q4k.csv.log
==== Conversion bin/csv->csrv
Command: /home/louza/mm-repair/csvmat2csrv -b 24   /mnt/data/datasets/machine-learning-matrices-split/glove.q4k.csv -r 0 -m -s 400000 300
Conversion time: 566.1650
==== Repair paralell compression
---- Executing 24 parallel processes
---- Parallel processing completed
Repair time: 0.1803
==== Integer vector .C compression
Command: /home/louza/mm-repair/sdsl/encode.x /mnt/data/datasets/machine-learning-matrices-split/glove.q4k.csv.24.0.A.vc.C 
==== Integer vector .R compression
Command: /home/louza/mm-repair/sdsl/encode.x /mnt/data/datasets/machine-learning-matrices-split/glove.q4k.csv.24.0.A.vc.R 
Integer vector compression time: 0.0393
==== OLE
Command: /home/louza/mm-repair/ole/encode.x /mnt/data/datasets/machine-learning-matrices-split/glove.q4k.csv.24.0.A.vc.C 
Command: /home/louza/mm-repair/ole/encode.x /mnt/data/datasets/machine-learning-matrices-split/glove.q4k.csv.24.0.B.vc 
OLE time: 0.1351
==== Ans-fold compression
Command: /home/louza/mm-repair/ans/encode.x /mnt/data/datasets/machine-learning-matrices-split/glove.q4k.csv.24.0.A.vc.C 
Command: /home/louza/mm-repair/ans/encode.x /mnt/data/datasets/machine-learning-matrices-split/glove.q4k.csv.24.0.B.vc
Ans-fold time: 0.3207
==== Integer vector .C compression
Command: /home/louza/mm-repair/sdsl/encode.x /mnt/data/datasets/machine-learning-matrices-split/glove.q4k.csv.24.1.A.vc.C 
==== Integer vector .R compression
Command: /home/louza/mm-repair/sdsl/encode.x /mnt/data/datasets/machine-learning-matrices-split/glove.q4k.csv.24.1.A.vc.R 
Integer vector compression time: 0.0320
==== OLE
Command: /home/louza/mm-repair/ole/encode.x /mnt/data/datasets/machine-learning-matrices-split/glove.q4k.csv.24.1.A.vc.C 
Command: /home/louza/mm-repair/ole/encode.x /mnt/data/datasets/machine-learning-matrices-split/glove.q4k.csv.24.1.B.vc 
OLE time: 0.3070
==== Ans-fold compression
Command: /home/louza/mm-repair/ans/encode.x /mnt/data/datasets/machine-learning-matrices-split/glove.q4k.csv.24.1.A.vc.C 
Command: /home/louza/mm-repair/ans/encode.x /mnt/data/datasets/machine-learning-matrices-split/glove.q4k.csv.24.1.B.vc
Ans-fold time: 0.6548
==== Integer vector .C compression
Command: /home/louza/mm-repair/sdsl/encode.x /mnt/data/datasets/machine-learning-matrices-split/glove.q4k.csv.24.2.A.vc.C 
==== Integer vector .R compression
Command: /home/louza/mm-repair/sdsl/encode.x /mnt/data/datasets/machine-learning-matrices-split/glove.q4k.csv.24.2.A.vc.R 
Integer vector compression time: 0.0252
==== OLE
Command: /home/louza/mm-repair/ole/encode.x /mnt/data/datasets/machine-learning-matrices-split/glove.q4k.csv.24.2.A.vc.C 
Command: /home/louza/mm-repair/ole/encode.x /mnt/data/datasets/machine-learning-matrices-split/glove.q4k.csv.24.2.B.vc 
OLE time: 0.1929
==== Ans-fold compression
Command: /home/louza/mm-repair/ans/encode.x /mnt/data/datasets/machine-learning-matrices-split/glove.q4k.csv.24.2.A.vc.C 
Command: /home/louza/mm-repair/ans/encode.x /mnt/data/datasets/machine-learning-matrices-split/glove.q4k.csv.24.2.B.vc
Ans-fold time: 0.9066
==== Integer vector .C compression
Command: /home/louza/mm-repair/sdsl/encode.x /mnt/data/datasets/machine-learning-matrices-split/glove.q4k.csv.24.3.A.vc.C 
==== Integer vector .R compression
Command: /home/louza/mm-repair/sdsl/encode.x /mnt/data/datasets/machine-learning-matrices-split/glove.q4k.csv.24.3.A.vc.R 
Integer vector compression time: 0.0254
==== OLE
Command: /home/louza/mm-repair/ole/encode.x /mnt/data/datasets/machine-learning-matrices-split/glove.q4k.csv.24.3.A.vc.C 
Command: /home/louza/mm-repair/ole/encode.x /mnt/data/datasets/machine-learning-matrices-split/glove.q4k.csv.24.3.B.vc 
OLE time: 0.2683
==== Ans-fold compression
Command: /home/louza/mm-repair/ans/encode.x /mnt/data/datasets/machine-learning-matrices-split/glove.q4k.csv.24.3.A.vc.C 
Command: /home/louza/mm-repair/ans/encode.x /mnt/data/datasets/machine-learning-matrices-split/glove.q4k.csv.24.3.B.vc
Ans-fold time: 1.2619
==== Integer vector .C compression
Command: /home/louza/mm-repair/sdsl/encode.x /mnt/data/datasets/machine-learning-matrices-split/glove.q4k.csv.24.4.A.vc.C 
==== Integer vector .R compression
Command: /home/louza/mm-repair/sdsl/encode.x /mnt/data/datasets/machine-learning-matrices-split/glove.q4k.csv.24.4.A.vc.R 
Integer vector compression time: 0.0374
==== OLE
Command: /home/louza/mm-repair/ole/encode.x /mnt/data/datasets/machine-learning-matrices-split/glove.q4k.csv.24.4.A.vc.C 
Command: /home/louza/mm-repair/ole/encode.x /mnt/data/datasets/machine-learning-matrices-split/glove.q4k.csv.24.4.B.vc 
OLE time: 0.1151
==== Ans-fold compression
Command: /home/louza/mm-repair/ans/encode.x /mnt/data/datasets/machine-learning-matrices-split/glove.q4k.csv.24.4.A.vc.C 
Command: /home/louza/mm-repair/ans/encode.x /mnt/data/datasets/machine-learning-matrices-split/glove.q4k.csv.24.4.B.vc
Ans-fold time: 1.4511
==== Integer vector .C compression
Command: /home/louza/mm-repair/sdsl/encode.x /mnt/data/datasets/machine-learning-matrices-split/glove.q4k.csv.24.5.A.vc.C 
==== Integer vector .R compression
Command: /home/louza/mm-repair/sdsl/encode.x /mnt/data/datasets/machine-learning-matrices-split/glove.q4k.csv.24.5.A.vc.R 
Integer vector compression time: 0.0536
==== OLE
Command: /home/louza/mm-repair/ole/encode.x /mnt/data/datasets/machine-learning-matrices-split/glove.q4k.csv.24.5.A.vc.C 
Command: /home/louza/mm-repair/ole/encode.x /mnt/data/datasets/machine-learning-matrices-split/glove.q4k.csv.24.5.B.vc 
OLE time: 0.2573
==== Ans-fold compression
Command: /home/louza/mm-repair/ans/encode.x /mnt/data/datasets/machine-learning-matrices-split/glove.q4k.csv.24.5.A.vc.C 
Command: /home/louza/mm-repair/ans/encode.x /mnt/data/datasets/machine-learning-matrices-split/glove.q4k.csv.24.5.B.vc
Ans-fold time: 1.7230
==== Integer vector .C compression
Command: /home/louza/mm-repair/sdsl/encode.x /mnt/data/datasets/machine-learning-matrices-split/glove.q4k.csv.24.6.A.vc.C 
==== Integer vector .R compression
Command: /home/louza/mm-repair/sdsl/encode.x /mnt/data/datasets/machine-learning-matrices-split/glove.q4k.csv.24.6.A.vc.R 
Integer vector compression time: 0.0702
==== OLE
Command: /home/louza/mm-repair/ole/encode.x /mnt/data/datasets/machine-learning-matrices-split/glove.q4k.csv.24.6.A.vc.C 
Command: /home/louza/mm-repair/ole/encode.x /mnt/data/datasets/machine-learning-matrices-split/glove.q4k.csv.24.6.B.vc 
OLE time: 0.4543
==== Ans-fold compression
Command: /home/louza/mm-repair/ans/encode.x /mnt/data/datasets/machine-learning-matrices-split/glove.q4k.csv.24.6.A.vc.C 
Command: /home/louza/mm-repair/ans/encode.x /mnt/data/datasets/machine-learning-matrices-split/glove.q4k.csv.24.6.B.vc
Ans-fold time: 2.0203
==== Integer vector .C compression
Command: /home/louza/mm-repair/sdsl/encode.x /mnt/data/datasets/machine-learning-matrices-split/glove.q4k.csv.24.7.A.vc.C 
==== Integer vector .R compression
Command: /home/louza/mm-repair/sdsl/encode.x /mnt/data/datasets/machine-learning-matrices-split/glove.q4k.csv.24.7.A.vc.R 
Integer vector compression time: 0.0424
==== OLE
Command: /home/louza/mm-repair/ole/encode.x /mnt/data/datasets/machine-learning-matrices-split/glove.q4k.csv.24.7.A.vc.C 
Command: /home/louza/mm-repair/ole/encode.x /mnt/data/datasets/machine-learning-matrices-split/glove.q4k.csv.24.7.B.vc 
OLE time: 0.5094
==== Ans-fold compression
Command: /home/louza/mm-repair/ans/encode.x /mnt/data/datasets/machine-learning-matrices-split/glove.q4k.csv.24.7.A.vc.C 
Command: /home/louza/mm-repair/ans/encode.x /mnt/data/datasets/machine-learning-matrices-split/glove.q4k.csv.24.7.B.vc
Ans-fold time: 2.4915
==== Integer vector .C compression
Command: /home/louza/mm-repair/sdsl/encode.x /mnt/data/datasets/machine-learning-matrices-split/glove.q4k.csv.24.8.A.vc.C 
==== Integer vector .R compression
Command: /home/louza/mm-repair/sdsl/encode.x /mnt/data/datasets/machine-learning-matrices-split/glove.q4k.csv.24.8.A.vc.R 
Integer vector compression time: 0.0727
==== OLE
Command: /home/louza/mm-repair/ole/encode.x /mnt/data/datasets/machine-learning-matrices-split/glove.q4k.csv.24.8.A.vc.C 
Command: /home/louza/mm-repair/ole/encode.x /mnt/data/datasets/machine-learning-matrices-split/glove.q4k.csv.24.8.B.vc 
OLE time: 0.4291
==== Ans-fold compression
Command: /home/louza/mm-repair/ans/encode.x /mnt/data/datasets/machine-learning-matrices-split/glove.q4k.csv.24.8.A.vc.C 
Command: /home/louza/mm-repair/ans/encode.x /mnt/data/datasets/machine-learning-matrices-split/glove.q4k.csv.24.8.B.vc
Ans-fold time: 2.9021
==== Integer vector .C compression
Command: /home/louza/mm-repair/sdsl/encode.x /mnt/data/datasets/machine-learning-matrices-split/glove.q4k.csv.24.9.A.vc.C 
==== Integer vector .R compression
Command: /home/louza/mm-repair/sdsl/encode.x /mnt/data/datasets/machine-learning-matrices-split/glove.q4k.csv.24.9.A.vc.R 
Integer vector compression time: 0.1722
==== OLE
Command: /home/louza/mm-repair/ole/encode.x /mnt/data/datasets/machine-learning-matrices-split/glove.q4k.csv.24.9.A.vc.C 
Command: /home/louza/mm-repair/ole/encode.x /mnt/data/datasets/machine-learning-matrices-split/glove.q4k.csv.24.9.B.vc 
OLE time: 0.2960
==== Ans-fold compression
Command: /home/louza/mm-repair/ans/encode.x /mnt/data/datasets/machine-learning-matrices-split/glove.q4k.csv.24.9.A.vc.C 
Command: /home/louza/mm-repair/ans/encode.x /mnt/data/datasets/machine-learning-matrices-split/glove.q4k.csv.24.9.B.vc
Ans-fold time: 3.2713
==== Integer vector .C compression
Command: /home/louza/mm-repair/sdsl/encode.x /mnt/data/datasets/machine-learning-matrices-split/glove.q4k.csv.24.10.A.vc.C 
==== Integer vector .R compression
Command: /home/louza/mm-repair/sdsl/encode.x /mnt/data/datasets/machine-learning-matrices-split/glove.q4k.csv.24.10.A.vc.R 
Integer vector compression time: 0.0530
==== OLE
Command: /home/louza/mm-repair/ole/encode.x /mnt/data/datasets/machine-learning-matrices-split/glove.q4k.csv.24.10.A.vc.C 
Command: /home/louza/mm-repair/ole/encode.x /mnt/data/datasets/machine-learning-matrices-split/glove.q4k.csv.24.10.B.vc 
OLE time: 0.4149
==== Ans-fold compression
Command: /home/louza/mm-repair/ans/encode.x /mnt/data/datasets/machine-learning-matrices-split/glove.q4k.csv.24.10.A.vc.C 
Command: /home/louza/mm-repair/ans/encode.x /mnt/data/datasets/machine-learning-matrices-split/glove.q4k.csv.24.10.B.vc
Ans-fold time: 3.5254
==== Integer vector .C compression
Command: /home/louza/mm-repair/sdsl/encode.x /mnt/data/datasets/machine-learning-matrices-split/glove.q4k.csv.24.11.A.vc.C 
==== Integer vector .R compression
Command: /home/louza/mm-repair/sdsl/encode.x /mnt/data/datasets/machine-learning-matrices-split/glove.q4k.csv.24.11.A.vc.R 
Integer vector compression time: 0.0258
==== OLE
Command: /home/louza/mm-repair/ole/encode.x /mnt/data/datasets/machine-learning-matrices-split/glove.q4k.csv.24.11.A.vc.C 
Command: /home/louza/mm-repair/ole/encode.x /mnt/data/datasets/machine-learning-matrices-split/glove.q4k.csv.24.11.B.vc 
OLE time: 0.1401
==== Ans-fold compression
Command: /home/louza/mm-repair/ans/encode.x /mnt/data/datasets/machine-learning-matrices-split/glove.q4k.csv.24.11.A.vc.C 
Command: /home/louza/mm-repair/ans/encode.x /mnt/data/datasets/machine-learning-matrices-split/glove.q4k.csv.24.11.B.vc
Ans-fold time: 3.7178
==== Integer vector .C compression
Command: /home/louza/mm-repair/sdsl/encode.x /mnt/data/datasets/machine-learning-matrices-split/glove.q4k.csv.24.12.A.vc.C 
==== Integer vector .R compression
Command: /home/louza/mm-repair/sdsl/encode.x /mnt/data/datasets/machine-learning-matrices-split/glove.q4k.csv.24.12.A.vc.R 
Integer vector compression time: 0.0704
==== OLE
Command: /home/louza/mm-repair/ole/encode.x /mnt/data/datasets/machine-learning-matrices-split/glove.q4k.csv.24.12.A.vc.C 
Command: /home/louza/mm-repair/ole/encode.x /mnt/data/datasets/machine-learning-matrices-split/glove.q4k.csv.24.12.B.vc 
OLE time: 0.4949
==== Ans-fold compression
Command: /home/louza/mm-repair/ans/encode.x /mnt/data/datasets/machine-learning-matrices-split/glove.q4k.csv.24.12.A.vc.C 
Command: /home/louza/mm-repair/ans/encode.x /mnt/data/datasets/machine-learning-matrices-split/glove.q4k.csv.24.12.B.vc
Ans-fold time: 3.9125
==== Integer vector .C compression
Command: /home/louza/mm-repair/sdsl/encode.x /mnt/data/datasets/machine-learning-matrices-split/glove.q4k.csv.24.13.A.vc.C 
==== Integer vector .R compression
Command: /home/louza/mm-repair/sdsl/encode.x /mnt/data/datasets/machine-learning-matrices-split/glove.q4k.csv.24.13.A.vc.R 
Integer vector compression time: 0.0263
==== OLE
Command: /home/louza/mm-repair/ole/encode.x /mnt/data/datasets/machine-learning-matrices-split/glove.q4k.csv.24.13.A.vc.C 
Command: /home/louza/mm-repair/ole/encode.x /mnt/data/datasets/machine-learning-matrices-split/glove.q4k.csv.24.13.B.vc 
OLE time: 0.1359
==== Ans-fold compression
Command: /home/louza/mm-repair/ans/encode.x /mnt/data/datasets/machine-learning-matrices-split/glove.q4k.csv.24.13.A.vc.C 
Command: /home/louza/mm-repair/ans/encode.x /mnt/data/datasets/machine-learning-matrices-split/glove.q4k.csv.24.13.B.vc
Ans-fold time: 4.1620
==== Integer vector .C compression
Command: /home/louza/mm-repair/sdsl/encode.x /mnt/data/datasets/machine-learning-matrices-split/glove.q4k.csv.24.14.A.vc.C 
==== Integer vector .R compression
Command: /home/louza/mm-repair/sdsl/encode.x /mnt/data/datasets/machine-learning-matrices-split/glove.q4k.csv.24.14.A.vc.R 
Integer vector compression time: 0.0262
==== OLE
Command: /home/louza/mm-repair/ole/encode.x /mnt/data/datasets/machine-learning-matrices-split/glove.q4k.csv.24.14.A.vc.C 
Command: /home/louza/mm-repair/ole/encode.x /mnt/data/datasets/machine-learning-matrices-split/glove.q4k.csv.24.14.B.vc 
OLE time: 0.1626
==== Ans-fold compression
Command: /home/louza/mm-repair/ans/encode.x /mnt/data/datasets/machine-learning-matrices-split/glove.q4k.csv.24.14.A.vc.C 
Command: /home/louza/mm-repair/ans/encode.x /mnt/data/datasets/machine-learning-matrices-split/glove.q4k.csv.24.14.B.vc
Ans-fold time: 4.3657
==== Integer vector .C compression
Command: /home/louza/mm-repair/sdsl/encode.x /mnt/data/datasets/machine-learning-matrices-split/glove.q4k.csv.24.15.A.vc.C 
==== Integer vector .R compression
Command: /home/louza/mm-repair/sdsl/encode.x /mnt/data/datasets/machine-learning-matrices-split/glove.q4k.csv.24.15.A.vc.R 
Integer vector compression time: 0.0246
==== OLE
Command: /home/louza/mm-repair/ole/encode.x /mnt/data/datasets/machine-learning-matrices-split/glove.q4k.csv.24.15.A.vc.C 
Command: /home/louza/mm-repair/ole/encode.x /mnt/data/datasets/machine-learning-matrices-split/glove.q4k.csv.24.15.B.vc 
OLE time: 0.5018
==== Ans-fold compression
Command: /home/louza/mm-repair/ans/encode.x /mnt/data/datasets/machine-learning-matrices-split/glove.q4k.csv.24.15.A.vc.C 
Command: /home/louza/mm-repair/ans/encode.x /mnt/data/datasets/machine-learning-matrices-split/glove.q4k.csv.24.15.B.vc
Ans-fold time: 4.7443
==== Integer vector .C compression
Command: /home/louza/mm-repair/sdsl/encode.x /mnt/data/datasets/machine-learning-matrices-split/glove.q4k.csv.24.16.A.vc.C 
==== Integer vector .R compression
Command: /home/louza/mm-repair/sdsl/encode.x /mnt/data/datasets/machine-learning-matrices-split/glove.q4k.csv.24.16.A.vc.R 
Integer vector compression time: 0.1220
==== OLE
Command: /home/louza/mm-repair/ole/encode.x /mnt/data/datasets/machine-learning-matrices-split/glove.q4k.csv.24.16.A.vc.C 
Command: /home/louza/mm-repair/ole/encode.x /mnt/data/datasets/machine-learning-matrices-split/glove.q4k.csv.24.16.B.vc 
OLE time: 0.9007
==== Ans-fold compression
Command: /home/louza/mm-repair/ans/encode.x /mnt/data/datasets/machine-learning-matrices-split/glove.q4k.csv.24.16.A.vc.C 
Command: /home/louza/mm-repair/ans/encode.x /mnt/data/datasets/machine-learning-matrices-split/glove.q4k.csv.24.16.B.vc
Ans-fold time: 5.4565
==== Integer vector .C compression
Command: /home/louza/mm-repair/sdsl/encode.x /mnt/data/datasets/machine-learning-matrices-split/glove.q4k.csv.24.17.A.vc.C 
==== Integer vector .R compression
Command: /home/louza/mm-repair/sdsl/encode.x /mnt/data/datasets/machine-learning-matrices-split/glove.q4k.csv.24.17.A.vc.R 
Integer vector compression time: 0.1378
==== OLE
Command: /home/louza/mm-repair/ole/encode.x /mnt/data/datasets/machine-learning-matrices-split/glove.q4k.csv.24.17.A.vc.C 
Command: /home/louza/mm-repair/ole/encode.x /mnt/data/datasets/machine-learning-matrices-split/glove.q4k.csv.24.17.B.vc 
OLE time: 1.7207
==== Ans-fold compression
Command: /home/louza/mm-repair/ans/encode.x /mnt/data/datasets/machine-learning-matrices-split/glove.q4k.csv.24.17.A.vc.C 
Command: /home/louza/mm-repair/ans/encode.x /mnt/data/datasets/machine-learning-matrices-split/glove.q4k.csv.24.17.B.vc
Ans-fold time: 5.9319
==== Integer vector .C compression
Command: /home/louza/mm-repair/sdsl/encode.x /mnt/data/datasets/machine-learning-matrices-split/glove.q4k.csv.24.18.A.vc.C 
==== Integer vector .R compression
Command: /home/louza/mm-repair/sdsl/encode.x /mnt/data/datasets/machine-learning-matrices-split/glove.q4k.csv.24.18.A.vc.R 
Integer vector compression time: 0.0828
==== OLE
Command: /home/louza/mm-repair/ole/encode.x /mnt/data/datasets/machine-learning-matrices-split/glove.q4k.csv.24.18.A.vc.C 
Command: /home/louza/mm-repair/ole/encode.x /mnt/data/datasets/machine-learning-matrices-split/glove.q4k.csv.24.18.B.vc 
OLE time: 0.5282
==== Ans-fold compression
Command: /home/louza/mm-repair/ans/encode.x /mnt/data/datasets/machine-learning-matrices-split/glove.q4k.csv.24.18.A.vc.C 
Command: /home/louza/mm-repair/ans/encode.x /mnt/data/datasets/machine-learning-matrices-split/glove.q4k.csv.24.18.B.vc
Ans-fold time: 6.1927
==== Integer vector .C compression
Command: /home/louza/mm-repair/sdsl/encode.x /mnt/data/datasets/machine-learning-matrices-split/glove.q4k.csv.24.19.A.vc.C 
==== Integer vector .R compression
Command: /home/louza/mm-repair/sdsl/encode.x /mnt/data/datasets/machine-learning-matrices-split/glove.q4k.csv.24.19.A.vc.R 
Integer vector compression time: 0.0715
==== OLE
Command: /home/louza/mm-repair/ole/encode.x /mnt/data/datasets/machine-learning-matrices-split/glove.q4k.csv.24.19.A.vc.C 
Command: /home/louza/mm-repair/ole/encode.x /mnt/data/datasets/machine-learning-matrices-split/glove.q4k.csv.24.19.B.vc 
OLE time: 0.2061
==== Ans-fold compression
Command: /home/louza/mm-repair/ans/encode.x /mnt/data/datasets/machine-learning-matrices-split/glove.q4k.csv.24.19.A.vc.C 
Command: /home/louza/mm-repair/ans/encode.x /mnt/data/datasets/machine-learning-matrices-split/glove.q4k.csv.24.19.B.vc
Ans-fold time: 6.5171
==== Integer vector .C compression
Command: /home/louza/mm-repair/sdsl/encode.x /mnt/data/datasets/machine-learning-matrices-split/glove.q4k.csv.24.20.A.vc.C 
==== Integer vector .R compression
Command: /home/louza/mm-repair/sdsl/encode.x /mnt/data/datasets/machine-learning-matrices-split/glove.q4k.csv.24.20.A.vc.R 
Integer vector compression time: 0.0262
==== OLE
Command: /home/louza/mm-repair/ole/encode.x /mnt/data/datasets/machine-learning-matrices-split/glove.q4k.csv.24.20.A.vc.C 
Command: /home/louza/mm-repair/ole/encode.x /mnt/data/datasets/machine-learning-matrices-split/glove.q4k.csv.24.20.B.vc 
OLE time: 0.1964
==== Ans-fold compression
Command: /home/louza/mm-repair/ans/encode.x /mnt/data/datasets/machine-learning-matrices-split/glove.q4k.csv.24.20.A.vc.C 
Command: /home/louza/mm-repair/ans/encode.x /mnt/data/datasets/machine-learning-matrices-split/glove.q4k.csv.24.20.B.vc
Ans-fold time: 6.7738
==== Integer vector .C compression
Command: /home/louza/mm-repair/sdsl/encode.x /mnt/data/datasets/machine-learning-matrices-split/glove.q4k.csv.24.21.A.vc.C 
==== Integer vector .R compression
Command: /home/louza/mm-repair/sdsl/encode.x /mnt/data/datasets/machine-learning-matrices-split/glove.q4k.csv.24.21.A.vc.R 
Integer vector compression time: 0.0253
==== OLE
Command: /home/louza/mm-repair/ole/encode.x /mnt/data/datasets/machine-learning-matrices-split/glove.q4k.csv.24.21.A.vc.C 
Command: /home/louza/mm-repair/ole/encode.x /mnt/data/datasets/machine-learning-matrices-split/glove.q4k.csv.24.21.B.vc 
OLE time: 0.3592
==== Ans-fold compression
Command: /home/louza/mm-repair/ans/encode.x /mnt/data/datasets/machine-learning-matrices-split/glove.q4k.csv.24.21.A.vc.C 
Command: /home/louza/mm-repair/ans/encode.x /mnt/data/datasets/machine-learning-matrices-split/glove.q4k.csv.24.21.B.vc
Ans-fold time: 7.2401
==== Integer vector .C compression
Command: /home/louza/mm-repair/sdsl/encode.x /mnt/data/datasets/machine-learning-matrices-split/glove.q4k.csv.24.22.A.vc.C 
==== Integer vector .R compression
Command: /home/louza/mm-repair/sdsl/encode.x /mnt/data/datasets/machine-learning-matrices-split/glove.q4k.csv.24.22.A.vc.R 
Integer vector compression time: 0.1112
==== OLE
Command: /home/louza/mm-repair/ole/encode.x /mnt/data/datasets/machine-learning-matrices-split/glove.q4k.csv.24.22.A.vc.C 
Command: /home/louza/mm-repair/ole/encode.x /mnt/data/datasets/machine-learning-matrices-split/glove.q4k.csv.24.22.B.vc 
OLE time: 0.7455
==== Ans-fold compression
Command: /home/louza/mm-repair/ans/encode.x /mnt/data/datasets/machine-learning-matrices-split/glove.q4k.csv.24.22.A.vc.C 
Command: /home/louza/mm-repair/ans/encode.x /mnt/data/datasets/machine-learning-matrices-split/glove.q4k.csv.24.22.B.vc
Ans-fold time: 8.0520
==== Integer vector .C compression
Command: /home/louza/mm-repair/sdsl/encode.x /mnt/data/datasets/machine-learning-matrices-split/glove.q4k.csv.24.23.A.vc.C 
==== Integer vector .R compression
Command: /home/louza/mm-repair/sdsl/encode.x /mnt/data/datasets/machine-learning-matrices-split/glove.q4k.csv.24.23.A.vc.R 
Integer vector compression time: 0.0632
==== OLE
Command: /home/louza/mm-repair/ole/encode.x /mnt/data/datasets/machine-learning-matrices-split/glove.q4k.csv.24.23.A.vc.C 
Command: /home/louza/mm-repair/ole/encode.x /mnt/data/datasets/machine-learning-matrices-split/glove.q4k.csv.24.23.B.vc 
OLE time: 0.5590
==== Ans-fold compression
Command: /home/louza/mm-repair/ans/encode.x /mnt/data/datasets/machine-learning-matrices-split/glove.q4k.csv.24.23.A.vc.C 
Command: /home/louza/mm-repair/ans/encode.x /mnt/data/datasets/machine-learning-matrices-split/glove.q4k.csv.24.23.B.vc
Ans-fold time: 8.4468
Command: /home/louza/mm-repair/ans/encode.x /mnt/data/datasets/machine-learning-matrices-split/glove.q4k.csv.wcode 
Elapsed time: 586.9373
==== Compression Report:
 >> matrix name: /mnt/data/datasets/machine-learning-matrices-split/glove.q4k.csv
 >> conversion time: 566.16
 >> repair time: 0.18
 >> integer vectors time: 0.06
 >> ansf time: 8.45
 >> total time: 586.94
 >> wcode: 2334536 bytes
 >> wcode_ans: 47562 bytes
 >> matrix log(alpha)xNumEntries size: 180000000 bytes
 >> matrix dense size: 960000000 bytes
 >> total number of nonzero: 119756 (0.10%)
 >> number of distinct nonzero: 3294
 >> CRSV  size: 2105376 bytes  (0.22%)
 >> B	  size: 481120976 bytes  (50.12%)
 >> B_ans size: 177806876 bytes  (18.52%)
 >> RE32  size: 182166580 bytes  (18.98%)
 >> REIV  size: 181368780 bytes  (18.89%)
 >> REANS size: 178128588 bytes  (18.56%)
==== Done
