REANS -b 1

#### 2026-09-03 09:51:57
 Command line: ./mm-repair/matrepair -r -b 1 -p 1 /mnt/data/datasets/machine-learning-matrices-split/airline78.csv 14462943 29 
Setting memory for each repair instance to 464053 MBs
Sending logging messages to file: /mnt/data/datasets/machine-learning-matrices-split/airline78.csv.log
==== Conversion bin/csv->csrv
Command: /home/louza/mm-repair/csvmat2csrv -b 1   /mnt/data/datasets/machine-learning-matrices-split/airline78.csv -r 0   14462943 29
Conversion time: 30.9207
==== Repair compression
Command: /home/louza/mm-repair/brepair/irepair0 /mnt/data/datasets/machine-learning-matrices-split/airline78.csv.vc 464053
Repair time: 329.8548
==== Integer vector .C compression
Command: /home/louza/mm-repair/sdsl/encode.x /mnt/data/datasets/machine-learning-matrices-split/airline78.csv.vc.C 
==== Integer vector .R compression
Command: /home/louza/mm-repair/sdsl/encode.x /mnt/data/datasets/machine-learning-matrices-split/airline78.csv.vc.R 
Integer vector compression time: 4.3331
==== Ans-fold compression
Command: /home/louza/mm-repair/ans/encode.x /mnt/data/datasets/machine-learning-matrices-split/airline78.csv.vc.C 
Ans-fold time: 10.7045
Elapsed time: 375.8133
==== Compression Report:
 >> matrix name: /mnt/data/datasets/machine-learning-matrices-split/airline78.csv
 >> conversion time: 30.92
 >> repair time: 329.85
 >> integer vectors time: 4.33
 >> ansf time: 10.70
 >> total time: 375.81
 >> matrix log(alpha)xNumEntries size: 681566188 bytes
 >> matrix dense size: 3355402776 bytes
 >> total number of nonzero: 304762947 (72.66%)
 >> number of distinct nonzero: 7794
 >> CRSV  size: 1276965912 bytes  (38.06%)
 >> RE32  size: 498067772 bytes  (14.84%)
 >> REIV  size: 373566442 bytes  (11.13%)
 >> REANS size: 311013416 bytes  (9.27%)
==== Done

#### 2026-09-03 09:58:12
 Command line: ./mm-repair/matrepair -r -b 1 -p 1 /mnt/data/datasets/machine-learning-matrices-split/airline78.csv 14462943 29 --ole 
Setting memory for each repair instance to 464053 MBs
Sending logging messages to file: /mnt/data/datasets/machine-learning-matrices-split/airline78.csv.log
==== Conversion bin/csv->csrv
Command: /home/louza/mm-repair/csvmat2csrv -b 1   /mnt/data/datasets/machine-learning-matrices-split/airline78.csv -r 0   14462943 29
Conversion time: 49.2531
==== Repair compression
Command: /home/louza/mm-repair/brepair/irepair0 /mnt/data/datasets/machine-learning-matrices-split/airline78.csv.vc 464053
Repair time: 309.9210
==== Integer vector .C compression
Command: /home/louza/mm-repair/sdsl/encode.x /mnt/data/datasets/machine-learning-matrices-split/airline78.csv.vc.C 
==== Integer vector .R compression
Command: /home/louza/mm-repair/sdsl/encode.x /mnt/data/datasets/machine-learning-matrices-split/airline78.csv.vc.R 
Integer vector compression time: 9.9506
==== OLE
Command: /home/louza/mm-repair/ole/encode.x /mnt/data/datasets/machine-learning-matrices-split/airline78.csv.vc.C 
OLE time: 4.5371
==== Ans-fold compression
Command: /home/louza/mm-repair/ans/encode.x /mnt/data/datasets/machine-learning-matrices-split/airline78.csv.vc.C 
Ans-fold time: 14.6388
Elapsed time: 388.3008
==== Compression Report:
 >> matrix name: /mnt/data/datasets/machine-learning-matrices-split/airline78.csv
 >> conversion time: 49.25
 >> repair time: 309.92
 >> integer vectors time: 9.95
 >> ansf time: 14.64
 >> total time: 388.30
 >> matrix log(alpha)xNumEntries size: 681566188 bytes
 >> matrix dense size: 3355402776 bytes
 >> total number of nonzero: 304762947 (72.66%)
 >> number of distinct nonzero: 7794
 >> CRSV  size: 1276965912 bytes  (38.06%)
 >> RE32  size: 498067772 bytes  (14.84%)
 >> REIV  size: 373566442 bytes  (11.13%)
 >> REANS size: 300839755 bytes  (8.97%)
==== Done

#### 2026-09-03 10:04:41
 Command line: ./mm-repair/matrepair -r -b 1 -p 1 /mnt/data/datasets/machine-learning-matrices-split/airline78.csv 14462943 29 --mapping 
Setting memory for each repair instance to 464053 MBs
Sending logging messages to file: /mnt/data/datasets/machine-learning-matrices-split/airline78.csv.log
==== Conversion bin/csv->csrv
Command: /home/louza/mm-repair/csvmat2csrv -b 1   /mnt/data/datasets/machine-learning-matrices-split/airline78.csv -r 0 -m  14462943 29
Conversion time: 89.6554
==== Repair compression
Command: /home/louza/mm-repair/brepair/irepair0 /mnt/data/datasets/machine-learning-matrices-split/airline78.csv.vc 464053
Repair time: 332.8480
==== Integer vector .C compression
Command: /home/louza/mm-repair/sdsl/encode.x /mnt/data/datasets/machine-learning-matrices-split/airline78.csv.vc.C 
==== Integer vector .R compression
Command: /home/louza/mm-repair/sdsl/encode.x /mnt/data/datasets/machine-learning-matrices-split/airline78.csv.vc.R 
Integer vector compression time: 5.8429
==== Ans-fold compression
Command: /home/louza/mm-repair/ans/encode.x /mnt/data/datasets/machine-learning-matrices-split/airline78.csv.vc.C 
Ans-fold time: 15.1080
Command: /home/louza/mm-repair/ans/encode.x /mnt/data/datasets/machine-learning-matrices-split/airline78.csv.wcode 
Elapsed time: 443.4592
==== Compression Report:
 >> matrix name: /mnt/data/datasets/machine-learning-matrices-split/airline78.csv
 >> conversion time: 89.66
 >> repair time: 332.85
 >> integer vectors time: 5.84
 >> ansf time: 15.11
 >> total time: 443.46
 >> wcode: 119868 bytes
 >> wcode_ans: 9474 bytes
 >> matrix log(alpha)xNumEntries size: 681566188 bytes
 >> matrix dense size: 3355402776 bytes
 >> total number of nonzero: 304762947 (72.66%)
 >> number of distinct nonzero: 7794
 >> CRSV  size: 1276965912 bytes  (38.06%)
 >> RE32  size: 498187640 bytes  (14.85%)
 >> REIV  size: 373686310 bytes  (11.14%)
 >> REANS size: 299903977 bytes  (8.94%)
==== Done

#### 2026-09-03 10:12:04
 Command line: ./mm-repair/matrepair -r -b 1 -p 1 /mnt/data/datasets/machine-learning-matrices-split/airline78.csv 14462943 29 --split 
Setting memory for each repair instance to 464053 MBs
Sending logging messages to file: /mnt/data/datasets/machine-learning-matrices-split/airline78.csv.log
==== Conversion bin/csv->csrv
Command: /home/louza/mm-repair/csvmat2csrv -b 1   /mnt/data/datasets/machine-learning-matrices-split/airline78.csv -r 0  -s 14462943 29
Conversion time: 434.5388
==== Repair compression
Command: /home/louza/mm-repair/brepair/irepair0 /mnt/data/datasets/machine-learning-matrices-split/airline78.csv.A.vc 464053
Repair time: 294.0079
==== Integer vector .C compression
Command: /home/louza/mm-repair/sdsl/encode.x /mnt/data/datasets/machine-learning-matrices-split/airline78.csv.A.vc.C 
==== Integer vector .R compression
Command: /home/louza/mm-repair/sdsl/encode.x /mnt/data/datasets/machine-learning-matrices-split/airline78.csv.A.vc.R 
Integer vector compression time: 4.0215
==== Ans-fold compression
Command: /home/louza/mm-repair/ans/encode.x /mnt/data/datasets/machine-learning-matrices-split/airline78.csv.A.vc.C 
Command: /home/louza/mm-repair/ans/encode.x /mnt/data/datasets/machine-learning-matrices-split/airline78.csv.B.vc
Ans-fold time: 10.7181
Elapsed time: 743.2864
==== Compression Report:
 >> matrix name: /mnt/data/datasets/machine-learning-matrices-split/airline78.csv
 >> conversion time: 434.54
 >> repair time: 294.01
 >> integer vectors time: 4.02
 >> ansf time: 10.72
 >> total time: 743.29
 >> matrix log(alpha)xNumEntries size: 681566188 bytes
 >> matrix dense size: 3355402776 bytes
 >> total number of nonzero: 304327621 (72.56%)
 >> number of distinct nonzero: 7794
 >> CRSV  size: 1275224608 bytes  (38.01%)
 >> B	  size: 59593076 bytes  (1.78%)
 >> B_ans size: 1282026 bytes  (0.04%)
 >> RE32  size: 497611142 bytes  (14.83%)
 >> REIV  size: 373544476 bytes  (11.13%)
 >> REANS size: 311068946 bytes  (9.27%)
==== Done

#### 2026-09-03 10:24:28
 Command line: ./mm-repair/matrepair -r -b 1 -p 1 /mnt/data/datasets/machine-learning-matrices-split/airline78.csv 14462943 29 --ole --mapping 
Setting memory for each repair instance to 464053 MBs
Sending logging messages to file: /mnt/data/datasets/machine-learning-matrices-split/airline78.csv.log
==== Conversion bin/csv->csrv
Command: /home/louza/mm-repair/csvmat2csrv -b 1   /mnt/data/datasets/machine-learning-matrices-split/airline78.csv -r 0 -m  14462943 29
Conversion time: 90.2981
==== Repair compression
Command: /home/louza/mm-repair/brepair/irepair0 /mnt/data/datasets/machine-learning-matrices-split/airline78.csv.vc 464053
Repair time: 288.8732
==== Integer vector .C compression
Command: /home/louza/mm-repair/sdsl/encode.x /mnt/data/datasets/machine-learning-matrices-split/airline78.csv.vc.C 
==== Integer vector .R compression
Command: /home/louza/mm-repair/sdsl/encode.x /mnt/data/datasets/machine-learning-matrices-split/airline78.csv.vc.R 
Integer vector compression time: 9.8086
==== OLE
Command: /home/louza/mm-repair/ole/encode.x /mnt/data/datasets/machine-learning-matrices-split/airline78.csv.vc.C 
OLE time: 7.4563
==== Ans-fold compression
Command: /home/louza/mm-repair/ans/encode.x /mnt/data/datasets/machine-learning-matrices-split/airline78.csv.vc.C 
Ans-fold time: 11.2245
Command: /home/louza/mm-repair/ans/encode.x /mnt/data/datasets/machine-learning-matrices-split/airline78.csv.wcode 
Elapsed time: 407.6653
==== Compression Report:
 >> matrix name: /mnt/data/datasets/machine-learning-matrices-split/airline78.csv
 >> conversion time: 90.30
 >> repair time: 288.87
 >> integer vectors time: 9.81
 >> ansf time: 11.22
 >> total time: 407.67
 >> wcode: 119868 bytes
 >> wcode_ans: 9474 bytes
 >> matrix log(alpha)xNumEntries size: 681566188 bytes
 >> matrix dense size: 3355402776 bytes
 >> total number of nonzero: 304762947 (72.66%)
 >> number of distinct nonzero: 7794
 >> CRSV  size: 1276965912 bytes  (38.06%)
 >> RE32  size: 498187640 bytes  (14.85%)
 >> REIV  size: 373686310 bytes  (11.14%)
 >> REANS size: 293690783 bytes  (8.75%)
==== Done

#### 2026-09-03 10:31:15
 Command line: ./mm-repair/matrepair -r -b 1 -p 1 /mnt/data/datasets/machine-learning-matrices-split/airline78.csv 14462943 29 --ole --split 
Setting memory for each repair instance to 464053 MBs
Sending logging messages to file: /mnt/data/datasets/machine-learning-matrices-split/airline78.csv.log
==== Conversion bin/csv->csrv
Command: /home/louza/mm-repair/csvmat2csrv -b 1   /mnt/data/datasets/machine-learning-matrices-split/airline78.csv -r 0  -s 14462943 29
Conversion time: 401.7092
==== Repair compression
Command: /home/louza/mm-repair/brepair/irepair0 /mnt/data/datasets/machine-learning-matrices-split/airline78.csv.A.vc 464053
Repair time: 274.3760
==== Integer vector .C compression
Command: /home/louza/mm-repair/sdsl/encode.x /mnt/data/datasets/machine-learning-matrices-split/airline78.csv.A.vc.C 
==== Integer vector .R compression
Command: /home/louza/mm-repair/sdsl/encode.x /mnt/data/datasets/machine-learning-matrices-split/airline78.csv.A.vc.R 
Integer vector compression time: 7.2065
==== OLE
Command: /home/louza/mm-repair/ole/encode.x /mnt/data/datasets/machine-learning-matrices-split/airline78.csv.A.vc.C 
Command: /home/louza/mm-repair/ole/encode.x /mnt/data/datasets/machine-learning-matrices-split/airline78.csv.B.vc 
OLE time: 1.0670
==== Ans-fold compression
Command: /home/louza/mm-repair/ans/encode.x /mnt/data/datasets/machine-learning-matrices-split/airline78.csv.A.vc.C 
Command: /home/louza/mm-repair/ans/encode.x /mnt/data/datasets/machine-learning-matrices-split/airline78.csv.B.vc
Ans-fold time: 11.5054
Elapsed time: 701.3151
==== Compression Report:
 >> matrix name: /mnt/data/datasets/machine-learning-matrices-split/airline78.csv
 >> conversion time: 401.71
 >> repair time: 274.38
 >> integer vectors time: 7.21
 >> ansf time: 11.51
 >> total time: 701.32
 >> matrix log(alpha)xNumEntries size: 681566188 bytes
 >> matrix dense size: 3355402776 bytes
 >> total number of nonzero: 304327621 (72.56%)
 >> number of distinct nonzero: 7794
 >> CRSV  size: 1275224608 bytes  (38.01%)
 >> B	  size: 59593076 bytes  (1.78%)
 >> B_ans size: 1269658 bytes  (0.04%)
 >> RE32  size: 497598774 bytes  (14.83%)
 >> REIV  size: 373532108 bytes  (11.13%)
 >> REANS size: 300980491 bytes  (8.97%)
==== Done

#### 2026-09-03 10:42:57
 Command line: ./mm-repair/matrepair -r -b 1 -p 1 /mnt/data/datasets/machine-learning-matrices-split/airline78.csv 14462943 29 --mapping --split 
Setting memory for each repair instance to 464053 MBs
Sending logging messages to file: /mnt/data/datasets/machine-learning-matrices-split/airline78.csv.log
==== Conversion bin/csv->csrv
Command: /home/louza/mm-repair/csvmat2csrv -b 1   /mnt/data/datasets/machine-learning-matrices-split/airline78.csv -r 0 -m -s 14462943 29
Conversion time: 443.9354
==== Repair compression
Command: /home/louza/mm-repair/brepair/irepair0 /mnt/data/datasets/machine-learning-matrices-split/airline78.csv.A.vc 464053
Repair time: 264.6438
==== Integer vector .C compression
Command: /home/louza/mm-repair/sdsl/encode.x /mnt/data/datasets/machine-learning-matrices-split/airline78.csv.A.vc.C 
==== Integer vector .R compression
Command: /home/louza/mm-repair/sdsl/encode.x /mnt/data/datasets/machine-learning-matrices-split/airline78.csv.A.vc.R 
Integer vector compression time: 10.5142
==== Ans-fold compression
Command: /home/louza/mm-repair/ans/encode.x /mnt/data/datasets/machine-learning-matrices-split/airline78.csv.A.vc.C 
Command: /home/louza/mm-repair/ans/encode.x /mnt/data/datasets/machine-learning-matrices-split/airline78.csv.B.vc
Ans-fold time: 12.7126
Command: /home/louza/mm-repair/ans/encode.x /mnt/data/datasets/machine-learning-matrices-split/airline78.csv.wcode 
Elapsed time: 731.8089
==== Compression Report:
 >> matrix name: /mnt/data/datasets/machine-learning-matrices-split/airline78.csv
 >> conversion time: 443.94
 >> repair time: 264.64
 >> integer vectors time: 10.51
 >> ansf time: 12.71
 >> total time: 731.81
 >> wcode: 119868 bytes
 >> wcode_ans: 9474 bytes
 >> matrix log(alpha)xNumEntries size: 681566188 bytes
 >> matrix dense size: 3355402776 bytes
 >> total number of nonzero: 304327621 (72.56%)
 >> number of distinct nonzero: 7794
 >> CRSV  size: 1275224608 bytes  (38.01%)
 >> B	  size: 59593076 bytes  (1.78%)
 >> B_ans size: 1159712 bytes  (0.03%)
 >> RE32  size: 497608696 bytes  (14.83%)
 >> REIV  size: 373542030 bytes  (11.13%)
 >> REANS size: 299904511 bytes  (8.94%)
==== Done

#### 2026-09-03 10:55:09
 Command line: ./mm-repair/matrepair -r -b 1 -p 1 /mnt/data/datasets/machine-learning-matrices-split/airline78.csv 14462943 29 --ole --mapping --split 
Setting memory for each repair instance to 464053 MBs
Sending logging messages to file: /mnt/data/datasets/machine-learning-matrices-split/airline78.csv.log
==== Conversion bin/csv->csrv
Command: /home/louza/mm-repair/csvmat2csrv -b 1   /mnt/data/datasets/machine-learning-matrices-split/airline78.csv -r 0 -m -s 14462943 29
Conversion time: 449.0731
==== Repair compression
Command: /home/louza/mm-repair/brepair/irepair0 /mnt/data/datasets/machine-learning-matrices-split/airline78.csv.A.vc 464053
Repair time: 375.4394
==== Integer vector .C compression
Command: /home/louza/mm-repair/sdsl/encode.x /mnt/data/datasets/machine-learning-matrices-split/airline78.csv.A.vc.C 
==== Integer vector .R compression
Command: /home/louza/mm-repair/sdsl/encode.x /mnt/data/datasets/machine-learning-matrices-split/airline78.csv.A.vc.R 
Integer vector compression time: 6.8697
==== OLE
Command: /home/louza/mm-repair/ole/encode.x /mnt/data/datasets/machine-learning-matrices-split/airline78.csv.A.vc.C 
Command: /home/louza/mm-repair/ole/encode.x /mnt/data/datasets/machine-learning-matrices-split/airline78.csv.B.vc 
OLE time: 0.4948
==== Ans-fold compression
Command: /home/louza/mm-repair/ans/encode.x /mnt/data/datasets/machine-learning-matrices-split/airline78.csv.A.vc.C 
Command: /home/louza/mm-repair/ans/encode.x /mnt/data/datasets/machine-learning-matrices-split/airline78.csv.B.vc
Ans-fold time: 16.8770
Command: /home/louza/mm-repair/ans/encode.x /mnt/data/datasets/machine-learning-matrices-split/airline78.csv.wcode 
Elapsed time: 853.0327
==== Compression Report:
 >> matrix name: /mnt/data/datasets/machine-learning-matrices-split/airline78.csv
 >> conversion time: 449.07
 >> repair time: 375.44
 >> integer vectors time: 6.87
 >> ansf time: 16.88
 >> total time: 853.03
 >> wcode: 119868 bytes
 >> wcode_ans: 9474 bytes
 >> matrix log(alpha)xNumEntries size: 681566188 bytes
 >> matrix dense size: 3355402776 bytes
 >> total number of nonzero: 304327621 (72.56%)
 >> number of distinct nonzero: 7794
 >> CRSV  size: 1275224608 bytes  (38.01%)
 >> B	  size: 59593076 bytes  (1.78%)
 >> B_ans size: 1148192 bytes  (0.03%)
 >> RE32  size: 497597176 bytes  (14.83%)
 >> REIV  size: 373530510 bytes  (11.13%)
 >> REANS size: 293759081 bytes  (8.75%)
==== Done
REANS -b 16

#### 2026-09-04 08:37:27
 Command line: ./mm-repair/matrepair -r -b 16 -p 16 /mnt/data/datasets/machine-learning-matrices-split/airline78.csv 14462943 29 
Setting memory for each repair instance to 29003 MBs
Sending logging messages to file: /mnt/data/datasets/machine-learning-matrices-split/airline78.csv.log
==== Conversion bin/csv->csrv
Command: /home/louza/mm-repair/csvmat2csrv -b 16   /mnt/data/datasets/machine-learning-matrices-split/airline78.csv -r 0   14462943 29
Conversion time: 537.5067
==== Repair paralell compression
---- Executing 16 parallel processes
---- Parallel processing completed
Repair time: 17.7733
==== Integer vector .C compression
Command: /home/louza/mm-repair/sdsl/encode.x /mnt/data/datasets/machine-learning-matrices-split/airline78.csv.16.0.vc.C 
==== Integer vector .R compression
Command: /home/louza/mm-repair/sdsl/encode.x /mnt/data/datasets/machine-learning-matrices-split/airline78.csv.16.0.vc.R 
Integer vector compression time: 0.4089
==== Ans-fold compression
Command: /home/louza/mm-repair/ans/encode.x /mnt/data/datasets/machine-learning-matrices-split/airline78.csv.16.0.vc.C 
Ans-fold time: 0.7767
==== Integer vector .C compression
Command: /home/louza/mm-repair/sdsl/encode.x /mnt/data/datasets/machine-learning-matrices-split/airline78.csv.16.1.vc.C 
==== Integer vector .R compression
Command: /home/louza/mm-repair/sdsl/encode.x /mnt/data/datasets/machine-learning-matrices-split/airline78.csv.16.1.vc.R 
Integer vector compression time: 0.3984
==== Ans-fold compression
Command: /home/louza/mm-repair/ans/encode.x /mnt/data/datasets/machine-learning-matrices-split/airline78.csv.16.1.vc.C 
Ans-fold time: 1.4051
==== Integer vector .C compression
Command: /home/louza/mm-repair/sdsl/encode.x /mnt/data/datasets/machine-learning-matrices-split/airline78.csv.16.2.vc.C 
==== Integer vector .R compression
Command: /home/louza/mm-repair/sdsl/encode.x /mnt/data/datasets/machine-learning-matrices-split/airline78.csv.16.2.vc.R 
Integer vector compression time: 0.3046
==== Ans-fold compression
Command: /home/louza/mm-repair/ans/encode.x /mnt/data/datasets/machine-learning-matrices-split/airline78.csv.16.2.vc.C 
Ans-fold time: 2.0426
==== Integer vector .C compression
Command: /home/louza/mm-repair/sdsl/encode.x /mnt/data/datasets/machine-learning-matrices-split/airline78.csv.16.3.vc.C 
==== Integer vector .R compression
Command: /home/louza/mm-repair/sdsl/encode.x /mnt/data/datasets/machine-learning-matrices-split/airline78.csv.16.3.vc.R 
Integer vector compression time: 0.3124
==== Ans-fold compression
Command: /home/louza/mm-repair/ans/encode.x /mnt/data/datasets/machine-learning-matrices-split/airline78.csv.16.3.vc.C 
Ans-fold time: 3.0256
==== Integer vector .C compression
Command: /home/louza/mm-repair/sdsl/encode.x /mnt/data/datasets/machine-learning-matrices-split/airline78.csv.16.4.vc.C 
==== Integer vector .R compression
Command: /home/louza/mm-repair/sdsl/encode.x /mnt/data/datasets/machine-learning-matrices-split/airline78.csv.16.4.vc.R 
Integer vector compression time: 0.3677
==== Ans-fold compression
Command: /home/louza/mm-repair/ans/encode.x /mnt/data/datasets/machine-learning-matrices-split/airline78.csv.16.4.vc.C 
Ans-fold time: 4.0104
==== Integer vector .C compression
Command: /home/louza/mm-repair/sdsl/encode.x /mnt/data/datasets/machine-learning-matrices-split/airline78.csv.16.5.vc.C 
==== Integer vector .R compression
Command: /home/louza/mm-repair/sdsl/encode.x /mnt/data/datasets/machine-learning-matrices-split/airline78.csv.16.5.vc.R 
Integer vector compression time: 0.4287
==== Ans-fold compression
Command: /home/louza/mm-repair/ans/encode.x /mnt/data/datasets/machine-learning-matrices-split/airline78.csv.16.5.vc.C 
Ans-fold time: 5.1364
==== Integer vector .C compression
Command: /home/louza/mm-repair/sdsl/encode.x /mnt/data/datasets/machine-learning-matrices-split/airline78.csv.16.6.vc.C 
==== Integer vector .R compression
Command: /home/louza/mm-repair/sdsl/encode.x /mnt/data/datasets/machine-learning-matrices-split/airline78.csv.16.6.vc.R 
Integer vector compression time: 0.3593
==== Ans-fold compression
Command: /home/louza/mm-repair/ans/encode.x /mnt/data/datasets/machine-learning-matrices-split/airline78.csv.16.6.vc.C 
Ans-fold time: 6.0709
==== Integer vector .C compression
Command: /home/louza/mm-repair/sdsl/encode.x /mnt/data/datasets/machine-learning-matrices-split/airline78.csv.16.7.vc.C 
==== Integer vector .R compression
Command: /home/louza/mm-repair/sdsl/encode.x /mnt/data/datasets/machine-learning-matrices-split/airline78.csv.16.7.vc.R 
Integer vector compression time: 0.4226
==== Ans-fold compression
Command: /home/louza/mm-repair/ans/encode.x /mnt/data/datasets/machine-learning-matrices-split/airline78.csv.16.7.vc.C 
Ans-fold time: 6.8555
==== Integer vector .C compression
Command: /home/louza/mm-repair/sdsl/encode.x /mnt/data/datasets/machine-learning-matrices-split/airline78.csv.16.8.vc.C 
==== Integer vector .R compression
Command: /home/louza/mm-repair/sdsl/encode.x /mnt/data/datasets/machine-learning-matrices-split/airline78.csv.16.8.vc.R 
Integer vector compression time: 0.4501
==== Ans-fold compression
Command: /home/louza/mm-repair/ans/encode.x /mnt/data/datasets/machine-learning-matrices-split/airline78.csv.16.8.vc.C 
Ans-fold time: 7.6113
==== Integer vector .C compression
Command: /home/louza/mm-repair/sdsl/encode.x /mnt/data/datasets/machine-learning-matrices-split/airline78.csv.16.9.vc.C 
==== Integer vector .R compression
Command: /home/louza/mm-repair/sdsl/encode.x /mnt/data/datasets/machine-learning-matrices-split/airline78.csv.16.9.vc.R 
Integer vector compression time: 0.4206
==== Ans-fold compression
Command: /home/louza/mm-repair/ans/encode.x /mnt/data/datasets/machine-learning-matrices-split/airline78.csv.16.9.vc.C 
Ans-fold time: 8.3723
==== Integer vector .C compression
Command: /home/louza/mm-repair/sdsl/encode.x /mnt/data/datasets/machine-learning-matrices-split/airline78.csv.16.10.vc.C 
==== Integer vector .R compression
Command: /home/louza/mm-repair/sdsl/encode.x /mnt/data/datasets/machine-learning-matrices-split/airline78.csv.16.10.vc.R 
Integer vector compression time: 0.4074
==== Ans-fold compression
Command: /home/louza/mm-repair/ans/encode.x /mnt/data/datasets/machine-learning-matrices-split/airline78.csv.16.10.vc.C 
Ans-fold time: 9.0977
==== Integer vector .C compression
Command: /home/louza/mm-repair/sdsl/encode.x /mnt/data/datasets/machine-learning-matrices-split/airline78.csv.16.11.vc.C 
==== Integer vector .R compression
Command: /home/louza/mm-repair/sdsl/encode.x /mnt/data/datasets/machine-learning-matrices-split/airline78.csv.16.11.vc.R 
Integer vector compression time: 0.3140
==== Ans-fold compression
Command: /home/louza/mm-repair/ans/encode.x /mnt/data/datasets/machine-learning-matrices-split/airline78.csv.16.11.vc.C 
Ans-fold time: 9.9546
==== Integer vector .C compression
Command: /home/louza/mm-repair/sdsl/encode.x /mnt/data/datasets/machine-learning-matrices-split/airline78.csv.16.12.vc.C 
==== Integer vector .R compression
Command: /home/louza/mm-repair/sdsl/encode.x /mnt/data/datasets/machine-learning-matrices-split/airline78.csv.16.12.vc.R 
Integer vector compression time: 0.3290
==== Ans-fold compression
Command: /home/louza/mm-repair/ans/encode.x /mnt/data/datasets/machine-learning-matrices-split/airline78.csv.16.12.vc.C 
Ans-fold time: 10.5871
==== Integer vector .C compression
Command: /home/louza/mm-repair/sdsl/encode.x /mnt/data/datasets/machine-learning-matrices-split/airline78.csv.16.13.vc.C 
==== Integer vector .R compression
Command: /home/louza/mm-repair/sdsl/encode.x /mnt/data/datasets/machine-learning-matrices-split/airline78.csv.16.13.vc.R 
Integer vector compression time: 0.3031
==== Ans-fold compression
Command: /home/louza/mm-repair/ans/encode.x /mnt/data/datasets/machine-learning-matrices-split/airline78.csv.16.13.vc.C 
Ans-fold time: 11.2447
==== Integer vector .C compression
Command: /home/louza/mm-repair/sdsl/encode.x /mnt/data/datasets/machine-learning-matrices-split/airline78.csv.16.14.vc.C 
==== Integer vector .R compression
Command: /home/louza/mm-repair/sdsl/encode.x /mnt/data/datasets/machine-learning-matrices-split/airline78.csv.16.14.vc.R 
Integer vector compression time: 0.2991
==== Ans-fold compression
Command: /home/louza/mm-repair/ans/encode.x /mnt/data/datasets/machine-learning-matrices-split/airline78.csv.16.14.vc.C 
Ans-fold time: 11.9769
==== Integer vector .C compression
Command: /home/louza/mm-repair/sdsl/encode.x /mnt/data/datasets/machine-learning-matrices-split/airline78.csv.16.15.vc.C 
==== Integer vector .R compression
Command: /home/louza/mm-repair/sdsl/encode.x /mnt/data/datasets/machine-learning-matrices-split/airline78.csv.16.15.vc.R 
Integer vector compression time: 0.3764
==== Ans-fold compression
Command: /home/louza/mm-repair/ans/encode.x /mnt/data/datasets/machine-learning-matrices-split/airline78.csv.16.15.vc.C 
Ans-fold time: 12.9044
Elapsed time: 574.0884
==== Compression Report:
 >> matrix name: /mnt/data/datasets/machine-learning-matrices-split/airline78.csv
 >> conversion time: 537.51
 >> repair time: 17.77
 >> integer vectors time: 0.38
 >> ansf time: 12.90
 >> total time: 574.09
 >> matrix log(alpha)xNumEntries size: 681566188 bytes
 >> matrix dense size: 3355402776 bytes
 >> total number of nonzero: 304762947 (72.66%)
 >> number of distinct nonzero: 7794
 >> CRSV  size: 1276965912 bytes  (38.06%)
 >> RE32  size: 593255824 bytes  (17.68%)
 >> REIV  size: 389345976 bytes  (11.60%)
 >> REANS size: 339169023 bytes  (10.11%)
==== Done

#### 2026-09-04 08:47:01
 Command line: ./mm-repair/matrepair -r -b 16 -p 16 /mnt/data/datasets/machine-learning-matrices-split/airline78.csv 14462943 29 --ole 
Setting memory for each repair instance to 29003 MBs
Sending logging messages to file: /mnt/data/datasets/machine-learning-matrices-split/airline78.csv.log
==== Conversion bin/csv->csrv
Command: /home/louza/mm-repair/csvmat2csrv -b 16   /mnt/data/datasets/machine-learning-matrices-split/airline78.csv -r 0   14462943 29
Conversion time: 137.6739
==== Repair paralell compression
---- Executing 16 parallel processes
---- Parallel processing completed
Repair time: 30.4877
==== Integer vector .C compression
Command: /home/louza/mm-repair/sdsl/encode.x /mnt/data/datasets/machine-learning-matrices-split/airline78.csv.16.0.vc.C 
==== Integer vector .R compression
Command: /home/louza/mm-repair/sdsl/encode.x /mnt/data/datasets/machine-learning-matrices-split/airline78.csv.16.0.vc.R 
Integer vector compression time: 2.3437
==== OLE
Command: /home/louza/mm-repair/ole/encode.x /mnt/data/datasets/machine-learning-matrices-split/airline78.csv.16.0.vc.C 
OLE time: 2.5152
==== Ans-fold compression
Command: /home/louza/mm-repair/ans/encode.x /mnt/data/datasets/machine-learning-matrices-split/airline78.csv.16.0.vc.C 
Ans-fold time: 2.7244
==== Integer vector .C compression
Command: /home/louza/mm-repair/sdsl/encode.x /mnt/data/datasets/machine-learning-matrices-split/airline78.csv.16.1.vc.C 
==== Integer vector .R compression
Command: /home/louza/mm-repair/sdsl/encode.x /mnt/data/datasets/machine-learning-matrices-split/airline78.csv.16.1.vc.R 
Integer vector compression time: 2.0885
==== OLE
Command: /home/louza/mm-repair/ole/encode.x /mnt/data/datasets/machine-learning-matrices-split/airline78.csv.16.1.vc.C 
OLE time: 2.0428
==== Ans-fold compression
Command: /home/louza/mm-repair/ans/encode.x /mnt/data/datasets/machine-learning-matrices-split/airline78.csv.16.1.vc.C 
Ans-fold time: 4.9763
==== Integer vector .C compression
Command: /home/louza/mm-repair/sdsl/encode.x /mnt/data/datasets/machine-learning-matrices-split/airline78.csv.16.2.vc.C 
==== Integer vector .R compression
Command: /home/louza/mm-repair/sdsl/encode.x /mnt/data/datasets/machine-learning-matrices-split/airline78.csv.16.2.vc.R 
Integer vector compression time: 1.6294
==== OLE
Command: /home/louza/mm-repair/ole/encode.x /mnt/data/datasets/machine-learning-matrices-split/airline78.csv.16.2.vc.C 
OLE time: 1.6727
==== Ans-fold compression
Command: /home/louza/mm-repair/ans/encode.x /mnt/data/datasets/machine-learning-matrices-split/airline78.csv.16.2.vc.C 
Ans-fold time: 6.7027
==== Integer vector .C compression
Command: /home/louza/mm-repair/sdsl/encode.x /mnt/data/datasets/machine-learning-matrices-split/airline78.csv.16.3.vc.C 
==== Integer vector .R compression
Command: /home/louza/mm-repair/sdsl/encode.x /mnt/data/datasets/machine-learning-matrices-split/airline78.csv.16.3.vc.R 
Integer vector compression time: 1.8020
==== OLE
Command: /home/louza/mm-repair/ole/encode.x /mnt/data/datasets/machine-learning-matrices-split/airline78.csv.16.3.vc.C 
OLE time: 1.5331
==== Ans-fold compression
Command: /home/louza/mm-repair/ans/encode.x /mnt/data/datasets/machine-learning-matrices-split/airline78.csv.16.3.vc.C 
Ans-fold time: 8.1572
==== Integer vector .C compression
Command: /home/louza/mm-repair/sdsl/encode.x /mnt/data/datasets/machine-learning-matrices-split/airline78.csv.16.4.vc.C 
==== Integer vector .R compression
Command: /home/louza/mm-repair/sdsl/encode.x /mnt/data/datasets/machine-learning-matrices-split/airline78.csv.16.4.vc.R 
Integer vector compression time: 2.8557
==== OLE
Command: /home/louza/mm-repair/ole/encode.x /mnt/data/datasets/machine-learning-matrices-split/airline78.csv.16.4.vc.C 
OLE time: 4.6325
==== Ans-fold compression
Command: /home/louza/mm-repair/ans/encode.x /mnt/data/datasets/machine-learning-matrices-split/airline78.csv.16.4.vc.C 
Ans-fold time: 9.8352
==== Integer vector .C compression
Command: /home/louza/mm-repair/sdsl/encode.x /mnt/data/datasets/machine-learning-matrices-split/airline78.csv.16.5.vc.C 
==== Integer vector .R compression
Command: /home/louza/mm-repair/sdsl/encode.x /mnt/data/datasets/machine-learning-matrices-split/airline78.csv.16.5.vc.R 
Integer vector compression time: 1.8815
==== OLE
Command: /home/louza/mm-repair/ole/encode.x /mnt/data/datasets/machine-learning-matrices-split/airline78.csv.16.5.vc.C 
OLE time: 2.2517
==== Ans-fold compression
Command: /home/louza/mm-repair/ans/encode.x /mnt/data/datasets/machine-learning-matrices-split/airline78.csv.16.5.vc.C 
Ans-fold time: 12.3303
==== Integer vector .C compression
Command: /home/louza/mm-repair/sdsl/encode.x /mnt/data/datasets/machine-learning-matrices-split/airline78.csv.16.6.vc.C 
==== Integer vector .R compression
Command: /home/louza/mm-repair/sdsl/encode.x /mnt/data/datasets/machine-learning-matrices-split/airline78.csv.16.6.vc.R 
Integer vector compression time: 3.2805
==== OLE
Command: /home/louza/mm-repair/ole/encode.x /mnt/data/datasets/machine-learning-matrices-split/airline78.csv.16.6.vc.C 
OLE time: 2.7667
==== Ans-fold compression
Command: /home/louza/mm-repair/ans/encode.x /mnt/data/datasets/machine-learning-matrices-split/airline78.csv.16.6.vc.C 
Ans-fold time: 15.0748
==== Integer vector .C compression
Command: /home/louza/mm-repair/sdsl/encode.x /mnt/data/datasets/machine-learning-matrices-split/airline78.csv.16.7.vc.C 
==== Integer vector .R compression
Command: /home/louza/mm-repair/sdsl/encode.x /mnt/data/datasets/machine-learning-matrices-split/airline78.csv.16.7.vc.R 
Integer vector compression time: 3.4524
==== OLE
Command: /home/louza/mm-repair/ole/encode.x /mnt/data/datasets/machine-learning-matrices-split/airline78.csv.16.7.vc.C 
OLE time: 2.4152
==== Ans-fold compression
Command: /home/louza/mm-repair/ans/encode.x /mnt/data/datasets/machine-learning-matrices-split/airline78.csv.16.7.vc.C 
Ans-fold time: 17.6403
==== Integer vector .C compression
Command: /home/louza/mm-repair/sdsl/encode.x /mnt/data/datasets/machine-learning-matrices-split/airline78.csv.16.8.vc.C 
==== Integer vector .R compression
Command: /home/louza/mm-repair/sdsl/encode.x /mnt/data/datasets/machine-learning-matrices-split/airline78.csv.16.8.vc.R 
Integer vector compression time: 3.1374
==== OLE
Command: /home/louza/mm-repair/ole/encode.x /mnt/data/datasets/machine-learning-matrices-split/airline78.csv.16.8.vc.C 
OLE time: 3.2696
==== Ans-fold compression
Command: /home/louza/mm-repair/ans/encode.x /mnt/data/datasets/machine-learning-matrices-split/airline78.csv.16.8.vc.C 
Ans-fold time: 19.2829
==== Integer vector .C compression
Command: /home/louza/mm-repair/sdsl/encode.x /mnt/data/datasets/machine-learning-matrices-split/airline78.csv.16.9.vc.C 
==== Integer vector .R compression
Command: /home/louza/mm-repair/sdsl/encode.x /mnt/data/datasets/machine-learning-matrices-split/airline78.csv.16.9.vc.R 
Integer vector compression time: 3.0844
==== OLE
Command: /home/louza/mm-repair/ole/encode.x /mnt/data/datasets/machine-learning-matrices-split/airline78.csv.16.9.vc.C 
OLE time: 3.5234
==== Ans-fold compression
Command: /home/louza/mm-repair/ans/encode.x /mnt/data/datasets/machine-learning-matrices-split/airline78.csv.16.9.vc.C 
Ans-fold time: 20.4272
==== Integer vector .C compression
Command: /home/louza/mm-repair/sdsl/encode.x /mnt/data/datasets/machine-learning-matrices-split/airline78.csv.16.10.vc.C 
==== Integer vector .R compression
Command: /home/louza/mm-repair/sdsl/encode.x /mnt/data/datasets/machine-learning-matrices-split/airline78.csv.16.10.vc.R 
Integer vector compression time: 1.5501
==== OLE
Command: /home/louza/mm-repair/ole/encode.x /mnt/data/datasets/machine-learning-matrices-split/airline78.csv.16.10.vc.C 
OLE time: 2.6905
==== Ans-fold compression
Command: /home/louza/mm-repair/ans/encode.x /mnt/data/datasets/machine-learning-matrices-split/airline78.csv.16.10.vc.C 
Ans-fold time: 22.1884
==== Integer vector .C compression
Command: /home/louza/mm-repair/sdsl/encode.x /mnt/data/datasets/machine-learning-matrices-split/airline78.csv.16.11.vc.C 
==== Integer vector .R compression
Command: /home/louza/mm-repair/sdsl/encode.x /mnt/data/datasets/machine-learning-matrices-split/airline78.csv.16.11.vc.R 
Integer vector compression time: 3.0029
==== OLE
Command: /home/louza/mm-repair/ole/encode.x /mnt/data/datasets/machine-learning-matrices-split/airline78.csv.16.11.vc.C 
OLE time: 3.5372
==== Ans-fold compression
Command: /home/louza/mm-repair/ans/encode.x /mnt/data/datasets/machine-learning-matrices-split/airline78.csv.16.11.vc.C 
Ans-fold time: 24.7883
==== Integer vector .C compression
Command: /home/louza/mm-repair/sdsl/encode.x /mnt/data/datasets/machine-learning-matrices-split/airline78.csv.16.12.vc.C 
==== Integer vector .R compression
Command: /home/louza/mm-repair/sdsl/encode.x /mnt/data/datasets/machine-learning-matrices-split/airline78.csv.16.12.vc.R 
Integer vector compression time: 3.4399
==== OLE
Command: /home/louza/mm-repair/ole/encode.x /mnt/data/datasets/machine-learning-matrices-split/airline78.csv.16.12.vc.C 
OLE time: 1.8294
==== Ans-fold compression
Command: /home/louza/mm-repair/ans/encode.x /mnt/data/datasets/machine-learning-matrices-split/airline78.csv.16.12.vc.C 
Ans-fold time: 26.1427
==== Integer vector .C compression
Command: /home/louza/mm-repair/sdsl/encode.x /mnt/data/datasets/machine-learning-matrices-split/airline78.csv.16.13.vc.C 
==== Integer vector .R compression
Command: /home/louza/mm-repair/sdsl/encode.x /mnt/data/datasets/machine-learning-matrices-split/airline78.csv.16.13.vc.R 
Integer vector compression time: 2.0094
==== OLE
Command: /home/louza/mm-repair/ole/encode.x /mnt/data/datasets/machine-learning-matrices-split/airline78.csv.16.13.vc.C 
OLE time: 1.8862
==== Ans-fold compression
Command: /home/louza/mm-repair/ans/encode.x /mnt/data/datasets/machine-learning-matrices-split/airline78.csv.16.13.vc.C 
Ans-fold time: 27.0473
==== Integer vector .C compression
Command: /home/louza/mm-repair/sdsl/encode.x /mnt/data/datasets/machine-learning-matrices-split/airline78.csv.16.14.vc.C 
==== Integer vector .R compression
Command: /home/louza/mm-repair/sdsl/encode.x /mnt/data/datasets/machine-learning-matrices-split/airline78.csv.16.14.vc.R 
Integer vector compression time: 1.6860
==== OLE
Command: /home/louza/mm-repair/ole/encode.x /mnt/data/datasets/machine-learning-matrices-split/airline78.csv.16.14.vc.C 
OLE time: 2.8835
==== Ans-fold compression
Command: /home/louza/mm-repair/ans/encode.x /mnt/data/datasets/machine-learning-matrices-split/airline78.csv.16.14.vc.C 
Ans-fold time: 29.0658
==== Integer vector .C compression
Command: /home/louza/mm-repair/sdsl/encode.x /mnt/data/datasets/machine-learning-matrices-split/airline78.csv.16.15.vc.C 
==== Integer vector .R compression
Command: /home/louza/mm-repair/sdsl/encode.x /mnt/data/datasets/machine-learning-matrices-split/airline78.csv.16.15.vc.R 
Integer vector compression time: 4.2183
==== OLE
Command: /home/louza/mm-repair/ole/encode.x /mnt/data/datasets/machine-learning-matrices-split/airline78.csv.16.15.vc.C 
OLE time: 6.5053
==== Ans-fold compression
Command: /home/louza/mm-repair/ans/encode.x /mnt/data/datasets/machine-learning-matrices-split/airline78.csv.16.15.vc.C 
Ans-fold time: 30.9033
Elapsed time: 286.4844
==== Compression Report:
 >> matrix name: /mnt/data/datasets/machine-learning-matrices-split/airline78.csv
 >> conversion time: 137.67
 >> repair time: 30.49
 >> integer vectors time: 4.22
 >> ansf time: 30.90
 >> total time: 286.48
 >> matrix log(alpha)xNumEntries size: 681566188 bytes
 >> matrix dense size: 3355402776 bytes
 >> total number of nonzero: 304762947 (72.66%)
 >> number of distinct nonzero: 7794
 >> CRSV  size: 1276965912 bytes  (38.06%)
 >> RE32  size: 593255824 bytes  (17.68%)
 >> REIV  size: 389345976 bytes  (11.60%)
 >> REANS size: 321563472 bytes  (9.58%)
==== Done

#### 2026-09-04 08:51:48
 Command line: ./mm-repair/matrepair -r -b 16 -p 16 /mnt/data/datasets/machine-learning-matrices-split/airline78.csv 14462943 29 --mapping 
Setting memory for each repair instance to 29003 MBs
Sending logging messages to file: /mnt/data/datasets/machine-learning-matrices-split/airline78.csv.log
==== Conversion bin/csv->csrv
Command: /home/louza/mm-repair/csvmat2csrv -b 16   /mnt/data/datasets/machine-learning-matrices-split/airline78.csv -r 0 -m  14462943 29
Conversion time: 211.7639
==== Repair paralell compression
---- Executing 16 parallel processes
---- Parallel processing completed
Repair time: 26.3599
==== Integer vector .C compression
Command: /home/louza/mm-repair/sdsl/encode.x /mnt/data/datasets/machine-learning-matrices-split/airline78.csv.16.0.vc.C 
==== Integer vector .R compression
Command: /home/louza/mm-repair/sdsl/encode.x /mnt/data/datasets/machine-learning-matrices-split/airline78.csv.16.0.vc.R 
Integer vector compression time: 1.5331
==== Ans-fold compression
Command: /home/louza/mm-repair/ans/encode.x /mnt/data/datasets/machine-learning-matrices-split/airline78.csv.16.0.vc.C 
Ans-fold time: 1.3443
==== Integer vector .C compression
Command: /home/louza/mm-repair/sdsl/encode.x /mnt/data/datasets/machine-learning-matrices-split/airline78.csv.16.1.vc.C 
==== Integer vector .R compression
Command: /home/louza/mm-repair/sdsl/encode.x /mnt/data/datasets/machine-learning-matrices-split/airline78.csv.16.1.vc.R 
Integer vector compression time: 1.1110
==== Ans-fold compression
Command: /home/louza/mm-repair/ans/encode.x /mnt/data/datasets/machine-learning-matrices-split/airline78.csv.16.1.vc.C 
Ans-fold time: 2.7529
==== Integer vector .C compression
Command: /home/louza/mm-repair/sdsl/encode.x /mnt/data/datasets/machine-learning-matrices-split/airline78.csv.16.2.vc.C 
==== Integer vector .R compression
Command: /home/louza/mm-repair/sdsl/encode.x /mnt/data/datasets/machine-learning-matrices-split/airline78.csv.16.2.vc.R 
Integer vector compression time: 0.9160
==== Ans-fold compression
Command: /home/louza/mm-repair/ans/encode.x /mnt/data/datasets/machine-learning-matrices-split/airline78.csv.16.2.vc.C 
Ans-fold time: 4.0250
==== Integer vector .C compression
Command: /home/louza/mm-repair/sdsl/encode.x /mnt/data/datasets/machine-learning-matrices-split/airline78.csv.16.3.vc.C 
==== Integer vector .R compression
Command: /home/louza/mm-repair/sdsl/encode.x /mnt/data/datasets/machine-learning-matrices-split/airline78.csv.16.3.vc.R 
Integer vector compression time: 1.4394
==== Ans-fold compression
Command: /home/louza/mm-repair/ans/encode.x /mnt/data/datasets/machine-learning-matrices-split/airline78.csv.16.3.vc.C 
Ans-fold time: 5.0335
==== Integer vector .C compression
Command: /home/louza/mm-repair/sdsl/encode.x /mnt/data/datasets/machine-learning-matrices-split/airline78.csv.16.4.vc.C 
==== Integer vector .R compression
Command: /home/louza/mm-repair/sdsl/encode.x /mnt/data/datasets/machine-learning-matrices-split/airline78.csv.16.4.vc.R 
Integer vector compression time: 1.5615
==== Ans-fold compression
Command: /home/louza/mm-repair/ans/encode.x /mnt/data/datasets/machine-learning-matrices-split/airline78.csv.16.4.vc.C 
Ans-fold time: 7.8563
==== Integer vector .C compression
Command: /home/louza/mm-repair/sdsl/encode.x /mnt/data/datasets/machine-learning-matrices-split/airline78.csv.16.5.vc.C 
==== Integer vector .R compression
Command: /home/louza/mm-repair/sdsl/encode.x /mnt/data/datasets/machine-learning-matrices-split/airline78.csv.16.5.vc.R 
Integer vector compression time: 2.8198
==== Ans-fold compression
Command: /home/louza/mm-repair/ans/encode.x /mnt/data/datasets/machine-learning-matrices-split/airline78.csv.16.5.vc.C 
Ans-fold time: 9.3759
==== Integer vector .C compression
Command: /home/louza/mm-repair/sdsl/encode.x /mnt/data/datasets/machine-learning-matrices-split/airline78.csv.16.6.vc.C 
==== Integer vector .R compression
Command: /home/louza/mm-repair/sdsl/encode.x /mnt/data/datasets/machine-learning-matrices-split/airline78.csv.16.6.vc.R 
Integer vector compression time: 1.7423
==== Ans-fold compression
Command: /home/louza/mm-repair/ans/encode.x /mnt/data/datasets/machine-learning-matrices-split/airline78.csv.16.6.vc.C 
Ans-fold time: 10.4208
==== Integer vector .C compression
Command: /home/louza/mm-repair/sdsl/encode.x /mnt/data/datasets/machine-learning-matrices-split/airline78.csv.16.7.vc.C 
==== Integer vector .R compression
Command: /home/louza/mm-repair/sdsl/encode.x /mnt/data/datasets/machine-learning-matrices-split/airline78.csv.16.7.vc.R 
Integer vector compression time: 1.7177
==== Ans-fold compression
Command: /home/louza/mm-repair/ans/encode.x /mnt/data/datasets/machine-learning-matrices-split/airline78.csv.16.7.vc.C 
Ans-fold time: 12.2969
==== Integer vector .C compression
Command: /home/louza/mm-repair/sdsl/encode.x /mnt/data/datasets/machine-learning-matrices-split/airline78.csv.16.8.vc.C 
==== Integer vector .R compression
Command: /home/louza/mm-repair/sdsl/encode.x /mnt/data/datasets/machine-learning-matrices-split/airline78.csv.16.8.vc.R 
Integer vector compression time: 2.6716
==== Ans-fold compression
Command: /home/louza/mm-repair/ans/encode.x /mnt/data/datasets/machine-learning-matrices-split/airline78.csv.16.8.vc.C 
Ans-fold time: 14.4131
==== Integer vector .C compression
Command: /home/louza/mm-repair/sdsl/encode.x /mnt/data/datasets/machine-learning-matrices-split/airline78.csv.16.9.vc.C 
==== Integer vector .R compression
Command: /home/louza/mm-repair/sdsl/encode.x /mnt/data/datasets/machine-learning-matrices-split/airline78.csv.16.9.vc.R 
Integer vector compression time: 2.6347
==== Ans-fold compression
Command: /home/louza/mm-repair/ans/encode.x /mnt/data/datasets/machine-learning-matrices-split/airline78.csv.16.9.vc.C 
Ans-fold time: 16.6580
==== Integer vector .C compression
Command: /home/louza/mm-repair/sdsl/encode.x /mnt/data/datasets/machine-learning-matrices-split/airline78.csv.16.10.vc.C 
==== Integer vector .R compression
Command: /home/louza/mm-repair/sdsl/encode.x /mnt/data/datasets/machine-learning-matrices-split/airline78.csv.16.10.vc.R 
Integer vector compression time: 2.0746
==== Ans-fold compression
Command: /home/louza/mm-repair/ans/encode.x /mnt/data/datasets/machine-learning-matrices-split/airline78.csv.16.10.vc.C 
Ans-fold time: 19.2683
==== Integer vector .C compression
Command: /home/louza/mm-repair/sdsl/encode.x /mnt/data/datasets/machine-learning-matrices-split/airline78.csv.16.11.vc.C 
==== Integer vector .R compression
Command: /home/louza/mm-repair/sdsl/encode.x /mnt/data/datasets/machine-learning-matrices-split/airline78.csv.16.11.vc.R 
Integer vector compression time: 1.8466
==== Ans-fold compression
Command: /home/louza/mm-repair/ans/encode.x /mnt/data/datasets/machine-learning-matrices-split/airline78.csv.16.11.vc.C 
Ans-fold time: 21.3755
==== Integer vector .C compression
Command: /home/louza/mm-repair/sdsl/encode.x /mnt/data/datasets/machine-learning-matrices-split/airline78.csv.16.12.vc.C 
==== Integer vector .R compression
Command: /home/louza/mm-repair/sdsl/encode.x /mnt/data/datasets/machine-learning-matrices-split/airline78.csv.16.12.vc.R 
Integer vector compression time: 2.2434
==== Ans-fold compression
Command: /home/louza/mm-repair/ans/encode.x /mnt/data/datasets/machine-learning-matrices-split/airline78.csv.16.12.vc.C 
Ans-fold time: 23.3595
==== Integer vector .C compression
Command: /home/louza/mm-repair/sdsl/encode.x /mnt/data/datasets/machine-learning-matrices-split/airline78.csv.16.13.vc.C 
==== Integer vector .R compression
Command: /home/louza/mm-repair/sdsl/encode.x /mnt/data/datasets/machine-learning-matrices-split/airline78.csv.16.13.vc.R 
Integer vector compression time: 2.1930
==== Ans-fold compression
Command: /home/louza/mm-repair/ans/encode.x /mnt/data/datasets/machine-learning-matrices-split/airline78.csv.16.13.vc.C 
Ans-fold time: 25.2750
==== Integer vector .C compression
Command: /home/louza/mm-repair/sdsl/encode.x /mnt/data/datasets/machine-learning-matrices-split/airline78.csv.16.14.vc.C 
==== Integer vector .R compression
Command: /home/louza/mm-repair/sdsl/encode.x /mnt/data/datasets/machine-learning-matrices-split/airline78.csv.16.14.vc.R 
Integer vector compression time: 2.7076
==== Ans-fold compression
Command: /home/louza/mm-repair/ans/encode.x /mnt/data/datasets/machine-learning-matrices-split/airline78.csv.16.14.vc.C 
Ans-fold time: 27.4971
==== Integer vector .C compression
Command: /home/louza/mm-repair/sdsl/encode.x /mnt/data/datasets/machine-learning-matrices-split/airline78.csv.16.15.vc.C 
==== Integer vector .R compression
Command: /home/louza/mm-repair/sdsl/encode.x /mnt/data/datasets/machine-learning-matrices-split/airline78.csv.16.15.vc.R 
Integer vector compression time: 1.5641
==== Ans-fold compression
Command: /home/louza/mm-repair/ans/encode.x /mnt/data/datasets/machine-learning-matrices-split/airline78.csv.16.15.vc.C 
Ans-fold time: 28.4548
Command: /home/louza/mm-repair/ans/encode.x /mnt/data/datasets/machine-learning-matrices-split/airline78.csv.wcode 
Elapsed time: 297.3660
==== Compression Report:
 >> matrix name: /mnt/data/datasets/machine-learning-matrices-split/airline78.csv
 >> conversion time: 211.76
 >> repair time: 26.36
 >> integer vectors time: 1.56
 >> ansf time: 28.45
 >> total time: 297.37
 >> wcode: 119868 bytes
 >> wcode_ans: 9474 bytes
 >> matrix log(alpha)xNumEntries size: 681566188 bytes
 >> matrix dense size: 3355402776 bytes
 >> total number of nonzero: 304762947 (72.66%)
 >> number of distinct nonzero: 7794
 >> CRSV  size: 1276965912 bytes  (38.06%)
 >> RE32  size: 593375692 bytes  (17.68%)
 >> REIV  size: 370928564 bytes  (11.05%)
 >> REANS size: 321598775 bytes  (9.58%)
==== Done

#### 2026-09-04 08:56:45
 Command line: ./mm-repair/matrepair -r -b 16 -p 16 /mnt/data/datasets/machine-learning-matrices-split/airline78.csv 14462943 29 --split 
Setting memory for each repair instance to 29003 MBs
Sending logging messages to file: /mnt/data/datasets/machine-learning-matrices-split/airline78.csv.log
==== Conversion bin/csv->csrv
Command: /home/louza/mm-repair/csvmat2csrv -b 16   /mnt/data/datasets/machine-learning-matrices-split/airline78.csv -r 0  -s 14462943 29
Conversion time: 553.3176
==== Repair paralell compression
---- Executing 16 parallel processes
---- Parallel processing completed
Repair time: 119.1157
==== Integer vector .C compression
Command: /home/louza/mm-repair/sdsl/encode.x /mnt/data/datasets/machine-learning-matrices-split/airline78.csv.16.0.A.vc.C 
==== Integer vector .R compression
Command: /home/louza/mm-repair/sdsl/encode.x /mnt/data/datasets/machine-learning-matrices-split/airline78.csv.16.0.A.vc.R 
Integer vector compression time: 0.2934
==== Ans-fold compression
Command: /home/louza/mm-repair/ans/encode.x /mnt/data/datasets/machine-learning-matrices-split/airline78.csv.16.0.A.vc.C 
Command: /home/louza/mm-repair/ans/encode.x /mnt/data/datasets/machine-learning-matrices-split/airline78.csv.16.0.B.vc
Ans-fold time: 0.7707
==== Integer vector .C compression
Command: /home/louza/mm-repair/sdsl/encode.x /mnt/data/datasets/machine-learning-matrices-split/airline78.csv.16.1.A.vc.C 
==== Integer vector .R compression
Command: /home/louza/mm-repair/sdsl/encode.x /mnt/data/datasets/machine-learning-matrices-split/airline78.csv.16.1.A.vc.R 
Integer vector compression time: 0.3360
==== Ans-fold compression
Command: /home/louza/mm-repair/ans/encode.x /mnt/data/datasets/machine-learning-matrices-split/airline78.csv.16.1.A.vc.C 
Command: /home/louza/mm-repair/ans/encode.x /mnt/data/datasets/machine-learning-matrices-split/airline78.csv.16.1.B.vc
Ans-fold time: 1.5477
==== Integer vector .C compression
Command: /home/louza/mm-repair/sdsl/encode.x /mnt/data/datasets/machine-learning-matrices-split/airline78.csv.16.2.A.vc.C 
==== Integer vector .R compression
Command: /home/louza/mm-repair/sdsl/encode.x /mnt/data/datasets/machine-learning-matrices-split/airline78.csv.16.2.A.vc.R 
Integer vector compression time: 0.3846
==== Ans-fold compression
Command: /home/louza/mm-repair/ans/encode.x /mnt/data/datasets/machine-learning-matrices-split/airline78.csv.16.2.A.vc.C 
Command: /home/louza/mm-repair/ans/encode.x /mnt/data/datasets/machine-learning-matrices-split/airline78.csv.16.2.B.vc
Ans-fold time: 2.2974
==== Integer vector .C compression
Command: /home/louza/mm-repair/sdsl/encode.x /mnt/data/datasets/machine-learning-matrices-split/airline78.csv.16.3.A.vc.C 
==== Integer vector .R compression
Command: /home/louza/mm-repair/sdsl/encode.x /mnt/data/datasets/machine-learning-matrices-split/airline78.csv.16.3.A.vc.R 
Integer vector compression time: 0.3914
==== Ans-fold compression
Command: /home/louza/mm-repair/ans/encode.x /mnt/data/datasets/machine-learning-matrices-split/airline78.csv.16.3.A.vc.C 
Command: /home/louza/mm-repair/ans/encode.x /mnt/data/datasets/machine-learning-matrices-split/airline78.csv.16.3.B.vc
Ans-fold time: 2.9818
==== Integer vector .C compression
Command: /home/louza/mm-repair/sdsl/encode.x /mnt/data/datasets/machine-learning-matrices-split/airline78.csv.16.4.A.vc.C 
==== Integer vector .R compression
Command: /home/louza/mm-repair/sdsl/encode.x /mnt/data/datasets/machine-learning-matrices-split/airline78.csv.16.4.A.vc.R 
Integer vector compression time: 0.2846
==== Ans-fold compression
Command: /home/louza/mm-repair/ans/encode.x /mnt/data/datasets/machine-learning-matrices-split/airline78.csv.16.4.A.vc.C 
Command: /home/louza/mm-repair/ans/encode.x /mnt/data/datasets/machine-learning-matrices-split/airline78.csv.16.4.B.vc
Ans-fold time: 3.6882
==== Integer vector .C compression
Command: /home/louza/mm-repair/sdsl/encode.x /mnt/data/datasets/machine-learning-matrices-split/airline78.csv.16.5.A.vc.C 
==== Integer vector .R compression
Command: /home/louza/mm-repair/sdsl/encode.x /mnt/data/datasets/machine-learning-matrices-split/airline78.csv.16.5.A.vc.R 
Integer vector compression time: 0.3730
==== Ans-fold compression
Command: /home/louza/mm-repair/ans/encode.x /mnt/data/datasets/machine-learning-matrices-split/airline78.csv.16.5.A.vc.C 
Command: /home/louza/mm-repair/ans/encode.x /mnt/data/datasets/machine-learning-matrices-split/airline78.csv.16.5.B.vc
Ans-fold time: 4.5062
==== Integer vector .C compression
Command: /home/louza/mm-repair/sdsl/encode.x /mnt/data/datasets/machine-learning-matrices-split/airline78.csv.16.6.A.vc.C 
==== Integer vector .R compression
Command: /home/louza/mm-repair/sdsl/encode.x /mnt/data/datasets/machine-learning-matrices-split/airline78.csv.16.6.A.vc.R 
Integer vector compression time: 0.2761
==== Ans-fold compression
Command: /home/louza/mm-repair/ans/encode.x /mnt/data/datasets/machine-learning-matrices-split/airline78.csv.16.6.A.vc.C 
Command: /home/louza/mm-repair/ans/encode.x /mnt/data/datasets/machine-learning-matrices-split/airline78.csv.16.6.B.vc
Ans-fold time: 5.1241
==== Integer vector .C compression
Command: /home/louza/mm-repair/sdsl/encode.x /mnt/data/datasets/machine-learning-matrices-split/airline78.csv.16.7.A.vc.C 
==== Integer vector .R compression
Command: /home/louza/mm-repair/sdsl/encode.x /mnt/data/datasets/machine-learning-matrices-split/airline78.csv.16.7.A.vc.R 
Integer vector compression time: 0.2816
==== Ans-fold compression
Command: /home/louza/mm-repair/ans/encode.x /mnt/data/datasets/machine-learning-matrices-split/airline78.csv.16.7.A.vc.C 
Command: /home/louza/mm-repair/ans/encode.x /mnt/data/datasets/machine-learning-matrices-split/airline78.csv.16.7.B.vc
Ans-fold time: 5.7423
==== Integer vector .C compression
Command: /home/louza/mm-repair/sdsl/encode.x /mnt/data/datasets/machine-learning-matrices-split/airline78.csv.16.8.A.vc.C 
==== Integer vector .R compression
Command: /home/louza/mm-repair/sdsl/encode.x /mnt/data/datasets/machine-learning-matrices-split/airline78.csv.16.8.A.vc.R 
Integer vector compression time: 0.2809
==== Ans-fold compression
Command: /home/louza/mm-repair/ans/encode.x /mnt/data/datasets/machine-learning-matrices-split/airline78.csv.16.8.A.vc.C 
Command: /home/louza/mm-repair/ans/encode.x /mnt/data/datasets/machine-learning-matrices-split/airline78.csv.16.8.B.vc
Ans-fold time: 6.3730
==== Integer vector .C compression
Command: /home/louza/mm-repair/sdsl/encode.x /mnt/data/datasets/machine-learning-matrices-split/airline78.csv.16.9.A.vc.C 
==== Integer vector .R compression
Command: /home/louza/mm-repair/sdsl/encode.x /mnt/data/datasets/machine-learning-matrices-split/airline78.csv.16.9.A.vc.R 
Integer vector compression time: 0.3885
==== Ans-fold compression
Command: /home/louza/mm-repair/ans/encode.x /mnt/data/datasets/machine-learning-matrices-split/airline78.csv.16.9.A.vc.C 
Command: /home/louza/mm-repair/ans/encode.x /mnt/data/datasets/machine-learning-matrices-split/airline78.csv.16.9.B.vc
Ans-fold time: 7.0043
==== Integer vector .C compression
Command: /home/louza/mm-repair/sdsl/encode.x /mnt/data/datasets/machine-learning-matrices-split/airline78.csv.16.10.A.vc.C 
==== Integer vector .R compression
Command: /home/louza/mm-repair/sdsl/encode.x /mnt/data/datasets/machine-learning-matrices-split/airline78.csv.16.10.A.vc.R 
Integer vector compression time: 0.2866
==== Ans-fold compression
Command: /home/louza/mm-repair/ans/encode.x /mnt/data/datasets/machine-learning-matrices-split/airline78.csv.16.10.A.vc.C 
Command: /home/louza/mm-repair/ans/encode.x /mnt/data/datasets/machine-learning-matrices-split/airline78.csv.16.10.B.vc
Ans-fold time: 7.6735
==== Integer vector .C compression
Command: /home/louza/mm-repair/sdsl/encode.x /mnt/data/datasets/machine-learning-matrices-split/airline78.csv.16.11.A.vc.C 
==== Integer vector .R compression
Command: /home/louza/mm-repair/sdsl/encode.x /mnt/data/datasets/machine-learning-matrices-split/airline78.csv.16.11.A.vc.R 
Integer vector compression time: 0.2842
==== Ans-fold compression
Command: /home/louza/mm-repair/ans/encode.x /mnt/data/datasets/machine-learning-matrices-split/airline78.csv.16.11.A.vc.C 
Command: /home/louza/mm-repair/ans/encode.x /mnt/data/datasets/machine-learning-matrices-split/airline78.csv.16.11.B.vc
Ans-fold time: 8.3211
==== Integer vector .C compression
Command: /home/louza/mm-repair/sdsl/encode.x /mnt/data/datasets/machine-learning-matrices-split/airline78.csv.16.12.A.vc.C 
==== Integer vector .R compression
Command: /home/louza/mm-repair/sdsl/encode.x /mnt/data/datasets/machine-learning-matrices-split/airline78.csv.16.12.A.vc.R 
Integer vector compression time: 0.3896
==== Ans-fold compression
Command: /home/louza/mm-repair/ans/encode.x /mnt/data/datasets/machine-learning-matrices-split/airline78.csv.16.12.A.vc.C 
Command: /home/louza/mm-repair/ans/encode.x /mnt/data/datasets/machine-learning-matrices-split/airline78.csv.16.12.B.vc
Ans-fold time: 9.0920
==== Integer vector .C compression
Command: /home/louza/mm-repair/sdsl/encode.x /mnt/data/datasets/machine-learning-matrices-split/airline78.csv.16.13.A.vc.C 
==== Integer vector .R compression
Command: /home/louza/mm-repair/sdsl/encode.x /mnt/data/datasets/machine-learning-matrices-split/airline78.csv.16.13.A.vc.R 
Integer vector compression time: 0.3854
==== Ans-fold compression
Command: /home/louza/mm-repair/ans/encode.x /mnt/data/datasets/machine-learning-matrices-split/airline78.csv.16.13.A.vc.C 
Command: /home/louza/mm-repair/ans/encode.x /mnt/data/datasets/machine-learning-matrices-split/airline78.csv.16.13.B.vc
Ans-fold time: 9.7548
==== Integer vector .C compression
Command: /home/louza/mm-repair/sdsl/encode.x /mnt/data/datasets/machine-learning-matrices-split/airline78.csv.16.14.A.vc.C 
==== Integer vector .R compression
Command: /home/louza/mm-repair/sdsl/encode.x /mnt/data/datasets/machine-learning-matrices-split/airline78.csv.16.14.A.vc.R 
Integer vector compression time: 0.3307
==== Ans-fold compression
Command: /home/louza/mm-repair/ans/encode.x /mnt/data/datasets/machine-learning-matrices-split/airline78.csv.16.14.A.vc.C 
Command: /home/louza/mm-repair/ans/encode.x /mnt/data/datasets/machine-learning-matrices-split/airline78.csv.16.14.B.vc
Ans-fold time: 10.3763
==== Integer vector .C compression
Command: /home/louza/mm-repair/sdsl/encode.x /mnt/data/datasets/machine-learning-matrices-split/airline78.csv.16.15.A.vc.C 
==== Integer vector .R compression
Command: /home/louza/mm-repair/sdsl/encode.x /mnt/data/datasets/machine-learning-matrices-split/airline78.csv.16.15.A.vc.R 
Integer vector compression time: 0.2887
==== Ans-fold compression
Command: /home/louza/mm-repair/ans/encode.x /mnt/data/datasets/machine-learning-matrices-split/airline78.csv.16.15.A.vc.C 
Command: /home/louza/mm-repair/ans/encode.x /mnt/data/datasets/machine-learning-matrices-split/airline78.csv.16.15.B.vc
Ans-fold time: 11.0050
Elapsed time: 688.6949
==== Compression Report:
 >> matrix name: /mnt/data/datasets/machine-learning-matrices-split/airline78.csv
 >> conversion time: 553.32
 >> repair time: 119.12
 >> integer vectors time: 0.29
 >> ansf time: 11.00
 >> total time: 688.69
 >> matrix log(alpha)xNumEntries size: 681566188 bytes
 >> matrix dense size: 3355402776 bytes
 >> total number of nonzero: 296694877 (70.74%)
 >> number of distinct nonzero: 7794
 >> CRSV  size: 1244693632 bytes  (37.10%)
 >> B	  size: 90124052 bytes  (2.69%)
 >> B_ans size: 20337366 bytes  (0.61%)
 >> RE32  size: 581185378 bytes  (17.32%)
 >> REIV  size: 388415718 bytes  (11.58%)
 >> REANS size: 338720901 bytes  (10.09%)
==== Done

#### 2026-09-04 09:08:14
 Command line: ./mm-repair/matrepair -r -b 16 -p 16 /mnt/data/datasets/machine-learning-matrices-split/airline78.csv 14462943 29 --ole --mapping 
Setting memory for each repair instance to 29003 MBs
Sending logging messages to file: /mnt/data/datasets/machine-learning-matrices-split/airline78.csv.log
==== Conversion bin/csv->csrv
Command: /home/louza/mm-repair/csvmat2csrv -b 16   /mnt/data/datasets/machine-learning-matrices-split/airline78.csv -r 0 -m  14462943 29
Conversion time: 137.2054
==== Repair paralell compression
---- Executing 16 parallel processes
---- Parallel processing completed
Repair time: 42.2078
==== Integer vector .C compression
Command: /home/louza/mm-repair/sdsl/encode.x /mnt/data/datasets/machine-learning-matrices-split/airline78.csv.16.0.vc.C 
==== Integer vector .R compression
Command: /home/louza/mm-repair/sdsl/encode.x /mnt/data/datasets/machine-learning-matrices-split/airline78.csv.16.0.vc.R 
Integer vector compression time: 6.4663
==== OLE
Command: /home/louza/mm-repair/ole/encode.x /mnt/data/datasets/machine-learning-matrices-split/airline78.csv.16.0.vc.C 
OLE time: 4.1807
==== Ans-fold compression
Command: /home/louza/mm-repair/ans/encode.x /mnt/data/datasets/machine-learning-matrices-split/airline78.csv.16.0.vc.C 
Ans-fold time: 1.1223
==== Integer vector .C compression
Command: /home/louza/mm-repair/sdsl/encode.x /mnt/data/datasets/machine-learning-matrices-split/airline78.csv.16.1.vc.C 
==== Integer vector .R compression
Command: /home/louza/mm-repair/sdsl/encode.x /mnt/data/datasets/machine-learning-matrices-split/airline78.csv.16.1.vc.R 
Integer vector compression time: 2.7208
==== OLE
Command: /home/louza/mm-repair/ole/encode.x /mnt/data/datasets/machine-learning-matrices-split/airline78.csv.16.1.vc.C 
OLE time: 2.8666
==== Ans-fold compression
Command: /home/louza/mm-repair/ans/encode.x /mnt/data/datasets/machine-learning-matrices-split/airline78.csv.16.1.vc.C 
Ans-fold time: 3.0788
==== Integer vector .C compression
Command: /home/louza/mm-repair/sdsl/encode.x /mnt/data/datasets/machine-learning-matrices-split/airline78.csv.16.2.vc.C 
==== Integer vector .R compression
Command: /home/louza/mm-repair/sdsl/encode.x /mnt/data/datasets/machine-learning-matrices-split/airline78.csv.16.2.vc.R 
Integer vector compression time: 2.0559
==== OLE
Command: /home/louza/mm-repair/ole/encode.x /mnt/data/datasets/machine-learning-matrices-split/airline78.csv.16.2.vc.C 
OLE time: 2.6562
==== Ans-fold compression
Command: /home/louza/mm-repair/ans/encode.x /mnt/data/datasets/machine-learning-matrices-split/airline78.csv.16.2.vc.C 
Ans-fold time: 4.3007
==== Integer vector .C compression
Command: /home/louza/mm-repair/sdsl/encode.x /mnt/data/datasets/machine-learning-matrices-split/airline78.csv.16.3.vc.C 
==== Integer vector .R compression
Command: /home/louza/mm-repair/sdsl/encode.x /mnt/data/datasets/machine-learning-matrices-split/airline78.csv.16.3.vc.R 
Integer vector compression time: 1.9229
==== OLE
Command: /home/louza/mm-repair/ole/encode.x /mnt/data/datasets/machine-learning-matrices-split/airline78.csv.16.3.vc.C 
OLE time: 2.0145
==== Ans-fold compression
Command: /home/louza/mm-repair/ans/encode.x /mnt/data/datasets/machine-learning-matrices-split/airline78.csv.16.3.vc.C 
Ans-fold time: 6.0037
==== Integer vector .C compression
Command: /home/louza/mm-repair/sdsl/encode.x /mnt/data/datasets/machine-learning-matrices-split/airline78.csv.16.4.vc.C 
==== Integer vector .R compression
Command: /home/louza/mm-repair/sdsl/encode.x /mnt/data/datasets/machine-learning-matrices-split/airline78.csv.16.4.vc.R 
Integer vector compression time: 1.6530
==== OLE
Command: /home/louza/mm-repair/ole/encode.x /mnt/data/datasets/machine-learning-matrices-split/airline78.csv.16.4.vc.C 
OLE time: 2.1821
==== Ans-fold compression
Command: /home/louza/mm-repair/ans/encode.x /mnt/data/datasets/machine-learning-matrices-split/airline78.csv.16.4.vc.C 
Ans-fold time: 6.9975
==== Integer vector .C compression
Command: /home/louza/mm-repair/sdsl/encode.x /mnt/data/datasets/machine-learning-matrices-split/airline78.csv.16.5.vc.C 
==== Integer vector .R compression
Command: /home/louza/mm-repair/sdsl/encode.x /mnt/data/datasets/machine-learning-matrices-split/airline78.csv.16.5.vc.R 
Integer vector compression time: 1.7772
==== OLE
Command: /home/louza/mm-repair/ole/encode.x /mnt/data/datasets/machine-learning-matrices-split/airline78.csv.16.5.vc.C 
OLE time: 2.1516
==== Ans-fold compression
Command: /home/louza/mm-repair/ans/encode.x /mnt/data/datasets/machine-learning-matrices-split/airline78.csv.16.5.vc.C 
Ans-fold time: 8.9256
==== Integer vector .C compression
Command: /home/louza/mm-repair/sdsl/encode.x /mnt/data/datasets/machine-learning-matrices-split/airline78.csv.16.6.vc.C 
==== Integer vector .R compression
Command: /home/louza/mm-repair/sdsl/encode.x /mnt/data/datasets/machine-learning-matrices-split/airline78.csv.16.6.vc.R 
Integer vector compression time: 1.7874
==== OLE
Command: /home/louza/mm-repair/ole/encode.x /mnt/data/datasets/machine-learning-matrices-split/airline78.csv.16.6.vc.C 
OLE time: 3.1610
==== Ans-fold compression
Command: /home/louza/mm-repair/ans/encode.x /mnt/data/datasets/machine-learning-matrices-split/airline78.csv.16.6.vc.C 
Ans-fold time: 11.4288
==== Integer vector .C compression
Command: /home/louza/mm-repair/sdsl/encode.x /mnt/data/datasets/machine-learning-matrices-split/airline78.csv.16.7.vc.C 
==== Integer vector .R compression
Command: /home/louza/mm-repair/sdsl/encode.x /mnt/data/datasets/machine-learning-matrices-split/airline78.csv.16.7.vc.R 
Integer vector compression time: 2.3351
==== OLE
Command: /home/louza/mm-repair/ole/encode.x /mnt/data/datasets/machine-learning-matrices-split/airline78.csv.16.7.vc.C 
OLE time: 2.0065
==== Ans-fold compression
Command: /home/louza/mm-repair/ans/encode.x /mnt/data/datasets/machine-learning-matrices-split/airline78.csv.16.7.vc.C 
Ans-fold time: 13.1536
==== Integer vector .C compression
Command: /home/louza/mm-repair/sdsl/encode.x /mnt/data/datasets/machine-learning-matrices-split/airline78.csv.16.8.vc.C 
==== Integer vector .R compression
Command: /home/louza/mm-repair/sdsl/encode.x /mnt/data/datasets/machine-learning-matrices-split/airline78.csv.16.8.vc.R 
Integer vector compression time: 2.5563
==== OLE
Command: /home/louza/mm-repair/ole/encode.x /mnt/data/datasets/machine-learning-matrices-split/airline78.csv.16.8.vc.C 
OLE time: 1.1527
==== Ans-fold compression
Command: /home/louza/mm-repair/ans/encode.x /mnt/data/datasets/machine-learning-matrices-split/airline78.csv.16.8.vc.C 
Ans-fold time: 13.9739
==== Integer vector .C compression
Command: /home/louza/mm-repair/sdsl/encode.x /mnt/data/datasets/machine-learning-matrices-split/airline78.csv.16.9.vc.C 
==== Integer vector .R compression
Command: /home/louza/mm-repair/sdsl/encode.x /mnt/data/datasets/machine-learning-matrices-split/airline78.csv.16.9.vc.R 
Integer vector compression time: 1.5522
==== OLE
Command: /home/louza/mm-repair/ole/encode.x /mnt/data/datasets/machine-learning-matrices-split/airline78.csv.16.9.vc.C 
OLE time: 1.0933
==== Ans-fold compression
Command: /home/louza/mm-repair/ans/encode.x /mnt/data/datasets/machine-learning-matrices-split/airline78.csv.16.9.vc.C 
Ans-fold time: 15.3483
==== Integer vector .C compression
Command: /home/louza/mm-repair/sdsl/encode.x /mnt/data/datasets/machine-learning-matrices-split/airline78.csv.16.10.vc.C 
==== Integer vector .R compression
Command: /home/louza/mm-repair/sdsl/encode.x /mnt/data/datasets/machine-learning-matrices-split/airline78.csv.16.10.vc.R 
Integer vector compression time: 1.9529
==== OLE
Command: /home/louza/mm-repair/ole/encode.x /mnt/data/datasets/machine-learning-matrices-split/airline78.csv.16.10.vc.C 
OLE time: 1.3113
==== Ans-fold compression
Command: /home/louza/mm-repair/ans/encode.x /mnt/data/datasets/machine-learning-matrices-split/airline78.csv.16.10.vc.C 
Ans-fold time: 16.6340
==== Integer vector .C compression
Command: /home/louza/mm-repair/sdsl/encode.x /mnt/data/datasets/machine-learning-matrices-split/airline78.csv.16.11.vc.C 
==== Integer vector .R compression
Command: /home/louza/mm-repair/sdsl/encode.x /mnt/data/datasets/machine-learning-matrices-split/airline78.csv.16.11.vc.R 
Integer vector compression time: 1.6974
==== OLE
Command: /home/louza/mm-repair/ole/encode.x /mnt/data/datasets/machine-learning-matrices-split/airline78.csv.16.11.vc.C 
OLE time: 3.4972
==== Ans-fold compression
Command: /home/louza/mm-repair/ans/encode.x /mnt/data/datasets/machine-learning-matrices-split/airline78.csv.16.11.vc.C 
Ans-fold time: 18.7610
==== Integer vector .C compression
Command: /home/louza/mm-repair/sdsl/encode.x /mnt/data/datasets/machine-learning-matrices-split/airline78.csv.16.12.vc.C 
==== Integer vector .R compression
Command: /home/louza/mm-repair/sdsl/encode.x /mnt/data/datasets/machine-learning-matrices-split/airline78.csv.16.12.vc.R 
Integer vector compression time: 2.3989
==== OLE
Command: /home/louza/mm-repair/ole/encode.x /mnt/data/datasets/machine-learning-matrices-split/airline78.csv.16.12.vc.C 
OLE time: 1.1350
==== Ans-fold compression
Command: /home/louza/mm-repair/ans/encode.x /mnt/data/datasets/machine-learning-matrices-split/airline78.csv.16.12.vc.C 
Ans-fold time: 21.1569
==== Integer vector .C compression
Command: /home/louza/mm-repair/sdsl/encode.x /mnt/data/datasets/machine-learning-matrices-split/airline78.csv.16.13.vc.C 
==== Integer vector .R compression
Command: /home/louza/mm-repair/sdsl/encode.x /mnt/data/datasets/machine-learning-matrices-split/airline78.csv.16.13.vc.R 
Integer vector compression time: 1.0145
==== OLE
Command: /home/louza/mm-repair/ole/encode.x /mnt/data/datasets/machine-learning-matrices-split/airline78.csv.16.13.vc.C 
OLE time: 0.6522
==== Ans-fold compression
Command: /home/louza/mm-repair/ans/encode.x /mnt/data/datasets/machine-learning-matrices-split/airline78.csv.16.13.vc.C 
Ans-fold time: 22.1305
==== Integer vector .C compression
Command: /home/louza/mm-repair/sdsl/encode.x /mnt/data/datasets/machine-learning-matrices-split/airline78.csv.16.14.vc.C 
==== Integer vector .R compression
Command: /home/louza/mm-repair/sdsl/encode.x /mnt/data/datasets/machine-learning-matrices-split/airline78.csv.16.14.vc.R 
Integer vector compression time: 1.1285
==== OLE
Command: /home/louza/mm-repair/ole/encode.x /mnt/data/datasets/machine-learning-matrices-split/airline78.csv.16.14.vc.C 
OLE time: 0.8652
==== Ans-fold compression
Command: /home/louza/mm-repair/ans/encode.x /mnt/data/datasets/machine-learning-matrices-split/airline78.csv.16.14.vc.C 
Ans-fold time: 23.1106
==== Integer vector .C compression
Command: /home/louza/mm-repair/sdsl/encode.x /mnt/data/datasets/machine-learning-matrices-split/airline78.csv.16.15.vc.C 
==== Integer vector .R compression
Command: /home/louza/mm-repair/sdsl/encode.x /mnt/data/datasets/machine-learning-matrices-split/airline78.csv.16.15.vc.R 
Integer vector compression time: 0.9685
==== OLE
Command: /home/louza/mm-repair/ole/encode.x /mnt/data/datasets/machine-learning-matrices-split/airline78.csv.16.15.vc.C 
OLE time: 0.2946
==== Ans-fold compression
Command: /home/louza/mm-repair/ans/encode.x /mnt/data/datasets/machine-learning-matrices-split/airline78.csv.16.15.vc.C 
Ans-fold time: 23.6878
Command: /home/louza/mm-repair/ans/encode.x /mnt/data/datasets/machine-learning-matrices-split/airline78.csv.wcode 
Elapsed time: 268.3149
==== Compression Report:
 >> matrix name: /mnt/data/datasets/machine-learning-matrices-split/airline78.csv
 >> conversion time: 137.21
 >> repair time: 42.21
 >> integer vectors time: 0.97
 >> ansf time: 23.69
 >> total time: 268.31
 >> wcode: 119868 bytes
 >> wcode_ans: 9474 bytes
 >> matrix log(alpha)xNumEntries size: 681566188 bytes
 >> matrix dense size: 3355402776 bytes
 >> total number of nonzero: 304762947 (72.66%)
 >> number of distinct nonzero: 7794
 >> CRSV  size: 1276965912 bytes  (38.06%)
 >> RE32  size: 593375692 bytes  (17.68%)
 >> REIV  size: 370928564 bytes  (11.05%)
 >> REANS size: 308925343 bytes  (9.21%)
==== Done

#### 2026-09-04 09:12:43
 Command line: ./mm-repair/matrepair -r -b 16 -p 16 /mnt/data/datasets/machine-learning-matrices-split/airline78.csv 14462943 29 --ole --split 
Setting memory for each repair instance to 29003 MBs
Sending logging messages to file: /mnt/data/datasets/machine-learning-matrices-split/airline78.csv.log
==== Conversion bin/csv->csrv
Command: /home/louza/mm-repair/csvmat2csrv -b 16   /mnt/data/datasets/machine-learning-matrices-split/airline78.csv -r 0  -s 14462943 29
Conversion time: 388.1005
==== Repair paralell compression
---- Executing 16 parallel processes
---- Parallel processing completed
Repair time: 113.9128
==== Integer vector .C compression
Command: /home/louza/mm-repair/sdsl/encode.x /mnt/data/datasets/machine-learning-matrices-split/airline78.csv.16.0.A.vc.C 
==== Integer vector .R compression
Command: /home/louza/mm-repair/sdsl/encode.x /mnt/data/datasets/machine-learning-matrices-split/airline78.csv.16.0.A.vc.R 
Integer vector compression time: 0.4368
==== OLE
Command: /home/louza/mm-repair/ole/encode.x /mnt/data/datasets/machine-learning-matrices-split/airline78.csv.16.0.A.vc.C 
Command: /home/louza/mm-repair/ole/encode.x /mnt/data/datasets/machine-learning-matrices-split/airline78.csv.16.0.B.vc 
OLE time: 0.0279
==== Ans-fold compression
Command: /home/louza/mm-repair/ans/encode.x /mnt/data/datasets/machine-learning-matrices-split/airline78.csv.16.0.A.vc.C 
Command: /home/louza/mm-repair/ans/encode.x /mnt/data/datasets/machine-learning-matrices-split/airline78.csv.16.0.B.vc
Ans-fold time: 0.6258
==== Integer vector .C compression
Command: /home/louza/mm-repair/sdsl/encode.x /mnt/data/datasets/machine-learning-matrices-split/airline78.csv.16.1.A.vc.C 
==== Integer vector .R compression
Command: /home/louza/mm-repair/sdsl/encode.x /mnt/data/datasets/machine-learning-matrices-split/airline78.csv.16.1.A.vc.R 
Integer vector compression time: 0.4948
==== OLE
Command: /home/louza/mm-repair/ole/encode.x /mnt/data/datasets/machine-learning-matrices-split/airline78.csv.16.1.A.vc.C 
Command: /home/louza/mm-repair/ole/encode.x /mnt/data/datasets/machine-learning-matrices-split/airline78.csv.16.1.B.vc 
OLE time: 0.1593
==== Ans-fold compression
Command: /home/louza/mm-repair/ans/encode.x /mnt/data/datasets/machine-learning-matrices-split/airline78.csv.16.1.A.vc.C 
Command: /home/louza/mm-repair/ans/encode.x /mnt/data/datasets/machine-learning-matrices-split/airline78.csv.16.1.B.vc
Ans-fold time: 1.2997
==== Integer vector .C compression
Command: /home/louza/mm-repair/sdsl/encode.x /mnt/data/datasets/machine-learning-matrices-split/airline78.csv.16.2.A.vc.C 
==== Integer vector .R compression
Command: /home/louza/mm-repair/sdsl/encode.x /mnt/data/datasets/machine-learning-matrices-split/airline78.csv.16.2.A.vc.R 
Integer vector compression time: 0.4690
==== OLE
Command: /home/louza/mm-repair/ole/encode.x /mnt/data/datasets/machine-learning-matrices-split/airline78.csv.16.2.A.vc.C 
Command: /home/louza/mm-repair/ole/encode.x /mnt/data/datasets/machine-learning-matrices-split/airline78.csv.16.2.B.vc 
OLE time: 0.0237
==== Ans-fold compression
Command: /home/louza/mm-repair/ans/encode.x /mnt/data/datasets/machine-learning-matrices-split/airline78.csv.16.2.A.vc.C 
Command: /home/louza/mm-repair/ans/encode.x /mnt/data/datasets/machine-learning-matrices-split/airline78.csv.16.2.B.vc
Ans-fold time: 2.0643
==== Integer vector .C compression
Command: /home/louza/mm-repair/sdsl/encode.x /mnt/data/datasets/machine-learning-matrices-split/airline78.csv.16.3.A.vc.C 
==== Integer vector .R compression
Command: /home/louza/mm-repair/sdsl/encode.x /mnt/data/datasets/machine-learning-matrices-split/airline78.csv.16.3.A.vc.R 
Integer vector compression time: 0.7929
==== OLE
Command: /home/louza/mm-repair/ole/encode.x /mnt/data/datasets/machine-learning-matrices-split/airline78.csv.16.3.A.vc.C 
Command: /home/louza/mm-repair/ole/encode.x /mnt/data/datasets/machine-learning-matrices-split/airline78.csv.16.3.B.vc 
OLE time: 0.1198
==== Ans-fold compression
Command: /home/louza/mm-repair/ans/encode.x /mnt/data/datasets/machine-learning-matrices-split/airline78.csv.16.3.A.vc.C 
Command: /home/louza/mm-repair/ans/encode.x /mnt/data/datasets/machine-learning-matrices-split/airline78.csv.16.3.B.vc
Ans-fold time: 3.1358
==== Integer vector .C compression
Command: /home/louza/mm-repair/sdsl/encode.x /mnt/data/datasets/machine-learning-matrices-split/airline78.csv.16.4.A.vc.C 
==== Integer vector .R compression
Command: /home/louza/mm-repair/sdsl/encode.x /mnt/data/datasets/machine-learning-matrices-split/airline78.csv.16.4.A.vc.R 
Integer vector compression time: 1.1269
==== OLE
Command: /home/louza/mm-repair/ole/encode.x /mnt/data/datasets/machine-learning-matrices-split/airline78.csv.16.4.A.vc.C 
Command: /home/louza/mm-repair/ole/encode.x /mnt/data/datasets/machine-learning-matrices-split/airline78.csv.16.4.B.vc 
OLE time: 0.4423
==== Ans-fold compression
Command: /home/louza/mm-repair/ans/encode.x /mnt/data/datasets/machine-learning-matrices-split/airline78.csv.16.4.A.vc.C 
Command: /home/louza/mm-repair/ans/encode.x /mnt/data/datasets/machine-learning-matrices-split/airline78.csv.16.4.B.vc
Ans-fold time: 4.6980
==== Integer vector .C compression
Command: /home/louza/mm-repair/sdsl/encode.x /mnt/data/datasets/machine-learning-matrices-split/airline78.csv.16.5.A.vc.C 
==== Integer vector .R compression
Command: /home/louza/mm-repair/sdsl/encode.x /mnt/data/datasets/machine-learning-matrices-split/airline78.csv.16.5.A.vc.R 
Integer vector compression time: 1.0953
==== OLE
Command: /home/louza/mm-repair/ole/encode.x /mnt/data/datasets/machine-learning-matrices-split/airline78.csv.16.5.A.vc.C 
Command: /home/louza/mm-repair/ole/encode.x /mnt/data/datasets/machine-learning-matrices-split/airline78.csv.16.5.B.vc 
OLE time: 0.0808
==== Ans-fold compression
Command: /home/louza/mm-repair/ans/encode.x /mnt/data/datasets/machine-learning-matrices-split/airline78.csv.16.5.A.vc.C 
Command: /home/louza/mm-repair/ans/encode.x /mnt/data/datasets/machine-learning-matrices-split/airline78.csv.16.5.B.vc
Ans-fold time: 6.4409
==== Integer vector .C compression
Command: /home/louza/mm-repair/sdsl/encode.x /mnt/data/datasets/machine-learning-matrices-split/airline78.csv.16.6.A.vc.C 
==== Integer vector .R compression
Command: /home/louza/mm-repair/sdsl/encode.x /mnt/data/datasets/machine-learning-matrices-split/airline78.csv.16.6.A.vc.R 
Integer vector compression time: 1.1526
==== OLE
Command: /home/louza/mm-repair/ole/encode.x /mnt/data/datasets/machine-learning-matrices-split/airline78.csv.16.6.A.vc.C 
Command: /home/louza/mm-repair/ole/encode.x /mnt/data/datasets/machine-learning-matrices-split/airline78.csv.16.6.B.vc 
OLE time: 0.2810
==== Ans-fold compression
Command: /home/louza/mm-repair/ans/encode.x /mnt/data/datasets/machine-learning-matrices-split/airline78.csv.16.6.A.vc.C 
Command: /home/louza/mm-repair/ans/encode.x /mnt/data/datasets/machine-learning-matrices-split/airline78.csv.16.6.B.vc
Ans-fold time: 7.6280
==== Integer vector .C compression
Command: /home/louza/mm-repair/sdsl/encode.x /mnt/data/datasets/machine-learning-matrices-split/airline78.csv.16.7.A.vc.C 
==== Integer vector .R compression
Command: /home/louza/mm-repair/sdsl/encode.x /mnt/data/datasets/machine-learning-matrices-split/airline78.csv.16.7.A.vc.R 
Integer vector compression time: 0.7758
==== OLE
Command: /home/louza/mm-repair/ole/encode.x /mnt/data/datasets/machine-learning-matrices-split/airline78.csv.16.7.A.vc.C 
Command: /home/louza/mm-repair/ole/encode.x /mnt/data/datasets/machine-learning-matrices-split/airline78.csv.16.7.B.vc 
OLE time: 0.2311
==== Ans-fold compression
Command: /home/louza/mm-repair/ans/encode.x /mnt/data/datasets/machine-learning-matrices-split/airline78.csv.16.7.A.vc.C 
Command: /home/louza/mm-repair/ans/encode.x /mnt/data/datasets/machine-learning-matrices-split/airline78.csv.16.7.B.vc
Ans-fold time: 8.7168
==== Integer vector .C compression
Command: /home/louza/mm-repair/sdsl/encode.x /mnt/data/datasets/machine-learning-matrices-split/airline78.csv.16.8.A.vc.C 
==== Integer vector .R compression
Command: /home/louza/mm-repair/sdsl/encode.x /mnt/data/datasets/machine-learning-matrices-split/airline78.csv.16.8.A.vc.R 
Integer vector compression time: 1.0202
==== OLE
Command: /home/louza/mm-repair/ole/encode.x /mnt/data/datasets/machine-learning-matrices-split/airline78.csv.16.8.A.vc.C 
Command: /home/louza/mm-repair/ole/encode.x /mnt/data/datasets/machine-learning-matrices-split/airline78.csv.16.8.B.vc 
OLE time: 0.2572
==== Ans-fold compression
Command: /home/louza/mm-repair/ans/encode.x /mnt/data/datasets/machine-learning-matrices-split/airline78.csv.16.8.A.vc.C 
Command: /home/louza/mm-repair/ans/encode.x /mnt/data/datasets/machine-learning-matrices-split/airline78.csv.16.8.B.vc
Ans-fold time: 9.8235
==== Integer vector .C compression
Command: /home/louza/mm-repair/sdsl/encode.x /mnt/data/datasets/machine-learning-matrices-split/airline78.csv.16.9.A.vc.C 
==== Integer vector .R compression
Command: /home/louza/mm-repair/sdsl/encode.x /mnt/data/datasets/machine-learning-matrices-split/airline78.csv.16.9.A.vc.R 
Integer vector compression time: 1.0140
==== OLE
Command: /home/louza/mm-repair/ole/encode.x /mnt/data/datasets/machine-learning-matrices-split/airline78.csv.16.9.A.vc.C 
Command: /home/louza/mm-repair/ole/encode.x /mnt/data/datasets/machine-learning-matrices-split/airline78.csv.16.9.B.vc 
OLE time: 0.1863
==== Ans-fold compression
Command: /home/louza/mm-repair/ans/encode.x /mnt/data/datasets/machine-learning-matrices-split/airline78.csv.16.9.A.vc.C 
Command: /home/louza/mm-repair/ans/encode.x /mnt/data/datasets/machine-learning-matrices-split/airline78.csv.16.9.B.vc
Ans-fold time: 10.8138
==== Integer vector .C compression
Command: /home/louza/mm-repair/sdsl/encode.x /mnt/data/datasets/machine-learning-matrices-split/airline78.csv.16.10.A.vc.C 
==== Integer vector .R compression
Command: /home/louza/mm-repair/sdsl/encode.x /mnt/data/datasets/machine-learning-matrices-split/airline78.csv.16.10.A.vc.R 
Integer vector compression time: 1.0368
==== OLE
Command: /home/louza/mm-repair/ole/encode.x /mnt/data/datasets/machine-learning-matrices-split/airline78.csv.16.10.A.vc.C 
Command: /home/louza/mm-repair/ole/encode.x /mnt/data/datasets/machine-learning-matrices-split/airline78.csv.16.10.B.vc 
OLE time: 0.5146
==== Ans-fold compression
Command: /home/louza/mm-repair/ans/encode.x /mnt/data/datasets/machine-learning-matrices-split/airline78.csv.16.10.A.vc.C 
Command: /home/louza/mm-repair/ans/encode.x /mnt/data/datasets/machine-learning-matrices-split/airline78.csv.16.10.B.vc
Ans-fold time: 11.8159
==== Integer vector .C compression
Command: /home/louza/mm-repair/sdsl/encode.x /mnt/data/datasets/machine-learning-matrices-split/airline78.csv.16.11.A.vc.C 
==== Integer vector .R compression
Command: /home/louza/mm-repair/sdsl/encode.x /mnt/data/datasets/machine-learning-matrices-split/airline78.csv.16.11.A.vc.R 
Integer vector compression time: 1.5512
==== OLE
Command: /home/louza/mm-repair/ole/encode.x /mnt/data/datasets/machine-learning-matrices-split/airline78.csv.16.11.A.vc.C 
Command: /home/louza/mm-repair/ole/encode.x /mnt/data/datasets/machine-learning-matrices-split/airline78.csv.16.11.B.vc 
OLE time: 0.1298
==== Ans-fold compression
Command: /home/louza/mm-repair/ans/encode.x /mnt/data/datasets/machine-learning-matrices-split/airline78.csv.16.11.A.vc.C 
Command: /home/louza/mm-repair/ans/encode.x /mnt/data/datasets/machine-learning-matrices-split/airline78.csv.16.11.B.vc
Ans-fold time: 12.9322
==== Integer vector .C compression
Command: /home/louza/mm-repair/sdsl/encode.x /mnt/data/datasets/machine-learning-matrices-split/airline78.csv.16.12.A.vc.C 
==== Integer vector .R compression
Command: /home/louza/mm-repair/sdsl/encode.x /mnt/data/datasets/machine-learning-matrices-split/airline78.csv.16.12.A.vc.R 
Integer vector compression time: 0.8468
==== OLE
Command: /home/louza/mm-repair/ole/encode.x /mnt/data/datasets/machine-learning-matrices-split/airline78.csv.16.12.A.vc.C 
Command: /home/louza/mm-repair/ole/encode.x /mnt/data/datasets/machine-learning-matrices-split/airline78.csv.16.12.B.vc 
OLE time: 0.2958
==== Ans-fold compression
Command: /home/louza/mm-repair/ans/encode.x /mnt/data/datasets/machine-learning-matrices-split/airline78.csv.16.12.A.vc.C 
Command: /home/louza/mm-repair/ans/encode.x /mnt/data/datasets/machine-learning-matrices-split/airline78.csv.16.12.B.vc
Ans-fold time: 14.1675
==== Integer vector .C compression
Command: /home/louza/mm-repair/sdsl/encode.x /mnt/data/datasets/machine-learning-matrices-split/airline78.csv.16.13.A.vc.C 
==== Integer vector .R compression
Command: /home/louza/mm-repair/sdsl/encode.x /mnt/data/datasets/machine-learning-matrices-split/airline78.csv.16.13.A.vc.R 
Integer vector compression time: 0.9946
==== OLE
Command: /home/louza/mm-repair/ole/encode.x /mnt/data/datasets/machine-learning-matrices-split/airline78.csv.16.13.A.vc.C 
Command: /home/louza/mm-repair/ole/encode.x /mnt/data/datasets/machine-learning-matrices-split/airline78.csv.16.13.B.vc 
OLE time: 0.1594
==== Ans-fold compression
Command: /home/louza/mm-repair/ans/encode.x /mnt/data/datasets/machine-learning-matrices-split/airline78.csv.16.13.A.vc.C 
Command: /home/louza/mm-repair/ans/encode.x /mnt/data/datasets/machine-learning-matrices-split/airline78.csv.16.13.B.vc
Ans-fold time: 15.0508
==== Integer vector .C compression
Command: /home/louza/mm-repair/sdsl/encode.x /mnt/data/datasets/machine-learning-matrices-split/airline78.csv.16.14.A.vc.C 
==== Integer vector .R compression
Command: /home/louza/mm-repair/sdsl/encode.x /mnt/data/datasets/machine-learning-matrices-split/airline78.csv.16.14.A.vc.R 
Integer vector compression time: 0.6233
==== OLE
Command: /home/louza/mm-repair/ole/encode.x /mnt/data/datasets/machine-learning-matrices-split/airline78.csv.16.14.A.vc.C 
Command: /home/louza/mm-repair/ole/encode.x /mnt/data/datasets/machine-learning-matrices-split/airline78.csv.16.14.B.vc 
OLE time: 0.9951
==== Ans-fold compression
Command: /home/louza/mm-repair/ans/encode.x /mnt/data/datasets/machine-learning-matrices-split/airline78.csv.16.14.A.vc.C 
Command: /home/louza/mm-repair/ans/encode.x /mnt/data/datasets/machine-learning-matrices-split/airline78.csv.16.14.B.vc
Ans-fold time: 16.4095
==== Integer vector .C compression
Command: /home/louza/mm-repair/sdsl/encode.x /mnt/data/datasets/machine-learning-matrices-split/airline78.csv.16.15.A.vc.C 
==== Integer vector .R compression
Command: /home/louza/mm-repair/sdsl/encode.x /mnt/data/datasets/machine-learning-matrices-split/airline78.csv.16.15.A.vc.R 
Integer vector compression time: 1.3004
==== OLE
Command: /home/louza/mm-repair/ole/encode.x /mnt/data/datasets/machine-learning-matrices-split/airline78.csv.16.15.A.vc.C 
Command: /home/louza/mm-repair/ole/encode.x /mnt/data/datasets/machine-learning-matrices-split/airline78.csv.16.15.B.vc 
OLE time: 0.3450
==== Ans-fold compression
Command: /home/louza/mm-repair/ans/encode.x /mnt/data/datasets/machine-learning-matrices-split/airline78.csv.16.15.A.vc.C 
Command: /home/louza/mm-repair/ans/encode.x /mnt/data/datasets/machine-learning-matrices-split/airline78.csv.16.15.B.vc
Ans-fold time: 18.0039
Elapsed time: 554.0342
==== Compression Report:
 >> matrix name: /mnt/data/datasets/machine-learning-matrices-split/airline78.csv
 >> conversion time: 388.10
 >> repair time: 113.91
 >> integer vectors time: 1.30
 >> ansf time: 18.00
 >> total time: 554.03
 >> matrix log(alpha)xNumEntries size: 681566188 bytes
 >> matrix dense size: 3355402776 bytes
 >> total number of nonzero: 296694877 (70.74%)
 >> number of distinct nonzero: 7794
 >> CRSV  size: 1244693632 bytes  (37.10%)
 >> B	  size: 90124052 bytes  (2.69%)
 >> B_ans size: 20154185 bytes  (0.60%)
 >> RE32  size: 581002197 bytes  (17.32%)
 >> REIV  size: 388232537 bytes  (11.57%)
 >> REANS size: 323445204 bytes  (9.64%)
==== Done

#### 2026-09-04 09:21:57
 Command line: ./mm-repair/matrepair -r -b 16 -p 16 /mnt/data/datasets/machine-learning-matrices-split/airline78.csv 14462943 29 --mapping --split 
Setting memory for each repair instance to 29003 MBs
Sending logging messages to file: /mnt/data/datasets/machine-learning-matrices-split/airline78.csv.log
==== Conversion bin/csv->csrv
Command: /home/louza/mm-repair/csvmat2csrv -b 16   /mnt/data/datasets/machine-learning-matrices-split/airline78.csv -r 0 -m -s 14462943 29
Conversion time: 407.0515
==== Repair paralell compression
---- Executing 16 parallel processes
---- Parallel processing completed
Repair time: 117.3163
==== Integer vector .C compression
Command: /home/louza/mm-repair/sdsl/encode.x /mnt/data/datasets/machine-learning-matrices-split/airline78.csv.16.0.A.vc.C 
==== Integer vector .R compression
Command: /home/louza/mm-repair/sdsl/encode.x /mnt/data/datasets/machine-learning-matrices-split/airline78.csv.16.0.A.vc.R 
Integer vector compression time: 0.3296
==== Ans-fold compression
Command: /home/louza/mm-repair/ans/encode.x /mnt/data/datasets/machine-learning-matrices-split/airline78.csv.16.0.A.vc.C 
Command: /home/louza/mm-repair/ans/encode.x /mnt/data/datasets/machine-learning-matrices-split/airline78.csv.16.0.B.vc
Ans-fold time: 0.6818
==== Integer vector .C compression
Command: /home/louza/mm-repair/sdsl/encode.x /mnt/data/datasets/machine-learning-matrices-split/airline78.csv.16.1.A.vc.C 
==== Integer vector .R compression
Command: /home/louza/mm-repair/sdsl/encode.x /mnt/data/datasets/machine-learning-matrices-split/airline78.csv.16.1.A.vc.R 
Integer vector compression time: 0.3649
==== Ans-fold compression
Command: /home/louza/mm-repair/ans/encode.x /mnt/data/datasets/machine-learning-matrices-split/airline78.csv.16.1.A.vc.C 
Command: /home/louza/mm-repair/ans/encode.x /mnt/data/datasets/machine-learning-matrices-split/airline78.csv.16.1.B.vc
Ans-fold time: 1.3594
==== Integer vector .C compression
Command: /home/louza/mm-repair/sdsl/encode.x /mnt/data/datasets/machine-learning-matrices-split/airline78.csv.16.2.A.vc.C 
==== Integer vector .R compression
Command: /home/louza/mm-repair/sdsl/encode.x /mnt/data/datasets/machine-learning-matrices-split/airline78.csv.16.2.A.vc.R 
Integer vector compression time: 0.3512
==== Ans-fold compression
Command: /home/louza/mm-repair/ans/encode.x /mnt/data/datasets/machine-learning-matrices-split/airline78.csv.16.2.A.vc.C 
Command: /home/louza/mm-repair/ans/encode.x /mnt/data/datasets/machine-learning-matrices-split/airline78.csv.16.2.B.vc
Ans-fold time: 2.0260
==== Integer vector .C compression
Command: /home/louza/mm-repair/sdsl/encode.x /mnt/data/datasets/machine-learning-matrices-split/airline78.csv.16.3.A.vc.C 
==== Integer vector .R compression
Command: /home/louza/mm-repair/sdsl/encode.x /mnt/data/datasets/machine-learning-matrices-split/airline78.csv.16.3.A.vc.R 
Integer vector compression time: 0.4251
==== Ans-fold compression
Command: /home/louza/mm-repair/ans/encode.x /mnt/data/datasets/machine-learning-matrices-split/airline78.csv.16.3.A.vc.C 
Command: /home/louza/mm-repair/ans/encode.x /mnt/data/datasets/machine-learning-matrices-split/airline78.csv.16.3.B.vc
Ans-fold time: 2.8716
==== Integer vector .C compression
Command: /home/louza/mm-repair/sdsl/encode.x /mnt/data/datasets/machine-learning-matrices-split/airline78.csv.16.4.A.vc.C 
==== Integer vector .R compression
Command: /home/louza/mm-repair/sdsl/encode.x /mnt/data/datasets/machine-learning-matrices-split/airline78.csv.16.4.A.vc.R 
Integer vector compression time: 0.4073
==== Ans-fold compression
Command: /home/louza/mm-repair/ans/encode.x /mnt/data/datasets/machine-learning-matrices-split/airline78.csv.16.4.A.vc.C 
Command: /home/louza/mm-repair/ans/encode.x /mnt/data/datasets/machine-learning-matrices-split/airline78.csv.16.4.B.vc
Ans-fold time: 3.5394
==== Integer vector .C compression
Command: /home/louza/mm-repair/sdsl/encode.x /mnt/data/datasets/machine-learning-matrices-split/airline78.csv.16.5.A.vc.C 
==== Integer vector .R compression
Command: /home/louza/mm-repair/sdsl/encode.x /mnt/data/datasets/machine-learning-matrices-split/airline78.csv.16.5.A.vc.R 
Integer vector compression time: 0.3503
==== Ans-fold compression
Command: /home/louza/mm-repair/ans/encode.x /mnt/data/datasets/machine-learning-matrices-split/airline78.csv.16.5.A.vc.C 
Command: /home/louza/mm-repair/ans/encode.x /mnt/data/datasets/machine-learning-matrices-split/airline78.csv.16.5.B.vc
Ans-fold time: 4.2230
==== Integer vector .C compression
Command: /home/louza/mm-repair/sdsl/encode.x /mnt/data/datasets/machine-learning-matrices-split/airline78.csv.16.6.A.vc.C 
==== Integer vector .R compression
Command: /home/louza/mm-repair/sdsl/encode.x /mnt/data/datasets/machine-learning-matrices-split/airline78.csv.16.6.A.vc.R 
Integer vector compression time: 0.3639
==== Ans-fold compression
Command: /home/louza/mm-repair/ans/encode.x /mnt/data/datasets/machine-learning-matrices-split/airline78.csv.16.6.A.vc.C 
Command: /home/louza/mm-repair/ans/encode.x /mnt/data/datasets/machine-learning-matrices-split/airline78.csv.16.6.B.vc
Ans-fold time: 4.8825
==== Integer vector .C compression
Command: /home/louza/mm-repair/sdsl/encode.x /mnt/data/datasets/machine-learning-matrices-split/airline78.csv.16.7.A.vc.C 
==== Integer vector .R compression
Command: /home/louza/mm-repair/sdsl/encode.x /mnt/data/datasets/machine-learning-matrices-split/airline78.csv.16.7.A.vc.R 
Integer vector compression time: 0.4336
==== Ans-fold compression
Command: /home/louza/mm-repair/ans/encode.x /mnt/data/datasets/machine-learning-matrices-split/airline78.csv.16.7.A.vc.C 
Command: /home/louza/mm-repair/ans/encode.x /mnt/data/datasets/machine-learning-matrices-split/airline78.csv.16.7.B.vc
Ans-fold time: 5.5968
==== Integer vector .C compression
Command: /home/louza/mm-repair/sdsl/encode.x /mnt/data/datasets/machine-learning-matrices-split/airline78.csv.16.8.A.vc.C 
==== Integer vector .R compression
Command: /home/louza/mm-repair/sdsl/encode.x /mnt/data/datasets/machine-learning-matrices-split/airline78.csv.16.8.A.vc.R 
Integer vector compression time: 0.3577
==== Ans-fold compression
Command: /home/louza/mm-repair/ans/encode.x /mnt/data/datasets/machine-learning-matrices-split/airline78.csv.16.8.A.vc.C 
Command: /home/louza/mm-repair/ans/encode.x /mnt/data/datasets/machine-learning-matrices-split/airline78.csv.16.8.B.vc
Ans-fold time: 6.3521
==== Integer vector .C compression
Command: /home/louza/mm-repair/sdsl/encode.x /mnt/data/datasets/machine-learning-matrices-split/airline78.csv.16.9.A.vc.C 
==== Integer vector .R compression
Command: /home/louza/mm-repair/sdsl/encode.x /mnt/data/datasets/machine-learning-matrices-split/airline78.csv.16.9.A.vc.R 
Integer vector compression time: 0.3442
==== Ans-fold compression
Command: /home/louza/mm-repair/ans/encode.x /mnt/data/datasets/machine-learning-matrices-split/airline78.csv.16.9.A.vc.C 
Command: /home/louza/mm-repair/ans/encode.x /mnt/data/datasets/machine-learning-matrices-split/airline78.csv.16.9.B.vc
Ans-fold time: 7.0786
==== Integer vector .C compression
Command: /home/louza/mm-repair/sdsl/encode.x /mnt/data/datasets/machine-learning-matrices-split/airline78.csv.16.10.A.vc.C 
==== Integer vector .R compression
Command: /home/louza/mm-repair/sdsl/encode.x /mnt/data/datasets/machine-learning-matrices-split/airline78.csv.16.10.A.vc.R 
Integer vector compression time: 0.3329
==== Ans-fold compression
Command: /home/louza/mm-repair/ans/encode.x /mnt/data/datasets/machine-learning-matrices-split/airline78.csv.16.10.A.vc.C 
Command: /home/louza/mm-repair/ans/encode.x /mnt/data/datasets/machine-learning-matrices-split/airline78.csv.16.10.B.vc
Ans-fold time: 7.7536
==== Integer vector .C compression
Command: /home/louza/mm-repair/sdsl/encode.x /mnt/data/datasets/machine-learning-matrices-split/airline78.csv.16.11.A.vc.C 
==== Integer vector .R compression
Command: /home/louza/mm-repair/sdsl/encode.x /mnt/data/datasets/machine-learning-matrices-split/airline78.csv.16.11.A.vc.R 
Integer vector compression time: 0.3625
==== Ans-fold compression
Command: /home/louza/mm-repair/ans/encode.x /mnt/data/datasets/machine-learning-matrices-split/airline78.csv.16.11.A.vc.C 
Command: /home/louza/mm-repair/ans/encode.x /mnt/data/datasets/machine-learning-matrices-split/airline78.csv.16.11.B.vc
Ans-fold time: 8.4755
==== Integer vector .C compression
Command: /home/louza/mm-repair/sdsl/encode.x /mnt/data/datasets/machine-learning-matrices-split/airline78.csv.16.12.A.vc.C 
==== Integer vector .R compression
Command: /home/louza/mm-repair/sdsl/encode.x /mnt/data/datasets/machine-learning-matrices-split/airline78.csv.16.12.A.vc.R 
Integer vector compression time: 0.3477
==== Ans-fold compression
Command: /home/louza/mm-repair/ans/encode.x /mnt/data/datasets/machine-learning-matrices-split/airline78.csv.16.12.A.vc.C 
Command: /home/louza/mm-repair/ans/encode.x /mnt/data/datasets/machine-learning-matrices-split/airline78.csv.16.12.B.vc
Ans-fold time: 9.1673
==== Integer vector .C compression
Command: /home/louza/mm-repair/sdsl/encode.x /mnt/data/datasets/machine-learning-matrices-split/airline78.csv.16.13.A.vc.C 
==== Integer vector .R compression
Command: /home/louza/mm-repair/sdsl/encode.x /mnt/data/datasets/machine-learning-matrices-split/airline78.csv.16.13.A.vc.R 
Integer vector compression time: 0.3373
==== Ans-fold compression
Command: /home/louza/mm-repair/ans/encode.x /mnt/data/datasets/machine-learning-matrices-split/airline78.csv.16.13.A.vc.C 
Command: /home/louza/mm-repair/ans/encode.x /mnt/data/datasets/machine-learning-matrices-split/airline78.csv.16.13.B.vc
Ans-fold time: 9.8527
==== Integer vector .C compression
Command: /home/louza/mm-repair/sdsl/encode.x /mnt/data/datasets/machine-learning-matrices-split/airline78.csv.16.14.A.vc.C 
==== Integer vector .R compression
Command: /home/louza/mm-repair/sdsl/encode.x /mnt/data/datasets/machine-learning-matrices-split/airline78.csv.16.14.A.vc.R 
Integer vector compression time: 0.4520
==== Ans-fold compression
Command: /home/louza/mm-repair/ans/encode.x /mnt/data/datasets/machine-learning-matrices-split/airline78.csv.16.14.A.vc.C 
Command: /home/louza/mm-repair/ans/encode.x /mnt/data/datasets/machine-learning-matrices-split/airline78.csv.16.14.B.vc
Ans-fold time: 10.5005
==== Integer vector .C compression
Command: /home/louza/mm-repair/sdsl/encode.x /mnt/data/datasets/machine-learning-matrices-split/airline78.csv.16.15.A.vc.C 
==== Integer vector .R compression
Command: /home/louza/mm-repair/sdsl/encode.x /mnt/data/datasets/machine-learning-matrices-split/airline78.csv.16.15.A.vc.R 
Integer vector compression time: 0.3654
==== Ans-fold compression
Command: /home/louza/mm-repair/ans/encode.x /mnt/data/datasets/machine-learning-matrices-split/airline78.csv.16.15.A.vc.C 
Command: /home/louza/mm-repair/ans/encode.x /mnt/data/datasets/machine-learning-matrices-split/airline78.csv.16.15.B.vc
Ans-fold time: 11.3025
Command: /home/louza/mm-repair/ans/encode.x /mnt/data/datasets/machine-learning-matrices-split/airline78.csv.wcode 
Elapsed time: 541.6023
==== Compression Report:
 >> matrix name: /mnt/data/datasets/machine-learning-matrices-split/airline78.csv
 >> conversion time: 407.05
 >> repair time: 117.32
 >> integer vectors time: 0.37
 >> ansf time: 11.30
 >> total time: 541.60
 >> wcode: 119868 bytes
 >> wcode_ans: 9474 bytes
 >> matrix log(alpha)xNumEntries size: 681566188 bytes
 >> matrix dense size: 3355402776 bytes
 >> total number of nonzero: 296694877 (70.74%)
 >> number of distinct nonzero: 7794
 >> CRSV  size: 1244693632 bytes  (37.10%)
 >> B	  size: 90124052 bytes  (2.69%)
 >> B_ans size: 17535586 bytes  (0.52%)
 >> RE32  size: 578503466 bytes  (17.24%)
 >> REIV  size: 368209254 bytes  (10.97%)
 >> REANS size: 320497150 bytes  (9.55%)
==== Done

#### 2026-09-04 09:30:58
 Command line: ./mm-repair/matrepair -r -b 16 -p 16 /mnt/data/datasets/machine-learning-matrices-split/airline78.csv 14462943 29 --ole --mapping --split 
Setting memory for each repair instance to 29003 MBs
Sending logging messages to file: /mnt/data/datasets/machine-learning-matrices-split/airline78.csv.log
==== Conversion bin/csv->csrv
Command: /home/louza/mm-repair/csvmat2csrv -b 16   /mnt/data/datasets/machine-learning-matrices-split/airline78.csv -r 0 -m -s 14462943 29
Conversion time: 423.1211
==== Repair paralell compression
---- Executing 16 parallel processes
---- Parallel processing completed
Repair time: 106.9457
==== Integer vector .C compression
Command: /home/louza/mm-repair/sdsl/encode.x /mnt/data/datasets/machine-learning-matrices-split/airline78.csv.16.0.A.vc.C 
==== Integer vector .R compression
Command: /home/louza/mm-repair/sdsl/encode.x /mnt/data/datasets/machine-learning-matrices-split/airline78.csv.16.0.A.vc.R 
Integer vector compression time: 0.6686
==== OLE
Command: /home/louza/mm-repair/ole/encode.x /mnt/data/datasets/machine-learning-matrices-split/airline78.csv.16.0.A.vc.C 
Command: /home/louza/mm-repair/ole/encode.x /mnt/data/datasets/machine-learning-matrices-split/airline78.csv.16.0.B.vc 
OLE time: 0.0727
==== Ans-fold compression
Command: /home/louza/mm-repair/ans/encode.x /mnt/data/datasets/machine-learning-matrices-split/airline78.csv.16.0.A.vc.C 
Command: /home/louza/mm-repair/ans/encode.x /mnt/data/datasets/machine-learning-matrices-split/airline78.csv.16.0.B.vc
Ans-fold time: 0.6772
==== Integer vector .C compression
Command: /home/louza/mm-repair/sdsl/encode.x /mnt/data/datasets/machine-learning-matrices-split/airline78.csv.16.1.A.vc.C 
==== Integer vector .R compression
Command: /home/louza/mm-repair/sdsl/encode.x /mnt/data/datasets/machine-learning-matrices-split/airline78.csv.16.1.A.vc.R 
Integer vector compression time: 0.6407
==== OLE
Command: /home/louza/mm-repair/ole/encode.x /mnt/data/datasets/machine-learning-matrices-split/airline78.csv.16.1.A.vc.C 
Command: /home/louza/mm-repair/ole/encode.x /mnt/data/datasets/machine-learning-matrices-split/airline78.csv.16.1.B.vc 
OLE time: 0.1220
==== Ans-fold compression
Command: /home/louza/mm-repair/ans/encode.x /mnt/data/datasets/machine-learning-matrices-split/airline78.csv.16.1.A.vc.C 
Command: /home/louza/mm-repair/ans/encode.x /mnt/data/datasets/machine-learning-matrices-split/airline78.csv.16.1.B.vc
Ans-fold time: 1.4207
==== Integer vector .C compression
Command: /home/louza/mm-repair/sdsl/encode.x /mnt/data/datasets/machine-learning-matrices-split/airline78.csv.16.2.A.vc.C 
==== Integer vector .R compression
Command: /home/louza/mm-repair/sdsl/encode.x /mnt/data/datasets/machine-learning-matrices-split/airline78.csv.16.2.A.vc.R 
Integer vector compression time: 0.6845
==== OLE
Command: /home/louza/mm-repair/ole/encode.x /mnt/data/datasets/machine-learning-matrices-split/airline78.csv.16.2.A.vc.C 
Command: /home/louza/mm-repair/ole/encode.x /mnt/data/datasets/machine-learning-matrices-split/airline78.csv.16.2.B.vc 
OLE time: 0.0569
==== Ans-fold compression
Command: /home/louza/mm-repair/ans/encode.x /mnt/data/datasets/machine-learning-matrices-split/airline78.csv.16.2.A.vc.C 
Command: /home/louza/mm-repair/ans/encode.x /mnt/data/datasets/machine-learning-matrices-split/airline78.csv.16.2.B.vc
Ans-fold time: 2.0194
==== Integer vector .C compression
Command: /home/louza/mm-repair/sdsl/encode.x /mnt/data/datasets/machine-learning-matrices-split/airline78.csv.16.3.A.vc.C 
==== Integer vector .R compression
Command: /home/louza/mm-repair/sdsl/encode.x /mnt/data/datasets/machine-learning-matrices-split/airline78.csv.16.3.A.vc.R 
Integer vector compression time: 0.4000
==== OLE
Command: /home/louza/mm-repair/ole/encode.x /mnt/data/datasets/machine-learning-matrices-split/airline78.csv.16.3.A.vc.C 
Command: /home/louza/mm-repair/ole/encode.x /mnt/data/datasets/machine-learning-matrices-split/airline78.csv.16.3.B.vc 
OLE time: 0.0225
==== Ans-fold compression
Command: /home/louza/mm-repair/ans/encode.x /mnt/data/datasets/machine-learning-matrices-split/airline78.csv.16.3.A.vc.C 
Command: /home/louza/mm-repair/ans/encode.x /mnt/data/datasets/machine-learning-matrices-split/airline78.csv.16.3.B.vc
Ans-fold time: 2.7124
==== Integer vector .C compression
Command: /home/louza/mm-repair/sdsl/encode.x /mnt/data/datasets/machine-learning-matrices-split/airline78.csv.16.4.A.vc.C 
==== Integer vector .R compression
Command: /home/louza/mm-repair/sdsl/encode.x /mnt/data/datasets/machine-learning-matrices-split/airline78.csv.16.4.A.vc.R 
Integer vector compression time: 0.4605
==== OLE
Command: /home/louza/mm-repair/ole/encode.x /mnt/data/datasets/machine-learning-matrices-split/airline78.csv.16.4.A.vc.C 
Command: /home/louza/mm-repair/ole/encode.x /mnt/data/datasets/machine-learning-matrices-split/airline78.csv.16.4.B.vc 
OLE time: 0.0639
==== Ans-fold compression
Command: /home/louza/mm-repair/ans/encode.x /mnt/data/datasets/machine-learning-matrices-split/airline78.csv.16.4.A.vc.C 
Command: /home/louza/mm-repair/ans/encode.x /mnt/data/datasets/machine-learning-matrices-split/airline78.csv.16.4.B.vc
Ans-fold time: 3.3305
==== Integer vector .C compression
Command: /home/louza/mm-repair/sdsl/encode.x /mnt/data/datasets/machine-learning-matrices-split/airline78.csv.16.5.A.vc.C 
==== Integer vector .R compression
Command: /home/louza/mm-repair/sdsl/encode.x /mnt/data/datasets/machine-learning-matrices-split/airline78.csv.16.5.A.vc.R 
Integer vector compression time: 0.4505
==== OLE
Command: /home/louza/mm-repair/ole/encode.x /mnt/data/datasets/machine-learning-matrices-split/airline78.csv.16.5.A.vc.C 
Command: /home/louza/mm-repair/ole/encode.x /mnt/data/datasets/machine-learning-matrices-split/airline78.csv.16.5.B.vc 
OLE time: 0.0218
==== Ans-fold compression
Command: /home/louza/mm-repair/ans/encode.x /mnt/data/datasets/machine-learning-matrices-split/airline78.csv.16.5.A.vc.C 
Command: /home/louza/mm-repair/ans/encode.x /mnt/data/datasets/machine-learning-matrices-split/airline78.csv.16.5.B.vc
Ans-fold time: 4.1462
==== Integer vector .C compression
Command: /home/louza/mm-repair/sdsl/encode.x /mnt/data/datasets/machine-learning-matrices-split/airline78.csv.16.6.A.vc.C 
==== Integer vector .R compression
Command: /home/louza/mm-repair/sdsl/encode.x /mnt/data/datasets/machine-learning-matrices-split/airline78.csv.16.6.A.vc.R 
Integer vector compression time: 0.7479
==== OLE
Command: /home/louza/mm-repair/ole/encode.x /mnt/data/datasets/machine-learning-matrices-split/airline78.csv.16.6.A.vc.C 
Command: /home/louza/mm-repair/ole/encode.x /mnt/data/datasets/machine-learning-matrices-split/airline78.csv.16.6.B.vc 
OLE time: 0.3550
==== Ans-fold compression
Command: /home/louza/mm-repair/ans/encode.x /mnt/data/datasets/machine-learning-matrices-split/airline78.csv.16.6.A.vc.C 
Command: /home/louza/mm-repair/ans/encode.x /mnt/data/datasets/machine-learning-matrices-split/airline78.csv.16.6.B.vc
Ans-fold time: 5.6058
==== Integer vector .C compression
Command: /home/louza/mm-repair/sdsl/encode.x /mnt/data/datasets/machine-learning-matrices-split/airline78.csv.16.7.A.vc.C 
==== Integer vector .R compression
Command: /home/louza/mm-repair/sdsl/encode.x /mnt/data/datasets/machine-learning-matrices-split/airline78.csv.16.7.A.vc.R 
Integer vector compression time: 1.2505
==== OLE
Command: /home/louza/mm-repair/ole/encode.x /mnt/data/datasets/machine-learning-matrices-split/airline78.csv.16.7.A.vc.C 
Command: /home/louza/mm-repair/ole/encode.x /mnt/data/datasets/machine-learning-matrices-split/airline78.csv.16.7.B.vc 
OLE time: 0.1444
==== Ans-fold compression
Command: /home/louza/mm-repair/ans/encode.x /mnt/data/datasets/machine-learning-matrices-split/airline78.csv.16.7.A.vc.C 
Command: /home/louza/mm-repair/ans/encode.x /mnt/data/datasets/machine-learning-matrices-split/airline78.csv.16.7.B.vc
Ans-fold time: 6.6523
==== Integer vector .C compression
Command: /home/louza/mm-repair/sdsl/encode.x /mnt/data/datasets/machine-learning-matrices-split/airline78.csv.16.8.A.vc.C 
==== Integer vector .R compression
Command: /home/louza/mm-repair/sdsl/encode.x /mnt/data/datasets/machine-learning-matrices-split/airline78.csv.16.8.A.vc.R 
Integer vector compression time: 0.6302
==== OLE
Command: /home/louza/mm-repair/ole/encode.x /mnt/data/datasets/machine-learning-matrices-split/airline78.csv.16.8.A.vc.C 
Command: /home/louza/mm-repair/ole/encode.x /mnt/data/datasets/machine-learning-matrices-split/airline78.csv.16.8.B.vc 
OLE time: 0.0773
==== Ans-fold compression
Command: /home/louza/mm-repair/ans/encode.x /mnt/data/datasets/machine-learning-matrices-split/airline78.csv.16.8.A.vc.C 
Command: /home/louza/mm-repair/ans/encode.x /mnt/data/datasets/machine-learning-matrices-split/airline78.csv.16.8.B.vc
Ans-fold time: 7.3708
==== Integer vector .C compression
Command: /home/louza/mm-repair/sdsl/encode.x /mnt/data/datasets/machine-learning-matrices-split/airline78.csv.16.9.A.vc.C 
==== Integer vector .R compression
Command: /home/louza/mm-repair/sdsl/encode.x /mnt/data/datasets/machine-learning-matrices-split/airline78.csv.16.9.A.vc.R 
Integer vector compression time: 0.3627
==== OLE
Command: /home/louza/mm-repair/ole/encode.x /mnt/data/datasets/machine-learning-matrices-split/airline78.csv.16.9.A.vc.C 
Command: /home/louza/mm-repair/ole/encode.x /mnt/data/datasets/machine-learning-matrices-split/airline78.csv.16.9.B.vc 
OLE time: 0.0564
==== Ans-fold compression
Command: /home/louza/mm-repair/ans/encode.x /mnt/data/datasets/machine-learning-matrices-split/airline78.csv.16.9.A.vc.C 
Command: /home/louza/mm-repair/ans/encode.x /mnt/data/datasets/machine-learning-matrices-split/airline78.csv.16.9.B.vc
Ans-fold time: 7.9380
==== Integer vector .C compression
Command: /home/louza/mm-repair/sdsl/encode.x /mnt/data/datasets/machine-learning-matrices-split/airline78.csv.16.10.A.vc.C 
==== Integer vector .R compression
Command: /home/louza/mm-repair/sdsl/encode.x /mnt/data/datasets/machine-learning-matrices-split/airline78.csv.16.10.A.vc.R 
Integer vector compression time: 0.3284
==== OLE
Command: /home/louza/mm-repair/ole/encode.x /mnt/data/datasets/machine-learning-matrices-split/airline78.csv.16.10.A.vc.C 
Command: /home/louza/mm-repair/ole/encode.x /mnt/data/datasets/machine-learning-matrices-split/airline78.csv.16.10.B.vc 
OLE time: 0.0314
==== Ans-fold compression
Command: /home/louza/mm-repair/ans/encode.x /mnt/data/datasets/machine-learning-matrices-split/airline78.csv.16.10.A.vc.C 
Command: /home/louza/mm-repair/ans/encode.x /mnt/data/datasets/machine-learning-matrices-split/airline78.csv.16.10.B.vc
Ans-fold time: 8.4750
==== Integer vector .C compression
Command: /home/louza/mm-repair/sdsl/encode.x /mnt/data/datasets/machine-learning-matrices-split/airline78.csv.16.11.A.vc.C 
==== Integer vector .R compression
Command: /home/louza/mm-repair/sdsl/encode.x /mnt/data/datasets/machine-learning-matrices-split/airline78.csv.16.11.A.vc.R 
Integer vector compression time: 0.3861
==== OLE
Command: /home/louza/mm-repair/ole/encode.x /mnt/data/datasets/machine-learning-matrices-split/airline78.csv.16.11.A.vc.C 
Command: /home/louza/mm-repair/ole/encode.x /mnt/data/datasets/machine-learning-matrices-split/airline78.csv.16.11.B.vc 
OLE time: 0.0555
==== Ans-fold compression
Command: /home/louza/mm-repair/ans/encode.x /mnt/data/datasets/machine-learning-matrices-split/airline78.csv.16.11.A.vc.C 
Command: /home/louza/mm-repair/ans/encode.x /mnt/data/datasets/machine-learning-matrices-split/airline78.csv.16.11.B.vc
Ans-fold time: 9.3136
==== Integer vector .C compression
Command: /home/louza/mm-repair/sdsl/encode.x /mnt/data/datasets/machine-learning-matrices-split/airline78.csv.16.12.A.vc.C 
==== Integer vector .R compression
Command: /home/louza/mm-repair/sdsl/encode.x /mnt/data/datasets/machine-learning-matrices-split/airline78.csv.16.12.A.vc.R 
Integer vector compression time: 0.7580
==== OLE
Command: /home/louza/mm-repair/ole/encode.x /mnt/data/datasets/machine-learning-matrices-split/airline78.csv.16.12.A.vc.C 
Command: /home/louza/mm-repair/ole/encode.x /mnt/data/datasets/machine-learning-matrices-split/airline78.csv.16.12.B.vc 
OLE time: 0.0392
==== Ans-fold compression
Command: /home/louza/mm-repair/ans/encode.x /mnt/data/datasets/machine-learning-matrices-split/airline78.csv.16.12.A.vc.C 
Command: /home/louza/mm-repair/ans/encode.x /mnt/data/datasets/machine-learning-matrices-split/airline78.csv.16.12.B.vc
Ans-fold time: 9.9087
==== Integer vector .C compression
Command: /home/louza/mm-repair/sdsl/encode.x /mnt/data/datasets/machine-learning-matrices-split/airline78.csv.16.13.A.vc.C 
==== Integer vector .R compression
Command: /home/louza/mm-repair/sdsl/encode.x /mnt/data/datasets/machine-learning-matrices-split/airline78.csv.16.13.A.vc.R 
Integer vector compression time: 0.4485
==== OLE
Command: /home/louza/mm-repair/ole/encode.x /mnt/data/datasets/machine-learning-matrices-split/airline78.csv.16.13.A.vc.C 
Command: /home/louza/mm-repair/ole/encode.x /mnt/data/datasets/machine-learning-matrices-split/airline78.csv.16.13.B.vc 
OLE time: 0.0361
==== Ans-fold compression
Command: /home/louza/mm-repair/ans/encode.x /mnt/data/datasets/machine-learning-matrices-split/airline78.csv.16.13.A.vc.C 
Command: /home/louza/mm-repair/ans/encode.x /mnt/data/datasets/machine-learning-matrices-split/airline78.csv.16.13.B.vc
Ans-fold time: 10.5885
==== Integer vector .C compression
Command: /home/louza/mm-repair/sdsl/encode.x /mnt/data/datasets/machine-learning-matrices-split/airline78.csv.16.14.A.vc.C 
==== Integer vector .R compression
Command: /home/louza/mm-repair/sdsl/encode.x /mnt/data/datasets/machine-learning-matrices-split/airline78.csv.16.14.A.vc.R 
Integer vector compression time: 0.4405
==== OLE
Command: /home/louza/mm-repair/ole/encode.x /mnt/data/datasets/machine-learning-matrices-split/airline78.csv.16.14.A.vc.C 
Command: /home/louza/mm-repair/ole/encode.x /mnt/data/datasets/machine-learning-matrices-split/airline78.csv.16.14.B.vc 
OLE time: 0.0262
==== Ans-fold compression
Command: /home/louza/mm-repair/ans/encode.x /mnt/data/datasets/machine-learning-matrices-split/airline78.csv.16.14.A.vc.C 
Command: /home/louza/mm-repair/ans/encode.x /mnt/data/datasets/machine-learning-matrices-split/airline78.csv.16.14.B.vc
Ans-fold time: 11.2107
==== Integer vector .C compression
Command: /home/louza/mm-repair/sdsl/encode.x /mnt/data/datasets/machine-learning-matrices-split/airline78.csv.16.15.A.vc.C 
==== Integer vector .R compression
Command: /home/louza/mm-repair/sdsl/encode.x /mnt/data/datasets/machine-learning-matrices-split/airline78.csv.16.15.A.vc.R 
Integer vector compression time: 0.4098
==== OLE
Command: /home/louza/mm-repair/ole/encode.x /mnt/data/datasets/machine-learning-matrices-split/airline78.csv.16.15.A.vc.C 
Command: /home/louza/mm-repair/ole/encode.x /mnt/data/datasets/machine-learning-matrices-split/airline78.csv.16.15.B.vc 
OLE time: 0.0230
==== Ans-fold compression
Command: /home/louza/mm-repair/ans/encode.x /mnt/data/datasets/machine-learning-matrices-split/airline78.csv.16.15.A.vc.C 
Command: /home/louza/mm-repair/ans/encode.x /mnt/data/datasets/machine-learning-matrices-split/airline78.csv.16.15.B.vc
Ans-fold time: 11.7880
Command: /home/louza/mm-repair/ans/encode.x /mnt/data/datasets/machine-learning-matrices-split/airline78.csv.wcode 
Elapsed time: 559.0765
==== Compression Report:
 >> matrix name: /mnt/data/datasets/machine-learning-matrices-split/airline78.csv
 >> conversion time: 423.12
 >> repair time: 106.95
 >> integer vectors time: 0.41
 >> ansf time: 11.79
 >> total time: 559.08
 >> wcode: 119868 bytes
 >> wcode_ans: 9474 bytes
 >> matrix log(alpha)xNumEntries size: 681566188 bytes
 >> matrix dense size: 3355402776 bytes
 >> total number of nonzero: 296694877 (70.74%)
 >> number of distinct nonzero: 7794
 >> CRSV  size: 1244693632 bytes  (37.10%)
 >> B	  size: 90124052 bytes  (2.69%)
 >> B_ans size: 17458330 bytes  (0.52%)
 >> RE32  size: 578426210 bytes  (17.24%)
 >> REIV  size: 368131998 bytes  (10.97%)
 >> REANS size: 309616516 bytes  (9.23%)
==== Done
REANS -b 4

#### 2026-09-04 22:50:14
 Command line: ./mm-repair/matrepair -r -b 4 -p 4 /mnt/data/datasets/machine-learning-matrices-split/airline78.csv 14462943 29 
Setting memory for each repair instance to 116013 MBs
Sending logging messages to file: /mnt/data/datasets/machine-learning-matrices-split/airline78.csv.log
==== Conversion bin/csv->csrv
Command: /home/louza/mm-repair/csvmat2csrv -b 4   /mnt/data/datasets/machine-learning-matrices-split/airline78.csv -r 0   14462943 29
Conversion time: 204.1783
==== Repair paralell compression
---- Executing 4 parallel processes
---- Parallel processing completed
Repair time: 231.6469
==== Integer vector .C compression
Command: /home/louza/mm-repair/sdsl/encode.x /mnt/data/datasets/machine-learning-matrices-split/airline78.csv.4.0.vc.C 
==== Integer vector .R compression
Command: /home/louza/mm-repair/sdsl/encode.x /mnt/data/datasets/machine-learning-matrices-split/airline78.csv.4.0.vc.R 
Integer vector compression time: 1.1503
==== Ans-fold compression
Command: /home/louza/mm-repair/ans/encode.x /mnt/data/datasets/machine-learning-matrices-split/airline78.csv.4.0.vc.C 
Ans-fold time: 3.4781
==== Integer vector .C compression
Command: /home/louza/mm-repair/sdsl/encode.x /mnt/data/datasets/machine-learning-matrices-split/airline78.csv.4.1.vc.C 
==== Integer vector .R compression
Command: /home/louza/mm-repair/sdsl/encode.x /mnt/data/datasets/machine-learning-matrices-split/airline78.csv.4.1.vc.R 
Integer vector compression time: 1.2958
==== Ans-fold compression
Command: /home/louza/mm-repair/ans/encode.x /mnt/data/datasets/machine-learning-matrices-split/airline78.csv.4.1.vc.C 
Ans-fold time: 7.1139
==== Integer vector .C compression
Command: /home/louza/mm-repair/sdsl/encode.x /mnt/data/datasets/machine-learning-matrices-split/airline78.csv.4.2.vc.C 
==== Integer vector .R compression
Command: /home/louza/mm-repair/sdsl/encode.x /mnt/data/datasets/machine-learning-matrices-split/airline78.csv.4.2.vc.R 
Integer vector compression time: 1.1802
==== Ans-fold compression
Command: /home/louza/mm-repair/ans/encode.x /mnt/data/datasets/machine-learning-matrices-split/airline78.csv.4.2.vc.C 
Ans-fold time: 11.2708
==== Integer vector .C compression
Command: /home/louza/mm-repair/sdsl/encode.x /mnt/data/datasets/machine-learning-matrices-split/airline78.csv.4.3.vc.C 
==== Integer vector .R compression
Command: /home/louza/mm-repair/sdsl/encode.x /mnt/data/datasets/machine-learning-matrices-split/airline78.csv.4.3.vc.R 
Integer vector compression time: 1.5956
==== Ans-fold compression
Command: /home/louza/mm-repair/ans/encode.x /mnt/data/datasets/machine-learning-matrices-split/airline78.csv.4.3.vc.C 
Ans-fold time: 16.1223
Elapsed time: 457.1701
==== Compression Report:
 >> matrix name: /mnt/data/datasets/machine-learning-matrices-split/airline78.csv
 >> conversion time: 204.18
 >> repair time: 231.65
 >> integer vectors time: 1.60
 >> ansf time: 16.12
 >> total time: 457.17
 >> matrix log(alpha)xNumEntries size: 681566188 bytes
 >> matrix dense size: 3355402776 bytes
 >> total number of nonzero: 304762947 (72.66%)
 >> number of distinct nonzero: 7794
 >> CRSV  size: 1276965912 bytes  (38.06%)
 >> RE32  size: 540046820 bytes  (16.09%)
 >> REIV  size: 371301776 bytes  (11.07%)
 >> REANS size: 322295101 bytes  (9.61%)
==== Done

#### 2026-09-04 22:57:51
 Command line: ./mm-repair/matrepair -r -b 4 -p 4 /mnt/data/datasets/machine-learning-matrices-split/airline78.csv 14462943 29 --ole 
Setting memory for each repair instance to 116013 MBs
Sending logging messages to file: /mnt/data/datasets/machine-learning-matrices-split/airline78.csv.log
==== Conversion bin/csv->csrv
Command: /home/louza/mm-repair/csvmat2csrv -b 4   /mnt/data/datasets/machine-learning-matrices-split/airline78.csv -r 0   14462943 29
Conversion time: 468.3076
==== Repair paralell compression
---- Executing 4 parallel processes
---- Parallel processing completed
Repair time: 162.5257
==== Integer vector .C compression
Command: /home/louza/mm-repair/sdsl/encode.x /mnt/data/datasets/machine-learning-matrices-split/airline78.csv.4.0.vc.C 
==== Integer vector .R compression
Command: /home/louza/mm-repair/sdsl/encode.x /mnt/data/datasets/machine-learning-matrices-split/airline78.csv.4.0.vc.R 
Integer vector compression time: 5.6409
==== OLE
Command: /home/louza/mm-repair/ole/encode.x /mnt/data/datasets/machine-learning-matrices-split/airline78.csv.4.0.vc.C 
OLE time: 6.2671
==== Ans-fold compression
Command: /home/louza/mm-repair/ans/encode.x /mnt/data/datasets/machine-learning-matrices-split/airline78.csv.4.0.vc.C 
Ans-fold time: 4.9655
==== Integer vector .C compression
Command: /home/louza/mm-repair/sdsl/encode.x /mnt/data/datasets/machine-learning-matrices-split/airline78.csv.4.1.vc.C 
==== Integer vector .R compression
Command: /home/louza/mm-repair/sdsl/encode.x /mnt/data/datasets/machine-learning-matrices-split/airline78.csv.4.1.vc.R 
Integer vector compression time: 4.3798
==== OLE
Command: /home/louza/mm-repair/ole/encode.x /mnt/data/datasets/machine-learning-matrices-split/airline78.csv.4.1.vc.C 
OLE time: 6.4101
==== Ans-fold compression
Command: /home/louza/mm-repair/ans/encode.x /mnt/data/datasets/machine-learning-matrices-split/airline78.csv.4.1.vc.C 
Ans-fold time: 10.3441
==== Integer vector .C compression
Command: /home/louza/mm-repair/sdsl/encode.x /mnt/data/datasets/machine-learning-matrices-split/airline78.csv.4.2.vc.C 
==== Integer vector .R compression
Command: /home/louza/mm-repair/sdsl/encode.x /mnt/data/datasets/machine-learning-matrices-split/airline78.csv.4.2.vc.R 
Integer vector compression time: 2.5130
==== OLE
Command: /home/louza/mm-repair/ole/encode.x /mnt/data/datasets/machine-learning-matrices-split/airline78.csv.4.2.vc.C 
OLE time: 5.1951
==== Ans-fold compression
Command: /home/louza/mm-repair/ans/encode.x /mnt/data/datasets/machine-learning-matrices-split/airline78.csv.4.2.vc.C 
Ans-fold time: 14.8642
==== Integer vector .C compression
Command: /home/louza/mm-repair/sdsl/encode.x /mnt/data/datasets/machine-learning-matrices-split/airline78.csv.4.3.vc.C 
==== Integer vector .R compression
Command: /home/louza/mm-repair/sdsl/encode.x /mnt/data/datasets/machine-learning-matrices-split/airline78.csv.4.3.vc.R 
Integer vector compression time: 4.8109
==== OLE
Command: /home/louza/mm-repair/ole/encode.x /mnt/data/datasets/machine-learning-matrices-split/airline78.csv.4.3.vc.C 
OLE time: 5.5181
==== Ans-fold compression
Command: /home/louza/mm-repair/ans/encode.x /mnt/data/datasets/machine-learning-matrices-split/airline78.csv.4.3.vc.C 
Ans-fold time: 19.6728
Elapsed time: 691.2416
==== Compression Report:
 >> matrix name: /mnt/data/datasets/machine-learning-matrices-split/airline78.csv
 >> conversion time: 468.31
 >> repair time: 162.53
 >> integer vectors time: 4.81
 >> ansf time: 19.67
 >> total time: 691.24
 >> matrix log(alpha)xNumEntries size: 681566188 bytes
 >> matrix dense size: 3355402776 bytes
 >> total number of nonzero: 304762947 (72.66%)
 >> number of distinct nonzero: 7794
 >> CRSV  size: 1276965912 bytes  (38.06%)
 >> RE32  size: 540046820 bytes  (16.09%)
 >> REIV  size: 371301776 bytes  (11.07%)
 >> REANS size: 308776794 bytes  (9.20%)
==== Done

#### 2026-09-04 23:09:22
 Command line: ./mm-repair/matrepair -r -b 4 -p 4 /mnt/data/datasets/machine-learning-matrices-split/airline78.csv 14462943 29 --mapping 
Setting memory for each repair instance to 116013 MBs
Sending logging messages to file: /mnt/data/datasets/machine-learning-matrices-split/airline78.csv.log
==== Conversion bin/csv->csrv
Command: /home/louza/mm-repair/csvmat2csrv -b 4   /mnt/data/datasets/machine-learning-matrices-split/airline78.csv -r 0 -m  14462943 29
Conversion time: 151.8039
==== Repair paralell compression
---- Executing 4 parallel processes
---- Parallel processing completed
Repair time: 172.2519
==== Integer vector .C compression
Command: /home/louza/mm-repair/sdsl/encode.x /mnt/data/datasets/machine-learning-matrices-split/airline78.csv.4.0.vc.C 
==== Integer vector .R compression
Command: /home/louza/mm-repair/sdsl/encode.x /mnt/data/datasets/machine-learning-matrices-split/airline78.csv.4.0.vc.R 
Integer vector compression time: 5.5343
==== Ans-fold compression
Command: /home/louza/mm-repair/ans/encode.x /mnt/data/datasets/machine-learning-matrices-split/airline78.csv.4.0.vc.C 
Ans-fold time: 6.2936
==== Integer vector .C compression
Command: /home/louza/mm-repair/sdsl/encode.x /mnt/data/datasets/machine-learning-matrices-split/airline78.csv.4.1.vc.C 
==== Integer vector .R compression
Command: /home/louza/mm-repair/sdsl/encode.x /mnt/data/datasets/machine-learning-matrices-split/airline78.csv.4.1.vc.R 
Integer vector compression time: 6.7274
==== Ans-fold compression
Command: /home/louza/mm-repair/ans/encode.x /mnt/data/datasets/machine-learning-matrices-split/airline78.csv.4.1.vc.C 
Ans-fold time: 13.3728
==== Integer vector .C compression
Command: /home/louza/mm-repair/sdsl/encode.x /mnt/data/datasets/machine-learning-matrices-split/airline78.csv.4.2.vc.C 
==== Integer vector .R compression
Command: /home/louza/mm-repair/sdsl/encode.x /mnt/data/datasets/machine-learning-matrices-split/airline78.csv.4.2.vc.R 
Integer vector compression time: 8.3991
==== Ans-fold compression
Command: /home/louza/mm-repair/ans/encode.x /mnt/data/datasets/machine-learning-matrices-split/airline78.csv.4.2.vc.C 
Ans-fold time: 18.9661
==== Integer vector .C compression
Command: /home/louza/mm-repair/sdsl/encode.x /mnt/data/datasets/machine-learning-matrices-split/airline78.csv.4.3.vc.C 
==== Integer vector .R compression
Command: /home/louza/mm-repair/sdsl/encode.x /mnt/data/datasets/machine-learning-matrices-split/airline78.csv.4.3.vc.R 
Integer vector compression time: 7.3802
==== Ans-fold compression
Command: /home/louza/mm-repair/ans/encode.x /mnt/data/datasets/machine-learning-matrices-split/airline78.csv.4.3.vc.C 
Ans-fold time: 23.3893
Command: /home/louza/mm-repair/ans/encode.x /mnt/data/datasets/machine-learning-matrices-split/airline78.csv.wcode 
Elapsed time: 375.5946
==== Compression Report:
 >> matrix name: /mnt/data/datasets/machine-learning-matrices-split/airline78.csv
 >> conversion time: 151.80
 >> repair time: 172.25
 >> integer vectors time: 7.38
 >> ansf time: 23.39
 >> total time: 375.59
 >> wcode: 119868 bytes
 >> wcode_ans: 9474 bytes
 >> matrix log(alpha)xNumEntries size: 681566188 bytes
 >> matrix dense size: 3355402776 bytes
 >> total number of nonzero: 304762947 (72.66%)
 >> number of distinct nonzero: 7794
 >> CRSV  size: 1276965912 bytes  (38.06%)
 >> RE32  size: 540166688 bytes  (16.10%)
 >> REIV  size: 371421644 bytes  (11.07%)
 >> REANS size: 310782384 bytes  (9.26%)
==== Done

#### 2026-09-04 23:15:38
 Command line: ./mm-repair/matrepair -r -b 4 -p 4 /mnt/data/datasets/machine-learning-matrices-split/airline78.csv 14462943 29 --split 
Setting memory for each repair instance to 116013 MBs
Sending logging messages to file: /mnt/data/datasets/machine-learning-matrices-split/airline78.csv.log
==== Conversion bin/csv->csrv
Command: /home/louza/mm-repair/csvmat2csrv -b 4   /mnt/data/datasets/machine-learning-matrices-split/airline78.csv -r 0  -s 14462943 29
Conversion time: 441.5740
==== Repair paralell compression
---- Executing 4 parallel processes
---- Parallel processing completed
Repair time: 157.0758
==== Integer vector .C compression
Command: /home/louza/mm-repair/sdsl/encode.x /mnt/data/datasets/machine-learning-matrices-split/airline78.csv.4.0.A.vc.C 
==== Integer vector .R compression
Command: /home/louza/mm-repair/sdsl/encode.x /mnt/data/datasets/machine-learning-matrices-split/airline78.csv.4.0.A.vc.R 
Integer vector compression time: 1.2888
==== Ans-fold compression
Command: /home/louza/mm-repair/ans/encode.x /mnt/data/datasets/machine-learning-matrices-split/airline78.csv.4.0.A.vc.C 
Command: /home/louza/mm-repair/ans/encode.x /mnt/data/datasets/machine-learning-matrices-split/airline78.csv.4.0.B.vc
Ans-fold time: 2.9816
==== Integer vector .C compression
Command: /home/louza/mm-repair/sdsl/encode.x /mnt/data/datasets/machine-learning-matrices-split/airline78.csv.4.1.A.vc.C 
==== Integer vector .R compression
Command: /home/louza/mm-repair/sdsl/encode.x /mnt/data/datasets/machine-learning-matrices-split/airline78.csv.4.1.A.vc.R 
Integer vector compression time: 1.0723
==== Ans-fold compression
Command: /home/louza/mm-repair/ans/encode.x /mnt/data/datasets/machine-learning-matrices-split/airline78.csv.4.1.A.vc.C 
Command: /home/louza/mm-repair/ans/encode.x /mnt/data/datasets/machine-learning-matrices-split/airline78.csv.4.1.B.vc
Ans-fold time: 5.8426
==== Integer vector .C compression
Command: /home/louza/mm-repair/sdsl/encode.x /mnt/data/datasets/machine-learning-matrices-split/airline78.csv.4.2.A.vc.C 
==== Integer vector .R compression
Command: /home/louza/mm-repair/sdsl/encode.x /mnt/data/datasets/machine-learning-matrices-split/airline78.csv.4.2.A.vc.R 
Integer vector compression time: 1.0752
==== Ans-fold compression
Command: /home/louza/mm-repair/ans/encode.x /mnt/data/datasets/machine-learning-matrices-split/airline78.csv.4.2.A.vc.C 
Command: /home/louza/mm-repair/ans/encode.x /mnt/data/datasets/machine-learning-matrices-split/airline78.csv.4.2.B.vc
Ans-fold time: 8.5978
==== Integer vector .C compression
Command: /home/louza/mm-repair/sdsl/encode.x /mnt/data/datasets/machine-learning-matrices-split/airline78.csv.4.3.A.vc.C 
==== Integer vector .R compression
Command: /home/louza/mm-repair/sdsl/encode.x /mnt/data/datasets/machine-learning-matrices-split/airline78.csv.4.3.A.vc.R 
Integer vector compression time: 1.0826
==== Ans-fold compression
Command: /home/louza/mm-repair/ans/encode.x /mnt/data/datasets/machine-learning-matrices-split/airline78.csv.4.3.A.vc.C 
Command: /home/louza/mm-repair/ans/encode.x /mnt/data/datasets/machine-learning-matrices-split/airline78.csv.4.3.B.vc
Ans-fold time: 11.6885
Elapsed time: 614.8577
==== Compression Report:
 >> matrix name: /mnt/data/datasets/machine-learning-matrices-split/airline78.csv
 >> conversion time: 441.57
 >> repair time: 157.08
 >> integer vectors time: 1.08
 >> ansf time: 11.69
 >> total time: 614.86
 >> matrix log(alpha)xNumEntries size: 681566188 bytes
 >> matrix dense size: 3355402776 bytes
 >> total number of nonzero: 302769442 (72.19%)
 >> number of distinct nonzero: 7794
 >> CRSV  size: 1268991892 bytes  (37.82%)
 >> B	  size: 65825792 bytes  (1.96%)
 >> B_ans size: 5429452 bytes  (0.16%)
 >> RE32  size: 537486248 bytes  (16.02%)
 >> REIV  size: 371238100 bytes  (11.06%)
 >> REANS size: 322475120 bytes  (9.61%)
==== Done

#### 2026-09-04 23:25:53
 Command line: ./mm-repair/matrepair -r -b 4 -p 4 /mnt/data/datasets/machine-learning-matrices-split/airline78.csv 14462943 29 --ole --mapping 
Setting memory for each repair instance to 116013 MBs
Sending logging messages to file: /mnt/data/datasets/machine-learning-matrices-split/airline78.csv.log
==== Conversion bin/csv->csrv
Command: /home/louza/mm-repair/csvmat2csrv -b 4   /mnt/data/datasets/machine-learning-matrices-split/airline78.csv -r 0 -m  14462943 29
Conversion time: 102.2510
==== Repair paralell compression
---- Executing 4 parallel processes
---- Parallel processing completed
Repair time: 191.3947
==== Integer vector .C compression
Command: /home/louza/mm-repair/sdsl/encode.x /mnt/data/datasets/machine-learning-matrices-split/airline78.csv.4.0.vc.C 
==== Integer vector .R compression
Command: /home/louza/mm-repair/sdsl/encode.x /mnt/data/datasets/machine-learning-matrices-split/airline78.csv.4.0.vc.R 
Integer vector compression time: 1.6288
==== OLE
Command: /home/louza/mm-repair/ole/encode.x /mnt/data/datasets/machine-learning-matrices-split/airline78.csv.4.0.vc.C 
OLE time: 0.9579
==== Ans-fold compression
Command: /home/louza/mm-repair/ans/encode.x /mnt/data/datasets/machine-learning-matrices-split/airline78.csv.4.0.vc.C 
Ans-fold time: 3.5302
==== Integer vector .C compression
Command: /home/louza/mm-repair/sdsl/encode.x /mnt/data/datasets/machine-learning-matrices-split/airline78.csv.4.1.vc.C 
==== Integer vector .R compression
Command: /home/louza/mm-repair/sdsl/encode.x /mnt/data/datasets/machine-learning-matrices-split/airline78.csv.4.1.vc.R 
Integer vector compression time: 1.7766
==== OLE
Command: /home/louza/mm-repair/ole/encode.x /mnt/data/datasets/machine-learning-matrices-split/airline78.csv.4.1.vc.C 
OLE time: 0.9633
==== Ans-fold compression
Command: /home/louza/mm-repair/ans/encode.x /mnt/data/datasets/machine-learning-matrices-split/airline78.csv.4.1.vc.C 
Ans-fold time: 7.1642
==== Integer vector .C compression
Command: /home/louza/mm-repair/sdsl/encode.x /mnt/data/datasets/machine-learning-matrices-split/airline78.csv.4.2.vc.C 
==== Integer vector .R compression
Command: /home/louza/mm-repair/sdsl/encode.x /mnt/data/datasets/machine-learning-matrices-split/airline78.csv.4.2.vc.R 
Integer vector compression time: 1.7407
==== OLE
Command: /home/louza/mm-repair/ole/encode.x /mnt/data/datasets/machine-learning-matrices-split/airline78.csv.4.2.vc.C 
OLE time: 1.0293
==== Ans-fold compression
Command: /home/louza/mm-repair/ans/encode.x /mnt/data/datasets/machine-learning-matrices-split/airline78.csv.4.2.vc.C 
Ans-fold time: 10.3603
==== Integer vector .C compression
Command: /home/louza/mm-repair/sdsl/encode.x /mnt/data/datasets/machine-learning-matrices-split/airline78.csv.4.3.vc.C 
==== Integer vector .R compression
Command: /home/louza/mm-repair/sdsl/encode.x /mnt/data/datasets/machine-learning-matrices-split/airline78.csv.4.3.vc.R 
Integer vector compression time: 1.5753
==== OLE
Command: /home/louza/mm-repair/ole/encode.x /mnt/data/datasets/machine-learning-matrices-split/airline78.csv.4.3.vc.C 
OLE time: 0.9294
==== Ans-fold compression
Command: /home/louza/mm-repair/ans/encode.x /mnt/data/datasets/machine-learning-matrices-split/airline78.csv.4.3.vc.C 
Ans-fold time: 12.9821
Command: /home/louza/mm-repair/ans/encode.x /mnt/data/datasets/machine-learning-matrices-split/airline78.csv.wcode 
Elapsed time: 317.2334
==== Compression Report:
 >> matrix name: /mnt/data/datasets/machine-learning-matrices-split/airline78.csv
 >> conversion time: 102.25
 >> repair time: 191.39
 >> integer vectors time: 1.58
 >> ansf time: 12.98
 >> total time: 317.23
 >> wcode: 119868 bytes
 >> wcode_ans: 9474 bytes
 >> matrix log(alpha)xNumEntries size: 681566188 bytes
 >> matrix dense size: 3355402776 bytes
 >> total number of nonzero: 304762947 (72.66%)
 >> number of distinct nonzero: 7794
 >> CRSV  size: 1276965912 bytes  (38.06%)
 >> RE32  size: 540166688 bytes  (16.10%)
 >> REIV  size: 371421644 bytes  (11.07%)
 >> REANS size: 301561716 bytes  (8.99%)
==== Done

#### 2026-09-04 23:31:10
 Command line: ./mm-repair/matrepair -r -b 4 -p 4 /mnt/data/datasets/machine-learning-matrices-split/airline78.csv 14462943 29 --ole --split 
Setting memory for each repair instance to 116013 MBs
Sending logging messages to file: /mnt/data/datasets/machine-learning-matrices-split/airline78.csv.log
==== Conversion bin/csv->csrv
Command: /home/louza/mm-repair/csvmat2csrv -b 4   /mnt/data/datasets/machine-learning-matrices-split/airline78.csv -r 0  -s 14462943 29
Conversion time: 491.7628
==== Repair paralell compression
---- Executing 4 parallel processes
---- Parallel processing completed
Repair time: 150.0798
==== Integer vector .C compression
Command: /home/louza/mm-repair/sdsl/encode.x /mnt/data/datasets/machine-learning-matrices-split/airline78.csv.4.0.A.vc.C 
==== Integer vector .R compression
Command: /home/louza/mm-repair/sdsl/encode.x /mnt/data/datasets/machine-learning-matrices-split/airline78.csv.4.0.A.vc.R 
Integer vector compression time: 1.9753
==== OLE
Command: /home/louza/mm-repair/ole/encode.x /mnt/data/datasets/machine-learning-matrices-split/airline78.csv.4.0.A.vc.C 
Command: /home/louza/mm-repair/ole/encode.x /mnt/data/datasets/machine-learning-matrices-split/airline78.csv.4.0.B.vc 
OLE time: 0.1072
==== Ans-fold compression
Command: /home/louza/mm-repair/ans/encode.x /mnt/data/datasets/machine-learning-matrices-split/airline78.csv.4.0.A.vc.C 
Command: /home/louza/mm-repair/ans/encode.x /mnt/data/datasets/machine-learning-matrices-split/airline78.csv.4.0.B.vc
Ans-fold time: 3.5718
==== Integer vector .C compression
Command: /home/louza/mm-repair/sdsl/encode.x /mnt/data/datasets/machine-learning-matrices-split/airline78.csv.4.1.A.vc.C 
==== Integer vector .R compression
Command: /home/louza/mm-repair/sdsl/encode.x /mnt/data/datasets/machine-learning-matrices-split/airline78.csv.4.1.A.vc.R 
Integer vector compression time: 2.1505
==== OLE
Command: /home/louza/mm-repair/ole/encode.x /mnt/data/datasets/machine-learning-matrices-split/airline78.csv.4.1.A.vc.C 
Command: /home/louza/mm-repair/ole/encode.x /mnt/data/datasets/machine-learning-matrices-split/airline78.csv.4.1.B.vc 
OLE time: 0.2655
==== Ans-fold compression
Command: /home/louza/mm-repair/ans/encode.x /mnt/data/datasets/machine-learning-matrices-split/airline78.csv.4.1.A.vc.C 
Command: /home/louza/mm-repair/ans/encode.x /mnt/data/datasets/machine-learning-matrices-split/airline78.csv.4.1.B.vc
Ans-fold time: 7.5646
==== Integer vector .C compression
Command: /home/louza/mm-repair/sdsl/encode.x /mnt/data/datasets/machine-learning-matrices-split/airline78.csv.4.2.A.vc.C 
==== Integer vector .R compression
Command: /home/louza/mm-repair/sdsl/encode.x /mnt/data/datasets/machine-learning-matrices-split/airline78.csv.4.2.A.vc.R 
Integer vector compression time: 2.9487
==== OLE
Command: /home/louza/mm-repair/ole/encode.x /mnt/data/datasets/machine-learning-matrices-split/airline78.csv.4.2.A.vc.C 
Command: /home/louza/mm-repair/ole/encode.x /mnt/data/datasets/machine-learning-matrices-split/airline78.csv.4.2.B.vc 
OLE time: 0.3622
==== Ans-fold compression
Command: /home/louza/mm-repair/ans/encode.x /mnt/data/datasets/machine-learning-matrices-split/airline78.csv.4.2.A.vc.C 
Command: /home/louza/mm-repair/ans/encode.x /mnt/data/datasets/machine-learning-matrices-split/airline78.csv.4.2.B.vc
Ans-fold time: 10.8420
==== Integer vector .C compression
Command: /home/louza/mm-repair/sdsl/encode.x /mnt/data/datasets/machine-learning-matrices-split/airline78.csv.4.3.A.vc.C 
==== Integer vector .R compression
Command: /home/louza/mm-repair/sdsl/encode.x /mnt/data/datasets/machine-learning-matrices-split/airline78.csv.4.3.A.vc.R 
Integer vector compression time: 1.7210
==== OLE
Command: /home/louza/mm-repair/ole/encode.x /mnt/data/datasets/machine-learning-matrices-split/airline78.csv.4.3.A.vc.C 
Command: /home/louza/mm-repair/ole/encode.x /mnt/data/datasets/machine-learning-matrices-split/airline78.csv.4.3.B.vc 
OLE time: 0.4268
==== Ans-fold compression
Command: /home/louza/mm-repair/ans/encode.x /mnt/data/datasets/machine-learning-matrices-split/airline78.csv.4.3.A.vc.C 
Command: /home/louza/mm-repair/ans/encode.x /mnt/data/datasets/machine-learning-matrices-split/airline78.csv.4.3.B.vc
Ans-fold time: 14.2239
Elapsed time: 672.7831
==== Compression Report:
 >> matrix name: /mnt/data/datasets/machine-learning-matrices-split/airline78.csv
 >> conversion time: 491.76
 >> repair time: 150.08
 >> integer vectors time: 1.72
 >> ansf time: 14.22
 >> total time: 672.78
 >> matrix log(alpha)xNumEntries size: 681566188 bytes
 >> matrix dense size: 3355402776 bytes
 >> total number of nonzero: 302769442 (72.19%)
 >> number of distinct nonzero: 7794
 >> CRSV  size: 1268991892 bytes  (37.82%)
 >> B	  size: 65825792 bytes  (1.96%)
 >> B_ans size: 5383172 bytes  (0.16%)
 >> RE32  size: 537439968 bytes  (16.02%)
 >> REIV  size: 371191820 bytes  (11.06%)
 >> REANS size: 309393456 bytes  (9.22%)
==== Done

#### 2026-09-04 23:42:23
 Command line: ./mm-repair/matrepair -r -b 4 -p 4 /mnt/data/datasets/machine-learning-matrices-split/airline78.csv 14462943 29 --mapping --split 
Setting memory for each repair instance to 116013 MBs
Sending logging messages to file: /mnt/data/datasets/machine-learning-matrices-split/airline78.csv.log
==== Conversion bin/csv->csrv
Command: /home/louza/mm-repair/csvmat2csrv -b 4   /mnt/data/datasets/machine-learning-matrices-split/airline78.csv -r 0 -m -s 14462943 29
Conversion time: 428.6705
==== Repair paralell compression
---- Executing 4 parallel processes
---- Parallel processing completed
Repair time: 130.3650
==== Integer vector .C compression
Command: /home/louza/mm-repair/sdsl/encode.x /mnt/data/datasets/machine-learning-matrices-split/airline78.csv.4.0.A.vc.C 
==== Integer vector .R compression
Command: /home/louza/mm-repair/sdsl/encode.x /mnt/data/datasets/machine-learning-matrices-split/airline78.csv.4.0.A.vc.R 
Integer vector compression time: 1.7067
==== Ans-fold compression
Command: /home/louza/mm-repair/ans/encode.x /mnt/data/datasets/machine-learning-matrices-split/airline78.csv.4.0.A.vc.C 
Command: /home/louza/mm-repair/ans/encode.x /mnt/data/datasets/machine-learning-matrices-split/airline78.csv.4.0.B.vc
Ans-fold time: 3.2682
==== Integer vector .C compression
Command: /home/louza/mm-repair/sdsl/encode.x /mnt/data/datasets/machine-learning-matrices-split/airline78.csv.4.1.A.vc.C 
==== Integer vector .R compression
Command: /home/louza/mm-repair/sdsl/encode.x /mnt/data/datasets/machine-learning-matrices-split/airline78.csv.4.1.A.vc.R 
Integer vector compression time: 1.6141
==== Ans-fold compression
Command: /home/louza/mm-repair/ans/encode.x /mnt/data/datasets/machine-learning-matrices-split/airline78.csv.4.1.A.vc.C 
Command: /home/louza/mm-repair/ans/encode.x /mnt/data/datasets/machine-learning-matrices-split/airline78.csv.4.1.B.vc
Ans-fold time: 6.4881
==== Integer vector .C compression
Command: /home/louza/mm-repair/sdsl/encode.x /mnt/data/datasets/machine-learning-matrices-split/airline78.csv.4.2.A.vc.C 
==== Integer vector .R compression
Command: /home/louza/mm-repair/sdsl/encode.x /mnt/data/datasets/machine-learning-matrices-split/airline78.csv.4.2.A.vc.R 
Integer vector compression time: 1.5069
==== Ans-fold compression
Command: /home/louza/mm-repair/ans/encode.x /mnt/data/datasets/machine-learning-matrices-split/airline78.csv.4.2.A.vc.C 
Command: /home/louza/mm-repair/ans/encode.x /mnt/data/datasets/machine-learning-matrices-split/airline78.csv.4.2.B.vc
Ans-fold time: 10.7528
==== Integer vector .C compression
Command: /home/louza/mm-repair/sdsl/encode.x /mnt/data/datasets/machine-learning-matrices-split/airline78.csv.4.3.A.vc.C 
==== Integer vector .R compression
Command: /home/louza/mm-repair/sdsl/encode.x /mnt/data/datasets/machine-learning-matrices-split/airline78.csv.4.3.A.vc.R 
Integer vector compression time: 2.8671
==== Ans-fold compression
Command: /home/louza/mm-repair/ans/encode.x /mnt/data/datasets/machine-learning-matrices-split/airline78.csv.4.3.A.vc.C 
Command: /home/louza/mm-repair/ans/encode.x /mnt/data/datasets/machine-learning-matrices-split/airline78.csv.4.3.B.vc
Ans-fold time: 14.6140
Command: /home/louza/mm-repair/ans/encode.x /mnt/data/datasets/machine-learning-matrices-split/airline78.csv.wcode 
Elapsed time: 581.3474
==== Compression Report:
 >> matrix name: /mnt/data/datasets/machine-learning-matrices-split/airline78.csv
 >> conversion time: 428.67
 >> repair time: 130.36
 >> integer vectors time: 2.87
 >> ansf time: 14.61
 >> total time: 581.35
 >> wcode: 119868 bytes
 >> wcode_ans: 9474 bytes
 >> matrix log(alpha)xNumEntries size: 681566188 bytes
 >> matrix dense size: 3355402776 bytes
 >> total number of nonzero: 302769442 (72.19%)
 >> number of distinct nonzero: 7794
 >> CRSV  size: 1268991892 bytes  (37.82%)
 >> B	  size: 65825792 bytes  (1.96%)
 >> B_ans size: 4775700 bytes  (0.14%)
 >> RE32  size: 536952364 bytes  (16.00%)
 >> REIV  size: 370704216 bytes  (11.05%)
 >> REANS size: 310735478 bytes  (9.26%)
==== Done

#### 2026-09-04 23:52:05
 Command line: ./mm-repair/matrepair -r -b 4 -p 4 /mnt/data/datasets/machine-learning-matrices-split/airline78.csv 14462943 29 --ole --mapping --split 
Setting memory for each repair instance to 116013 MBs
Sending logging messages to file: /mnt/data/datasets/machine-learning-matrices-split/airline78.csv.log
==== Conversion bin/csv->csrv
Command: /home/louza/mm-repair/csvmat2csrv -b 4   /mnt/data/datasets/machine-learning-matrices-split/airline78.csv -r 0 -m -s 14462943 29
Conversion time: 434.0588
==== Repair paralell compression
---- Executing 4 parallel processes
---- Parallel processing completed
Repair time: 151.7095
==== Integer vector .C compression
Command: /home/louza/mm-repair/sdsl/encode.x /mnt/data/datasets/machine-learning-matrices-split/airline78.csv.4.0.A.vc.C 
==== Integer vector .R compression
Command: /home/louza/mm-repair/sdsl/encode.x /mnt/data/datasets/machine-learning-matrices-split/airline78.csv.4.0.A.vc.R 
Integer vector compression time: 2.1975
==== OLE
Command: /home/louza/mm-repair/ole/encode.x /mnt/data/datasets/machine-learning-matrices-split/airline78.csv.4.0.A.vc.C 
Command: /home/louza/mm-repair/ole/encode.x /mnt/data/datasets/machine-learning-matrices-split/airline78.csv.4.0.B.vc 
OLE time: 0.1647
==== Ans-fold compression
Command: /home/louza/mm-repair/ans/encode.x /mnt/data/datasets/machine-learning-matrices-split/airline78.csv.4.0.A.vc.C 
Command: /home/louza/mm-repair/ans/encode.x /mnt/data/datasets/machine-learning-matrices-split/airline78.csv.4.0.B.vc
Ans-fold time: 3.6312
==== Integer vector .C compression
Command: /home/louza/mm-repair/sdsl/encode.x /mnt/data/datasets/machine-learning-matrices-split/airline78.csv.4.1.A.vc.C 
==== Integer vector .R compression
Command: /home/louza/mm-repair/sdsl/encode.x /mnt/data/datasets/machine-learning-matrices-split/airline78.csv.4.1.A.vc.R 
Integer vector compression time: 1.7216
==== OLE
Command: /home/louza/mm-repair/ole/encode.x /mnt/data/datasets/machine-learning-matrices-split/airline78.csv.4.1.A.vc.C 
Command: /home/louza/mm-repair/ole/encode.x /mnt/data/datasets/machine-learning-matrices-split/airline78.csv.4.1.B.vc 
OLE time: 0.1555
==== Ans-fold compression
Command: /home/louza/mm-repair/ans/encode.x /mnt/data/datasets/machine-learning-matrices-split/airline78.csv.4.1.A.vc.C 
Command: /home/louza/mm-repair/ans/encode.x /mnt/data/datasets/machine-learning-matrices-split/airline78.csv.4.1.B.vc
Ans-fold time: 7.6854
==== Integer vector .C compression
Command: /home/louza/mm-repair/sdsl/encode.x /mnt/data/datasets/machine-learning-matrices-split/airline78.csv.4.2.A.vc.C 
==== Integer vector .R compression
Command: /home/louza/mm-repair/sdsl/encode.x /mnt/data/datasets/machine-learning-matrices-split/airline78.csv.4.2.A.vc.R 
Integer vector compression time: 3.7494
==== OLE
Command: /home/louza/mm-repair/ole/encode.x /mnt/data/datasets/machine-learning-matrices-split/airline78.csv.4.2.A.vc.C 
Command: /home/louza/mm-repair/ole/encode.x /mnt/data/datasets/machine-learning-matrices-split/airline78.csv.4.2.B.vc 
OLE time: 0.4888
==== Ans-fold compression
Command: /home/louza/mm-repair/ans/encode.x /mnt/data/datasets/machine-learning-matrices-split/airline78.csv.4.2.A.vc.C 
Command: /home/louza/mm-repair/ans/encode.x /mnt/data/datasets/machine-learning-matrices-split/airline78.csv.4.2.B.vc
Ans-fold time: 12.5280
==== Integer vector .C compression
Command: /home/louza/mm-repair/sdsl/encode.x /mnt/data/datasets/machine-learning-matrices-split/airline78.csv.4.3.A.vc.C 
==== Integer vector .R compression
Command: /home/louza/mm-repair/sdsl/encode.x /mnt/data/datasets/machine-learning-matrices-split/airline78.csv.4.3.A.vc.R 
Integer vector compression time: 5.2805
==== OLE
Command: /home/louza/mm-repair/ole/encode.x /mnt/data/datasets/machine-learning-matrices-split/airline78.csv.4.3.A.vc.C 
Command: /home/louza/mm-repair/ole/encode.x /mnt/data/datasets/machine-learning-matrices-split/airline78.csv.4.3.B.vc 
OLE time: 0.5589
==== Ans-fold compression
Command: /home/louza/mm-repair/ans/encode.x /mnt/data/datasets/machine-learning-matrices-split/airline78.csv.4.3.A.vc.C 
Command: /home/louza/mm-repair/ans/encode.x /mnt/data/datasets/machine-learning-matrices-split/airline78.csv.4.3.B.vc
Ans-fold time: 17.8718
Command: /home/louza/mm-repair/ans/encode.x /mnt/data/datasets/machine-learning-matrices-split/airline78.csv.wcode 
Elapsed time: 627.5710
==== Compression Report:
 >> matrix name: /mnt/data/datasets/machine-learning-matrices-split/airline78.csv
 >> conversion time: 434.06
 >> repair time: 151.71
 >> integer vectors time: 5.28
 >> ansf time: 17.87
 >> total time: 627.57
 >> wcode: 119868 bytes
 >> wcode_ans: 9474 bytes
 >> matrix log(alpha)xNumEntries size: 681566188 bytes
 >> matrix dense size: 3355402776 bytes
 >> total number of nonzero: 302769442 (72.19%)
 >> number of distinct nonzero: 7794
 >> CRSV  size: 1268991892 bytes  (37.82%)
 >> B	  size: 65825792 bytes  (1.96%)
 >> B_ans size: 4746157 bytes  (0.14%)
 >> RE32  size: 536922821 bytes  (16.00%)
 >> REIV  size: 370674673 bytes  (11.05%)
 >> REANS size: 301843483 bytes  (9.00%)
==== Done
REANS -b 8

#### 2026-09-05 13:56:06
 Command line: ./mm-repair/matrepair -r -b 8 -p 8 /mnt/data/datasets/machine-learning-matrices-split/airline78.csv 14462943 29 
Setting memory for each repair instance to 58006 MBs
Sending logging messages to file: /mnt/data/datasets/machine-learning-matrices-split/airline78.csv.log
==== Conversion bin/csv->csrv
Command: /home/louza/mm-repair/csvmat2csrv -b 8   /mnt/data/datasets/machine-learning-matrices-split/airline78.csv -r 0   14462943 29
Conversion time: 35.2687
==== Repair paralell compression
---- Executing 8 parallel processes
---- Parallel processing completed
Repair time: 423.7807
==== Integer vector .C compression
Command: /home/louza/mm-repair/sdsl/encode.x /mnt/data/datasets/machine-learning-matrices-split/airline78.csv.8.0.vc.C 
==== Integer vector .R compression
Command: /home/louza/mm-repair/sdsl/encode.x /mnt/data/datasets/machine-learning-matrices-split/airline78.csv.8.0.vc.R 
Integer vector compression time: 0.6559
==== Ans-fold compression
Command: /home/louza/mm-repair/ans/encode.x /mnt/data/datasets/machine-learning-matrices-split/airline78.csv.8.0.vc.C 
Ans-fold time: 1.8528
==== Integer vector .C compression
Command: /home/louza/mm-repair/sdsl/encode.x /mnt/data/datasets/machine-learning-matrices-split/airline78.csv.8.1.vc.C 
==== Integer vector .R compression
Command: /home/louza/mm-repair/sdsl/encode.x /mnt/data/datasets/machine-learning-matrices-split/airline78.csv.8.1.vc.R 
Integer vector compression time: 0.6369
==== Ans-fold compression
Command: /home/louza/mm-repair/ans/encode.x /mnt/data/datasets/machine-learning-matrices-split/airline78.csv.8.1.vc.C 
Ans-fold time: 4.0263
==== Integer vector .C compression
Command: /home/louza/mm-repair/sdsl/encode.x /mnt/data/datasets/machine-learning-matrices-split/airline78.csv.8.2.vc.C 
==== Integer vector .R compression
Command: /home/louza/mm-repair/sdsl/encode.x /mnt/data/datasets/machine-learning-matrices-split/airline78.csv.8.2.vc.R 
Integer vector compression time: 0.7691
==== Ans-fold compression
Command: /home/louza/mm-repair/ans/encode.x /mnt/data/datasets/machine-learning-matrices-split/airline78.csv.8.2.vc.C 
Ans-fold time: 5.8973
==== Integer vector .C compression
Command: /home/louza/mm-repair/sdsl/encode.x /mnt/data/datasets/machine-learning-matrices-split/airline78.csv.8.3.vc.C 
==== Integer vector .R compression
Command: /home/louza/mm-repair/sdsl/encode.x /mnt/data/datasets/machine-learning-matrices-split/airline78.csv.8.3.vc.R 
Integer vector compression time: 0.7222
==== Ans-fold compression
Command: /home/louza/mm-repair/ans/encode.x /mnt/data/datasets/machine-learning-matrices-split/airline78.csv.8.3.vc.C 
Ans-fold time: 8.3853
==== Integer vector .C compression
Command: /home/louza/mm-repair/sdsl/encode.x /mnt/data/datasets/machine-learning-matrices-split/airline78.csv.8.4.vc.C 
==== Integer vector .R compression
Command: /home/louza/mm-repair/sdsl/encode.x /mnt/data/datasets/machine-learning-matrices-split/airline78.csv.8.4.vc.R 
Integer vector compression time: 0.8062
==== Ans-fold compression
Command: /home/louza/mm-repair/ans/encode.x /mnt/data/datasets/machine-learning-matrices-split/airline78.csv.8.4.vc.C 
Ans-fold time: 10.3717
==== Integer vector .C compression
Command: /home/louza/mm-repair/sdsl/encode.x /mnt/data/datasets/machine-learning-matrices-split/airline78.csv.8.5.vc.C 
==== Integer vector .R compression
Command: /home/louza/mm-repair/sdsl/encode.x /mnt/data/datasets/machine-learning-matrices-split/airline78.csv.8.5.vc.R 
Integer vector compression time: 0.6147
==== Ans-fold compression
Command: /home/louza/mm-repair/ans/encode.x /mnt/data/datasets/machine-learning-matrices-split/airline78.csv.8.5.vc.C 
Ans-fold time: 12.0020
==== Integer vector .C compression
Command: /home/louza/mm-repair/sdsl/encode.x /mnt/data/datasets/machine-learning-matrices-split/airline78.csv.8.6.vc.C 
==== Integer vector .R compression
Command: /home/louza/mm-repair/sdsl/encode.x /mnt/data/datasets/machine-learning-matrices-split/airline78.csv.8.6.vc.R 
Integer vector compression time: 0.6419
==== Ans-fold compression
Command: /home/louza/mm-repair/ans/encode.x /mnt/data/datasets/machine-learning-matrices-split/airline78.csv.8.6.vc.C 
Ans-fold time: 14.4779
==== Integer vector .C compression
Command: /home/louza/mm-repair/sdsl/encode.x /mnt/data/datasets/machine-learning-matrices-split/airline78.csv.8.7.vc.C 
==== Integer vector .R compression
Command: /home/louza/mm-repair/sdsl/encode.x /mnt/data/datasets/machine-learning-matrices-split/airline78.csv.8.7.vc.R 
Integer vector compression time: 0.6926
==== Ans-fold compression
Command: /home/louza/mm-repair/ans/encode.x /mnt/data/datasets/machine-learning-matrices-split/airline78.csv.8.7.vc.C 
Ans-fold time: 17.0976
Elapsed time: 481.6876
==== Compression Report:
 >> matrix name: /mnt/data/datasets/machine-learning-matrices-split/airline78.csv
 >> conversion time: 35.27
 >> repair time: 423.78
 >> integer vectors time: 0.69
 >> ansf time: 17.10
 >> total time: 481.69
 >> matrix log(alpha)xNumEntries size: 681566188 bytes
 >> matrix dense size: 3355402776 bytes
 >> total number of nonzero: 304762947 (72.66%)
 >> number of distinct nonzero: 7794
 >> CRSV  size: 1276965912 bytes  (38.06%)
 >> RE32  size: 564510136 bytes  (16.82%)
 >> REIV  size: 370481408 bytes  (11.04%)
 >> REANS size: 328219943 bytes  (9.78%)
==== Done

#### 2026-09-05 14:04:08
 Command line: ./mm-repair/matrepair -r -b 8 -p 8 /mnt/data/datasets/machine-learning-matrices-split/airline78.csv 14462943 29 --ole 
Setting memory for each repair instance to 58006 MBs
Sending logging messages to file: /mnt/data/datasets/machine-learning-matrices-split/airline78.csv.log
==== Conversion bin/csv->csrv
Command: /home/louza/mm-repair/csvmat2csrv -b 8   /mnt/data/datasets/machine-learning-matrices-split/airline78.csv -r 0   14462943 29
Conversion time: 133.7942
==== Repair paralell compression
---- Executing 8 parallel processes
---- Parallel processing completed
Repair time: 179.6612
==== Integer vector .C compression
Command: /home/louza/mm-repair/sdsl/encode.x /mnt/data/datasets/machine-learning-matrices-split/airline78.csv.8.0.vc.C 
==== Integer vector .R compression
Command: /home/louza/mm-repair/sdsl/encode.x /mnt/data/datasets/machine-learning-matrices-split/airline78.csv.8.0.vc.R 
Integer vector compression time: 2.3896
==== OLE
Command: /home/louza/mm-repair/ole/encode.x /mnt/data/datasets/machine-learning-matrices-split/airline78.csv.8.0.vc.C 
OLE time: 1.7118
==== Ans-fold compression
Command: /home/louza/mm-repair/ans/encode.x /mnt/data/datasets/machine-learning-matrices-split/airline78.csv.8.0.vc.C 
Ans-fold time: 2.7196
==== Integer vector .C compression
Command: /home/louza/mm-repair/sdsl/encode.x /mnt/data/datasets/machine-learning-matrices-split/airline78.csv.8.1.vc.C 
==== Integer vector .R compression
Command: /home/louza/mm-repair/sdsl/encode.x /mnt/data/datasets/machine-learning-matrices-split/airline78.csv.8.1.vc.R 
Integer vector compression time: 2.4677
==== OLE
Command: /home/louza/mm-repair/ole/encode.x /mnt/data/datasets/machine-learning-matrices-split/airline78.csv.8.1.vc.C 
OLE time: 2.3213
==== Ans-fold compression
Command: /home/louza/mm-repair/ans/encode.x /mnt/data/datasets/machine-learning-matrices-split/airline78.csv.8.1.vc.C 
Ans-fold time: 6.7583
==== Integer vector .C compression
Command: /home/louza/mm-repair/sdsl/encode.x /mnt/data/datasets/machine-learning-matrices-split/airline78.csv.8.2.vc.C 
==== Integer vector .R compression
Command: /home/louza/mm-repair/sdsl/encode.x /mnt/data/datasets/machine-learning-matrices-split/airline78.csv.8.2.vc.R 
Integer vector compression time: 1.6294
==== OLE
Command: /home/louza/mm-repair/ole/encode.x /mnt/data/datasets/machine-learning-matrices-split/airline78.csv.8.2.vc.C 
OLE time: 1.2240
==== Ans-fold compression
Command: /home/louza/mm-repair/ans/encode.x /mnt/data/datasets/machine-learning-matrices-split/airline78.csv.8.2.vc.C 
Ans-fold time: 9.1028
==== Integer vector .C compression
Command: /home/louza/mm-repair/sdsl/encode.x /mnt/data/datasets/machine-learning-matrices-split/airline78.csv.8.3.vc.C 
==== Integer vector .R compression
Command: /home/louza/mm-repair/sdsl/encode.x /mnt/data/datasets/machine-learning-matrices-split/airline78.csv.8.3.vc.R 
Integer vector compression time: 1.4893
==== OLE
Command: /home/louza/mm-repair/ole/encode.x /mnt/data/datasets/machine-learning-matrices-split/airline78.csv.8.3.vc.C 
OLE time: 2.6490
==== Ans-fold compression
Command: /home/louza/mm-repair/ans/encode.x /mnt/data/datasets/machine-learning-matrices-split/airline78.csv.8.3.vc.C 
Ans-fold time: 11.8846
==== Integer vector .C compression
Command: /home/louza/mm-repair/sdsl/encode.x /mnt/data/datasets/machine-learning-matrices-split/airline78.csv.8.4.vc.C 
==== Integer vector .R compression
Command: /home/louza/mm-repair/sdsl/encode.x /mnt/data/datasets/machine-learning-matrices-split/airline78.csv.8.4.vc.R 
Integer vector compression time: 2.8444
==== OLE
Command: /home/louza/mm-repair/ole/encode.x /mnt/data/datasets/machine-learning-matrices-split/airline78.csv.8.4.vc.C 
OLE time: 7.7969
==== Ans-fold compression
Command: /home/louza/mm-repair/ans/encode.x /mnt/data/datasets/machine-learning-matrices-split/airline78.csv.8.4.vc.C 
Ans-fold time: 15.9312
==== Integer vector .C compression
Command: /home/louza/mm-repair/sdsl/encode.x /mnt/data/datasets/machine-learning-matrices-split/airline78.csv.8.5.vc.C 
==== Integer vector .R compression
Command: /home/louza/mm-repair/sdsl/encode.x /mnt/data/datasets/machine-learning-matrices-split/airline78.csv.8.5.vc.R 
Integer vector compression time: 6.4744
==== OLE
Command: /home/louza/mm-repair/ole/encode.x /mnt/data/datasets/machine-learning-matrices-split/airline78.csv.8.5.vc.C 
OLE time: 3.9894
==== Ans-fold compression
Command: /home/louza/mm-repair/ans/encode.x /mnt/data/datasets/machine-learning-matrices-split/airline78.csv.8.5.vc.C 
Ans-fold time: 20.0565
==== Integer vector .C compression
Command: /home/louza/mm-repair/sdsl/encode.x /mnt/data/datasets/machine-learning-matrices-split/airline78.csv.8.6.vc.C 
==== Integer vector .R compression
Command: /home/louza/mm-repair/sdsl/encode.x /mnt/data/datasets/machine-learning-matrices-split/airline78.csv.8.6.vc.R 
Integer vector compression time: 3.7651
==== OLE
Command: /home/louza/mm-repair/ole/encode.x /mnt/data/datasets/machine-learning-matrices-split/airline78.csv.8.6.vc.C 
OLE time: 1.5775
==== Ans-fold compression
Command: /home/louza/mm-repair/ans/encode.x /mnt/data/datasets/machine-learning-matrices-split/airline78.csv.8.6.vc.C 
Ans-fold time: 26.1972
==== Integer vector .C compression
Command: /home/louza/mm-repair/sdsl/encode.x /mnt/data/datasets/machine-learning-matrices-split/airline78.csv.8.7.vc.C 
==== Integer vector .R compression
Command: /home/louza/mm-repair/sdsl/encode.x /mnt/data/datasets/machine-learning-matrices-split/airline78.csv.8.7.vc.R 
Integer vector compression time: 6.3594
==== OLE
Command: /home/louza/mm-repair/ole/encode.x /mnt/data/datasets/machine-learning-matrices-split/airline78.csv.8.7.vc.C 
OLE time: 1.6860
==== Ans-fold compression
Command: /home/louza/mm-repair/ans/encode.x /mnt/data/datasets/machine-learning-matrices-split/airline78.csv.8.7.vc.C 
Ans-fold time: 28.3668
Elapsed time: 392.1988
==== Compression Report:
 >> matrix name: /mnt/data/datasets/machine-learning-matrices-split/airline78.csv
 >> conversion time: 133.79
 >> repair time: 179.66
 >> integer vectors time: 6.36
 >> ansf time: 28.37
 >> total time: 392.20
 >> matrix log(alpha)xNumEntries size: 681566188 bytes
 >> matrix dense size: 3355402776 bytes
 >> total number of nonzero: 304762947 (72.66%)
 >> number of distinct nonzero: 7794
 >> CRSV  size: 1276965912 bytes  (38.06%)
 >> RE32  size: 564510136 bytes  (16.82%)
 >> REIV  size: 370481408 bytes  (11.04%)
 >> REANS size: 312827356 bytes  (9.32%)
==== Done

#### 2026-09-05 14:10:40
 Command line: ./mm-repair/matrepair -r -b 8 -p 8 /mnt/data/datasets/machine-learning-matrices-split/airline78.csv 14462943 29 --mapping 
Setting memory for each repair instance to 58006 MBs
Sending logging messages to file: /mnt/data/datasets/machine-learning-matrices-split/airline78.csv.log
==== Conversion bin/csv->csrv
Command: /home/louza/mm-repair/csvmat2csrv -b 8   /mnt/data/datasets/machine-learning-matrices-split/airline78.csv -r 0 -m  14462943 29
Conversion time: 141.2187
==== Repair paralell compression
---- Executing 8 parallel processes
---- Parallel processing completed
Repair time: 147.3758
==== Integer vector .C compression
Command: /home/louza/mm-repair/sdsl/encode.x /mnt/data/datasets/machine-learning-matrices-split/airline78.csv.8.0.vc.C 
==== Integer vector .R compression
Command: /home/louza/mm-repair/sdsl/encode.x /mnt/data/datasets/machine-learning-matrices-split/airline78.csv.8.0.vc.R 
Integer vector compression time: 1.5292
==== Ans-fold compression
Command: /home/louza/mm-repair/ans/encode.x /mnt/data/datasets/machine-learning-matrices-split/airline78.csv.8.0.vc.C 
Ans-fold time: 3.1101
==== Integer vector .C compression
Command: /home/louza/mm-repair/sdsl/encode.x /mnt/data/datasets/machine-learning-matrices-split/airline78.csv.8.1.vc.C 
==== Integer vector .R compression
Command: /home/louza/mm-repair/sdsl/encode.x /mnt/data/datasets/machine-learning-matrices-split/airline78.csv.8.1.vc.R 
Integer vector compression time: 1.9286
==== Ans-fold compression
Command: /home/louza/mm-repair/ans/encode.x /mnt/data/datasets/machine-learning-matrices-split/airline78.csv.8.1.vc.C 
Ans-fold time: 6.0406
==== Integer vector .C compression
Command: /home/louza/mm-repair/sdsl/encode.x /mnt/data/datasets/machine-learning-matrices-split/airline78.csv.8.2.vc.C 
==== Integer vector .R compression
Command: /home/louza/mm-repair/sdsl/encode.x /mnt/data/datasets/machine-learning-matrices-split/airline78.csv.8.2.vc.R 
Integer vector compression time: 1.2474
==== Ans-fold compression
Command: /home/louza/mm-repair/ans/encode.x /mnt/data/datasets/machine-learning-matrices-split/airline78.csv.8.2.vc.C 
Ans-fold time: 9.3335
==== Integer vector .C compression
Command: /home/louza/mm-repair/sdsl/encode.x /mnt/data/datasets/machine-learning-matrices-split/airline78.csv.8.3.vc.C 
==== Integer vector .R compression
Command: /home/louza/mm-repair/sdsl/encode.x /mnt/data/datasets/machine-learning-matrices-split/airline78.csv.8.3.vc.R 
Integer vector compression time: 2.1953
==== Ans-fold compression
Command: /home/louza/mm-repair/ans/encode.x /mnt/data/datasets/machine-learning-matrices-split/airline78.csv.8.3.vc.C 
Ans-fold time: 12.1751
==== Integer vector .C compression
Command: /home/louza/mm-repair/sdsl/encode.x /mnt/data/datasets/machine-learning-matrices-split/airline78.csv.8.4.vc.C 
==== Integer vector .R compression
Command: /home/louza/mm-repair/sdsl/encode.x /mnt/data/datasets/machine-learning-matrices-split/airline78.csv.8.4.vc.R 
Integer vector compression time: 1.5637
==== Ans-fold compression
Command: /home/louza/mm-repair/ans/encode.x /mnt/data/datasets/machine-learning-matrices-split/airline78.csv.8.4.vc.C 
Ans-fold time: 14.8604
==== Integer vector .C compression
Command: /home/louza/mm-repair/sdsl/encode.x /mnt/data/datasets/machine-learning-matrices-split/airline78.csv.8.5.vc.C 
==== Integer vector .R compression
Command: /home/louza/mm-repair/sdsl/encode.x /mnt/data/datasets/machine-learning-matrices-split/airline78.csv.8.5.vc.R 
Integer vector compression time: 1.7023
==== Ans-fold compression
Command: /home/louza/mm-repair/ans/encode.x /mnt/data/datasets/machine-learning-matrices-split/airline78.csv.8.5.vc.C 
Ans-fold time: 17.1852
==== Integer vector .C compression
Command: /home/louza/mm-repair/sdsl/encode.x /mnt/data/datasets/machine-learning-matrices-split/airline78.csv.8.6.vc.C 
==== Integer vector .R compression
Command: /home/louza/mm-repair/sdsl/encode.x /mnt/data/datasets/machine-learning-matrices-split/airline78.csv.8.6.vc.R 
Integer vector compression time: 1.0374
==== Ans-fold compression
Command: /home/louza/mm-repair/ans/encode.x /mnt/data/datasets/machine-learning-matrices-split/airline78.csv.8.6.vc.C 
Ans-fold time: 19.6450
==== Integer vector .C compression
Command: /home/louza/mm-repair/sdsl/encode.x /mnt/data/datasets/machine-learning-matrices-split/airline78.csv.8.7.vc.C 
==== Integer vector .R compression
Command: /home/louza/mm-repair/sdsl/encode.x /mnt/data/datasets/machine-learning-matrices-split/airline78.csv.8.7.vc.R 
Integer vector compression time: 1.1270
==== Ans-fold compression
Command: /home/louza/mm-repair/ans/encode.x /mnt/data/datasets/machine-learning-matrices-split/airline78.csv.8.7.vc.C 
Ans-fold time: 22.3586
Command: /home/louza/mm-repair/ans/encode.x /mnt/data/datasets/machine-learning-matrices-split/airline78.csv.wcode 
Elapsed time: 323.3111
==== Compression Report:
 >> matrix name: /mnt/data/datasets/machine-learning-matrices-split/airline78.csv
 >> conversion time: 141.22
 >> repair time: 147.38
 >> integer vectors time: 1.13
 >> ansf time: 22.36
 >> total time: 323.31
 >> wcode: 119868 bytes
 >> wcode_ans: 9474 bytes
 >> matrix log(alpha)xNumEntries size: 681566188 bytes
 >> matrix dense size: 3355402776 bytes
 >> total number of nonzero: 304762947 (72.66%)
 >> number of distinct nonzero: 7794
 >> CRSV  size: 1276965912 bytes  (38.06%)
 >> RE32  size: 564630004 bytes  (16.83%)
 >> REIV  size: 370601276 bytes  (11.04%)
 >> REANS size: 315798106 bytes  (9.41%)
==== Done

#### 2026-09-05 14:16:03
 Command line: ./mm-repair/matrepair -r -b 8 -p 8 /mnt/data/datasets/machine-learning-matrices-split/airline78.csv 14462943 29 --split 
Setting memory for each repair instance to 58006 MBs
Sending logging messages to file: /mnt/data/datasets/machine-learning-matrices-split/airline78.csv.log
==== Conversion bin/csv->csrv
Command: /home/louza/mm-repair/csvmat2csrv -b 8   /mnt/data/datasets/machine-learning-matrices-split/airline78.csv -r 0  -s 14462943 29
Conversion time: 518.1238
==== Repair paralell compression
---- Executing 8 parallel processes
---- Parallel processing completed
Repair time: 170.2126
==== Integer vector .C compression
Command: /home/louza/mm-repair/sdsl/encode.x /mnt/data/datasets/machine-learning-matrices-split/airline78.csv.8.0.A.vc.C 
==== Integer vector .R compression
Command: /home/louza/mm-repair/sdsl/encode.x /mnt/data/datasets/machine-learning-matrices-split/airline78.csv.8.0.A.vc.R 
Integer vector compression time: 0.6491
==== Ans-fold compression
Command: /home/louza/mm-repair/ans/encode.x /mnt/data/datasets/machine-learning-matrices-split/airline78.csv.8.0.A.vc.C 
Command: /home/louza/mm-repair/ans/encode.x /mnt/data/datasets/machine-learning-matrices-split/airline78.csv.8.0.B.vc
Ans-fold time: 2.5519
==== Integer vector .C compression
Command: /home/louza/mm-repair/sdsl/encode.x /mnt/data/datasets/machine-learning-matrices-split/airline78.csv.8.1.A.vc.C 
==== Integer vector .R compression
Command: /home/louza/mm-repair/sdsl/encode.x /mnt/data/datasets/machine-learning-matrices-split/airline78.csv.8.1.A.vc.R 
Integer vector compression time: 0.7854
==== Ans-fold compression
Command: /home/louza/mm-repair/ans/encode.x /mnt/data/datasets/machine-learning-matrices-split/airline78.csv.8.1.A.vc.C 
Command: /home/louza/mm-repair/ans/encode.x /mnt/data/datasets/machine-learning-matrices-split/airline78.csv.8.1.B.vc
Ans-fold time: 5.0672
==== Integer vector .C compression
Command: /home/louza/mm-repair/sdsl/encode.x /mnt/data/datasets/machine-learning-matrices-split/airline78.csv.8.2.A.vc.C 
==== Integer vector .R compression
Command: /home/louza/mm-repair/sdsl/encode.x /mnt/data/datasets/machine-learning-matrices-split/airline78.csv.8.2.A.vc.R 
Integer vector compression time: 0.6655
==== Ans-fold compression
Command: /home/louza/mm-repair/ans/encode.x /mnt/data/datasets/machine-learning-matrices-split/airline78.csv.8.2.A.vc.C 
Command: /home/louza/mm-repair/ans/encode.x /mnt/data/datasets/machine-learning-matrices-split/airline78.csv.8.2.B.vc
Ans-fold time: 7.2950
==== Integer vector .C compression
Command: /home/louza/mm-repair/sdsl/encode.x /mnt/data/datasets/machine-learning-matrices-split/airline78.csv.8.3.A.vc.C 
==== Integer vector .R compression
Command: /home/louza/mm-repair/sdsl/encode.x /mnt/data/datasets/machine-learning-matrices-split/airline78.csv.8.3.A.vc.R 
Integer vector compression time: 0.7626
==== Ans-fold compression
Command: /home/louza/mm-repair/ans/encode.x /mnt/data/datasets/machine-learning-matrices-split/airline78.csv.8.3.A.vc.C 
Command: /home/louza/mm-repair/ans/encode.x /mnt/data/datasets/machine-learning-matrices-split/airline78.csv.8.3.B.vc
Ans-fold time: 9.7491
==== Integer vector .C compression
Command: /home/louza/mm-repair/sdsl/encode.x /mnt/data/datasets/machine-learning-matrices-split/airline78.csv.8.4.A.vc.C 
==== Integer vector .R compression
Command: /home/louza/mm-repair/sdsl/encode.x /mnt/data/datasets/machine-learning-matrices-split/airline78.csv.8.4.A.vc.R 
Integer vector compression time: 0.6762
==== Ans-fold compression
Command: /home/louza/mm-repair/ans/encode.x /mnt/data/datasets/machine-learning-matrices-split/airline78.csv.8.4.A.vc.C 
Command: /home/louza/mm-repair/ans/encode.x /mnt/data/datasets/machine-learning-matrices-split/airline78.csv.8.4.B.vc
Ans-fold time: 11.9041
==== Integer vector .C compression
Command: /home/louza/mm-repair/sdsl/encode.x /mnt/data/datasets/machine-learning-matrices-split/airline78.csv.8.5.A.vc.C 
==== Integer vector .R compression
Command: /home/louza/mm-repair/sdsl/encode.x /mnt/data/datasets/machine-learning-matrices-split/airline78.csv.8.5.A.vc.R 
Integer vector compression time: 0.6681
==== Ans-fold compression
Command: /home/louza/mm-repair/ans/encode.x /mnt/data/datasets/machine-learning-matrices-split/airline78.csv.8.5.A.vc.C 
Command: /home/louza/mm-repair/ans/encode.x /mnt/data/datasets/machine-learning-matrices-split/airline78.csv.8.5.B.vc
Ans-fold time: 14.2539
==== Integer vector .C compression
Command: /home/louza/mm-repair/sdsl/encode.x /mnt/data/datasets/machine-learning-matrices-split/airline78.csv.8.6.A.vc.C 
==== Integer vector .R compression
Command: /home/louza/mm-repair/sdsl/encode.x /mnt/data/datasets/machine-learning-matrices-split/airline78.csv.8.6.A.vc.R 
Integer vector compression time: 0.6738
==== Ans-fold compression
Command: /home/louza/mm-repair/ans/encode.x /mnt/data/datasets/machine-learning-matrices-split/airline78.csv.8.6.A.vc.C 
Command: /home/louza/mm-repair/ans/encode.x /mnt/data/datasets/machine-learning-matrices-split/airline78.csv.8.6.B.vc
Ans-fold time: 16.3053
==== Integer vector .C compression
Command: /home/louza/mm-repair/sdsl/encode.x /mnt/data/datasets/machine-learning-matrices-split/airline78.csv.8.7.A.vc.C 
==== Integer vector .R compression
Command: /home/louza/mm-repair/sdsl/encode.x /mnt/data/datasets/machine-learning-matrices-split/airline78.csv.8.7.A.vc.R 
Integer vector compression time: 0.6285
==== Ans-fold compression
Command: /home/louza/mm-repair/ans/encode.x /mnt/data/datasets/machine-learning-matrices-split/airline78.csv.8.7.A.vc.C 
Command: /home/louza/mm-repair/ans/encode.x /mnt/data/datasets/machine-learning-matrices-split/airline78.csv.8.7.B.vc
Ans-fold time: 18.1754
Elapsed time: 712.0220
==== Compression Report:
 >> matrix name: /mnt/data/datasets/machine-learning-matrices-split/airline78.csv
 >> conversion time: 518.12
 >> repair time: 170.21
 >> integer vectors time: 0.63
 >> ansf time: 18.18
 >> total time: 712.02
 >> matrix log(alpha)xNumEntries size: 681566188 bytes
 >> matrix dense size: 3355402776 bytes
 >> total number of nonzero: 300427976 (71.63%)
 >> number of distinct nonzero: 7794
 >> CRSV  size: 1259626028 bytes  (37.54%)
 >> B	  size: 75191656 bytes  (2.24%)
 >> B_ans size: 11315054 bytes  (0.34%)
 >> RE32  size: 558430522 bytes  (16.64%)
 >> REIV  size: 370381198 bytes  (11.04%)
 >> REANS size: 328307448 bytes  (9.78%)
==== Done

#### 2026-09-05 14:27:55
 Command line: ./mm-repair/matrepair -r -b 8 -p 8 /mnt/data/datasets/machine-learning-matrices-split/airline78.csv 14462943 29 --ole --mapping 
Setting memory for each repair instance to 58006 MBs
Sending logging messages to file: /mnt/data/datasets/machine-learning-matrices-split/airline78.csv.log
==== Conversion bin/csv->csrv
Command: /home/louza/mm-repair/csvmat2csrv -b 8   /mnt/data/datasets/machine-learning-matrices-split/airline78.csv -r 0 -m  14462943 29
Conversion time: 106.2628
==== Repair paralell compression
---- Executing 8 parallel processes
---- Parallel processing completed
Repair time: 194.9486
==== Integer vector .C compression
Command: /home/louza/mm-repair/sdsl/encode.x /mnt/data/datasets/machine-learning-matrices-split/airline78.csv.8.0.vc.C 
==== Integer vector .R compression
Command: /home/louza/mm-repair/sdsl/encode.x /mnt/data/datasets/machine-learning-matrices-split/airline78.csv.8.0.vc.R 
Integer vector compression time: 0.9441
==== OLE
Command: /home/louza/mm-repair/ole/encode.x /mnt/data/datasets/machine-learning-matrices-split/airline78.csv.8.0.vc.C 
OLE time: 0.9013
==== Ans-fold compression
Command: /home/louza/mm-repair/ans/encode.x /mnt/data/datasets/machine-learning-matrices-split/airline78.csv.8.0.vc.C 
Ans-fold time: 2.3314
==== Integer vector .C compression
Command: /home/louza/mm-repair/sdsl/encode.x /mnt/data/datasets/machine-learning-matrices-split/airline78.csv.8.1.vc.C 
==== Integer vector .R compression
Command: /home/louza/mm-repair/sdsl/encode.x /mnt/data/datasets/machine-learning-matrices-split/airline78.csv.8.1.vc.R 
Integer vector compression time: 1.1099
==== OLE
Command: /home/louza/mm-repair/ole/encode.x /mnt/data/datasets/machine-learning-matrices-split/airline78.csv.8.1.vc.C 
OLE time: 0.6573
==== Ans-fold compression
Command: /home/louza/mm-repair/ans/encode.x /mnt/data/datasets/machine-learning-matrices-split/airline78.csv.8.1.vc.C 
Ans-fold time: 4.3606
==== Integer vector .C compression
Command: /home/louza/mm-repair/sdsl/encode.x /mnt/data/datasets/machine-learning-matrices-split/airline78.csv.8.2.vc.C 
==== Integer vector .R compression
Command: /home/louza/mm-repair/sdsl/encode.x /mnt/data/datasets/machine-learning-matrices-split/airline78.csv.8.2.vc.R 
Integer vector compression time: 0.8535
==== OLE
Command: /home/louza/mm-repair/ole/encode.x /mnt/data/datasets/machine-learning-matrices-split/airline78.csv.8.2.vc.C 
OLE time: 0.5742
==== Ans-fold compression
Command: /home/louza/mm-repair/ans/encode.x /mnt/data/datasets/machine-learning-matrices-split/airline78.csv.8.2.vc.C 
Ans-fold time: 6.3078
==== Integer vector .C compression
Command: /home/louza/mm-repair/sdsl/encode.x /mnt/data/datasets/machine-learning-matrices-split/airline78.csv.8.3.vc.C 
==== Integer vector .R compression
Command: /home/louza/mm-repair/sdsl/encode.x /mnt/data/datasets/machine-learning-matrices-split/airline78.csv.8.3.vc.R 
Integer vector compression time: 0.9323
==== OLE
Command: /home/louza/mm-repair/ole/encode.x /mnt/data/datasets/machine-learning-matrices-split/airline78.csv.8.3.vc.C 
OLE time: 0.7145
==== Ans-fold compression
Command: /home/louza/mm-repair/ans/encode.x /mnt/data/datasets/machine-learning-matrices-split/airline78.csv.8.3.vc.C 
Ans-fold time: 8.2735
==== Integer vector .C compression
Command: /home/louza/mm-repair/sdsl/encode.x /mnt/data/datasets/machine-learning-matrices-split/airline78.csv.8.4.vc.C 
==== Integer vector .R compression
Command: /home/louza/mm-repair/sdsl/encode.x /mnt/data/datasets/machine-learning-matrices-split/airline78.csv.8.4.vc.R 
Integer vector compression time: 1.3541
==== OLE
Command: /home/louza/mm-repair/ole/encode.x /mnt/data/datasets/machine-learning-matrices-split/airline78.csv.8.4.vc.C 
OLE time: 0.7757
==== Ans-fold compression
Command: /home/louza/mm-repair/ans/encode.x /mnt/data/datasets/machine-learning-matrices-split/airline78.csv.8.4.vc.C 
Ans-fold time: 9.9877
==== Integer vector .C compression
Command: /home/louza/mm-repair/sdsl/encode.x /mnt/data/datasets/machine-learning-matrices-split/airline78.csv.8.5.vc.C 
==== Integer vector .R compression
Command: /home/louza/mm-repair/sdsl/encode.x /mnt/data/datasets/machine-learning-matrices-split/airline78.csv.8.5.vc.R 
Integer vector compression time: 2.1639
==== OLE
Command: /home/louza/mm-repair/ole/encode.x /mnt/data/datasets/machine-learning-matrices-split/airline78.csv.8.5.vc.C 
OLE time: 2.0047
==== Ans-fold compression
Command: /home/louza/mm-repair/ans/encode.x /mnt/data/datasets/machine-learning-matrices-split/airline78.csv.8.5.vc.C 
Ans-fold time: 12.1697
==== Integer vector .C compression
Command: /home/louza/mm-repair/sdsl/encode.x /mnt/data/datasets/machine-learning-matrices-split/airline78.csv.8.6.vc.C 
==== Integer vector .R compression
Command: /home/louza/mm-repair/sdsl/encode.x /mnt/data/datasets/machine-learning-matrices-split/airline78.csv.8.6.vc.R 
Integer vector compression time: 1.4243
==== OLE
Command: /home/louza/mm-repair/ole/encode.x /mnt/data/datasets/machine-learning-matrices-split/airline78.csv.8.6.vc.C 
OLE time: 1.7400
==== Ans-fold compression
Command: /home/louza/mm-repair/ans/encode.x /mnt/data/datasets/machine-learning-matrices-split/airline78.csv.8.6.vc.C 
Ans-fold time: 14.3435
==== Integer vector .C compression
Command: /home/louza/mm-repair/sdsl/encode.x /mnt/data/datasets/machine-learning-matrices-split/airline78.csv.8.7.vc.C 
==== Integer vector .R compression
Command: /home/louza/mm-repair/sdsl/encode.x /mnt/data/datasets/machine-learning-matrices-split/airline78.csv.8.7.vc.R 
Integer vector compression time: 1.4559
==== OLE
Command: /home/louza/mm-repair/ole/encode.x /mnt/data/datasets/machine-learning-matrices-split/airline78.csv.8.7.vc.C 
OLE time: 0.8817
==== Ans-fold compression
Command: /home/louza/mm-repair/ans/encode.x /mnt/data/datasets/machine-learning-matrices-split/airline78.csv.8.7.vc.C 
Ans-fold time: 16.1103
Command: /home/louza/mm-repair/ans/encode.x /mnt/data/datasets/machine-learning-matrices-split/airline78.csv.wcode 
Elapsed time: 335.8149
==== Compression Report:
 >> matrix name: /mnt/data/datasets/machine-learning-matrices-split/airline78.csv
 >> conversion time: 106.26
 >> repair time: 194.95
 >> integer vectors time: 1.46
 >> ansf time: 16.11
 >> total time: 335.81
 >> wcode: 119868 bytes
 >> wcode_ans: 9474 bytes
 >> matrix log(alpha)xNumEntries size: 681566188 bytes
 >> matrix dense size: 3355402776 bytes
 >> total number of nonzero: 304762947 (72.66%)
 >> number of distinct nonzero: 7794
 >> CRSV  size: 1276965912 bytes  (38.06%)
 >> RE32  size: 564630004 bytes  (16.83%)
 >> REIV  size: 370601276 bytes  (11.04%)
 >> REANS size: 304900016 bytes  (9.09%)
==== Done

#### 2026-09-05 14:33:31
 Command line: ./mm-repair/matrepair -r -b 8 -p 8 /mnt/data/datasets/machine-learning-matrices-split/airline78.csv 14462943 29 --ole --split 
Setting memory for each repair instance to 58006 MBs
Sending logging messages to file: /mnt/data/datasets/machine-learning-matrices-split/airline78.csv.log
==== Conversion bin/csv->csrv
Command: /home/louza/mm-repair/csvmat2csrv -b 8   /mnt/data/datasets/machine-learning-matrices-split/airline78.csv -r 0  -s 14462943 29
Conversion time: 450.2849
==== Repair paralell compression
---- Executing 8 parallel processes
---- Parallel processing completed
Repair time: 148.9396
==== Integer vector .C compression
Command: /home/louza/mm-repair/sdsl/encode.x /mnt/data/datasets/machine-learning-matrices-split/airline78.csv.8.0.A.vc.C 
==== Integer vector .R compression
Command: /home/louza/mm-repair/sdsl/encode.x /mnt/data/datasets/machine-learning-matrices-split/airline78.csv.8.0.A.vc.R 
Integer vector compression time: 0.7450
==== OLE
Command: /home/louza/mm-repair/ole/encode.x /mnt/data/datasets/machine-learning-matrices-split/airline78.csv.8.0.A.vc.C 
Command: /home/louza/mm-repair/ole/encode.x /mnt/data/datasets/machine-learning-matrices-split/airline78.csv.8.0.B.vc 
OLE time: 0.0389
==== Ans-fold compression
Command: /home/louza/mm-repair/ans/encode.x /mnt/data/datasets/machine-learning-matrices-split/airline78.csv.8.0.A.vc.C 
Command: /home/louza/mm-repair/ans/encode.x /mnt/data/datasets/machine-learning-matrices-split/airline78.csv.8.0.B.vc
Ans-fold time: 1.8978
==== Integer vector .C compression
Command: /home/louza/mm-repair/sdsl/encode.x /mnt/data/datasets/machine-learning-matrices-split/airline78.csv.8.1.A.vc.C 
==== Integer vector .R compression
Command: /home/louza/mm-repair/sdsl/encode.x /mnt/data/datasets/machine-learning-matrices-split/airline78.csv.8.1.A.vc.R 
Integer vector compression time: 0.7211
==== OLE
Command: /home/louza/mm-repair/ole/encode.x /mnt/data/datasets/machine-learning-matrices-split/airline78.csv.8.1.A.vc.C 
Command: /home/louza/mm-repair/ole/encode.x /mnt/data/datasets/machine-learning-matrices-split/airline78.csv.8.1.B.vc 
OLE time: 0.1195
==== Ans-fold compression
Command: /home/louza/mm-repair/ans/encode.x /mnt/data/datasets/machine-learning-matrices-split/airline78.csv.8.1.A.vc.C 
Command: /home/louza/mm-repair/ans/encode.x /mnt/data/datasets/machine-learning-matrices-split/airline78.csv.8.1.B.vc
Ans-fold time: 3.2508
==== Integer vector .C compression
Command: /home/louza/mm-repair/sdsl/encode.x /mnt/data/datasets/machine-learning-matrices-split/airline78.csv.8.2.A.vc.C 
==== Integer vector .R compression
Command: /home/louza/mm-repair/sdsl/encode.x /mnt/data/datasets/machine-learning-matrices-split/airline78.csv.8.2.A.vc.R 
Integer vector compression time: 0.7735
==== OLE
Command: /home/louza/mm-repair/ole/encode.x /mnt/data/datasets/machine-learning-matrices-split/airline78.csv.8.2.A.vc.C 
Command: /home/louza/mm-repair/ole/encode.x /mnt/data/datasets/machine-learning-matrices-split/airline78.csv.8.2.B.vc 
OLE time: 0.0567
==== Ans-fold compression
Command: /home/louza/mm-repair/ans/encode.x /mnt/data/datasets/machine-learning-matrices-split/airline78.csv.8.2.A.vc.C 
Command: /home/louza/mm-repair/ans/encode.x /mnt/data/datasets/machine-learning-matrices-split/airline78.csv.8.2.B.vc
Ans-fold time: 5.4284
==== Integer vector .C compression
Command: /home/louza/mm-repair/sdsl/encode.x /mnt/data/datasets/machine-learning-matrices-split/airline78.csv.8.3.A.vc.C 
==== Integer vector .R compression
Command: /home/louza/mm-repair/sdsl/encode.x /mnt/data/datasets/machine-learning-matrices-split/airline78.csv.8.3.A.vc.R 
Integer vector compression time: 1.0975
==== OLE
Command: /home/louza/mm-repair/ole/encode.x /mnt/data/datasets/machine-learning-matrices-split/airline78.csv.8.3.A.vc.C 
Command: /home/louza/mm-repair/ole/encode.x /mnt/data/datasets/machine-learning-matrices-split/airline78.csv.8.3.B.vc 
OLE time: 0.0703
==== Ans-fold compression
Command: /home/louza/mm-repair/ans/encode.x /mnt/data/datasets/machine-learning-matrices-split/airline78.csv.8.3.A.vc.C 
Command: /home/louza/mm-repair/ans/encode.x /mnt/data/datasets/machine-learning-matrices-split/airline78.csv.8.3.B.vc
Ans-fold time: 7.2377
==== Integer vector .C compression
Command: /home/louza/mm-repair/sdsl/encode.x /mnt/data/datasets/machine-learning-matrices-split/airline78.csv.8.4.A.vc.C 
==== Integer vector .R compression
Command: /home/louza/mm-repair/sdsl/encode.x /mnt/data/datasets/machine-learning-matrices-split/airline78.csv.8.4.A.vc.R 
Integer vector compression time: 0.8929
==== OLE
Command: /home/louza/mm-repair/ole/encode.x /mnt/data/datasets/machine-learning-matrices-split/airline78.csv.8.4.A.vc.C 
Command: /home/louza/mm-repair/ole/encode.x /mnt/data/datasets/machine-learning-matrices-split/airline78.csv.8.4.B.vc 
OLE time: 0.0628
==== Ans-fold compression
Command: /home/louza/mm-repair/ans/encode.x /mnt/data/datasets/machine-learning-matrices-split/airline78.csv.8.4.A.vc.C 
Command: /home/louza/mm-repair/ans/encode.x /mnt/data/datasets/machine-learning-matrices-split/airline78.csv.8.4.B.vc
Ans-fold time: 8.6503
==== Integer vector .C compression
Command: /home/louza/mm-repair/sdsl/encode.x /mnt/data/datasets/machine-learning-matrices-split/airline78.csv.8.5.A.vc.C 
==== Integer vector .R compression
Command: /home/louza/mm-repair/sdsl/encode.x /mnt/data/datasets/machine-learning-matrices-split/airline78.csv.8.5.A.vc.R 
Integer vector compression time: 0.9701
==== OLE
Command: /home/louza/mm-repair/ole/encode.x /mnt/data/datasets/machine-learning-matrices-split/airline78.csv.8.5.A.vc.C 
Command: /home/louza/mm-repair/ole/encode.x /mnt/data/datasets/machine-learning-matrices-split/airline78.csv.8.5.B.vc 
OLE time: 0.0678
==== Ans-fold compression
Command: /home/louza/mm-repair/ans/encode.x /mnt/data/datasets/machine-learning-matrices-split/airline78.csv.8.5.A.vc.C 
Command: /home/louza/mm-repair/ans/encode.x /mnt/data/datasets/machine-learning-matrices-split/airline78.csv.8.5.B.vc
Ans-fold time: 10.5047
==== Integer vector .C compression
Command: /home/louza/mm-repair/sdsl/encode.x /mnt/data/datasets/machine-learning-matrices-split/airline78.csv.8.6.A.vc.C 
==== Integer vector .R compression
Command: /home/louza/mm-repair/sdsl/encode.x /mnt/data/datasets/machine-learning-matrices-split/airline78.csv.8.6.A.vc.R 
Integer vector compression time: 1.0523
==== OLE
Command: /home/louza/mm-repair/ole/encode.x /mnt/data/datasets/machine-learning-matrices-split/airline78.csv.8.6.A.vc.C 
Command: /home/louza/mm-repair/ole/encode.x /mnt/data/datasets/machine-learning-matrices-split/airline78.csv.8.6.B.vc 
OLE time: 0.2162
==== Ans-fold compression
Command: /home/louza/mm-repair/ans/encode.x /mnt/data/datasets/machine-learning-matrices-split/airline78.csv.8.6.A.vc.C 
Command: /home/louza/mm-repair/ans/encode.x /mnt/data/datasets/machine-learning-matrices-split/airline78.csv.8.6.B.vc
Ans-fold time: 12.4240
==== Integer vector .C compression
Command: /home/louza/mm-repair/sdsl/encode.x /mnt/data/datasets/machine-learning-matrices-split/airline78.csv.8.7.A.vc.C 
==== Integer vector .R compression
Command: /home/louza/mm-repair/sdsl/encode.x /mnt/data/datasets/machine-learning-matrices-split/airline78.csv.8.7.A.vc.R 
Integer vector compression time: 1.7809
==== OLE
Command: /home/louza/mm-repair/ole/encode.x /mnt/data/datasets/machine-learning-matrices-split/airline78.csv.8.7.A.vc.C 
Command: /home/louza/mm-repair/ole/encode.x /mnt/data/datasets/machine-learning-matrices-split/airline78.csv.8.7.B.vc 
OLE time: 0.0464
==== Ans-fold compression
Command: /home/louza/mm-repair/ans/encode.x /mnt/data/datasets/machine-learning-matrices-split/airline78.csv.8.7.A.vc.C 
Command: /home/louza/mm-repair/ans/encode.x /mnt/data/datasets/machine-learning-matrices-split/airline78.csv.8.7.B.vc
Ans-fold time: 14.3961
Elapsed time: 630.5923
==== Compression Report:
 >> matrix name: /mnt/data/datasets/machine-learning-matrices-split/airline78.csv
 >> conversion time: 450.28
 >> repair time: 148.94
 >> integer vectors time: 1.78
 >> ansf time: 14.40
 >> total time: 630.59
 >> matrix log(alpha)xNumEntries size: 681566188 bytes
 >> matrix dense size: 3355402776 bytes
 >> total number of nonzero: 300427976 (71.63%)
 >> number of distinct nonzero: 7794
 >> CRSV  size: 1259626028 bytes  (37.54%)
 >> B	  size: 75191656 bytes  (2.24%)
 >> B_ans size: 11225636 bytes  (0.33%)
 >> RE32  size: 558341104 bytes  (16.64%)
 >> REIV  size: 370291780 bytes  (11.04%)
 >> REANS size: 314038778 bytes  (9.36%)
==== Done

#### 2026-09-05 14:44:02
 Command line: ./mm-repair/matrepair -r -b 8 -p 8 /mnt/data/datasets/machine-learning-matrices-split/airline78.csv 14462943 29 --mapping --split 
Setting memory for each repair instance to 58006 MBs
Sending logging messages to file: /mnt/data/datasets/machine-learning-matrices-split/airline78.csv.log
==== Conversion bin/csv->csrv
Command: /home/louza/mm-repair/csvmat2csrv -b 8   /mnt/data/datasets/machine-learning-matrices-split/airline78.csv -r 0 -m -s 14462943 29
Conversion time: 448.3526
==== Repair paralell compression
---- Executing 8 parallel processes
---- Parallel processing completed
Repair time: 168.5348
==== Integer vector .C compression
Command: /home/louza/mm-repair/sdsl/encode.x /mnt/data/datasets/machine-learning-matrices-split/airline78.csv.8.0.A.vc.C 
==== Integer vector .R compression
Command: /home/louza/mm-repair/sdsl/encode.x /mnt/data/datasets/machine-learning-matrices-split/airline78.csv.8.0.A.vc.R 
Integer vector compression time: 0.8239
==== Ans-fold compression
Command: /home/louza/mm-repair/ans/encode.x /mnt/data/datasets/machine-learning-matrices-split/airline78.csv.8.0.A.vc.C 
Command: /home/louza/mm-repair/ans/encode.x /mnt/data/datasets/machine-learning-matrices-split/airline78.csv.8.0.B.vc
Ans-fold time: 2.2206
==== Integer vector .C compression
Command: /home/louza/mm-repair/sdsl/encode.x /mnt/data/datasets/machine-learning-matrices-split/airline78.csv.8.1.A.vc.C 
==== Integer vector .R compression
Command: /home/louza/mm-repair/sdsl/encode.x /mnt/data/datasets/machine-learning-matrices-split/airline78.csv.8.1.A.vc.R 
Integer vector compression time: 0.8778
==== Ans-fold compression
Command: /home/louza/mm-repair/ans/encode.x /mnt/data/datasets/machine-learning-matrices-split/airline78.csv.8.1.A.vc.C 
Command: /home/louza/mm-repair/ans/encode.x /mnt/data/datasets/machine-learning-matrices-split/airline78.csv.8.1.B.vc
Ans-fold time: 4.4662
==== Integer vector .C compression
Command: /home/louza/mm-repair/sdsl/encode.x /mnt/data/datasets/machine-learning-matrices-split/airline78.csv.8.2.A.vc.C 
==== Integer vector .R compression
Command: /home/louza/mm-repair/sdsl/encode.x /mnt/data/datasets/machine-learning-matrices-split/airline78.csv.8.2.A.vc.R 
Integer vector compression time: 0.8249
==== Ans-fold compression
Command: /home/louza/mm-repair/ans/encode.x /mnt/data/datasets/machine-learning-matrices-split/airline78.csv.8.2.A.vc.C 
Command: /home/louza/mm-repair/ans/encode.x /mnt/data/datasets/machine-learning-matrices-split/airline78.csv.8.2.B.vc
Ans-fold time: 6.7299
==== Integer vector .C compression
Command: /home/louza/mm-repair/sdsl/encode.x /mnt/data/datasets/machine-learning-matrices-split/airline78.csv.8.3.A.vc.C 
==== Integer vector .R compression
Command: /home/louza/mm-repair/sdsl/encode.x /mnt/data/datasets/machine-learning-matrices-split/airline78.csv.8.3.A.vc.R 
Integer vector compression time: 1.5366
==== Ans-fold compression
Command: /home/louza/mm-repair/ans/encode.x /mnt/data/datasets/machine-learning-matrices-split/airline78.csv.8.3.A.vc.C 
Command: /home/louza/mm-repair/ans/encode.x /mnt/data/datasets/machine-learning-matrices-split/airline78.csv.8.3.B.vc
Ans-fold time: 8.8101
==== Integer vector .C compression
Command: /home/louza/mm-repair/sdsl/encode.x /mnt/data/datasets/machine-learning-matrices-split/airline78.csv.8.4.A.vc.C 
==== Integer vector .R compression
Command: /home/louza/mm-repair/sdsl/encode.x /mnt/data/datasets/machine-learning-matrices-split/airline78.csv.8.4.A.vc.R 
Integer vector compression time: 0.7724
==== Ans-fold compression
Command: /home/louza/mm-repair/ans/encode.x /mnt/data/datasets/machine-learning-matrices-split/airline78.csv.8.4.A.vc.C 
Command: /home/louza/mm-repair/ans/encode.x /mnt/data/datasets/machine-learning-matrices-split/airline78.csv.8.4.B.vc
Ans-fold time: 10.9726
==== Integer vector .C compression
Command: /home/louza/mm-repair/sdsl/encode.x /mnt/data/datasets/machine-learning-matrices-split/airline78.csv.8.5.A.vc.C 
==== Integer vector .R compression
Command: /home/louza/mm-repair/sdsl/encode.x /mnt/data/datasets/machine-learning-matrices-split/airline78.csv.8.5.A.vc.R 
Integer vector compression time: 0.8346
==== Ans-fold compression
Command: /home/louza/mm-repair/ans/encode.x /mnt/data/datasets/machine-learning-matrices-split/airline78.csv.8.5.A.vc.C 
Command: /home/louza/mm-repair/ans/encode.x /mnt/data/datasets/machine-learning-matrices-split/airline78.csv.8.5.B.vc
Ans-fold time: 13.1269
==== Integer vector .C compression
Command: /home/louza/mm-repair/sdsl/encode.x /mnt/data/datasets/machine-learning-matrices-split/airline78.csv.8.6.A.vc.C 
==== Integer vector .R compression
Command: /home/louza/mm-repair/sdsl/encode.x /mnt/data/datasets/machine-learning-matrices-split/airline78.csv.8.6.A.vc.R 
Integer vector compression time: 0.8510
==== Ans-fold compression
Command: /home/louza/mm-repair/ans/encode.x /mnt/data/datasets/machine-learning-matrices-split/airline78.csv.8.6.A.vc.C 
Command: /home/louza/mm-repair/ans/encode.x /mnt/data/datasets/machine-learning-matrices-split/airline78.csv.8.6.B.vc
Ans-fold time: 15.4038
==== Integer vector .C compression
Command: /home/louza/mm-repair/sdsl/encode.x /mnt/data/datasets/machine-learning-matrices-split/airline78.csv.8.7.A.vc.C 
==== Integer vector .R compression
Command: /home/louza/mm-repair/sdsl/encode.x /mnt/data/datasets/machine-learning-matrices-split/airline78.csv.8.7.A.vc.R 
Integer vector compression time: 0.8757
==== Ans-fold compression
Command: /home/louza/mm-repair/ans/encode.x /mnt/data/datasets/machine-learning-matrices-split/airline78.csv.8.7.A.vc.C 
Command: /home/louza/mm-repair/ans/encode.x /mnt/data/datasets/machine-learning-matrices-split/airline78.csv.8.7.B.vc
Ans-fold time: 17.4862
Command: /home/louza/mm-repair/ans/encode.x /mnt/data/datasets/machine-learning-matrices-split/airline78.csv.wcode 
Elapsed time: 641.7757
==== Compression Report:
 >> matrix name: /mnt/data/datasets/machine-learning-matrices-split/airline78.csv
 >> conversion time: 448.35
 >> repair time: 168.53
 >> integer vectors time: 0.88
 >> ansf time: 17.49
 >> total time: 641.78
 >> wcode: 119868 bytes
 >> wcode_ans: 9474 bytes
 >> matrix log(alpha)xNumEntries size: 681566188 bytes
 >> matrix dense size: 3355402776 bytes
 >> total number of nonzero: 300427976 (71.63%)
 >> number of distinct nonzero: 7794
 >> CRSV  size: 1259626028 bytes  (37.54%)
 >> B	  size: 75191656 bytes  (2.24%)
 >> B_ans size: 9829638 bytes  (0.29%)
 >> RE32  size: 557064974 bytes  (16.60%)
 >> REIV  size: 369015650 bytes  (11.00%)
 >> REANS size: 315462054 bytes  (9.40%)
==== Done

#### 2026-09-05 14:54:44
 Command line: ./mm-repair/matrepair -r -b 8 -p 8 /mnt/data/datasets/machine-learning-matrices-split/airline78.csv 14462943 29 --ole --mapping --split 
Setting memory for each repair instance to 58006 MBs
Sending logging messages to file: /mnt/data/datasets/machine-learning-matrices-split/airline78.csv.log
==== Conversion bin/csv->csrv
Command: /home/louza/mm-repair/csvmat2csrv -b 8   /mnt/data/datasets/machine-learning-matrices-split/airline78.csv -r 0 -m -s 14462943 29
Conversion time: 517.1569
==== Repair paralell compression
---- Executing 8 parallel processes
---- Parallel processing completed
Repair time: 169.8526
==== Integer vector .C compression
Command: /home/louza/mm-repair/sdsl/encode.x /mnt/data/datasets/machine-learning-matrices-split/airline78.csv.8.0.A.vc.C 
==== Integer vector .R compression
Command: /home/louza/mm-repair/sdsl/encode.x /mnt/data/datasets/machine-learning-matrices-split/airline78.csv.8.0.A.vc.R 
Integer vector compression time: 1.0277
==== OLE
Command: /home/louza/mm-repair/ole/encode.x /mnt/data/datasets/machine-learning-matrices-split/airline78.csv.8.0.A.vc.C 
Command: /home/louza/mm-repair/ole/encode.x /mnt/data/datasets/machine-learning-matrices-split/airline78.csv.8.0.B.vc 
OLE time: 0.0496
==== Ans-fold compression
Command: /home/louza/mm-repair/ans/encode.x /mnt/data/datasets/machine-learning-matrices-split/airline78.csv.8.0.A.vc.C 
Command: /home/louza/mm-repair/ans/encode.x /mnt/data/datasets/machine-learning-matrices-split/airline78.csv.8.0.B.vc
Ans-fold time: 1.7426
==== Integer vector .C compression
Command: /home/louza/mm-repair/sdsl/encode.x /mnt/data/datasets/machine-learning-matrices-split/airline78.csv.8.1.A.vc.C 
==== Integer vector .R compression
Command: /home/louza/mm-repair/sdsl/encode.x /mnt/data/datasets/machine-learning-matrices-split/airline78.csv.8.1.A.vc.R 
Integer vector compression time: 1.3577
==== OLE
Command: /home/louza/mm-repair/ole/encode.x /mnt/data/datasets/machine-learning-matrices-split/airline78.csv.8.1.A.vc.C 
Command: /home/louza/mm-repair/ole/encode.x /mnt/data/datasets/machine-learning-matrices-split/airline78.csv.8.1.B.vc 
OLE time: 0.0384
==== Ans-fold compression
Command: /home/louza/mm-repair/ans/encode.x /mnt/data/datasets/machine-learning-matrices-split/airline78.csv.8.1.A.vc.C 
Command: /home/louza/mm-repair/ans/encode.x /mnt/data/datasets/machine-learning-matrices-split/airline78.csv.8.1.B.vc
Ans-fold time: 3.3128
==== Integer vector .C compression
Command: /home/louza/mm-repair/sdsl/encode.x /mnt/data/datasets/machine-learning-matrices-split/airline78.csv.8.2.A.vc.C 
==== Integer vector .R compression
Command: /home/louza/mm-repair/sdsl/encode.x /mnt/data/datasets/machine-learning-matrices-split/airline78.csv.8.2.A.vc.R 
Integer vector compression time: 0.7345
==== OLE
Command: /home/louza/mm-repair/ole/encode.x /mnt/data/datasets/machine-learning-matrices-split/airline78.csv.8.2.A.vc.C 
Command: /home/louza/mm-repair/ole/encode.x /mnt/data/datasets/machine-learning-matrices-split/airline78.csv.8.2.B.vc 
OLE time: 0.0360
==== Ans-fold compression
Command: /home/louza/mm-repair/ans/encode.x /mnt/data/datasets/machine-learning-matrices-split/airline78.csv.8.2.A.vc.C 
Command: /home/louza/mm-repair/ans/encode.x /mnt/data/datasets/machine-learning-matrices-split/airline78.csv.8.2.B.vc
Ans-fold time: 4.8413
==== Integer vector .C compression
Command: /home/louza/mm-repair/sdsl/encode.x /mnt/data/datasets/machine-learning-matrices-split/airline78.csv.8.3.A.vc.C 
==== Integer vector .R compression
Command: /home/louza/mm-repair/sdsl/encode.x /mnt/data/datasets/machine-learning-matrices-split/airline78.csv.8.3.A.vc.R 
Integer vector compression time: 0.7448
==== OLE
Command: /home/louza/mm-repair/ole/encode.x /mnt/data/datasets/machine-learning-matrices-split/airline78.csv.8.3.A.vc.C 
Command: /home/louza/mm-repair/ole/encode.x /mnt/data/datasets/machine-learning-matrices-split/airline78.csv.8.3.B.vc 
OLE time: 0.0395
==== Ans-fold compression
Command: /home/louza/mm-repair/ans/encode.x /mnt/data/datasets/machine-learning-matrices-split/airline78.csv.8.3.A.vc.C 
Command: /home/louza/mm-repair/ans/encode.x /mnt/data/datasets/machine-learning-matrices-split/airline78.csv.8.3.B.vc
Ans-fold time: 6.6870
==== Integer vector .C compression
Command: /home/louza/mm-repair/sdsl/encode.x /mnt/data/datasets/machine-learning-matrices-split/airline78.csv.8.4.A.vc.C 
==== Integer vector .R compression
Command: /home/louza/mm-repair/sdsl/encode.x /mnt/data/datasets/machine-learning-matrices-split/airline78.csv.8.4.A.vc.R 
Integer vector compression time: 1.0439
==== OLE
Command: /home/louza/mm-repair/ole/encode.x /mnt/data/datasets/machine-learning-matrices-split/airline78.csv.8.4.A.vc.C 
Command: /home/louza/mm-repair/ole/encode.x /mnt/data/datasets/machine-learning-matrices-split/airline78.csv.8.4.B.vc 
OLE time: 0.1171
==== Ans-fold compression
Command: /home/louza/mm-repair/ans/encode.x /mnt/data/datasets/machine-learning-matrices-split/airline78.csv.8.4.A.vc.C 
Command: /home/louza/mm-repair/ans/encode.x /mnt/data/datasets/machine-learning-matrices-split/airline78.csv.8.4.B.vc
Ans-fold time: 8.2791
==== Integer vector .C compression
Command: /home/louza/mm-repair/sdsl/encode.x /mnt/data/datasets/machine-learning-matrices-split/airline78.csv.8.5.A.vc.C 
==== Integer vector .R compression
Command: /home/louza/mm-repair/sdsl/encode.x /mnt/data/datasets/machine-learning-matrices-split/airline78.csv.8.5.A.vc.R 
Integer vector compression time: 0.7338
==== OLE
Command: /home/louza/mm-repair/ole/encode.x /mnt/data/datasets/machine-learning-matrices-split/airline78.csv.8.5.A.vc.C 
Command: /home/louza/mm-repair/ole/encode.x /mnt/data/datasets/machine-learning-matrices-split/airline78.csv.8.5.B.vc 
OLE time: 0.0722
==== Ans-fold compression
Command: /home/louza/mm-repair/ans/encode.x /mnt/data/datasets/machine-learning-matrices-split/airline78.csv.8.5.A.vc.C 
Command: /home/louza/mm-repair/ans/encode.x /mnt/data/datasets/machine-learning-matrices-split/airline78.csv.8.5.B.vc
Ans-fold time: 9.8333
==== Integer vector .C compression
Command: /home/louza/mm-repair/sdsl/encode.x /mnt/data/datasets/machine-learning-matrices-split/airline78.csv.8.6.A.vc.C 
==== Integer vector .R compression
Command: /home/louza/mm-repair/sdsl/encode.x /mnt/data/datasets/machine-learning-matrices-split/airline78.csv.8.6.A.vc.R 
Integer vector compression time: 0.7797
==== OLE
Command: /home/louza/mm-repair/ole/encode.x /mnt/data/datasets/machine-learning-matrices-split/airline78.csv.8.6.A.vc.C 
Command: /home/louza/mm-repair/ole/encode.x /mnt/data/datasets/machine-learning-matrices-split/airline78.csv.8.6.B.vc 
OLE time: 0.0354
==== Ans-fold compression
Command: /home/louza/mm-repair/ans/encode.x /mnt/data/datasets/machine-learning-matrices-split/airline78.csv.8.6.A.vc.C 
Command: /home/louza/mm-repair/ans/encode.x /mnt/data/datasets/machine-learning-matrices-split/airline78.csv.8.6.B.vc
Ans-fold time: 11.3909
==== Integer vector .C compression
Command: /home/louza/mm-repair/sdsl/encode.x /mnt/data/datasets/machine-learning-matrices-split/airline78.csv.8.7.A.vc.C 
==== Integer vector .R compression
Command: /home/louza/mm-repair/sdsl/encode.x /mnt/data/datasets/machine-learning-matrices-split/airline78.csv.8.7.A.vc.R 
Integer vector compression time: 0.9441
==== OLE
Command: /home/louza/mm-repair/ole/encode.x /mnt/data/datasets/machine-learning-matrices-split/airline78.csv.8.7.A.vc.C 
Command: /home/louza/mm-repair/ole/encode.x /mnt/data/datasets/machine-learning-matrices-split/airline78.csv.8.7.B.vc 
OLE time: 0.0615
==== Ans-fold compression
Command: /home/louza/mm-repair/ans/encode.x /mnt/data/datasets/machine-learning-matrices-split/airline78.csv.8.7.A.vc.C 
Command: /home/louza/mm-repair/ans/encode.x /mnt/data/datasets/machine-learning-matrices-split/airline78.csv.8.7.B.vc
Ans-fold time: 13.3596
Command: /home/louza/mm-repair/ans/encode.x /mnt/data/datasets/machine-learning-matrices-split/airline78.csv.wcode 
Elapsed time: 712.6743
==== Compression Report:
 >> matrix name: /mnt/data/datasets/machine-learning-matrices-split/airline78.csv
 >> conversion time: 517.16
 >> repair time: 169.85
 >> integer vectors time: 0.94
 >> ansf time: 13.36
 >> total time: 712.67
 >> wcode: 119868 bytes
 >> wcode_ans: 9474 bytes
 >> matrix log(alpha)xNumEntries size: 681566188 bytes
 >> matrix dense size: 3355402776 bytes
 >> total number of nonzero: 300427976 (71.63%)
 >> number of distinct nonzero: 7794
 >> CRSV  size: 1259626028 bytes  (37.54%)
 >> B	  size: 75191656 bytes  (2.24%)
 >> B_ans size: 9786002 bytes  (0.29%)
 >> RE32  size: 557021338 bytes  (16.60%)
 >> REIV  size: 368972014 bytes  (11.00%)
 >> REANS size: 305408622 bytes  (9.10%)
==== Done
REANS -b 12

#### 2026-09-06 07:29:24
 Command line: ./mm-repair/matrepair -r -b 12 -p 12 /mnt/data/datasets/machine-learning-matrices-split/airline78.csv 14462943 29 
Setting memory for each repair instance to 38671 MBs
Sending logging messages to file: /mnt/data/datasets/machine-learning-matrices-split/airline78.csv.log
==== Conversion bin/csv->csrv
Command: /home/louza/mm-repair/csvmat2csrv -b 12   /mnt/data/datasets/machine-learning-matrices-split/airline78.csv -r 0   14462943 29
Conversion time: 46.2873
==== Repair paralell compression
---- Executing 12 parallel processes
---- Parallel processing completed
Repair time: 57.5166
==== Integer vector .C compression
Command: /home/louza/mm-repair/sdsl/encode.x /mnt/data/datasets/machine-learning-matrices-split/airline78.csv.12.0.vc.C 
==== Integer vector .R compression
Command: /home/louza/mm-repair/sdsl/encode.x /mnt/data/datasets/machine-learning-matrices-split/airline78.csv.12.0.vc.R 
Integer vector compression time: 0.6447
==== Ans-fold compression
Command: /home/louza/mm-repair/ans/encode.x /mnt/data/datasets/machine-learning-matrices-split/airline78.csv.12.0.vc.C 
Ans-fold time: 2.9744
==== Integer vector .C compression
Command: /home/louza/mm-repair/sdsl/encode.x /mnt/data/datasets/machine-learning-matrices-split/airline78.csv.12.1.vc.C 
==== Integer vector .R compression
Command: /home/louza/mm-repair/sdsl/encode.x /mnt/data/datasets/machine-learning-matrices-split/airline78.csv.12.1.vc.R 
Integer vector compression time: 0.7638
==== Ans-fold compression
Command: /home/louza/mm-repair/ans/encode.x /mnt/data/datasets/machine-learning-matrices-split/airline78.csv.12.1.vc.C 
Ans-fold time: 5.8744
==== Integer vector .C compression
Command: /home/louza/mm-repair/sdsl/encode.x /mnt/data/datasets/machine-learning-matrices-split/airline78.csv.12.2.vc.C 
==== Integer vector .R compression
Command: /home/louza/mm-repair/sdsl/encode.x /mnt/data/datasets/machine-learning-matrices-split/airline78.csv.12.2.vc.R 
Integer vector compression time: 0.7870
==== Ans-fold compression
Command: /home/louza/mm-repair/ans/encode.x /mnt/data/datasets/machine-learning-matrices-split/airline78.csv.12.2.vc.C 
Ans-fold time: 11.6853
==== Integer vector .C compression
Command: /home/louza/mm-repair/sdsl/encode.x /mnt/data/datasets/machine-learning-matrices-split/airline78.csv.12.3.vc.C 
==== Integer vector .R compression
Command: /home/louza/mm-repair/sdsl/encode.x /mnt/data/datasets/machine-learning-matrices-split/airline78.csv.12.3.vc.R 
Integer vector compression time: 0.8899
==== Ans-fold compression
Command: /home/louza/mm-repair/ans/encode.x /mnt/data/datasets/machine-learning-matrices-split/airline78.csv.12.3.vc.C 
Ans-fold time: 15.8373
==== Integer vector .C compression
Command: /home/louza/mm-repair/sdsl/encode.x /mnt/data/datasets/machine-learning-matrices-split/airline78.csv.12.4.vc.C 
==== Integer vector .R compression
Command: /home/louza/mm-repair/sdsl/encode.x /mnt/data/datasets/machine-learning-matrices-split/airline78.csv.12.4.vc.R 
Integer vector compression time: 0.7703
==== Ans-fold compression
Command: /home/louza/mm-repair/ans/encode.x /mnt/data/datasets/machine-learning-matrices-split/airline78.csv.12.4.vc.C 
Ans-fold time: 22.2455
==== Integer vector .C compression
Command: /home/louza/mm-repair/sdsl/encode.x /mnt/data/datasets/machine-learning-matrices-split/airline78.csv.12.5.vc.C 
==== Integer vector .R compression
Command: /home/louza/mm-repair/sdsl/encode.x /mnt/data/datasets/machine-learning-matrices-split/airline78.csv.12.5.vc.R 
Integer vector compression time: 0.6860
==== Ans-fold compression
Command: /home/louza/mm-repair/ans/encode.x /mnt/data/datasets/machine-learning-matrices-split/airline78.csv.12.5.vc.C 
Ans-fold time: 26.4125
==== Integer vector .C compression
Command: /home/louza/mm-repair/sdsl/encode.x /mnt/data/datasets/machine-learning-matrices-split/airline78.csv.12.6.vc.C 
==== Integer vector .R compression
Command: /home/louza/mm-repair/sdsl/encode.x /mnt/data/datasets/machine-learning-matrices-split/airline78.csv.12.6.vc.R 
Integer vector compression time: 0.4961
==== Ans-fold compression
Command: /home/louza/mm-repair/ans/encode.x /mnt/data/datasets/machine-learning-matrices-split/airline78.csv.12.6.vc.C 
Ans-fold time: 28.9725
==== Integer vector .C compression
Command: /home/louza/mm-repair/sdsl/encode.x /mnt/data/datasets/machine-learning-matrices-split/airline78.csv.12.7.vc.C 
==== Integer vector .R compression
Command: /home/louza/mm-repair/sdsl/encode.x /mnt/data/datasets/machine-learning-matrices-split/airline78.csv.12.7.vc.R 
Integer vector compression time: 0.4915
==== Ans-fold compression
Command: /home/louza/mm-repair/ans/encode.x /mnt/data/datasets/machine-learning-matrices-split/airline78.csv.12.7.vc.C 
Ans-fold time: 30.7238
==== Integer vector .C compression
Command: /home/louza/mm-repair/sdsl/encode.x /mnt/data/datasets/machine-learning-matrices-split/airline78.csv.12.8.vc.C 
==== Integer vector .R compression
Command: /home/louza/mm-repair/sdsl/encode.x /mnt/data/datasets/machine-learning-matrices-split/airline78.csv.12.8.vc.R 
Integer vector compression time: 0.6242
==== Ans-fold compression
Command: /home/louza/mm-repair/ans/encode.x /mnt/data/datasets/machine-learning-matrices-split/airline78.csv.12.8.vc.C 
Ans-fold time: 32.4909
==== Integer vector .C compression
Command: /home/louza/mm-repair/sdsl/encode.x /mnt/data/datasets/machine-learning-matrices-split/airline78.csv.12.9.vc.C 
==== Integer vector .R compression
Command: /home/louza/mm-repair/sdsl/encode.x /mnt/data/datasets/machine-learning-matrices-split/airline78.csv.12.9.vc.R 
Integer vector compression time: 0.5804
==== Ans-fold compression
Command: /home/louza/mm-repair/ans/encode.x /mnt/data/datasets/machine-learning-matrices-split/airline78.csv.12.9.vc.C 
Ans-fold time: 34.0729
==== Integer vector .C compression
Command: /home/louza/mm-repair/sdsl/encode.x /mnt/data/datasets/machine-learning-matrices-split/airline78.csv.12.10.vc.C 
==== Integer vector .R compression
Command: /home/louza/mm-repair/sdsl/encode.x /mnt/data/datasets/machine-learning-matrices-split/airline78.csv.12.10.vc.R 
Integer vector compression time: 0.5191
==== Ans-fold compression
Command: /home/louza/mm-repair/ans/encode.x /mnt/data/datasets/machine-learning-matrices-split/airline78.csv.12.10.vc.C 
Ans-fold time: 36.3923
==== Integer vector .C compression
Command: /home/louza/mm-repair/sdsl/encode.x /mnt/data/datasets/machine-learning-matrices-split/airline78.csv.12.11.vc.C 
==== Integer vector .R compression
Command: /home/louza/mm-repair/sdsl/encode.x /mnt/data/datasets/machine-learning-matrices-split/airline78.csv.12.11.vc.R 
Integer vector compression time: 0.5621
==== Ans-fold compression
Command: /home/louza/mm-repair/ans/encode.x /mnt/data/datasets/machine-learning-matrices-split/airline78.csv.12.11.vc.C 
Ans-fold time: 38.0428
Elapsed time: 149.6638
==== Compression Report:
 >> matrix name: /mnt/data/datasets/machine-learning-matrices-split/airline78.csv
 >> conversion time: 46.29
 >> repair time: 57.52
 >> integer vectors time: 0.56
 >> ansf time: 38.04
 >> total time: 149.66
 >> matrix log(alpha)xNumEntries size: 681566188 bytes
 >> matrix dense size: 3355402776 bytes
 >> total number of nonzero: 304762947 (72.66%)
 >> number of distinct nonzero: 7794
 >> CRSV  size: 1276965912 bytes  (38.06%)
 >> RE32  size: 580884192 bytes  (17.31%)
 >> REIV  size: 381227008 bytes  (11.36%)
 >> REANS size: 334428691 bytes  (9.97%)
==== Done

#### 2026-09-06 07:31:54
 Command line: ./mm-repair/matrepair -r -b 12 -p 12 /mnt/data/datasets/machine-learning-matrices-split/airline78.csv 14462943 29 --ole 
Setting memory for each repair instance to 38671 MBs
Sending logging messages to file: /mnt/data/datasets/machine-learning-matrices-split/airline78.csv.log
==== Conversion bin/csv->csrv
Command: /home/louza/mm-repair/csvmat2csrv -b 12   /mnt/data/datasets/machine-learning-matrices-split/airline78.csv -r 0   14462943 29
Conversion time: 112.4759
==== Repair paralell compression
---- Executing 12 parallel processes
---- Parallel processing completed
Repair time: 59.6186
==== Integer vector .C compression
Command: /home/louza/mm-repair/sdsl/encode.x /mnt/data/datasets/machine-learning-matrices-split/airline78.csv.12.0.vc.C 
==== Integer vector .R compression
Command: /home/louza/mm-repair/sdsl/encode.x /mnt/data/datasets/machine-learning-matrices-split/airline78.csv.12.0.vc.R 
Integer vector compression time: 1.6468
==== OLE
Command: /home/louza/mm-repair/ole/encode.x /mnt/data/datasets/machine-learning-matrices-split/airline78.csv.12.0.vc.C 
OLE time: 2.1344
==== Ans-fold compression
Command: /home/louza/mm-repair/ans/encode.x /mnt/data/datasets/machine-learning-matrices-split/airline78.csv.12.0.vc.C 
Ans-fold time: 2.9866
==== Integer vector .C compression
Command: /home/louza/mm-repair/sdsl/encode.x /mnt/data/datasets/machine-learning-matrices-split/airline78.csv.12.1.vc.C 
==== Integer vector .R compression
Command: /home/louza/mm-repair/sdsl/encode.x /mnt/data/datasets/machine-learning-matrices-split/airline78.csv.12.1.vc.R 
Integer vector compression time: 2.4350
==== OLE
Command: /home/louza/mm-repair/ole/encode.x /mnt/data/datasets/machine-learning-matrices-split/airline78.csv.12.1.vc.C 
OLE time: 2.2192
==== Ans-fold compression
Command: /home/louza/mm-repair/ans/encode.x /mnt/data/datasets/machine-learning-matrices-split/airline78.csv.12.1.vc.C 
Ans-fold time: 6.6023
==== Integer vector .C compression
Command: /home/louza/mm-repair/sdsl/encode.x /mnt/data/datasets/machine-learning-matrices-split/airline78.csv.12.2.vc.C 
==== Integer vector .R compression
Command: /home/louza/mm-repair/sdsl/encode.x /mnt/data/datasets/machine-learning-matrices-split/airline78.csv.12.2.vc.R 
Integer vector compression time: 1.5320
==== OLE
Command: /home/louza/mm-repair/ole/encode.x /mnt/data/datasets/machine-learning-matrices-split/airline78.csv.12.2.vc.C 
OLE time: 0.8862
==== Ans-fold compression
Command: /home/louza/mm-repair/ans/encode.x /mnt/data/datasets/machine-learning-matrices-split/airline78.csv.12.2.vc.C 
Ans-fold time: 9.0260
==== Integer vector .C compression
Command: /home/louza/mm-repair/sdsl/encode.x /mnt/data/datasets/machine-learning-matrices-split/airline78.csv.12.3.vc.C 
==== Integer vector .R compression
Command: /home/louza/mm-repair/sdsl/encode.x /mnt/data/datasets/machine-learning-matrices-split/airline78.csv.12.3.vc.R 
Integer vector compression time: 2.6214
==== OLE
Command: /home/louza/mm-repair/ole/encode.x /mnt/data/datasets/machine-learning-matrices-split/airline78.csv.12.3.vc.C 
OLE time: 2.6962
==== Ans-fold compression
Command: /home/louza/mm-repair/ans/encode.x /mnt/data/datasets/machine-learning-matrices-split/airline78.csv.12.3.vc.C 
Ans-fold time: 11.9926
==== Integer vector .C compression
Command: /home/louza/mm-repair/sdsl/encode.x /mnt/data/datasets/machine-learning-matrices-split/airline78.csv.12.4.vc.C 
==== Integer vector .R compression
Command: /home/louza/mm-repair/sdsl/encode.x /mnt/data/datasets/machine-learning-matrices-split/airline78.csv.12.4.vc.R 
Integer vector compression time: 1.1374
==== OLE
Command: /home/louza/mm-repair/ole/encode.x /mnt/data/datasets/machine-learning-matrices-split/airline78.csv.12.4.vc.C 
OLE time: 1.0443
==== Ans-fold compression
Command: /home/louza/mm-repair/ans/encode.x /mnt/data/datasets/machine-learning-matrices-split/airline78.csv.12.4.vc.C 
Ans-fold time: 14.6987
==== Integer vector .C compression
Command: /home/louza/mm-repair/sdsl/encode.x /mnt/data/datasets/machine-learning-matrices-split/airline78.csv.12.5.vc.C 
==== Integer vector .R compression
Command: /home/louza/mm-repair/sdsl/encode.x /mnt/data/datasets/machine-learning-matrices-split/airline78.csv.12.5.vc.R 
Integer vector compression time: 1.8031
==== OLE
Command: /home/louza/mm-repair/ole/encode.x /mnt/data/datasets/machine-learning-matrices-split/airline78.csv.12.5.vc.C 
OLE time: 1.7588
==== Ans-fold compression
Command: /home/louza/mm-repair/ans/encode.x /mnt/data/datasets/machine-learning-matrices-split/airline78.csv.12.5.vc.C 
Ans-fold time: 19.5031
==== Integer vector .C compression
Command: /home/louza/mm-repair/sdsl/encode.x /mnt/data/datasets/machine-learning-matrices-split/airline78.csv.12.6.vc.C 
==== Integer vector .R compression
Command: /home/louza/mm-repair/sdsl/encode.x /mnt/data/datasets/machine-learning-matrices-split/airline78.csv.12.6.vc.R 
Integer vector compression time: 1.3867
==== OLE
Command: /home/louza/mm-repair/ole/encode.x /mnt/data/datasets/machine-learning-matrices-split/airline78.csv.12.6.vc.C 
OLE time: 0.6445
==== Ans-fold compression
Command: /home/louza/mm-repair/ans/encode.x /mnt/data/datasets/machine-learning-matrices-split/airline78.csv.12.6.vc.C 
Ans-fold time: 23.8758
==== Integer vector .C compression
Command: /home/louza/mm-repair/sdsl/encode.x /mnt/data/datasets/machine-learning-matrices-split/airline78.csv.12.7.vc.C 
==== Integer vector .R compression
Command: /home/louza/mm-repair/sdsl/encode.x /mnt/data/datasets/machine-learning-matrices-split/airline78.csv.12.7.vc.R 
Integer vector compression time: 1.7126
==== OLE
Command: /home/louza/mm-repair/ole/encode.x /mnt/data/datasets/machine-learning-matrices-split/airline78.csv.12.7.vc.C 
OLE time: 1.6359
==== Ans-fold compression
Command: /home/louza/mm-repair/ans/encode.x /mnt/data/datasets/machine-learning-matrices-split/airline78.csv.12.7.vc.C 
Ans-fold time: 28.2950
==== Integer vector .C compression
Command: /home/louza/mm-repair/sdsl/encode.x /mnt/data/datasets/machine-learning-matrices-split/airline78.csv.12.8.vc.C 
==== Integer vector .R compression
Command: /home/louza/mm-repair/sdsl/encode.x /mnt/data/datasets/machine-learning-matrices-split/airline78.csv.12.8.vc.R 
Integer vector compression time: 1.4298
==== OLE
Command: /home/louza/mm-repair/ole/encode.x /mnt/data/datasets/machine-learning-matrices-split/airline78.csv.12.8.vc.C 
OLE time: 1.5337
==== Ans-fold compression
Command: /home/louza/mm-repair/ans/encode.x /mnt/data/datasets/machine-learning-matrices-split/airline78.csv.12.8.vc.C 
Ans-fold time: 32.2641
==== Integer vector .C compression
Command: /home/louza/mm-repair/sdsl/encode.x /mnt/data/datasets/machine-learning-matrices-split/airline78.csv.12.9.vc.C 
==== Integer vector .R compression
Command: /home/louza/mm-repair/sdsl/encode.x /mnt/data/datasets/machine-learning-matrices-split/airline78.csv.12.9.vc.R 
Integer vector compression time: 1.4662
==== OLE
Command: /home/louza/mm-repair/ole/encode.x /mnt/data/datasets/machine-learning-matrices-split/airline78.csv.12.9.vc.C 
OLE time: 0.8261
==== Ans-fold compression
Command: /home/louza/mm-repair/ans/encode.x /mnt/data/datasets/machine-learning-matrices-split/airline78.csv.12.9.vc.C 
Ans-fold time: 34.3781
==== Integer vector .C compression
Command: /home/louza/mm-repair/sdsl/encode.x /mnt/data/datasets/machine-learning-matrices-split/airline78.csv.12.10.vc.C 
==== Integer vector .R compression
Command: /home/louza/mm-repair/sdsl/encode.x /mnt/data/datasets/machine-learning-matrices-split/airline78.csv.12.10.vc.R 
Integer vector compression time: 2.1259
==== OLE
Command: /home/louza/mm-repair/ole/encode.x /mnt/data/datasets/machine-learning-matrices-split/airline78.csv.12.10.vc.C 
OLE time: 1.0119
==== Ans-fold compression
Command: /home/louza/mm-repair/ans/encode.x /mnt/data/datasets/machine-learning-matrices-split/airline78.csv.12.10.vc.C 
Ans-fold time: 37.2441
==== Integer vector .C compression
Command: /home/louza/mm-repair/sdsl/encode.x /mnt/data/datasets/machine-learning-matrices-split/airline78.csv.12.11.vc.C 
==== Integer vector .R compression
Command: /home/louza/mm-repair/sdsl/encode.x /mnt/data/datasets/machine-learning-matrices-split/airline78.csv.12.11.vc.R 
Integer vector compression time: 1.8063
==== OLE
Command: /home/louza/mm-repair/ole/encode.x /mnt/data/datasets/machine-learning-matrices-split/airline78.csv.12.11.vc.C 
OLE time: 1.2068
==== Ans-fold compression
Command: /home/louza/mm-repair/ans/encode.x /mnt/data/datasets/machine-learning-matrices-split/airline78.csv.12.11.vc.C 
Ans-fold time: 40.1872
Elapsed time: 250.9856
==== Compression Report:
 >> matrix name: /mnt/data/datasets/machine-learning-matrices-split/airline78.csv
 >> conversion time: 112.48
 >> repair time: 59.62
 >> integer vectors time: 1.81
 >> ansf time: 40.19
 >> total time: 250.99
 >> matrix log(alpha)xNumEntries size: 681566188 bytes
 >> matrix dense size: 3355402776 bytes
 >> total number of nonzero: 304762947 (72.66%)
 >> number of distinct nonzero: 7794
 >> CRSV  size: 1276965912 bytes  (38.06%)
 >> RE32  size: 580884192 bytes  (17.31%)
 >> REIV  size: 381227008 bytes  (11.36%)
 >> REANS size: 317790542 bytes  (9.47%)
==== Done

#### 2026-09-06 07:36:05
 Command line: ./mm-repair/matrepair -r -b 12 -p 12 /mnt/data/datasets/machine-learning-matrices-split/airline78.csv 14462943 29 --mapping 
Setting memory for each repair instance to 38671 MBs
Sending logging messages to file: /mnt/data/datasets/machine-learning-matrices-split/airline78.csv.log
==== Conversion bin/csv->csrv
Command: /home/louza/mm-repair/csvmat2csrv -b 12   /mnt/data/datasets/machine-learning-matrices-split/airline78.csv -r 0 -m  14462943 29
Conversion time: 161.9719
==== Repair paralell compression
---- Executing 12 parallel processes
---- Parallel processing completed
Repair time: 42.0550
==== Integer vector .C compression
Command: /home/louza/mm-repair/sdsl/encode.x /mnt/data/datasets/machine-learning-matrices-split/airline78.csv.12.0.vc.C 
==== Integer vector .R compression
Command: /home/louza/mm-repair/sdsl/encode.x /mnt/data/datasets/machine-learning-matrices-split/airline78.csv.12.0.vc.R 
Integer vector compression time: 0.9874
==== Ans-fold compression
Command: /home/louza/mm-repair/ans/encode.x /mnt/data/datasets/machine-learning-matrices-split/airline78.csv.12.0.vc.C 
Ans-fold time: 2.4580
==== Integer vector .C compression
Command: /home/louza/mm-repair/sdsl/encode.x /mnt/data/datasets/machine-learning-matrices-split/airline78.csv.12.1.vc.C 
==== Integer vector .R compression
Command: /home/louza/mm-repair/sdsl/encode.x /mnt/data/datasets/machine-learning-matrices-split/airline78.csv.12.1.vc.R 
Integer vector compression time: 1.1281
==== Ans-fold compression
Command: /home/louza/mm-repair/ans/encode.x /mnt/data/datasets/machine-learning-matrices-split/airline78.csv.12.1.vc.C 
Ans-fold time: 4.7808
==== Integer vector .C compression
Command: /home/louza/mm-repair/sdsl/encode.x /mnt/data/datasets/machine-learning-matrices-split/airline78.csv.12.2.vc.C 
==== Integer vector .R compression
Command: /home/louza/mm-repair/sdsl/encode.x /mnt/data/datasets/machine-learning-matrices-split/airline78.csv.12.2.vc.R 
Integer vector compression time: 1.0977
==== Ans-fold compression
Command: /home/louza/mm-repair/ans/encode.x /mnt/data/datasets/machine-learning-matrices-split/airline78.csv.12.2.vc.C 
Ans-fold time: 6.7984
==== Integer vector .C compression
Command: /home/louza/mm-repair/sdsl/encode.x /mnt/data/datasets/machine-learning-matrices-split/airline78.csv.12.3.vc.C 
==== Integer vector .R compression
Command: /home/louza/mm-repair/sdsl/encode.x /mnt/data/datasets/machine-learning-matrices-split/airline78.csv.12.3.vc.R 
Integer vector compression time: 0.9600
==== Ans-fold compression
Command: /home/louza/mm-repair/ans/encode.x /mnt/data/datasets/machine-learning-matrices-split/airline78.csv.12.3.vc.C 
Ans-fold time: 9.0760
==== Integer vector .C compression
Command: /home/louza/mm-repair/sdsl/encode.x /mnt/data/datasets/machine-learning-matrices-split/airline78.csv.12.4.vc.C 
==== Integer vector .R compression
Command: /home/louza/mm-repair/sdsl/encode.x /mnt/data/datasets/machine-learning-matrices-split/airline78.csv.12.4.vc.R 
Integer vector compression time: 1.2686
==== Ans-fold compression
Command: /home/louza/mm-repair/ans/encode.x /mnt/data/datasets/machine-learning-matrices-split/airline78.csv.12.4.vc.C 
Ans-fold time: 10.2586
==== Integer vector .C compression
Command: /home/louza/mm-repair/sdsl/encode.x /mnt/data/datasets/machine-learning-matrices-split/airline78.csv.12.5.vc.C 
==== Integer vector .R compression
Command: /home/louza/mm-repair/sdsl/encode.x /mnt/data/datasets/machine-learning-matrices-split/airline78.csv.12.5.vc.R 
Integer vector compression time: 1.0763
==== Ans-fold compression
Command: /home/louza/mm-repair/ans/encode.x /mnt/data/datasets/machine-learning-matrices-split/airline78.csv.12.5.vc.C 
Ans-fold time: 11.5262
==== Integer vector .C compression
Command: /home/louza/mm-repair/sdsl/encode.x /mnt/data/datasets/machine-learning-matrices-split/airline78.csv.12.6.vc.C 
==== Integer vector .R compression
Command: /home/louza/mm-repair/sdsl/encode.x /mnt/data/datasets/machine-learning-matrices-split/airline78.csv.12.6.vc.R 
Integer vector compression time: 1.2788
==== Ans-fold compression
Command: /home/louza/mm-repair/ans/encode.x /mnt/data/datasets/machine-learning-matrices-split/airline78.csv.12.6.vc.C 
Ans-fold time: 12.6537
==== Integer vector .C compression
Command: /home/louza/mm-repair/sdsl/encode.x /mnt/data/datasets/machine-learning-matrices-split/airline78.csv.12.7.vc.C 
==== Integer vector .R compression
Command: /home/louza/mm-repair/sdsl/encode.x /mnt/data/datasets/machine-learning-matrices-split/airline78.csv.12.7.vc.R 
Integer vector compression time: 0.9717
==== Ans-fold compression
Command: /home/louza/mm-repair/ans/encode.x /mnt/data/datasets/machine-learning-matrices-split/airline78.csv.12.7.vc.C 
Ans-fold time: 14.2424
==== Integer vector .C compression
Command: /home/louza/mm-repair/sdsl/encode.x /mnt/data/datasets/machine-learning-matrices-split/airline78.csv.12.8.vc.C 
==== Integer vector .R compression
Command: /home/louza/mm-repair/sdsl/encode.x /mnt/data/datasets/machine-learning-matrices-split/airline78.csv.12.8.vc.R 
Integer vector compression time: 1.2362
==== Ans-fold compression
Command: /home/louza/mm-repair/ans/encode.x /mnt/data/datasets/machine-learning-matrices-split/airline78.csv.12.8.vc.C 
Ans-fold time: 16.0743
==== Integer vector .C compression
Command: /home/louza/mm-repair/sdsl/encode.x /mnt/data/datasets/machine-learning-matrices-split/airline78.csv.12.9.vc.C 
==== Integer vector .R compression
Command: /home/louza/mm-repair/sdsl/encode.x /mnt/data/datasets/machine-learning-matrices-split/airline78.csv.12.9.vc.R 
Integer vector compression time: 0.9954
==== Ans-fold compression
Command: /home/louza/mm-repair/ans/encode.x /mnt/data/datasets/machine-learning-matrices-split/airline78.csv.12.9.vc.C 
Ans-fold time: 17.3517
==== Integer vector .C compression
Command: /home/louza/mm-repair/sdsl/encode.x /mnt/data/datasets/machine-learning-matrices-split/airline78.csv.12.10.vc.C 
==== Integer vector .R compression
Command: /home/louza/mm-repair/sdsl/encode.x /mnt/data/datasets/machine-learning-matrices-split/airline78.csv.12.10.vc.R 
Integer vector compression time: 1.5756
==== Ans-fold compression
Command: /home/louza/mm-repair/ans/encode.x /mnt/data/datasets/machine-learning-matrices-split/airline78.csv.12.10.vc.C 
Ans-fold time: 18.9303
==== Integer vector .C compression
Command: /home/louza/mm-repair/sdsl/encode.x /mnt/data/datasets/machine-learning-matrices-split/airline78.csv.12.11.vc.C 
==== Integer vector .R compression
Command: /home/louza/mm-repair/sdsl/encode.x /mnt/data/datasets/machine-learning-matrices-split/airline78.csv.12.11.vc.R 
Integer vector compression time: 1.5206
==== Ans-fold compression
Command: /home/louza/mm-repair/ans/encode.x /mnt/data/datasets/machine-learning-matrices-split/airline78.csv.12.11.vc.C 
Ans-fold time: 21.7673
Command: /home/louza/mm-repair/ans/encode.x /mnt/data/datasets/machine-learning-matrices-split/airline78.csv.wcode 
Elapsed time: 240.0286
==== Compression Report:
 >> matrix name: /mnt/data/datasets/machine-learning-matrices-split/airline78.csv
 >> conversion time: 161.97
 >> repair time: 42.05
 >> integer vectors time: 1.52
 >> ansf time: 21.77
 >> total time: 240.03
 >> wcode: 119868 bytes
 >> wcode_ans: 9474 bytes
 >> matrix log(alpha)xNumEntries size: 681566188 bytes
 >> matrix dense size: 3355402776 bytes
 >> total number of nonzero: 304762947 (72.66%)
 >> number of distinct nonzero: 7794
 >> CRSV  size: 1276965912 bytes  (38.06%)
 >> RE32  size: 581004060 bytes  (17.32%)
 >> REIV  size: 381346876 bytes  (11.37%)
 >> REANS size: 321151125 bytes  (9.57%)
==== Done

#### 2026-09-06 07:40:05
 Command line: ./mm-repair/matrepair -r -b 12 -p 12 /mnt/data/datasets/machine-learning-matrices-split/airline78.csv 14462943 29 --split 
Setting memory for each repair instance to 38671 MBs
Sending logging messages to file: /mnt/data/datasets/machine-learning-matrices-split/airline78.csv.log
==== Conversion bin/csv->csrv
Command: /home/louza/mm-repair/csvmat2csrv -b 12   /mnt/data/datasets/machine-learning-matrices-split/airline78.csv -r 0  -s 14462943 29
Conversion time: 569.6712
==== Repair paralell compression
---- Executing 12 parallel processes
---- Parallel processing completed
Repair time: 65.8346
==== Integer vector .C compression
Command: /home/louza/mm-repair/sdsl/encode.x /mnt/data/datasets/machine-learning-matrices-split/airline78.csv.12.0.A.vc.C 
==== Integer vector .R compression
Command: /home/louza/mm-repair/sdsl/encode.x /mnt/data/datasets/machine-learning-matrices-split/airline78.csv.12.0.A.vc.R 
Integer vector compression time: 0.4252
==== Ans-fold compression
Command: /home/louza/mm-repair/ans/encode.x /mnt/data/datasets/machine-learning-matrices-split/airline78.csv.12.0.A.vc.C 
Command: /home/louza/mm-repair/ans/encode.x /mnt/data/datasets/machine-learning-matrices-split/airline78.csv.12.0.B.vc
Ans-fold time: 1.0882
==== Integer vector .C compression
Command: /home/louza/mm-repair/sdsl/encode.x /mnt/data/datasets/machine-learning-matrices-split/airline78.csv.12.1.A.vc.C 
==== Integer vector .R compression
Command: /home/louza/mm-repair/sdsl/encode.x /mnt/data/datasets/machine-learning-matrices-split/airline78.csv.12.1.A.vc.R 
Integer vector compression time: 0.4337
==== Ans-fold compression
Command: /home/louza/mm-repair/ans/encode.x /mnt/data/datasets/machine-learning-matrices-split/airline78.csv.12.1.A.vc.C 
Command: /home/louza/mm-repair/ans/encode.x /mnt/data/datasets/machine-learning-matrices-split/airline78.csv.12.1.B.vc
Ans-fold time: 2.1815
==== Integer vector .C compression
Command: /home/louza/mm-repair/sdsl/encode.x /mnt/data/datasets/machine-learning-matrices-split/airline78.csv.12.2.A.vc.C 
==== Integer vector .R compression
Command: /home/louza/mm-repair/sdsl/encode.x /mnt/data/datasets/machine-learning-matrices-split/airline78.csv.12.2.A.vc.R 
Integer vector compression time: 0.4234
==== Ans-fold compression
Command: /home/louza/mm-repair/ans/encode.x /mnt/data/datasets/machine-learning-matrices-split/airline78.csv.12.2.A.vc.C 
Command: /home/louza/mm-repair/ans/encode.x /mnt/data/datasets/machine-learning-matrices-split/airline78.csv.12.2.B.vc
Ans-fold time: 3.3466
==== Integer vector .C compression
Command: /home/louza/mm-repair/sdsl/encode.x /mnt/data/datasets/machine-learning-matrices-split/airline78.csv.12.3.A.vc.C 
==== Integer vector .R compression
Command: /home/louza/mm-repair/sdsl/encode.x /mnt/data/datasets/machine-learning-matrices-split/airline78.csv.12.3.A.vc.R 
Integer vector compression time: 0.4622
==== Ans-fold compression
Command: /home/louza/mm-repair/ans/encode.x /mnt/data/datasets/machine-learning-matrices-split/airline78.csv.12.3.A.vc.C 
Command: /home/louza/mm-repair/ans/encode.x /mnt/data/datasets/machine-learning-matrices-split/airline78.csv.12.3.B.vc
Ans-fold time: 4.7881
==== Integer vector .C compression
Command: /home/louza/mm-repair/sdsl/encode.x /mnt/data/datasets/machine-learning-matrices-split/airline78.csv.12.4.A.vc.C 
==== Integer vector .R compression
Command: /home/louza/mm-repair/sdsl/encode.x /mnt/data/datasets/machine-learning-matrices-split/airline78.csv.12.4.A.vc.R 
Integer vector compression time: 0.4463
==== Ans-fold compression
Command: /home/louza/mm-repair/ans/encode.x /mnt/data/datasets/machine-learning-matrices-split/airline78.csv.12.4.A.vc.C 
Command: /home/louza/mm-repair/ans/encode.x /mnt/data/datasets/machine-learning-matrices-split/airline78.csv.12.4.B.vc
Ans-fold time: 5.9800
==== Integer vector .C compression
Command: /home/louza/mm-repair/sdsl/encode.x /mnt/data/datasets/machine-learning-matrices-split/airline78.csv.12.5.A.vc.C 
==== Integer vector .R compression
Command: /home/louza/mm-repair/sdsl/encode.x /mnt/data/datasets/machine-learning-matrices-split/airline78.csv.12.5.A.vc.R 
Integer vector compression time: 0.4427
==== Ans-fold compression
Command: /home/louza/mm-repair/ans/encode.x /mnt/data/datasets/machine-learning-matrices-split/airline78.csv.12.5.A.vc.C 
Command: /home/louza/mm-repair/ans/encode.x /mnt/data/datasets/machine-learning-matrices-split/airline78.csv.12.5.B.vc
Ans-fold time: 7.4737
==== Integer vector .C compression
Command: /home/louza/mm-repair/sdsl/encode.x /mnt/data/datasets/machine-learning-matrices-split/airline78.csv.12.6.A.vc.C 
==== Integer vector .R compression
Command: /home/louza/mm-repair/sdsl/encode.x /mnt/data/datasets/machine-learning-matrices-split/airline78.csv.12.6.A.vc.R 
Integer vector compression time: 0.6848
==== Ans-fold compression
Command: /home/louza/mm-repair/ans/encode.x /mnt/data/datasets/machine-learning-matrices-split/airline78.csv.12.6.A.vc.C 
Command: /home/louza/mm-repair/ans/encode.x /mnt/data/datasets/machine-learning-matrices-split/airline78.csv.12.6.B.vc
Ans-fold time: 10.1429
==== Integer vector .C compression
Command: /home/louza/mm-repair/sdsl/encode.x /mnt/data/datasets/machine-learning-matrices-split/airline78.csv.12.7.A.vc.C 
==== Integer vector .R compression
Command: /home/louza/mm-repair/sdsl/encode.x /mnt/data/datasets/machine-learning-matrices-split/airline78.csv.12.7.A.vc.R 
Integer vector compression time: 0.6560
==== Ans-fold compression
Command: /home/louza/mm-repair/ans/encode.x /mnt/data/datasets/machine-learning-matrices-split/airline78.csv.12.7.A.vc.C 
Command: /home/louza/mm-repair/ans/encode.x /mnt/data/datasets/machine-learning-matrices-split/airline78.csv.12.7.B.vc
Ans-fold time: 12.9286
==== Integer vector .C compression
Command: /home/louza/mm-repair/sdsl/encode.x /mnt/data/datasets/machine-learning-matrices-split/airline78.csv.12.8.A.vc.C 
==== Integer vector .R compression
Command: /home/louza/mm-repair/sdsl/encode.x /mnt/data/datasets/machine-learning-matrices-split/airline78.csv.12.8.A.vc.R 
Integer vector compression time: 0.6215
==== Ans-fold compression
Command: /home/louza/mm-repair/ans/encode.x /mnt/data/datasets/machine-learning-matrices-split/airline78.csv.12.8.A.vc.C 
Command: /home/louza/mm-repair/ans/encode.x /mnt/data/datasets/machine-learning-matrices-split/airline78.csv.12.8.B.vc
Ans-fold time: 15.4854
==== Integer vector .C compression
Command: /home/louza/mm-repair/sdsl/encode.x /mnt/data/datasets/machine-learning-matrices-split/airline78.csv.12.9.A.vc.C 
==== Integer vector .R compression
Command: /home/louza/mm-repair/sdsl/encode.x /mnt/data/datasets/machine-learning-matrices-split/airline78.csv.12.9.A.vc.R 
Integer vector compression time: 0.4951
==== Ans-fold compression
Command: /home/louza/mm-repair/ans/encode.x /mnt/data/datasets/machine-learning-matrices-split/airline78.csv.12.9.A.vc.C 
Command: /home/louza/mm-repair/ans/encode.x /mnt/data/datasets/machine-learning-matrices-split/airline78.csv.12.9.B.vc
Ans-fold time: 17.8819
==== Integer vector .C compression
Command: /home/louza/mm-repair/sdsl/encode.x /mnt/data/datasets/machine-learning-matrices-split/airline78.csv.12.10.A.vc.C 
==== Integer vector .R compression
Command: /home/louza/mm-repair/sdsl/encode.x /mnt/data/datasets/machine-learning-matrices-split/airline78.csv.12.10.A.vc.R 
Integer vector compression time: 0.4770
==== Ans-fold compression
Command: /home/louza/mm-repair/ans/encode.x /mnt/data/datasets/machine-learning-matrices-split/airline78.csv.12.10.A.vc.C 
Command: /home/louza/mm-repair/ans/encode.x /mnt/data/datasets/machine-learning-matrices-split/airline78.csv.12.10.B.vc
Ans-fold time: 19.4656
==== Integer vector .C compression
Command: /home/louza/mm-repair/sdsl/encode.x /mnt/data/datasets/machine-learning-matrices-split/airline78.csv.12.11.A.vc.C 
==== Integer vector .R compression
Command: /home/louza/mm-repair/sdsl/encode.x /mnt/data/datasets/machine-learning-matrices-split/airline78.csv.12.11.A.vc.R 
Integer vector compression time: 0.5519
==== Ans-fold compression
Command: /home/louza/mm-repair/ans/encode.x /mnt/data/datasets/machine-learning-matrices-split/airline78.csv.12.11.A.vc.C 
Command: /home/louza/mm-repair/ans/encode.x /mnt/data/datasets/machine-learning-matrices-split/airline78.csv.12.11.B.vc
Ans-fold time: 21.0102
Elapsed time: 662.6373
==== Compression Report:
 >> matrix name: /mnt/data/datasets/machine-learning-matrices-split/airline78.csv
 >> conversion time: 569.67
 >> repair time: 65.83
 >> integer vectors time: 0.55
 >> ansf time: 21.01
 >> total time: 662.64
 >> matrix log(alpha)xNumEntries size: 681566188 bytes
 >> matrix dense size: 3355402776 bytes
 >> total number of nonzero: 298325301 (71.13%)
 >> number of distinct nonzero: 7794
 >> CRSV  size: 1251215328 bytes  (37.29%)
 >> B	  size: 83602356 bytes  (2.49%)
 >> B_ans size: 16439938 bytes  (0.49%)
 >> RE32  size: 571474698 bytes  (17.03%)
 >> REIV  size: 380703218 bytes  (11.35%)
 >> REANS size: 334283837 bytes  (9.96%)
==== Done

#### 2026-09-06 07:51:08
 Command line: ./mm-repair/matrepair -r -b 12 -p 12 /mnt/data/datasets/machine-learning-matrices-split/airline78.csv 14462943 29 --ole --mapping 
Setting memory for each repair instance to 38671 MBs
Sending logging messages to file: /mnt/data/datasets/machine-learning-matrices-split/airline78.csv.log
==== Conversion bin/csv->csrv
Command: /home/louza/mm-repair/csvmat2csrv -b 12   /mnt/data/datasets/machine-learning-matrices-split/airline78.csv -r 0 -m  14462943 29
Conversion time: 161.6364
==== Repair paralell compression
---- Executing 12 parallel processes
---- Parallel processing completed
Repair time: 43.1043
==== Integer vector .C compression
Command: /home/louza/mm-repair/sdsl/encode.x /mnt/data/datasets/machine-learning-matrices-split/airline78.csv.12.0.vc.C 
==== Integer vector .R compression
Command: /home/louza/mm-repair/sdsl/encode.x /mnt/data/datasets/machine-learning-matrices-split/airline78.csv.12.0.vc.R 
Integer vector compression time: 0.9940
==== OLE
Command: /home/louza/mm-repair/ole/encode.x /mnt/data/datasets/machine-learning-matrices-split/airline78.csv.12.0.vc.C 
OLE time: 0.6090
==== Ans-fold compression
Command: /home/louza/mm-repair/ans/encode.x /mnt/data/datasets/machine-learning-matrices-split/airline78.csv.12.0.vc.C 
Ans-fold time: 1.5661
==== Integer vector .C compression
Command: /home/louza/mm-repair/sdsl/encode.x /mnt/data/datasets/machine-learning-matrices-split/airline78.csv.12.1.vc.C 
==== Integer vector .R compression
Command: /home/louza/mm-repair/sdsl/encode.x /mnt/data/datasets/machine-learning-matrices-split/airline78.csv.12.1.vc.R 
Integer vector compression time: 0.9136
==== OLE
Command: /home/louza/mm-repair/ole/encode.x /mnt/data/datasets/machine-learning-matrices-split/airline78.csv.12.1.vc.C 
OLE time: 0.6647
==== Ans-fold compression
Command: /home/louza/mm-repair/ans/encode.x /mnt/data/datasets/machine-learning-matrices-split/airline78.csv.12.1.vc.C 
Ans-fold time: 2.9460
==== Integer vector .C compression
Command: /home/louza/mm-repair/sdsl/encode.x /mnt/data/datasets/machine-learning-matrices-split/airline78.csv.12.2.vc.C 
==== Integer vector .R compression
Command: /home/louza/mm-repair/sdsl/encode.x /mnt/data/datasets/machine-learning-matrices-split/airline78.csv.12.2.vc.R 
Integer vector compression time: 0.6665
==== OLE
Command: /home/louza/mm-repair/ole/encode.x /mnt/data/datasets/machine-learning-matrices-split/airline78.csv.12.2.vc.C 
OLE time: 0.3655
==== Ans-fold compression
Command: /home/louza/mm-repair/ans/encode.x /mnt/data/datasets/machine-learning-matrices-split/airline78.csv.12.2.vc.C 
Ans-fold time: 4.1092
==== Integer vector .C compression
Command: /home/louza/mm-repair/sdsl/encode.x /mnt/data/datasets/machine-learning-matrices-split/airline78.csv.12.3.vc.C 
==== Integer vector .R compression
Command: /home/louza/mm-repair/sdsl/encode.x /mnt/data/datasets/machine-learning-matrices-split/airline78.csv.12.3.vc.R 
Integer vector compression time: 0.7548
==== OLE
Command: /home/louza/mm-repair/ole/encode.x /mnt/data/datasets/machine-learning-matrices-split/airline78.csv.12.3.vc.C 
OLE time: 0.5488
==== Ans-fold compression
Command: /home/louza/mm-repair/ans/encode.x /mnt/data/datasets/machine-learning-matrices-split/airline78.csv.12.3.vc.C 
Ans-fold time: 5.5563
==== Integer vector .C compression
Command: /home/louza/mm-repair/sdsl/encode.x /mnt/data/datasets/machine-learning-matrices-split/airline78.csv.12.4.vc.C 
==== Integer vector .R compression
Command: /home/louza/mm-repair/sdsl/encode.x /mnt/data/datasets/machine-learning-matrices-split/airline78.csv.12.4.vc.R 
Integer vector compression time: 1.0198
==== OLE
Command: /home/louza/mm-repair/ole/encode.x /mnt/data/datasets/machine-learning-matrices-split/airline78.csv.12.4.vc.C 
OLE time: 1.0409
==== Ans-fold compression
Command: /home/louza/mm-repair/ans/encode.x /mnt/data/datasets/machine-learning-matrices-split/airline78.csv.12.4.vc.C 
Ans-fold time: 6.8365
==== Integer vector .C compression
Command: /home/louza/mm-repair/sdsl/encode.x /mnt/data/datasets/machine-learning-matrices-split/airline78.csv.12.5.vc.C 
==== Integer vector .R compression
Command: /home/louza/mm-repair/sdsl/encode.x /mnt/data/datasets/machine-learning-matrices-split/airline78.csv.12.5.vc.R 
Integer vector compression time: 1.0858
==== OLE
Command: /home/louza/mm-repair/ole/encode.x /mnt/data/datasets/machine-learning-matrices-split/airline78.csv.12.5.vc.C 
OLE time: 0.6627
==== Ans-fold compression
Command: /home/louza/mm-repair/ans/encode.x /mnt/data/datasets/machine-learning-matrices-split/airline78.csv.12.5.vc.C 
Ans-fold time: 8.3423
==== Integer vector .C compression
Command: /home/louza/mm-repair/sdsl/encode.x /mnt/data/datasets/machine-learning-matrices-split/airline78.csv.12.6.vc.C 
==== Integer vector .R compression
Command: /home/louza/mm-repair/sdsl/encode.x /mnt/data/datasets/machine-learning-matrices-split/airline78.csv.12.6.vc.R 
Integer vector compression time: 1.0359
==== OLE
Command: /home/louza/mm-repair/ole/encode.x /mnt/data/datasets/machine-learning-matrices-split/airline78.csv.12.6.vc.C 
OLE time: 0.3438
==== Ans-fold compression
Command: /home/louza/mm-repair/ans/encode.x /mnt/data/datasets/machine-learning-matrices-split/airline78.csv.12.6.vc.C 
Ans-fold time: 10.0374
==== Integer vector .C compression
Command: /home/louza/mm-repair/sdsl/encode.x /mnt/data/datasets/machine-learning-matrices-split/airline78.csv.12.7.vc.C 
==== Integer vector .R compression
Command: /home/louza/mm-repair/sdsl/encode.x /mnt/data/datasets/machine-learning-matrices-split/airline78.csv.12.7.vc.R 
Integer vector compression time: 0.7031
==== OLE
Command: /home/louza/mm-repair/ole/encode.x /mnt/data/datasets/machine-learning-matrices-split/airline78.csv.12.7.vc.C 
OLE time: 0.6547
==== Ans-fold compression
Command: /home/louza/mm-repair/ans/encode.x /mnt/data/datasets/machine-learning-matrices-split/airline78.csv.12.7.vc.C 
Ans-fold time: 11.1972
==== Integer vector .C compression
Command: /home/louza/mm-repair/sdsl/encode.x /mnt/data/datasets/machine-learning-matrices-split/airline78.csv.12.8.vc.C 
==== Integer vector .R compression
Command: /home/louza/mm-repair/sdsl/encode.x /mnt/data/datasets/machine-learning-matrices-split/airline78.csv.12.8.vc.R 
Integer vector compression time: 1.0432
==== OLE
Command: /home/louza/mm-repair/ole/encode.x /mnt/data/datasets/machine-learning-matrices-split/airline78.csv.12.8.vc.C 
OLE time: 0.7348
==== Ans-fold compression
Command: /home/louza/mm-repair/ans/encode.x /mnt/data/datasets/machine-learning-matrices-split/airline78.csv.12.8.vc.C 
Ans-fold time: 12.6667
==== Integer vector .C compression
Command: /home/louza/mm-repair/sdsl/encode.x /mnt/data/datasets/machine-learning-matrices-split/airline78.csv.12.9.vc.C 
==== Integer vector .R compression
Command: /home/louza/mm-repair/sdsl/encode.x /mnt/data/datasets/machine-learning-matrices-split/airline78.csv.12.9.vc.R 
Integer vector compression time: 1.3550
==== OLE
Command: /home/louza/mm-repair/ole/encode.x /mnt/data/datasets/machine-learning-matrices-split/airline78.csv.12.9.vc.C 
OLE time: 1.2099
==== Ans-fold compression
Command: /home/louza/mm-repair/ans/encode.x /mnt/data/datasets/machine-learning-matrices-split/airline78.csv.12.9.vc.C 
Ans-fold time: 13.9000
==== Integer vector .C compression
Command: /home/louza/mm-repair/sdsl/encode.x /mnt/data/datasets/machine-learning-matrices-split/airline78.csv.12.10.vc.C 
==== Integer vector .R compression
Command: /home/louza/mm-repair/sdsl/encode.x /mnt/data/datasets/machine-learning-matrices-split/airline78.csv.12.10.vc.R 
Integer vector compression time: 1.1363
==== OLE
Command: /home/louza/mm-repair/ole/encode.x /mnt/data/datasets/machine-learning-matrices-split/airline78.csv.12.10.vc.C 
OLE time: 1.4876
==== Ans-fold compression
Command: /home/louza/mm-repair/ans/encode.x /mnt/data/datasets/machine-learning-matrices-split/airline78.csv.12.10.vc.C 
Ans-fold time: 15.0955
==== Integer vector .C compression
Command: /home/louza/mm-repair/sdsl/encode.x /mnt/data/datasets/machine-learning-matrices-split/airline78.csv.12.11.vc.C 
==== Integer vector .R compression
Command: /home/louza/mm-repair/sdsl/encode.x /mnt/data/datasets/machine-learning-matrices-split/airline78.csv.12.11.vc.R 
Integer vector compression time: 0.8381
==== OLE
Command: /home/louza/mm-repair/ole/encode.x /mnt/data/datasets/machine-learning-matrices-split/airline78.csv.12.11.vc.C 
OLE time: 0.7281
==== Ans-fold compression
Command: /home/louza/mm-repair/ans/encode.x /mnt/data/datasets/machine-learning-matrices-split/airline78.csv.12.11.vc.C 
Ans-fold time: 16.4764
Command: /home/louza/mm-repair/ans/encode.x /mnt/data/datasets/machine-learning-matrices-split/airline78.csv.wcode 
Elapsed time: 241.8198
==== Compression Report:
 >> matrix name: /mnt/data/datasets/machine-learning-matrices-split/airline78.csv
 >> conversion time: 161.64
 >> repair time: 43.10
 >> integer vectors time: 0.84
 >> ansf time: 16.48
 >> total time: 241.82
 >> wcode: 119868 bytes
 >> wcode_ans: 9474 bytes
 >> matrix log(alpha)xNumEntries size: 681566188 bytes
 >> matrix dense size: 3355402776 bytes
 >> total number of nonzero: 304762947 (72.66%)
 >> number of distinct nonzero: 7794
 >> CRSV  size: 1276965912 bytes  (38.06%)
 >> RE32  size: 581004060 bytes  (17.32%)
 >> REIV  size: 381346876 bytes  (11.37%)
 >> REANS size: 309319863 bytes  (9.22%)
==== Done

#### 2026-09-06 07:55:10
 Command line: ./mm-repair/matrepair -r -b 12 -p 12 /mnt/data/datasets/machine-learning-matrices-split/airline78.csv 14462943 29 --ole --split 
Setting memory for each repair instance to 38671 MBs
Sending logging messages to file: /mnt/data/datasets/machine-learning-matrices-split/airline78.csv.log
==== Conversion bin/csv->csrv
Command: /home/louza/mm-repair/csvmat2csrv -b 12   /mnt/data/datasets/machine-learning-matrices-split/airline78.csv -r 0  -s 14462943 29
Conversion time: 414.5376
==== Repair paralell compression
---- Executing 12 parallel processes
---- Parallel processing completed
Repair time: 37.9881
==== Integer vector .C compression
Command: /home/louza/mm-repair/sdsl/encode.x /mnt/data/datasets/machine-learning-matrices-split/airline78.csv.12.0.A.vc.C 
==== Integer vector .R compression
Command: /home/louza/mm-repair/sdsl/encode.x /mnt/data/datasets/machine-learning-matrices-split/airline78.csv.12.0.A.vc.R 
Integer vector compression time: 0.7702
==== OLE
Command: /home/louza/mm-repair/ole/encode.x /mnt/data/datasets/machine-learning-matrices-split/airline78.csv.12.0.A.vc.C 
Command: /home/louza/mm-repair/ole/encode.x /mnt/data/datasets/machine-learning-matrices-split/airline78.csv.12.0.B.vc 
OLE time: 0.0434
==== Ans-fold compression
Command: /home/louza/mm-repair/ans/encode.x /mnt/data/datasets/machine-learning-matrices-split/airline78.csv.12.0.A.vc.C 
Command: /home/louza/mm-repair/ans/encode.x /mnt/data/datasets/machine-learning-matrices-split/airline78.csv.12.0.B.vc
Ans-fold time: 1.1194
==== Integer vector .C compression
Command: /home/louza/mm-repair/sdsl/encode.x /mnt/data/datasets/machine-learning-matrices-split/airline78.csv.12.1.A.vc.C 
==== Integer vector .R compression
Command: /home/louza/mm-repair/sdsl/encode.x /mnt/data/datasets/machine-learning-matrices-split/airline78.csv.12.1.A.vc.R 
Integer vector compression time: 0.8733
==== OLE
Command: /home/louza/mm-repair/ole/encode.x /mnt/data/datasets/machine-learning-matrices-split/airline78.csv.12.1.A.vc.C 
Command: /home/louza/mm-repair/ole/encode.x /mnt/data/datasets/machine-learning-matrices-split/airline78.csv.12.1.B.vc 
OLE time: 0.0973
==== Ans-fold compression
Command: /home/louza/mm-repair/ans/encode.x /mnt/data/datasets/machine-learning-matrices-split/airline78.csv.12.1.A.vc.C 
Command: /home/louza/mm-repair/ans/encode.x /mnt/data/datasets/machine-learning-matrices-split/airline78.csv.12.1.B.vc
Ans-fold time: 2.5326
==== Integer vector .C compression
Command: /home/louza/mm-repair/sdsl/encode.x /mnt/data/datasets/machine-learning-matrices-split/airline78.csv.12.2.A.vc.C 
==== Integer vector .R compression
Command: /home/louza/mm-repair/sdsl/encode.x /mnt/data/datasets/machine-learning-matrices-split/airline78.csv.12.2.A.vc.R 
Integer vector compression time: 0.7573
==== OLE
Command: /home/louza/mm-repair/ole/encode.x /mnt/data/datasets/machine-learning-matrices-split/airline78.csv.12.2.A.vc.C 
Command: /home/louza/mm-repair/ole/encode.x /mnt/data/datasets/machine-learning-matrices-split/airline78.csv.12.2.B.vc 
OLE time: 0.0865
==== Ans-fold compression
Command: /home/louza/mm-repair/ans/encode.x /mnt/data/datasets/machine-learning-matrices-split/airline78.csv.12.2.A.vc.C 
Command: /home/louza/mm-repair/ans/encode.x /mnt/data/datasets/machine-learning-matrices-split/airline78.csv.12.2.B.vc
Ans-fold time: 3.4453
==== Integer vector .C compression
Command: /home/louza/mm-repair/sdsl/encode.x /mnt/data/datasets/machine-learning-matrices-split/airline78.csv.12.3.A.vc.C 
==== Integer vector .R compression
Command: /home/louza/mm-repair/sdsl/encode.x /mnt/data/datasets/machine-learning-matrices-split/airline78.csv.12.3.A.vc.R 
Integer vector compression time: 0.6659
==== OLE
Command: /home/louza/mm-repair/ole/encode.x /mnt/data/datasets/machine-learning-matrices-split/airline78.csv.12.3.A.vc.C 
Command: /home/louza/mm-repair/ole/encode.x /mnt/data/datasets/machine-learning-matrices-split/airline78.csv.12.3.B.vc 
OLE time: 0.0360
==== Ans-fold compression
Command: /home/louza/mm-repair/ans/encode.x /mnt/data/datasets/machine-learning-matrices-split/airline78.csv.12.3.A.vc.C 
Command: /home/louza/mm-repair/ans/encode.x /mnt/data/datasets/machine-learning-matrices-split/airline78.csv.12.3.B.vc
Ans-fold time: 4.7929
==== Integer vector .C compression
Command: /home/louza/mm-repair/sdsl/encode.x /mnt/data/datasets/machine-learning-matrices-split/airline78.csv.12.4.A.vc.C 
==== Integer vector .R compression
Command: /home/louza/mm-repair/sdsl/encode.x /mnt/data/datasets/machine-learning-matrices-split/airline78.csv.12.4.A.vc.R 
Integer vector compression time: 0.5654
==== OLE
Command: /home/louza/mm-repair/ole/encode.x /mnt/data/datasets/machine-learning-matrices-split/airline78.csv.12.4.A.vc.C 
Command: /home/louza/mm-repair/ole/encode.x /mnt/data/datasets/machine-learning-matrices-split/airline78.csv.12.4.B.vc 
OLE time: 0.0663
==== Ans-fold compression
Command: /home/louza/mm-repair/ans/encode.x /mnt/data/datasets/machine-learning-matrices-split/airline78.csv.12.4.A.vc.C 
Command: /home/louza/mm-repair/ans/encode.x /mnt/data/datasets/machine-learning-matrices-split/airline78.csv.12.4.B.vc
Ans-fold time: 6.3910
==== Integer vector .C compression
Command: /home/louza/mm-repair/sdsl/encode.x /mnt/data/datasets/machine-learning-matrices-split/airline78.csv.12.5.A.vc.C 
==== Integer vector .R compression
Command: /home/louza/mm-repair/sdsl/encode.x /mnt/data/datasets/machine-learning-matrices-split/airline78.csv.12.5.A.vc.R 
Integer vector compression time: 0.6632
==== OLE
Command: /home/louza/mm-repair/ole/encode.x /mnt/data/datasets/machine-learning-matrices-split/airline78.csv.12.5.A.vc.C 
Command: /home/louza/mm-repair/ole/encode.x /mnt/data/datasets/machine-learning-matrices-split/airline78.csv.12.5.B.vc 
OLE time: 0.0385
==== Ans-fold compression
Command: /home/louza/mm-repair/ans/encode.x /mnt/data/datasets/machine-learning-matrices-split/airline78.csv.12.5.A.vc.C 
Command: /home/louza/mm-repair/ans/encode.x /mnt/data/datasets/machine-learning-matrices-split/airline78.csv.12.5.B.vc
Ans-fold time: 7.7551
==== Integer vector .C compression
Command: /home/louza/mm-repair/sdsl/encode.x /mnt/data/datasets/machine-learning-matrices-split/airline78.csv.12.6.A.vc.C 
==== Integer vector .R compression
Command: /home/louza/mm-repair/sdsl/encode.x /mnt/data/datasets/machine-learning-matrices-split/airline78.csv.12.6.A.vc.R 
Integer vector compression time: 1.0175
==== OLE
Command: /home/louza/mm-repair/ole/encode.x /mnt/data/datasets/machine-learning-matrices-split/airline78.csv.12.6.A.vc.C 
Command: /home/louza/mm-repair/ole/encode.x /mnt/data/datasets/machine-learning-matrices-split/airline78.csv.12.6.B.vc 
OLE time: 0.0301
==== Ans-fold compression
Command: /home/louza/mm-repair/ans/encode.x /mnt/data/datasets/machine-learning-matrices-split/airline78.csv.12.6.A.vc.C 
Command: /home/louza/mm-repair/ans/encode.x /mnt/data/datasets/machine-learning-matrices-split/airline78.csv.12.6.B.vc
Ans-fold time: 9.0904
==== Integer vector .C compression
Command: /home/louza/mm-repair/sdsl/encode.x /mnt/data/datasets/machine-learning-matrices-split/airline78.csv.12.7.A.vc.C 
==== Integer vector .R compression
Command: /home/louza/mm-repair/sdsl/encode.x /mnt/data/datasets/machine-learning-matrices-split/airline78.csv.12.7.A.vc.R 
Integer vector compression time: 0.6368
==== OLE
Command: /home/louza/mm-repair/ole/encode.x /mnt/data/datasets/machine-learning-matrices-split/airline78.csv.12.7.A.vc.C 
Command: /home/louza/mm-repair/ole/encode.x /mnt/data/datasets/machine-learning-matrices-split/airline78.csv.12.7.B.vc 
OLE time: 0.0542
==== Ans-fold compression
Command: /home/louza/mm-repair/ans/encode.x /mnt/data/datasets/machine-learning-matrices-split/airline78.csv.12.7.A.vc.C 
Command: /home/louza/mm-repair/ans/encode.x /mnt/data/datasets/machine-learning-matrices-split/airline78.csv.12.7.B.vc
Ans-fold time: 10.4212
==== Integer vector .C compression
Command: /home/louza/mm-repair/sdsl/encode.x /mnt/data/datasets/machine-learning-matrices-split/airline78.csv.12.8.A.vc.C 
==== Integer vector .R compression
Command: /home/louza/mm-repair/sdsl/encode.x /mnt/data/datasets/machine-learning-matrices-split/airline78.csv.12.8.A.vc.R 
Integer vector compression time: 0.5714
==== OLE
Command: /home/louza/mm-repair/ole/encode.x /mnt/data/datasets/machine-learning-matrices-split/airline78.csv.12.8.A.vc.C 
Command: /home/louza/mm-repair/ole/encode.x /mnt/data/datasets/machine-learning-matrices-split/airline78.csv.12.8.B.vc 
OLE time: 0.2205
==== Ans-fold compression
Command: /home/louza/mm-repair/ans/encode.x /mnt/data/datasets/machine-learning-matrices-split/airline78.csv.12.8.A.vc.C 
Command: /home/louza/mm-repair/ans/encode.x /mnt/data/datasets/machine-learning-matrices-split/airline78.csv.12.8.B.vc
Ans-fold time: 11.9338
==== Integer vector .C compression
Command: /home/louza/mm-repair/sdsl/encode.x /mnt/data/datasets/machine-learning-matrices-split/airline78.csv.12.9.A.vc.C 
==== Integer vector .R compression
Command: /home/louza/mm-repair/sdsl/encode.x /mnt/data/datasets/machine-learning-matrices-split/airline78.csv.12.9.A.vc.R 
Integer vector compression time: 0.6476
==== OLE
Command: /home/louza/mm-repair/ole/encode.x /mnt/data/datasets/machine-learning-matrices-split/airline78.csv.12.9.A.vc.C 
Command: /home/louza/mm-repair/ole/encode.x /mnt/data/datasets/machine-learning-matrices-split/airline78.csv.12.9.B.vc 
OLE time: 0.0664
==== Ans-fold compression
Command: /home/louza/mm-repair/ans/encode.x /mnt/data/datasets/machine-learning-matrices-split/airline78.csv.12.9.A.vc.C 
Command: /home/louza/mm-repair/ans/encode.x /mnt/data/datasets/machine-learning-matrices-split/airline78.csv.12.9.B.vc
Ans-fold time: 13.3844
==== Integer vector .C compression
Command: /home/louza/mm-repair/sdsl/encode.x /mnt/data/datasets/machine-learning-matrices-split/airline78.csv.12.10.A.vc.C 
==== Integer vector .R compression
Command: /home/louza/mm-repair/sdsl/encode.x /mnt/data/datasets/machine-learning-matrices-split/airline78.csv.12.10.A.vc.R 
Integer vector compression time: 0.6920
==== OLE
Command: /home/louza/mm-repair/ole/encode.x /mnt/data/datasets/machine-learning-matrices-split/airline78.csv.12.10.A.vc.C 
Command: /home/louza/mm-repair/ole/encode.x /mnt/data/datasets/machine-learning-matrices-split/airline78.csv.12.10.B.vc 
OLE time: 0.0342
==== Ans-fold compression
Command: /home/louza/mm-repair/ans/encode.x /mnt/data/datasets/machine-learning-matrices-split/airline78.csv.12.10.A.vc.C 
Command: /home/louza/mm-repair/ans/encode.x /mnt/data/datasets/machine-learning-matrices-split/airline78.csv.12.10.B.vc
Ans-fold time: 14.9270
==== Integer vector .C compression
Command: /home/louza/mm-repair/sdsl/encode.x /mnt/data/datasets/machine-learning-matrices-split/airline78.csv.12.11.A.vc.C 
==== Integer vector .R compression
Command: /home/louza/mm-repair/sdsl/encode.x /mnt/data/datasets/machine-learning-matrices-split/airline78.csv.12.11.A.vc.R 
Integer vector compression time: 0.9440
==== OLE
Command: /home/louza/mm-repair/ole/encode.x /mnt/data/datasets/machine-learning-matrices-split/airline78.csv.12.11.A.vc.C 
Command: /home/louza/mm-repair/ole/encode.x /mnt/data/datasets/machine-learning-matrices-split/airline78.csv.12.11.B.vc 
OLE time: 0.0435
==== Ans-fold compression
Command: /home/louza/mm-repair/ans/encode.x /mnt/data/datasets/machine-learning-matrices-split/airline78.csv.12.11.A.vc.C 
Command: /home/louza/mm-repair/ans/encode.x /mnt/data/datasets/machine-learning-matrices-split/airline78.csv.12.11.B.vc
Ans-fold time: 16.0262
Elapsed time: 484.3574
==== Compression Report:
 >> matrix name: /mnt/data/datasets/machine-learning-matrices-split/airline78.csv
 >> conversion time: 414.54
 >> repair time: 37.99
 >> integer vectors time: 0.94
 >> ansf time: 16.03
 >> total time: 484.36
 >> matrix log(alpha)xNumEntries size: 681566188 bytes
 >> matrix dense size: 3355402776 bytes
 >> total number of nonzero: 298325301 (71.13%)
 >> number of distinct nonzero: 7794
 >> CRSV  size: 1251215328 bytes  (37.29%)
 >> B	  size: 83602356 bytes  (2.49%)
 >> B_ans size: 16303826 bytes  (0.49%)
 >> RE32  size: 571338586 bytes  (17.03%)
 >> REIV  size: 380567106 bytes  (11.34%)
 >> REANS size: 319397101 bytes  (9.52%)
==== Done

#### 2026-09-06 08:03:15
 Command line: ./mm-repair/matrepair -r -b 12 -p 12 /mnt/data/datasets/machine-learning-matrices-split/airline78.csv 14462943 29 --mapping --split 
Setting memory for each repair instance to 38671 MBs
Sending logging messages to file: /mnt/data/datasets/machine-learning-matrices-split/airline78.csv.log
==== Conversion bin/csv->csrv
Command: /home/louza/mm-repair/csvmat2csrv -b 12   /mnt/data/datasets/machine-learning-matrices-split/airline78.csv -r 0 -m -s 14462943 29
Conversion time: 554.6879
==== Repair paralell compression
---- Executing 12 parallel processes
---- Parallel processing completed
Repair time: 32.4261
==== Integer vector .C compression
Command: /home/louza/mm-repair/sdsl/encode.x /mnt/data/datasets/machine-learning-matrices-split/airline78.csv.12.0.A.vc.C 
==== Integer vector .R compression
Command: /home/louza/mm-repair/sdsl/encode.x /mnt/data/datasets/machine-learning-matrices-split/airline78.csv.12.0.A.vc.R 
Integer vector compression time: 0.5961
==== Ans-fold compression
Command: /home/louza/mm-repair/ans/encode.x /mnt/data/datasets/machine-learning-matrices-split/airline78.csv.12.0.A.vc.C 
Command: /home/louza/mm-repair/ans/encode.x /mnt/data/datasets/machine-learning-matrices-split/airline78.csv.12.0.B.vc
Ans-fold time: 1.1407
==== Integer vector .C compression
Command: /home/louza/mm-repair/sdsl/encode.x /mnt/data/datasets/machine-learning-matrices-split/airline78.csv.12.1.A.vc.C 
==== Integer vector .R compression
Command: /home/louza/mm-repair/sdsl/encode.x /mnt/data/datasets/machine-learning-matrices-split/airline78.csv.12.1.A.vc.R 
Integer vector compression time: 0.5598
==== Ans-fold compression
Command: /home/louza/mm-repair/ans/encode.x /mnt/data/datasets/machine-learning-matrices-split/airline78.csv.12.1.A.vc.C 
Command: /home/louza/mm-repair/ans/encode.x /mnt/data/datasets/machine-learning-matrices-split/airline78.csv.12.1.B.vc
Ans-fold time: 2.1236
==== Integer vector .C compression
Command: /home/louza/mm-repair/sdsl/encode.x /mnt/data/datasets/machine-learning-matrices-split/airline78.csv.12.2.A.vc.C 
==== Integer vector .R compression
Command: /home/louza/mm-repair/sdsl/encode.x /mnt/data/datasets/machine-learning-matrices-split/airline78.csv.12.2.A.vc.R 
Integer vector compression time: 0.5522
==== Ans-fold compression
Command: /home/louza/mm-repair/ans/encode.x /mnt/data/datasets/machine-learning-matrices-split/airline78.csv.12.2.A.vc.C 
Command: /home/louza/mm-repair/ans/encode.x /mnt/data/datasets/machine-learning-matrices-split/airline78.csv.12.2.B.vc
Ans-fold time: 3.0640
==== Integer vector .C compression
Command: /home/louza/mm-repair/sdsl/encode.x /mnt/data/datasets/machine-learning-matrices-split/airline78.csv.12.3.A.vc.C 
==== Integer vector .R compression
Command: /home/louza/mm-repair/sdsl/encode.x /mnt/data/datasets/machine-learning-matrices-split/airline78.csv.12.3.A.vc.R 
Integer vector compression time: 0.5564
==== Ans-fold compression
Command: /home/louza/mm-repair/ans/encode.x /mnt/data/datasets/machine-learning-matrices-split/airline78.csv.12.3.A.vc.C 
Command: /home/louza/mm-repair/ans/encode.x /mnt/data/datasets/machine-learning-matrices-split/airline78.csv.12.3.B.vc
Ans-fold time: 3.9763
==== Integer vector .C compression
Command: /home/louza/mm-repair/sdsl/encode.x /mnt/data/datasets/machine-learning-matrices-split/airline78.csv.12.4.A.vc.C 
==== Integer vector .R compression
Command: /home/louza/mm-repair/sdsl/encode.x /mnt/data/datasets/machine-learning-matrices-split/airline78.csv.12.4.A.vc.R 
Integer vector compression time: 0.4855
==== Ans-fold compression
Command: /home/louza/mm-repair/ans/encode.x /mnt/data/datasets/machine-learning-matrices-split/airline78.csv.12.4.A.vc.C 
Command: /home/louza/mm-repair/ans/encode.x /mnt/data/datasets/machine-learning-matrices-split/airline78.csv.12.4.B.vc
Ans-fold time: 4.8953
==== Integer vector .C compression
Command: /home/louza/mm-repair/sdsl/encode.x /mnt/data/datasets/machine-learning-matrices-split/airline78.csv.12.5.A.vc.C 
==== Integer vector .R compression
Command: /home/louza/mm-repair/sdsl/encode.x /mnt/data/datasets/machine-learning-matrices-split/airline78.csv.12.5.A.vc.R 
Integer vector compression time: 0.4948
==== Ans-fold compression
Command: /home/louza/mm-repair/ans/encode.x /mnt/data/datasets/machine-learning-matrices-split/airline78.csv.12.5.A.vc.C 
Command: /home/louza/mm-repair/ans/encode.x /mnt/data/datasets/machine-learning-matrices-split/airline78.csv.12.5.B.vc
Ans-fold time: 5.7950
==== Integer vector .C compression
Command: /home/louza/mm-repair/sdsl/encode.x /mnt/data/datasets/machine-learning-matrices-split/airline78.csv.12.6.A.vc.C 
==== Integer vector .R compression
Command: /home/louza/mm-repair/sdsl/encode.x /mnt/data/datasets/machine-learning-matrices-split/airline78.csv.12.6.A.vc.R 
Integer vector compression time: 0.5208
==== Ans-fold compression
Command: /home/louza/mm-repair/ans/encode.x /mnt/data/datasets/machine-learning-matrices-split/airline78.csv.12.6.A.vc.C 
Command: /home/louza/mm-repair/ans/encode.x /mnt/data/datasets/machine-learning-matrices-split/airline78.csv.12.6.B.vc
Ans-fold time: 6.9394
==== Integer vector .C compression
Command: /home/louza/mm-repair/sdsl/encode.x /mnt/data/datasets/machine-learning-matrices-split/airline78.csv.12.7.A.vc.C 
==== Integer vector .R compression
Command: /home/louza/mm-repair/sdsl/encode.x /mnt/data/datasets/machine-learning-matrices-split/airline78.csv.12.7.A.vc.R 
Integer vector compression time: 0.4913
==== Ans-fold compression
Command: /home/louza/mm-repair/ans/encode.x /mnt/data/datasets/machine-learning-matrices-split/airline78.csv.12.7.A.vc.C 
Command: /home/louza/mm-repair/ans/encode.x /mnt/data/datasets/machine-learning-matrices-split/airline78.csv.12.7.B.vc
Ans-fold time: 7.8631
==== Integer vector .C compression
Command: /home/louza/mm-repair/sdsl/encode.x /mnt/data/datasets/machine-learning-matrices-split/airline78.csv.12.8.A.vc.C 
==== Integer vector .R compression
Command: /home/louza/mm-repair/sdsl/encode.x /mnt/data/datasets/machine-learning-matrices-split/airline78.csv.12.8.A.vc.R 
Integer vector compression time: 0.5142
==== Ans-fold compression
Command: /home/louza/mm-repair/ans/encode.x /mnt/data/datasets/machine-learning-matrices-split/airline78.csv.12.8.A.vc.C 
Command: /home/louza/mm-repair/ans/encode.x /mnt/data/datasets/machine-learning-matrices-split/airline78.csv.12.8.B.vc
Ans-fold time: 8.7887
==== Integer vector .C compression
Command: /home/louza/mm-repair/sdsl/encode.x /mnt/data/datasets/machine-learning-matrices-split/airline78.csv.12.9.A.vc.C 
==== Integer vector .R compression
Command: /home/louza/mm-repair/sdsl/encode.x /mnt/data/datasets/machine-learning-matrices-split/airline78.csv.12.9.A.vc.R 
Integer vector compression time: 0.4866
==== Ans-fold compression
Command: /home/louza/mm-repair/ans/encode.x /mnt/data/datasets/machine-learning-matrices-split/airline78.csv.12.9.A.vc.C 
Command: /home/louza/mm-repair/ans/encode.x /mnt/data/datasets/machine-learning-matrices-split/airline78.csv.12.9.B.vc
Ans-fold time: 9.7211
==== Integer vector .C compression
Command: /home/louza/mm-repair/sdsl/encode.x /mnt/data/datasets/machine-learning-matrices-split/airline78.csv.12.10.A.vc.C 
==== Integer vector .R compression
Command: /home/louza/mm-repair/sdsl/encode.x /mnt/data/datasets/machine-learning-matrices-split/airline78.csv.12.10.A.vc.R 
Integer vector compression time: 0.4755
==== Ans-fold compression
Command: /home/louza/mm-repair/ans/encode.x /mnt/data/datasets/machine-learning-matrices-split/airline78.csv.12.10.A.vc.C 
Command: /home/louza/mm-repair/ans/encode.x /mnt/data/datasets/machine-learning-matrices-split/airline78.csv.12.10.B.vc
Ans-fold time: 10.6265
==== Integer vector .C compression
Command: /home/louza/mm-repair/sdsl/encode.x /mnt/data/datasets/machine-learning-matrices-split/airline78.csv.12.11.A.vc.C 
==== Integer vector .R compression
Command: /home/louza/mm-repair/sdsl/encode.x /mnt/data/datasets/machine-learning-matrices-split/airline78.csv.12.11.A.vc.R 
Integer vector compression time: 0.4913
==== Ans-fold compression
Command: /home/louza/mm-repair/ans/encode.x /mnt/data/datasets/machine-learning-matrices-split/airline78.csv.12.11.A.vc.C 
Command: /home/louza/mm-repair/ans/encode.x /mnt/data/datasets/machine-learning-matrices-split/airline78.csv.12.11.B.vc
Ans-fold time: 11.5138
Command: /home/louza/mm-repair/ans/encode.x /mnt/data/datasets/machine-learning-matrices-split/airline78.csv.wcode 
Elapsed time: 604.8563
==== Compression Report:
 >> matrix name: /mnt/data/datasets/machine-learning-matrices-split/airline78.csv
 >> conversion time: 554.69
 >> repair time: 32.43
 >> integer vectors time: 0.49
 >> ansf time: 11.51
 >> total time: 604.86
 >> wcode: 119868 bytes
 >> wcode_ans: 9474 bytes
 >> matrix log(alpha)xNumEntries size: 681566188 bytes
 >> matrix dense size: 3355402776 bytes
 >> total number of nonzero: 298325301 (71.13%)
 >> number of distinct nonzero: 7794
 >> CRSV  size: 1251215328 bytes  (37.29%)
 >> B	  size: 83602356 bytes  (2.49%)
 >> B_ans size: 14206940 bytes  (0.42%)
 >> RE32  size: 569361568 bytes  (16.97%)
 >> REIV  size: 378590088 bytes  (11.28%)
 >> REANS size: 320416777 bytes  (9.55%)
==== Done

#### 2026-09-06 08:13:19
 Command line: ./mm-repair/matrepair -r -b 12 -p 12 /mnt/data/datasets/machine-learning-matrices-split/airline78.csv 14462943 29 --ole --mapping --split 
Setting memory for each repair instance to 38671 MBs
Sending logging messages to file: /mnt/data/datasets/machine-learning-matrices-split/airline78.csv.log
==== Conversion bin/csv->csrv
Command: /home/louza/mm-repair/csvmat2csrv -b 12   /mnt/data/datasets/machine-learning-matrices-split/airline78.csv -r 0 -m -s 14462943 29
Conversion time: 531.4654
==== Repair paralell compression
---- Executing 12 parallel processes
---- Parallel processing completed
Repair time: 34.1735
==== Integer vector .C compression
Command: /home/louza/mm-repair/sdsl/encode.x /mnt/data/datasets/machine-learning-matrices-split/airline78.csv.12.0.A.vc.C 
==== Integer vector .R compression
Command: /home/louza/mm-repair/sdsl/encode.x /mnt/data/datasets/machine-learning-matrices-split/airline78.csv.12.0.A.vc.R 
Integer vector compression time: 0.5240
==== OLE
Command: /home/louza/mm-repair/ole/encode.x /mnt/data/datasets/machine-learning-matrices-split/airline78.csv.12.0.A.vc.C 
Command: /home/louza/mm-repair/ole/encode.x /mnt/data/datasets/machine-learning-matrices-split/airline78.csv.12.0.B.vc 
OLE time: 0.0441
==== Ans-fold compression
Command: /home/louza/mm-repair/ans/encode.x /mnt/data/datasets/machine-learning-matrices-split/airline78.csv.12.0.A.vc.C 
Command: /home/louza/mm-repair/ans/encode.x /mnt/data/datasets/machine-learning-matrices-split/airline78.csv.12.0.B.vc
Ans-fold time: 0.8735
==== Integer vector .C compression
Command: /home/louza/mm-repair/sdsl/encode.x /mnt/data/datasets/machine-learning-matrices-split/airline78.csv.12.1.A.vc.C 
==== Integer vector .R compression
Command: /home/louza/mm-repair/sdsl/encode.x /mnt/data/datasets/machine-learning-matrices-split/airline78.csv.12.1.A.vc.R 
Integer vector compression time: 0.5668
==== OLE
Command: /home/louza/mm-repair/ole/encode.x /mnt/data/datasets/machine-learning-matrices-split/airline78.csv.12.1.A.vc.C 
Command: /home/louza/mm-repair/ole/encode.x /mnt/data/datasets/machine-learning-matrices-split/airline78.csv.12.1.B.vc 
OLE time: 0.0322
==== Ans-fold compression
Command: /home/louza/mm-repair/ans/encode.x /mnt/data/datasets/machine-learning-matrices-split/airline78.csv.12.1.A.vc.C 
Command: /home/louza/mm-repair/ans/encode.x /mnt/data/datasets/machine-learning-matrices-split/airline78.csv.12.1.B.vc
Ans-fold time: 1.7411
==== Integer vector .C compression
Command: /home/louza/mm-repair/sdsl/encode.x /mnt/data/datasets/machine-learning-matrices-split/airline78.csv.12.2.A.vc.C 
==== Integer vector .R compression
Command: /home/louza/mm-repair/sdsl/encode.x /mnt/data/datasets/machine-learning-matrices-split/airline78.csv.12.2.A.vc.R 
Integer vector compression time: 0.6062
==== OLE
Command: /home/louza/mm-repair/ole/encode.x /mnt/data/datasets/machine-learning-matrices-split/airline78.csv.12.2.A.vc.C 
Command: /home/louza/mm-repair/ole/encode.x /mnt/data/datasets/machine-learning-matrices-split/airline78.csv.12.2.B.vc 
OLE time: 0.0440
==== Ans-fold compression
Command: /home/louza/mm-repair/ans/encode.x /mnt/data/datasets/machine-learning-matrices-split/airline78.csv.12.2.A.vc.C 
Command: /home/louza/mm-repair/ans/encode.x /mnt/data/datasets/machine-learning-matrices-split/airline78.csv.12.2.B.vc
Ans-fold time: 3.2944
==== Integer vector .C compression
Command: /home/louza/mm-repair/sdsl/encode.x /mnt/data/datasets/machine-learning-matrices-split/airline78.csv.12.3.A.vc.C 
==== Integer vector .R compression
Command: /home/louza/mm-repair/sdsl/encode.x /mnt/data/datasets/machine-learning-matrices-split/airline78.csv.12.3.A.vc.R 
Integer vector compression time: 0.8459
==== OLE
Command: /home/louza/mm-repair/ole/encode.x /mnt/data/datasets/machine-learning-matrices-split/airline78.csv.12.3.A.vc.C 
Command: /home/louza/mm-repair/ole/encode.x /mnt/data/datasets/machine-learning-matrices-split/airline78.csv.12.3.B.vc 
OLE time: 0.0306
==== Ans-fold compression
Command: /home/louza/mm-repair/ans/encode.x /mnt/data/datasets/machine-learning-matrices-split/airline78.csv.12.3.A.vc.C 
Command: /home/louza/mm-repair/ans/encode.x /mnt/data/datasets/machine-learning-matrices-split/airline78.csv.12.3.B.vc
Ans-fold time: 4.6128
==== Integer vector .C compression
Command: /home/louza/mm-repair/sdsl/encode.x /mnt/data/datasets/machine-learning-matrices-split/airline78.csv.12.4.A.vc.C 
==== Integer vector .R compression
Command: /home/louza/mm-repair/sdsl/encode.x /mnt/data/datasets/machine-learning-matrices-split/airline78.csv.12.4.A.vc.R 
Integer vector compression time: 0.8141
==== OLE
Command: /home/louza/mm-repair/ole/encode.x /mnt/data/datasets/machine-learning-matrices-split/airline78.csv.12.4.A.vc.C 
Command: /home/louza/mm-repair/ole/encode.x /mnt/data/datasets/machine-learning-matrices-split/airline78.csv.12.4.B.vc 
OLE time: 0.0366
==== Ans-fold compression
Command: /home/louza/mm-repair/ans/encode.x /mnt/data/datasets/machine-learning-matrices-split/airline78.csv.12.4.A.vc.C 
Command: /home/louza/mm-repair/ans/encode.x /mnt/data/datasets/machine-learning-matrices-split/airline78.csv.12.4.B.vc
Ans-fold time: 5.9004
==== Integer vector .C compression
Command: /home/louza/mm-repair/sdsl/encode.x /mnt/data/datasets/machine-learning-matrices-split/airline78.csv.12.5.A.vc.C 
==== Integer vector .R compression
Command: /home/louza/mm-repair/sdsl/encode.x /mnt/data/datasets/machine-learning-matrices-split/airline78.csv.12.5.A.vc.R 
Integer vector compression time: 0.5280
==== OLE
Command: /home/louza/mm-repair/ole/encode.x /mnt/data/datasets/machine-learning-matrices-split/airline78.csv.12.5.A.vc.C 
Command: /home/louza/mm-repair/ole/encode.x /mnt/data/datasets/machine-learning-matrices-split/airline78.csv.12.5.B.vc 
OLE time: 0.0485
==== Ans-fold compression
Command: /home/louza/mm-repair/ans/encode.x /mnt/data/datasets/machine-learning-matrices-split/airline78.csv.12.5.A.vc.C 
Command: /home/louza/mm-repair/ans/encode.x /mnt/data/datasets/machine-learning-matrices-split/airline78.csv.12.5.B.vc
Ans-fold time: 6.6968
==== Integer vector .C compression
Command: /home/louza/mm-repair/sdsl/encode.x /mnt/data/datasets/machine-learning-matrices-split/airline78.csv.12.6.A.vc.C 
==== Integer vector .R compression
Command: /home/louza/mm-repair/sdsl/encode.x /mnt/data/datasets/machine-learning-matrices-split/airline78.csv.12.6.A.vc.R 
Integer vector compression time: 0.6438
==== OLE
Command: /home/louza/mm-repair/ole/encode.x /mnt/data/datasets/machine-learning-matrices-split/airline78.csv.12.6.A.vc.C 
Command: /home/louza/mm-repair/ole/encode.x /mnt/data/datasets/machine-learning-matrices-split/airline78.csv.12.6.B.vc 
OLE time: 0.0330
==== Ans-fold compression
Command: /home/louza/mm-repair/ans/encode.x /mnt/data/datasets/machine-learning-matrices-split/airline78.csv.12.6.A.vc.C 
Command: /home/louza/mm-repair/ans/encode.x /mnt/data/datasets/machine-learning-matrices-split/airline78.csv.12.6.B.vc
Ans-fold time: 7.9845
==== Integer vector .C compression
Command: /home/louza/mm-repair/sdsl/encode.x /mnt/data/datasets/machine-learning-matrices-split/airline78.csv.12.7.A.vc.C 
==== Integer vector .R compression
Command: /home/louza/mm-repair/sdsl/encode.x /mnt/data/datasets/machine-learning-matrices-split/airline78.csv.12.7.A.vc.R 
Integer vector compression time: 0.4800
==== OLE
Command: /home/louza/mm-repair/ole/encode.x /mnt/data/datasets/machine-learning-matrices-split/airline78.csv.12.7.A.vc.C 
Command: /home/louza/mm-repair/ole/encode.x /mnt/data/datasets/machine-learning-matrices-split/airline78.csv.12.7.B.vc 
OLE time: 0.0293
==== Ans-fold compression
Command: /home/louza/mm-repair/ans/encode.x /mnt/data/datasets/machine-learning-matrices-split/airline78.csv.12.7.A.vc.C 
Command: /home/louza/mm-repair/ans/encode.x /mnt/data/datasets/machine-learning-matrices-split/airline78.csv.12.7.B.vc
Ans-fold time: 9.1471
==== Integer vector .C compression
Command: /home/louza/mm-repair/sdsl/encode.x /mnt/data/datasets/machine-learning-matrices-split/airline78.csv.12.8.A.vc.C 
==== Integer vector .R compression
Command: /home/louza/mm-repair/sdsl/encode.x /mnt/data/datasets/machine-learning-matrices-split/airline78.csv.12.8.A.vc.R 
Integer vector compression time: 0.4486
==== OLE
Command: /home/louza/mm-repair/ole/encode.x /mnt/data/datasets/machine-learning-matrices-split/airline78.csv.12.8.A.vc.C 
Command: /home/louza/mm-repair/ole/encode.x /mnt/data/datasets/machine-learning-matrices-split/airline78.csv.12.8.B.vc 
OLE time: 0.0309
==== Ans-fold compression
Command: /home/louza/mm-repair/ans/encode.x /mnt/data/datasets/machine-learning-matrices-split/airline78.csv.12.8.A.vc.C 
Command: /home/louza/mm-repair/ans/encode.x /mnt/data/datasets/machine-learning-matrices-split/airline78.csv.12.8.B.vc
Ans-fold time: 10.3303
==== Integer vector .C compression
Command: /home/louza/mm-repair/sdsl/encode.x /mnt/data/datasets/machine-learning-matrices-split/airline78.csv.12.9.A.vc.C 
==== Integer vector .R compression
Command: /home/louza/mm-repair/sdsl/encode.x /mnt/data/datasets/machine-learning-matrices-split/airline78.csv.12.9.A.vc.R 
Integer vector compression time: 0.5598
==== OLE
Command: /home/louza/mm-repair/ole/encode.x /mnt/data/datasets/machine-learning-matrices-split/airline78.csv.12.9.A.vc.C 
Command: /home/louza/mm-repair/ole/encode.x /mnt/data/datasets/machine-learning-matrices-split/airline78.csv.12.9.B.vc 
OLE time: 0.0720
==== Ans-fold compression
Command: /home/louza/mm-repair/ans/encode.x /mnt/data/datasets/machine-learning-matrices-split/airline78.csv.12.9.A.vc.C 
Command: /home/louza/mm-repair/ans/encode.x /mnt/data/datasets/machine-learning-matrices-split/airline78.csv.12.9.B.vc
Ans-fold time: 11.2703
==== Integer vector .C compression
Command: /home/louza/mm-repair/sdsl/encode.x /mnt/data/datasets/machine-learning-matrices-split/airline78.csv.12.10.A.vc.C 
==== Integer vector .R compression
Command: /home/louza/mm-repair/sdsl/encode.x /mnt/data/datasets/machine-learning-matrices-split/airline78.csv.12.10.A.vc.R 
Integer vector compression time: 0.5285
==== OLE
Command: /home/louza/mm-repair/ole/encode.x /mnt/data/datasets/machine-learning-matrices-split/airline78.csv.12.10.A.vc.C 
Command: /home/louza/mm-repair/ole/encode.x /mnt/data/datasets/machine-learning-matrices-split/airline78.csv.12.10.B.vc 
OLE time: 0.0282
==== Ans-fold compression
Command: /home/louza/mm-repair/ans/encode.x /mnt/data/datasets/machine-learning-matrices-split/airline78.csv.12.10.A.vc.C 
Command: /home/louza/mm-repair/ans/encode.x /mnt/data/datasets/machine-learning-matrices-split/airline78.csv.12.10.B.vc
Ans-fold time: 12.2314
==== Integer vector .C compression
Command: /home/louza/mm-repair/sdsl/encode.x /mnt/data/datasets/machine-learning-matrices-split/airline78.csv.12.11.A.vc.C 
==== Integer vector .R compression
Command: /home/louza/mm-repair/sdsl/encode.x /mnt/data/datasets/machine-learning-matrices-split/airline78.csv.12.11.A.vc.R 
Integer vector compression time: 0.6430
==== OLE
Command: /home/louza/mm-repair/ole/encode.x /mnt/data/datasets/machine-learning-matrices-split/airline78.csv.12.11.A.vc.C 
Command: /home/louza/mm-repair/ole/encode.x /mnt/data/datasets/machine-learning-matrices-split/airline78.csv.12.11.B.vc 
OLE time: 0.0292
==== Ans-fold compression
Command: /home/louza/mm-repair/ans/encode.x /mnt/data/datasets/machine-learning-matrices-split/airline78.csv.12.11.A.vc.C 
Command: /home/louza/mm-repair/ans/encode.x /mnt/data/datasets/machine-learning-matrices-split/airline78.csv.12.11.B.vc
Ans-fold time: 13.1070
Command: /home/louza/mm-repair/ans/encode.x /mnt/data/datasets/machine-learning-matrices-split/airline78.csv.wcode 
Elapsed time: 591.1173
==== Compression Report:
 >> matrix name: /mnt/data/datasets/machine-learning-matrices-split/airline78.csv
 >> conversion time: 531.47
 >> repair time: 34.17
 >> integer vectors time: 0.64
 >> ansf time: 13.11
 >> total time: 591.12
 >> wcode: 119868 bytes
 >> wcode_ans: 9474 bytes
 >> matrix log(alpha)xNumEntries size: 681566188 bytes
 >> matrix dense size: 3355402776 bytes
 >> total number of nonzero: 298325301 (71.13%)
 >> number of distinct nonzero: 7794
 >> CRSV  size: 1251215328 bytes  (37.29%)
 >> B	  size: 83602356 bytes  (2.49%)
 >> B_ans size: 14149089 bytes  (0.42%)
 >> RE32  size: 569303717 bytes  (16.97%)
 >> REIV  size: 378532237 bytes  (11.28%)
 >> REANS size: 309880723 bytes  (9.24%)
==== Done
REANS -b 32

#### 2026-09-07 10:48:48
 Command line: ./mm-repair/matrepair -r -b 32 -p 32 /mnt/data/datasets/machine-learning-matrices-split/airline78.csv 14462943 29 
Setting memory for each repair instance to 14501 MBs
Sending logging messages to file: /mnt/data/datasets/machine-learning-matrices-split/airline78.csv.log
==== Conversion bin/csv->csrv
Command: /home/louza/mm-repair/csvmat2csrv -b 32   /mnt/data/datasets/machine-learning-matrices-split/airline78.csv -r 0   14462943 29
Conversion time: 714.5904
==== Repair paralell compression
---- Executing 32 parallel processes
---- Parallel processing completed
Repair time: 19.7152
==== Integer vector .C compression
Command: /home/louza/mm-repair/sdsl/encode.x /mnt/data/datasets/machine-learning-matrices-split/airline78.csv.32.0.vc.C 
==== Integer vector .R compression
Command: /home/louza/mm-repair/sdsl/encode.x /mnt/data/datasets/machine-learning-matrices-split/airline78.csv.32.0.vc.R 
Integer vector compression time: 0.1826
==== Ans-fold compression
Command: /home/louza/mm-repair/ans/encode.x /mnt/data/datasets/machine-learning-matrices-split/airline78.csv.32.0.vc.C 
Ans-fold time: 0.3263
==== Integer vector .C compression
Command: /home/louza/mm-repair/sdsl/encode.x /mnt/data/datasets/machine-learning-matrices-split/airline78.csv.32.1.vc.C 
==== Integer vector .R compression
Command: /home/louza/mm-repair/sdsl/encode.x /mnt/data/datasets/machine-learning-matrices-split/airline78.csv.32.1.vc.R 
Integer vector compression time: 0.2197
==== Ans-fold compression
Command: /home/louza/mm-repair/ans/encode.x /mnt/data/datasets/machine-learning-matrices-split/airline78.csv.32.1.vc.C 
Ans-fold time: 0.6467
==== Integer vector .C compression
Command: /home/louza/mm-repair/sdsl/encode.x /mnt/data/datasets/machine-learning-matrices-split/airline78.csv.32.2.vc.C 
==== Integer vector .R compression
Command: /home/louza/mm-repair/sdsl/encode.x /mnt/data/datasets/machine-learning-matrices-split/airline78.csv.32.2.vc.R 
Integer vector compression time: 0.2358
==== Ans-fold compression
Command: /home/louza/mm-repair/ans/encode.x /mnt/data/datasets/machine-learning-matrices-split/airline78.csv.32.2.vc.C 
Ans-fold time: 0.8878
==== Integer vector .C compression
Command: /home/louza/mm-repair/sdsl/encode.x /mnt/data/datasets/machine-learning-matrices-split/airline78.csv.32.3.vc.C 
==== Integer vector .R compression
Command: /home/louza/mm-repair/sdsl/encode.x /mnt/data/datasets/machine-learning-matrices-split/airline78.csv.32.3.vc.R 
Integer vector compression time: 0.1684
==== Ans-fold compression
Command: /home/louza/mm-repair/ans/encode.x /mnt/data/datasets/machine-learning-matrices-split/airline78.csv.32.3.vc.C 
Ans-fold time: 1.1492
==== Integer vector .C compression
Command: /home/louza/mm-repair/sdsl/encode.x /mnt/data/datasets/machine-learning-matrices-split/airline78.csv.32.4.vc.C 
==== Integer vector .R compression
Command: /home/louza/mm-repair/sdsl/encode.x /mnt/data/datasets/machine-learning-matrices-split/airline78.csv.32.4.vc.R 
Integer vector compression time: 0.1829
==== Ans-fold compression
Command: /home/louza/mm-repair/ans/encode.x /mnt/data/datasets/machine-learning-matrices-split/airline78.csv.32.4.vc.C 
Ans-fold time: 1.4835
==== Integer vector .C compression
Command: /home/louza/mm-repair/sdsl/encode.x /mnt/data/datasets/machine-learning-matrices-split/airline78.csv.32.5.vc.C 
==== Integer vector .R compression
Command: /home/louza/mm-repair/sdsl/encode.x /mnt/data/datasets/machine-learning-matrices-split/airline78.csv.32.5.vc.R 
Integer vector compression time: 0.1747
==== Ans-fold compression
Command: /home/louza/mm-repair/ans/encode.x /mnt/data/datasets/machine-learning-matrices-split/airline78.csv.32.5.vc.C 
Ans-fold time: 1.7297
==== Integer vector .C compression
Command: /home/louza/mm-repair/sdsl/encode.x /mnt/data/datasets/machine-learning-matrices-split/airline78.csv.32.6.vc.C 
==== Integer vector .R compression
Command: /home/louza/mm-repair/sdsl/encode.x /mnt/data/datasets/machine-learning-matrices-split/airline78.csv.32.6.vc.R 
Integer vector compression time: 0.1805
==== Ans-fold compression
Command: /home/louza/mm-repair/ans/encode.x /mnt/data/datasets/machine-learning-matrices-split/airline78.csv.32.6.vc.C 
Ans-fold time: 2.3927
==== Integer vector .C compression
Command: /home/louza/mm-repair/sdsl/encode.x /mnt/data/datasets/machine-learning-matrices-split/airline78.csv.32.7.vc.C 
==== Integer vector .R compression
Command: /home/louza/mm-repair/sdsl/encode.x /mnt/data/datasets/machine-learning-matrices-split/airline78.csv.32.7.vc.R 
Integer vector compression time: 0.1756
==== Ans-fold compression
Command: /home/louza/mm-repair/ans/encode.x /mnt/data/datasets/machine-learning-matrices-split/airline78.csv.32.7.vc.C 
Ans-fold time: 2.6526
==== Integer vector .C compression
Command: /home/louza/mm-repair/sdsl/encode.x /mnt/data/datasets/machine-learning-matrices-split/airline78.csv.32.8.vc.C 
==== Integer vector .R compression
Command: /home/louza/mm-repair/sdsl/encode.x /mnt/data/datasets/machine-learning-matrices-split/airline78.csv.32.8.vc.R 
Integer vector compression time: 0.2260
==== Ans-fold compression
Command: /home/louza/mm-repair/ans/encode.x /mnt/data/datasets/machine-learning-matrices-split/airline78.csv.32.8.vc.C 
Ans-fold time: 2.9116
==== Integer vector .C compression
Command: /home/louza/mm-repair/sdsl/encode.x /mnt/data/datasets/machine-learning-matrices-split/airline78.csv.32.9.vc.C 
==== Integer vector .R compression
Command: /home/louza/mm-repair/sdsl/encode.x /mnt/data/datasets/machine-learning-matrices-split/airline78.csv.32.9.vc.R 
Integer vector compression time: 0.2163
==== Ans-fold compression
Command: /home/louza/mm-repair/ans/encode.x /mnt/data/datasets/machine-learning-matrices-split/airline78.csv.32.9.vc.C 
Ans-fold time: 3.2283
==== Integer vector .C compression
Command: /home/louza/mm-repair/sdsl/encode.x /mnt/data/datasets/machine-learning-matrices-split/airline78.csv.32.10.vc.C 
==== Integer vector .R compression
Command: /home/louza/mm-repair/sdsl/encode.x /mnt/data/datasets/machine-learning-matrices-split/airline78.csv.32.10.vc.R 
Integer vector compression time: 0.1843
==== Ans-fold compression
Command: /home/louza/mm-repair/ans/encode.x /mnt/data/datasets/machine-learning-matrices-split/airline78.csv.32.10.vc.C 
Ans-fold time: 3.4812
==== Integer vector .C compression
Command: /home/louza/mm-repair/sdsl/encode.x /mnt/data/datasets/machine-learning-matrices-split/airline78.csv.32.11.vc.C 
==== Integer vector .R compression
Command: /home/louza/mm-repair/sdsl/encode.x /mnt/data/datasets/machine-learning-matrices-split/airline78.csv.32.11.vc.R 
Integer vector compression time: 0.2178
==== Ans-fold compression
Command: /home/louza/mm-repair/ans/encode.x /mnt/data/datasets/machine-learning-matrices-split/airline78.csv.32.11.vc.C 
Ans-fold time: 3.8016
==== Integer vector .C compression
Command: /home/louza/mm-repair/sdsl/encode.x /mnt/data/datasets/machine-learning-matrices-split/airline78.csv.32.12.vc.C 
==== Integer vector .R compression
Command: /home/louza/mm-repair/sdsl/encode.x /mnt/data/datasets/machine-learning-matrices-split/airline78.csv.32.12.vc.R 
Integer vector compression time: 0.1789
==== Ans-fold compression
Command: /home/louza/mm-repair/ans/encode.x /mnt/data/datasets/machine-learning-matrices-split/airline78.csv.32.12.vc.C 
Ans-fold time: 4.1096
==== Integer vector .C compression
Command: /home/louza/mm-repair/sdsl/encode.x /mnt/data/datasets/machine-learning-matrices-split/airline78.csv.32.13.vc.C 
==== Integer vector .R compression
Command: /home/louza/mm-repair/sdsl/encode.x /mnt/data/datasets/machine-learning-matrices-split/airline78.csv.32.13.vc.R 
Integer vector compression time: 0.2104
==== Ans-fold compression
Command: /home/louza/mm-repair/ans/encode.x /mnt/data/datasets/machine-learning-matrices-split/airline78.csv.32.13.vc.C 
Ans-fold time: 4.4393
==== Integer vector .C compression
Command: /home/louza/mm-repair/sdsl/encode.x /mnt/data/datasets/machine-learning-matrices-split/airline78.csv.32.14.vc.C 
==== Integer vector .R compression
Command: /home/louza/mm-repair/sdsl/encode.x /mnt/data/datasets/machine-learning-matrices-split/airline78.csv.32.14.vc.R 
Integer vector compression time: 0.1743
==== Ans-fold compression
Command: /home/louza/mm-repair/ans/encode.x /mnt/data/datasets/machine-learning-matrices-split/airline78.csv.32.14.vc.C 
Ans-fold time: 4.6924
==== Integer vector .C compression
Command: /home/louza/mm-repair/sdsl/encode.x /mnt/data/datasets/machine-learning-matrices-split/airline78.csv.32.15.vc.C 
==== Integer vector .R compression
Command: /home/louza/mm-repair/sdsl/encode.x /mnt/data/datasets/machine-learning-matrices-split/airline78.csv.32.15.vc.R 
Integer vector compression time: 0.1784
==== Ans-fold compression
Command: /home/louza/mm-repair/ans/encode.x /mnt/data/datasets/machine-learning-matrices-split/airline78.csv.32.15.vc.C 
Ans-fold time: 5.1055
==== Integer vector .C compression
Command: /home/louza/mm-repair/sdsl/encode.x /mnt/data/datasets/machine-learning-matrices-split/airline78.csv.32.16.vc.C 
==== Integer vector .R compression
Command: /home/louza/mm-repair/sdsl/encode.x /mnt/data/datasets/machine-learning-matrices-split/airline78.csv.32.16.vc.R 
Integer vector compression time: 0.1687
==== Ans-fold compression
Command: /home/louza/mm-repair/ans/encode.x /mnt/data/datasets/machine-learning-matrices-split/airline78.csv.32.16.vc.C 
Ans-fold time: 5.3717
==== Integer vector .C compression
Command: /home/louza/mm-repair/sdsl/encode.x /mnt/data/datasets/machine-learning-matrices-split/airline78.csv.32.17.vc.C 
==== Integer vector .R compression
Command: /home/louza/mm-repair/sdsl/encode.x /mnt/data/datasets/machine-learning-matrices-split/airline78.csv.32.17.vc.R 
Integer vector compression time: 0.3128
==== Ans-fold compression
Command: /home/louza/mm-repair/ans/encode.x /mnt/data/datasets/machine-learning-matrices-split/airline78.csv.32.17.vc.C 
Ans-fold time: 5.6220
==== Integer vector .C compression
Command: /home/louza/mm-repair/sdsl/encode.x /mnt/data/datasets/machine-learning-matrices-split/airline78.csv.32.18.vc.C 
==== Integer vector .R compression
Command: /home/louza/mm-repair/sdsl/encode.x /mnt/data/datasets/machine-learning-matrices-split/airline78.csv.32.18.vc.R 
Integer vector compression time: 0.1812
==== Ans-fold compression
Command: /home/louza/mm-repair/ans/encode.x /mnt/data/datasets/machine-learning-matrices-split/airline78.csv.32.18.vc.C 
Ans-fold time: 5.8917
==== Integer vector .C compression
Command: /home/louza/mm-repair/sdsl/encode.x /mnt/data/datasets/machine-learning-matrices-split/airline78.csv.32.19.vc.C 
==== Integer vector .R compression
Command: /home/louza/mm-repair/sdsl/encode.x /mnt/data/datasets/machine-learning-matrices-split/airline78.csv.32.19.vc.R 
Integer vector compression time: 0.1702
==== Ans-fold compression
Command: /home/louza/mm-repair/ans/encode.x /mnt/data/datasets/machine-learning-matrices-split/airline78.csv.32.19.vc.C 
Ans-fold time: 6.1453
==== Integer vector .C compression
Command: /home/louza/mm-repair/sdsl/encode.x /mnt/data/datasets/machine-learning-matrices-split/airline78.csv.32.20.vc.C 
==== Integer vector .R compression
Command: /home/louza/mm-repair/sdsl/encode.x /mnt/data/datasets/machine-learning-matrices-split/airline78.csv.32.20.vc.R 
Integer vector compression time: 0.1787
==== Ans-fold compression
Command: /home/louza/mm-repair/ans/encode.x /mnt/data/datasets/machine-learning-matrices-split/airline78.csv.32.20.vc.C 
Ans-fold time: 6.3993
==== Integer vector .C compression
Command: /home/louza/mm-repair/sdsl/encode.x /mnt/data/datasets/machine-learning-matrices-split/airline78.csv.32.21.vc.C 
==== Integer vector .R compression
Command: /home/louza/mm-repair/sdsl/encode.x /mnt/data/datasets/machine-learning-matrices-split/airline78.csv.32.21.vc.R 
Integer vector compression time: 0.1583
==== Ans-fold compression
Command: /home/louza/mm-repair/ans/encode.x /mnt/data/datasets/machine-learning-matrices-split/airline78.csv.32.21.vc.C 
Ans-fold time: 6.6490
==== Integer vector .C compression
Command: /home/louza/mm-repair/sdsl/encode.x /mnt/data/datasets/machine-learning-matrices-split/airline78.csv.32.22.vc.C 
==== Integer vector .R compression
Command: /home/louza/mm-repair/sdsl/encode.x /mnt/data/datasets/machine-learning-matrices-split/airline78.csv.32.22.vc.R 
Integer vector compression time: 0.1662
==== Ans-fold compression
Command: /home/louza/mm-repair/ans/encode.x /mnt/data/datasets/machine-learning-matrices-split/airline78.csv.32.22.vc.C 
Ans-fold time: 7.0607
==== Integer vector .C compression
Command: /home/louza/mm-repair/sdsl/encode.x /mnt/data/datasets/machine-learning-matrices-split/airline78.csv.32.23.vc.C 
==== Integer vector .R compression
Command: /home/louza/mm-repair/sdsl/encode.x /mnt/data/datasets/machine-learning-matrices-split/airline78.csv.32.23.vc.R 
Integer vector compression time: 0.1793
==== Ans-fold compression
Command: /home/louza/mm-repair/ans/encode.x /mnt/data/datasets/machine-learning-matrices-split/airline78.csv.32.23.vc.C 
Ans-fold time: 7.3220
==== Integer vector .C compression
Command: /home/louza/mm-repair/sdsl/encode.x /mnt/data/datasets/machine-learning-matrices-split/airline78.csv.32.24.vc.C 
==== Integer vector .R compression
Command: /home/louza/mm-repair/sdsl/encode.x /mnt/data/datasets/machine-learning-matrices-split/airline78.csv.32.24.vc.R 
Integer vector compression time: 0.1802
==== Ans-fold compression
Command: /home/louza/mm-repair/ans/encode.x /mnt/data/datasets/machine-learning-matrices-split/airline78.csv.32.24.vc.C 
Ans-fold time: 7.5678
==== Integer vector .C compression
Command: /home/louza/mm-repair/sdsl/encode.x /mnt/data/datasets/machine-learning-matrices-split/airline78.csv.32.25.vc.C 
==== Integer vector .R compression
Command: /home/louza/mm-repair/sdsl/encode.x /mnt/data/datasets/machine-learning-matrices-split/airline78.csv.32.25.vc.R 
Integer vector compression time: 0.1723
==== Ans-fold compression
Command: /home/louza/mm-repair/ans/encode.x /mnt/data/datasets/machine-learning-matrices-split/airline78.csv.32.25.vc.C 
Ans-fold time: 7.8194
==== Integer vector .C compression
Command: /home/louza/mm-repair/sdsl/encode.x /mnt/data/datasets/machine-learning-matrices-split/airline78.csv.32.26.vc.C 
==== Integer vector .R compression
Command: /home/louza/mm-repair/sdsl/encode.x /mnt/data/datasets/machine-learning-matrices-split/airline78.csv.32.26.vc.R 
Integer vector compression time: 0.1807
==== Ans-fold compression
Command: /home/louza/mm-repair/ans/encode.x /mnt/data/datasets/machine-learning-matrices-split/airline78.csv.32.26.vc.C 
Ans-fold time: 8.0717
==== Integer vector .C compression
Command: /home/louza/mm-repair/sdsl/encode.x /mnt/data/datasets/machine-learning-matrices-split/airline78.csv.32.27.vc.C 
==== Integer vector .R compression
Command: /home/louza/mm-repair/sdsl/encode.x /mnt/data/datasets/machine-learning-matrices-split/airline78.csv.32.27.vc.R 
Integer vector compression time: 0.1560
==== Ans-fold compression
Command: /home/louza/mm-repair/ans/encode.x /mnt/data/datasets/machine-learning-matrices-split/airline78.csv.32.27.vc.C 
Ans-fold time: 8.3131
==== Integer vector .C compression
Command: /home/louza/mm-repair/sdsl/encode.x /mnt/data/datasets/machine-learning-matrices-split/airline78.csv.32.28.vc.C 
==== Integer vector .R compression
Command: /home/louza/mm-repair/sdsl/encode.x /mnt/data/datasets/machine-learning-matrices-split/airline78.csv.32.28.vc.R 
Integer vector compression time: 0.1758
==== Ans-fold compression
Command: /home/louza/mm-repair/ans/encode.x /mnt/data/datasets/machine-learning-matrices-split/airline78.csv.32.28.vc.C 
Ans-fold time: 8.6025
==== Integer vector .C compression
Command: /home/louza/mm-repair/sdsl/encode.x /mnt/data/datasets/machine-learning-matrices-split/airline78.csv.32.29.vc.C 
==== Integer vector .R compression
Command: /home/louza/mm-repair/sdsl/encode.x /mnt/data/datasets/machine-learning-matrices-split/airline78.csv.32.29.vc.R 
Integer vector compression time: 0.2176
==== Ans-fold compression
Command: /home/louza/mm-repair/ans/encode.x /mnt/data/datasets/machine-learning-matrices-split/airline78.csv.32.29.vc.C 
Ans-fold time: 8.8553
==== Integer vector .C compression
Command: /home/louza/mm-repair/sdsl/encode.x /mnt/data/datasets/machine-learning-matrices-split/airline78.csv.32.30.vc.C 
==== Integer vector .R compression
Command: /home/louza/mm-repair/sdsl/encode.x /mnt/data/datasets/machine-learning-matrices-split/airline78.csv.32.30.vc.R 
Integer vector compression time: 0.1666
==== Ans-fold compression
Command: /home/louza/mm-repair/ans/encode.x /mnt/data/datasets/machine-learning-matrices-split/airline78.csv.32.30.vc.C 
Ans-fold time: 9.1019
==== Integer vector .C compression
Command: /home/louza/mm-repair/sdsl/encode.x /mnt/data/datasets/machine-learning-matrices-split/airline78.csv.32.31.vc.C 
==== Integer vector .R compression
Command: /home/louza/mm-repair/sdsl/encode.x /mnt/data/datasets/machine-learning-matrices-split/airline78.csv.32.31.vc.R 
Integer vector compression time: 0.1794
==== Ans-fold compression
Command: /home/louza/mm-repair/ans/encode.x /mnt/data/datasets/machine-learning-matrices-split/airline78.csv.32.31.vc.C 
Ans-fold time: 9.3596
Elapsed time: 749.7189
==== Compression Report:
 >> matrix name: /mnt/data/datasets/machine-learning-matrices-split/airline78.csv
 >> conversion time: 714.59
 >> repair time: 19.72
 >> integer vectors time: 0.18
 >> ansf time: 9.36
 >> total time: 749.72
 >> matrix log(alpha)xNumEntries size: 681566188 bytes
 >> matrix dense size: 3355402776 bytes
 >> total number of nonzero: 304762947 (72.66%)
 >> number of distinct nonzero: 7794
 >> CRSV  size: 1276965912 bytes  (38.06%)
 >> RE32  size: 623609296 bytes  (18.59%)
 >> REIV  size: 389780016 bytes  (11.62%)
 >> REANS size: 346350478 bytes  (10.32%)
==== Done

#### 2026-09-07 11:01:18
 Command line: ./mm-repair/matrepair -r -b 32 -p 32 /mnt/data/datasets/machine-learning-matrices-split/airline78.csv 14462943 29 --ole 
Setting memory for each repair instance to 14501 MBs
Sending logging messages to file: /mnt/data/datasets/machine-learning-matrices-split/airline78.csv.log
==== Conversion bin/csv->csrv
Command: /home/louza/mm-repair/csvmat2csrv -b 32   /mnt/data/datasets/machine-learning-matrices-split/airline78.csv -r 0   14462943 29
Conversion time: 272.7191
==== Repair paralell compression
---- Executing 32 parallel processes
---- Parallel processing completed
Repair time: 54.8200
==== Integer vector .C compression
Command: /home/louza/mm-repair/sdsl/encode.x /mnt/data/datasets/machine-learning-matrices-split/airline78.csv.32.0.vc.C 
==== Integer vector .R compression
Command: /home/louza/mm-repair/sdsl/encode.x /mnt/data/datasets/machine-learning-matrices-split/airline78.csv.32.0.vc.R 
Integer vector compression time: 2.0011
==== OLE
Command: /home/louza/mm-repair/ole/encode.x /mnt/data/datasets/machine-learning-matrices-split/airline78.csv.32.0.vc.C 
OLE time: 1.3108
==== Ans-fold compression
Command: /home/louza/mm-repair/ans/encode.x /mnt/data/datasets/machine-learning-matrices-split/airline78.csv.32.0.vc.C 
Ans-fold time: 1.0676
==== Integer vector .C compression
Command: /home/louza/mm-repair/sdsl/encode.x /mnt/data/datasets/machine-learning-matrices-split/airline78.csv.32.1.vc.C 
==== Integer vector .R compression
Command: /home/louza/mm-repair/sdsl/encode.x /mnt/data/datasets/machine-learning-matrices-split/airline78.csv.32.1.vc.R 
Integer vector compression time: 1.2577
==== OLE
Command: /home/louza/mm-repair/ole/encode.x /mnt/data/datasets/machine-learning-matrices-split/airline78.csv.32.1.vc.C 
OLE time: 1.2773
==== Ans-fold compression
Command: /home/louza/mm-repair/ans/encode.x /mnt/data/datasets/machine-learning-matrices-split/airline78.csv.32.1.vc.C 
Ans-fold time: 2.0032
==== Integer vector .C compression
Command: /home/louza/mm-repair/sdsl/encode.x /mnt/data/datasets/machine-learning-matrices-split/airline78.csv.32.2.vc.C 
==== Integer vector .R compression
Command: /home/louza/mm-repair/sdsl/encode.x /mnt/data/datasets/machine-learning-matrices-split/airline78.csv.32.2.vc.R 
Integer vector compression time: 1.3887
==== OLE
Command: /home/louza/mm-repair/ole/encode.x /mnt/data/datasets/machine-learning-matrices-split/airline78.csv.32.2.vc.C 
OLE time: 0.7322
==== Ans-fold compression
Command: /home/louza/mm-repair/ans/encode.x /mnt/data/datasets/machine-learning-matrices-split/airline78.csv.32.2.vc.C 
Ans-fold time: 3.1511
==== Integer vector .C compression
Command: /home/louza/mm-repair/sdsl/encode.x /mnt/data/datasets/machine-learning-matrices-split/airline78.csv.32.3.vc.C 
==== Integer vector .R compression
Command: /home/louza/mm-repair/sdsl/encode.x /mnt/data/datasets/machine-learning-matrices-split/airline78.csv.32.3.vc.R 
Integer vector compression time: 0.5995
==== OLE
Command: /home/louza/mm-repair/ole/encode.x /mnt/data/datasets/machine-learning-matrices-split/airline78.csv.32.3.vc.C 
OLE time: 0.8222
==== Ans-fold compression
Command: /home/louza/mm-repair/ans/encode.x /mnt/data/datasets/machine-learning-matrices-split/airline78.csv.32.3.vc.C 
Ans-fold time: 3.8627
==== Integer vector .C compression
Command: /home/louza/mm-repair/sdsl/encode.x /mnt/data/datasets/machine-learning-matrices-split/airline78.csv.32.4.vc.C 
==== Integer vector .R compression
Command: /home/louza/mm-repair/sdsl/encode.x /mnt/data/datasets/machine-learning-matrices-split/airline78.csv.32.4.vc.R 
Integer vector compression time: 0.9211
==== OLE
Command: /home/louza/mm-repair/ole/encode.x /mnt/data/datasets/machine-learning-matrices-split/airline78.csv.32.4.vc.C 
OLE time: 1.1441
==== Ans-fold compression
Command: /home/louza/mm-repair/ans/encode.x /mnt/data/datasets/machine-learning-matrices-split/airline78.csv.32.4.vc.C 
Ans-fold time: 4.9690
==== Integer vector .C compression
Command: /home/louza/mm-repair/sdsl/encode.x /mnt/data/datasets/machine-learning-matrices-split/airline78.csv.32.5.vc.C 
==== Integer vector .R compression
Command: /home/louza/mm-repair/sdsl/encode.x /mnt/data/datasets/machine-learning-matrices-split/airline78.csv.32.5.vc.R 
Integer vector compression time: 0.9927
==== OLE
Command: /home/louza/mm-repair/ole/encode.x /mnt/data/datasets/machine-learning-matrices-split/airline78.csv.32.5.vc.C 
OLE time: 2.1579
==== Ans-fold compression
Command: /home/louza/mm-repair/ans/encode.x /mnt/data/datasets/machine-learning-matrices-split/airline78.csv.32.5.vc.C 
Ans-fold time: 5.9163
==== Integer vector .C compression
Command: /home/louza/mm-repair/sdsl/encode.x /mnt/data/datasets/machine-learning-matrices-split/airline78.csv.32.6.vc.C 
==== Integer vector .R compression
Command: /home/louza/mm-repair/sdsl/encode.x /mnt/data/datasets/machine-learning-matrices-split/airline78.csv.32.6.vc.R 
Integer vector compression time: 0.7584
==== OLE
Command: /home/louza/mm-repair/ole/encode.x /mnt/data/datasets/machine-learning-matrices-split/airline78.csv.32.6.vc.C 
OLE time: 1.7391
==== Ans-fold compression
Command: /home/louza/mm-repair/ans/encode.x /mnt/data/datasets/machine-learning-matrices-split/airline78.csv.32.6.vc.C 
Ans-fold time: 6.7060
==== Integer vector .C compression
Command: /home/louza/mm-repair/sdsl/encode.x /mnt/data/datasets/machine-learning-matrices-split/airline78.csv.32.7.vc.C 
==== Integer vector .R compression
Command: /home/louza/mm-repair/sdsl/encode.x /mnt/data/datasets/machine-learning-matrices-split/airline78.csv.32.7.vc.R 
Integer vector compression time: 1.1072
==== OLE
Command: /home/louza/mm-repair/ole/encode.x /mnt/data/datasets/machine-learning-matrices-split/airline78.csv.32.7.vc.C 
OLE time: 1.3873
==== Ans-fold compression
Command: /home/louza/mm-repair/ans/encode.x /mnt/data/datasets/machine-learning-matrices-split/airline78.csv.32.7.vc.C 
Ans-fold time: 7.6676
==== Integer vector .C compression
Command: /home/louza/mm-repair/sdsl/encode.x /mnt/data/datasets/machine-learning-matrices-split/airline78.csv.32.8.vc.C 
==== Integer vector .R compression
Command: /home/louza/mm-repair/sdsl/encode.x /mnt/data/datasets/machine-learning-matrices-split/airline78.csv.32.8.vc.R 
Integer vector compression time: 1.1598
==== OLE
Command: /home/louza/mm-repair/ole/encode.x /mnt/data/datasets/machine-learning-matrices-split/airline78.csv.32.8.vc.C 
OLE time: 1.3249
==== Ans-fold compression
Command: /home/louza/mm-repair/ans/encode.x /mnt/data/datasets/machine-learning-matrices-split/airline78.csv.32.8.vc.C 
Ans-fold time: 8.3551
==== Integer vector .C compression
Command: /home/louza/mm-repair/sdsl/encode.x /mnt/data/datasets/machine-learning-matrices-split/airline78.csv.32.9.vc.C 
==== Integer vector .R compression
Command: /home/louza/mm-repair/sdsl/encode.x /mnt/data/datasets/machine-learning-matrices-split/airline78.csv.32.9.vc.R 
Integer vector compression time: 1.3267
==== OLE
Command: /home/louza/mm-repair/ole/encode.x /mnt/data/datasets/machine-learning-matrices-split/airline78.csv.32.9.vc.C 
OLE time: 1.0678
==== Ans-fold compression
Command: /home/louza/mm-repair/ans/encode.x /mnt/data/datasets/machine-learning-matrices-split/airline78.csv.32.9.vc.C 
Ans-fold time: 9.0858
==== Integer vector .C compression
Command: /home/louza/mm-repair/sdsl/encode.x /mnt/data/datasets/machine-learning-matrices-split/airline78.csv.32.10.vc.C 
==== Integer vector .R compression
Command: /home/louza/mm-repair/sdsl/encode.x /mnt/data/datasets/machine-learning-matrices-split/airline78.csv.32.10.vc.R 
Integer vector compression time: 1.0837
==== OLE
Command: /home/louza/mm-repair/ole/encode.x /mnt/data/datasets/machine-learning-matrices-split/airline78.csv.32.10.vc.C 
OLE time: 0.9970
==== Ans-fold compression
Command: /home/louza/mm-repair/ans/encode.x /mnt/data/datasets/machine-learning-matrices-split/airline78.csv.32.10.vc.C 
Ans-fold time: 10.2177
==== Integer vector .C compression
Command: /home/louza/mm-repair/sdsl/encode.x /mnt/data/datasets/machine-learning-matrices-split/airline78.csv.32.11.vc.C 
==== Integer vector .R compression
Command: /home/louza/mm-repair/sdsl/encode.x /mnt/data/datasets/machine-learning-matrices-split/airline78.csv.32.11.vc.R 
Integer vector compression time: 1.1995
==== OLE
Command: /home/louza/mm-repair/ole/encode.x /mnt/data/datasets/machine-learning-matrices-split/airline78.csv.32.11.vc.C 
OLE time: 1.5759
==== Ans-fold compression
Command: /home/louza/mm-repair/ans/encode.x /mnt/data/datasets/machine-learning-matrices-split/airline78.csv.32.11.vc.C 
Ans-fold time: 11.3390
==== Integer vector .C compression
Command: /home/louza/mm-repair/sdsl/encode.x /mnt/data/datasets/machine-learning-matrices-split/airline78.csv.32.12.vc.C 
==== Integer vector .R compression
Command: /home/louza/mm-repair/sdsl/encode.x /mnt/data/datasets/machine-learning-matrices-split/airline78.csv.32.12.vc.R 
Integer vector compression time: 1.7402
==== OLE
Command: /home/louza/mm-repair/ole/encode.x /mnt/data/datasets/machine-learning-matrices-split/airline78.csv.32.12.vc.C 
OLE time: 1.8427
==== Ans-fold compression
Command: /home/louza/mm-repair/ans/encode.x /mnt/data/datasets/machine-learning-matrices-split/airline78.csv.32.12.vc.C 
Ans-fold time: 12.7706
==== Integer vector .C compression
Command: /home/louza/mm-repair/sdsl/encode.x /mnt/data/datasets/machine-learning-matrices-split/airline78.csv.32.13.vc.C 
==== Integer vector .R compression
Command: /home/louza/mm-repair/sdsl/encode.x /mnt/data/datasets/machine-learning-matrices-split/airline78.csv.32.13.vc.R 
Integer vector compression time: 0.7989
==== OLE
Command: /home/louza/mm-repair/ole/encode.x /mnt/data/datasets/machine-learning-matrices-split/airline78.csv.32.13.vc.C 
OLE time: 1.0284
==== Ans-fold compression
Command: /home/louza/mm-repair/ans/encode.x /mnt/data/datasets/machine-learning-matrices-split/airline78.csv.32.13.vc.C 
Ans-fold time: 13.2382
==== Integer vector .C compression
Command: /home/louza/mm-repair/sdsl/encode.x /mnt/data/datasets/machine-learning-matrices-split/airline78.csv.32.14.vc.C 
==== Integer vector .R compression
Command: /home/louza/mm-repair/sdsl/encode.x /mnt/data/datasets/machine-learning-matrices-split/airline78.csv.32.14.vc.R 
Integer vector compression time: 1.6696
==== OLE
Command: /home/louza/mm-repair/ole/encode.x /mnt/data/datasets/machine-learning-matrices-split/airline78.csv.32.14.vc.C 
OLE time: 0.7400
==== Ans-fold compression
Command: /home/louza/mm-repair/ans/encode.x /mnt/data/datasets/machine-learning-matrices-split/airline78.csv.32.14.vc.C 
Ans-fold time: 14.2233
==== Integer vector .C compression
Command: /home/louza/mm-repair/sdsl/encode.x /mnt/data/datasets/machine-learning-matrices-split/airline78.csv.32.15.vc.C 
==== Integer vector .R compression
Command: /home/louza/mm-repair/sdsl/encode.x /mnt/data/datasets/machine-learning-matrices-split/airline78.csv.32.15.vc.R 
Integer vector compression time: 0.8488
==== OLE
Command: /home/louza/mm-repair/ole/encode.x /mnt/data/datasets/machine-learning-matrices-split/airline78.csv.32.15.vc.C 
OLE time: 1.3170
==== Ans-fold compression
Command: /home/louza/mm-repair/ans/encode.x /mnt/data/datasets/machine-learning-matrices-split/airline78.csv.32.15.vc.C 
Ans-fold time: 15.0538
==== Integer vector .C compression
Command: /home/louza/mm-repair/sdsl/encode.x /mnt/data/datasets/machine-learning-matrices-split/airline78.csv.32.16.vc.C 
==== Integer vector .R compression
Command: /home/louza/mm-repair/sdsl/encode.x /mnt/data/datasets/machine-learning-matrices-split/airline78.csv.32.16.vc.R 
Integer vector compression time: 1.4234
==== OLE
Command: /home/louza/mm-repair/ole/encode.x /mnt/data/datasets/machine-learning-matrices-split/airline78.csv.32.16.vc.C 
OLE time: 1.8818
==== Ans-fold compression
Command: /home/louza/mm-repair/ans/encode.x /mnt/data/datasets/machine-learning-matrices-split/airline78.csv.32.16.vc.C 
Ans-fold time: 16.1000
==== Integer vector .C compression
Command: /home/louza/mm-repair/sdsl/encode.x /mnt/data/datasets/machine-learning-matrices-split/airline78.csv.32.17.vc.C 
==== Integer vector .R compression
Command: /home/louza/mm-repair/sdsl/encode.x /mnt/data/datasets/machine-learning-matrices-split/airline78.csv.32.17.vc.R 
Integer vector compression time: 1.5922
==== OLE
Command: /home/louza/mm-repair/ole/encode.x /mnt/data/datasets/machine-learning-matrices-split/airline78.csv.32.17.vc.C 
OLE time: 2.1024
==== Ans-fold compression
Command: /home/louza/mm-repair/ans/encode.x /mnt/data/datasets/machine-learning-matrices-split/airline78.csv.32.17.vc.C 
Ans-fold time: 16.9613
==== Integer vector .C compression
Command: /home/louza/mm-repair/sdsl/encode.x /mnt/data/datasets/machine-learning-matrices-split/airline78.csv.32.18.vc.C 
==== Integer vector .R compression
Command: /home/louza/mm-repair/sdsl/encode.x /mnt/data/datasets/machine-learning-matrices-split/airline78.csv.32.18.vc.R 
Integer vector compression time: 1.2086
==== OLE
Command: /home/louza/mm-repair/ole/encode.x /mnt/data/datasets/machine-learning-matrices-split/airline78.csv.32.18.vc.C 
OLE time: 1.2832
==== Ans-fold compression
Command: /home/louza/mm-repair/ans/encode.x /mnt/data/datasets/machine-learning-matrices-split/airline78.csv.32.18.vc.C 
Ans-fold time: 17.5186
==== Integer vector .C compression
Command: /home/louza/mm-repair/sdsl/encode.x /mnt/data/datasets/machine-learning-matrices-split/airline78.csv.32.19.vc.C 
==== Integer vector .R compression
Command: /home/louza/mm-repair/sdsl/encode.x /mnt/data/datasets/machine-learning-matrices-split/airline78.csv.32.19.vc.R 
Integer vector compression time: 0.9811
==== OLE
Command: /home/louza/mm-repair/ole/encode.x /mnt/data/datasets/machine-learning-matrices-split/airline78.csv.32.19.vc.C 
OLE time: 0.9041
==== Ans-fold compression
Command: /home/louza/mm-repair/ans/encode.x /mnt/data/datasets/machine-learning-matrices-split/airline78.csv.32.19.vc.C 
Ans-fold time: 18.4491
==== Integer vector .C compression
Command: /home/louza/mm-repair/sdsl/encode.x /mnt/data/datasets/machine-learning-matrices-split/airline78.csv.32.20.vc.C 
==== Integer vector .R compression
Command: /home/louza/mm-repair/sdsl/encode.x /mnt/data/datasets/machine-learning-matrices-split/airline78.csv.32.20.vc.R 
Integer vector compression time: 1.0334
==== OLE
Command: /home/louza/mm-repair/ole/encode.x /mnt/data/datasets/machine-learning-matrices-split/airline78.csv.32.20.vc.C 
OLE time: 1.4272
==== Ans-fold compression
Command: /home/louza/mm-repair/ans/encode.x /mnt/data/datasets/machine-learning-matrices-split/airline78.csv.32.20.vc.C 
Ans-fold time: 19.4735
==== Integer vector .C compression
Command: /home/louza/mm-repair/sdsl/encode.x /mnt/data/datasets/machine-learning-matrices-split/airline78.csv.32.21.vc.C 
==== Integer vector .R compression
Command: /home/louza/mm-repair/sdsl/encode.x /mnt/data/datasets/machine-learning-matrices-split/airline78.csv.32.21.vc.R 
Integer vector compression time: 1.2279
==== OLE
Command: /home/louza/mm-repair/ole/encode.x /mnt/data/datasets/machine-learning-matrices-split/airline78.csv.32.21.vc.C 
OLE time: 1.2732
==== Ans-fold compression
Command: /home/louza/mm-repair/ans/encode.x /mnt/data/datasets/machine-learning-matrices-split/airline78.csv.32.21.vc.C 
Ans-fold time: 20.6856
==== Integer vector .C compression
Command: /home/louza/mm-repair/sdsl/encode.x /mnt/data/datasets/machine-learning-matrices-split/airline78.csv.32.22.vc.C 
==== Integer vector .R compression
Command: /home/louza/mm-repair/sdsl/encode.x /mnt/data/datasets/machine-learning-matrices-split/airline78.csv.32.22.vc.R 
Integer vector compression time: 1.7110
==== OLE
Command: /home/louza/mm-repair/ole/encode.x /mnt/data/datasets/machine-learning-matrices-split/airline78.csv.32.22.vc.C 
OLE time: 0.9744
==== Ans-fold compression
Command: /home/louza/mm-repair/ans/encode.x /mnt/data/datasets/machine-learning-matrices-split/airline78.csv.32.22.vc.C 
Ans-fold time: 21.3978
==== Integer vector .C compression
Command: /home/louza/mm-repair/sdsl/encode.x /mnt/data/datasets/machine-learning-matrices-split/airline78.csv.32.23.vc.C 
==== Integer vector .R compression
Command: /home/louza/mm-repair/sdsl/encode.x /mnt/data/datasets/machine-learning-matrices-split/airline78.csv.32.23.vc.R 
Integer vector compression time: 1.6237
==== OLE
Command: /home/louza/mm-repair/ole/encode.x /mnt/data/datasets/machine-learning-matrices-split/airline78.csv.32.23.vc.C 
OLE time: 1.0744
==== Ans-fold compression
Command: /home/louza/mm-repair/ans/encode.x /mnt/data/datasets/machine-learning-matrices-split/airline78.csv.32.23.vc.C 
Ans-fold time: 22.2524
==== Integer vector .C compression
Command: /home/louza/mm-repair/sdsl/encode.x /mnt/data/datasets/machine-learning-matrices-split/airline78.csv.32.24.vc.C 
==== Integer vector .R compression
Command: /home/louza/mm-repair/sdsl/encode.x /mnt/data/datasets/machine-learning-matrices-split/airline78.csv.32.24.vc.R 
Integer vector compression time: 1.2048
==== OLE
Command: /home/louza/mm-repair/ole/encode.x /mnt/data/datasets/machine-learning-matrices-split/airline78.csv.32.24.vc.C 
OLE time: 1.5674
==== Ans-fold compression
Command: /home/louza/mm-repair/ans/encode.x /mnt/data/datasets/machine-learning-matrices-split/airline78.csv.32.24.vc.C 
Ans-fold time: 23.6620
==== Integer vector .C compression
Command: /home/louza/mm-repair/sdsl/encode.x /mnt/data/datasets/machine-learning-matrices-split/airline78.csv.32.25.vc.C 
==== Integer vector .R compression
Command: /home/louza/mm-repair/sdsl/encode.x /mnt/data/datasets/machine-learning-matrices-split/airline78.csv.32.25.vc.R 
Integer vector compression time: 0.9141
==== OLE
Command: /home/louza/mm-repair/ole/encode.x /mnt/data/datasets/machine-learning-matrices-split/airline78.csv.32.25.vc.C 
OLE time: 1.3173
==== Ans-fold compression
Command: /home/louza/mm-repair/ans/encode.x /mnt/data/datasets/machine-learning-matrices-split/airline78.csv.32.25.vc.C 
Ans-fold time: 24.5666
==== Integer vector .C compression
Command: /home/louza/mm-repair/sdsl/encode.x /mnt/data/datasets/machine-learning-matrices-split/airline78.csv.32.26.vc.C 
==== Integer vector .R compression
Command: /home/louza/mm-repair/sdsl/encode.x /mnt/data/datasets/machine-learning-matrices-split/airline78.csv.32.26.vc.R 
Integer vector compression time: 1.9960
==== OLE
Command: /home/louza/mm-repair/ole/encode.x /mnt/data/datasets/machine-learning-matrices-split/airline78.csv.32.26.vc.C 
OLE time: 2.3941
==== Ans-fold compression
Command: /home/louza/mm-repair/ans/encode.x /mnt/data/datasets/machine-learning-matrices-split/airline78.csv.32.26.vc.C 
Ans-fold time: 25.5043
==== Integer vector .C compression
Command: /home/louza/mm-repair/sdsl/encode.x /mnt/data/datasets/machine-learning-matrices-split/airline78.csv.32.27.vc.C 
==== Integer vector .R compression
Command: /home/louza/mm-repair/sdsl/encode.x /mnt/data/datasets/machine-learning-matrices-split/airline78.csv.32.27.vc.R 
Integer vector compression time: 1.3044
==== OLE
Command: /home/louza/mm-repair/ole/encode.x /mnt/data/datasets/machine-learning-matrices-split/airline78.csv.32.27.vc.C 
OLE time: 1.1232
==== Ans-fold compression
Command: /home/louza/mm-repair/ans/encode.x /mnt/data/datasets/machine-learning-matrices-split/airline78.csv.32.27.vc.C 
Ans-fold time: 26.0710
==== Integer vector .C compression
Command: /home/louza/mm-repair/sdsl/encode.x /mnt/data/datasets/machine-learning-matrices-split/airline78.csv.32.28.vc.C 
==== Integer vector .R compression
Command: /home/louza/mm-repair/sdsl/encode.x /mnt/data/datasets/machine-learning-matrices-split/airline78.csv.32.28.vc.R 
Integer vector compression time: 1.1615
==== OLE
Command: /home/louza/mm-repair/ole/encode.x /mnt/data/datasets/machine-learning-matrices-split/airline78.csv.32.28.vc.C 
OLE time: 2.0082
==== Ans-fold compression
Command: /home/louza/mm-repair/ans/encode.x /mnt/data/datasets/machine-learning-matrices-split/airline78.csv.32.28.vc.C 
Ans-fold time: 26.6790
==== Integer vector .C compression
Command: /home/louza/mm-repair/sdsl/encode.x /mnt/data/datasets/machine-learning-matrices-split/airline78.csv.32.29.vc.C 
==== Integer vector .R compression
Command: /home/louza/mm-repair/sdsl/encode.x /mnt/data/datasets/machine-learning-matrices-split/airline78.csv.32.29.vc.R 
Integer vector compression time: 2.2919
==== OLE
Command: /home/louza/mm-repair/ole/encode.x /mnt/data/datasets/machine-learning-matrices-split/airline78.csv.32.29.vc.C 
OLE time: 3.2283
==== Ans-fold compression
Command: /home/louza/mm-repair/ans/encode.x /mnt/data/datasets/machine-learning-matrices-split/airline78.csv.32.29.vc.C 
Ans-fold time: 28.0112
==== Integer vector .C compression
Command: /home/louza/mm-repair/sdsl/encode.x /mnt/data/datasets/machine-learning-matrices-split/airline78.csv.32.30.vc.C 
==== Integer vector .R compression
Command: /home/louza/mm-repair/sdsl/encode.x /mnt/data/datasets/machine-learning-matrices-split/airline78.csv.32.30.vc.R 
Integer vector compression time: 0.9946
==== OLE
Command: /home/louza/mm-repair/ole/encode.x /mnt/data/datasets/machine-learning-matrices-split/airline78.csv.32.30.vc.C 
OLE time: 1.3079
==== Ans-fold compression
Command: /home/louza/mm-repair/ans/encode.x /mnt/data/datasets/machine-learning-matrices-split/airline78.csv.32.30.vc.C 
Ans-fold time: 28.8555
==== Integer vector .C compression
Command: /home/louza/mm-repair/sdsl/encode.x /mnt/data/datasets/machine-learning-matrices-split/airline78.csv.32.31.vc.C 
==== Integer vector .R compression
Command: /home/louza/mm-repair/sdsl/encode.x /mnt/data/datasets/machine-learning-matrices-split/airline78.csv.32.31.vc.R 
Integer vector compression time: 1.4568
==== OLE
Command: /home/louza/mm-repair/ole/encode.x /mnt/data/datasets/machine-learning-matrices-split/airline78.csv.32.31.vc.C 
OLE time: 2.5503
==== Ans-fold compression
Command: /home/louza/mm-repair/ans/encode.x /mnt/data/datasets/machine-learning-matrices-split/airline78.csv.32.31.vc.C 
Ans-fold time: 29.6140
Elapsed time: 445.0182
==== Compression Report:
 >> matrix name: /mnt/data/datasets/machine-learning-matrices-split/airline78.csv
 >> conversion time: 272.72
 >> repair time: 54.82
 >> integer vectors time: 1.46
 >> ansf time: 29.61
 >> total time: 445.02
 >> matrix log(alpha)xNumEntries size: 681566188 bytes
 >> matrix dense size: 3355402776 bytes
 >> total number of nonzero: 304762947 (72.66%)
 >> number of distinct nonzero: 7794
 >> CRSV  size: 1276965912 bytes  (38.06%)
 >> RE32  size: 623609296 bytes  (18.59%)
 >> REIV  size: 389780016 bytes  (11.62%)
 >> REANS size: 326478688 bytes  (9.73%)
==== Done

#### 2026-09-07 11:08:43
 Command line: ./mm-repair/matrepair -r -b 32 -p 32 /mnt/data/datasets/machine-learning-matrices-split/airline78.csv 14462943 29 --mapping 
Setting memory for each repair instance to 14501 MBs
Sending logging messages to file: /mnt/data/datasets/machine-learning-matrices-split/airline78.csv.log
==== Conversion bin/csv->csrv
Command: /home/louza/mm-repair/csvmat2csrv -b 32   /mnt/data/datasets/machine-learning-matrices-split/airline78.csv -r 0 -m  14462943 29
Conversion time: 236.8873
==== Repair paralell compression
---- Executing 32 parallel processes
---- Parallel processing completed
Repair time: 21.6990
==== Integer vector .C compression
Command: /home/louza/mm-repair/sdsl/encode.x /mnt/data/datasets/machine-learning-matrices-split/airline78.csv.32.0.vc.C 
==== Integer vector .R compression
Command: /home/louza/mm-repair/sdsl/encode.x /mnt/data/datasets/machine-learning-matrices-split/airline78.csv.32.0.vc.R 
Integer vector compression time: 0.4963
==== Ans-fold compression
Command: /home/louza/mm-repair/ans/encode.x /mnt/data/datasets/machine-learning-matrices-split/airline78.csv.32.0.vc.C 
Ans-fold time: 0.7584
==== Integer vector .C compression
Command: /home/louza/mm-repair/sdsl/encode.x /mnt/data/datasets/machine-learning-matrices-split/airline78.csv.32.1.vc.C 
==== Integer vector .R compression
Command: /home/louza/mm-repair/sdsl/encode.x /mnt/data/datasets/machine-learning-matrices-split/airline78.csv.32.1.vc.R 
Integer vector compression time: 1.7956
==== Ans-fold compression
Command: /home/louza/mm-repair/ans/encode.x /mnt/data/datasets/machine-learning-matrices-split/airline78.csv.32.1.vc.C 
Ans-fold time: 1.3896
==== Integer vector .C compression
Command: /home/louza/mm-repair/sdsl/encode.x /mnt/data/datasets/machine-learning-matrices-split/airline78.csv.32.2.vc.C 
==== Integer vector .R compression
Command: /home/louza/mm-repair/sdsl/encode.x /mnt/data/datasets/machine-learning-matrices-split/airline78.csv.32.2.vc.R 
Integer vector compression time: 1.1229
==== Ans-fold compression
Command: /home/louza/mm-repair/ans/encode.x /mnt/data/datasets/machine-learning-matrices-split/airline78.csv.32.2.vc.C 
Ans-fold time: 2.8187
==== Integer vector .C compression
Command: /home/louza/mm-repair/sdsl/encode.x /mnt/data/datasets/machine-learning-matrices-split/airline78.csv.32.3.vc.C 
==== Integer vector .R compression
Command: /home/louza/mm-repair/sdsl/encode.x /mnt/data/datasets/machine-learning-matrices-split/airline78.csv.32.3.vc.R 
Integer vector compression time: 1.9387
==== Ans-fold compression
Command: /home/louza/mm-repair/ans/encode.x /mnt/data/datasets/machine-learning-matrices-split/airline78.csv.32.3.vc.C 
Ans-fold time: 4.0954
==== Integer vector .C compression
Command: /home/louza/mm-repair/sdsl/encode.x /mnt/data/datasets/machine-learning-matrices-split/airline78.csv.32.4.vc.C 
==== Integer vector .R compression
Command: /home/louza/mm-repair/sdsl/encode.x /mnt/data/datasets/machine-learning-matrices-split/airline78.csv.32.4.vc.R 
Integer vector compression time: 1.8688
==== Ans-fold compression
Command: /home/louza/mm-repair/ans/encode.x /mnt/data/datasets/machine-learning-matrices-split/airline78.csv.32.4.vc.C 
Ans-fold time: 5.3022
==== Integer vector .C compression
Command: /home/louza/mm-repair/sdsl/encode.x /mnt/data/datasets/machine-learning-matrices-split/airline78.csv.32.5.vc.C 
==== Integer vector .R compression
Command: /home/louza/mm-repair/sdsl/encode.x /mnt/data/datasets/machine-learning-matrices-split/airline78.csv.32.5.vc.R 
Integer vector compression time: 0.9318
==== Ans-fold compression
Command: /home/louza/mm-repair/ans/encode.x /mnt/data/datasets/machine-learning-matrices-split/airline78.csv.32.5.vc.C 
Ans-fold time: 6.3040
==== Integer vector .C compression
Command: /home/louza/mm-repair/sdsl/encode.x /mnt/data/datasets/machine-learning-matrices-split/airline78.csv.32.6.vc.C 
==== Integer vector .R compression
Command: /home/louza/mm-repair/sdsl/encode.x /mnt/data/datasets/machine-learning-matrices-split/airline78.csv.32.6.vc.R 
Integer vector compression time: 1.7922
==== Ans-fold compression
Command: /home/louza/mm-repair/ans/encode.x /mnt/data/datasets/machine-learning-matrices-split/airline78.csv.32.6.vc.C 
Ans-fold time: 8.8140
==== Integer vector .C compression
Command: /home/louza/mm-repair/sdsl/encode.x /mnt/data/datasets/machine-learning-matrices-split/airline78.csv.32.7.vc.C 
==== Integer vector .R compression
Command: /home/louza/mm-repair/sdsl/encode.x /mnt/data/datasets/machine-learning-matrices-split/airline78.csv.32.7.vc.R 
Integer vector compression time: 2.8636
==== Ans-fold compression
Command: /home/louza/mm-repair/ans/encode.x /mnt/data/datasets/machine-learning-matrices-split/airline78.csv.32.7.vc.C 
Ans-fold time: 9.4571
==== Integer vector .C compression
Command: /home/louza/mm-repair/sdsl/encode.x /mnt/data/datasets/machine-learning-matrices-split/airline78.csv.32.8.vc.C 
==== Integer vector .R compression
Command: /home/louza/mm-repair/sdsl/encode.x /mnt/data/datasets/machine-learning-matrices-split/airline78.csv.32.8.vc.R 
Integer vector compression time: 0.8037
==== Ans-fold compression
Command: /home/louza/mm-repair/ans/encode.x /mnt/data/datasets/machine-learning-matrices-split/airline78.csv.32.8.vc.C 
Ans-fold time: 10.5437
==== Integer vector .C compression
Command: /home/louza/mm-repair/sdsl/encode.x /mnt/data/datasets/machine-learning-matrices-split/airline78.csv.32.9.vc.C 
==== Integer vector .R compression
Command: /home/louza/mm-repair/sdsl/encode.x /mnt/data/datasets/machine-learning-matrices-split/airline78.csv.32.9.vc.R 
Integer vector compression time: 1.9848
==== Ans-fold compression
Command: /home/louza/mm-repair/ans/encode.x /mnt/data/datasets/machine-learning-matrices-split/airline78.csv.32.9.vc.C 
Ans-fold time: 11.7898
==== Integer vector .C compression
Command: /home/louza/mm-repair/sdsl/encode.x /mnt/data/datasets/machine-learning-matrices-split/airline78.csv.32.10.vc.C 
==== Integer vector .R compression
Command: /home/louza/mm-repair/sdsl/encode.x /mnt/data/datasets/machine-learning-matrices-split/airline78.csv.32.10.vc.R 
Integer vector compression time: 2.3255
==== Ans-fold compression
Command: /home/louza/mm-repair/ans/encode.x /mnt/data/datasets/machine-learning-matrices-split/airline78.csv.32.10.vc.C 
Ans-fold time: 12.9933
==== Integer vector .C compression
Command: /home/louza/mm-repair/sdsl/encode.x /mnt/data/datasets/machine-learning-matrices-split/airline78.csv.32.11.vc.C 
==== Integer vector .R compression
Command: /home/louza/mm-repair/sdsl/encode.x /mnt/data/datasets/machine-learning-matrices-split/airline78.csv.32.11.vc.R 
Integer vector compression time: 2.5196
==== Ans-fold compression
Command: /home/louza/mm-repair/ans/encode.x /mnt/data/datasets/machine-learning-matrices-split/airline78.csv.32.11.vc.C 
Ans-fold time: 14.1304
==== Integer vector .C compression
Command: /home/louza/mm-repair/sdsl/encode.x /mnt/data/datasets/machine-learning-matrices-split/airline78.csv.32.12.vc.C 
==== Integer vector .R compression
Command: /home/louza/mm-repair/sdsl/encode.x /mnt/data/datasets/machine-learning-matrices-split/airline78.csv.32.12.vc.R 
Integer vector compression time: 1.0892
==== Ans-fold compression
Command: /home/louza/mm-repair/ans/encode.x /mnt/data/datasets/machine-learning-matrices-split/airline78.csv.32.12.vc.C 
Ans-fold time: 15.4939
==== Integer vector .C compression
Command: /home/louza/mm-repair/sdsl/encode.x /mnt/data/datasets/machine-learning-matrices-split/airline78.csv.32.13.vc.C 
==== Integer vector .R compression
Command: /home/louza/mm-repair/sdsl/encode.x /mnt/data/datasets/machine-learning-matrices-split/airline78.csv.32.13.vc.R 
Integer vector compression time: 2.2215
==== Ans-fold compression
Command: /home/louza/mm-repair/ans/encode.x /mnt/data/datasets/machine-learning-matrices-split/airline78.csv.32.13.vc.C 
Ans-fold time: 16.3730
==== Integer vector .C compression
Command: /home/louza/mm-repair/sdsl/encode.x /mnt/data/datasets/machine-learning-matrices-split/airline78.csv.32.14.vc.C 
==== Integer vector .R compression
Command: /home/louza/mm-repair/sdsl/encode.x /mnt/data/datasets/machine-learning-matrices-split/airline78.csv.32.14.vc.R 
Integer vector compression time: 2.2924
==== Ans-fold compression
Command: /home/louza/mm-repair/ans/encode.x /mnt/data/datasets/machine-learning-matrices-split/airline78.csv.32.14.vc.C 
Ans-fold time: 17.6861
==== Integer vector .C compression
Command: /home/louza/mm-repair/sdsl/encode.x /mnt/data/datasets/machine-learning-matrices-split/airline78.csv.32.15.vc.C 
==== Integer vector .R compression
Command: /home/louza/mm-repair/sdsl/encode.x /mnt/data/datasets/machine-learning-matrices-split/airline78.csv.32.15.vc.R 
Integer vector compression time: 1.6603
==== Ans-fold compression
Command: /home/louza/mm-repair/ans/encode.x /mnt/data/datasets/machine-learning-matrices-split/airline78.csv.32.15.vc.C 
Ans-fold time: 18.6891
==== Integer vector .C compression
Command: /home/louza/mm-repair/sdsl/encode.x /mnt/data/datasets/machine-learning-matrices-split/airline78.csv.32.16.vc.C 
==== Integer vector .R compression
Command: /home/louza/mm-repair/sdsl/encode.x /mnt/data/datasets/machine-learning-matrices-split/airline78.csv.32.16.vc.R 
Integer vector compression time: 1.0181
==== Ans-fold compression
Command: /home/louza/mm-repair/ans/encode.x /mnt/data/datasets/machine-learning-matrices-split/airline78.csv.32.16.vc.C 
Ans-fold time: 20.9623
==== Integer vector .C compression
Command: /home/louza/mm-repair/sdsl/encode.x /mnt/data/datasets/machine-learning-matrices-split/airline78.csv.32.17.vc.C 
==== Integer vector .R compression
Command: /home/louza/mm-repair/sdsl/encode.x /mnt/data/datasets/machine-learning-matrices-split/airline78.csv.32.17.vc.R 
Integer vector compression time: 1.4681
==== Ans-fold compression
Command: /home/louza/mm-repair/ans/encode.x /mnt/data/datasets/machine-learning-matrices-split/airline78.csv.32.17.vc.C 
Ans-fold time: 22.0861
==== Integer vector .C compression
Command: /home/louza/mm-repair/sdsl/encode.x /mnt/data/datasets/machine-learning-matrices-split/airline78.csv.32.18.vc.C 
==== Integer vector .R compression
Command: /home/louza/mm-repair/sdsl/encode.x /mnt/data/datasets/machine-learning-matrices-split/airline78.csv.32.18.vc.R 
Integer vector compression time: 1.4333
==== Ans-fold compression
Command: /home/louza/mm-repair/ans/encode.x /mnt/data/datasets/machine-learning-matrices-split/airline78.csv.32.18.vc.C 
Ans-fold time: 23.3305
==== Integer vector .C compression
Command: /home/louza/mm-repair/sdsl/encode.x /mnt/data/datasets/machine-learning-matrices-split/airline78.csv.32.19.vc.C 
==== Integer vector .R compression
Command: /home/louza/mm-repair/sdsl/encode.x /mnt/data/datasets/machine-learning-matrices-split/airline78.csv.32.19.vc.R 
Integer vector compression time: 2.2438
==== Ans-fold compression
Command: /home/louza/mm-repair/ans/encode.x /mnt/data/datasets/machine-learning-matrices-split/airline78.csv.32.19.vc.C 
Ans-fold time: 25.0246
==== Integer vector .C compression
Command: /home/louza/mm-repair/sdsl/encode.x /mnt/data/datasets/machine-learning-matrices-split/airline78.csv.32.20.vc.C 
==== Integer vector .R compression
Command: /home/louza/mm-repair/sdsl/encode.x /mnt/data/datasets/machine-learning-matrices-split/airline78.csv.32.20.vc.R 
Integer vector compression time: 1.5404
==== Ans-fold compression
Command: /home/louza/mm-repair/ans/encode.x /mnt/data/datasets/machine-learning-matrices-split/airline78.csv.32.20.vc.C 
Ans-fold time: 26.2183
==== Integer vector .C compression
Command: /home/louza/mm-repair/sdsl/encode.x /mnt/data/datasets/machine-learning-matrices-split/airline78.csv.32.21.vc.C 
==== Integer vector .R compression
Command: /home/louza/mm-repair/sdsl/encode.x /mnt/data/datasets/machine-learning-matrices-split/airline78.csv.32.21.vc.R 
Integer vector compression time: 2.0479
==== Ans-fold compression
Command: /home/louza/mm-repair/ans/encode.x /mnt/data/datasets/machine-learning-matrices-split/airline78.csv.32.21.vc.C 
Ans-fold time: 28.3044
==== Integer vector .C compression
Command: /home/louza/mm-repair/sdsl/encode.x /mnt/data/datasets/machine-learning-matrices-split/airline78.csv.32.22.vc.C 
==== Integer vector .R compression
Command: /home/louza/mm-repair/sdsl/encode.x /mnt/data/datasets/machine-learning-matrices-split/airline78.csv.32.22.vc.R 
Integer vector compression time: 2.1192
==== Ans-fold compression
Command: /home/louza/mm-repair/ans/encode.x /mnt/data/datasets/machine-learning-matrices-split/airline78.csv.32.22.vc.C 
Ans-fold time: 29.2070
==== Integer vector .C compression
Command: /home/louza/mm-repair/sdsl/encode.x /mnt/data/datasets/machine-learning-matrices-split/airline78.csv.32.23.vc.C 
==== Integer vector .R compression
Command: /home/louza/mm-repair/sdsl/encode.x /mnt/data/datasets/machine-learning-matrices-split/airline78.csv.32.23.vc.R 
Integer vector compression time: 0.8941
==== Ans-fold compression
Command: /home/louza/mm-repair/ans/encode.x /mnt/data/datasets/machine-learning-matrices-split/airline78.csv.32.23.vc.C 
Ans-fold time: 29.8562
==== Integer vector .C compression
Command: /home/louza/mm-repair/sdsl/encode.x /mnt/data/datasets/machine-learning-matrices-split/airline78.csv.32.24.vc.C 
==== Integer vector .R compression
Command: /home/louza/mm-repair/sdsl/encode.x /mnt/data/datasets/machine-learning-matrices-split/airline78.csv.32.24.vc.R 
Integer vector compression time: 1.1188
==== Ans-fold compression
Command: /home/louza/mm-repair/ans/encode.x /mnt/data/datasets/machine-learning-matrices-split/airline78.csv.32.24.vc.C 
Ans-fold time: 31.3358
==== Integer vector .C compression
Command: /home/louza/mm-repair/sdsl/encode.x /mnt/data/datasets/machine-learning-matrices-split/airline78.csv.32.25.vc.C 
==== Integer vector .R compression
Command: /home/louza/mm-repair/sdsl/encode.x /mnt/data/datasets/machine-learning-matrices-split/airline78.csv.32.25.vc.R 
Integer vector compression time: 0.9216
==== Ans-fold compression
Command: /home/louza/mm-repair/ans/encode.x /mnt/data/datasets/machine-learning-matrices-split/airline78.csv.32.25.vc.C 
Ans-fold time: 32.4852
==== Integer vector .C compression
Command: /home/louza/mm-repair/sdsl/encode.x /mnt/data/datasets/machine-learning-matrices-split/airline78.csv.32.26.vc.C 
==== Integer vector .R compression
Command: /home/louza/mm-repair/sdsl/encode.x /mnt/data/datasets/machine-learning-matrices-split/airline78.csv.32.26.vc.R 
Integer vector compression time: 1.1517
==== Ans-fold compression
Command: /home/louza/mm-repair/ans/encode.x /mnt/data/datasets/machine-learning-matrices-split/airline78.csv.32.26.vc.C 
Ans-fold time: 33.1201
==== Integer vector .C compression
Command: /home/louza/mm-repair/sdsl/encode.x /mnt/data/datasets/machine-learning-matrices-split/airline78.csv.32.27.vc.C 
==== Integer vector .R compression
Command: /home/louza/mm-repair/sdsl/encode.x /mnt/data/datasets/machine-learning-matrices-split/airline78.csv.32.27.vc.R 
Integer vector compression time: 1.5706
==== Ans-fold compression
Command: /home/louza/mm-repair/ans/encode.x /mnt/data/datasets/machine-learning-matrices-split/airline78.csv.32.27.vc.C 
Ans-fold time: 34.4393
==== Integer vector .C compression
Command: /home/louza/mm-repair/sdsl/encode.x /mnt/data/datasets/machine-learning-matrices-split/airline78.csv.32.28.vc.C 
==== Integer vector .R compression
Command: /home/louza/mm-repair/sdsl/encode.x /mnt/data/datasets/machine-learning-matrices-split/airline78.csv.32.28.vc.R 
Integer vector compression time: 0.7497
==== Ans-fold compression
Command: /home/louza/mm-repair/ans/encode.x /mnt/data/datasets/machine-learning-matrices-split/airline78.csv.32.28.vc.C 
Ans-fold time: 35.3055
==== Integer vector .C compression
Command: /home/louza/mm-repair/sdsl/encode.x /mnt/data/datasets/machine-learning-matrices-split/airline78.csv.32.29.vc.C 
==== Integer vector .R compression
Command: /home/louza/mm-repair/sdsl/encode.x /mnt/data/datasets/machine-learning-matrices-split/airline78.csv.32.29.vc.R 
Integer vector compression time: 0.8468
==== Ans-fold compression
Command: /home/louza/mm-repair/ans/encode.x /mnt/data/datasets/machine-learning-matrices-split/airline78.csv.32.29.vc.C 
Ans-fold time: 36.6866
==== Integer vector .C compression
Command: /home/louza/mm-repair/sdsl/encode.x /mnt/data/datasets/machine-learning-matrices-split/airline78.csv.32.30.vc.C 
==== Integer vector .R compression
Command: /home/louza/mm-repair/sdsl/encode.x /mnt/data/datasets/machine-learning-matrices-split/airline78.csv.32.30.vc.R 
Integer vector compression time: 1.5771
==== Ans-fold compression
Command: /home/louza/mm-repair/ans/encode.x /mnt/data/datasets/machine-learning-matrices-split/airline78.csv.32.30.vc.C 
Ans-fold time: 37.6989
==== Integer vector .C compression
Command: /home/louza/mm-repair/sdsl/encode.x /mnt/data/datasets/machine-learning-matrices-split/airline78.csv.32.31.vc.C 
==== Integer vector .R compression
Command: /home/louza/mm-repair/sdsl/encode.x /mnt/data/datasets/machine-learning-matrices-split/airline78.csv.32.31.vc.R 
Integer vector compression time: 1.4378
==== Ans-fold compression
Command: /home/louza/mm-repair/ans/encode.x /mnt/data/datasets/machine-learning-matrices-split/airline78.csv.32.31.vc.C 
Ans-fold time: 38.7967
Command: /home/louza/mm-repair/ans/encode.x /mnt/data/datasets/machine-learning-matrices-split/airline78.csv.wcode 
Elapsed time: 347.2861
==== Compression Report:
 >> matrix name: /mnt/data/datasets/machine-learning-matrices-split/airline78.csv
 >> conversion time: 236.89
 >> repair time: 21.70
 >> integer vectors time: 1.44
 >> ansf time: 38.80
 >> total time: 347.29
 >> wcode: 119868 bytes
 >> wcode_ans: 9474 bytes
 >> matrix log(alpha)xNumEntries size: 681566188 bytes
 >> matrix dense size: 3355402776 bytes
 >> total number of nonzero: 304762947 (72.66%)
 >> number of distinct nonzero: 7794
 >> CRSV  size: 1276965912 bytes  (38.06%)
 >> RE32  size: 623729164 bytes  (18.59%)
 >> REIV  size: 380178372 bytes  (11.33%)
 >> REANS size: 328578433 bytes  (9.79%)
==== Done

#### 2026-09-07 11:14:31
 Command line: ./mm-repair/matrepair -r -b 32 -p 32 /mnt/data/datasets/machine-learning-matrices-split/airline78.csv 14462943 29 --split 
Setting memory for each repair instance to 14501 MBs
Sending logging messages to file: /mnt/data/datasets/machine-learning-matrices-split/airline78.csv.log
==== Conversion bin/csv->csrv
Command: /home/louza/mm-repair/csvmat2csrv -b 32   /mnt/data/datasets/machine-learning-matrices-split/airline78.csv -r 0  -s 14462943 29
Conversion time: 412.0164
==== Repair paralell compression
---- Executing 32 parallel processes
---- Parallel processing completed
Repair time: 13.8889
==== Integer vector .C compression
Command: /home/louza/mm-repair/sdsl/encode.x /mnt/data/datasets/machine-learning-matrices-split/airline78.csv.32.0.A.vc.C 
==== Integer vector .R compression
Command: /home/louza/mm-repair/sdsl/encode.x /mnt/data/datasets/machine-learning-matrices-split/airline78.csv.32.0.A.vc.R 
Integer vector compression time: 0.1561
==== Ans-fold compression
Command: /home/louza/mm-repair/ans/encode.x /mnt/data/datasets/machine-learning-matrices-split/airline78.csv.32.0.A.vc.C 
Command: /home/louza/mm-repair/ans/encode.x /mnt/data/datasets/machine-learning-matrices-split/airline78.csv.32.0.B.vc
Ans-fold time: 0.2696
==== Integer vector .C compression
Command: /home/louza/mm-repair/sdsl/encode.x /mnt/data/datasets/machine-learning-matrices-split/airline78.csv.32.1.A.vc.C 
==== Integer vector .R compression
Command: /home/louza/mm-repair/sdsl/encode.x /mnt/data/datasets/machine-learning-matrices-split/airline78.csv.32.1.A.vc.R 
Integer vector compression time: 0.1762
==== Ans-fold compression
Command: /home/louza/mm-repair/ans/encode.x /mnt/data/datasets/machine-learning-matrices-split/airline78.csv.32.1.A.vc.C 
Command: /home/louza/mm-repair/ans/encode.x /mnt/data/datasets/machine-learning-matrices-split/airline78.csv.32.1.B.vc
Ans-fold time: 0.5833
==== Integer vector .C compression
Command: /home/louza/mm-repair/sdsl/encode.x /mnt/data/datasets/machine-learning-matrices-split/airline78.csv.32.2.A.vc.C 
==== Integer vector .R compression
Command: /home/louza/mm-repair/sdsl/encode.x /mnt/data/datasets/machine-learning-matrices-split/airline78.csv.32.2.A.vc.R 
Integer vector compression time: 0.1805
==== Ans-fold compression
Command: /home/louza/mm-repair/ans/encode.x /mnt/data/datasets/machine-learning-matrices-split/airline78.csv.32.2.A.vc.C 
Command: /home/louza/mm-repair/ans/encode.x /mnt/data/datasets/machine-learning-matrices-split/airline78.csv.32.2.B.vc
Ans-fold time: 0.8624
==== Integer vector .C compression
Command: /home/louza/mm-repair/sdsl/encode.x /mnt/data/datasets/machine-learning-matrices-split/airline78.csv.32.3.A.vc.C 
==== Integer vector .R compression
Command: /home/louza/mm-repair/sdsl/encode.x /mnt/data/datasets/machine-learning-matrices-split/airline78.csv.32.3.A.vc.R 
Integer vector compression time: 0.1473
==== Ans-fold compression
Command: /home/louza/mm-repair/ans/encode.x /mnt/data/datasets/machine-learning-matrices-split/airline78.csv.32.3.A.vc.C 
Command: /home/louza/mm-repair/ans/encode.x /mnt/data/datasets/machine-learning-matrices-split/airline78.csv.32.3.B.vc
Ans-fold time: 1.1270
==== Integer vector .C compression
Command: /home/louza/mm-repair/sdsl/encode.x /mnt/data/datasets/machine-learning-matrices-split/airline78.csv.32.4.A.vc.C 
==== Integer vector .R compression
Command: /home/louza/mm-repair/sdsl/encode.x /mnt/data/datasets/machine-learning-matrices-split/airline78.csv.32.4.A.vc.R 
Integer vector compression time: 0.1556
==== Ans-fold compression
Command: /home/louza/mm-repair/ans/encode.x /mnt/data/datasets/machine-learning-matrices-split/airline78.csv.32.4.A.vc.C 
Command: /home/louza/mm-repair/ans/encode.x /mnt/data/datasets/machine-learning-matrices-split/airline78.csv.32.4.B.vc
Ans-fold time: 1.4566
==== Integer vector .C compression
Command: /home/louza/mm-repair/sdsl/encode.x /mnt/data/datasets/machine-learning-matrices-split/airline78.csv.32.5.A.vc.C 
==== Integer vector .R compression
Command: /home/louza/mm-repair/sdsl/encode.x /mnt/data/datasets/machine-learning-matrices-split/airline78.csv.32.5.A.vc.R 
Integer vector compression time: 0.1590
==== Ans-fold compression
Command: /home/louza/mm-repair/ans/encode.x /mnt/data/datasets/machine-learning-matrices-split/airline78.csv.32.5.A.vc.C 
Command: /home/louza/mm-repair/ans/encode.x /mnt/data/datasets/machine-learning-matrices-split/airline78.csv.32.5.B.vc
Ans-fold time: 1.7226
==== Integer vector .C compression
Command: /home/louza/mm-repair/sdsl/encode.x /mnt/data/datasets/machine-learning-matrices-split/airline78.csv.32.6.A.vc.C 
==== Integer vector .R compression
Command: /home/louza/mm-repair/sdsl/encode.x /mnt/data/datasets/machine-learning-matrices-split/airline78.csv.32.6.A.vc.R 
Integer vector compression time: 0.1502
==== Ans-fold compression
Command: /home/louza/mm-repair/ans/encode.x /mnt/data/datasets/machine-learning-matrices-split/airline78.csv.32.6.A.vc.C 
Command: /home/louza/mm-repair/ans/encode.x /mnt/data/datasets/machine-learning-matrices-split/airline78.csv.32.6.B.vc
Ans-fold time: 1.9902
==== Integer vector .C compression
Command: /home/louza/mm-repair/sdsl/encode.x /mnt/data/datasets/machine-learning-matrices-split/airline78.csv.32.7.A.vc.C 
==== Integer vector .R compression
Command: /home/louza/mm-repair/sdsl/encode.x /mnt/data/datasets/machine-learning-matrices-split/airline78.csv.32.7.A.vc.R 
Integer vector compression time: 0.1767
==== Ans-fold compression
Command: /home/louza/mm-repair/ans/encode.x /mnt/data/datasets/machine-learning-matrices-split/airline78.csv.32.7.A.vc.C 
Command: /home/louza/mm-repair/ans/encode.x /mnt/data/datasets/machine-learning-matrices-split/airline78.csv.32.7.B.vc
Ans-fold time: 2.2724
==== Integer vector .C compression
Command: /home/louza/mm-repair/sdsl/encode.x /mnt/data/datasets/machine-learning-matrices-split/airline78.csv.32.8.A.vc.C 
==== Integer vector .R compression
Command: /home/louza/mm-repair/sdsl/encode.x /mnt/data/datasets/machine-learning-matrices-split/airline78.csv.32.8.A.vc.R 
Integer vector compression time: 0.1499
==== Ans-fold compression
Command: /home/louza/mm-repair/ans/encode.x /mnt/data/datasets/machine-learning-matrices-split/airline78.csv.32.8.A.vc.C 
Command: /home/louza/mm-repair/ans/encode.x /mnt/data/datasets/machine-learning-matrices-split/airline78.csv.32.8.B.vc
Ans-fold time: 2.6708
==== Integer vector .C compression
Command: /home/louza/mm-repair/sdsl/encode.x /mnt/data/datasets/machine-learning-matrices-split/airline78.csv.32.9.A.vc.C 
==== Integer vector .R compression
Command: /home/louza/mm-repair/sdsl/encode.x /mnt/data/datasets/machine-learning-matrices-split/airline78.csv.32.9.A.vc.R 
Integer vector compression time: 0.1622
==== Ans-fold compression
Command: /home/louza/mm-repair/ans/encode.x /mnt/data/datasets/machine-learning-matrices-split/airline78.csv.32.9.A.vc.C 
Command: /home/louza/mm-repair/ans/encode.x /mnt/data/datasets/machine-learning-matrices-split/airline78.csv.32.9.B.vc
Ans-fold time: 2.9524
==== Integer vector .C compression
Command: /home/louza/mm-repair/sdsl/encode.x /mnt/data/datasets/machine-learning-matrices-split/airline78.csv.32.10.A.vc.C 
==== Integer vector .R compression
Command: /home/louza/mm-repair/sdsl/encode.x /mnt/data/datasets/machine-learning-matrices-split/airline78.csv.32.10.A.vc.R 
Integer vector compression time: 0.1548
==== Ans-fold compression
Command: /home/louza/mm-repair/ans/encode.x /mnt/data/datasets/machine-learning-matrices-split/airline78.csv.32.10.A.vc.C 
Command: /home/louza/mm-repair/ans/encode.x /mnt/data/datasets/machine-learning-matrices-split/airline78.csv.32.10.B.vc
Ans-fold time: 3.2456
==== Integer vector .C compression
Command: /home/louza/mm-repair/sdsl/encode.x /mnt/data/datasets/machine-learning-matrices-split/airline78.csv.32.11.A.vc.C 
==== Integer vector .R compression
Command: /home/louza/mm-repair/sdsl/encode.x /mnt/data/datasets/machine-learning-matrices-split/airline78.csv.32.11.A.vc.R 
Integer vector compression time: 0.1730
==== Ans-fold compression
Command: /home/louza/mm-repair/ans/encode.x /mnt/data/datasets/machine-learning-matrices-split/airline78.csv.32.11.A.vc.C 
Command: /home/louza/mm-repair/ans/encode.x /mnt/data/datasets/machine-learning-matrices-split/airline78.csv.32.11.B.vc
Ans-fold time: 3.5358
==== Integer vector .C compression
Command: /home/louza/mm-repair/sdsl/encode.x /mnt/data/datasets/machine-learning-matrices-split/airline78.csv.32.12.A.vc.C 
==== Integer vector .R compression
Command: /home/louza/mm-repair/sdsl/encode.x /mnt/data/datasets/machine-learning-matrices-split/airline78.csv.32.12.A.vc.R 
Integer vector compression time: 0.1717
==== Ans-fold compression
Command: /home/louza/mm-repair/ans/encode.x /mnt/data/datasets/machine-learning-matrices-split/airline78.csv.32.12.A.vc.C 
Command: /home/louza/mm-repair/ans/encode.x /mnt/data/datasets/machine-learning-matrices-split/airline78.csv.32.12.B.vc
Ans-fold time: 3.8317
==== Integer vector .C compression
Command: /home/louza/mm-repair/sdsl/encode.x /mnt/data/datasets/machine-learning-matrices-split/airline78.csv.32.13.A.vc.C 
==== Integer vector .R compression
Command: /home/louza/mm-repair/sdsl/encode.x /mnt/data/datasets/machine-learning-matrices-split/airline78.csv.32.13.A.vc.R 
Integer vector compression time: 0.1583
==== Ans-fold compression
Command: /home/louza/mm-repair/ans/encode.x /mnt/data/datasets/machine-learning-matrices-split/airline78.csv.32.13.A.vc.C 
Command: /home/louza/mm-repair/ans/encode.x /mnt/data/datasets/machine-learning-matrices-split/airline78.csv.32.13.B.vc
Ans-fold time: 4.1538
==== Integer vector .C compression
Command: /home/louza/mm-repair/sdsl/encode.x /mnt/data/datasets/machine-learning-matrices-split/airline78.csv.32.14.A.vc.C 
==== Integer vector .R compression
Command: /home/louza/mm-repair/sdsl/encode.x /mnt/data/datasets/machine-learning-matrices-split/airline78.csv.32.14.A.vc.R 
Integer vector compression time: 0.1683
==== Ans-fold compression
Command: /home/louza/mm-repair/ans/encode.x /mnt/data/datasets/machine-learning-matrices-split/airline78.csv.32.14.A.vc.C 
Command: /home/louza/mm-repair/ans/encode.x /mnt/data/datasets/machine-learning-matrices-split/airline78.csv.32.14.B.vc
Ans-fold time: 4.4567
==== Integer vector .C compression
Command: /home/louza/mm-repair/sdsl/encode.x /mnt/data/datasets/machine-learning-matrices-split/airline78.csv.32.15.A.vc.C 
==== Integer vector .R compression
Command: /home/louza/mm-repair/sdsl/encode.x /mnt/data/datasets/machine-learning-matrices-split/airline78.csv.32.15.A.vc.R 
Integer vector compression time: 0.1769
==== Ans-fold compression
Command: /home/louza/mm-repair/ans/encode.x /mnt/data/datasets/machine-learning-matrices-split/airline78.csv.32.15.A.vc.C 
Command: /home/louza/mm-repair/ans/encode.x /mnt/data/datasets/machine-learning-matrices-split/airline78.csv.32.15.B.vc
Ans-fold time: 4.7769
==== Integer vector .C compression
Command: /home/louza/mm-repair/sdsl/encode.x /mnt/data/datasets/machine-learning-matrices-split/airline78.csv.32.16.A.vc.C 
==== Integer vector .R compression
Command: /home/louza/mm-repair/sdsl/encode.x /mnt/data/datasets/machine-learning-matrices-split/airline78.csv.32.16.A.vc.R 
Integer vector compression time: 0.1558
==== Ans-fold compression
Command: /home/louza/mm-repair/ans/encode.x /mnt/data/datasets/machine-learning-matrices-split/airline78.csv.32.16.A.vc.C 
Command: /home/louza/mm-repair/ans/encode.x /mnt/data/datasets/machine-learning-matrices-split/airline78.csv.32.16.B.vc
Ans-fold time: 5.0570
==== Integer vector .C compression
Command: /home/louza/mm-repair/sdsl/encode.x /mnt/data/datasets/machine-learning-matrices-split/airline78.csv.32.17.A.vc.C 
==== Integer vector .R compression
Command: /home/louza/mm-repair/sdsl/encode.x /mnt/data/datasets/machine-learning-matrices-split/airline78.csv.32.17.A.vc.R 
Integer vector compression time: 0.1694
==== Ans-fold compression
Command: /home/louza/mm-repair/ans/encode.x /mnt/data/datasets/machine-learning-matrices-split/airline78.csv.32.17.A.vc.C 
Command: /home/louza/mm-repair/ans/encode.x /mnt/data/datasets/machine-learning-matrices-split/airline78.csv.32.17.B.vc
Ans-fold time: 5.3745
==== Integer vector .C compression
Command: /home/louza/mm-repair/sdsl/encode.x /mnt/data/datasets/machine-learning-matrices-split/airline78.csv.32.18.A.vc.C 
==== Integer vector .R compression
Command: /home/louza/mm-repair/sdsl/encode.x /mnt/data/datasets/machine-learning-matrices-split/airline78.csv.32.18.A.vc.R 
Integer vector compression time: 0.1621
==== Ans-fold compression
Command: /home/louza/mm-repair/ans/encode.x /mnt/data/datasets/machine-learning-matrices-split/airline78.csv.32.18.A.vc.C 
Command: /home/louza/mm-repair/ans/encode.x /mnt/data/datasets/machine-learning-matrices-split/airline78.csv.32.18.B.vc
Ans-fold time: 5.6789
==== Integer vector .C compression
Command: /home/louza/mm-repair/sdsl/encode.x /mnt/data/datasets/machine-learning-matrices-split/airline78.csv.32.19.A.vc.C 
==== Integer vector .R compression
Command: /home/louza/mm-repair/sdsl/encode.x /mnt/data/datasets/machine-learning-matrices-split/airline78.csv.32.19.A.vc.R 
Integer vector compression time: 0.1568
==== Ans-fold compression
Command: /home/louza/mm-repair/ans/encode.x /mnt/data/datasets/machine-learning-matrices-split/airline78.csv.32.19.A.vc.C 
Command: /home/louza/mm-repair/ans/encode.x /mnt/data/datasets/machine-learning-matrices-split/airline78.csv.32.19.B.vc
Ans-fold time: 6.0389
==== Integer vector .C compression
Command: /home/louza/mm-repair/sdsl/encode.x /mnt/data/datasets/machine-learning-matrices-split/airline78.csv.32.20.A.vc.C 
==== Integer vector .R compression
Command: /home/louza/mm-repair/sdsl/encode.x /mnt/data/datasets/machine-learning-matrices-split/airline78.csv.32.20.A.vc.R 
Integer vector compression time: 0.1507
==== Ans-fold compression
Command: /home/louza/mm-repair/ans/encode.x /mnt/data/datasets/machine-learning-matrices-split/airline78.csv.32.20.A.vc.C 
Command: /home/louza/mm-repair/ans/encode.x /mnt/data/datasets/machine-learning-matrices-split/airline78.csv.32.20.B.vc
Ans-fold time: 6.3132
==== Integer vector .C compression
Command: /home/louza/mm-repair/sdsl/encode.x /mnt/data/datasets/machine-learning-matrices-split/airline78.csv.32.21.A.vc.C 
==== Integer vector .R compression
Command: /home/louza/mm-repair/sdsl/encode.x /mnt/data/datasets/machine-learning-matrices-split/airline78.csv.32.21.A.vc.R 
Integer vector compression time: 0.1505
==== Ans-fold compression
Command: /home/louza/mm-repair/ans/encode.x /mnt/data/datasets/machine-learning-matrices-split/airline78.csv.32.21.A.vc.C 
Command: /home/louza/mm-repair/ans/encode.x /mnt/data/datasets/machine-learning-matrices-split/airline78.csv.32.21.B.vc
Ans-fold time: 6.5774
==== Integer vector .C compression
Command: /home/louza/mm-repair/sdsl/encode.x /mnt/data/datasets/machine-learning-matrices-split/airline78.csv.32.22.A.vc.C 
==== Integer vector .R compression
Command: /home/louza/mm-repair/sdsl/encode.x /mnt/data/datasets/machine-learning-matrices-split/airline78.csv.32.22.A.vc.R 
Integer vector compression time: 0.1497
==== Ans-fold compression
Command: /home/louza/mm-repair/ans/encode.x /mnt/data/datasets/machine-learning-matrices-split/airline78.csv.32.22.A.vc.C 
Command: /home/louza/mm-repair/ans/encode.x /mnt/data/datasets/machine-learning-matrices-split/airline78.csv.32.22.B.vc
Ans-fold time: 6.8484
==== Integer vector .C compression
Command: /home/louza/mm-repair/sdsl/encode.x /mnt/data/datasets/machine-learning-matrices-split/airline78.csv.32.23.A.vc.C 
==== Integer vector .R compression
Command: /home/louza/mm-repair/sdsl/encode.x /mnt/data/datasets/machine-learning-matrices-split/airline78.csv.32.23.A.vc.R 
Integer vector compression time: 0.1699
==== Ans-fold compression
Command: /home/louza/mm-repair/ans/encode.x /mnt/data/datasets/machine-learning-matrices-split/airline78.csv.32.23.A.vc.C 
Command: /home/louza/mm-repair/ans/encode.x /mnt/data/datasets/machine-learning-matrices-split/airline78.csv.32.23.B.vc
Ans-fold time: 7.1055
==== Integer vector .C compression
Command: /home/louza/mm-repair/sdsl/encode.x /mnt/data/datasets/machine-learning-matrices-split/airline78.csv.32.24.A.vc.C 
==== Integer vector .R compression
Command: /home/louza/mm-repair/sdsl/encode.x /mnt/data/datasets/machine-learning-matrices-split/airline78.csv.32.24.A.vc.R 
Integer vector compression time: 0.1520
==== Ans-fold compression
Command: /home/louza/mm-repair/ans/encode.x /mnt/data/datasets/machine-learning-matrices-split/airline78.csv.32.24.A.vc.C 
Command: /home/louza/mm-repair/ans/encode.x /mnt/data/datasets/machine-learning-matrices-split/airline78.csv.32.24.B.vc
Ans-fold time: 7.3632
==== Integer vector .C compression
Command: /home/louza/mm-repair/sdsl/encode.x /mnt/data/datasets/machine-learning-matrices-split/airline78.csv.32.25.A.vc.C 
==== Integer vector .R compression
Command: /home/louza/mm-repair/sdsl/encode.x /mnt/data/datasets/machine-learning-matrices-split/airline78.csv.32.25.A.vc.R 
Integer vector compression time: 0.1497
==== Ans-fold compression
Command: /home/louza/mm-repair/ans/encode.x /mnt/data/datasets/machine-learning-matrices-split/airline78.csv.32.25.A.vc.C 
Command: /home/louza/mm-repair/ans/encode.x /mnt/data/datasets/machine-learning-matrices-split/airline78.csv.32.25.B.vc
Ans-fold time: 7.6374
==== Integer vector .C compression
Command: /home/louza/mm-repair/sdsl/encode.x /mnt/data/datasets/machine-learning-matrices-split/airline78.csv.32.26.A.vc.C 
==== Integer vector .R compression
Command: /home/louza/mm-repair/sdsl/encode.x /mnt/data/datasets/machine-learning-matrices-split/airline78.csv.32.26.A.vc.R 
Integer vector compression time: 0.1685
==== Ans-fold compression
Command: /home/louza/mm-repair/ans/encode.x /mnt/data/datasets/machine-learning-matrices-split/airline78.csv.32.26.A.vc.C 
Command: /home/louza/mm-repair/ans/encode.x /mnt/data/datasets/machine-learning-matrices-split/airline78.csv.32.26.B.vc
Ans-fold time: 7.9018
==== Integer vector .C compression
Command: /home/louza/mm-repair/sdsl/encode.x /mnt/data/datasets/machine-learning-matrices-split/airline78.csv.32.27.A.vc.C 
==== Integer vector .R compression
Command: /home/louza/mm-repair/sdsl/encode.x /mnt/data/datasets/machine-learning-matrices-split/airline78.csv.32.27.A.vc.R 
Integer vector compression time: 0.1607
==== Ans-fold compression
Command: /home/louza/mm-repair/ans/encode.x /mnt/data/datasets/machine-learning-matrices-split/airline78.csv.32.27.A.vc.C 
Command: /home/louza/mm-repair/ans/encode.x /mnt/data/datasets/machine-learning-matrices-split/airline78.csv.32.27.B.vc
Ans-fold time: 8.2518
==== Integer vector .C compression
Command: /home/louza/mm-repair/sdsl/encode.x /mnt/data/datasets/machine-learning-matrices-split/airline78.csv.32.28.A.vc.C 
==== Integer vector .R compression
Command: /home/louza/mm-repair/sdsl/encode.x /mnt/data/datasets/machine-learning-matrices-split/airline78.csv.32.28.A.vc.R 
Integer vector compression time: 0.2052
==== Ans-fold compression
Command: /home/louza/mm-repair/ans/encode.x /mnt/data/datasets/machine-learning-matrices-split/airline78.csv.32.28.A.vc.C 
Command: /home/louza/mm-repair/ans/encode.x /mnt/data/datasets/machine-learning-matrices-split/airline78.csv.32.28.B.vc
Ans-fold time: 8.6049
==== Integer vector .C compression
Command: /home/louza/mm-repair/sdsl/encode.x /mnt/data/datasets/machine-learning-matrices-split/airline78.csv.32.29.A.vc.C 
==== Integer vector .R compression
Command: /home/louza/mm-repair/sdsl/encode.x /mnt/data/datasets/machine-learning-matrices-split/airline78.csv.32.29.A.vc.R 
Integer vector compression time: 0.2036
==== Ans-fold compression
Command: /home/louza/mm-repair/ans/encode.x /mnt/data/datasets/machine-learning-matrices-split/airline78.csv.32.29.A.vc.C 
Command: /home/louza/mm-repair/ans/encode.x /mnt/data/datasets/machine-learning-matrices-split/airline78.csv.32.29.B.vc
Ans-fold time: 8.9669
==== Integer vector .C compression
Command: /home/louza/mm-repair/sdsl/encode.x /mnt/data/datasets/machine-learning-matrices-split/airline78.csv.32.30.A.vc.C 
==== Integer vector .R compression
Command: /home/louza/mm-repair/sdsl/encode.x /mnt/data/datasets/machine-learning-matrices-split/airline78.csv.32.30.A.vc.R 
Integer vector compression time: 0.2119
==== Ans-fold compression
Command: /home/louza/mm-repair/ans/encode.x /mnt/data/datasets/machine-learning-matrices-split/airline78.csv.32.30.A.vc.C 
Command: /home/louza/mm-repair/ans/encode.x /mnt/data/datasets/machine-learning-matrices-split/airline78.csv.32.30.B.vc
Ans-fold time: 9.3222
==== Integer vector .C compression
Command: /home/louza/mm-repair/sdsl/encode.x /mnt/data/datasets/machine-learning-matrices-split/airline78.csv.32.31.A.vc.C 
==== Integer vector .R compression
Command: /home/louza/mm-repair/sdsl/encode.x /mnt/data/datasets/machine-learning-matrices-split/airline78.csv.32.31.A.vc.R 
Integer vector compression time: 0.2149
==== Ans-fold compression
Command: /home/louza/mm-repair/ans/encode.x /mnt/data/datasets/machine-learning-matrices-split/airline78.csv.32.31.A.vc.C 
Command: /home/louza/mm-repair/ans/encode.x /mnt/data/datasets/machine-learning-matrices-split/airline78.csv.32.31.B.vc
Ans-fold time: 9.7083
Elapsed time: 440.9635
==== Compression Report:
 >> matrix name: /mnt/data/datasets/machine-learning-matrices-split/airline78.csv
 >> conversion time: 412.02
 >> repair time: 13.89
 >> integer vectors time: 0.21
 >> ansf time: 9.71
 >> total time: 440.96
 >> matrix log(alpha)xNumEntries size: 681566188 bytes
 >> matrix dense size: 3355402776 bytes
 >> total number of nonzero: 292667834 (69.78%)
 >> number of distinct nonzero: 7794
 >> CRSV  size: 1228585460 bytes  (36.62%)
 >> B	  size: 106232224 bytes  (3.17%)
 >> B_ans size: 29707878 bytes  (0.89%)
 >> RE32  size: 604678058 bytes  (18.02%)
 >> REIV  size: 389088446 bytes  (11.60%)
 >> REANS size: 345479877 bytes  (10.30%)
==== Done

#### 2026-09-07 11:21:52
 Command line: ./mm-repair/matrepair -r -b 32 -p 32 /mnt/data/datasets/machine-learning-matrices-split/airline78.csv 14462943 29 --ole --mapping 
Setting memory for each repair instance to 14501 MBs
Sending logging messages to file: /mnt/data/datasets/machine-learning-matrices-split/airline78.csv.log
==== Conversion bin/csv->csrv
Command: /home/louza/mm-repair/csvmat2csrv -b 32   /mnt/data/datasets/machine-learning-matrices-split/airline78.csv -r 0 -m  14462943 29
Conversion time: 194.9572
==== Repair paralell compression
---- Executing 32 parallel processes
---- Parallel processing completed
Repair time: 23.1303
==== Integer vector .C compression
Command: /home/louza/mm-repair/sdsl/encode.x /mnt/data/datasets/machine-learning-matrices-split/airline78.csv.32.0.vc.C 
==== Integer vector .R compression
Command: /home/louza/mm-repair/sdsl/encode.x /mnt/data/datasets/machine-learning-matrices-split/airline78.csv.32.0.vc.R 
Integer vector compression time: 1.7080
==== OLE
Command: /home/louza/mm-repair/ole/encode.x /mnt/data/datasets/machine-learning-matrices-split/airline78.csv.32.0.vc.C 
OLE time: 2.6181
==== Ans-fold compression
Command: /home/louza/mm-repair/ans/encode.x /mnt/data/datasets/machine-learning-matrices-split/airline78.csv.32.0.vc.C 
Ans-fold time: 0.6016
==== Integer vector .C compression
Command: /home/louza/mm-repair/sdsl/encode.x /mnt/data/datasets/machine-learning-matrices-split/airline78.csv.32.1.vc.C 
==== Integer vector .R compression
Command: /home/louza/mm-repair/sdsl/encode.x /mnt/data/datasets/machine-learning-matrices-split/airline78.csv.32.1.vc.R 
Integer vector compression time: 1.5685
==== OLE
Command: /home/louza/mm-repair/ole/encode.x /mnt/data/datasets/machine-learning-matrices-split/airline78.csv.32.1.vc.C 
OLE time: 0.9405
==== Ans-fold compression
Command: /home/louza/mm-repair/ans/encode.x /mnt/data/datasets/machine-learning-matrices-split/airline78.csv.32.1.vc.C 
Ans-fold time: 2.0727
==== Integer vector .C compression
Command: /home/louza/mm-repair/sdsl/encode.x /mnt/data/datasets/machine-learning-matrices-split/airline78.csv.32.2.vc.C 
==== Integer vector .R compression
Command: /home/louza/mm-repair/sdsl/encode.x /mnt/data/datasets/machine-learning-matrices-split/airline78.csv.32.2.vc.R 
Integer vector compression time: 0.5884
==== OLE
Command: /home/louza/mm-repair/ole/encode.x /mnt/data/datasets/machine-learning-matrices-split/airline78.csv.32.2.vc.C 
OLE time: 1.4959
==== Ans-fold compression
Command: /home/louza/mm-repair/ans/encode.x /mnt/data/datasets/machine-learning-matrices-split/airline78.csv.32.2.vc.C 
Ans-fold time: 3.2413
==== Integer vector .C compression
Command: /home/louza/mm-repair/sdsl/encode.x /mnt/data/datasets/machine-learning-matrices-split/airline78.csv.32.3.vc.C 
==== Integer vector .R compression
Command: /home/louza/mm-repair/sdsl/encode.x /mnt/data/datasets/machine-learning-matrices-split/airline78.csv.32.3.vc.R 
Integer vector compression time: 2.5592
==== OLE
Command: /home/louza/mm-repair/ole/encode.x /mnt/data/datasets/machine-learning-matrices-split/airline78.csv.32.3.vc.C 
OLE time: 0.8906
==== Ans-fold compression
Command: /home/louza/mm-repair/ans/encode.x /mnt/data/datasets/machine-learning-matrices-split/airline78.csv.32.3.vc.C 
Ans-fold time: 6.4309
==== Integer vector .C compression
Command: /home/louza/mm-repair/sdsl/encode.x /mnt/data/datasets/machine-learning-matrices-split/airline78.csv.32.4.vc.C 
==== Integer vector .R compression
Command: /home/louza/mm-repair/sdsl/encode.x /mnt/data/datasets/machine-learning-matrices-split/airline78.csv.32.4.vc.R 
Integer vector compression time: 4.8740
==== OLE
Command: /home/louza/mm-repair/ole/encode.x /mnt/data/datasets/machine-learning-matrices-split/airline78.csv.32.4.vc.C 
OLE time: 2.9124
==== Ans-fold compression
Command: /home/louza/mm-repair/ans/encode.x /mnt/data/datasets/machine-learning-matrices-split/airline78.csv.32.4.vc.C 
Ans-fold time: 7.4883
==== Integer vector .C compression
Command: /home/louza/mm-repair/sdsl/encode.x /mnt/data/datasets/machine-learning-matrices-split/airline78.csv.32.5.vc.C 
==== Integer vector .R compression
Command: /home/louza/mm-repair/sdsl/encode.x /mnt/data/datasets/machine-learning-matrices-split/airline78.csv.32.5.vc.R 
Integer vector compression time: 1.3369
==== OLE
Command: /home/louza/mm-repair/ole/encode.x /mnt/data/datasets/machine-learning-matrices-split/airline78.csv.32.5.vc.C 
OLE time: 0.8661
==== Ans-fold compression
Command: /home/louza/mm-repair/ans/encode.x /mnt/data/datasets/machine-learning-matrices-split/airline78.csv.32.5.vc.C 
Ans-fold time: 8.2541
==== Integer vector .C compression
Command: /home/louza/mm-repair/sdsl/encode.x /mnt/data/datasets/machine-learning-matrices-split/airline78.csv.32.6.vc.C 
==== Integer vector .R compression
Command: /home/louza/mm-repair/sdsl/encode.x /mnt/data/datasets/machine-learning-matrices-split/airline78.csv.32.6.vc.R 
Integer vector compression time: 0.6368
==== OLE
Command: /home/louza/mm-repair/ole/encode.x /mnt/data/datasets/machine-learning-matrices-split/airline78.csv.32.6.vc.C 
OLE time: 1.2798
==== Ans-fold compression
Command: /home/louza/mm-repair/ans/encode.x /mnt/data/datasets/machine-learning-matrices-split/airline78.csv.32.6.vc.C 
Ans-fold time: 9.2365
==== Integer vector .C compression
Command: /home/louza/mm-repair/sdsl/encode.x /mnt/data/datasets/machine-learning-matrices-split/airline78.csv.32.7.vc.C 
==== Integer vector .R compression
Command: /home/louza/mm-repair/sdsl/encode.x /mnt/data/datasets/machine-learning-matrices-split/airline78.csv.32.7.vc.R 
Integer vector compression time: 5.3948
==== OLE
Command: /home/louza/mm-repair/ole/encode.x /mnt/data/datasets/machine-learning-matrices-split/airline78.csv.32.7.vc.C 
OLE time: 5.2507
==== Ans-fold compression
Command: /home/louza/mm-repair/ans/encode.x /mnt/data/datasets/machine-learning-matrices-split/airline78.csv.32.7.vc.C 
Ans-fold time: 10.0709
==== Integer vector .C compression
Command: /home/louza/mm-repair/sdsl/encode.x /mnt/data/datasets/machine-learning-matrices-split/airline78.csv.32.8.vc.C 
==== Integer vector .R compression
Command: /home/louza/mm-repair/sdsl/encode.x /mnt/data/datasets/machine-learning-matrices-split/airline78.csv.32.8.vc.R 
Integer vector compression time: 1.8487
==== OLE
Command: /home/louza/mm-repair/ole/encode.x /mnt/data/datasets/machine-learning-matrices-split/airline78.csv.32.8.vc.C 
OLE time: 1.9105
==== Ans-fold compression
Command: /home/louza/mm-repair/ans/encode.x /mnt/data/datasets/machine-learning-matrices-split/airline78.csv.32.8.vc.C 
Ans-fold time: 10.8548
==== Integer vector .C compression
Command: /home/louza/mm-repair/sdsl/encode.x /mnt/data/datasets/machine-learning-matrices-split/airline78.csv.32.9.vc.C 
==== Integer vector .R compression
Command: /home/louza/mm-repair/sdsl/encode.x /mnt/data/datasets/machine-learning-matrices-split/airline78.csv.32.9.vc.R 
Integer vector compression time: 2.0013
==== OLE
Command: /home/louza/mm-repair/ole/encode.x /mnt/data/datasets/machine-learning-matrices-split/airline78.csv.32.9.vc.C 
OLE time: 1.5576
==== Ans-fold compression
Command: /home/louza/mm-repair/ans/encode.x /mnt/data/datasets/machine-learning-matrices-split/airline78.csv.32.9.vc.C 
Ans-fold time: 12.1283
==== Integer vector .C compression
Command: /home/louza/mm-repair/sdsl/encode.x /mnt/data/datasets/machine-learning-matrices-split/airline78.csv.32.10.vc.C 
==== Integer vector .R compression
Command: /home/louza/mm-repair/sdsl/encode.x /mnt/data/datasets/machine-learning-matrices-split/airline78.csv.32.10.vc.R 
Integer vector compression time: 2.0026
==== OLE
Command: /home/louza/mm-repair/ole/encode.x /mnt/data/datasets/machine-learning-matrices-split/airline78.csv.32.10.vc.C 
OLE time: 1.1668
==== Ans-fold compression
Command: /home/louza/mm-repair/ans/encode.x /mnt/data/datasets/machine-learning-matrices-split/airline78.csv.32.10.vc.C 
Ans-fold time: 13.4888
==== Integer vector .C compression
Command: /home/louza/mm-repair/sdsl/encode.x /mnt/data/datasets/machine-learning-matrices-split/airline78.csv.32.11.vc.C 
==== Integer vector .R compression
Command: /home/louza/mm-repair/sdsl/encode.x /mnt/data/datasets/machine-learning-matrices-split/airline78.csv.32.11.vc.R 
Integer vector compression time: 0.8106
==== OLE
Command: /home/louza/mm-repair/ole/encode.x /mnt/data/datasets/machine-learning-matrices-split/airline78.csv.32.11.vc.C 
OLE time: 1.3763
==== Ans-fold compression
Command: /home/louza/mm-repair/ans/encode.x /mnt/data/datasets/machine-learning-matrices-split/airline78.csv.32.11.vc.C 
Ans-fold time: 14.6367
==== Integer vector .C compression
Command: /home/louza/mm-repair/sdsl/encode.x /mnt/data/datasets/machine-learning-matrices-split/airline78.csv.32.12.vc.C 
==== Integer vector .R compression
Command: /home/louza/mm-repair/sdsl/encode.x /mnt/data/datasets/machine-learning-matrices-split/airline78.csv.32.12.vc.R 
Integer vector compression time: 1.2446
==== OLE
Command: /home/louza/mm-repair/ole/encode.x /mnt/data/datasets/machine-learning-matrices-split/airline78.csv.32.12.vc.C 
OLE time: 1.5078
==== Ans-fold compression
Command: /home/louza/mm-repair/ans/encode.x /mnt/data/datasets/machine-learning-matrices-split/airline78.csv.32.12.vc.C 
Ans-fold time: 15.9703
==== Integer vector .C compression
Command: /home/louza/mm-repair/sdsl/encode.x /mnt/data/datasets/machine-learning-matrices-split/airline78.csv.32.13.vc.C 
==== Integer vector .R compression
Command: /home/louza/mm-repair/sdsl/encode.x /mnt/data/datasets/machine-learning-matrices-split/airline78.csv.32.13.vc.R 
Integer vector compression time: 1.7297
==== OLE
Command: /home/louza/mm-repair/ole/encode.x /mnt/data/datasets/machine-learning-matrices-split/airline78.csv.32.13.vc.C 
OLE time: 2.2320
==== Ans-fold compression
Command: /home/louza/mm-repair/ans/encode.x /mnt/data/datasets/machine-learning-matrices-split/airline78.csv.32.13.vc.C 
Ans-fold time: 16.9643
==== Integer vector .C compression
Command: /home/louza/mm-repair/sdsl/encode.x /mnt/data/datasets/machine-learning-matrices-split/airline78.csv.32.14.vc.C 
==== Integer vector .R compression
Command: /home/louza/mm-repair/sdsl/encode.x /mnt/data/datasets/machine-learning-matrices-split/airline78.csv.32.14.vc.R 
Integer vector compression time: 1.0420
==== OLE
Command: /home/louza/mm-repair/ole/encode.x /mnt/data/datasets/machine-learning-matrices-split/airline78.csv.32.14.vc.C 
OLE time: 1.1976
==== Ans-fold compression
Command: /home/louza/mm-repair/ans/encode.x /mnt/data/datasets/machine-learning-matrices-split/airline78.csv.32.14.vc.C 
Ans-fold time: 17.6222
==== Integer vector .C compression
Command: /home/louza/mm-repair/sdsl/encode.x /mnt/data/datasets/machine-learning-matrices-split/airline78.csv.32.15.vc.C 
==== Integer vector .R compression
Command: /home/louza/mm-repair/sdsl/encode.x /mnt/data/datasets/machine-learning-matrices-split/airline78.csv.32.15.vc.R 
Integer vector compression time: 1.8562
==== OLE
Command: /home/louza/mm-repair/ole/encode.x /mnt/data/datasets/machine-learning-matrices-split/airline78.csv.32.15.vc.C 
OLE time: 1.8897
==== Ans-fold compression
Command: /home/louza/mm-repair/ans/encode.x /mnt/data/datasets/machine-learning-matrices-split/airline78.csv.32.15.vc.C 
Ans-fold time: 18.8530
==== Integer vector .C compression
Command: /home/louza/mm-repair/sdsl/encode.x /mnt/data/datasets/machine-learning-matrices-split/airline78.csv.32.16.vc.C 
==== Integer vector .R compression
Command: /home/louza/mm-repair/sdsl/encode.x /mnt/data/datasets/machine-learning-matrices-split/airline78.csv.32.16.vc.R 
Integer vector compression time: 2.1145
==== OLE
Command: /home/louza/mm-repair/ole/encode.x /mnt/data/datasets/machine-learning-matrices-split/airline78.csv.32.16.vc.C 
OLE time: 2.0550
==== Ans-fold compression
Command: /home/louza/mm-repair/ans/encode.x /mnt/data/datasets/machine-learning-matrices-split/airline78.csv.32.16.vc.C 
Ans-fold time: 20.4319
==== Integer vector .C compression
Command: /home/louza/mm-repair/sdsl/encode.x /mnt/data/datasets/machine-learning-matrices-split/airline78.csv.32.17.vc.C 
==== Integer vector .R compression
Command: /home/louza/mm-repair/sdsl/encode.x /mnt/data/datasets/machine-learning-matrices-split/airline78.csv.32.17.vc.R 
Integer vector compression time: 1.9390
==== OLE
Command: /home/louza/mm-repair/ole/encode.x /mnt/data/datasets/machine-learning-matrices-split/airline78.csv.32.17.vc.C 
OLE time: 1.8115
==== Ans-fold compression
Command: /home/louza/mm-repair/ans/encode.x /mnt/data/datasets/machine-learning-matrices-split/airline78.csv.32.17.vc.C 
Ans-fold time: 21.2963
==== Integer vector .C compression
Command: /home/louza/mm-repair/sdsl/encode.x /mnt/data/datasets/machine-learning-matrices-split/airline78.csv.32.18.vc.C 
==== Integer vector .R compression
Command: /home/louza/mm-repair/sdsl/encode.x /mnt/data/datasets/machine-learning-matrices-split/airline78.csv.32.18.vc.R 
Integer vector compression time: 1.2898
==== OLE
Command: /home/louza/mm-repair/ole/encode.x /mnt/data/datasets/machine-learning-matrices-split/airline78.csv.32.18.vc.C 
OLE time: 0.6863
==== Ans-fold compression
Command: /home/louza/mm-repair/ans/encode.x /mnt/data/datasets/machine-learning-matrices-split/airline78.csv.32.18.vc.C 
Ans-fold time: 22.8624
==== Integer vector .C compression
Command: /home/louza/mm-repair/sdsl/encode.x /mnt/data/datasets/machine-learning-matrices-split/airline78.csv.32.19.vc.C 
==== Integer vector .R compression
Command: /home/louza/mm-repair/sdsl/encode.x /mnt/data/datasets/machine-learning-matrices-split/airline78.csv.32.19.vc.R 
Integer vector compression time: 1.2119
==== OLE
Command: /home/louza/mm-repair/ole/encode.x /mnt/data/datasets/machine-learning-matrices-split/airline78.csv.32.19.vc.C 
OLE time: 1.1016
==== Ans-fold compression
Command: /home/louza/mm-repair/ans/encode.x /mnt/data/datasets/machine-learning-matrices-split/airline78.csv.32.19.vc.C 
Ans-fold time: 23.9391
==== Integer vector .C compression
Command: /home/louza/mm-repair/sdsl/encode.x /mnt/data/datasets/machine-learning-matrices-split/airline78.csv.32.20.vc.C 
==== Integer vector .R compression
Command: /home/louza/mm-repair/sdsl/encode.x /mnt/data/datasets/machine-learning-matrices-split/airline78.csv.32.20.vc.R 
Integer vector compression time: 0.8484
==== OLE
Command: /home/louza/mm-repair/ole/encode.x /mnt/data/datasets/machine-learning-matrices-split/airline78.csv.32.20.vc.C 
OLE time: 0.9241
==== Ans-fold compression
Command: /home/louza/mm-repair/ans/encode.x /mnt/data/datasets/machine-learning-matrices-split/airline78.csv.32.20.vc.C 
Ans-fold time: 25.0368
==== Integer vector .C compression
Command: /home/louza/mm-repair/sdsl/encode.x /mnt/data/datasets/machine-learning-matrices-split/airline78.csv.32.21.vc.C 
==== Integer vector .R compression
Command: /home/louza/mm-repair/sdsl/encode.x /mnt/data/datasets/machine-learning-matrices-split/airline78.csv.32.21.vc.R 
Integer vector compression time: 2.0301
==== OLE
Command: /home/louza/mm-repair/ole/encode.x /mnt/data/datasets/machine-learning-matrices-split/airline78.csv.32.21.vc.C 
OLE time: 0.8174
==== Ans-fold compression
Command: /home/louza/mm-repair/ans/encode.x /mnt/data/datasets/machine-learning-matrices-split/airline78.csv.32.21.vc.C 
Ans-fold time: 26.6608
==== Integer vector .C compression
Command: /home/louza/mm-repair/sdsl/encode.x /mnt/data/datasets/machine-learning-matrices-split/airline78.csv.32.22.vc.C 
==== Integer vector .R compression
Command: /home/louza/mm-repair/sdsl/encode.x /mnt/data/datasets/machine-learning-matrices-split/airline78.csv.32.22.vc.R 
Integer vector compression time: 1.3457
==== OLE
Command: /home/louza/mm-repair/ole/encode.x /mnt/data/datasets/machine-learning-matrices-split/airline78.csv.32.22.vc.C 
OLE time: 2.6640
==== Ans-fold compression
Command: /home/louza/mm-repair/ans/encode.x /mnt/data/datasets/machine-learning-matrices-split/airline78.csv.32.22.vc.C 
Ans-fold time: 27.9401
==== Integer vector .C compression
Command: /home/louza/mm-repair/sdsl/encode.x /mnt/data/datasets/machine-learning-matrices-split/airline78.csv.32.23.vc.C 
==== Integer vector .R compression
Command: /home/louza/mm-repair/sdsl/encode.x /mnt/data/datasets/machine-learning-matrices-split/airline78.csv.32.23.vc.R 
Integer vector compression time: 1.4036
==== OLE
Command: /home/louza/mm-repair/ole/encode.x /mnt/data/datasets/machine-learning-matrices-split/airline78.csv.32.23.vc.C 
OLE time: 1.2705
==== Ans-fold compression
Command: /home/louza/mm-repair/ans/encode.x /mnt/data/datasets/machine-learning-matrices-split/airline78.csv.32.23.vc.C 
Ans-fold time: 28.6450
==== Integer vector .C compression
Command: /home/louza/mm-repair/sdsl/encode.x /mnt/data/datasets/machine-learning-matrices-split/airline78.csv.32.24.vc.C 
==== Integer vector .R compression
Command: /home/louza/mm-repair/sdsl/encode.x /mnt/data/datasets/machine-learning-matrices-split/airline78.csv.32.24.vc.R 
Integer vector compression time: 1.6762
==== OLE
Command: /home/louza/mm-repair/ole/encode.x /mnt/data/datasets/machine-learning-matrices-split/airline78.csv.32.24.vc.C 
OLE time: 1.1739
==== Ans-fold compression
Command: /home/louza/mm-repair/ans/encode.x /mnt/data/datasets/machine-learning-matrices-split/airline78.csv.32.24.vc.C 
Ans-fold time: 29.4427
==== Integer vector .C compression
Command: /home/louza/mm-repair/sdsl/encode.x /mnt/data/datasets/machine-learning-matrices-split/airline78.csv.32.25.vc.C 
==== Integer vector .R compression
Command: /home/louza/mm-repair/sdsl/encode.x /mnt/data/datasets/machine-learning-matrices-split/airline78.csv.32.25.vc.R 
Integer vector compression time: 1.0317
==== OLE
Command: /home/louza/mm-repair/ole/encode.x /mnt/data/datasets/machine-learning-matrices-split/airline78.csv.32.25.vc.C 
OLE time: 0.6146
==== Ans-fold compression
Command: /home/louza/mm-repair/ans/encode.x /mnt/data/datasets/machine-learning-matrices-split/airline78.csv.32.25.vc.C 
Ans-fold time: 29.9986
==== Integer vector .C compression
Command: /home/louza/mm-repair/sdsl/encode.x /mnt/data/datasets/machine-learning-matrices-split/airline78.csv.32.26.vc.C 
==== Integer vector .R compression
Command: /home/louza/mm-repair/sdsl/encode.x /mnt/data/datasets/machine-learning-matrices-split/airline78.csv.32.26.vc.R 
Integer vector compression time: 1.5973
==== OLE
Command: /home/louza/mm-repair/ole/encode.x /mnt/data/datasets/machine-learning-matrices-split/airline78.csv.32.26.vc.C 
OLE time: 1.9097
==== Ans-fold compression
Command: /home/louza/mm-repair/ans/encode.x /mnt/data/datasets/machine-learning-matrices-split/airline78.csv.32.26.vc.C 
Ans-fold time: 30.9480
==== Integer vector .C compression
Command: /home/louza/mm-repair/sdsl/encode.x /mnt/data/datasets/machine-learning-matrices-split/airline78.csv.32.27.vc.C 
==== Integer vector .R compression
Command: /home/louza/mm-repair/sdsl/encode.x /mnt/data/datasets/machine-learning-matrices-split/airline78.csv.32.27.vc.R 
Integer vector compression time: 1.6848
==== OLE
Command: /home/louza/mm-repair/ole/encode.x /mnt/data/datasets/machine-learning-matrices-split/airline78.csv.32.27.vc.C 
OLE time: 2.2082
==== Ans-fold compression
Command: /home/louza/mm-repair/ans/encode.x /mnt/data/datasets/machine-learning-matrices-split/airline78.csv.32.27.vc.C 
Ans-fold time: 32.0745
==== Integer vector .C compression
Command: /home/louza/mm-repair/sdsl/encode.x /mnt/data/datasets/machine-learning-matrices-split/airline78.csv.32.28.vc.C 
==== Integer vector .R compression
Command: /home/louza/mm-repair/sdsl/encode.x /mnt/data/datasets/machine-learning-matrices-split/airline78.csv.32.28.vc.R 
Integer vector compression time: 1.5051
==== OLE
Command: /home/louza/mm-repair/ole/encode.x /mnt/data/datasets/machine-learning-matrices-split/airline78.csv.32.28.vc.C 
OLE time: 2.0544
==== Ans-fold compression
Command: /home/louza/mm-repair/ans/encode.x /mnt/data/datasets/machine-learning-matrices-split/airline78.csv.32.28.vc.C 
Ans-fold time: 33.4548
==== Integer vector .C compression
Command: /home/louza/mm-repair/sdsl/encode.x /mnt/data/datasets/machine-learning-matrices-split/airline78.csv.32.29.vc.C 
==== Integer vector .R compression
Command: /home/louza/mm-repair/sdsl/encode.x /mnt/data/datasets/machine-learning-matrices-split/airline78.csv.32.29.vc.R 
Integer vector compression time: 1.4186
==== OLE
Command: /home/louza/mm-repair/ole/encode.x /mnt/data/datasets/machine-learning-matrices-split/airline78.csv.32.29.vc.C 
OLE time: 1.8702
==== Ans-fold compression
Command: /home/louza/mm-repair/ans/encode.x /mnt/data/datasets/machine-learning-matrices-split/airline78.csv.32.29.vc.C 
Ans-fold time: 34.5237
==== Integer vector .C compression
Command: /home/louza/mm-repair/sdsl/encode.x /mnt/data/datasets/machine-learning-matrices-split/airline78.csv.32.30.vc.C 
==== Integer vector .R compression
Command: /home/louza/mm-repair/sdsl/encode.x /mnt/data/datasets/machine-learning-matrices-split/airline78.csv.32.30.vc.R 
Integer vector compression time: 1.3504
==== OLE
Command: /home/louza/mm-repair/ole/encode.x /mnt/data/datasets/machine-learning-matrices-split/airline78.csv.32.30.vc.C 
OLE time: 1.0957
==== Ans-fold compression
Command: /home/louza/mm-repair/ans/encode.x /mnt/data/datasets/machine-learning-matrices-split/airline78.csv.32.30.vc.C 
Ans-fold time: 35.5437
==== Integer vector .C compression
Command: /home/louza/mm-repair/sdsl/encode.x /mnt/data/datasets/machine-learning-matrices-split/airline78.csv.32.31.vc.C 
==== Integer vector .R compression
Command: /home/louza/mm-repair/sdsl/encode.x /mnt/data/datasets/machine-learning-matrices-split/airline78.csv.32.31.vc.R 
Integer vector compression time: 5.7103
==== OLE
Command: /home/louza/mm-repair/ole/encode.x /mnt/data/datasets/machine-learning-matrices-split/airline78.csv.32.31.vc.C 
OLE time: 2.7577
==== Ans-fold compression
Command: /home/louza/mm-repair/ans/encode.x /mnt/data/datasets/machine-learning-matrices-split/airline78.csv.32.31.vc.C 
Ans-fold time: 36.0723
Command: /home/louza/mm-repair/ans/encode.x /mnt/data/datasets/machine-learning-matrices-split/airline78.csv.wcode 
Elapsed time: 367.9990
==== Compression Report:
 >> matrix name: /mnt/data/datasets/machine-learning-matrices-split/airline78.csv
 >> conversion time: 194.96
 >> repair time: 23.13
 >> integer vectors time: 5.71
 >> ansf time: 36.07
 >> total time: 368.00
 >> wcode: 119868 bytes
 >> wcode_ans: 9474 bytes
 >> matrix log(alpha)xNumEntries size: 681566188 bytes
 >> matrix dense size: 3355402776 bytes
 >> total number of nonzero: 304762947 (72.66%)
 >> number of distinct nonzero: 7794
 >> CRSV  size: 1276965912 bytes  (38.06%)
 >> RE32  size: 623729164 bytes  (18.59%)
 >> REIV  size: 380178372 bytes  (11.33%)
 >> REANS size: 313964385 bytes  (9.36%)
==== Done

#### 2026-09-07 11:28:00
 Command line: ./mm-repair/matrepair -r -b 32 -p 32 /mnt/data/datasets/machine-learning-matrices-split/airline78.csv 14462943 29 --ole --split 
Setting memory for each repair instance to 14501 MBs
Sending logging messages to file: /mnt/data/datasets/machine-learning-matrices-split/airline78.csv.log
==== Conversion bin/csv->csrv
Command: /home/louza/mm-repair/csvmat2csrv -b 32   /mnt/data/datasets/machine-learning-matrices-split/airline78.csv -r 0  -s 14462943 29
Conversion time: 572.6346
==== Repair paralell compression
---- Executing 32 parallel processes
---- Parallel processing completed
Repair time: 26.4670
==== Integer vector .C compression
Command: /home/louza/mm-repair/sdsl/encode.x /mnt/data/datasets/machine-learning-matrices-split/airline78.csv.32.0.A.vc.C 
==== Integer vector .R compression
Command: /home/louza/mm-repair/sdsl/encode.x /mnt/data/datasets/machine-learning-matrices-split/airline78.csv.32.0.A.vc.R 
Integer vector compression time: 0.9001
==== OLE
Command: /home/louza/mm-repair/ole/encode.x /mnt/data/datasets/machine-learning-matrices-split/airline78.csv.32.0.A.vc.C 
Command: /home/louza/mm-repair/ole/encode.x /mnt/data/datasets/machine-learning-matrices-split/airline78.csv.32.0.B.vc 
OLE time: 0.1544
==== Ans-fold compression
Command: /home/louza/mm-repair/ans/encode.x /mnt/data/datasets/machine-learning-matrices-split/airline78.csv.32.0.A.vc.C 
Command: /home/louza/mm-repair/ans/encode.x /mnt/data/datasets/machine-learning-matrices-split/airline78.csv.32.0.B.vc
Ans-fold time: 0.4377
==== Integer vector .C compression
Command: /home/louza/mm-repair/sdsl/encode.x /mnt/data/datasets/machine-learning-matrices-split/airline78.csv.32.1.A.vc.C 
==== Integer vector .R compression
Command: /home/louza/mm-repair/sdsl/encode.x /mnt/data/datasets/machine-learning-matrices-split/airline78.csv.32.1.A.vc.R 
Integer vector compression time: 1.1904
==== OLE
Command: /home/louza/mm-repair/ole/encode.x /mnt/data/datasets/machine-learning-matrices-split/airline78.csv.32.1.A.vc.C 
Command: /home/louza/mm-repair/ole/encode.x /mnt/data/datasets/machine-learning-matrices-split/airline78.csv.32.1.B.vc 
OLE time: 0.3082
==== Ans-fold compression
Command: /home/louza/mm-repair/ans/encode.x /mnt/data/datasets/machine-learning-matrices-split/airline78.csv.32.1.A.vc.C 
Command: /home/louza/mm-repair/ans/encode.x /mnt/data/datasets/machine-learning-matrices-split/airline78.csv.32.1.B.vc
Ans-fold time: 1.5787
==== Integer vector .C compression
Command: /home/louza/mm-repair/sdsl/encode.x /mnt/data/datasets/machine-learning-matrices-split/airline78.csv.32.2.A.vc.C 
==== Integer vector .R compression
Command: /home/louza/mm-repair/sdsl/encode.x /mnt/data/datasets/machine-learning-matrices-split/airline78.csv.32.2.A.vc.R 
Integer vector compression time: 2.6847
==== OLE
Command: /home/louza/mm-repair/ole/encode.x /mnt/data/datasets/machine-learning-matrices-split/airline78.csv.32.2.A.vc.C 
Command: /home/louza/mm-repair/ole/encode.x /mnt/data/datasets/machine-learning-matrices-split/airline78.csv.32.2.B.vc 
OLE time: 0.4911
==== Ans-fold compression
Command: /home/louza/mm-repair/ans/encode.x /mnt/data/datasets/machine-learning-matrices-split/airline78.csv.32.2.A.vc.C 
Command: /home/louza/mm-repair/ans/encode.x /mnt/data/datasets/machine-learning-matrices-split/airline78.csv.32.2.B.vc
Ans-fold time: 2.7183
==== Integer vector .C compression
Command: /home/louza/mm-repair/sdsl/encode.x /mnt/data/datasets/machine-learning-matrices-split/airline78.csv.32.3.A.vc.C 
==== Integer vector .R compression
Command: /home/louza/mm-repair/sdsl/encode.x /mnt/data/datasets/machine-learning-matrices-split/airline78.csv.32.3.A.vc.R 
Integer vector compression time: 0.9944
==== OLE
Command: /home/louza/mm-repair/ole/encode.x /mnt/data/datasets/machine-learning-matrices-split/airline78.csv.32.3.A.vc.C 
Command: /home/louza/mm-repair/ole/encode.x /mnt/data/datasets/machine-learning-matrices-split/airline78.csv.32.3.B.vc 
OLE time: 0.2574
==== Ans-fold compression
Command: /home/louza/mm-repair/ans/encode.x /mnt/data/datasets/machine-learning-matrices-split/airline78.csv.32.3.A.vc.C 
Command: /home/louza/mm-repair/ans/encode.x /mnt/data/datasets/machine-learning-matrices-split/airline78.csv.32.3.B.vc
Ans-fold time: 3.7151
==== Integer vector .C compression
Command: /home/louza/mm-repair/sdsl/encode.x /mnt/data/datasets/machine-learning-matrices-split/airline78.csv.32.4.A.vc.C 
==== Integer vector .R compression
Command: /home/louza/mm-repair/sdsl/encode.x /mnt/data/datasets/machine-learning-matrices-split/airline78.csv.32.4.A.vc.R 
Integer vector compression time: 1.1636
==== OLE
Command: /home/louza/mm-repair/ole/encode.x /mnt/data/datasets/machine-learning-matrices-split/airline78.csv.32.4.A.vc.C 
Command: /home/louza/mm-repair/ole/encode.x /mnt/data/datasets/machine-learning-matrices-split/airline78.csv.32.4.B.vc 
OLE time: 0.3687
==== Ans-fold compression
Command: /home/louza/mm-repair/ans/encode.x /mnt/data/datasets/machine-learning-matrices-split/airline78.csv.32.4.A.vc.C 
Command: /home/louza/mm-repair/ans/encode.x /mnt/data/datasets/machine-learning-matrices-split/airline78.csv.32.4.B.vc
Ans-fold time: 5.1700
==== Integer vector .C compression
Command: /home/louza/mm-repair/sdsl/encode.x /mnt/data/datasets/machine-learning-matrices-split/airline78.csv.32.5.A.vc.C 
==== Integer vector .R compression
Command: /home/louza/mm-repair/sdsl/encode.x /mnt/data/datasets/machine-learning-matrices-split/airline78.csv.32.5.A.vc.R 
Integer vector compression time: 0.9321
==== OLE
Command: /home/louza/mm-repair/ole/encode.x /mnt/data/datasets/machine-learning-matrices-split/airline78.csv.32.5.A.vc.C 
Command: /home/louza/mm-repair/ole/encode.x /mnt/data/datasets/machine-learning-matrices-split/airline78.csv.32.5.B.vc 
OLE time: 0.4862
==== Ans-fold compression
Command: /home/louza/mm-repair/ans/encode.x /mnt/data/datasets/machine-learning-matrices-split/airline78.csv.32.5.A.vc.C 
Command: /home/louza/mm-repair/ans/encode.x /mnt/data/datasets/machine-learning-matrices-split/airline78.csv.32.5.B.vc
Ans-fold time: 6.4180
==== Integer vector .C compression
Command: /home/louza/mm-repair/sdsl/encode.x /mnt/data/datasets/machine-learning-matrices-split/airline78.csv.32.6.A.vc.C 
==== Integer vector .R compression
Command: /home/louza/mm-repair/sdsl/encode.x /mnt/data/datasets/machine-learning-matrices-split/airline78.csv.32.6.A.vc.R 
Integer vector compression time: 1.3672
==== OLE
Command: /home/louza/mm-repair/ole/encode.x /mnt/data/datasets/machine-learning-matrices-split/airline78.csv.32.6.A.vc.C 
Command: /home/louza/mm-repair/ole/encode.x /mnt/data/datasets/machine-learning-matrices-split/airline78.csv.32.6.B.vc 
OLE time: 0.4979
==== Ans-fold compression
Command: /home/louza/mm-repair/ans/encode.x /mnt/data/datasets/machine-learning-matrices-split/airline78.csv.32.6.A.vc.C 
Command: /home/louza/mm-repair/ans/encode.x /mnt/data/datasets/machine-learning-matrices-split/airline78.csv.32.6.B.vc
Ans-fold time: 7.1903
==== Integer vector .C compression
Command: /home/louza/mm-repair/sdsl/encode.x /mnt/data/datasets/machine-learning-matrices-split/airline78.csv.32.7.A.vc.C 
==== Integer vector .R compression
Command: /home/louza/mm-repair/sdsl/encode.x /mnt/data/datasets/machine-learning-matrices-split/airline78.csv.32.7.A.vc.R 
Integer vector compression time: 2.1354
==== OLE
Command: /home/louza/mm-repair/ole/encode.x /mnt/data/datasets/machine-learning-matrices-split/airline78.csv.32.7.A.vc.C 
Command: /home/louza/mm-repair/ole/encode.x /mnt/data/datasets/machine-learning-matrices-split/airline78.csv.32.7.B.vc 
OLE time: 0.6333
==== Ans-fold compression
Command: /home/louza/mm-repair/ans/encode.x /mnt/data/datasets/machine-learning-matrices-split/airline78.csv.32.7.A.vc.C 
Command: /home/louza/mm-repair/ans/encode.x /mnt/data/datasets/machine-learning-matrices-split/airline78.csv.32.7.B.vc
Ans-fold time: 8.7128
==== Integer vector .C compression
Command: /home/louza/mm-repair/sdsl/encode.x /mnt/data/datasets/machine-learning-matrices-split/airline78.csv.32.8.A.vc.C 
==== Integer vector .R compression
Command: /home/louza/mm-repair/sdsl/encode.x /mnt/data/datasets/machine-learning-matrices-split/airline78.csv.32.8.A.vc.R 
Integer vector compression time: 1.6661
==== OLE
Command: /home/louza/mm-repair/ole/encode.x /mnt/data/datasets/machine-learning-matrices-split/airline78.csv.32.8.A.vc.C 
Command: /home/louza/mm-repair/ole/encode.x /mnt/data/datasets/machine-learning-matrices-split/airline78.csv.32.8.B.vc 
OLE time: 0.1354
==== Ans-fold compression
Command: /home/louza/mm-repair/ans/encode.x /mnt/data/datasets/machine-learning-matrices-split/airline78.csv.32.8.A.vc.C 
Command: /home/louza/mm-repair/ans/encode.x /mnt/data/datasets/machine-learning-matrices-split/airline78.csv.32.8.B.vc
Ans-fold time: 9.8691
==== Integer vector .C compression
Command: /home/louza/mm-repair/sdsl/encode.x /mnt/data/datasets/machine-learning-matrices-split/airline78.csv.32.9.A.vc.C 
==== Integer vector .R compression
Command: /home/louza/mm-repair/sdsl/encode.x /mnt/data/datasets/machine-learning-matrices-split/airline78.csv.32.9.A.vc.R 
Integer vector compression time: 1.0850
==== OLE
Command: /home/louza/mm-repair/ole/encode.x /mnt/data/datasets/machine-learning-matrices-split/airline78.csv.32.9.A.vc.C 
Command: /home/louza/mm-repair/ole/encode.x /mnt/data/datasets/machine-learning-matrices-split/airline78.csv.32.9.B.vc 
OLE time: 0.3670
==== Ans-fold compression
Command: /home/louza/mm-repair/ans/encode.x /mnt/data/datasets/machine-learning-matrices-split/airline78.csv.32.9.A.vc.C 
Command: /home/louza/mm-repair/ans/encode.x /mnt/data/datasets/machine-learning-matrices-split/airline78.csv.32.9.B.vc
Ans-fold time: 10.8410
==== Integer vector .C compression
Command: /home/louza/mm-repair/sdsl/encode.x /mnt/data/datasets/machine-learning-matrices-split/airline78.csv.32.10.A.vc.C 
==== Integer vector .R compression
Command: /home/louza/mm-repair/sdsl/encode.x /mnt/data/datasets/machine-learning-matrices-split/airline78.csv.32.10.A.vc.R 
Integer vector compression time: 0.5369
==== OLE
Command: /home/louza/mm-repair/ole/encode.x /mnt/data/datasets/machine-learning-matrices-split/airline78.csv.32.10.A.vc.C 
Command: /home/louza/mm-repair/ole/encode.x /mnt/data/datasets/machine-learning-matrices-split/airline78.csv.32.10.B.vc 
OLE time: 0.1502
==== Ans-fold compression
Command: /home/louza/mm-repair/ans/encode.x /mnt/data/datasets/machine-learning-matrices-split/airline78.csv.32.10.A.vc.C 
Command: /home/louza/mm-repair/ans/encode.x /mnt/data/datasets/machine-learning-matrices-split/airline78.csv.32.10.B.vc
Ans-fold time: 11.8854
==== Integer vector .C compression
Command: /home/louza/mm-repair/sdsl/encode.x /mnt/data/datasets/machine-learning-matrices-split/airline78.csv.32.11.A.vc.C 
==== Integer vector .R compression
Command: /home/louza/mm-repair/sdsl/encode.x /mnt/data/datasets/machine-learning-matrices-split/airline78.csv.32.11.A.vc.R 
Integer vector compression time: 1.1610
==== OLE
Command: /home/louza/mm-repair/ole/encode.x /mnt/data/datasets/machine-learning-matrices-split/airline78.csv.32.11.A.vc.C 
Command: /home/louza/mm-repair/ole/encode.x /mnt/data/datasets/machine-learning-matrices-split/airline78.csv.32.11.B.vc 
OLE time: 0.0854
==== Ans-fold compression
Command: /home/louza/mm-repair/ans/encode.x /mnt/data/datasets/machine-learning-matrices-split/airline78.csv.32.11.A.vc.C 
Command: /home/louza/mm-repair/ans/encode.x /mnt/data/datasets/machine-learning-matrices-split/airline78.csv.32.11.B.vc
Ans-fold time: 12.7896
==== Integer vector .C compression
Command: /home/louza/mm-repair/sdsl/encode.x /mnt/data/datasets/machine-learning-matrices-split/airline78.csv.32.12.A.vc.C 
==== Integer vector .R compression
Command: /home/louza/mm-repair/sdsl/encode.x /mnt/data/datasets/machine-learning-matrices-split/airline78.csv.32.12.A.vc.R 
Integer vector compression time: 1.0642
==== OLE
Command: /home/louza/mm-repair/ole/encode.x /mnt/data/datasets/machine-learning-matrices-split/airline78.csv.32.12.A.vc.C 
Command: /home/louza/mm-repair/ole/encode.x /mnt/data/datasets/machine-learning-matrices-split/airline78.csv.32.12.B.vc 
OLE time: 0.1432
==== Ans-fold compression
Command: /home/louza/mm-repair/ans/encode.x /mnt/data/datasets/machine-learning-matrices-split/airline78.csv.32.12.A.vc.C 
Command: /home/louza/mm-repair/ans/encode.x /mnt/data/datasets/machine-learning-matrices-split/airline78.csv.32.12.B.vc
Ans-fold time: 14.3941
==== Integer vector .C compression
Command: /home/louza/mm-repair/sdsl/encode.x /mnt/data/datasets/machine-learning-matrices-split/airline78.csv.32.13.A.vc.C 
==== Integer vector .R compression
Command: /home/louza/mm-repair/sdsl/encode.x /mnt/data/datasets/machine-learning-matrices-split/airline78.csv.32.13.A.vc.R 
Integer vector compression time: 1.0940
==== OLE
Command: /home/louza/mm-repair/ole/encode.x /mnt/data/datasets/machine-learning-matrices-split/airline78.csv.32.13.A.vc.C 
Command: /home/louza/mm-repair/ole/encode.x /mnt/data/datasets/machine-learning-matrices-split/airline78.csv.32.13.B.vc 
OLE time: 0.3286
==== Ans-fold compression
Command: /home/louza/mm-repair/ans/encode.x /mnt/data/datasets/machine-learning-matrices-split/airline78.csv.32.13.A.vc.C 
Command: /home/louza/mm-repair/ans/encode.x /mnt/data/datasets/machine-learning-matrices-split/airline78.csv.32.13.B.vc
Ans-fold time: 16.0236
==== Integer vector .C compression
Command: /home/louza/mm-repair/sdsl/encode.x /mnt/data/datasets/machine-learning-matrices-split/airline78.csv.32.14.A.vc.C 
==== Integer vector .R compression
Command: /home/louza/mm-repair/sdsl/encode.x /mnt/data/datasets/machine-learning-matrices-split/airline78.csv.32.14.A.vc.R 
Integer vector compression time: 2.1399
==== OLE
Command: /home/louza/mm-repair/ole/encode.x /mnt/data/datasets/machine-learning-matrices-split/airline78.csv.32.14.A.vc.C 
Command: /home/louza/mm-repair/ole/encode.x /mnt/data/datasets/machine-learning-matrices-split/airline78.csv.32.14.B.vc 
OLE time: 0.1923
==== Ans-fold compression
Command: /home/louza/mm-repair/ans/encode.x /mnt/data/datasets/machine-learning-matrices-split/airline78.csv.32.14.A.vc.C 
Command: /home/louza/mm-repair/ans/encode.x /mnt/data/datasets/machine-learning-matrices-split/airline78.csv.32.14.B.vc
Ans-fold time: 17.5600
==== Integer vector .C compression
Command: /home/louza/mm-repair/sdsl/encode.x /mnt/data/datasets/machine-learning-matrices-split/airline78.csv.32.15.A.vc.C 
==== Integer vector .R compression
Command: /home/louza/mm-repair/sdsl/encode.x /mnt/data/datasets/machine-learning-matrices-split/airline78.csv.32.15.A.vc.R 
Integer vector compression time: 2.4929
==== OLE
Command: /home/louza/mm-repair/ole/encode.x /mnt/data/datasets/machine-learning-matrices-split/airline78.csv.32.15.A.vc.C 
Command: /home/louza/mm-repair/ole/encode.x /mnt/data/datasets/machine-learning-matrices-split/airline78.csv.32.15.B.vc 
OLE time: 0.3113
==== Ans-fold compression
Command: /home/louza/mm-repair/ans/encode.x /mnt/data/datasets/machine-learning-matrices-split/airline78.csv.32.15.A.vc.C 
Command: /home/louza/mm-repair/ans/encode.x /mnt/data/datasets/machine-learning-matrices-split/airline78.csv.32.15.B.vc
Ans-fold time: 18.2063
==== Integer vector .C compression
Command: /home/louza/mm-repair/sdsl/encode.x /mnt/data/datasets/machine-learning-matrices-split/airline78.csv.32.16.A.vc.C 
==== Integer vector .R compression
Command: /home/louza/mm-repair/sdsl/encode.x /mnt/data/datasets/machine-learning-matrices-split/airline78.csv.32.16.A.vc.R 
Integer vector compression time: 0.8205
==== OLE
Command: /home/louza/mm-repair/ole/encode.x /mnt/data/datasets/machine-learning-matrices-split/airline78.csv.32.16.A.vc.C 
Command: /home/louza/mm-repair/ole/encode.x /mnt/data/datasets/machine-learning-matrices-split/airline78.csv.32.16.B.vc 
OLE time: 0.4961
==== Ans-fold compression
Command: /home/louza/mm-repair/ans/encode.x /mnt/data/datasets/machine-learning-matrices-split/airline78.csv.32.16.A.vc.C 
Command: /home/louza/mm-repair/ans/encode.x /mnt/data/datasets/machine-learning-matrices-split/airline78.csv.32.16.B.vc
Ans-fold time: 19.1958
==== Integer vector .C compression
Command: /home/louza/mm-repair/sdsl/encode.x /mnt/data/datasets/machine-learning-matrices-split/airline78.csv.32.17.A.vc.C 
==== Integer vector .R compression
Command: /home/louza/mm-repair/sdsl/encode.x /mnt/data/datasets/machine-learning-matrices-split/airline78.csv.32.17.A.vc.R 
Integer vector compression time: 1.4524
==== OLE
Command: /home/louza/mm-repair/ole/encode.x /mnt/data/datasets/machine-learning-matrices-split/airline78.csv.32.17.A.vc.C 
Command: /home/louza/mm-repair/ole/encode.x /mnt/data/datasets/machine-learning-matrices-split/airline78.csv.32.17.B.vc 
OLE time: 0.3615
==== Ans-fold compression
Command: /home/louza/mm-repair/ans/encode.x /mnt/data/datasets/machine-learning-matrices-split/airline78.csv.32.17.A.vc.C 
Command: /home/louza/mm-repair/ans/encode.x /mnt/data/datasets/machine-learning-matrices-split/airline78.csv.32.17.B.vc
Ans-fold time: 20.3063
==== Integer vector .C compression
Command: /home/louza/mm-repair/sdsl/encode.x /mnt/data/datasets/machine-learning-matrices-split/airline78.csv.32.18.A.vc.C 
==== Integer vector .R compression
Command: /home/louza/mm-repair/sdsl/encode.x /mnt/data/datasets/machine-learning-matrices-split/airline78.csv.32.18.A.vc.R 
Integer vector compression time: 1.0313
==== OLE
Command: /home/louza/mm-repair/ole/encode.x /mnt/data/datasets/machine-learning-matrices-split/airline78.csv.32.18.A.vc.C 
Command: /home/louza/mm-repair/ole/encode.x /mnt/data/datasets/machine-learning-matrices-split/airline78.csv.32.18.B.vc 
OLE time: 0.2956
==== Ans-fold compression
Command: /home/louza/mm-repair/ans/encode.x /mnt/data/datasets/machine-learning-matrices-split/airline78.csv.32.18.A.vc.C 
Command: /home/louza/mm-repair/ans/encode.x /mnt/data/datasets/machine-learning-matrices-split/airline78.csv.32.18.B.vc
Ans-fold time: 21.2742
==== Integer vector .C compression
Command: /home/louza/mm-repair/sdsl/encode.x /mnt/data/datasets/machine-learning-matrices-split/airline78.csv.32.19.A.vc.C 
==== Integer vector .R compression
Command: /home/louza/mm-repair/sdsl/encode.x /mnt/data/datasets/machine-learning-matrices-split/airline78.csv.32.19.A.vc.R 
Integer vector compression time: 0.9486
==== OLE
Command: /home/louza/mm-repair/ole/encode.x /mnt/data/datasets/machine-learning-matrices-split/airline78.csv.32.19.A.vc.C 
Command: /home/louza/mm-repair/ole/encode.x /mnt/data/datasets/machine-learning-matrices-split/airline78.csv.32.19.B.vc 
OLE time: 0.2522
==== Ans-fold compression
Command: /home/louza/mm-repair/ans/encode.x /mnt/data/datasets/machine-learning-matrices-split/airline78.csv.32.19.A.vc.C 
Command: /home/louza/mm-repair/ans/encode.x /mnt/data/datasets/machine-learning-matrices-split/airline78.csv.32.19.B.vc
Ans-fold time: 22.6760
==== Integer vector .C compression
Command: /home/louza/mm-repair/sdsl/encode.x /mnt/data/datasets/machine-learning-matrices-split/airline78.csv.32.20.A.vc.C 
==== Integer vector .R compression
Command: /home/louza/mm-repair/sdsl/encode.x /mnt/data/datasets/machine-learning-matrices-split/airline78.csv.32.20.A.vc.R 
Integer vector compression time: 2.1308
==== OLE
Command: /home/louza/mm-repair/ole/encode.x /mnt/data/datasets/machine-learning-matrices-split/airline78.csv.32.20.A.vc.C 
Command: /home/louza/mm-repair/ole/encode.x /mnt/data/datasets/machine-learning-matrices-split/airline78.csv.32.20.B.vc 
OLE time: 0.1704
==== Ans-fold compression
Command: /home/louza/mm-repair/ans/encode.x /mnt/data/datasets/machine-learning-matrices-split/airline78.csv.32.20.A.vc.C 
Command: /home/louza/mm-repair/ans/encode.x /mnt/data/datasets/machine-learning-matrices-split/airline78.csv.32.20.B.vc
Ans-fold time: 23.8291
==== Integer vector .C compression
Command: /home/louza/mm-repair/sdsl/encode.x /mnt/data/datasets/machine-learning-matrices-split/airline78.csv.32.21.A.vc.C 
==== Integer vector .R compression
Command: /home/louza/mm-repair/sdsl/encode.x /mnt/data/datasets/machine-learning-matrices-split/airline78.csv.32.21.A.vc.R 
Integer vector compression time: 0.7535
==== OLE
Command: /home/louza/mm-repair/ole/encode.x /mnt/data/datasets/machine-learning-matrices-split/airline78.csv.32.21.A.vc.C 
Command: /home/louza/mm-repair/ole/encode.x /mnt/data/datasets/machine-learning-matrices-split/airline78.csv.32.21.B.vc 
OLE time: 0.1958
==== Ans-fold compression
Command: /home/louza/mm-repair/ans/encode.x /mnt/data/datasets/machine-learning-matrices-split/airline78.csv.32.21.A.vc.C 
Command: /home/louza/mm-repair/ans/encode.x /mnt/data/datasets/machine-learning-matrices-split/airline78.csv.32.21.B.vc
Ans-fold time: 24.6061
==== Integer vector .C compression
Command: /home/louza/mm-repair/sdsl/encode.x /mnt/data/datasets/machine-learning-matrices-split/airline78.csv.32.22.A.vc.C 
==== Integer vector .R compression
Command: /home/louza/mm-repair/sdsl/encode.x /mnt/data/datasets/machine-learning-matrices-split/airline78.csv.32.22.A.vc.R 
Integer vector compression time: 1.5047
==== OLE
Command: /home/louza/mm-repair/ole/encode.x /mnt/data/datasets/machine-learning-matrices-split/airline78.csv.32.22.A.vc.C 
Command: /home/louza/mm-repair/ole/encode.x /mnt/data/datasets/machine-learning-matrices-split/airline78.csv.32.22.B.vc 
OLE time: 0.2026
==== Ans-fold compression
Command: /home/louza/mm-repair/ans/encode.x /mnt/data/datasets/machine-learning-matrices-split/airline78.csv.32.22.A.vc.C 
Command: /home/louza/mm-repair/ans/encode.x /mnt/data/datasets/machine-learning-matrices-split/airline78.csv.32.22.B.vc
Ans-fold time: 25.9010
==== Integer vector .C compression
Command: /home/louza/mm-repair/sdsl/encode.x /mnt/data/datasets/machine-learning-matrices-split/airline78.csv.32.23.A.vc.C 
==== Integer vector .R compression
Command: /home/louza/mm-repair/sdsl/encode.x /mnt/data/datasets/machine-learning-matrices-split/airline78.csv.32.23.A.vc.R 
Integer vector compression time: 0.7908
==== OLE
Command: /home/louza/mm-repair/ole/encode.x /mnt/data/datasets/machine-learning-matrices-split/airline78.csv.32.23.A.vc.C 
Command: /home/louza/mm-repair/ole/encode.x /mnt/data/datasets/machine-learning-matrices-split/airline78.csv.32.23.B.vc 
OLE time: 0.4004
==== Ans-fold compression
Command: /home/louza/mm-repair/ans/encode.x /mnt/data/datasets/machine-learning-matrices-split/airline78.csv.32.23.A.vc.C 
Command: /home/louza/mm-repair/ans/encode.x /mnt/data/datasets/machine-learning-matrices-split/airline78.csv.32.23.B.vc
Ans-fold time: 26.4900
==== Integer vector .C compression
Command: /home/louza/mm-repair/sdsl/encode.x /mnt/data/datasets/machine-learning-matrices-split/airline78.csv.32.24.A.vc.C 
==== Integer vector .R compression
Command: /home/louza/mm-repair/sdsl/encode.x /mnt/data/datasets/machine-learning-matrices-split/airline78.csv.32.24.A.vc.R 
Integer vector compression time: 1.0406
==== OLE
Command: /home/louza/mm-repair/ole/encode.x /mnt/data/datasets/machine-learning-matrices-split/airline78.csv.32.24.A.vc.C 
Command: /home/louza/mm-repair/ole/encode.x /mnt/data/datasets/machine-learning-matrices-split/airline78.csv.32.24.B.vc 
OLE time: 0.2464
==== Ans-fold compression
Command: /home/louza/mm-repair/ans/encode.x /mnt/data/datasets/machine-learning-matrices-split/airline78.csv.32.24.A.vc.C 
Command: /home/louza/mm-repair/ans/encode.x /mnt/data/datasets/machine-learning-matrices-split/airline78.csv.32.24.B.vc
Ans-fold time: 27.1912
==== Integer vector .C compression
Command: /home/louza/mm-repair/sdsl/encode.x /mnt/data/datasets/machine-learning-matrices-split/airline78.csv.32.25.A.vc.C 
==== Integer vector .R compression
Command: /home/louza/mm-repair/sdsl/encode.x /mnt/data/datasets/machine-learning-matrices-split/airline78.csv.32.25.A.vc.R 
Integer vector compression time: 0.8000
==== OLE
Command: /home/louza/mm-repair/ole/encode.x /mnt/data/datasets/machine-learning-matrices-split/airline78.csv.32.25.A.vc.C 
Command: /home/louza/mm-repair/ole/encode.x /mnt/data/datasets/machine-learning-matrices-split/airline78.csv.32.25.B.vc 
OLE time: 0.9671
==== Ans-fold compression
Command: /home/louza/mm-repair/ans/encode.x /mnt/data/datasets/machine-learning-matrices-split/airline78.csv.32.25.A.vc.C 
Command: /home/louza/mm-repair/ans/encode.x /mnt/data/datasets/machine-learning-matrices-split/airline78.csv.32.25.B.vc
Ans-fold time: 28.6908
==== Integer vector .C compression
Command: /home/louza/mm-repair/sdsl/encode.x /mnt/data/datasets/machine-learning-matrices-split/airline78.csv.32.26.A.vc.C 
==== Integer vector .R compression
Command: /home/louza/mm-repair/sdsl/encode.x /mnt/data/datasets/machine-learning-matrices-split/airline78.csv.32.26.A.vc.R 
Integer vector compression time: 1.1096
==== OLE
Command: /home/louza/mm-repair/ole/encode.x /mnt/data/datasets/machine-learning-matrices-split/airline78.csv.32.26.A.vc.C 
Command: /home/louza/mm-repair/ole/encode.x /mnt/data/datasets/machine-learning-matrices-split/airline78.csv.32.26.B.vc 
OLE time: 0.2435
==== Ans-fold compression
Command: /home/louza/mm-repair/ans/encode.x /mnt/data/datasets/machine-learning-matrices-split/airline78.csv.32.26.A.vc.C 
Command: /home/louza/mm-repair/ans/encode.x /mnt/data/datasets/machine-learning-matrices-split/airline78.csv.32.26.B.vc
Ans-fold time: 29.2974
==== Integer vector .C compression
Command: /home/louza/mm-repair/sdsl/encode.x /mnt/data/datasets/machine-learning-matrices-split/airline78.csv.32.27.A.vc.C 
==== Integer vector .R compression
Command: /home/louza/mm-repair/sdsl/encode.x /mnt/data/datasets/machine-learning-matrices-split/airline78.csv.32.27.A.vc.R 
Integer vector compression time: 0.7242
==== OLE
Command: /home/louza/mm-repair/ole/encode.x /mnt/data/datasets/machine-learning-matrices-split/airline78.csv.32.27.A.vc.C 
Command: /home/louza/mm-repair/ole/encode.x /mnt/data/datasets/machine-learning-matrices-split/airline78.csv.32.27.B.vc 
OLE time: 0.0741
==== Ans-fold compression
Command: /home/louza/mm-repair/ans/encode.x /mnt/data/datasets/machine-learning-matrices-split/airline78.csv.32.27.A.vc.C 
Command: /home/louza/mm-repair/ans/encode.x /mnt/data/datasets/machine-learning-matrices-split/airline78.csv.32.27.B.vc
Ans-fold time: 30.6377
==== Integer vector .C compression
Command: /home/louza/mm-repair/sdsl/encode.x /mnt/data/datasets/machine-learning-matrices-split/airline78.csv.32.28.A.vc.C 
==== Integer vector .R compression
Command: /home/louza/mm-repair/sdsl/encode.x /mnt/data/datasets/machine-learning-matrices-split/airline78.csv.32.28.A.vc.R 
Integer vector compression time: 0.6555
==== OLE
Command: /home/louza/mm-repair/ole/encode.x /mnt/data/datasets/machine-learning-matrices-split/airline78.csv.32.28.A.vc.C 
Command: /home/louza/mm-repair/ole/encode.x /mnt/data/datasets/machine-learning-matrices-split/airline78.csv.32.28.B.vc 
OLE time: 0.2026
==== Ans-fold compression
Command: /home/louza/mm-repair/ans/encode.x /mnt/data/datasets/machine-learning-matrices-split/airline78.csv.32.28.A.vc.C 
Command: /home/louza/mm-repair/ans/encode.x /mnt/data/datasets/machine-learning-matrices-split/airline78.csv.32.28.B.vc
Ans-fold time: 31.8267
==== Integer vector .C compression
Command: /home/louza/mm-repair/sdsl/encode.x /mnt/data/datasets/machine-learning-matrices-split/airline78.csv.32.29.A.vc.C 
==== Integer vector .R compression
Command: /home/louza/mm-repair/sdsl/encode.x /mnt/data/datasets/machine-learning-matrices-split/airline78.csv.32.29.A.vc.R 
Integer vector compression time: 0.9352
==== OLE
Command: /home/louza/mm-repair/ole/encode.x /mnt/data/datasets/machine-learning-matrices-split/airline78.csv.32.29.A.vc.C 
Command: /home/louza/mm-repair/ole/encode.x /mnt/data/datasets/machine-learning-matrices-split/airline78.csv.32.29.B.vc 
OLE time: 0.1901
==== Ans-fold compression
Command: /home/louza/mm-repair/ans/encode.x /mnt/data/datasets/machine-learning-matrices-split/airline78.csv.32.29.A.vc.C 
Command: /home/louza/mm-repair/ans/encode.x /mnt/data/datasets/machine-learning-matrices-split/airline78.csv.32.29.B.vc
Ans-fold time: 33.1226
==== Integer vector .C compression
Command: /home/louza/mm-repair/sdsl/encode.x /mnt/data/datasets/machine-learning-matrices-split/airline78.csv.32.30.A.vc.C 
==== Integer vector .R compression
Command: /home/louza/mm-repair/sdsl/encode.x /mnt/data/datasets/machine-learning-matrices-split/airline78.csv.32.30.A.vc.R 
Integer vector compression time: 0.6960
==== OLE
Command: /home/louza/mm-repair/ole/encode.x /mnt/data/datasets/machine-learning-matrices-split/airline78.csv.32.30.A.vc.C 
Command: /home/louza/mm-repair/ole/encode.x /mnt/data/datasets/machine-learning-matrices-split/airline78.csv.32.30.B.vc 
OLE time: 0.1693
==== Ans-fold compression
Command: /home/louza/mm-repair/ans/encode.x /mnt/data/datasets/machine-learning-matrices-split/airline78.csv.32.30.A.vc.C 
Command: /home/louza/mm-repair/ans/encode.x /mnt/data/datasets/machine-learning-matrices-split/airline78.csv.32.30.B.vc
Ans-fold time: 33.7151
==== Integer vector .C compression
Command: /home/louza/mm-repair/sdsl/encode.x /mnt/data/datasets/machine-learning-matrices-split/airline78.csv.32.31.A.vc.C 
==== Integer vector .R compression
Command: /home/louza/mm-repair/sdsl/encode.x /mnt/data/datasets/machine-learning-matrices-split/airline78.csv.32.31.A.vc.R 
Integer vector compression time: 0.3848
==== OLE
Command: /home/louza/mm-repair/ole/encode.x /mnt/data/datasets/machine-learning-matrices-split/airline78.csv.32.31.A.vc.C 
Command: /home/louza/mm-repair/ole/encode.x /mnt/data/datasets/machine-learning-matrices-split/airline78.csv.32.31.B.vc 
OLE time: 0.1816
==== Ans-fold compression
Command: /home/louza/mm-repair/ans/encode.x /mnt/data/datasets/machine-learning-matrices-split/airline78.csv.32.31.A.vc.C 
Command: /home/louza/mm-repair/ans/encode.x /mnt/data/datasets/machine-learning-matrices-split/airline78.csv.32.31.B.vc
Ans-fold time: 35.1795
Elapsed time: 724.2120
==== Compression Report:
 >> matrix name: /mnt/data/datasets/machine-learning-matrices-split/airline78.csv
 >> conversion time: 572.63
 >> repair time: 26.47
 >> integer vectors time: 0.38
 >> ansf time: 35.18
 >> total time: 724.21
 >> matrix log(alpha)xNumEntries size: 681566188 bytes
 >> matrix dense size: 3355402776 bytes
 >> total number of nonzero: 292667834 (69.78%)
 >> number of distinct nonzero: 7794
 >> CRSV  size: 1228585460 bytes  (36.62%)
 >> B	  size: 106232224 bytes  (3.17%)
 >> B_ans size: 29331972 bytes  (0.87%)
 >> RE32  size: 604302152 bytes  (18.01%)
 >> REIV  size: 388712540 bytes  (11.58%)
 >> REANS size: 329267367 bytes  (9.81%)
==== Done

#### 2026-09-07 11:40:04
 Command line: ./mm-repair/matrepair -r -b 32 -p 32 /mnt/data/datasets/machine-learning-matrices-split/airline78.csv 14462943 29 --mapping --split 
Setting memory for each repair instance to 14501 MBs
Sending logging messages to file: /mnt/data/datasets/machine-learning-matrices-split/airline78.csv.log
==== Conversion bin/csv->csrv
Command: /home/louza/mm-repair/csvmat2csrv -b 32   /mnt/data/datasets/machine-learning-matrices-split/airline78.csv -r 0 -m -s 14462943 29
Conversion time: 702.1568
==== Repair paralell compression
---- Executing 32 parallel processes
---- Parallel processing completed
Repair time: 25.5197
==== Integer vector .C compression
Command: /home/louza/mm-repair/sdsl/encode.x /mnt/data/datasets/machine-learning-matrices-split/airline78.csv.32.0.A.vc.C 
==== Integer vector .R compression
Command: /home/louza/mm-repair/sdsl/encode.x /mnt/data/datasets/machine-learning-matrices-split/airline78.csv.32.0.A.vc.R 
Integer vector compression time: 2.5234
==== Ans-fold compression
Command: /home/louza/mm-repair/ans/encode.x /mnt/data/datasets/machine-learning-matrices-split/airline78.csv.32.0.A.vc.C 
Command: /home/louza/mm-repair/ans/encode.x /mnt/data/datasets/machine-learning-matrices-split/airline78.csv.32.0.B.vc
Ans-fold time: 2.0645
==== Integer vector .C compression
Command: /home/louza/mm-repair/sdsl/encode.x /mnt/data/datasets/machine-learning-matrices-split/airline78.csv.32.1.A.vc.C 
==== Integer vector .R compression
Command: /home/louza/mm-repair/sdsl/encode.x /mnt/data/datasets/machine-learning-matrices-split/airline78.csv.32.1.A.vc.R 
Integer vector compression time: 3.9413
==== Ans-fold compression
Command: /home/louza/mm-repair/ans/encode.x /mnt/data/datasets/machine-learning-matrices-split/airline78.csv.32.1.A.vc.C 
Command: /home/louza/mm-repair/ans/encode.x /mnt/data/datasets/machine-learning-matrices-split/airline78.csv.32.1.B.vc
Ans-fold time: 4.3832
==== Integer vector .C compression
Command: /home/louza/mm-repair/sdsl/encode.x /mnt/data/datasets/machine-learning-matrices-split/airline78.csv.32.2.A.vc.C 
==== Integer vector .R compression
Command: /home/louza/mm-repair/sdsl/encode.x /mnt/data/datasets/machine-learning-matrices-split/airline78.csv.32.2.A.vc.R 
Integer vector compression time: 2.7557
==== Ans-fold compression
Command: /home/louza/mm-repair/ans/encode.x /mnt/data/datasets/machine-learning-matrices-split/airline78.csv.32.2.A.vc.C 
Command: /home/louza/mm-repair/ans/encode.x /mnt/data/datasets/machine-learning-matrices-split/airline78.csv.32.2.B.vc
Ans-fold time: 5.7088
==== Integer vector .C compression
Command: /home/louza/mm-repair/sdsl/encode.x /mnt/data/datasets/machine-learning-matrices-split/airline78.csv.32.3.A.vc.C 
==== Integer vector .R compression
Command: /home/louza/mm-repair/sdsl/encode.x /mnt/data/datasets/machine-learning-matrices-split/airline78.csv.32.3.A.vc.R 
Integer vector compression time: 1.1924
==== Ans-fold compression
Command: /home/louza/mm-repair/ans/encode.x /mnt/data/datasets/machine-learning-matrices-split/airline78.csv.32.3.A.vc.C 
Command: /home/louza/mm-repair/ans/encode.x /mnt/data/datasets/machine-learning-matrices-split/airline78.csv.32.3.B.vc
Ans-fold time: 6.8555
==== Integer vector .C compression
Command: /home/louza/mm-repair/sdsl/encode.x /mnt/data/datasets/machine-learning-matrices-split/airline78.csv.32.4.A.vc.C 
==== Integer vector .R compression
Command: /home/louza/mm-repair/sdsl/encode.x /mnt/data/datasets/machine-learning-matrices-split/airline78.csv.32.4.A.vc.R 
Integer vector compression time: 2.1531
==== Ans-fold compression
Command: /home/louza/mm-repair/ans/encode.x /mnt/data/datasets/machine-learning-matrices-split/airline78.csv.32.4.A.vc.C 
Command: /home/louza/mm-repair/ans/encode.x /mnt/data/datasets/machine-learning-matrices-split/airline78.csv.32.4.B.vc
Ans-fold time: 8.7107
==== Integer vector .C compression
Command: /home/louza/mm-repair/sdsl/encode.x /mnt/data/datasets/machine-learning-matrices-split/airline78.csv.32.5.A.vc.C 
==== Integer vector .R compression
Command: /home/louza/mm-repair/sdsl/encode.x /mnt/data/datasets/machine-learning-matrices-split/airline78.csv.32.5.A.vc.R 
Integer vector compression time: 2.5348
==== Ans-fold compression
Command: /home/louza/mm-repair/ans/encode.x /mnt/data/datasets/machine-learning-matrices-split/airline78.csv.32.5.A.vc.C 
Command: /home/louza/mm-repair/ans/encode.x /mnt/data/datasets/machine-learning-matrices-split/airline78.csv.32.5.B.vc
Ans-fold time: 9.5736
==== Integer vector .C compression
Command: /home/louza/mm-repair/sdsl/encode.x /mnt/data/datasets/machine-learning-matrices-split/airline78.csv.32.6.A.vc.C 
==== Integer vector .R compression
Command: /home/louza/mm-repair/sdsl/encode.x /mnt/data/datasets/machine-learning-matrices-split/airline78.csv.32.6.A.vc.R 
Integer vector compression time: 2.4879
==== Ans-fold compression
Command: /home/louza/mm-repair/ans/encode.x /mnt/data/datasets/machine-learning-matrices-split/airline78.csv.32.6.A.vc.C 
Command: /home/louza/mm-repair/ans/encode.x /mnt/data/datasets/machine-learning-matrices-split/airline78.csv.32.6.B.vc
Ans-fold time: 12.7145
==== Integer vector .C compression
Command: /home/louza/mm-repair/sdsl/encode.x /mnt/data/datasets/machine-learning-matrices-split/airline78.csv.32.7.A.vc.C 
==== Integer vector .R compression
Command: /home/louza/mm-repair/sdsl/encode.x /mnt/data/datasets/machine-learning-matrices-split/airline78.csv.32.7.A.vc.R 
Integer vector compression time: 2.3547
==== Ans-fold compression
Command: /home/louza/mm-repair/ans/encode.x /mnt/data/datasets/machine-learning-matrices-split/airline78.csv.32.7.A.vc.C 
Command: /home/louza/mm-repair/ans/encode.x /mnt/data/datasets/machine-learning-matrices-split/airline78.csv.32.7.B.vc
Ans-fold time: 14.9045
==== Integer vector .C compression
Command: /home/louza/mm-repair/sdsl/encode.x /mnt/data/datasets/machine-learning-matrices-split/airline78.csv.32.8.A.vc.C 
==== Integer vector .R compression
Command: /home/louza/mm-repair/sdsl/encode.x /mnt/data/datasets/machine-learning-matrices-split/airline78.csv.32.8.A.vc.R 
Integer vector compression time: 1.8414
==== Ans-fold compression
Command: /home/louza/mm-repair/ans/encode.x /mnt/data/datasets/machine-learning-matrices-split/airline78.csv.32.8.A.vc.C 
Command: /home/louza/mm-repair/ans/encode.x /mnt/data/datasets/machine-learning-matrices-split/airline78.csv.32.8.B.vc
Ans-fold time: 17.3223
==== Integer vector .C compression
Command: /home/louza/mm-repair/sdsl/encode.x /mnt/data/datasets/machine-learning-matrices-split/airline78.csv.32.9.A.vc.C 
==== Integer vector .R compression
Command: /home/louza/mm-repair/sdsl/encode.x /mnt/data/datasets/machine-learning-matrices-split/airline78.csv.32.9.A.vc.R 
Integer vector compression time: 2.5847
==== Ans-fold compression
Command: /home/louza/mm-repair/ans/encode.x /mnt/data/datasets/machine-learning-matrices-split/airline78.csv.32.9.A.vc.C 
Command: /home/louza/mm-repair/ans/encode.x /mnt/data/datasets/machine-learning-matrices-split/airline78.csv.32.9.B.vc
Ans-fold time: 19.6167
==== Integer vector .C compression
Command: /home/louza/mm-repair/sdsl/encode.x /mnt/data/datasets/machine-learning-matrices-split/airline78.csv.32.10.A.vc.C 
==== Integer vector .R compression
Command: /home/louza/mm-repair/sdsl/encode.x /mnt/data/datasets/machine-learning-matrices-split/airline78.csv.32.10.A.vc.R 
Integer vector compression time: 2.9157
==== Ans-fold compression
Command: /home/louza/mm-repair/ans/encode.x /mnt/data/datasets/machine-learning-matrices-split/airline78.csv.32.10.A.vc.C 
Command: /home/louza/mm-repair/ans/encode.x /mnt/data/datasets/machine-learning-matrices-split/airline78.csv.32.10.B.vc
Ans-fold time: 21.7570
==== Integer vector .C compression
Command: /home/louza/mm-repair/sdsl/encode.x /mnt/data/datasets/machine-learning-matrices-split/airline78.csv.32.11.A.vc.C 
==== Integer vector .R compression
Command: /home/louza/mm-repair/sdsl/encode.x /mnt/data/datasets/machine-learning-matrices-split/airline78.csv.32.11.A.vc.R 
Integer vector compression time: 0.8487
==== Ans-fold compression
Command: /home/louza/mm-repair/ans/encode.x /mnt/data/datasets/machine-learning-matrices-split/airline78.csv.32.11.A.vc.C 
Command: /home/louza/mm-repair/ans/encode.x /mnt/data/datasets/machine-learning-matrices-split/airline78.csv.32.11.B.vc
Ans-fold time: 23.0681
==== Integer vector .C compression
Command: /home/louza/mm-repair/sdsl/encode.x /mnt/data/datasets/machine-learning-matrices-split/airline78.csv.32.12.A.vc.C 
==== Integer vector .R compression
Command: /home/louza/mm-repair/sdsl/encode.x /mnt/data/datasets/machine-learning-matrices-split/airline78.csv.32.12.A.vc.R 
Integer vector compression time: 8.6419
==== Ans-fold compression
Command: /home/louza/mm-repair/ans/encode.x /mnt/data/datasets/machine-learning-matrices-split/airline78.csv.32.12.A.vc.C 
Command: /home/louza/mm-repair/ans/encode.x /mnt/data/datasets/machine-learning-matrices-split/airline78.csv.32.12.B.vc
Ans-fold time: 30.9502
==== Integer vector .C compression
Command: /home/louza/mm-repair/sdsl/encode.x /mnt/data/datasets/machine-learning-matrices-split/airline78.csv.32.13.A.vc.C 
==== Integer vector .R compression
Command: /home/louza/mm-repair/sdsl/encode.x /mnt/data/datasets/machine-learning-matrices-split/airline78.csv.32.13.A.vc.R 
Integer vector compression time: 2.6129
==== Ans-fold compression
Command: /home/louza/mm-repair/ans/encode.x /mnt/data/datasets/machine-learning-matrices-split/airline78.csv.32.13.A.vc.C 
Command: /home/louza/mm-repair/ans/encode.x /mnt/data/datasets/machine-learning-matrices-split/airline78.csv.32.13.B.vc
Ans-fold time: 33.1931
==== Integer vector .C compression
Command: /home/louza/mm-repair/sdsl/encode.x /mnt/data/datasets/machine-learning-matrices-split/airline78.csv.32.14.A.vc.C 
==== Integer vector .R compression
Command: /home/louza/mm-repair/sdsl/encode.x /mnt/data/datasets/machine-learning-matrices-split/airline78.csv.32.14.A.vc.R 
Integer vector compression time: 1.7555
==== Ans-fold compression
Command: /home/louza/mm-repair/ans/encode.x /mnt/data/datasets/machine-learning-matrices-split/airline78.csv.32.14.A.vc.C 
Command: /home/louza/mm-repair/ans/encode.x /mnt/data/datasets/machine-learning-matrices-split/airline78.csv.32.14.B.vc
Ans-fold time: 36.4057
==== Integer vector .C compression
Command: /home/louza/mm-repair/sdsl/encode.x /mnt/data/datasets/machine-learning-matrices-split/airline78.csv.32.15.A.vc.C 
==== Integer vector .R compression
Command: /home/louza/mm-repair/sdsl/encode.x /mnt/data/datasets/machine-learning-matrices-split/airline78.csv.32.15.A.vc.R 
Integer vector compression time: 2.4485
==== Ans-fold compression
Command: /home/louza/mm-repair/ans/encode.x /mnt/data/datasets/machine-learning-matrices-split/airline78.csv.32.15.A.vc.C 
Command: /home/louza/mm-repair/ans/encode.x /mnt/data/datasets/machine-learning-matrices-split/airline78.csv.32.15.B.vc
Ans-fold time: 38.2367
==== Integer vector .C compression
Command: /home/louza/mm-repair/sdsl/encode.x /mnt/data/datasets/machine-learning-matrices-split/airline78.csv.32.16.A.vc.C 
==== Integer vector .R compression
Command: /home/louza/mm-repair/sdsl/encode.x /mnt/data/datasets/machine-learning-matrices-split/airline78.csv.32.16.A.vc.R 
Integer vector compression time: 2.0819
==== Ans-fold compression
Command: /home/louza/mm-repair/ans/encode.x /mnt/data/datasets/machine-learning-matrices-split/airline78.csv.32.16.A.vc.C 
Command: /home/louza/mm-repair/ans/encode.x /mnt/data/datasets/machine-learning-matrices-split/airline78.csv.32.16.B.vc
Ans-fold time: 41.1188
==== Integer vector .C compression
Command: /home/louza/mm-repair/sdsl/encode.x /mnt/data/datasets/machine-learning-matrices-split/airline78.csv.32.17.A.vc.C 
==== Integer vector .R compression
Command: /home/louza/mm-repair/sdsl/encode.x /mnt/data/datasets/machine-learning-matrices-split/airline78.csv.32.17.A.vc.R 
Integer vector compression time: 3.8786
==== Ans-fold compression
Command: /home/louza/mm-repair/ans/encode.x /mnt/data/datasets/machine-learning-matrices-split/airline78.csv.32.17.A.vc.C 
Command: /home/louza/mm-repair/ans/encode.x /mnt/data/datasets/machine-learning-matrices-split/airline78.csv.32.17.B.vc
Ans-fold time: 49.7065
==== Integer vector .C compression
Command: /home/louza/mm-repair/sdsl/encode.x /mnt/data/datasets/machine-learning-matrices-split/airline78.csv.32.18.A.vc.C 
==== Integer vector .R compression
Command: /home/louza/mm-repair/sdsl/encode.x /mnt/data/datasets/machine-learning-matrices-split/airline78.csv.32.18.A.vc.R 
Integer vector compression time: 5.6372
==== Ans-fold compression
Command: /home/louza/mm-repair/ans/encode.x /mnt/data/datasets/machine-learning-matrices-split/airline78.csv.32.18.A.vc.C 
Command: /home/louza/mm-repair/ans/encode.x /mnt/data/datasets/machine-learning-matrices-split/airline78.csv.32.18.B.vc
Ans-fold time: 54.7949
==== Integer vector .C compression
Command: /home/louza/mm-repair/sdsl/encode.x /mnt/data/datasets/machine-learning-matrices-split/airline78.csv.32.19.A.vc.C 
==== Integer vector .R compression
Command: /home/louza/mm-repair/sdsl/encode.x /mnt/data/datasets/machine-learning-matrices-split/airline78.csv.32.19.A.vc.R 
Integer vector compression time: 5.3307
==== Ans-fold compression
Command: /home/louza/mm-repair/ans/encode.x /mnt/data/datasets/machine-learning-matrices-split/airline78.csv.32.19.A.vc.C 
Command: /home/louza/mm-repair/ans/encode.x /mnt/data/datasets/machine-learning-matrices-split/airline78.csv.32.19.B.vc
Ans-fold time: 58.1366
==== Integer vector .C compression
Command: /home/louza/mm-repair/sdsl/encode.x /mnt/data/datasets/machine-learning-matrices-split/airline78.csv.32.20.A.vc.C 
==== Integer vector .R compression
Command: /home/louza/mm-repair/sdsl/encode.x /mnt/data/datasets/machine-learning-matrices-split/airline78.csv.32.20.A.vc.R 
Integer vector compression time: 2.3995
==== Ans-fold compression
Command: /home/louza/mm-repair/ans/encode.x /mnt/data/datasets/machine-learning-matrices-split/airline78.csv.32.20.A.vc.C 
Command: /home/louza/mm-repair/ans/encode.x /mnt/data/datasets/machine-learning-matrices-split/airline78.csv.32.20.B.vc
Ans-fold time: 60.7831
==== Integer vector .C compression
Command: /home/louza/mm-repair/sdsl/encode.x /mnt/data/datasets/machine-learning-matrices-split/airline78.csv.32.21.A.vc.C 
==== Integer vector .R compression
Command: /home/louza/mm-repair/sdsl/encode.x /mnt/data/datasets/machine-learning-matrices-split/airline78.csv.32.21.A.vc.R 
Integer vector compression time: 3.4486
==== Ans-fold compression
Command: /home/louza/mm-repair/ans/encode.x /mnt/data/datasets/machine-learning-matrices-split/airline78.csv.32.21.A.vc.C 
Command: /home/louza/mm-repair/ans/encode.x /mnt/data/datasets/machine-learning-matrices-split/airline78.csv.32.21.B.vc
Ans-fold time: 62.5019
==== Integer vector .C compression
Command: /home/louza/mm-repair/sdsl/encode.x /mnt/data/datasets/machine-learning-matrices-split/airline78.csv.32.22.A.vc.C 
==== Integer vector .R compression
Command: /home/louza/mm-repair/sdsl/encode.x /mnt/data/datasets/machine-learning-matrices-split/airline78.csv.32.22.A.vc.R 
Integer vector compression time: 3.0743
==== Ans-fold compression
Command: /home/louza/mm-repair/ans/encode.x /mnt/data/datasets/machine-learning-matrices-split/airline78.csv.32.22.A.vc.C 
Command: /home/louza/mm-repair/ans/encode.x /mnt/data/datasets/machine-learning-matrices-split/airline78.csv.32.22.B.vc
Ans-fold time: 65.5717
==== Integer vector .C compression
Command: /home/louza/mm-repair/sdsl/encode.x /mnt/data/datasets/machine-learning-matrices-split/airline78.csv.32.23.A.vc.C 
==== Integer vector .R compression
Command: /home/louza/mm-repair/sdsl/encode.x /mnt/data/datasets/machine-learning-matrices-split/airline78.csv.32.23.A.vc.R 
Integer vector compression time: 2.5142
==== Ans-fold compression
Command: /home/louza/mm-repair/ans/encode.x /mnt/data/datasets/machine-learning-matrices-split/airline78.csv.32.23.A.vc.C 
Command: /home/louza/mm-repair/ans/encode.x /mnt/data/datasets/machine-learning-matrices-split/airline78.csv.32.23.B.vc
Ans-fold time: 68.2331
==== Integer vector .C compression
Command: /home/louza/mm-repair/sdsl/encode.x /mnt/data/datasets/machine-learning-matrices-split/airline78.csv.32.24.A.vc.C 
==== Integer vector .R compression
Command: /home/louza/mm-repair/sdsl/encode.x /mnt/data/datasets/machine-learning-matrices-split/airline78.csv.32.24.A.vc.R 
Integer vector compression time: 1.0037
==== Ans-fold compression
Command: /home/louza/mm-repair/ans/encode.x /mnt/data/datasets/machine-learning-matrices-split/airline78.csv.32.24.A.vc.C 
Command: /home/louza/mm-repair/ans/encode.x /mnt/data/datasets/machine-learning-matrices-split/airline78.csv.32.24.B.vc
Ans-fold time: 69.9277
==== Integer vector .C compression
Command: /home/louza/mm-repair/sdsl/encode.x /mnt/data/datasets/machine-learning-matrices-split/airline78.csv.32.25.A.vc.C 
==== Integer vector .R compression
Command: /home/louza/mm-repair/sdsl/encode.x /mnt/data/datasets/machine-learning-matrices-split/airline78.csv.32.25.A.vc.R 
Integer vector compression time: 2.9050
==== Ans-fold compression
Command: /home/louza/mm-repair/ans/encode.x /mnt/data/datasets/machine-learning-matrices-split/airline78.csv.32.25.A.vc.C 
Command: /home/louza/mm-repair/ans/encode.x /mnt/data/datasets/machine-learning-matrices-split/airline78.csv.32.25.B.vc
Ans-fold time: 72.2388
==== Integer vector .C compression
Command: /home/louza/mm-repair/sdsl/encode.x /mnt/data/datasets/machine-learning-matrices-split/airline78.csv.32.26.A.vc.C 
==== Integer vector .R compression
Command: /home/louza/mm-repair/sdsl/encode.x /mnt/data/datasets/machine-learning-matrices-split/airline78.csv.32.26.A.vc.R 
Integer vector compression time: 3.2195
==== Ans-fold compression
Command: /home/louza/mm-repair/ans/encode.x /mnt/data/datasets/machine-learning-matrices-split/airline78.csv.32.26.A.vc.C 
Command: /home/louza/mm-repair/ans/encode.x /mnt/data/datasets/machine-learning-matrices-split/airline78.csv.32.26.B.vc
Ans-fold time: 78.2380
==== Integer vector .C compression
Command: /home/louza/mm-repair/sdsl/encode.x /mnt/data/datasets/machine-learning-matrices-split/airline78.csv.32.27.A.vc.C 
==== Integer vector .R compression
Command: /home/louza/mm-repair/sdsl/encode.x /mnt/data/datasets/machine-learning-matrices-split/airline78.csv.32.27.A.vc.R 
Integer vector compression time: 9.5020
==== Ans-fold compression
Command: /home/louza/mm-repair/ans/encode.x /mnt/data/datasets/machine-learning-matrices-split/airline78.csv.32.27.A.vc.C 
Command: /home/louza/mm-repair/ans/encode.x /mnt/data/datasets/machine-learning-matrices-split/airline78.csv.32.27.B.vc
Ans-fold time: 82.9925
==== Integer vector .C compression
Command: /home/louza/mm-repair/sdsl/encode.x /mnt/data/datasets/machine-learning-matrices-split/airline78.csv.32.28.A.vc.C 
==== Integer vector .R compression
Command: /home/louza/mm-repair/sdsl/encode.x /mnt/data/datasets/machine-learning-matrices-split/airline78.csv.32.28.A.vc.R 
Integer vector compression time: 6.6789
==== Ans-fold compression
Command: /home/louza/mm-repair/ans/encode.x /mnt/data/datasets/machine-learning-matrices-split/airline78.csv.32.28.A.vc.C 
Command: /home/louza/mm-repair/ans/encode.x /mnt/data/datasets/machine-learning-matrices-split/airline78.csv.32.28.B.vc
Ans-fold time: 86.6189
==== Integer vector .C compression
Command: /home/louza/mm-repair/sdsl/encode.x /mnt/data/datasets/machine-learning-matrices-split/airline78.csv.32.29.A.vc.C 
==== Integer vector .R compression
Command: /home/louza/mm-repair/sdsl/encode.x /mnt/data/datasets/machine-learning-matrices-split/airline78.csv.32.29.A.vc.R 
Integer vector compression time: 3.1523
==== Ans-fold compression
Command: /home/louza/mm-repair/ans/encode.x /mnt/data/datasets/machine-learning-matrices-split/airline78.csv.32.29.A.vc.C 
Command: /home/louza/mm-repair/ans/encode.x /mnt/data/datasets/machine-learning-matrices-split/airline78.csv.32.29.B.vc
Ans-fold time: 88.4721
==== Integer vector .C compression
Command: /home/louza/mm-repair/sdsl/encode.x /mnt/data/datasets/machine-learning-matrices-split/airline78.csv.32.30.A.vc.C 
==== Integer vector .R compression
Command: /home/louza/mm-repair/sdsl/encode.x /mnt/data/datasets/machine-learning-matrices-split/airline78.csv.32.30.A.vc.R 
Integer vector compression time: 3.0314
==== Ans-fold compression
Command: /home/louza/mm-repair/ans/encode.x /mnt/data/datasets/machine-learning-matrices-split/airline78.csv.32.30.A.vc.C 
Command: /home/louza/mm-repair/ans/encode.x /mnt/data/datasets/machine-learning-matrices-split/airline78.csv.32.30.B.vc
Ans-fold time: 91.2917
==== Integer vector .C compression
Command: /home/louza/mm-repair/sdsl/encode.x /mnt/data/datasets/machine-learning-matrices-split/airline78.csv.32.31.A.vc.C 
==== Integer vector .R compression
Command: /home/louza/mm-repair/sdsl/encode.x /mnt/data/datasets/machine-learning-matrices-split/airline78.csv.32.31.A.vc.R 
Integer vector compression time: 5.5933
==== Ans-fold compression
Command: /home/louza/mm-repair/ans/encode.x /mnt/data/datasets/machine-learning-matrices-split/airline78.csv.32.31.A.vc.C 
Command: /home/louza/mm-repair/ans/encode.x /mnt/data/datasets/machine-learning-matrices-split/airline78.csv.32.31.B.vc
Ans-fold time: 93.6408
Command: /home/louza/mm-repair/ans/encode.x /mnt/data/datasets/machine-learning-matrices-split/airline78.csv.wcode 
Elapsed time: 928.4954
==== Compression Report:
 >> matrix name: /mnt/data/datasets/machine-learning-matrices-split/airline78.csv
 >> conversion time: 702.16
 >> repair time: 25.52
 >> integer vectors time: 5.59
 >> ansf time: 93.64
 >> total time: 928.50
 >> wcode: 119868 bytes
 >> wcode_ans: 9474 bytes
 >> matrix log(alpha)xNumEntries size: 681566188 bytes
 >> matrix dense size: 3355402776 bytes
 >> total number of nonzero: 292667834 (69.78%)
 >> number of distinct nonzero: 7794
 >> CRSV  size: 1228585460 bytes  (36.62%)
 >> B	  size: 106232224 bytes  (3.17%)
 >> B_ans size: 25591422 bytes  (0.76%)
 >> RE32  size: 600681470 bytes  (17.90%)
 >> REIV  size: 367126002 bytes  (10.94%)
 >> REANS size: 324789737 bytes  (9.68%)
==== Done

#### 2026-09-07 11:55:33
 Command line: ./mm-repair/matrepair -r -b 32 -p 32 /mnt/data/datasets/machine-learning-matrices-split/airline78.csv 14462943 29 --ole --mapping --split 
Setting memory for each repair instance to 14501 MBs
Sending logging messages to file: /mnt/data/datasets/machine-learning-matrices-split/airline78.csv.log
==== Conversion bin/csv->csrv
Command: /home/louza/mm-repair/csvmat2csrv -b 32   /mnt/data/datasets/machine-learning-matrices-split/airline78.csv -r 0 -m -s 14462943 29
Conversion time: 774.3133
==== Repair paralell compression
---- Executing 32 parallel processes
---- Parallel processing completed
Repair time: 20.8316
==== Integer vector .C compression
Command: /home/louza/mm-repair/sdsl/encode.x /mnt/data/datasets/machine-learning-matrices-split/airline78.csv.32.0.A.vc.C 
==== Integer vector .R compression
Command: /home/louza/mm-repair/sdsl/encode.x /mnt/data/datasets/machine-learning-matrices-split/airline78.csv.32.0.A.vc.R 
Integer vector compression time: 0.9233
==== OLE
Command: /home/louza/mm-repair/ole/encode.x /mnt/data/datasets/machine-learning-matrices-split/airline78.csv.32.0.A.vc.C 
Command: /home/louza/mm-repair/ole/encode.x /mnt/data/datasets/machine-learning-matrices-split/airline78.csv.32.0.B.vc 
OLE time: 0.1983
==== Ans-fold compression
Command: /home/louza/mm-repair/ans/encode.x /mnt/data/datasets/machine-learning-matrices-split/airline78.csv.32.0.A.vc.C 
Command: /home/louza/mm-repair/ans/encode.x /mnt/data/datasets/machine-learning-matrices-split/airline78.csv.32.0.B.vc
Ans-fold time: 1.2436
==== Integer vector .C compression
Command: /home/louza/mm-repair/sdsl/encode.x /mnt/data/datasets/machine-learning-matrices-split/airline78.csv.32.1.A.vc.C 
==== Integer vector .R compression
Command: /home/louza/mm-repair/sdsl/encode.x /mnt/data/datasets/machine-learning-matrices-split/airline78.csv.32.1.A.vc.R 
Integer vector compression time: 1.6517
==== OLE
Command: /home/louza/mm-repair/ole/encode.x /mnt/data/datasets/machine-learning-matrices-split/airline78.csv.32.1.A.vc.C 
Command: /home/louza/mm-repair/ole/encode.x /mnt/data/datasets/machine-learning-matrices-split/airline78.csv.32.1.B.vc 
OLE time: 0.6423
==== Ans-fold compression
Command: /home/louza/mm-repair/ans/encode.x /mnt/data/datasets/machine-learning-matrices-split/airline78.csv.32.1.A.vc.C 
Command: /home/louza/mm-repair/ans/encode.x /mnt/data/datasets/machine-learning-matrices-split/airline78.csv.32.1.B.vc
Ans-fold time: 2.1722
==== Integer vector .C compression
Command: /home/louza/mm-repair/sdsl/encode.x /mnt/data/datasets/machine-learning-matrices-split/airline78.csv.32.2.A.vc.C 
==== Integer vector .R compression
Command: /home/louza/mm-repair/sdsl/encode.x /mnt/data/datasets/machine-learning-matrices-split/airline78.csv.32.2.A.vc.R 
Integer vector compression time: 0.7547
==== OLE
Command: /home/louza/mm-repair/ole/encode.x /mnt/data/datasets/machine-learning-matrices-split/airline78.csv.32.2.A.vc.C 
Command: /home/louza/mm-repair/ole/encode.x /mnt/data/datasets/machine-learning-matrices-split/airline78.csv.32.2.B.vc 
OLE time: 0.1617
==== Ans-fold compression
Command: /home/louza/mm-repair/ans/encode.x /mnt/data/datasets/machine-learning-matrices-split/airline78.csv.32.2.A.vc.C 
Command: /home/louza/mm-repair/ans/encode.x /mnt/data/datasets/machine-learning-matrices-split/airline78.csv.32.2.B.vc
Ans-fold time: 3.0421
==== Integer vector .C compression
Command: /home/louza/mm-repair/sdsl/encode.x /mnt/data/datasets/machine-learning-matrices-split/airline78.csv.32.3.A.vc.C 
==== Integer vector .R compression
Command: /home/louza/mm-repair/sdsl/encode.x /mnt/data/datasets/machine-learning-matrices-split/airline78.csv.32.3.A.vc.R 
Integer vector compression time: 0.8398
==== OLE
Command: /home/louza/mm-repair/ole/encode.x /mnt/data/datasets/machine-learning-matrices-split/airline78.csv.32.3.A.vc.C 
Command: /home/louza/mm-repair/ole/encode.x /mnt/data/datasets/machine-learning-matrices-split/airline78.csv.32.3.B.vc 
OLE time: 0.3643
==== Ans-fold compression
Command: /home/louza/mm-repair/ans/encode.x /mnt/data/datasets/machine-learning-matrices-split/airline78.csv.32.3.A.vc.C 
Command: /home/louza/mm-repair/ans/encode.x /mnt/data/datasets/machine-learning-matrices-split/airline78.csv.32.3.B.vc
Ans-fold time: 3.7216
==== Integer vector .C compression
Command: /home/louza/mm-repair/sdsl/encode.x /mnt/data/datasets/machine-learning-matrices-split/airline78.csv.32.4.A.vc.C 
==== Integer vector .R compression
Command: /home/louza/mm-repair/sdsl/encode.x /mnt/data/datasets/machine-learning-matrices-split/airline78.csv.32.4.A.vc.R 
Integer vector compression time: 1.1586
==== OLE
Command: /home/louza/mm-repair/ole/encode.x /mnt/data/datasets/machine-learning-matrices-split/airline78.csv.32.4.A.vc.C 
Command: /home/louza/mm-repair/ole/encode.x /mnt/data/datasets/machine-learning-matrices-split/airline78.csv.32.4.B.vc 
OLE time: 0.2290
==== Ans-fold compression
Command: /home/louza/mm-repair/ans/encode.x /mnt/data/datasets/machine-learning-matrices-split/airline78.csv.32.4.A.vc.C 
Command: /home/louza/mm-repair/ans/encode.x /mnt/data/datasets/machine-learning-matrices-split/airline78.csv.32.4.B.vc
Ans-fold time: 4.7309
==== Integer vector .C compression
Command: /home/louza/mm-repair/sdsl/encode.x /mnt/data/datasets/machine-learning-matrices-split/airline78.csv.32.5.A.vc.C 
==== Integer vector .R compression
Command: /home/louza/mm-repair/sdsl/encode.x /mnt/data/datasets/machine-learning-matrices-split/airline78.csv.32.5.A.vc.R 
Integer vector compression time: 1.2196
==== OLE
Command: /home/louza/mm-repair/ole/encode.x /mnt/data/datasets/machine-learning-matrices-split/airline78.csv.32.5.A.vc.C 
Command: /home/louza/mm-repair/ole/encode.x /mnt/data/datasets/machine-learning-matrices-split/airline78.csv.32.5.B.vc 
OLE time: 0.1323
==== Ans-fold compression
Command: /home/louza/mm-repair/ans/encode.x /mnt/data/datasets/machine-learning-matrices-split/airline78.csv.32.5.A.vc.C 
Command: /home/louza/mm-repair/ans/encode.x /mnt/data/datasets/machine-learning-matrices-split/airline78.csv.32.5.B.vc
Ans-fold time: 5.4159
==== Integer vector .C compression
Command: /home/louza/mm-repair/sdsl/encode.x /mnt/data/datasets/machine-learning-matrices-split/airline78.csv.32.6.A.vc.C 
==== Integer vector .R compression
Command: /home/louza/mm-repair/sdsl/encode.x /mnt/data/datasets/machine-learning-matrices-split/airline78.csv.32.6.A.vc.R 
Integer vector compression time: 1.3705
==== OLE
Command: /home/louza/mm-repair/ole/encode.x /mnt/data/datasets/machine-learning-matrices-split/airline78.csv.32.6.A.vc.C 
Command: /home/louza/mm-repair/ole/encode.x /mnt/data/datasets/machine-learning-matrices-split/airline78.csv.32.6.B.vc 
OLE time: 0.2630
==== Ans-fold compression
Command: /home/louza/mm-repair/ans/encode.x /mnt/data/datasets/machine-learning-matrices-split/airline78.csv.32.6.A.vc.C 
Command: /home/louza/mm-repair/ans/encode.x /mnt/data/datasets/machine-learning-matrices-split/airline78.csv.32.6.B.vc
Ans-fold time: 6.2777
==== Integer vector .C compression
Command: /home/louza/mm-repair/sdsl/encode.x /mnt/data/datasets/machine-learning-matrices-split/airline78.csv.32.7.A.vc.C 
==== Integer vector .R compression
Command: /home/louza/mm-repair/sdsl/encode.x /mnt/data/datasets/machine-learning-matrices-split/airline78.csv.32.7.A.vc.R 
Integer vector compression time: 0.8935
==== OLE
Command: /home/louza/mm-repair/ole/encode.x /mnt/data/datasets/machine-learning-matrices-split/airline78.csv.32.7.A.vc.C 
Command: /home/louza/mm-repair/ole/encode.x /mnt/data/datasets/machine-learning-matrices-split/airline78.csv.32.7.B.vc 
OLE time: 0.1241
==== Ans-fold compression
Command: /home/louza/mm-repair/ans/encode.x /mnt/data/datasets/machine-learning-matrices-split/airline78.csv.32.7.A.vc.C 
Command: /home/louza/mm-repair/ans/encode.x /mnt/data/datasets/machine-learning-matrices-split/airline78.csv.32.7.B.vc
Ans-fold time: 7.0471
==== Integer vector .C compression
Command: /home/louza/mm-repair/sdsl/encode.x /mnt/data/datasets/machine-learning-matrices-split/airline78.csv.32.8.A.vc.C 
==== Integer vector .R compression
Command: /home/louza/mm-repair/sdsl/encode.x /mnt/data/datasets/machine-learning-matrices-split/airline78.csv.32.8.A.vc.R 
Integer vector compression time: 0.9880
==== OLE
Command: /home/louza/mm-repair/ole/encode.x /mnt/data/datasets/machine-learning-matrices-split/airline78.csv.32.8.A.vc.C 
Command: /home/louza/mm-repair/ole/encode.x /mnt/data/datasets/machine-learning-matrices-split/airline78.csv.32.8.B.vc 
OLE time: 0.1834
==== Ans-fold compression
Command: /home/louza/mm-repair/ans/encode.x /mnt/data/datasets/machine-learning-matrices-split/airline78.csv.32.8.A.vc.C 
Command: /home/louza/mm-repair/ans/encode.x /mnt/data/datasets/machine-learning-matrices-split/airline78.csv.32.8.B.vc
Ans-fold time: 8.0415
==== Integer vector .C compression
Command: /home/louza/mm-repair/sdsl/encode.x /mnt/data/datasets/machine-learning-matrices-split/airline78.csv.32.9.A.vc.C 
==== Integer vector .R compression
Command: /home/louza/mm-repair/sdsl/encode.x /mnt/data/datasets/machine-learning-matrices-split/airline78.csv.32.9.A.vc.R 
Integer vector compression time: 0.5879
==== OLE
Command: /home/louza/mm-repair/ole/encode.x /mnt/data/datasets/machine-learning-matrices-split/airline78.csv.32.9.A.vc.C 
Command: /home/louza/mm-repair/ole/encode.x /mnt/data/datasets/machine-learning-matrices-split/airline78.csv.32.9.B.vc 
OLE time: 0.0571
==== Ans-fold compression
Command: /home/louza/mm-repair/ans/encode.x /mnt/data/datasets/machine-learning-matrices-split/airline78.csv.32.9.A.vc.C 
Command: /home/louza/mm-repair/ans/encode.x /mnt/data/datasets/machine-learning-matrices-split/airline78.csv.32.9.B.vc
Ans-fold time: 8.7132
==== Integer vector .C compression
Command: /home/louza/mm-repair/sdsl/encode.x /mnt/data/datasets/machine-learning-matrices-split/airline78.csv.32.10.A.vc.C 
==== Integer vector .R compression
Command: /home/louza/mm-repair/sdsl/encode.x /mnt/data/datasets/machine-learning-matrices-split/airline78.csv.32.10.A.vc.R 
Integer vector compression time: 0.9706
==== OLE
Command: /home/louza/mm-repair/ole/encode.x /mnt/data/datasets/machine-learning-matrices-split/airline78.csv.32.10.A.vc.C 
Command: /home/louza/mm-repair/ole/encode.x /mnt/data/datasets/machine-learning-matrices-split/airline78.csv.32.10.B.vc 
OLE time: 0.1619
==== Ans-fold compression
Command: /home/louza/mm-repair/ans/encode.x /mnt/data/datasets/machine-learning-matrices-split/airline78.csv.32.10.A.vc.C 
Command: /home/louza/mm-repair/ans/encode.x /mnt/data/datasets/machine-learning-matrices-split/airline78.csv.32.10.B.vc
Ans-fold time: 9.3995
==== Integer vector .C compression
Command: /home/louza/mm-repair/sdsl/encode.x /mnt/data/datasets/machine-learning-matrices-split/airline78.csv.32.11.A.vc.C 
==== Integer vector .R compression
Command: /home/louza/mm-repair/sdsl/encode.x /mnt/data/datasets/machine-learning-matrices-split/airline78.csv.32.11.A.vc.R 
Integer vector compression time: 0.9262
==== OLE
Command: /home/louza/mm-repair/ole/encode.x /mnt/data/datasets/machine-learning-matrices-split/airline78.csv.32.11.A.vc.C 
Command: /home/louza/mm-repair/ole/encode.x /mnt/data/datasets/machine-learning-matrices-split/airline78.csv.32.11.B.vc 
OLE time: 0.1230
==== Ans-fold compression
Command: /home/louza/mm-repair/ans/encode.x /mnt/data/datasets/machine-learning-matrices-split/airline78.csv.32.11.A.vc.C 
Command: /home/louza/mm-repair/ans/encode.x /mnt/data/datasets/machine-learning-matrices-split/airline78.csv.32.11.B.vc
Ans-fold time: 10.5486
==== Integer vector .C compression
Command: /home/louza/mm-repair/sdsl/encode.x /mnt/data/datasets/machine-learning-matrices-split/airline78.csv.32.12.A.vc.C 
==== Integer vector .R compression
Command: /home/louza/mm-repair/sdsl/encode.x /mnt/data/datasets/machine-learning-matrices-split/airline78.csv.32.12.A.vc.R 
Integer vector compression time: 1.4552
==== OLE
Command: /home/louza/mm-repair/ole/encode.x /mnt/data/datasets/machine-learning-matrices-split/airline78.csv.32.12.A.vc.C 
Command: /home/louza/mm-repair/ole/encode.x /mnt/data/datasets/machine-learning-matrices-split/airline78.csv.32.12.B.vc 
OLE time: 0.5859
==== Ans-fold compression
Command: /home/louza/mm-repair/ans/encode.x /mnt/data/datasets/machine-learning-matrices-split/airline78.csv.32.12.A.vc.C 
Command: /home/louza/mm-repair/ans/encode.x /mnt/data/datasets/machine-learning-matrices-split/airline78.csv.32.12.B.vc
Ans-fold time: 12.1077
==== Integer vector .C compression
Command: /home/louza/mm-repair/sdsl/encode.x /mnt/data/datasets/machine-learning-matrices-split/airline78.csv.32.13.A.vc.C 
==== Integer vector .R compression
Command: /home/louza/mm-repair/sdsl/encode.x /mnt/data/datasets/machine-learning-matrices-split/airline78.csv.32.13.A.vc.R 
Integer vector compression time: 1.2304
==== OLE
Command: /home/louza/mm-repair/ole/encode.x /mnt/data/datasets/machine-learning-matrices-split/airline78.csv.32.13.A.vc.C 
Command: /home/louza/mm-repair/ole/encode.x /mnt/data/datasets/machine-learning-matrices-split/airline78.csv.32.13.B.vc 
OLE time: 0.2949
==== Ans-fold compression
Command: /home/louza/mm-repair/ans/encode.x /mnt/data/datasets/machine-learning-matrices-split/airline78.csv.32.13.A.vc.C 
Command: /home/louza/mm-repair/ans/encode.x /mnt/data/datasets/machine-learning-matrices-split/airline78.csv.32.13.B.vc
Ans-fold time: 12.9148
==== Integer vector .C compression
Command: /home/louza/mm-repair/sdsl/encode.x /mnt/data/datasets/machine-learning-matrices-split/airline78.csv.32.14.A.vc.C 
==== Integer vector .R compression
Command: /home/louza/mm-repair/sdsl/encode.x /mnt/data/datasets/machine-learning-matrices-split/airline78.csv.32.14.A.vc.R 
Integer vector compression time: 0.9717
==== OLE
Command: /home/louza/mm-repair/ole/encode.x /mnt/data/datasets/machine-learning-matrices-split/airline78.csv.32.14.A.vc.C 
Command: /home/louza/mm-repair/ole/encode.x /mnt/data/datasets/machine-learning-matrices-split/airline78.csv.32.14.B.vc 
OLE time: 0.3230
==== Ans-fold compression
Command: /home/louza/mm-repair/ans/encode.x /mnt/data/datasets/machine-learning-matrices-split/airline78.csv.32.14.A.vc.C 
Command: /home/louza/mm-repair/ans/encode.x /mnt/data/datasets/machine-learning-matrices-split/airline78.csv.32.14.B.vc
Ans-fold time: 13.8194
==== Integer vector .C compression
Command: /home/louza/mm-repair/sdsl/encode.x /mnt/data/datasets/machine-learning-matrices-split/airline78.csv.32.15.A.vc.C 
==== Integer vector .R compression
Command: /home/louza/mm-repair/sdsl/encode.x /mnt/data/datasets/machine-learning-matrices-split/airline78.csv.32.15.A.vc.R 
Integer vector compression time: 1.3040
==== OLE
Command: /home/louza/mm-repair/ole/encode.x /mnt/data/datasets/machine-learning-matrices-split/airline78.csv.32.15.A.vc.C 
Command: /home/louza/mm-repair/ole/encode.x /mnt/data/datasets/machine-learning-matrices-split/airline78.csv.32.15.B.vc 
OLE time: 0.6993
==== Ans-fold compression
Command: /home/louza/mm-repair/ans/encode.x /mnt/data/datasets/machine-learning-matrices-split/airline78.csv.32.15.A.vc.C 
Command: /home/louza/mm-repair/ans/encode.x /mnt/data/datasets/machine-learning-matrices-split/airline78.csv.32.15.B.vc
Ans-fold time: 15.2994
==== Integer vector .C compression
Command: /home/louza/mm-repair/sdsl/encode.x /mnt/data/datasets/machine-learning-matrices-split/airline78.csv.32.16.A.vc.C 
==== Integer vector .R compression
Command: /home/louza/mm-repair/sdsl/encode.x /mnt/data/datasets/machine-learning-matrices-split/airline78.csv.32.16.A.vc.R 
Integer vector compression time: 1.2418
==== OLE
Command: /home/louza/mm-repair/ole/encode.x /mnt/data/datasets/machine-learning-matrices-split/airline78.csv.32.16.A.vc.C 
Command: /home/louza/mm-repair/ole/encode.x /mnt/data/datasets/machine-learning-matrices-split/airline78.csv.32.16.B.vc 
OLE time: 0.5839
==== Ans-fold compression
Command: /home/louza/mm-repair/ans/encode.x /mnt/data/datasets/machine-learning-matrices-split/airline78.csv.32.16.A.vc.C 
Command: /home/louza/mm-repair/ans/encode.x /mnt/data/datasets/machine-learning-matrices-split/airline78.csv.32.16.B.vc
Ans-fold time: 17.0378
==== Integer vector .C compression
Command: /home/louza/mm-repair/sdsl/encode.x /mnt/data/datasets/machine-learning-matrices-split/airline78.csv.32.17.A.vc.C 
==== Integer vector .R compression
Command: /home/louza/mm-repair/sdsl/encode.x /mnt/data/datasets/machine-learning-matrices-split/airline78.csv.32.17.A.vc.R 
Integer vector compression time: 2.1328
==== OLE
Command: /home/louza/mm-repair/ole/encode.x /mnt/data/datasets/machine-learning-matrices-split/airline78.csv.32.17.A.vc.C 
Command: /home/louza/mm-repair/ole/encode.x /mnt/data/datasets/machine-learning-matrices-split/airline78.csv.32.17.B.vc 
OLE time: 0.5144
==== Ans-fold compression
Command: /home/louza/mm-repair/ans/encode.x /mnt/data/datasets/machine-learning-matrices-split/airline78.csv.32.17.A.vc.C 
Command: /home/louza/mm-repair/ans/encode.x /mnt/data/datasets/machine-learning-matrices-split/airline78.csv.32.17.B.vc
Ans-fold time: 18.1804
==== Integer vector .C compression
Command: /home/louza/mm-repair/sdsl/encode.x /mnt/data/datasets/machine-learning-matrices-split/airline78.csv.32.18.A.vc.C 
==== Integer vector .R compression
Command: /home/louza/mm-repair/sdsl/encode.x /mnt/data/datasets/machine-learning-matrices-split/airline78.csv.32.18.A.vc.R 
Integer vector compression time: 1.8156
==== OLE
Command: /home/louza/mm-repair/ole/encode.x /mnt/data/datasets/machine-learning-matrices-split/airline78.csv.32.18.A.vc.C 
Command: /home/louza/mm-repair/ole/encode.x /mnt/data/datasets/machine-learning-matrices-split/airline78.csv.32.18.B.vc 
OLE time: 0.5921
==== Ans-fold compression
Command: /home/louza/mm-repair/ans/encode.x /mnt/data/datasets/machine-learning-matrices-split/airline78.csv.32.18.A.vc.C 
Command: /home/louza/mm-repair/ans/encode.x /mnt/data/datasets/machine-learning-matrices-split/airline78.csv.32.18.B.vc
Ans-fold time: 19.3588
==== Integer vector .C compression
Command: /home/louza/mm-repair/sdsl/encode.x /mnt/data/datasets/machine-learning-matrices-split/airline78.csv.32.19.A.vc.C 
==== Integer vector .R compression
Command: /home/louza/mm-repair/sdsl/encode.x /mnt/data/datasets/machine-learning-matrices-split/airline78.csv.32.19.A.vc.R 
Integer vector compression time: 2.7313
==== OLE
Command: /home/louza/mm-repair/ole/encode.x /mnt/data/datasets/machine-learning-matrices-split/airline78.csv.32.19.A.vc.C 
Command: /home/louza/mm-repair/ole/encode.x /mnt/data/datasets/machine-learning-matrices-split/airline78.csv.32.19.B.vc 
OLE time: 0.6169
==== Ans-fold compression
Command: /home/louza/mm-repair/ans/encode.x /mnt/data/datasets/machine-learning-matrices-split/airline78.csv.32.19.A.vc.C 
Command: /home/louza/mm-repair/ans/encode.x /mnt/data/datasets/machine-learning-matrices-split/airline78.csv.32.19.B.vc
Ans-fold time: 21.6631
==== Integer vector .C compression
Command: /home/louza/mm-repair/sdsl/encode.x /mnt/data/datasets/machine-learning-matrices-split/airline78.csv.32.20.A.vc.C 
==== Integer vector .R compression
Command: /home/louza/mm-repair/sdsl/encode.x /mnt/data/datasets/machine-learning-matrices-split/airline78.csv.32.20.A.vc.R 
Integer vector compression time: 1.7850
==== OLE
Command: /home/louza/mm-repair/ole/encode.x /mnt/data/datasets/machine-learning-matrices-split/airline78.csv.32.20.A.vc.C 
Command: /home/louza/mm-repair/ole/encode.x /mnt/data/datasets/machine-learning-matrices-split/airline78.csv.32.20.B.vc 
OLE time: 0.2198
==== Ans-fold compression
Command: /home/louza/mm-repair/ans/encode.x /mnt/data/datasets/machine-learning-matrices-split/airline78.csv.32.20.A.vc.C 
Command: /home/louza/mm-repair/ans/encode.x /mnt/data/datasets/machine-learning-matrices-split/airline78.csv.32.20.B.vc
Ans-fold time: 24.5385
==== Integer vector .C compression
Command: /home/louza/mm-repair/sdsl/encode.x /mnt/data/datasets/machine-learning-matrices-split/airline78.csv.32.21.A.vc.C 
==== Integer vector .R compression
Command: /home/louza/mm-repair/sdsl/encode.x /mnt/data/datasets/machine-learning-matrices-split/airline78.csv.32.21.A.vc.R 
Integer vector compression time: 1.9157
==== OLE
Command: /home/louza/mm-repair/ole/encode.x /mnt/data/datasets/machine-learning-matrices-split/airline78.csv.32.21.A.vc.C 
Command: /home/louza/mm-repair/ole/encode.x /mnt/data/datasets/machine-learning-matrices-split/airline78.csv.32.21.B.vc 
OLE time: 2.0414
==== Ans-fold compression
Command: /home/louza/mm-repair/ans/encode.x /mnt/data/datasets/machine-learning-matrices-split/airline78.csv.32.21.A.vc.C 
Command: /home/louza/mm-repair/ans/encode.x /mnt/data/datasets/machine-learning-matrices-split/airline78.csv.32.21.B.vc
Ans-fold time: 29.1305
==== Integer vector .C compression
Command: /home/louza/mm-repair/sdsl/encode.x /mnt/data/datasets/machine-learning-matrices-split/airline78.csv.32.22.A.vc.C 
==== Integer vector .R compression
Command: /home/louza/mm-repair/sdsl/encode.x /mnt/data/datasets/machine-learning-matrices-split/airline78.csv.32.22.A.vc.R 
Integer vector compression time: 5.3459
==== OLE
Command: /home/louza/mm-repair/ole/encode.x /mnt/data/datasets/machine-learning-matrices-split/airline78.csv.32.22.A.vc.C 
Command: /home/louza/mm-repair/ole/encode.x /mnt/data/datasets/machine-learning-matrices-split/airline78.csv.32.22.B.vc 
OLE time: 0.3828
==== Ans-fold compression
Command: /home/louza/mm-repair/ans/encode.x /mnt/data/datasets/machine-learning-matrices-split/airline78.csv.32.22.A.vc.C 
Command: /home/louza/mm-repair/ans/encode.x /mnt/data/datasets/machine-learning-matrices-split/airline78.csv.32.22.B.vc
Ans-fold time: 31.7357
==== Integer vector .C compression
Command: /home/louza/mm-repair/sdsl/encode.x /mnt/data/datasets/machine-learning-matrices-split/airline78.csv.32.23.A.vc.C 
==== Integer vector .R compression
Command: /home/louza/mm-repair/sdsl/encode.x /mnt/data/datasets/machine-learning-matrices-split/airline78.csv.32.23.A.vc.R 
Integer vector compression time: 1.3517
==== OLE
Command: /home/louza/mm-repair/ole/encode.x /mnt/data/datasets/machine-learning-matrices-split/airline78.csv.32.23.A.vc.C 
Command: /home/louza/mm-repair/ole/encode.x /mnt/data/datasets/machine-learning-matrices-split/airline78.csv.32.23.B.vc 
OLE time: 0.2438
==== Ans-fold compression
Command: /home/louza/mm-repair/ans/encode.x /mnt/data/datasets/machine-learning-matrices-split/airline78.csv.32.23.A.vc.C 
Command: /home/louza/mm-repair/ans/encode.x /mnt/data/datasets/machine-learning-matrices-split/airline78.csv.32.23.B.vc
Ans-fold time: 33.0017
==== Integer vector .C compression
Command: /home/louza/mm-repair/sdsl/encode.x /mnt/data/datasets/machine-learning-matrices-split/airline78.csv.32.24.A.vc.C 
==== Integer vector .R compression
Command: /home/louza/mm-repair/sdsl/encode.x /mnt/data/datasets/machine-learning-matrices-split/airline78.csv.32.24.A.vc.R 
Integer vector compression time: 1.8302
==== OLE
Command: /home/louza/mm-repair/ole/encode.x /mnt/data/datasets/machine-learning-matrices-split/airline78.csv.32.24.A.vc.C 
Command: /home/louza/mm-repair/ole/encode.x /mnt/data/datasets/machine-learning-matrices-split/airline78.csv.32.24.B.vc 
OLE time: 0.1821
==== Ans-fold compression
Command: /home/louza/mm-repair/ans/encode.x /mnt/data/datasets/machine-learning-matrices-split/airline78.csv.32.24.A.vc.C 
Command: /home/louza/mm-repair/ans/encode.x /mnt/data/datasets/machine-learning-matrices-split/airline78.csv.32.24.B.vc
Ans-fold time: 36.1668
==== Integer vector .C compression
Command: /home/louza/mm-repair/sdsl/encode.x /mnt/data/datasets/machine-learning-matrices-split/airline78.csv.32.25.A.vc.C 
==== Integer vector .R compression
Command: /home/louza/mm-repair/sdsl/encode.x /mnt/data/datasets/machine-learning-matrices-split/airline78.csv.32.25.A.vc.R 
Integer vector compression time: 5.8373
==== OLE
Command: /home/louza/mm-repair/ole/encode.x /mnt/data/datasets/machine-learning-matrices-split/airline78.csv.32.25.A.vc.C 
Command: /home/louza/mm-repair/ole/encode.x /mnt/data/datasets/machine-learning-matrices-split/airline78.csv.32.25.B.vc 
OLE time: 3.0649
==== Ans-fold compression
Command: /home/louza/mm-repair/ans/encode.x /mnt/data/datasets/machine-learning-matrices-split/airline78.csv.32.25.A.vc.C 
Command: /home/louza/mm-repair/ans/encode.x /mnt/data/datasets/machine-learning-matrices-split/airline78.csv.32.25.B.vc
Ans-fold time: 39.4850
==== Integer vector .C compression
Command: /home/louza/mm-repair/sdsl/encode.x /mnt/data/datasets/machine-learning-matrices-split/airline78.csv.32.26.A.vc.C 
==== Integer vector .R compression
Command: /home/louza/mm-repair/sdsl/encode.x /mnt/data/datasets/machine-learning-matrices-split/airline78.csv.32.26.A.vc.R 
Integer vector compression time: 3.5034
==== OLE
Command: /home/louza/mm-repair/ole/encode.x /mnt/data/datasets/machine-learning-matrices-split/airline78.csv.32.26.A.vc.C 
Command: /home/louza/mm-repair/ole/encode.x /mnt/data/datasets/machine-learning-matrices-split/airline78.csv.32.26.B.vc 
OLE time: 0.1272
==== Ans-fold compression
Command: /home/louza/mm-repair/ans/encode.x /mnt/data/datasets/machine-learning-matrices-split/airline78.csv.32.26.A.vc.C 
Command: /home/louza/mm-repair/ans/encode.x /mnt/data/datasets/machine-learning-matrices-split/airline78.csv.32.26.B.vc
Ans-fold time: 40.9970
==== Integer vector .C compression
Command: /home/louza/mm-repair/sdsl/encode.x /mnt/data/datasets/machine-learning-matrices-split/airline78.csv.32.27.A.vc.C 
==== Integer vector .R compression
Command: /home/louza/mm-repair/sdsl/encode.x /mnt/data/datasets/machine-learning-matrices-split/airline78.csv.32.27.A.vc.R 
Integer vector compression time: 1.5362
==== OLE
Command: /home/louza/mm-repair/ole/encode.x /mnt/data/datasets/machine-learning-matrices-split/airline78.csv.32.27.A.vc.C 
Command: /home/louza/mm-repair/ole/encode.x /mnt/data/datasets/machine-learning-matrices-split/airline78.csv.32.27.B.vc 
OLE time: 0.5745
==== Ans-fold compression
Command: /home/louza/mm-repair/ans/encode.x /mnt/data/datasets/machine-learning-matrices-split/airline78.csv.32.27.A.vc.C 
Command: /home/louza/mm-repair/ans/encode.x /mnt/data/datasets/machine-learning-matrices-split/airline78.csv.32.27.B.vc
Ans-fold time: 43.3594
==== Integer vector .C compression
Command: /home/louza/mm-repair/sdsl/encode.x /mnt/data/datasets/machine-learning-matrices-split/airline78.csv.32.28.A.vc.C 
==== Integer vector .R compression
Command: /home/louza/mm-repair/sdsl/encode.x /mnt/data/datasets/machine-learning-matrices-split/airline78.csv.32.28.A.vc.R 
Integer vector compression time: 0.8940
==== OLE
Command: /home/louza/mm-repair/ole/encode.x /mnt/data/datasets/machine-learning-matrices-split/airline78.csv.32.28.A.vc.C 
Command: /home/louza/mm-repair/ole/encode.x /mnt/data/datasets/machine-learning-matrices-split/airline78.csv.32.28.B.vc 
OLE time: 0.4883
==== Ans-fold compression
Command: /home/louza/mm-repair/ans/encode.x /mnt/data/datasets/machine-learning-matrices-split/airline78.csv.32.28.A.vc.C 
Command: /home/louza/mm-repair/ans/encode.x /mnt/data/datasets/machine-learning-matrices-split/airline78.csv.32.28.B.vc
Ans-fold time: 44.8260
==== Integer vector .C compression
Command: /home/louza/mm-repair/sdsl/encode.x /mnt/data/datasets/machine-learning-matrices-split/airline78.csv.32.29.A.vc.C 
==== Integer vector .R compression
Command: /home/louza/mm-repair/sdsl/encode.x /mnt/data/datasets/machine-learning-matrices-split/airline78.csv.32.29.A.vc.R 
Integer vector compression time: 1.6165
==== OLE
Command: /home/louza/mm-repair/ole/encode.x /mnt/data/datasets/machine-learning-matrices-split/airline78.csv.32.29.A.vc.C 
Command: /home/louza/mm-repair/ole/encode.x /mnt/data/datasets/machine-learning-matrices-split/airline78.csv.32.29.B.vc 
OLE time: 0.1727
==== Ans-fold compression
Command: /home/louza/mm-repair/ans/encode.x /mnt/data/datasets/machine-learning-matrices-split/airline78.csv.32.29.A.vc.C 
Command: /home/louza/mm-repair/ans/encode.x /mnt/data/datasets/machine-learning-matrices-split/airline78.csv.32.29.B.vc
Ans-fold time: 46.6157
==== Integer vector .C compression
Command: /home/louza/mm-repair/sdsl/encode.x /mnt/data/datasets/machine-learning-matrices-split/airline78.csv.32.30.A.vc.C 
==== Integer vector .R compression
Command: /home/louza/mm-repair/sdsl/encode.x /mnt/data/datasets/machine-learning-matrices-split/airline78.csv.32.30.A.vc.R 
Integer vector compression time: 1.7125
==== OLE
Command: /home/louza/mm-repair/ole/encode.x /mnt/data/datasets/machine-learning-matrices-split/airline78.csv.32.30.A.vc.C 
Command: /home/louza/mm-repair/ole/encode.x /mnt/data/datasets/machine-learning-matrices-split/airline78.csv.32.30.B.vc 
OLE time: 0.2754
==== Ans-fold compression
Command: /home/louza/mm-repair/ans/encode.x /mnt/data/datasets/machine-learning-matrices-split/airline78.csv.32.30.A.vc.C 
Command: /home/louza/mm-repair/ans/encode.x /mnt/data/datasets/machine-learning-matrices-split/airline78.csv.32.30.B.vc
Ans-fold time: 47.5098
==== Integer vector .C compression
Command: /home/louza/mm-repair/sdsl/encode.x /mnt/data/datasets/machine-learning-matrices-split/airline78.csv.32.31.A.vc.C 
==== Integer vector .R compression
Command: /home/louza/mm-repair/sdsl/encode.x /mnt/data/datasets/machine-learning-matrices-split/airline78.csv.32.31.A.vc.R 
Integer vector compression time: 1.2338
==== OLE
Command: /home/louza/mm-repair/ole/encode.x /mnt/data/datasets/machine-learning-matrices-split/airline78.csv.32.31.A.vc.C 
Command: /home/louza/mm-repair/ole/encode.x /mnt/data/datasets/machine-learning-matrices-split/airline78.csv.32.31.B.vc 
OLE time: 1.1254
==== Ans-fold compression
Command: /home/louza/mm-repair/ans/encode.x /mnt/data/datasets/machine-learning-matrices-split/airline78.csv.32.31.A.vc.C 
Command: /home/louza/mm-repair/ans/encode.x /mnt/data/datasets/machine-learning-matrices-split/airline78.csv.32.31.B.vc
Ans-fold time: 48.4929
Command: /home/louza/mm-repair/ans/encode.x /mnt/data/datasets/machine-learning-matrices-split/airline78.csv.wcode 
Elapsed time: 976.9768
==== Compression Report:
 >> matrix name: /mnt/data/datasets/machine-learning-matrices-split/airline78.csv
 >> conversion time: 774.31
 >> repair time: 20.83
 >> integer vectors time: 1.23
 >> ansf time: 48.49
 >> total time: 976.98
 >> wcode: 119868 bytes
 >> wcode_ans: 9474 bytes
 >> matrix log(alpha)xNumEntries size: 681566188 bytes
 >> matrix dense size: 3355402776 bytes
 >> total number of nonzero: 292667834 (69.78%)
 >> number of distinct nonzero: 7794
 >> CRSV  size: 1228585460 bytes  (36.62%)
 >> B	  size: 106232224 bytes  (3.17%)
 >> B_ans size: 25418447 bytes  (0.76%)
 >> RE32  size: 600508495 bytes  (17.90%)
 >> REIV  size: 366953027 bytes  (10.94%)
 >> REANS size: 313035511 bytes  (9.33%)
==== Done
REANS -b 20

#### 2026-09-08 08:51:11
 Command line: ./mm-repair/matrepair -r -b 20 -p 20 /mnt/data/datasets/machine-learning-matrices-split/airline78.csv 14462943 29 
Setting memory for each repair instance to 23202 MBs
Sending logging messages to file: /mnt/data/datasets/machine-learning-matrices-split/airline78.csv.log
==== Conversion bin/csv->csrv
Command: /home/louza/mm-repair/csvmat2csrv -b 20   /mnt/data/datasets/machine-learning-matrices-split/airline78.csv -r 0   14462943 29
Conversion time: 651.0610
==== Repair paralell compression
---- Executing 20 parallel processes
---- Parallel processing completed
Repair time: 46.3698
==== Integer vector .C compression
Command: /home/louza/mm-repair/sdsl/encode.x /mnt/data/datasets/machine-learning-matrices-split/airline78.csv.20.0.vc.C 
==== Integer vector .R compression
Command: /home/louza/mm-repair/sdsl/encode.x /mnt/data/datasets/machine-learning-matrices-split/airline78.csv.20.0.vc.R 
Integer vector compression time: 0.2585
==== Ans-fold compression
Command: /home/louza/mm-repair/ans/encode.x /mnt/data/datasets/machine-learning-matrices-split/airline78.csv.20.0.vc.C 
Ans-fold time: 0.9377
==== Integer vector .C compression
Command: /home/louza/mm-repair/sdsl/encode.x /mnt/data/datasets/machine-learning-matrices-split/airline78.csv.20.1.vc.C 
==== Integer vector .R compression
Command: /home/louza/mm-repair/sdsl/encode.x /mnt/data/datasets/machine-learning-matrices-split/airline78.csv.20.1.vc.R 
Integer vector compression time: 0.3272
==== Ans-fold compression
Command: /home/louza/mm-repair/ans/encode.x /mnt/data/datasets/machine-learning-matrices-split/airline78.csv.20.1.vc.C 
Ans-fold time: 1.5608
==== Integer vector .C compression
Command: /home/louza/mm-repair/sdsl/encode.x /mnt/data/datasets/machine-learning-matrices-split/airline78.csv.20.2.vc.C 
==== Integer vector .R compression
Command: /home/louza/mm-repair/sdsl/encode.x /mnt/data/datasets/machine-learning-matrices-split/airline78.csv.20.2.vc.R 
Integer vector compression time: 0.2507
==== Ans-fold compression
Command: /home/louza/mm-repair/ans/encode.x /mnt/data/datasets/machine-learning-matrices-split/airline78.csv.20.2.vc.C 
Ans-fold time: 2.1693
==== Integer vector .C compression
Command: /home/louza/mm-repair/sdsl/encode.x /mnt/data/datasets/machine-learning-matrices-split/airline78.csv.20.3.vc.C 
==== Integer vector .R compression
Command: /home/louza/mm-repair/sdsl/encode.x /mnt/data/datasets/machine-learning-matrices-split/airline78.csv.20.3.vc.R 
Integer vector compression time: 0.2569
==== Ans-fold compression
Command: /home/louza/mm-repair/ans/encode.x /mnt/data/datasets/machine-learning-matrices-split/airline78.csv.20.3.vc.C 
Ans-fold time: 2.7676
==== Integer vector .C compression
Command: /home/louza/mm-repair/sdsl/encode.x /mnt/data/datasets/machine-learning-matrices-split/airline78.csv.20.4.vc.C 
==== Integer vector .R compression
Command: /home/louza/mm-repair/sdsl/encode.x /mnt/data/datasets/machine-learning-matrices-split/airline78.csv.20.4.vc.R 
Integer vector compression time: 0.2578
==== Ans-fold compression
Command: /home/louza/mm-repair/ans/encode.x /mnt/data/datasets/machine-learning-matrices-split/airline78.csv.20.4.vc.C 
Ans-fold time: 3.3707
==== Integer vector .C compression
Command: /home/louza/mm-repair/sdsl/encode.x /mnt/data/datasets/machine-learning-matrices-split/airline78.csv.20.5.vc.C 
==== Integer vector .R compression
Command: /home/louza/mm-repair/sdsl/encode.x /mnt/data/datasets/machine-learning-matrices-split/airline78.csv.20.5.vc.R 
Integer vector compression time: 0.2479
==== Ans-fold compression
Command: /home/louza/mm-repair/ans/encode.x /mnt/data/datasets/machine-learning-matrices-split/airline78.csv.20.5.vc.C 
Ans-fold time: 4.0784
==== Integer vector .C compression
Command: /home/louza/mm-repair/sdsl/encode.x /mnt/data/datasets/machine-learning-matrices-split/airline78.csv.20.6.vc.C 
==== Integer vector .R compression
Command: /home/louza/mm-repair/sdsl/encode.x /mnt/data/datasets/machine-learning-matrices-split/airline78.csv.20.6.vc.R 
Integer vector compression time: 1.1897
==== Ans-fold compression
Command: /home/louza/mm-repair/ans/encode.x /mnt/data/datasets/machine-learning-matrices-split/airline78.csv.20.6.vc.C 
Ans-fold time: 4.7647
==== Integer vector .C compression
Command: /home/louza/mm-repair/sdsl/encode.x /mnt/data/datasets/machine-learning-matrices-split/airline78.csv.20.7.vc.C 
==== Integer vector .R compression
Command: /home/louza/mm-repair/sdsl/encode.x /mnt/data/datasets/machine-learning-matrices-split/airline78.csv.20.7.vc.R 
Integer vector compression time: 0.3360
==== Ans-fold compression
Command: /home/louza/mm-repair/ans/encode.x /mnt/data/datasets/machine-learning-matrices-split/airline78.csv.20.7.vc.C 
Ans-fold time: 5.4642
==== Integer vector .C compression
Command: /home/louza/mm-repair/sdsl/encode.x /mnt/data/datasets/machine-learning-matrices-split/airline78.csv.20.8.vc.C 
==== Integer vector .R compression
Command: /home/louza/mm-repair/sdsl/encode.x /mnt/data/datasets/machine-learning-matrices-split/airline78.csv.20.8.vc.R 
Integer vector compression time: 0.3345
==== Ans-fold compression
Command: /home/louza/mm-repair/ans/encode.x /mnt/data/datasets/machine-learning-matrices-split/airline78.csv.20.8.vc.C 
Ans-fold time: 6.0429
==== Integer vector .C compression
Command: /home/louza/mm-repair/sdsl/encode.x /mnt/data/datasets/machine-learning-matrices-split/airline78.csv.20.9.vc.C 
==== Integer vector .R compression
Command: /home/louza/mm-repair/sdsl/encode.x /mnt/data/datasets/machine-learning-matrices-split/airline78.csv.20.9.vc.R 
Integer vector compression time: 0.2506
==== Ans-fold compression
Command: /home/louza/mm-repair/ans/encode.x /mnt/data/datasets/machine-learning-matrices-split/airline78.csv.20.9.vc.C 
Ans-fold time: 6.7399
==== Integer vector .C compression
Command: /home/louza/mm-repair/sdsl/encode.x /mnt/data/datasets/machine-learning-matrices-split/airline78.csv.20.10.vc.C 
==== Integer vector .R compression
Command: /home/louza/mm-repair/sdsl/encode.x /mnt/data/datasets/machine-learning-matrices-split/airline78.csv.20.10.vc.R 
Integer vector compression time: 0.3284
==== Ans-fold compression
Command: /home/louza/mm-repair/ans/encode.x /mnt/data/datasets/machine-learning-matrices-split/airline78.csv.20.10.vc.C 
Ans-fold time: 7.3493
==== Integer vector .C compression
Command: /home/louza/mm-repair/sdsl/encode.x /mnt/data/datasets/machine-learning-matrices-split/airline78.csv.20.11.vc.C 
==== Integer vector .R compression
Command: /home/louza/mm-repair/sdsl/encode.x /mnt/data/datasets/machine-learning-matrices-split/airline78.csv.20.11.vc.R 
Integer vector compression time: 0.5409
==== Ans-fold compression
Command: /home/louza/mm-repair/ans/encode.x /mnt/data/datasets/machine-learning-matrices-split/airline78.csv.20.11.vc.C 
Ans-fold time: 7.9477
==== Integer vector .C compression
Command: /home/louza/mm-repair/sdsl/encode.x /mnt/data/datasets/machine-learning-matrices-split/airline78.csv.20.12.vc.C 
==== Integer vector .R compression
Command: /home/louza/mm-repair/sdsl/encode.x /mnt/data/datasets/machine-learning-matrices-split/airline78.csv.20.12.vc.R 
Integer vector compression time: 0.2669
==== Ans-fold compression
Command: /home/louza/mm-repair/ans/encode.x /mnt/data/datasets/machine-learning-matrices-split/airline78.csv.20.12.vc.C 
Ans-fold time: 8.5698
==== Integer vector .C compression
Command: /home/louza/mm-repair/sdsl/encode.x /mnt/data/datasets/machine-learning-matrices-split/airline78.csv.20.13.vc.C 
==== Integer vector .R compression
Command: /home/louza/mm-repair/sdsl/encode.x /mnt/data/datasets/machine-learning-matrices-split/airline78.csv.20.13.vc.R 
Integer vector compression time: 0.2886
==== Ans-fold compression
Command: /home/louza/mm-repair/ans/encode.x /mnt/data/datasets/machine-learning-matrices-split/airline78.csv.20.13.vc.C 
Ans-fold time: 9.7165
==== Integer vector .C compression
Command: /home/louza/mm-repair/sdsl/encode.x /mnt/data/datasets/machine-learning-matrices-split/airline78.csv.20.14.vc.C 
==== Integer vector .R compression
Command: /home/louza/mm-repair/sdsl/encode.x /mnt/data/datasets/machine-learning-matrices-split/airline78.csv.20.14.vc.R 
Integer vector compression time: 0.3391
==== Ans-fold compression
Command: /home/louza/mm-repair/ans/encode.x /mnt/data/datasets/machine-learning-matrices-split/airline78.csv.20.14.vc.C 
Ans-fold time: 10.7421
==== Integer vector .C compression
Command: /home/louza/mm-repair/sdsl/encode.x /mnt/data/datasets/machine-learning-matrices-split/airline78.csv.20.15.vc.C 
==== Integer vector .R compression
Command: /home/louza/mm-repair/sdsl/encode.x /mnt/data/datasets/machine-learning-matrices-split/airline78.csv.20.15.vc.R 
Integer vector compression time: 0.3671
==== Ans-fold compression
Command: /home/louza/mm-repair/ans/encode.x /mnt/data/datasets/machine-learning-matrices-split/airline78.csv.20.15.vc.C 
Ans-fold time: 11.7277
==== Integer vector .C compression
Command: /home/louza/mm-repair/sdsl/encode.x /mnt/data/datasets/machine-learning-matrices-split/airline78.csv.20.16.vc.C 
==== Integer vector .R compression
Command: /home/louza/mm-repair/sdsl/encode.x /mnt/data/datasets/machine-learning-matrices-split/airline78.csv.20.16.vc.R 
Integer vector compression time: 0.2551
==== Ans-fold compression
Command: /home/louza/mm-repair/ans/encode.x /mnt/data/datasets/machine-learning-matrices-split/airline78.csv.20.16.vc.C 
Ans-fold time: 12.1812
==== Integer vector .C compression
Command: /home/louza/mm-repair/sdsl/encode.x /mnt/data/datasets/machine-learning-matrices-split/airline78.csv.20.17.vc.C 
==== Integer vector .R compression
Command: /home/louza/mm-repair/sdsl/encode.x /mnt/data/datasets/machine-learning-matrices-split/airline78.csv.20.17.vc.R 
Integer vector compression time: 0.4050
==== Ans-fold compression
Command: /home/louza/mm-repair/ans/encode.x /mnt/data/datasets/machine-learning-matrices-split/airline78.csv.20.17.vc.C 
Ans-fold time: 12.7514
==== Integer vector .C compression
Command: /home/louza/mm-repair/sdsl/encode.x /mnt/data/datasets/machine-learning-matrices-split/airline78.csv.20.18.vc.C 
==== Integer vector .R compression
Command: /home/louza/mm-repair/sdsl/encode.x /mnt/data/datasets/machine-learning-matrices-split/airline78.csv.20.18.vc.R 
Integer vector compression time: 0.2518
==== Ans-fold compression
Command: /home/louza/mm-repair/ans/encode.x /mnt/data/datasets/machine-learning-matrices-split/airline78.csv.20.18.vc.C 
Ans-fold time: 13.3348
==== Integer vector .C compression
Command: /home/louza/mm-repair/sdsl/encode.x /mnt/data/datasets/machine-learning-matrices-split/airline78.csv.20.19.vc.C 
==== Integer vector .R compression
Command: /home/louza/mm-repair/sdsl/encode.x /mnt/data/datasets/machine-learning-matrices-split/airline78.csv.20.19.vc.R 
Integer vector compression time: 0.2492
==== Ans-fold compression
Command: /home/louza/mm-repair/ans/encode.x /mnt/data/datasets/machine-learning-matrices-split/airline78.csv.20.19.vc.C 
Ans-fold time: 13.9278
Elapsed time: 718.3629
==== Compression Report:
 >> matrix name: /mnt/data/datasets/machine-learning-matrices-split/airline78.csv
 >> conversion time: 651.06
 >> repair time: 46.37
 >> integer vectors time: 0.25
 >> ansf time: 13.93
 >> total time: 718.36
 >> matrix log(alpha)xNumEntries size: 681566188 bytes
 >> matrix dense size: 3355402776 bytes
 >> total number of nonzero: 304762947 (72.66%)
 >> number of distinct nonzero: 7794
 >> CRSV  size: 1276965912 bytes  (38.06%)
 >> RE32  size: 603733924 bytes  (17.99%)
 >> REIV  size: 377357584 bytes  (11.25%)
 >> REANS size: 339503768 bytes  (10.12%)
==== Done

#### 2026-09-08 09:03:09
 Command line: ./mm-repair/matrepair -r -b 20 -p 20 /mnt/data/datasets/machine-learning-matrices-split/airline78.csv 14462943 29 --ole 
Setting memory for each repair instance to 23202 MBs
Sending logging messages to file: /mnt/data/datasets/machine-learning-matrices-split/airline78.csv.log
==== Conversion bin/csv->csrv
Command: /home/louza/mm-repair/csvmat2csrv -b 20   /mnt/data/datasets/machine-learning-matrices-split/airline78.csv -r 0   14462943 29
Conversion time: 160.3381
==== Repair paralell compression
---- Executing 20 parallel processes
---- Parallel processing completed
Repair time: 57.2590
==== Integer vector .C compression
Command: /home/louza/mm-repair/sdsl/encode.x /mnt/data/datasets/machine-learning-matrices-split/airline78.csv.20.0.vc.C 
==== Integer vector .R compression
Command: /home/louza/mm-repair/sdsl/encode.x /mnt/data/datasets/machine-learning-matrices-split/airline78.csv.20.0.vc.R 
Integer vector compression time: 2.0503
==== OLE
Command: /home/louza/mm-repair/ole/encode.x /mnt/data/datasets/machine-learning-matrices-split/airline78.csv.20.0.vc.C 
OLE time: 3.3908
==== Ans-fold compression
Command: /home/louza/mm-repair/ans/encode.x /mnt/data/datasets/machine-learning-matrices-split/airline78.csv.20.0.vc.C 
Ans-fold time: 1.0034
==== Integer vector .C compression
Command: /home/louza/mm-repair/sdsl/encode.x /mnt/data/datasets/machine-learning-matrices-split/airline78.csv.20.1.vc.C 
==== Integer vector .R compression
Command: /home/louza/mm-repair/sdsl/encode.x /mnt/data/datasets/machine-learning-matrices-split/airline78.csv.20.1.vc.R 
Integer vector compression time: 3.3026
==== OLE
Command: /home/louza/mm-repair/ole/encode.x /mnt/data/datasets/machine-learning-matrices-split/airline78.csv.20.1.vc.C 
OLE time: 3.0005
==== Ans-fold compression
Command: /home/louza/mm-repair/ans/encode.x /mnt/data/datasets/machine-learning-matrices-split/airline78.csv.20.1.vc.C 
Ans-fold time: 2.3855
==== Integer vector .C compression
Command: /home/louza/mm-repair/sdsl/encode.x /mnt/data/datasets/machine-learning-matrices-split/airline78.csv.20.2.vc.C 
==== Integer vector .R compression
Command: /home/louza/mm-repair/sdsl/encode.x /mnt/data/datasets/machine-learning-matrices-split/airline78.csv.20.2.vc.R 
Integer vector compression time: 1.7590
==== OLE
Command: /home/louza/mm-repair/ole/encode.x /mnt/data/datasets/machine-learning-matrices-split/airline78.csv.20.2.vc.C 
OLE time: 3.0245
==== Ans-fold compression
Command: /home/louza/mm-repair/ans/encode.x /mnt/data/datasets/machine-learning-matrices-split/airline78.csv.20.2.vc.C 
Ans-fold time: 5.7205
==== Integer vector .C compression
Command: /home/louza/mm-repair/sdsl/encode.x /mnt/data/datasets/machine-learning-matrices-split/airline78.csv.20.3.vc.C 
==== Integer vector .R compression
Command: /home/louza/mm-repair/sdsl/encode.x /mnt/data/datasets/machine-learning-matrices-split/airline78.csv.20.3.vc.R 
Integer vector compression time: 1.9684
==== OLE
Command: /home/louza/mm-repair/ole/encode.x /mnt/data/datasets/machine-learning-matrices-split/airline78.csv.20.3.vc.C 
OLE time: 3.2170
==== Ans-fold compression
Command: /home/louza/mm-repair/ans/encode.x /mnt/data/datasets/machine-learning-matrices-split/airline78.csv.20.3.vc.C 
Ans-fold time: 7.2906
==== Integer vector .C compression
Command: /home/louza/mm-repair/sdsl/encode.x /mnt/data/datasets/machine-learning-matrices-split/airline78.csv.20.4.vc.C 
==== Integer vector .R compression
Command: /home/louza/mm-repair/sdsl/encode.x /mnt/data/datasets/machine-learning-matrices-split/airline78.csv.20.4.vc.R 
Integer vector compression time: 2.5892
==== OLE
Command: /home/louza/mm-repair/ole/encode.x /mnt/data/datasets/machine-learning-matrices-split/airline78.csv.20.4.vc.C 
OLE time: 2.4937
==== Ans-fold compression
Command: /home/louza/mm-repair/ans/encode.x /mnt/data/datasets/machine-learning-matrices-split/airline78.csv.20.4.vc.C 
Ans-fold time: 10.4304
==== Integer vector .C compression
Command: /home/louza/mm-repair/sdsl/encode.x /mnt/data/datasets/machine-learning-matrices-split/airline78.csv.20.5.vc.C 
==== Integer vector .R compression
Command: /home/louza/mm-repair/sdsl/encode.x /mnt/data/datasets/machine-learning-matrices-split/airline78.csv.20.5.vc.R 
Integer vector compression time: 1.7839
==== OLE
Command: /home/louza/mm-repair/ole/encode.x /mnt/data/datasets/machine-learning-matrices-split/airline78.csv.20.5.vc.C 
OLE time: 3.3196
==== Ans-fold compression
Command: /home/louza/mm-repair/ans/encode.x /mnt/data/datasets/machine-learning-matrices-split/airline78.csv.20.5.vc.C 
Ans-fold time: 11.5587
==== Integer vector .C compression
Command: /home/louza/mm-repair/sdsl/encode.x /mnt/data/datasets/machine-learning-matrices-split/airline78.csv.20.6.vc.C 
==== Integer vector .R compression
Command: /home/louza/mm-repair/sdsl/encode.x /mnt/data/datasets/machine-learning-matrices-split/airline78.csv.20.6.vc.R 
Integer vector compression time: 2.1876
==== OLE
Command: /home/louza/mm-repair/ole/encode.x /mnt/data/datasets/machine-learning-matrices-split/airline78.csv.20.6.vc.C 
OLE time: 4.4911
==== Ans-fold compression
Command: /home/louza/mm-repair/ans/encode.x /mnt/data/datasets/machine-learning-matrices-split/airline78.csv.20.6.vc.C 
Ans-fold time: 13.5964
==== Integer vector .C compression
Command: /home/louza/mm-repair/sdsl/encode.x /mnt/data/datasets/machine-learning-matrices-split/airline78.csv.20.7.vc.C 
==== Integer vector .R compression
Command: /home/louza/mm-repair/sdsl/encode.x /mnt/data/datasets/machine-learning-matrices-split/airline78.csv.20.7.vc.R 
Integer vector compression time: 5.2686
==== OLE
Command: /home/louza/mm-repair/ole/encode.x /mnt/data/datasets/machine-learning-matrices-split/airline78.csv.20.7.vc.C 
OLE time: 3.7095
==== Ans-fold compression
Command: /home/louza/mm-repair/ans/encode.x /mnt/data/datasets/machine-learning-matrices-split/airline78.csv.20.7.vc.C 
Ans-fold time: 17.8720
==== Integer vector .C compression
Command: /home/louza/mm-repair/sdsl/encode.x /mnt/data/datasets/machine-learning-matrices-split/airline78.csv.20.8.vc.C 
==== Integer vector .R compression
Command: /home/louza/mm-repair/sdsl/encode.x /mnt/data/datasets/machine-learning-matrices-split/airline78.csv.20.8.vc.R 
Integer vector compression time: 3.7302
==== OLE
Command: /home/louza/mm-repair/ole/encode.x /mnt/data/datasets/machine-learning-matrices-split/airline78.csv.20.8.vc.C 
OLE time: 3.1366
==== Ans-fold compression
Command: /home/louza/mm-repair/ans/encode.x /mnt/data/datasets/machine-learning-matrices-split/airline78.csv.20.8.vc.C 
Ans-fold time: 19.8472
==== Integer vector .C compression
Command: /home/louza/mm-repair/sdsl/encode.x /mnt/data/datasets/machine-learning-matrices-split/airline78.csv.20.9.vc.C 
==== Integer vector .R compression
Command: /home/louza/mm-repair/sdsl/encode.x /mnt/data/datasets/machine-learning-matrices-split/airline78.csv.20.9.vc.R 
Integer vector compression time: 3.8216
==== OLE
Command: /home/louza/mm-repair/ole/encode.x /mnt/data/datasets/machine-learning-matrices-split/airline78.csv.20.9.vc.C 
OLE time: 4.9832
==== Ans-fold compression
Command: /home/louza/mm-repair/ans/encode.x /mnt/data/datasets/machine-learning-matrices-split/airline78.csv.20.9.vc.C 
Ans-fold time: 22.4418
==== Integer vector .C compression
Command: /home/louza/mm-repair/sdsl/encode.x /mnt/data/datasets/machine-learning-matrices-split/airline78.csv.20.10.vc.C 
==== Integer vector .R compression
Command: /home/louza/mm-repair/sdsl/encode.x /mnt/data/datasets/machine-learning-matrices-split/airline78.csv.20.10.vc.R 
Integer vector compression time: 1.9896
==== OLE
Command: /home/louza/mm-repair/ole/encode.x /mnt/data/datasets/machine-learning-matrices-split/airline78.csv.20.10.vc.C 
OLE time: 4.6185
==== Ans-fold compression
Command: /home/louza/mm-repair/ans/encode.x /mnt/data/datasets/machine-learning-matrices-split/airline78.csv.20.10.vc.C 
Ans-fold time: 25.2609
==== Integer vector .C compression
Command: /home/louza/mm-repair/sdsl/encode.x /mnt/data/datasets/machine-learning-matrices-split/airline78.csv.20.11.vc.C 
==== Integer vector .R compression
Command: /home/louza/mm-repair/sdsl/encode.x /mnt/data/datasets/machine-learning-matrices-split/airline78.csv.20.11.vc.R 
Integer vector compression time: 4.2317
==== OLE
Command: /home/louza/mm-repair/ole/encode.x /mnt/data/datasets/machine-learning-matrices-split/airline78.csv.20.11.vc.C 
OLE time: 5.0388
==== Ans-fold compression
Command: /home/louza/mm-repair/ans/encode.x /mnt/data/datasets/machine-learning-matrices-split/airline78.csv.20.11.vc.C 
Ans-fold time: 28.8375
==== Integer vector .C compression
Command: /home/louza/mm-repair/sdsl/encode.x /mnt/data/datasets/machine-learning-matrices-split/airline78.csv.20.12.vc.C 
==== Integer vector .R compression
Command: /home/louza/mm-repair/sdsl/encode.x /mnt/data/datasets/machine-learning-matrices-split/airline78.csv.20.12.vc.R 
Integer vector compression time: 5.1421
==== OLE
Command: /home/louza/mm-repair/ole/encode.x /mnt/data/datasets/machine-learning-matrices-split/airline78.csv.20.12.vc.C 
OLE time: 5.3660
==== Ans-fold compression
Command: /home/louza/mm-repair/ans/encode.x /mnt/data/datasets/machine-learning-matrices-split/airline78.csv.20.12.vc.C 
Ans-fold time: 30.9046
==== Integer vector .C compression
Command: /home/louza/mm-repair/sdsl/encode.x /mnt/data/datasets/machine-learning-matrices-split/airline78.csv.20.13.vc.C 
==== Integer vector .R compression
Command: /home/louza/mm-repair/sdsl/encode.x /mnt/data/datasets/machine-learning-matrices-split/airline78.csv.20.13.vc.R 
Integer vector compression time: 4.5979
==== OLE
Command: /home/louza/mm-repair/ole/encode.x /mnt/data/datasets/machine-learning-matrices-split/airline78.csv.20.13.vc.C 
OLE time: 4.5441
==== Ans-fold compression
Command: /home/louza/mm-repair/ans/encode.x /mnt/data/datasets/machine-learning-matrices-split/airline78.csv.20.13.vc.C 
Ans-fold time: 34.1621
==== Integer vector .C compression
Command: /home/louza/mm-repair/sdsl/encode.x /mnt/data/datasets/machine-learning-matrices-split/airline78.csv.20.14.vc.C 
==== Integer vector .R compression
Command: /home/louza/mm-repair/sdsl/encode.x /mnt/data/datasets/machine-learning-matrices-split/airline78.csv.20.14.vc.R 
Integer vector compression time: 2.8240
==== OLE
Command: /home/louza/mm-repair/ole/encode.x /mnt/data/datasets/machine-learning-matrices-split/airline78.csv.20.14.vc.C 
OLE time: 0.6180
==== Ans-fold compression
Command: /home/louza/mm-repair/ans/encode.x /mnt/data/datasets/machine-learning-matrices-split/airline78.csv.20.14.vc.C 
Ans-fold time: 34.8125
==== Integer vector .C compression
Command: /home/louza/mm-repair/sdsl/encode.x /mnt/data/datasets/machine-learning-matrices-split/airline78.csv.20.15.vc.C 
==== Integer vector .R compression
Command: /home/louza/mm-repair/sdsl/encode.x /mnt/data/datasets/machine-learning-matrices-split/airline78.csv.20.15.vc.R 
Integer vector compression time: 1.3225
==== OLE
Command: /home/louza/mm-repair/ole/encode.x /mnt/data/datasets/machine-learning-matrices-split/airline78.csv.20.15.vc.C 
OLE time: 0.9654
==== Ans-fold compression
Command: /home/louza/mm-repair/ans/encode.x /mnt/data/datasets/machine-learning-matrices-split/airline78.csv.20.15.vc.C 
Ans-fold time: 37.1552
==== Integer vector .C compression
Command: /home/louza/mm-repair/sdsl/encode.x /mnt/data/datasets/machine-learning-matrices-split/airline78.csv.20.16.vc.C 
==== Integer vector .R compression
Command: /home/louza/mm-repair/sdsl/encode.x /mnt/data/datasets/machine-learning-matrices-split/airline78.csv.20.16.vc.R 
Integer vector compression time: 2.9659
==== OLE
Command: /home/louza/mm-repair/ole/encode.x /mnt/data/datasets/machine-learning-matrices-split/airline78.csv.20.16.vc.C 
OLE time: 6.5019
==== Ans-fold compression
Command: /home/louza/mm-repair/ans/encode.x /mnt/data/datasets/machine-learning-matrices-split/airline78.csv.20.16.vc.C 
Ans-fold time: 48.6061
==== Integer vector .C compression
Command: /home/louza/mm-repair/sdsl/encode.x /mnt/data/datasets/machine-learning-matrices-split/airline78.csv.20.17.vc.C 
==== Integer vector .R compression
Command: /home/louza/mm-repair/sdsl/encode.x /mnt/data/datasets/machine-learning-matrices-split/airline78.csv.20.17.vc.R 
Integer vector compression time: 2.3536
==== OLE
Command: /home/louza/mm-repair/ole/encode.x /mnt/data/datasets/machine-learning-matrices-split/airline78.csv.20.17.vc.C 
OLE time: 2.3746
==== Ans-fold compression
Command: /home/louza/mm-repair/ans/encode.x /mnt/data/datasets/machine-learning-matrices-split/airline78.csv.20.17.vc.C 
Ans-fold time: 51.2542
==== Integer vector .C compression
Command: /home/louza/mm-repair/sdsl/encode.x /mnt/data/datasets/machine-learning-matrices-split/airline78.csv.20.18.vc.C 
==== Integer vector .R compression
Command: /home/louza/mm-repair/sdsl/encode.x /mnt/data/datasets/machine-learning-matrices-split/airline78.csv.20.18.vc.R 
Integer vector compression time: 5.4759
==== OLE
Command: /home/louza/mm-repair/ole/encode.x /mnt/data/datasets/machine-learning-matrices-split/airline78.csv.20.18.vc.C 
OLE time: 3.0848
==== Ans-fold compression
Command: /home/louza/mm-repair/ans/encode.x /mnt/data/datasets/machine-learning-matrices-split/airline78.csv.20.18.vc.C 
Ans-fold time: 54.4450
==== Integer vector .C compression
Command: /home/louza/mm-repair/sdsl/encode.x /mnt/data/datasets/machine-learning-matrices-split/airline78.csv.20.19.vc.C 
==== Integer vector .R compression
Command: /home/louza/mm-repair/sdsl/encode.x /mnt/data/datasets/machine-learning-matrices-split/airline78.csv.20.19.vc.R 
Integer vector compression time: 3.4425
==== OLE
Command: /home/louza/mm-repair/ole/encode.x /mnt/data/datasets/machine-learning-matrices-split/airline78.csv.20.19.vc.C 
OLE time: 3.3196
==== Ans-fold compression
Command: /home/louza/mm-repair/ans/encode.x /mnt/data/datasets/machine-learning-matrices-split/airline78.csv.20.19.vc.C 
Ans-fold time: 57.4165
Elapsed time: 409.0215
==== Compression Report:
 >> matrix name: /mnt/data/datasets/machine-learning-matrices-split/airline78.csv
 >> conversion time: 160.34
 >> repair time: 57.26
 >> integer vectors time: 3.44
 >> ansf time: 57.42
 >> total time: 409.02
 >> matrix log(alpha)xNumEntries size: 681566188 bytes
 >> matrix dense size: 3355402776 bytes
 >> total number of nonzero: 304762947 (72.66%)
 >> number of distinct nonzero: 7794
 >> CRSV  size: 1276965912 bytes  (38.06%)
 >> RE32  size: 603733924 bytes  (17.99%)
 >> REIV  size: 377357584 bytes  (11.25%)
 >> REANS size: 321107913 bytes  (9.57%)
==== Done

#### 2026-09-08 09:09:58
 Command line: ./mm-repair/matrepair -r -b 20 -p 20 /mnt/data/datasets/machine-learning-matrices-split/airline78.csv 14462943 29 --mapping 
Setting memory for each repair instance to 23202 MBs
Sending logging messages to file: /mnt/data/datasets/machine-learning-matrices-split/airline78.csv.log
==== Conversion bin/csv->csrv
Command: /home/louza/mm-repair/csvmat2csrv -b 20   /mnt/data/datasets/machine-learning-matrices-split/airline78.csv -r 0 -m  14462943 29
Conversion time: 279.6321
==== Repair paralell compression
---- Executing 20 parallel processes
---- Parallel processing completed
Repair time: 56.1738
==== Integer vector .C compression
Command: /home/louza/mm-repair/sdsl/encode.x /mnt/data/datasets/machine-learning-matrices-split/airline78.csv.20.0.vc.C 
==== Integer vector .R compression
Command: /home/louza/mm-repair/sdsl/encode.x /mnt/data/datasets/machine-learning-matrices-split/airline78.csv.20.0.vc.R 
Integer vector compression time: 0.7321
==== Ans-fold compression
Command: /home/louza/mm-repair/ans/encode.x /mnt/data/datasets/machine-learning-matrices-split/airline78.csv.20.0.vc.C 
Ans-fold time: 0.9529
==== Integer vector .C compression
Command: /home/louza/mm-repair/sdsl/encode.x /mnt/data/datasets/machine-learning-matrices-split/airline78.csv.20.1.vc.C 
==== Integer vector .R compression
Command: /home/louza/mm-repair/sdsl/encode.x /mnt/data/datasets/machine-learning-matrices-split/airline78.csv.20.1.vc.R 
Integer vector compression time: 1.0923
==== Ans-fold compression
Command: /home/louza/mm-repair/ans/encode.x /mnt/data/datasets/machine-learning-matrices-split/airline78.csv.20.1.vc.C 
Ans-fold time: 2.0722
==== Integer vector .C compression
Command: /home/louza/mm-repair/sdsl/encode.x /mnt/data/datasets/machine-learning-matrices-split/airline78.csv.20.2.vc.C 
==== Integer vector .R compression
Command: /home/louza/mm-repair/sdsl/encode.x /mnt/data/datasets/machine-learning-matrices-split/airline78.csv.20.2.vc.R 
Integer vector compression time: 1.9499
==== Ans-fold compression
Command: /home/louza/mm-repair/ans/encode.x /mnt/data/datasets/machine-learning-matrices-split/airline78.csv.20.2.vc.C 
Ans-fold time: 3.3365
==== Integer vector .C compression
Command: /home/louza/mm-repair/sdsl/encode.x /mnt/data/datasets/machine-learning-matrices-split/airline78.csv.20.3.vc.C 
==== Integer vector .R compression
Command: /home/louza/mm-repair/sdsl/encode.x /mnt/data/datasets/machine-learning-matrices-split/airline78.csv.20.3.vc.R 
Integer vector compression time: 2.3549
==== Ans-fold compression
Command: /home/louza/mm-repair/ans/encode.x /mnt/data/datasets/machine-learning-matrices-split/airline78.csv.20.3.vc.C 
Ans-fold time: 4.8797
==== Integer vector .C compression
Command: /home/louza/mm-repair/sdsl/encode.x /mnt/data/datasets/machine-learning-matrices-split/airline78.csv.20.4.vc.C 
==== Integer vector .R compression
Command: /home/louza/mm-repair/sdsl/encode.x /mnt/data/datasets/machine-learning-matrices-split/airline78.csv.20.4.vc.R 
Integer vector compression time: 1.8815
==== Ans-fold compression
Command: /home/louza/mm-repair/ans/encode.x /mnt/data/datasets/machine-learning-matrices-split/airline78.csv.20.4.vc.C 
Ans-fold time: 6.6739
==== Integer vector .C compression
Command: /home/louza/mm-repair/sdsl/encode.x /mnt/data/datasets/machine-learning-matrices-split/airline78.csv.20.5.vc.C 
==== Integer vector .R compression
Command: /home/louza/mm-repair/sdsl/encode.x /mnt/data/datasets/machine-learning-matrices-split/airline78.csv.20.5.vc.R 
Integer vector compression time: 3.3476
==== Ans-fold compression
Command: /home/louza/mm-repair/ans/encode.x /mnt/data/datasets/machine-learning-matrices-split/airline78.csv.20.5.vc.C 
Ans-fold time: 8.9182
==== Integer vector .C compression
Command: /home/louza/mm-repair/sdsl/encode.x /mnt/data/datasets/machine-learning-matrices-split/airline78.csv.20.6.vc.C 
==== Integer vector .R compression
Command: /home/louza/mm-repair/sdsl/encode.x /mnt/data/datasets/machine-learning-matrices-split/airline78.csv.20.6.vc.R 
Integer vector compression time: 3.4813
==== Ans-fold compression
Command: /home/louza/mm-repair/ans/encode.x /mnt/data/datasets/machine-learning-matrices-split/airline78.csv.20.6.vc.C 
Ans-fold time: 10.3062
==== Integer vector .C compression
Command: /home/louza/mm-repair/sdsl/encode.x /mnt/data/datasets/machine-learning-matrices-split/airline78.csv.20.7.vc.C 
==== Integer vector .R compression
Command: /home/louza/mm-repair/sdsl/encode.x /mnt/data/datasets/machine-learning-matrices-split/airline78.csv.20.7.vc.R 
Integer vector compression time: 3.2574
==== Ans-fold compression
Command: /home/louza/mm-repair/ans/encode.x /mnt/data/datasets/machine-learning-matrices-split/airline78.csv.20.7.vc.C 
Ans-fold time: 12.1129
==== Integer vector .C compression
Command: /home/louza/mm-repair/sdsl/encode.x /mnt/data/datasets/machine-learning-matrices-split/airline78.csv.20.8.vc.C 
==== Integer vector .R compression
Command: /home/louza/mm-repair/sdsl/encode.x /mnt/data/datasets/machine-learning-matrices-split/airline78.csv.20.8.vc.R 
Integer vector compression time: 2.0185
==== Ans-fold compression
Command: /home/louza/mm-repair/ans/encode.x /mnt/data/datasets/machine-learning-matrices-split/airline78.csv.20.8.vc.C 
Ans-fold time: 14.0836
==== Integer vector .C compression
Command: /home/louza/mm-repair/sdsl/encode.x /mnt/data/datasets/machine-learning-matrices-split/airline78.csv.20.9.vc.C 
==== Integer vector .R compression
Command: /home/louza/mm-repair/sdsl/encode.x /mnt/data/datasets/machine-learning-matrices-split/airline78.csv.20.9.vc.R 
Integer vector compression time: 1.9011
==== Ans-fold compression
Command: /home/louza/mm-repair/ans/encode.x /mnt/data/datasets/machine-learning-matrices-split/airline78.csv.20.9.vc.C 
Ans-fold time: 16.5829
==== Integer vector .C compression
Command: /home/louza/mm-repair/sdsl/encode.x /mnt/data/datasets/machine-learning-matrices-split/airline78.csv.20.10.vc.C 
==== Integer vector .R compression
Command: /home/louza/mm-repair/sdsl/encode.x /mnt/data/datasets/machine-learning-matrices-split/airline78.csv.20.10.vc.R 
Integer vector compression time: 3.0782
==== Ans-fold compression
Command: /home/louza/mm-repair/ans/encode.x /mnt/data/datasets/machine-learning-matrices-split/airline78.csv.20.10.vc.C 
Ans-fold time: 19.6360
==== Integer vector .C compression
Command: /home/louza/mm-repair/sdsl/encode.x /mnt/data/datasets/machine-learning-matrices-split/airline78.csv.20.11.vc.C 
==== Integer vector .R compression
Command: /home/louza/mm-repair/sdsl/encode.x /mnt/data/datasets/machine-learning-matrices-split/airline78.csv.20.11.vc.R 
Integer vector compression time: 2.8447
==== Ans-fold compression
Command: /home/louza/mm-repair/ans/encode.x /mnt/data/datasets/machine-learning-matrices-split/airline78.csv.20.11.vc.C 
Ans-fold time: 22.7639
==== Integer vector .C compression
Command: /home/louza/mm-repair/sdsl/encode.x /mnt/data/datasets/machine-learning-matrices-split/airline78.csv.20.12.vc.C 
==== Integer vector .R compression
Command: /home/louza/mm-repair/sdsl/encode.x /mnt/data/datasets/machine-learning-matrices-split/airline78.csv.20.12.vc.R 
Integer vector compression time: 3.0187
==== Ans-fold compression
Command: /home/louza/mm-repair/ans/encode.x /mnt/data/datasets/machine-learning-matrices-split/airline78.csv.20.12.vc.C 
Ans-fold time: 25.6796
==== Integer vector .C compression
Command: /home/louza/mm-repair/sdsl/encode.x /mnt/data/datasets/machine-learning-matrices-split/airline78.csv.20.13.vc.C 
==== Integer vector .R compression
Command: /home/louza/mm-repair/sdsl/encode.x /mnt/data/datasets/machine-learning-matrices-split/airline78.csv.20.13.vc.R 
Integer vector compression time: 2.8042
==== Ans-fold compression
Command: /home/louza/mm-repair/ans/encode.x /mnt/data/datasets/machine-learning-matrices-split/airline78.csv.20.13.vc.C 
Ans-fold time: 28.4409
==== Integer vector .C compression
Command: /home/louza/mm-repair/sdsl/encode.x /mnt/data/datasets/machine-learning-matrices-split/airline78.csv.20.14.vc.C 
==== Integer vector .R compression
Command: /home/louza/mm-repair/sdsl/encode.x /mnt/data/datasets/machine-learning-matrices-split/airline78.csv.20.14.vc.R 
Integer vector compression time: 2.0869
==== Ans-fold compression
Command: /home/louza/mm-repair/ans/encode.x /mnt/data/datasets/machine-learning-matrices-split/airline78.csv.20.14.vc.C 
Ans-fold time: 31.7420
==== Integer vector .C compression
Command: /home/louza/mm-repair/sdsl/encode.x /mnt/data/datasets/machine-learning-matrices-split/airline78.csv.20.15.vc.C 
==== Integer vector .R compression
Command: /home/louza/mm-repair/sdsl/encode.x /mnt/data/datasets/machine-learning-matrices-split/airline78.csv.20.15.vc.R 
Integer vector compression time: 2.7588
==== Ans-fold compression
Command: /home/louza/mm-repair/ans/encode.x /mnt/data/datasets/machine-learning-matrices-split/airline78.csv.20.15.vc.C 
Ans-fold time: 33.9137
==== Integer vector .C compression
Command: /home/louza/mm-repair/sdsl/encode.x /mnt/data/datasets/machine-learning-matrices-split/airline78.csv.20.16.vc.C 
==== Integer vector .R compression
Command: /home/louza/mm-repair/sdsl/encode.x /mnt/data/datasets/machine-learning-matrices-split/airline78.csv.20.16.vc.R 
Integer vector compression time: 3.1652
==== Ans-fold compression
Command: /home/louza/mm-repair/ans/encode.x /mnt/data/datasets/machine-learning-matrices-split/airline78.csv.20.16.vc.C 
Ans-fold time: 36.0661
==== Integer vector .C compression
Command: /home/louza/mm-repair/sdsl/encode.x /mnt/data/datasets/machine-learning-matrices-split/airline78.csv.20.17.vc.C 
==== Integer vector .R compression
Command: /home/louza/mm-repair/sdsl/encode.x /mnt/data/datasets/machine-learning-matrices-split/airline78.csv.20.17.vc.R 
Integer vector compression time: 4.6405
==== Ans-fold compression
Command: /home/louza/mm-repair/ans/encode.x /mnt/data/datasets/machine-learning-matrices-split/airline78.csv.20.17.vc.C 
Ans-fold time: 38.9095
==== Integer vector .C compression
Command: /home/louza/mm-repair/sdsl/encode.x /mnt/data/datasets/machine-learning-matrices-split/airline78.csv.20.18.vc.C 
==== Integer vector .R compression
Command: /home/louza/mm-repair/sdsl/encode.x /mnt/data/datasets/machine-learning-matrices-split/airline78.csv.20.18.vc.R 
Integer vector compression time: 1.9526
==== Ans-fold compression
Command: /home/louza/mm-repair/ans/encode.x /mnt/data/datasets/machine-learning-matrices-split/airline78.csv.20.18.vc.C 
Ans-fold time: 40.4106
==== Integer vector .C compression
Command: /home/louza/mm-repair/sdsl/encode.x /mnt/data/datasets/machine-learning-matrices-split/airline78.csv.20.19.vc.C 
==== Integer vector .R compression
Command: /home/louza/mm-repair/sdsl/encode.x /mnt/data/datasets/machine-learning-matrices-split/airline78.csv.20.19.vc.R 
Integer vector compression time: 3.9730
==== Ans-fold compression
Command: /home/louza/mm-repair/ans/encode.x /mnt/data/datasets/machine-learning-matrices-split/airline78.csv.20.19.vc.C 
Ans-fold time: 41.7721
Command: /home/louza/mm-repair/ans/encode.x /mnt/data/datasets/machine-learning-matrices-split/airline78.csv.wcode 
Elapsed time: 430.6856
==== Compression Report:
 >> matrix name: /mnt/data/datasets/machine-learning-matrices-split/airline78.csv
 >> conversion time: 279.63
 >> repair time: 56.17
 >> integer vectors time: 3.97
 >> ansf time: 41.77
 >> total time: 430.69
 >> wcode: 119868 bytes
 >> wcode_ans: 9474 bytes
 >> matrix log(alpha)xNumEntries size: 681566188 bytes
 >> matrix dense size: 3355402776 bytes
 >> total number of nonzero: 304762947 (72.66%)
 >> number of distinct nonzero: 7794
 >> CRSV  size: 1276965912 bytes  (38.06%)
 >> RE32  size: 603853792 bytes  (18.00%)
 >> REIV  size: 377477452 bytes  (11.25%)
 >> REANS size: 325015634 bytes  (9.69%)
==== Done

#### 2026-09-08 09:17:09
 Command line: ./mm-repair/matrepair -r -b 20 -p 20 /mnt/data/datasets/machine-learning-matrices-split/airline78.csv 14462943 29 --split 
Setting memory for each repair instance to 23202 MBs
Sending logging messages to file: /mnt/data/datasets/machine-learning-matrices-split/airline78.csv.log
==== Conversion bin/csv->csrv
Command: /home/louza/mm-repair/csvmat2csrv -b 20   /mnt/data/datasets/machine-learning-matrices-split/airline78.csv -r 0  -s 14462943 29
Conversion time: 510.0620
==== Repair paralell compression
---- Executing 20 parallel processes
---- Parallel processing completed
Repair time: 54.9027
==== Integer vector .C compression
Command: /home/louza/mm-repair/sdsl/encode.x /mnt/data/datasets/machine-learning-matrices-split/airline78.csv.20.0.A.vc.C 
==== Integer vector .R compression
Command: /home/louza/mm-repair/sdsl/encode.x /mnt/data/datasets/machine-learning-matrices-split/airline78.csv.20.0.A.vc.R 
Integer vector compression time: 0.2389
==== Ans-fold compression
Command: /home/louza/mm-repair/ans/encode.x /mnt/data/datasets/machine-learning-matrices-split/airline78.csv.20.0.A.vc.C 
Command: /home/louza/mm-repair/ans/encode.x /mnt/data/datasets/machine-learning-matrices-split/airline78.csv.20.0.B.vc
Ans-fold time: 1.8950
==== Integer vector .C compression
Command: /home/louza/mm-repair/sdsl/encode.x /mnt/data/datasets/machine-learning-matrices-split/airline78.csv.20.1.A.vc.C 
==== Integer vector .R compression
Command: /home/louza/mm-repair/sdsl/encode.x /mnt/data/datasets/machine-learning-matrices-split/airline78.csv.20.1.A.vc.R 
Integer vector compression time: 0.2424
==== Ans-fold compression
Command: /home/louza/mm-repair/ans/encode.x /mnt/data/datasets/machine-learning-matrices-split/airline78.csv.20.1.A.vc.C 
Command: /home/louza/mm-repair/ans/encode.x /mnt/data/datasets/machine-learning-matrices-split/airline78.csv.20.1.B.vc
Ans-fold time: 3.5687
==== Integer vector .C compression
Command: /home/louza/mm-repair/sdsl/encode.x /mnt/data/datasets/machine-learning-matrices-split/airline78.csv.20.2.A.vc.C 
==== Integer vector .R compression
Command: /home/louza/mm-repair/sdsl/encode.x /mnt/data/datasets/machine-learning-matrices-split/airline78.csv.20.2.A.vc.R 
Integer vector compression time: 0.2432
==== Ans-fold compression
Command: /home/louza/mm-repair/ans/encode.x /mnt/data/datasets/machine-learning-matrices-split/airline78.csv.20.2.A.vc.C 
Command: /home/louza/mm-repair/ans/encode.x /mnt/data/datasets/machine-learning-matrices-split/airline78.csv.20.2.B.vc
Ans-fold time: 5.7981
==== Integer vector .C compression
Command: /home/louza/mm-repair/sdsl/encode.x /mnt/data/datasets/machine-learning-matrices-split/airline78.csv.20.3.A.vc.C 
==== Integer vector .R compression
Command: /home/louza/mm-repair/sdsl/encode.x /mnt/data/datasets/machine-learning-matrices-split/airline78.csv.20.3.A.vc.R 
Integer vector compression time: 0.2355
==== Ans-fold compression
Command: /home/louza/mm-repair/ans/encode.x /mnt/data/datasets/machine-learning-matrices-split/airline78.csv.20.3.A.vc.C 
Command: /home/louza/mm-repair/ans/encode.x /mnt/data/datasets/machine-learning-matrices-split/airline78.csv.20.3.B.vc
Ans-fold time: 7.0952
==== Integer vector .C compression
Command: /home/louza/mm-repair/sdsl/encode.x /mnt/data/datasets/machine-learning-matrices-split/airline78.csv.20.4.A.vc.C 
==== Integer vector .R compression
Command: /home/louza/mm-repair/sdsl/encode.x /mnt/data/datasets/machine-learning-matrices-split/airline78.csv.20.4.A.vc.R 
Integer vector compression time: 0.2385
==== Ans-fold compression
Command: /home/louza/mm-repair/ans/encode.x /mnt/data/datasets/machine-learning-matrices-split/airline78.csv.20.4.A.vc.C 
Command: /home/louza/mm-repair/ans/encode.x /mnt/data/datasets/machine-learning-matrices-split/airline78.csv.20.4.B.vc
Ans-fold time: 7.9351
==== Integer vector .C compression
Command: /home/louza/mm-repair/sdsl/encode.x /mnt/data/datasets/machine-learning-matrices-split/airline78.csv.20.5.A.vc.C 
==== Integer vector .R compression
Command: /home/louza/mm-repair/sdsl/encode.x /mnt/data/datasets/machine-learning-matrices-split/airline78.csv.20.5.A.vc.R 
Integer vector compression time: 0.2332
==== Ans-fold compression
Command: /home/louza/mm-repair/ans/encode.x /mnt/data/datasets/machine-learning-matrices-split/airline78.csv.20.5.A.vc.C 
Command: /home/louza/mm-repair/ans/encode.x /mnt/data/datasets/machine-learning-matrices-split/airline78.csv.20.5.B.vc
Ans-fold time: 8.6231
==== Integer vector .C compression
Command: /home/louza/mm-repair/sdsl/encode.x /mnt/data/datasets/machine-learning-matrices-split/airline78.csv.20.6.A.vc.C 
==== Integer vector .R compression
Command: /home/louza/mm-repair/sdsl/encode.x /mnt/data/datasets/machine-learning-matrices-split/airline78.csv.20.6.A.vc.R 
Integer vector compression time: 0.3124
==== Ans-fold compression
Command: /home/louza/mm-repair/ans/encode.x /mnt/data/datasets/machine-learning-matrices-split/airline78.csv.20.6.A.vc.C 
Command: /home/louza/mm-repair/ans/encode.x /mnt/data/datasets/machine-learning-matrices-split/airline78.csv.20.6.B.vc
Ans-fold time: 9.2016
==== Integer vector .C compression
Command: /home/louza/mm-repair/sdsl/encode.x /mnt/data/datasets/machine-learning-matrices-split/airline78.csv.20.7.A.vc.C 
==== Integer vector .R compression
Command: /home/louza/mm-repair/sdsl/encode.x /mnt/data/datasets/machine-learning-matrices-split/airline78.csv.20.7.A.vc.R 
Integer vector compression time: 0.2487
==== Ans-fold compression
Command: /home/louza/mm-repair/ans/encode.x /mnt/data/datasets/machine-learning-matrices-split/airline78.csv.20.7.A.vc.C 
Command: /home/louza/mm-repair/ans/encode.x /mnt/data/datasets/machine-learning-matrices-split/airline78.csv.20.7.B.vc
Ans-fold time: 9.6348
==== Integer vector .C compression
Command: /home/louza/mm-repair/sdsl/encode.x /mnt/data/datasets/machine-learning-matrices-split/airline78.csv.20.8.A.vc.C 
==== Integer vector .R compression
Command: /home/louza/mm-repair/sdsl/encode.x /mnt/data/datasets/machine-learning-matrices-split/airline78.csv.20.8.A.vc.R 
Integer vector compression time: 0.3159
==== Ans-fold compression
Command: /home/louza/mm-repair/ans/encode.x /mnt/data/datasets/machine-learning-matrices-split/airline78.csv.20.8.A.vc.C 
Command: /home/louza/mm-repair/ans/encode.x /mnt/data/datasets/machine-learning-matrices-split/airline78.csv.20.8.B.vc
Ans-fold time: 10.1894
==== Integer vector .C compression
Command: /home/louza/mm-repair/sdsl/encode.x /mnt/data/datasets/machine-learning-matrices-split/airline78.csv.20.9.A.vc.C 
==== Integer vector .R compression
Command: /home/louza/mm-repair/sdsl/encode.x /mnt/data/datasets/machine-learning-matrices-split/airline78.csv.20.9.A.vc.R 
Integer vector compression time: 0.3284
==== Ans-fold compression
Command: /home/louza/mm-repair/ans/encode.x /mnt/data/datasets/machine-learning-matrices-split/airline78.csv.20.9.A.vc.C 
Command: /home/louza/mm-repair/ans/encode.x /mnt/data/datasets/machine-learning-matrices-split/airline78.csv.20.9.B.vc
Ans-fold time: 10.7394
==== Integer vector .C compression
Command: /home/louza/mm-repair/sdsl/encode.x /mnt/data/datasets/machine-learning-matrices-split/airline78.csv.20.10.A.vc.C 
==== Integer vector .R compression
Command: /home/louza/mm-repair/sdsl/encode.x /mnt/data/datasets/machine-learning-matrices-split/airline78.csv.20.10.A.vc.R 
Integer vector compression time: 0.3192
==== Ans-fold compression
Command: /home/louza/mm-repair/ans/encode.x /mnt/data/datasets/machine-learning-matrices-split/airline78.csv.20.10.A.vc.C 
Command: /home/louza/mm-repair/ans/encode.x /mnt/data/datasets/machine-learning-matrices-split/airline78.csv.20.10.B.vc
Ans-fold time: 11.3150
==== Integer vector .C compression
Command: /home/louza/mm-repair/sdsl/encode.x /mnt/data/datasets/machine-learning-matrices-split/airline78.csv.20.11.A.vc.C 
==== Integer vector .R compression
Command: /home/louza/mm-repair/sdsl/encode.x /mnt/data/datasets/machine-learning-matrices-split/airline78.csv.20.11.A.vc.R 
Integer vector compression time: 0.2572
==== Ans-fold compression
Command: /home/louza/mm-repair/ans/encode.x /mnt/data/datasets/machine-learning-matrices-split/airline78.csv.20.11.A.vc.C 
Command: /home/louza/mm-repair/ans/encode.x /mnt/data/datasets/machine-learning-matrices-split/airline78.csv.20.11.B.vc
Ans-fold time: 11.7222
==== Integer vector .C compression
Command: /home/louza/mm-repair/sdsl/encode.x /mnt/data/datasets/machine-learning-matrices-split/airline78.csv.20.12.A.vc.C 
==== Integer vector .R compression
Command: /home/louza/mm-repair/sdsl/encode.x /mnt/data/datasets/machine-learning-matrices-split/airline78.csv.20.12.A.vc.R 
Integer vector compression time: 0.4918
==== Ans-fold compression
Command: /home/louza/mm-repair/ans/encode.x /mnt/data/datasets/machine-learning-matrices-split/airline78.csv.20.12.A.vc.C 
Command: /home/louza/mm-repair/ans/encode.x /mnt/data/datasets/machine-learning-matrices-split/airline78.csv.20.12.B.vc
Ans-fold time: 12.1729
==== Integer vector .C compression
Command: /home/louza/mm-repair/sdsl/encode.x /mnt/data/datasets/machine-learning-matrices-split/airline78.csv.20.13.A.vc.C 
==== Integer vector .R compression
Command: /home/louza/mm-repair/sdsl/encode.x /mnt/data/datasets/machine-learning-matrices-split/airline78.csv.20.13.A.vc.R 
Integer vector compression time: 0.2244
==== Ans-fold compression
Command: /home/louza/mm-repair/ans/encode.x /mnt/data/datasets/machine-learning-matrices-split/airline78.csv.20.13.A.vc.C 
Command: /home/louza/mm-repair/ans/encode.x /mnt/data/datasets/machine-learning-matrices-split/airline78.csv.20.13.B.vc
Ans-fold time: 12.6124
==== Integer vector .C compression
Command: /home/louza/mm-repair/sdsl/encode.x /mnt/data/datasets/machine-learning-matrices-split/airline78.csv.20.14.A.vc.C 
==== Integer vector .R compression
Command: /home/louza/mm-repair/sdsl/encode.x /mnt/data/datasets/machine-learning-matrices-split/airline78.csv.20.14.A.vc.R 
Integer vector compression time: 0.2244
==== Ans-fold compression
Command: /home/louza/mm-repair/ans/encode.x /mnt/data/datasets/machine-learning-matrices-split/airline78.csv.20.14.A.vc.C 
Command: /home/louza/mm-repair/ans/encode.x /mnt/data/datasets/machine-learning-matrices-split/airline78.csv.20.14.B.vc
Ans-fold time: 13.0488
==== Integer vector .C compression
Command: /home/louza/mm-repair/sdsl/encode.x /mnt/data/datasets/machine-learning-matrices-split/airline78.csv.20.15.A.vc.C 
==== Integer vector .R compression
Command: /home/louza/mm-repair/sdsl/encode.x /mnt/data/datasets/machine-learning-matrices-split/airline78.csv.20.15.A.vc.R 
Integer vector compression time: 0.2294
==== Ans-fold compression
Command: /home/louza/mm-repair/ans/encode.x /mnt/data/datasets/machine-learning-matrices-split/airline78.csv.20.15.A.vc.C 
Command: /home/louza/mm-repair/ans/encode.x /mnt/data/datasets/machine-learning-matrices-split/airline78.csv.20.15.B.vc
Ans-fold time: 13.4809
==== Integer vector .C compression
Command: /home/louza/mm-repair/sdsl/encode.x /mnt/data/datasets/machine-learning-matrices-split/airline78.csv.20.16.A.vc.C 
==== Integer vector .R compression
Command: /home/louza/mm-repair/sdsl/encode.x /mnt/data/datasets/machine-learning-matrices-split/airline78.csv.20.16.A.vc.R 
Integer vector compression time: 0.2232
==== Ans-fold compression
Command: /home/louza/mm-repair/ans/encode.x /mnt/data/datasets/machine-learning-matrices-split/airline78.csv.20.16.A.vc.C 
Command: /home/louza/mm-repair/ans/encode.x /mnt/data/datasets/machine-learning-matrices-split/airline78.csv.20.16.B.vc
Ans-fold time: 13.9137
==== Integer vector .C compression
Command: /home/louza/mm-repair/sdsl/encode.x /mnt/data/datasets/machine-learning-matrices-split/airline78.csv.20.17.A.vc.C 
==== Integer vector .R compression
Command: /home/louza/mm-repair/sdsl/encode.x /mnt/data/datasets/machine-learning-matrices-split/airline78.csv.20.17.A.vc.R 
Integer vector compression time: 0.2204
==== Ans-fold compression
Command: /home/louza/mm-repair/ans/encode.x /mnt/data/datasets/machine-learning-matrices-split/airline78.csv.20.17.A.vc.C 
Command: /home/louza/mm-repair/ans/encode.x /mnt/data/datasets/machine-learning-matrices-split/airline78.csv.20.17.B.vc
Ans-fold time: 14.3265
==== Integer vector .C compression
Command: /home/louza/mm-repair/sdsl/encode.x /mnt/data/datasets/machine-learning-matrices-split/airline78.csv.20.18.A.vc.C 
==== Integer vector .R compression
Command: /home/louza/mm-repair/sdsl/encode.x /mnt/data/datasets/machine-learning-matrices-split/airline78.csv.20.18.A.vc.R 
Integer vector compression time: 0.2265
==== Ans-fold compression
Command: /home/louza/mm-repair/ans/encode.x /mnt/data/datasets/machine-learning-matrices-split/airline78.csv.20.18.A.vc.C 
Command: /home/louza/mm-repair/ans/encode.x /mnt/data/datasets/machine-learning-matrices-split/airline78.csv.20.18.B.vc
Ans-fold time: 14.7569
==== Integer vector .C compression
Command: /home/louza/mm-repair/sdsl/encode.x /mnt/data/datasets/machine-learning-matrices-split/airline78.csv.20.19.A.vc.C 
==== Integer vector .R compression
Command: /home/louza/mm-repair/sdsl/encode.x /mnt/data/datasets/machine-learning-matrices-split/airline78.csv.20.19.A.vc.R 
Integer vector compression time: 0.2325
==== Ans-fold compression
Command: /home/louza/mm-repair/ans/encode.x /mnt/data/datasets/machine-learning-matrices-split/airline78.csv.20.19.A.vc.C 
Command: /home/louza/mm-repair/ans/encode.x /mnt/data/datasets/machine-learning-matrices-split/airline78.csv.20.19.B.vc
Ans-fold time: 15.4826
Elapsed time: 585.7352
==== Compression Report:
 >> matrix name: /mnt/data/datasets/machine-learning-matrices-split/airline78.csv
 >> conversion time: 510.06
 >> repair time: 54.90
 >> integer vectors time: 0.23
 >> ansf time: 15.48
 >> total time: 585.74
 >> matrix log(alpha)xNumEntries size: 681566188 bytes
 >> matrix dense size: 3355402776 bytes
 >> total number of nonzero: 295173651 (70.38%)
 >> number of distinct nonzero: 7794
 >> CRSV  size: 1238608728 bytes  (36.91%)
 >> B	  size: 96208956 bytes  (2.87%)
 >> B_ans size: 23934586 bytes  (0.71%)
 >> RE32  size: 589140882 bytes  (17.56%)
 >> REIV  size: 377212410 bytes  (11.24%)
 >> REANS size: 339047877 bytes  (10.10%)
==== Done

#### 2026-09-08 09:26:55
 Command line: ./mm-repair/matrepair -r -b 20 -p 20 /mnt/data/datasets/machine-learning-matrices-split/airline78.csv 14462943 29 --ole --mapping 
Setting memory for each repair instance to 23202 MBs
Sending logging messages to file: /mnt/data/datasets/machine-learning-matrices-split/airline78.csv.log
==== Conversion bin/csv->csrv
Command: /home/louza/mm-repair/csvmat2csrv -b 20   /mnt/data/datasets/machine-learning-matrices-split/airline78.csv -r 0 -m  14462943 29
Conversion time: 290.5577
==== Repair paralell compression
---- Executing 20 parallel processes
---- Parallel processing completed
Repair time: 48.5222
==== Integer vector .C compression
Command: /home/louza/mm-repair/sdsl/encode.x /mnt/data/datasets/machine-learning-matrices-split/airline78.csv.20.0.vc.C 
==== Integer vector .R compression
Command: /home/louza/mm-repair/sdsl/encode.x /mnt/data/datasets/machine-learning-matrices-split/airline78.csv.20.0.vc.R 
Integer vector compression time: 3.1828
==== OLE
Command: /home/louza/mm-repair/ole/encode.x /mnt/data/datasets/machine-learning-matrices-split/airline78.csv.20.0.vc.C 
OLE time: 4.2120
==== Ans-fold compression
Command: /home/louza/mm-repair/ans/encode.x /mnt/data/datasets/machine-learning-matrices-split/airline78.csv.20.0.vc.C 
Ans-fold time: 1.2812
==== Integer vector .C compression
Command: /home/louza/mm-repair/sdsl/encode.x /mnt/data/datasets/machine-learning-matrices-split/airline78.csv.20.1.vc.C 
==== Integer vector .R compression
Command: /home/louza/mm-repair/sdsl/encode.x /mnt/data/datasets/machine-learning-matrices-split/airline78.csv.20.1.vc.R 
Integer vector compression time: 2.2594
==== OLE
Command: /home/louza/mm-repair/ole/encode.x /mnt/data/datasets/machine-learning-matrices-split/airline78.csv.20.1.vc.C 
OLE time: 1.6597
==== Ans-fold compression
Command: /home/louza/mm-repair/ans/encode.x /mnt/data/datasets/machine-learning-matrices-split/airline78.csv.20.1.vc.C 
Ans-fold time: 2.4350
==== Integer vector .C compression
Command: /home/louza/mm-repair/sdsl/encode.x /mnt/data/datasets/machine-learning-matrices-split/airline78.csv.20.2.vc.C 
==== Integer vector .R compression
Command: /home/louza/mm-repair/sdsl/encode.x /mnt/data/datasets/machine-learning-matrices-split/airline78.csv.20.2.vc.R 
Integer vector compression time: 4.5216
==== OLE
Command: /home/louza/mm-repair/ole/encode.x /mnt/data/datasets/machine-learning-matrices-split/airline78.csv.20.2.vc.C 
OLE time: 2.8227
==== Ans-fold compression
Command: /home/louza/mm-repair/ans/encode.x /mnt/data/datasets/machine-learning-matrices-split/airline78.csv.20.2.vc.C 
Ans-fold time: 3.8169
==== Integer vector .C compression
Command: /home/louza/mm-repair/sdsl/encode.x /mnt/data/datasets/machine-learning-matrices-split/airline78.csv.20.3.vc.C 
==== Integer vector .R compression
Command: /home/louza/mm-repair/sdsl/encode.x /mnt/data/datasets/machine-learning-matrices-split/airline78.csv.20.3.vc.R 
Integer vector compression time: 1.7140
==== OLE
Command: /home/louza/mm-repair/ole/encode.x /mnt/data/datasets/machine-learning-matrices-split/airline78.csv.20.3.vc.C 
OLE time: 3.8899
==== Ans-fold compression
Command: /home/louza/mm-repair/ans/encode.x /mnt/data/datasets/machine-learning-matrices-split/airline78.csv.20.3.vc.C 
Ans-fold time: 5.7690
==== Integer vector .C compression
Command: /home/louza/mm-repair/sdsl/encode.x /mnt/data/datasets/machine-learning-matrices-split/airline78.csv.20.4.vc.C 
==== Integer vector .R compression
Command: /home/louza/mm-repair/sdsl/encode.x /mnt/data/datasets/machine-learning-matrices-split/airline78.csv.20.4.vc.R 
Integer vector compression time: 1.6022
==== OLE
Command: /home/louza/mm-repair/ole/encode.x /mnt/data/datasets/machine-learning-matrices-split/airline78.csv.20.4.vc.C 
OLE time: 2.7901
==== Ans-fold compression
Command: /home/louza/mm-repair/ans/encode.x /mnt/data/datasets/machine-learning-matrices-split/airline78.csv.20.4.vc.C 
Ans-fold time: 7.9942
==== Integer vector .C compression
Command: /home/louza/mm-repair/sdsl/encode.x /mnt/data/datasets/machine-learning-matrices-split/airline78.csv.20.5.vc.C 
==== Integer vector .R compression
Command: /home/louza/mm-repair/sdsl/encode.x /mnt/data/datasets/machine-learning-matrices-split/airline78.csv.20.5.vc.R 
Integer vector compression time: 3.3897
==== OLE
Command: /home/louza/mm-repair/ole/encode.x /mnt/data/datasets/machine-learning-matrices-split/airline78.csv.20.5.vc.C 
OLE time: 3.3470
==== Ans-fold compression
Command: /home/louza/mm-repair/ans/encode.x /mnt/data/datasets/machine-learning-matrices-split/airline78.csv.20.5.vc.C 
Ans-fold time: 9.8154
==== Integer vector .C compression
Command: /home/louza/mm-repair/sdsl/encode.x /mnt/data/datasets/machine-learning-matrices-split/airline78.csv.20.6.vc.C 
==== Integer vector .R compression
Command: /home/louza/mm-repair/sdsl/encode.x /mnt/data/datasets/machine-learning-matrices-split/airline78.csv.20.6.vc.R 
Integer vector compression time: 3.1283
==== OLE
Command: /home/louza/mm-repair/ole/encode.x /mnt/data/datasets/machine-learning-matrices-split/airline78.csv.20.6.vc.C 
OLE time: 2.7922
==== Ans-fold compression
Command: /home/louza/mm-repair/ans/encode.x /mnt/data/datasets/machine-learning-matrices-split/airline78.csv.20.6.vc.C 
Ans-fold time: 12.2343
==== Integer vector .C compression
Command: /home/louza/mm-repair/sdsl/encode.x /mnt/data/datasets/machine-learning-matrices-split/airline78.csv.20.7.vc.C 
==== Integer vector .R compression
Command: /home/louza/mm-repair/sdsl/encode.x /mnt/data/datasets/machine-learning-matrices-split/airline78.csv.20.7.vc.R 
Integer vector compression time: 2.5464
==== OLE
Command: /home/louza/mm-repair/ole/encode.x /mnt/data/datasets/machine-learning-matrices-split/airline78.csv.20.7.vc.C 
OLE time: 3.5363
==== Ans-fold compression
Command: /home/louza/mm-repair/ans/encode.x /mnt/data/datasets/machine-learning-matrices-split/airline78.csv.20.7.vc.C 
Ans-fold time: 14.4676
==== Integer vector .C compression
Command: /home/louza/mm-repair/sdsl/encode.x /mnt/data/datasets/machine-learning-matrices-split/airline78.csv.20.8.vc.C 
==== Integer vector .R compression
Command: /home/louza/mm-repair/sdsl/encode.x /mnt/data/datasets/machine-learning-matrices-split/airline78.csv.20.8.vc.R 
Integer vector compression time: 3.1755
==== OLE
Command: /home/louza/mm-repair/ole/encode.x /mnt/data/datasets/machine-learning-matrices-split/airline78.csv.20.8.vc.C 
OLE time: 3.7843
==== Ans-fold compression
Command: /home/louza/mm-repair/ans/encode.x /mnt/data/datasets/machine-learning-matrices-split/airline78.csv.20.8.vc.C 
Ans-fold time: 16.9353
==== Integer vector .C compression
Command: /home/louza/mm-repair/sdsl/encode.x /mnt/data/datasets/machine-learning-matrices-split/airline78.csv.20.9.vc.C 
==== Integer vector .R compression
Command: /home/louza/mm-repair/sdsl/encode.x /mnt/data/datasets/machine-learning-matrices-split/airline78.csv.20.9.vc.R 
Integer vector compression time: 1.4508
==== OLE
Command: /home/louza/mm-repair/ole/encode.x /mnt/data/datasets/machine-learning-matrices-split/airline78.csv.20.9.vc.C 
OLE time: 4.4644
==== Ans-fold compression
Command: /home/louza/mm-repair/ans/encode.x /mnt/data/datasets/machine-learning-matrices-split/airline78.csv.20.9.vc.C 
Ans-fold time: 19.1678
==== Integer vector .C compression
Command: /home/louza/mm-repair/sdsl/encode.x /mnt/data/datasets/machine-learning-matrices-split/airline78.csv.20.10.vc.C 
==== Integer vector .R compression
Command: /home/louza/mm-repair/sdsl/encode.x /mnt/data/datasets/machine-learning-matrices-split/airline78.csv.20.10.vc.R 
Integer vector compression time: 2.5948
==== OLE
Command: /home/louza/mm-repair/ole/encode.x /mnt/data/datasets/machine-learning-matrices-split/airline78.csv.20.10.vc.C 
OLE time: 1.7935
==== Ans-fold compression
Command: /home/louza/mm-repair/ans/encode.x /mnt/data/datasets/machine-learning-matrices-split/airline78.csv.20.10.vc.C 
Ans-fold time: 20.8987
==== Integer vector .C compression
Command: /home/louza/mm-repair/sdsl/encode.x /mnt/data/datasets/machine-learning-matrices-split/airline78.csv.20.11.vc.C 
==== Integer vector .R compression
Command: /home/louza/mm-repair/sdsl/encode.x /mnt/data/datasets/machine-learning-matrices-split/airline78.csv.20.11.vc.R 
Integer vector compression time: 2.0435
==== OLE
Command: /home/louza/mm-repair/ole/encode.x /mnt/data/datasets/machine-learning-matrices-split/airline78.csv.20.11.vc.C 
OLE time: 5.2955
==== Ans-fold compression
Command: /home/louza/mm-repair/ans/encode.x /mnt/data/datasets/machine-learning-matrices-split/airline78.csv.20.11.vc.C 
Ans-fold time: 23.9320
==== Integer vector .C compression
Command: /home/louza/mm-repair/sdsl/encode.x /mnt/data/datasets/machine-learning-matrices-split/airline78.csv.20.12.vc.C 
==== Integer vector .R compression
Command: /home/louza/mm-repair/sdsl/encode.x /mnt/data/datasets/machine-learning-matrices-split/airline78.csv.20.12.vc.R 
Integer vector compression time: 3.7876
==== OLE
Command: /home/louza/mm-repair/ole/encode.x /mnt/data/datasets/machine-learning-matrices-split/airline78.csv.20.12.vc.C 
OLE time: 2.5727
==== Ans-fold compression
Command: /home/louza/mm-repair/ans/encode.x /mnt/data/datasets/machine-learning-matrices-split/airline78.csv.20.12.vc.C 
Ans-fold time: 25.1897
==== Integer vector .C compression
Command: /home/louza/mm-repair/sdsl/encode.x /mnt/data/datasets/machine-learning-matrices-split/airline78.csv.20.13.vc.C 
==== Integer vector .R compression
Command: /home/louza/mm-repair/sdsl/encode.x /mnt/data/datasets/machine-learning-matrices-split/airline78.csv.20.13.vc.R 
Integer vector compression time: 3.6200
==== OLE
Command: /home/louza/mm-repair/ole/encode.x /mnt/data/datasets/machine-learning-matrices-split/airline78.csv.20.13.vc.C 
OLE time: 5.8863
==== Ans-fold compression
Command: /home/louza/mm-repair/ans/encode.x /mnt/data/datasets/machine-learning-matrices-split/airline78.csv.20.13.vc.C 
Ans-fold time: 27.8084
==== Integer vector .C compression
Command: /home/louza/mm-repair/sdsl/encode.x /mnt/data/datasets/machine-learning-matrices-split/airline78.csv.20.14.vc.C 
==== Integer vector .R compression
Command: /home/louza/mm-repair/sdsl/encode.x /mnt/data/datasets/machine-learning-matrices-split/airline78.csv.20.14.vc.R 
Integer vector compression time: 3.3021
==== OLE
Command: /home/louza/mm-repair/ole/encode.x /mnt/data/datasets/machine-learning-matrices-split/airline78.csv.20.14.vc.C 
OLE time: 3.5718
==== Ans-fold compression
Command: /home/louza/mm-repair/ans/encode.x /mnt/data/datasets/machine-learning-matrices-split/airline78.csv.20.14.vc.C 
Ans-fold time: 29.9773
==== Integer vector .C compression
Command: /home/louza/mm-repair/sdsl/encode.x /mnt/data/datasets/machine-learning-matrices-split/airline78.csv.20.15.vc.C 
==== Integer vector .R compression
Command: /home/louza/mm-repair/sdsl/encode.x /mnt/data/datasets/machine-learning-matrices-split/airline78.csv.20.15.vc.R 
Integer vector compression time: 3.2928
==== OLE
Command: /home/louza/mm-repair/ole/encode.x /mnt/data/datasets/machine-learning-matrices-split/airline78.csv.20.15.vc.C 
OLE time: 5.7440
==== Ans-fold compression
Command: /home/louza/mm-repair/ans/encode.x /mnt/data/datasets/machine-learning-matrices-split/airline78.csv.20.15.vc.C 
Ans-fold time: 31.9572
==== Integer vector .C compression
Command: /home/louza/mm-repair/sdsl/encode.x /mnt/data/datasets/machine-learning-matrices-split/airline78.csv.20.16.vc.C 
==== Integer vector .R compression
Command: /home/louza/mm-repair/sdsl/encode.x /mnt/data/datasets/machine-learning-matrices-split/airline78.csv.20.16.vc.R 
Integer vector compression time: 3.2141
==== OLE
Command: /home/louza/mm-repair/ole/encode.x /mnt/data/datasets/machine-learning-matrices-split/airline78.csv.20.16.vc.C 
OLE time: 3.7951
==== Ans-fold compression
Command: /home/louza/mm-repair/ans/encode.x /mnt/data/datasets/machine-learning-matrices-split/airline78.csv.20.16.vc.C 
Ans-fold time: 34.2633
==== Integer vector .C compression
Command: /home/louza/mm-repair/sdsl/encode.x /mnt/data/datasets/machine-learning-matrices-split/airline78.csv.20.17.vc.C 
==== Integer vector .R compression
Command: /home/louza/mm-repair/sdsl/encode.x /mnt/data/datasets/machine-learning-matrices-split/airline78.csv.20.17.vc.R 
Integer vector compression time: 3.5115
==== OLE
Command: /home/louza/mm-repair/ole/encode.x /mnt/data/datasets/machine-learning-matrices-split/airline78.csv.20.17.vc.C 
OLE time: 3.4215
==== Ans-fold compression
Command: /home/louza/mm-repair/ans/encode.x /mnt/data/datasets/machine-learning-matrices-split/airline78.csv.20.17.vc.C 
Ans-fold time: 36.7532
==== Integer vector .C compression
Command: /home/louza/mm-repair/sdsl/encode.x /mnt/data/datasets/machine-learning-matrices-split/airline78.csv.20.18.vc.C 
==== Integer vector .R compression
Command: /home/louza/mm-repair/sdsl/encode.x /mnt/data/datasets/machine-learning-matrices-split/airline78.csv.20.18.vc.R 
Integer vector compression time: 1.6594
==== OLE
Command: /home/louza/mm-repair/ole/encode.x /mnt/data/datasets/machine-learning-matrices-split/airline78.csv.20.18.vc.C 
OLE time: 3.4646
==== Ans-fold compression
Command: /home/louza/mm-repair/ans/encode.x /mnt/data/datasets/machine-learning-matrices-split/airline78.csv.20.18.vc.C 
Ans-fold time: 39.0694
==== Integer vector .C compression
Command: /home/louza/mm-repair/sdsl/encode.x /mnt/data/datasets/machine-learning-matrices-split/airline78.csv.20.19.vc.C 
==== Integer vector .R compression
Command: /home/louza/mm-repair/sdsl/encode.x /mnt/data/datasets/machine-learning-matrices-split/airline78.csv.20.19.vc.R 
Integer vector compression time: 4.2373
==== OLE
Command: /home/louza/mm-repair/ole/encode.x /mnt/data/datasets/machine-learning-matrices-split/airline78.csv.20.19.vc.C 
OLE time: 1.8570
==== Ans-fold compression
Command: /home/louza/mm-repair/ans/encode.x /mnt/data/datasets/machine-learning-matrices-split/airline78.csv.20.19.vc.C 
Ans-fold time: 41.1240
Command: /home/louza/mm-repair/ans/encode.x /mnt/data/datasets/machine-learning-matrices-split/airline78.csv.wcode 
Elapsed time: 509.3758
==== Compression Report:
 >> matrix name: /mnt/data/datasets/machine-learning-matrices-split/airline78.csv
 >> conversion time: 290.56
 >> repair time: 48.52
 >> integer vectors time: 4.24
 >> ansf time: 41.12
 >> total time: 509.38
 >> wcode: 119868 bytes
 >> wcode_ans: 9474 bytes
 >> matrix log(alpha)xNumEntries size: 681566188 bytes
 >> matrix dense size: 3355402776 bytes
 >> total number of nonzero: 304762947 (72.66%)
 >> number of distinct nonzero: 7794
 >> CRSV  size: 1276965912 bytes  (38.06%)
 >> RE32  size: 603853792 bytes  (18.00%)
 >> REIV  size: 377477452 bytes  (11.25%)
 >> REANS size: 311791748 bytes  (9.29%)
==== Done

#### 2026-09-08 09:35:24
 Command line: ./mm-repair/matrepair -r -b 20 -p 20 /mnt/data/datasets/machine-learning-matrices-split/airline78.csv 14462943 29 --ole --split 
Setting memory for each repair instance to 23202 MBs
Sending logging messages to file: /mnt/data/datasets/machine-learning-matrices-split/airline78.csv.log
==== Conversion bin/csv->csrv
Command: /home/louza/mm-repair/csvmat2csrv -b 20   /mnt/data/datasets/machine-learning-matrices-split/airline78.csv -r 0  -s 14462943 29
Conversion time: 764.9136
==== Repair paralell compression
---- Executing 20 parallel processes
---- Parallel processing completed
Repair time: 42.6932
==== Integer vector .C compression
Command: /home/louza/mm-repair/sdsl/encode.x /mnt/data/datasets/machine-learning-matrices-split/airline78.csv.20.0.A.vc.C 
==== Integer vector .R compression
Command: /home/louza/mm-repair/sdsl/encode.x /mnt/data/datasets/machine-learning-matrices-split/airline78.csv.20.0.A.vc.R 
Integer vector compression time: 0.7032
==== OLE
Command: /home/louza/mm-repair/ole/encode.x /mnt/data/datasets/machine-learning-matrices-split/airline78.csv.20.0.A.vc.C 
Command: /home/louza/mm-repair/ole/encode.x /mnt/data/datasets/machine-learning-matrices-split/airline78.csv.20.0.B.vc 
OLE time: 0.0689
==== Ans-fold compression
Command: /home/louza/mm-repair/ans/encode.x /mnt/data/datasets/machine-learning-matrices-split/airline78.csv.20.0.A.vc.C 
Command: /home/louza/mm-repair/ans/encode.x /mnt/data/datasets/machine-learning-matrices-split/airline78.csv.20.0.B.vc
Ans-fold time: 0.7911
==== Integer vector .C compression
Command: /home/louza/mm-repair/sdsl/encode.x /mnt/data/datasets/machine-learning-matrices-split/airline78.csv.20.1.A.vc.C 
==== Integer vector .R compression
Command: /home/louza/mm-repair/sdsl/encode.x /mnt/data/datasets/machine-learning-matrices-split/airline78.csv.20.1.A.vc.R 
Integer vector compression time: 0.4386
==== OLE
Command: /home/louza/mm-repair/ole/encode.x /mnt/data/datasets/machine-learning-matrices-split/airline78.csv.20.1.A.vc.C 
Command: /home/louza/mm-repair/ole/encode.x /mnt/data/datasets/machine-learning-matrices-split/airline78.csv.20.1.B.vc 
OLE time: 0.0687
==== Ans-fold compression
Command: /home/louza/mm-repair/ans/encode.x /mnt/data/datasets/machine-learning-matrices-split/airline78.csv.20.1.A.vc.C 
Command: /home/louza/mm-repair/ans/encode.x /mnt/data/datasets/machine-learning-matrices-split/airline78.csv.20.1.B.vc
Ans-fold time: 1.4185
==== Integer vector .C compression
Command: /home/louza/mm-repair/sdsl/encode.x /mnt/data/datasets/machine-learning-matrices-split/airline78.csv.20.2.A.vc.C 
==== Integer vector .R compression
Command: /home/louza/mm-repair/sdsl/encode.x /mnt/data/datasets/machine-learning-matrices-split/airline78.csv.20.2.A.vc.R 
Integer vector compression time: 0.5314
==== OLE
Command: /home/louza/mm-repair/ole/encode.x /mnt/data/datasets/machine-learning-matrices-split/airline78.csv.20.2.A.vc.C 
Command: /home/louza/mm-repair/ole/encode.x /mnt/data/datasets/machine-learning-matrices-split/airline78.csv.20.2.B.vc 
OLE time: 0.2063
==== Ans-fold compression
Command: /home/louza/mm-repair/ans/encode.x /mnt/data/datasets/machine-learning-matrices-split/airline78.csv.20.2.A.vc.C 
Command: /home/louza/mm-repair/ans/encode.x /mnt/data/datasets/machine-learning-matrices-split/airline78.csv.20.2.B.vc
Ans-fold time: 2.0877
==== Integer vector .C compression
Command: /home/louza/mm-repair/sdsl/encode.x /mnt/data/datasets/machine-learning-matrices-split/airline78.csv.20.3.A.vc.C 
==== Integer vector .R compression
Command: /home/louza/mm-repair/sdsl/encode.x /mnt/data/datasets/machine-learning-matrices-split/airline78.csv.20.3.A.vc.R 
Integer vector compression time: 0.4786
==== OLE
Command: /home/louza/mm-repair/ole/encode.x /mnt/data/datasets/machine-learning-matrices-split/airline78.csv.20.3.A.vc.C 
Command: /home/louza/mm-repair/ole/encode.x /mnt/data/datasets/machine-learning-matrices-split/airline78.csv.20.3.B.vc 
OLE time: 0.0245
==== Ans-fold compression
Command: /home/louza/mm-repair/ans/encode.x /mnt/data/datasets/machine-learning-matrices-split/airline78.csv.20.3.A.vc.C 
Command: /home/louza/mm-repair/ans/encode.x /mnt/data/datasets/machine-learning-matrices-split/airline78.csv.20.3.B.vc
Ans-fold time: 2.8453
==== Integer vector .C compression
Command: /home/louza/mm-repair/sdsl/encode.x /mnt/data/datasets/machine-learning-matrices-split/airline78.csv.20.4.A.vc.C 
==== Integer vector .R compression
Command: /home/louza/mm-repair/sdsl/encode.x /mnt/data/datasets/machine-learning-matrices-split/airline78.csv.20.4.A.vc.R 
Integer vector compression time: 0.7655
==== OLE
Command: /home/louza/mm-repair/ole/encode.x /mnt/data/datasets/machine-learning-matrices-split/airline78.csv.20.4.A.vc.C 
Command: /home/louza/mm-repair/ole/encode.x /mnt/data/datasets/machine-learning-matrices-split/airline78.csv.20.4.B.vc 
OLE time: 0.0238
==== Ans-fold compression
Command: /home/louza/mm-repair/ans/encode.x /mnt/data/datasets/machine-learning-matrices-split/airline78.csv.20.4.A.vc.C 
Command: /home/louza/mm-repair/ans/encode.x /mnt/data/datasets/machine-learning-matrices-split/airline78.csv.20.4.B.vc
Ans-fold time: 3.5930
==== Integer vector .C compression
Command: /home/louza/mm-repair/sdsl/encode.x /mnt/data/datasets/machine-learning-matrices-split/airline78.csv.20.5.A.vc.C 
==== Integer vector .R compression
Command: /home/louza/mm-repair/sdsl/encode.x /mnt/data/datasets/machine-learning-matrices-split/airline78.csv.20.5.A.vc.R 
Integer vector compression time: 0.4228
==== OLE
Command: /home/louza/mm-repair/ole/encode.x /mnt/data/datasets/machine-learning-matrices-split/airline78.csv.20.5.A.vc.C 
Command: /home/louza/mm-repair/ole/encode.x /mnt/data/datasets/machine-learning-matrices-split/airline78.csv.20.5.B.vc 
OLE time: 0.0243
==== Ans-fold compression
Command: /home/louza/mm-repair/ans/encode.x /mnt/data/datasets/machine-learning-matrices-split/airline78.csv.20.5.A.vc.C 
Command: /home/louza/mm-repair/ans/encode.x /mnt/data/datasets/machine-learning-matrices-split/airline78.csv.20.5.B.vc
Ans-fold time: 4.5011
==== Integer vector .C compression
Command: /home/louza/mm-repair/sdsl/encode.x /mnt/data/datasets/machine-learning-matrices-split/airline78.csv.20.6.A.vc.C 
==== Integer vector .R compression
Command: /home/louza/mm-repair/sdsl/encode.x /mnt/data/datasets/machine-learning-matrices-split/airline78.csv.20.6.A.vc.R 
Integer vector compression time: 0.3912
==== OLE
Command: /home/louza/mm-repair/ole/encode.x /mnt/data/datasets/machine-learning-matrices-split/airline78.csv.20.6.A.vc.C 
Command: /home/louza/mm-repair/ole/encode.x /mnt/data/datasets/machine-learning-matrices-split/airline78.csv.20.6.B.vc 
OLE time: 0.0236
==== Ans-fold compression
Command: /home/louza/mm-repair/ans/encode.x /mnt/data/datasets/machine-learning-matrices-split/airline78.csv.20.6.A.vc.C 
Command: /home/louza/mm-repair/ans/encode.x /mnt/data/datasets/machine-learning-matrices-split/airline78.csv.20.6.B.vc
Ans-fold time: 5.4141
==== Integer vector .C compression
Command: /home/louza/mm-repair/sdsl/encode.x /mnt/data/datasets/machine-learning-matrices-split/airline78.csv.20.7.A.vc.C 
==== Integer vector .R compression
Command: /home/louza/mm-repair/sdsl/encode.x /mnt/data/datasets/machine-learning-matrices-split/airline78.csv.20.7.A.vc.R 
Integer vector compression time: 0.5146
==== OLE
Command: /home/louza/mm-repair/ole/encode.x /mnt/data/datasets/machine-learning-matrices-split/airline78.csv.20.7.A.vc.C 
Command: /home/louza/mm-repair/ole/encode.x /mnt/data/datasets/machine-learning-matrices-split/airline78.csv.20.7.B.vc 
OLE time: 0.0372
==== Ans-fold compression
Command: /home/louza/mm-repair/ans/encode.x /mnt/data/datasets/machine-learning-matrices-split/airline78.csv.20.7.A.vc.C 
Command: /home/louza/mm-repair/ans/encode.x /mnt/data/datasets/machine-learning-matrices-split/airline78.csv.20.7.B.vc
Ans-fold time: 7.7326
==== Integer vector .C compression
Command: /home/louza/mm-repair/sdsl/encode.x /mnt/data/datasets/machine-learning-matrices-split/airline78.csv.20.8.A.vc.C 
==== Integer vector .R compression
Command: /home/louza/mm-repair/sdsl/encode.x /mnt/data/datasets/machine-learning-matrices-split/airline78.csv.20.8.A.vc.R 
Integer vector compression time: 0.4128
==== OLE
Command: /home/louza/mm-repair/ole/encode.x /mnt/data/datasets/machine-learning-matrices-split/airline78.csv.20.8.A.vc.C 
Command: /home/louza/mm-repair/ole/encode.x /mnt/data/datasets/machine-learning-matrices-split/airline78.csv.20.8.B.vc 
OLE time: 0.0515
==== Ans-fold compression
Command: /home/louza/mm-repair/ans/encode.x /mnt/data/datasets/machine-learning-matrices-split/airline78.csv.20.8.A.vc.C 
Command: /home/louza/mm-repair/ans/encode.x /mnt/data/datasets/machine-learning-matrices-split/airline78.csv.20.8.B.vc
Ans-fold time: 11.0654
==== Integer vector .C compression
Command: /home/louza/mm-repair/sdsl/encode.x /mnt/data/datasets/machine-learning-matrices-split/airline78.csv.20.9.A.vc.C 
==== Integer vector .R compression
Command: /home/louza/mm-repair/sdsl/encode.x /mnt/data/datasets/machine-learning-matrices-split/airline78.csv.20.9.A.vc.R 
Integer vector compression time: 1.8555
==== OLE
Command: /home/louza/mm-repair/ole/encode.x /mnt/data/datasets/machine-learning-matrices-split/airline78.csv.20.9.A.vc.C 
Command: /home/louza/mm-repair/ole/encode.x /mnt/data/datasets/machine-learning-matrices-split/airline78.csv.20.9.B.vc 
OLE time: 0.1827
==== Ans-fold compression
Command: /home/louza/mm-repair/ans/encode.x /mnt/data/datasets/machine-learning-matrices-split/airline78.csv.20.9.A.vc.C 
Command: /home/louza/mm-repair/ans/encode.x /mnt/data/datasets/machine-learning-matrices-split/airline78.csv.20.9.B.vc
Ans-fold time: 12.9683
==== Integer vector .C compression
Command: /home/louza/mm-repair/sdsl/encode.x /mnt/data/datasets/machine-learning-matrices-split/airline78.csv.20.10.A.vc.C 
==== Integer vector .R compression
Command: /home/louza/mm-repair/sdsl/encode.x /mnt/data/datasets/machine-learning-matrices-split/airline78.csv.20.10.A.vc.R 
Integer vector compression time: 0.6351
==== OLE
Command: /home/louza/mm-repair/ole/encode.x /mnt/data/datasets/machine-learning-matrices-split/airline78.csv.20.10.A.vc.C 
Command: /home/louza/mm-repair/ole/encode.x /mnt/data/datasets/machine-learning-matrices-split/airline78.csv.20.10.B.vc 
OLE time: 0.1637
==== Ans-fold compression
Command: /home/louza/mm-repair/ans/encode.x /mnt/data/datasets/machine-learning-matrices-split/airline78.csv.20.10.A.vc.C 
Command: /home/louza/mm-repair/ans/encode.x /mnt/data/datasets/machine-learning-matrices-split/airline78.csv.20.10.B.vc
Ans-fold time: 14.7657
==== Integer vector .C compression
Command: /home/louza/mm-repair/sdsl/encode.x /mnt/data/datasets/machine-learning-matrices-split/airline78.csv.20.11.A.vc.C 
==== Integer vector .R compression
Command: /home/louza/mm-repair/sdsl/encode.x /mnt/data/datasets/machine-learning-matrices-split/airline78.csv.20.11.A.vc.R 
Integer vector compression time: 0.6950
==== OLE
Command: /home/louza/mm-repair/ole/encode.x /mnt/data/datasets/machine-learning-matrices-split/airline78.csv.20.11.A.vc.C 
Command: /home/louza/mm-repair/ole/encode.x /mnt/data/datasets/machine-learning-matrices-split/airline78.csv.20.11.B.vc 
OLE time: 0.0400
==== Ans-fold compression
Command: /home/louza/mm-repair/ans/encode.x /mnt/data/datasets/machine-learning-matrices-split/airline78.csv.20.11.A.vc.C 
Command: /home/louza/mm-repair/ans/encode.x /mnt/data/datasets/machine-learning-matrices-split/airline78.csv.20.11.B.vc
Ans-fold time: 16.8802
==== Integer vector .C compression
Command: /home/louza/mm-repair/sdsl/encode.x /mnt/data/datasets/machine-learning-matrices-split/airline78.csv.20.12.A.vc.C 
==== Integer vector .R compression
Command: /home/louza/mm-repair/sdsl/encode.x /mnt/data/datasets/machine-learning-matrices-split/airline78.csv.20.12.A.vc.R 
Integer vector compression time: 0.6703
==== OLE
Command: /home/louza/mm-repair/ole/encode.x /mnt/data/datasets/machine-learning-matrices-split/airline78.csv.20.12.A.vc.C 
Command: /home/louza/mm-repair/ole/encode.x /mnt/data/datasets/machine-learning-matrices-split/airline78.csv.20.12.B.vc 
OLE time: 0.0521
==== Ans-fold compression
Command: /home/louza/mm-repair/ans/encode.x /mnt/data/datasets/machine-learning-matrices-split/airline78.csv.20.12.A.vc.C 
Command: /home/louza/mm-repair/ans/encode.x /mnt/data/datasets/machine-learning-matrices-split/airline78.csv.20.12.B.vc
Ans-fold time: 18.2705
==== Integer vector .C compression
Command: /home/louza/mm-repair/sdsl/encode.x /mnt/data/datasets/machine-learning-matrices-split/airline78.csv.20.13.A.vc.C 
==== Integer vector .R compression
Command: /home/louza/mm-repair/sdsl/encode.x /mnt/data/datasets/machine-learning-matrices-split/airline78.csv.20.13.A.vc.R 
Integer vector compression time: 1.3158
==== OLE
Command: /home/louza/mm-repair/ole/encode.x /mnt/data/datasets/machine-learning-matrices-split/airline78.csv.20.13.A.vc.C 
Command: /home/louza/mm-repair/ole/encode.x /mnt/data/datasets/machine-learning-matrices-split/airline78.csv.20.13.B.vc 
OLE time: 0.8723
==== Ans-fold compression
Command: /home/louza/mm-repair/ans/encode.x /mnt/data/datasets/machine-learning-matrices-split/airline78.csv.20.13.A.vc.C 
Command: /home/louza/mm-repair/ans/encode.x /mnt/data/datasets/machine-learning-matrices-split/airline78.csv.20.13.B.vc
Ans-fold time: 19.6880
==== Integer vector .C compression
Command: /home/louza/mm-repair/sdsl/encode.x /mnt/data/datasets/machine-learning-matrices-split/airline78.csv.20.14.A.vc.C 
==== Integer vector .R compression
Command: /home/louza/mm-repair/sdsl/encode.x /mnt/data/datasets/machine-learning-matrices-split/airline78.csv.20.14.A.vc.R 
Integer vector compression time: 1.9962
==== OLE
Command: /home/louza/mm-repair/ole/encode.x /mnt/data/datasets/machine-learning-matrices-split/airline78.csv.20.14.A.vc.C 
Command: /home/louza/mm-repair/ole/encode.x /mnt/data/datasets/machine-learning-matrices-split/airline78.csv.20.14.B.vc 
OLE time: 0.7074
==== Ans-fold compression
Command: /home/louza/mm-repair/ans/encode.x /mnt/data/datasets/machine-learning-matrices-split/airline78.csv.20.14.A.vc.C 
Command: /home/louza/mm-repair/ans/encode.x /mnt/data/datasets/machine-learning-matrices-split/airline78.csv.20.14.B.vc
Ans-fold time: 22.0288
==== Integer vector .C compression
Command: /home/louza/mm-repair/sdsl/encode.x /mnt/data/datasets/machine-learning-matrices-split/airline78.csv.20.15.A.vc.C 
==== Integer vector .R compression
Command: /home/louza/mm-repair/sdsl/encode.x /mnt/data/datasets/machine-learning-matrices-split/airline78.csv.20.15.A.vc.R 
Integer vector compression time: 1.6001
==== OLE
Command: /home/louza/mm-repair/ole/encode.x /mnt/data/datasets/machine-learning-matrices-split/airline78.csv.20.15.A.vc.C 
Command: /home/louza/mm-repair/ole/encode.x /mnt/data/datasets/machine-learning-matrices-split/airline78.csv.20.15.B.vc 
OLE time: 0.3060
==== Ans-fold compression
Command: /home/louza/mm-repair/ans/encode.x /mnt/data/datasets/machine-learning-matrices-split/airline78.csv.20.15.A.vc.C 
Command: /home/louza/mm-repair/ans/encode.x /mnt/data/datasets/machine-learning-matrices-split/airline78.csv.20.15.B.vc
Ans-fold time: 24.3428
==== Integer vector .C compression
Command: /home/louza/mm-repair/sdsl/encode.x /mnt/data/datasets/machine-learning-matrices-split/airline78.csv.20.16.A.vc.C 
==== Integer vector .R compression
Command: /home/louza/mm-repair/sdsl/encode.x /mnt/data/datasets/machine-learning-matrices-split/airline78.csv.20.16.A.vc.R 
Integer vector compression time: 1.0172
==== OLE
Command: /home/louza/mm-repair/ole/encode.x /mnt/data/datasets/machine-learning-matrices-split/airline78.csv.20.16.A.vc.C 
Command: /home/louza/mm-repair/ole/encode.x /mnt/data/datasets/machine-learning-matrices-split/airline78.csv.20.16.B.vc 
OLE time: 0.0767
==== Ans-fold compression
Command: /home/louza/mm-repair/ans/encode.x /mnt/data/datasets/machine-learning-matrices-split/airline78.csv.20.16.A.vc.C 
Command: /home/louza/mm-repair/ans/encode.x /mnt/data/datasets/machine-learning-matrices-split/airline78.csv.20.16.B.vc
Ans-fold time: 26.0053
==== Integer vector .C compression
Command: /home/louza/mm-repair/sdsl/encode.x /mnt/data/datasets/machine-learning-matrices-split/airline78.csv.20.17.A.vc.C 
==== Integer vector .R compression
Command: /home/louza/mm-repair/sdsl/encode.x /mnt/data/datasets/machine-learning-matrices-split/airline78.csv.20.17.A.vc.R 
Integer vector compression time: 1.3122
==== OLE
Command: /home/louza/mm-repair/ole/encode.x /mnt/data/datasets/machine-learning-matrices-split/airline78.csv.20.17.A.vc.C 
Command: /home/louza/mm-repair/ole/encode.x /mnt/data/datasets/machine-learning-matrices-split/airline78.csv.20.17.B.vc 
OLE time: 0.1533
==== Ans-fold compression
Command: /home/louza/mm-repair/ans/encode.x /mnt/data/datasets/machine-learning-matrices-split/airline78.csv.20.17.A.vc.C 
Command: /home/louza/mm-repair/ans/encode.x /mnt/data/datasets/machine-learning-matrices-split/airline78.csv.20.17.B.vc
Ans-fold time: 27.2599
==== Integer vector .C compression
Command: /home/louza/mm-repair/sdsl/encode.x /mnt/data/datasets/machine-learning-matrices-split/airline78.csv.20.18.A.vc.C 
==== Integer vector .R compression
Command: /home/louza/mm-repair/sdsl/encode.x /mnt/data/datasets/machine-learning-matrices-split/airline78.csv.20.18.A.vc.R 
Integer vector compression time: 1.0742
==== OLE
Command: /home/louza/mm-repair/ole/encode.x /mnt/data/datasets/machine-learning-matrices-split/airline78.csv.20.18.A.vc.C 
Command: /home/louza/mm-repair/ole/encode.x /mnt/data/datasets/machine-learning-matrices-split/airline78.csv.20.18.B.vc 
OLE time: 0.0815
==== Ans-fold compression
Command: /home/louza/mm-repair/ans/encode.x /mnt/data/datasets/machine-learning-matrices-split/airline78.csv.20.18.A.vc.C 
Command: /home/louza/mm-repair/ans/encode.x /mnt/data/datasets/machine-learning-matrices-split/airline78.csv.20.18.B.vc
Ans-fold time: 30.0025
==== Integer vector .C compression
Command: /home/louza/mm-repair/sdsl/encode.x /mnt/data/datasets/machine-learning-matrices-split/airline78.csv.20.19.A.vc.C 
==== Integer vector .R compression
Command: /home/louza/mm-repair/sdsl/encode.x /mnt/data/datasets/machine-learning-matrices-split/airline78.csv.20.19.A.vc.R 
Integer vector compression time: 0.6114
==== OLE
Command: /home/louza/mm-repair/ole/encode.x /mnt/data/datasets/machine-learning-matrices-split/airline78.csv.20.19.A.vc.C 
Command: /home/louza/mm-repair/ole/encode.x /mnt/data/datasets/machine-learning-matrices-split/airline78.csv.20.19.B.vc 
OLE time: 0.2390
==== Ans-fold compression
Command: /home/louza/mm-repair/ans/encode.x /mnt/data/datasets/machine-learning-matrices-split/airline78.csv.20.19.A.vc.C 
Command: /home/louza/mm-repair/ans/encode.x /mnt/data/datasets/machine-learning-matrices-split/airline78.csv.20.19.B.vc
Ans-fold time: 31.8925
Elapsed time: 879.9077
==== Compression Report:
 >> matrix name: /mnt/data/datasets/machine-learning-matrices-split/airline78.csv
 >> conversion time: 764.91
 >> repair time: 42.69
 >> integer vectors time: 0.61
 >> ansf time: 31.89
 >> total time: 879.91
 >> matrix log(alpha)xNumEntries size: 681566188 bytes
 >> matrix dense size: 3355402776 bytes
 >> total number of nonzero: 295173651 (70.38%)
 >> number of distinct nonzero: 7794
 >> CRSV  size: 1238608728 bytes  (36.91%)
 >> B	  size: 96208956 bytes  (2.87%)
 >> B_ans size: 23702879 bytes  (0.71%)
 >> RE32  size: 588909175 bytes  (17.55%)
 >> REIV  size: 376980703 bytes  (11.24%)
 >> REANS size: 323398246 bytes  (9.64%)
==== Done

#### 2026-09-08 09:50:04
 Command line: ./mm-repair/matrepair -r -b 20 -p 20 /mnt/data/datasets/machine-learning-matrices-split/airline78.csv 14462943 29 --mapping --split 
Setting memory for each repair instance to 23202 MBs
Sending logging messages to file: /mnt/data/datasets/machine-learning-matrices-split/airline78.csv.log
==== Conversion bin/csv->csrv
Command: /home/louza/mm-repair/csvmat2csrv -b 20   /mnt/data/datasets/machine-learning-matrices-split/airline78.csv -r 0 -m -s 14462943 29
Conversion time: 731.0076
==== Repair paralell compression
---- Executing 20 parallel processes
---- Parallel processing completed
Repair time: 43.6789
==== Integer vector .C compression
Command: /home/louza/mm-repair/sdsl/encode.x /mnt/data/datasets/machine-learning-matrices-split/airline78.csv.20.0.A.vc.C 
==== Integer vector .R compression
Command: /home/louza/mm-repair/sdsl/encode.x /mnt/data/datasets/machine-learning-matrices-split/airline78.csv.20.0.A.vc.R 
Integer vector compression time: 0.7263
==== Ans-fold compression
Command: /home/louza/mm-repair/ans/encode.x /mnt/data/datasets/machine-learning-matrices-split/airline78.csv.20.0.A.vc.C 
Command: /home/louza/mm-repair/ans/encode.x /mnt/data/datasets/machine-learning-matrices-split/airline78.csv.20.0.B.vc
Ans-fold time: 1.3825
==== Integer vector .C compression
Command: /home/louza/mm-repair/sdsl/encode.x /mnt/data/datasets/machine-learning-matrices-split/airline78.csv.20.1.A.vc.C 
==== Integer vector .R compression
Command: /home/louza/mm-repair/sdsl/encode.x /mnt/data/datasets/machine-learning-matrices-split/airline78.csv.20.1.A.vc.R 
Integer vector compression time: 0.6519
==== Ans-fold compression
Command: /home/louza/mm-repair/ans/encode.x /mnt/data/datasets/machine-learning-matrices-split/airline78.csv.20.1.A.vc.C 
Command: /home/louza/mm-repair/ans/encode.x /mnt/data/datasets/machine-learning-matrices-split/airline78.csv.20.1.B.vc
Ans-fold time: 2.2962
==== Integer vector .C compression
Command: /home/louza/mm-repair/sdsl/encode.x /mnt/data/datasets/machine-learning-matrices-split/airline78.csv.20.2.A.vc.C 
==== Integer vector .R compression
Command: /home/louza/mm-repair/sdsl/encode.x /mnt/data/datasets/machine-learning-matrices-split/airline78.csv.20.2.A.vc.R 
Integer vector compression time: 0.6336
==== Ans-fold compression
Command: /home/louza/mm-repair/ans/encode.x /mnt/data/datasets/machine-learning-matrices-split/airline78.csv.20.2.A.vc.C 
Command: /home/louza/mm-repair/ans/encode.x /mnt/data/datasets/machine-learning-matrices-split/airline78.csv.20.2.B.vc
Ans-fold time: 3.4932
==== Integer vector .C compression
Command: /home/louza/mm-repair/sdsl/encode.x /mnt/data/datasets/machine-learning-matrices-split/airline78.csv.20.3.A.vc.C 
==== Integer vector .R compression
Command: /home/louza/mm-repair/sdsl/encode.x /mnt/data/datasets/machine-learning-matrices-split/airline78.csv.20.3.A.vc.R 
Integer vector compression time: 0.6564
==== Ans-fold compression
Command: /home/louza/mm-repair/ans/encode.x /mnt/data/datasets/machine-learning-matrices-split/airline78.csv.20.3.A.vc.C 
Command: /home/louza/mm-repair/ans/encode.x /mnt/data/datasets/machine-learning-matrices-split/airline78.csv.20.3.B.vc
Ans-fold time: 4.9726
==== Integer vector .C compression
Command: /home/louza/mm-repair/sdsl/encode.x /mnt/data/datasets/machine-learning-matrices-split/airline78.csv.20.4.A.vc.C 
==== Integer vector .R compression
Command: /home/louza/mm-repair/sdsl/encode.x /mnt/data/datasets/machine-learning-matrices-split/airline78.csv.20.4.A.vc.R 
Integer vector compression time: 0.9373
==== Ans-fold compression
Command: /home/louza/mm-repair/ans/encode.x /mnt/data/datasets/machine-learning-matrices-split/airline78.csv.20.4.A.vc.C 
Command: /home/louza/mm-repair/ans/encode.x /mnt/data/datasets/machine-learning-matrices-split/airline78.csv.20.4.B.vc
Ans-fold time: 5.9503
==== Integer vector .C compression
Command: /home/louza/mm-repair/sdsl/encode.x /mnt/data/datasets/machine-learning-matrices-split/airline78.csv.20.5.A.vc.C 
==== Integer vector .R compression
Command: /home/louza/mm-repair/sdsl/encode.x /mnt/data/datasets/machine-learning-matrices-split/airline78.csv.20.5.A.vc.R 
Integer vector compression time: 0.7377
==== Ans-fold compression
Command: /home/louza/mm-repair/ans/encode.x /mnt/data/datasets/machine-learning-matrices-split/airline78.csv.20.5.A.vc.C 
Command: /home/louza/mm-repair/ans/encode.x /mnt/data/datasets/machine-learning-matrices-split/airline78.csv.20.5.B.vc
Ans-fold time: 7.1970
==== Integer vector .C compression
Command: /home/louza/mm-repair/sdsl/encode.x /mnt/data/datasets/machine-learning-matrices-split/airline78.csv.20.6.A.vc.C 
==== Integer vector .R compression
Command: /home/louza/mm-repair/sdsl/encode.x /mnt/data/datasets/machine-learning-matrices-split/airline78.csv.20.6.A.vc.R 
Integer vector compression time: 0.7683
==== Ans-fold compression
Command: /home/louza/mm-repair/ans/encode.x /mnt/data/datasets/machine-learning-matrices-split/airline78.csv.20.6.A.vc.C 
Command: /home/louza/mm-repair/ans/encode.x /mnt/data/datasets/machine-learning-matrices-split/airline78.csv.20.6.B.vc
Ans-fold time: 8.4395
==== Integer vector .C compression
Command: /home/louza/mm-repair/sdsl/encode.x /mnt/data/datasets/machine-learning-matrices-split/airline78.csv.20.7.A.vc.C 
==== Integer vector .R compression
Command: /home/louza/mm-repair/sdsl/encode.x /mnt/data/datasets/machine-learning-matrices-split/airline78.csv.20.7.A.vc.R 
Integer vector compression time: 1.3102
==== Ans-fold compression
Command: /home/louza/mm-repair/ans/encode.x /mnt/data/datasets/machine-learning-matrices-split/airline78.csv.20.7.A.vc.C 
Command: /home/louza/mm-repair/ans/encode.x /mnt/data/datasets/machine-learning-matrices-split/airline78.csv.20.7.B.vc
Ans-fold time: 9.9766
==== Integer vector .C compression
Command: /home/louza/mm-repair/sdsl/encode.x /mnt/data/datasets/machine-learning-matrices-split/airline78.csv.20.8.A.vc.C 
==== Integer vector .R compression
Command: /home/louza/mm-repair/sdsl/encode.x /mnt/data/datasets/machine-learning-matrices-split/airline78.csv.20.8.A.vc.R 
Integer vector compression time: 0.5134
==== Ans-fold compression
Command: /home/louza/mm-repair/ans/encode.x /mnt/data/datasets/machine-learning-matrices-split/airline78.csv.20.8.A.vc.C 
Command: /home/louza/mm-repair/ans/encode.x /mnt/data/datasets/machine-learning-matrices-split/airline78.csv.20.8.B.vc
Ans-fold time: 11.0076
==== Integer vector .C compression
Command: /home/louza/mm-repair/sdsl/encode.x /mnt/data/datasets/machine-learning-matrices-split/airline78.csv.20.9.A.vc.C 
==== Integer vector .R compression
Command: /home/louza/mm-repair/sdsl/encode.x /mnt/data/datasets/machine-learning-matrices-split/airline78.csv.20.9.A.vc.R 
Integer vector compression time: 1.0797
==== Ans-fold compression
Command: /home/louza/mm-repair/ans/encode.x /mnt/data/datasets/machine-learning-matrices-split/airline78.csv.20.9.A.vc.C 
Command: /home/louza/mm-repair/ans/encode.x /mnt/data/datasets/machine-learning-matrices-split/airline78.csv.20.9.B.vc
Ans-fold time: 12.6041
==== Integer vector .C compression
Command: /home/louza/mm-repair/sdsl/encode.x /mnt/data/datasets/machine-learning-matrices-split/airline78.csv.20.10.A.vc.C 
==== Integer vector .R compression
Command: /home/louza/mm-repair/sdsl/encode.x /mnt/data/datasets/machine-learning-matrices-split/airline78.csv.20.10.A.vc.R 
Integer vector compression time: 1.7773
==== Ans-fold compression
Command: /home/louza/mm-repair/ans/encode.x /mnt/data/datasets/machine-learning-matrices-split/airline78.csv.20.10.A.vc.C 
Command: /home/louza/mm-repair/ans/encode.x /mnt/data/datasets/machine-learning-matrices-split/airline78.csv.20.10.B.vc
Ans-fold time: 13.5766
==== Integer vector .C compression
Command: /home/louza/mm-repair/sdsl/encode.x /mnt/data/datasets/machine-learning-matrices-split/airline78.csv.20.11.A.vc.C 
==== Integer vector .R compression
Command: /home/louza/mm-repair/sdsl/encode.x /mnt/data/datasets/machine-learning-matrices-split/airline78.csv.20.11.A.vc.R 
Integer vector compression time: 0.6544
==== Ans-fold compression
Command: /home/louza/mm-repair/ans/encode.x /mnt/data/datasets/machine-learning-matrices-split/airline78.csv.20.11.A.vc.C 
Command: /home/louza/mm-repair/ans/encode.x /mnt/data/datasets/machine-learning-matrices-split/airline78.csv.20.11.B.vc
Ans-fold time: 14.8778
==== Integer vector .C compression
Command: /home/louza/mm-repair/sdsl/encode.x /mnt/data/datasets/machine-learning-matrices-split/airline78.csv.20.12.A.vc.C 
==== Integer vector .R compression
Command: /home/louza/mm-repair/sdsl/encode.x /mnt/data/datasets/machine-learning-matrices-split/airline78.csv.20.12.A.vc.R 
Integer vector compression time: 1.4996
==== Ans-fold compression
Command: /home/louza/mm-repair/ans/encode.x /mnt/data/datasets/machine-learning-matrices-split/airline78.csv.20.12.A.vc.C 
Command: /home/louza/mm-repair/ans/encode.x /mnt/data/datasets/machine-learning-matrices-split/airline78.csv.20.12.B.vc
Ans-fold time: 16.3081
==== Integer vector .C compression
Command: /home/louza/mm-repair/sdsl/encode.x /mnt/data/datasets/machine-learning-matrices-split/airline78.csv.20.13.A.vc.C 
==== Integer vector .R compression
Command: /home/louza/mm-repair/sdsl/encode.x /mnt/data/datasets/machine-learning-matrices-split/airline78.csv.20.13.A.vc.R 
Integer vector compression time: 0.9276
==== Ans-fold compression
Command: /home/louza/mm-repair/ans/encode.x /mnt/data/datasets/machine-learning-matrices-split/airline78.csv.20.13.A.vc.C 
Command: /home/louza/mm-repair/ans/encode.x /mnt/data/datasets/machine-learning-matrices-split/airline78.csv.20.13.B.vc
Ans-fold time: 17.4274
==== Integer vector .C compression
Command: /home/louza/mm-repair/sdsl/encode.x /mnt/data/datasets/machine-learning-matrices-split/airline78.csv.20.14.A.vc.C 
==== Integer vector .R compression
Command: /home/louza/mm-repair/sdsl/encode.x /mnt/data/datasets/machine-learning-matrices-split/airline78.csv.20.14.A.vc.R 
Integer vector compression time: 1.4427
==== Ans-fold compression
Command: /home/louza/mm-repair/ans/encode.x /mnt/data/datasets/machine-learning-matrices-split/airline78.csv.20.14.A.vc.C 
Command: /home/louza/mm-repair/ans/encode.x /mnt/data/datasets/machine-learning-matrices-split/airline78.csv.20.14.B.vc
Ans-fold time: 18.5289
==== Integer vector .C compression
Command: /home/louza/mm-repair/sdsl/encode.x /mnt/data/datasets/machine-learning-matrices-split/airline78.csv.20.15.A.vc.C 
==== Integer vector .R compression
Command: /home/louza/mm-repair/sdsl/encode.x /mnt/data/datasets/machine-learning-matrices-split/airline78.csv.20.15.A.vc.R 
Integer vector compression time: 0.5569
==== Ans-fold compression
Command: /home/louza/mm-repair/ans/encode.x /mnt/data/datasets/machine-learning-matrices-split/airline78.csv.20.15.A.vc.C 
Command: /home/louza/mm-repair/ans/encode.x /mnt/data/datasets/machine-learning-matrices-split/airline78.csv.20.15.B.vc
Ans-fold time: 19.7626
==== Integer vector .C compression
Command: /home/louza/mm-repair/sdsl/encode.x /mnt/data/datasets/machine-learning-matrices-split/airline78.csv.20.16.A.vc.C 
==== Integer vector .R compression
Command: /home/louza/mm-repair/sdsl/encode.x /mnt/data/datasets/machine-learning-matrices-split/airline78.csv.20.16.A.vc.R 
Integer vector compression time: 0.7152
==== Ans-fold compression
Command: /home/louza/mm-repair/ans/encode.x /mnt/data/datasets/machine-learning-matrices-split/airline78.csv.20.16.A.vc.C 
Command: /home/louza/mm-repair/ans/encode.x /mnt/data/datasets/machine-learning-matrices-split/airline78.csv.20.16.B.vc
Ans-fold time: 20.8019
==== Integer vector .C compression
Command: /home/louza/mm-repair/sdsl/encode.x /mnt/data/datasets/machine-learning-matrices-split/airline78.csv.20.17.A.vc.C 
==== Integer vector .R compression
Command: /home/louza/mm-repair/sdsl/encode.x /mnt/data/datasets/machine-learning-matrices-split/airline78.csv.20.17.A.vc.R 
Integer vector compression time: 1.2139
==== Ans-fold compression
Command: /home/louza/mm-repair/ans/encode.x /mnt/data/datasets/machine-learning-matrices-split/airline78.csv.20.17.A.vc.C 
Command: /home/louza/mm-repair/ans/encode.x /mnt/data/datasets/machine-learning-matrices-split/airline78.csv.20.17.B.vc
Ans-fold time: 21.7732
==== Integer vector .C compression
Command: /home/louza/mm-repair/sdsl/encode.x /mnt/data/datasets/machine-learning-matrices-split/airline78.csv.20.18.A.vc.C 
==== Integer vector .R compression
Command: /home/louza/mm-repair/sdsl/encode.x /mnt/data/datasets/machine-learning-matrices-split/airline78.csv.20.18.A.vc.R 
Integer vector compression time: 1.8538
==== Ans-fold compression
Command: /home/louza/mm-repair/ans/encode.x /mnt/data/datasets/machine-learning-matrices-split/airline78.csv.20.18.A.vc.C 
Command: /home/louza/mm-repair/ans/encode.x /mnt/data/datasets/machine-learning-matrices-split/airline78.csv.20.18.B.vc
Ans-fold time: 22.6391
==== Integer vector .C compression
Command: /home/louza/mm-repair/sdsl/encode.x /mnt/data/datasets/machine-learning-matrices-split/airline78.csv.20.19.A.vc.C 
==== Integer vector .R compression
Command: /home/louza/mm-repair/sdsl/encode.x /mnt/data/datasets/machine-learning-matrices-split/airline78.csv.20.19.A.vc.R 
Integer vector compression time: 0.8434
==== Ans-fold compression
Command: /home/louza/mm-repair/ans/encode.x /mnt/data/datasets/machine-learning-matrices-split/airline78.csv.20.19.A.vc.C 
Command: /home/louza/mm-repair/ans/encode.x /mnt/data/datasets/machine-learning-matrices-split/airline78.csv.20.19.B.vc
Ans-fold time: 23.3797
Command: /home/louza/mm-repair/ans/encode.x /mnt/data/datasets/machine-learning-matrices-split/airline78.csv.wcode 
Elapsed time: 817.5703
==== Compression Report:
 >> matrix name: /mnt/data/datasets/machine-learning-matrices-split/airline78.csv
 >> conversion time: 731.01
 >> repair time: 43.68
 >> integer vectors time: 0.84
 >> ansf time: 23.38
 >> total time: 817.57
 >> wcode: 119868 bytes
 >> wcode_ans: 9474 bytes
 >> matrix log(alpha)xNumEntries size: 681566188 bytes
 >> matrix dense size: 3355402776 bytes
 >> total number of nonzero: 295173651 (70.38%)
 >> number of distinct nonzero: 7794
 >> CRSV  size: 1238608728 bytes  (36.91%)
 >> B	  size: 96208956 bytes  (2.87%)
 >> B_ans size: 20608123 bytes  (0.61%)
 >> RE32  size: 585934287 bytes  (17.46%)
 >> REIV  size: 374005815 bytes  (11.15%)
 >> REANS size: 323617649 bytes  (9.64%)
==== Done

#### 2026-09-08 10:03:42
 Command line: ./mm-repair/matrepair -r -b 20 -p 20 /mnt/data/datasets/machine-learning-matrices-split/airline78.csv 14462943 29 --ole --mapping --split 
Setting memory for each repair instance to 23202 MBs
Sending logging messages to file: /mnt/data/datasets/machine-learning-matrices-split/airline78.csv.log
==== Conversion bin/csv->csrv
Command: /home/louza/mm-repair/csvmat2csrv -b 20   /mnt/data/datasets/machine-learning-matrices-split/airline78.csv -r 0 -m -s 14462943 29
Conversion time: 572.6370
==== Repair paralell compression
---- Executing 20 parallel processes
---- Parallel processing completed
Repair time: 88.5276
==== Integer vector .C compression
Command: /home/louza/mm-repair/sdsl/encode.x /mnt/data/datasets/machine-learning-matrices-split/airline78.csv.20.0.A.vc.C 
==== Integer vector .R compression
Command: /home/louza/mm-repair/sdsl/encode.x /mnt/data/datasets/machine-learning-matrices-split/airline78.csv.20.0.A.vc.R 
Integer vector compression time: 4.1261
==== OLE
Command: /home/louza/mm-repair/ole/encode.x /mnt/data/datasets/machine-learning-matrices-split/airline78.csv.20.0.A.vc.C 
Command: /home/louza/mm-repair/ole/encode.x /mnt/data/datasets/machine-learning-matrices-split/airline78.csv.20.0.B.vc 
OLE time: 1.7285
==== Ans-fold compression
Command: /home/louza/mm-repair/ans/encode.x /mnt/data/datasets/machine-learning-matrices-split/airline78.csv.20.0.A.vc.C 
Command: /home/louza/mm-repair/ans/encode.x /mnt/data/datasets/machine-learning-matrices-split/airline78.csv.20.0.B.vc
Ans-fold time: 3.3647
==== Integer vector .C compression
Command: /home/louza/mm-repair/sdsl/encode.x /mnt/data/datasets/machine-learning-matrices-split/airline78.csv.20.1.A.vc.C 
==== Integer vector .R compression
Command: /home/louza/mm-repair/sdsl/encode.x /mnt/data/datasets/machine-learning-matrices-split/airline78.csv.20.1.A.vc.R 
Integer vector compression time: 3.1723
==== OLE
Command: /home/louza/mm-repair/ole/encode.x /mnt/data/datasets/machine-learning-matrices-split/airline78.csv.20.1.A.vc.C 
Command: /home/louza/mm-repair/ole/encode.x /mnt/data/datasets/machine-learning-matrices-split/airline78.csv.20.1.B.vc 
OLE time: 0.1845
==== Ans-fold compression
Command: /home/louza/mm-repair/ans/encode.x /mnt/data/datasets/machine-learning-matrices-split/airline78.csv.20.1.A.vc.C 
Command: /home/louza/mm-repair/ans/encode.x /mnt/data/datasets/machine-learning-matrices-split/airline78.csv.20.1.B.vc
Ans-fold time: 5.0307
==== Integer vector .C compression
Command: /home/louza/mm-repair/sdsl/encode.x /mnt/data/datasets/machine-learning-matrices-split/airline78.csv.20.2.A.vc.C 
==== Integer vector .R compression
Command: /home/louza/mm-repair/sdsl/encode.x /mnt/data/datasets/machine-learning-matrices-split/airline78.csv.20.2.A.vc.R 
Integer vector compression time: 0.8505
==== OLE
Command: /home/louza/mm-repair/ole/encode.x /mnt/data/datasets/machine-learning-matrices-split/airline78.csv.20.2.A.vc.C 
Command: /home/louza/mm-repair/ole/encode.x /mnt/data/datasets/machine-learning-matrices-split/airline78.csv.20.2.B.vc 
OLE time: 0.0424
==== Ans-fold compression
Command: /home/louza/mm-repair/ans/encode.x /mnt/data/datasets/machine-learning-matrices-split/airline78.csv.20.2.A.vc.C 
Command: /home/louza/mm-repair/ans/encode.x /mnt/data/datasets/machine-learning-matrices-split/airline78.csv.20.2.B.vc
Ans-fold time: 6.2598
==== Integer vector .C compression
Command: /home/louza/mm-repair/sdsl/encode.x /mnt/data/datasets/machine-learning-matrices-split/airline78.csv.20.3.A.vc.C 
==== Integer vector .R compression
Command: /home/louza/mm-repair/sdsl/encode.x /mnt/data/datasets/machine-learning-matrices-split/airline78.csv.20.3.A.vc.R 
Integer vector compression time: 0.6559
==== OLE
Command: /home/louza/mm-repair/ole/encode.x /mnt/data/datasets/machine-learning-matrices-split/airline78.csv.20.3.A.vc.C 
Command: /home/louza/mm-repair/ole/encode.x /mnt/data/datasets/machine-learning-matrices-split/airline78.csv.20.3.B.vc 
OLE time: 0.0357
==== Ans-fold compression
Command: /home/louza/mm-repair/ans/encode.x /mnt/data/datasets/machine-learning-matrices-split/airline78.csv.20.3.A.vc.C 
Command: /home/louza/mm-repair/ans/encode.x /mnt/data/datasets/machine-learning-matrices-split/airline78.csv.20.3.B.vc
Ans-fold time: 7.4707
==== Integer vector .C compression
Command: /home/louza/mm-repair/sdsl/encode.x /mnt/data/datasets/machine-learning-matrices-split/airline78.csv.20.4.A.vc.C 
==== Integer vector .R compression
Command: /home/louza/mm-repair/sdsl/encode.x /mnt/data/datasets/machine-learning-matrices-split/airline78.csv.20.4.A.vc.R 
Integer vector compression time: 0.5184
==== OLE
Command: /home/louza/mm-repair/ole/encode.x /mnt/data/datasets/machine-learning-matrices-split/airline78.csv.20.4.A.vc.C 
Command: /home/louza/mm-repair/ole/encode.x /mnt/data/datasets/machine-learning-matrices-split/airline78.csv.20.4.B.vc 
OLE time: 0.0365
==== Ans-fold compression
Command: /home/louza/mm-repair/ans/encode.x /mnt/data/datasets/machine-learning-matrices-split/airline78.csv.20.4.A.vc.C 
Command: /home/louza/mm-repair/ans/encode.x /mnt/data/datasets/machine-learning-matrices-split/airline78.csv.20.4.B.vc
Ans-fold time: 9.0921
==== Integer vector .C compression
Command: /home/louza/mm-repair/sdsl/encode.x /mnt/data/datasets/machine-learning-matrices-split/airline78.csv.20.5.A.vc.C 
==== Integer vector .R compression
Command: /home/louza/mm-repair/sdsl/encode.x /mnt/data/datasets/machine-learning-matrices-split/airline78.csv.20.5.A.vc.R 
Integer vector compression time: 0.5679
==== OLE
Command: /home/louza/mm-repair/ole/encode.x /mnt/data/datasets/machine-learning-matrices-split/airline78.csv.20.5.A.vc.C 
Command: /home/louza/mm-repair/ole/encode.x /mnt/data/datasets/machine-learning-matrices-split/airline78.csv.20.5.B.vc 
OLE time: 0.2045
==== Ans-fold compression
Command: /home/louza/mm-repair/ans/encode.x /mnt/data/datasets/machine-learning-matrices-split/airline78.csv.20.5.A.vc.C 
Command: /home/louza/mm-repair/ans/encode.x /mnt/data/datasets/machine-learning-matrices-split/airline78.csv.20.5.B.vc
Ans-fold time: 10.6191
==== Integer vector .C compression
Command: /home/louza/mm-repair/sdsl/encode.x /mnt/data/datasets/machine-learning-matrices-split/airline78.csv.20.6.A.vc.C 
==== Integer vector .R compression
Command: /home/louza/mm-repair/sdsl/encode.x /mnt/data/datasets/machine-learning-matrices-split/airline78.csv.20.6.A.vc.R 
Integer vector compression time: 0.6022
==== OLE
Command: /home/louza/mm-repair/ole/encode.x /mnt/data/datasets/machine-learning-matrices-split/airline78.csv.20.6.A.vc.C 
Command: /home/louza/mm-repair/ole/encode.x /mnt/data/datasets/machine-learning-matrices-split/airline78.csv.20.6.B.vc 
OLE time: 0.0286
==== Ans-fold compression
Command: /home/louza/mm-repair/ans/encode.x /mnt/data/datasets/machine-learning-matrices-split/airline78.csv.20.6.A.vc.C 
Command: /home/louza/mm-repair/ans/encode.x /mnt/data/datasets/machine-learning-matrices-split/airline78.csv.20.6.B.vc
Ans-fold time: 11.9068
==== Integer vector .C compression
Command: /home/louza/mm-repair/sdsl/encode.x /mnt/data/datasets/machine-learning-matrices-split/airline78.csv.20.7.A.vc.C 
==== Integer vector .R compression
Command: /home/louza/mm-repair/sdsl/encode.x /mnt/data/datasets/machine-learning-matrices-split/airline78.csv.20.7.A.vc.R 
Integer vector compression time: 0.4887
==== OLE
Command: /home/louza/mm-repair/ole/encode.x /mnt/data/datasets/machine-learning-matrices-split/airline78.csv.20.7.A.vc.C 
Command: /home/louza/mm-repair/ole/encode.x /mnt/data/datasets/machine-learning-matrices-split/airline78.csv.20.7.B.vc 
OLE time: 0.0624
==== Ans-fold compression
Command: /home/louza/mm-repair/ans/encode.x /mnt/data/datasets/machine-learning-matrices-split/airline78.csv.20.7.A.vc.C 
Command: /home/louza/mm-repair/ans/encode.x /mnt/data/datasets/machine-learning-matrices-split/airline78.csv.20.7.B.vc
Ans-fold time: 13.1154
==== Integer vector .C compression
Command: /home/louza/mm-repair/sdsl/encode.x /mnt/data/datasets/machine-learning-matrices-split/airline78.csv.20.8.A.vc.C 
==== Integer vector .R compression
Command: /home/louza/mm-repair/sdsl/encode.x /mnt/data/datasets/machine-learning-matrices-split/airline78.csv.20.8.A.vc.R 
Integer vector compression time: 0.4886
==== OLE
Command: /home/louza/mm-repair/ole/encode.x /mnt/data/datasets/machine-learning-matrices-split/airline78.csv.20.8.A.vc.C 
Command: /home/louza/mm-repair/ole/encode.x /mnt/data/datasets/machine-learning-matrices-split/airline78.csv.20.8.B.vc 
OLE time: 0.1017
==== Ans-fold compression
Command: /home/louza/mm-repair/ans/encode.x /mnt/data/datasets/machine-learning-matrices-split/airline78.csv.20.8.A.vc.C 
Command: /home/louza/mm-repair/ans/encode.x /mnt/data/datasets/machine-learning-matrices-split/airline78.csv.20.8.B.vc
Ans-fold time: 14.5352
==== Integer vector .C compression
Command: /home/louza/mm-repair/sdsl/encode.x /mnt/data/datasets/machine-learning-matrices-split/airline78.csv.20.9.A.vc.C 
==== Integer vector .R compression
Command: /home/louza/mm-repair/sdsl/encode.x /mnt/data/datasets/machine-learning-matrices-split/airline78.csv.20.9.A.vc.R 
Integer vector compression time: 0.5834
==== OLE
Command: /home/louza/mm-repair/ole/encode.x /mnt/data/datasets/machine-learning-matrices-split/airline78.csv.20.9.A.vc.C 
Command: /home/louza/mm-repair/ole/encode.x /mnt/data/datasets/machine-learning-matrices-split/airline78.csv.20.9.B.vc 
OLE time: 0.0678
==== Ans-fold compression
Command: /home/louza/mm-repair/ans/encode.x /mnt/data/datasets/machine-learning-matrices-split/airline78.csv.20.9.A.vc.C 
Command: /home/louza/mm-repair/ans/encode.x /mnt/data/datasets/machine-learning-matrices-split/airline78.csv.20.9.B.vc
Ans-fold time: 15.8636
==== Integer vector .C compression
Command: /home/louza/mm-repair/sdsl/encode.x /mnt/data/datasets/machine-learning-matrices-split/airline78.csv.20.10.A.vc.C 
==== Integer vector .R compression
Command: /home/louza/mm-repair/sdsl/encode.x /mnt/data/datasets/machine-learning-matrices-split/airline78.csv.20.10.A.vc.R 
Integer vector compression time: 0.7220
==== OLE
Command: /home/louza/mm-repair/ole/encode.x /mnt/data/datasets/machine-learning-matrices-split/airline78.csv.20.10.A.vc.C 
Command: /home/louza/mm-repair/ole/encode.x /mnt/data/datasets/machine-learning-matrices-split/airline78.csv.20.10.B.vc 
OLE time: 0.0900
==== Ans-fold compression
Command: /home/louza/mm-repair/ans/encode.x /mnt/data/datasets/machine-learning-matrices-split/airline78.csv.20.10.A.vc.C 
Command: /home/louza/mm-repair/ans/encode.x /mnt/data/datasets/machine-learning-matrices-split/airline78.csv.20.10.B.vc
Ans-fold time: 17.0869
==== Integer vector .C compression
Command: /home/louza/mm-repair/sdsl/encode.x /mnt/data/datasets/machine-learning-matrices-split/airline78.csv.20.11.A.vc.C 
==== Integer vector .R compression
Command: /home/louza/mm-repair/sdsl/encode.x /mnt/data/datasets/machine-learning-matrices-split/airline78.csv.20.11.A.vc.R 
Integer vector compression time: 0.6309
==== OLE
Command: /home/louza/mm-repair/ole/encode.x /mnt/data/datasets/machine-learning-matrices-split/airline78.csv.20.11.A.vc.C 
Command: /home/louza/mm-repair/ole/encode.x /mnt/data/datasets/machine-learning-matrices-split/airline78.csv.20.11.B.vc 
OLE time: 0.0690
==== Ans-fold compression
Command: /home/louza/mm-repair/ans/encode.x /mnt/data/datasets/machine-learning-matrices-split/airline78.csv.20.11.A.vc.C 
Command: /home/louza/mm-repair/ans/encode.x /mnt/data/datasets/machine-learning-matrices-split/airline78.csv.20.11.B.vc
Ans-fold time: 18.5219
==== Integer vector .C compression
Command: /home/louza/mm-repair/sdsl/encode.x /mnt/data/datasets/machine-learning-matrices-split/airline78.csv.20.12.A.vc.C 
==== Integer vector .R compression
Command: /home/louza/mm-repair/sdsl/encode.x /mnt/data/datasets/machine-learning-matrices-split/airline78.csv.20.12.A.vc.R 
Integer vector compression time: 0.5915
==== OLE
Command: /home/louza/mm-repair/ole/encode.x /mnt/data/datasets/machine-learning-matrices-split/airline78.csv.20.12.A.vc.C 
Command: /home/louza/mm-repair/ole/encode.x /mnt/data/datasets/machine-learning-matrices-split/airline78.csv.20.12.B.vc 
OLE time: 0.0337
==== Ans-fold compression
Command: /home/louza/mm-repair/ans/encode.x /mnt/data/datasets/machine-learning-matrices-split/airline78.csv.20.12.A.vc.C 
Command: /home/louza/mm-repair/ans/encode.x /mnt/data/datasets/machine-learning-matrices-split/airline78.csv.20.12.B.vc
Ans-fold time: 19.9940
==== Integer vector .C compression
Command: /home/louza/mm-repair/sdsl/encode.x /mnt/data/datasets/machine-learning-matrices-split/airline78.csv.20.13.A.vc.C 
==== Integer vector .R compression
Command: /home/louza/mm-repair/sdsl/encode.x /mnt/data/datasets/machine-learning-matrices-split/airline78.csv.20.13.A.vc.R 
Integer vector compression time: 0.4629
==== OLE
Command: /home/louza/mm-repair/ole/encode.x /mnt/data/datasets/machine-learning-matrices-split/airline78.csv.20.13.A.vc.C 
Command: /home/louza/mm-repair/ole/encode.x /mnt/data/datasets/machine-learning-matrices-split/airline78.csv.20.13.B.vc 
OLE time: 0.1086
==== Ans-fold compression
Command: /home/louza/mm-repair/ans/encode.x /mnt/data/datasets/machine-learning-matrices-split/airline78.csv.20.13.A.vc.C 
Command: /home/louza/mm-repair/ans/encode.x /mnt/data/datasets/machine-learning-matrices-split/airline78.csv.20.13.B.vc
Ans-fold time: 21.5936
==== Integer vector .C compression
Command: /home/louza/mm-repair/sdsl/encode.x /mnt/data/datasets/machine-learning-matrices-split/airline78.csv.20.14.A.vc.C 
==== Integer vector .R compression
Command: /home/louza/mm-repair/sdsl/encode.x /mnt/data/datasets/machine-learning-matrices-split/airline78.csv.20.14.A.vc.R 
Integer vector compression time: 0.5431
==== OLE
Command: /home/louza/mm-repair/ole/encode.x /mnt/data/datasets/machine-learning-matrices-split/airline78.csv.20.14.A.vc.C 
Command: /home/louza/mm-repair/ole/encode.x /mnt/data/datasets/machine-learning-matrices-split/airline78.csv.20.14.B.vc 
OLE time: 0.1851
==== Ans-fold compression
Command: /home/louza/mm-repair/ans/encode.x /mnt/data/datasets/machine-learning-matrices-split/airline78.csv.20.14.A.vc.C 
Command: /home/louza/mm-repair/ans/encode.x /mnt/data/datasets/machine-learning-matrices-split/airline78.csv.20.14.B.vc
Ans-fold time: 23.6072
==== Integer vector .C compression
Command: /home/louza/mm-repair/sdsl/encode.x /mnt/data/datasets/machine-learning-matrices-split/airline78.csv.20.15.A.vc.C 
==== Integer vector .R compression
Command: /home/louza/mm-repair/sdsl/encode.x /mnt/data/datasets/machine-learning-matrices-split/airline78.csv.20.15.A.vc.R 
Integer vector compression time: 0.8299
==== OLE
Command: /home/louza/mm-repair/ole/encode.x /mnt/data/datasets/machine-learning-matrices-split/airline78.csv.20.15.A.vc.C 
Command: /home/louza/mm-repair/ole/encode.x /mnt/data/datasets/machine-learning-matrices-split/airline78.csv.20.15.B.vc 
OLE time: 0.1405
==== Ans-fold compression
Command: /home/louza/mm-repair/ans/encode.x /mnt/data/datasets/machine-learning-matrices-split/airline78.csv.20.15.A.vc.C 
Command: /home/louza/mm-repair/ans/encode.x /mnt/data/datasets/machine-learning-matrices-split/airline78.csv.20.15.B.vc
Ans-fold time: 25.1534
==== Integer vector .C compression
Command: /home/louza/mm-repair/sdsl/encode.x /mnt/data/datasets/machine-learning-matrices-split/airline78.csv.20.16.A.vc.C 
==== Integer vector .R compression
Command: /home/louza/mm-repair/sdsl/encode.x /mnt/data/datasets/machine-learning-matrices-split/airline78.csv.20.16.A.vc.R 
Integer vector compression time: 0.5052
==== OLE
Command: /home/louza/mm-repair/ole/encode.x /mnt/data/datasets/machine-learning-matrices-split/airline78.csv.20.16.A.vc.C 
Command: /home/louza/mm-repair/ole/encode.x /mnt/data/datasets/machine-learning-matrices-split/airline78.csv.20.16.B.vc 
OLE time: 0.0968
==== Ans-fold compression
Command: /home/louza/mm-repair/ans/encode.x /mnt/data/datasets/machine-learning-matrices-split/airline78.csv.20.16.A.vc.C 
Command: /home/louza/mm-repair/ans/encode.x /mnt/data/datasets/machine-learning-matrices-split/airline78.csv.20.16.B.vc
Ans-fold time: 26.4179
==== Integer vector .C compression
Command: /home/louza/mm-repair/sdsl/encode.x /mnt/data/datasets/machine-learning-matrices-split/airline78.csv.20.17.A.vc.C 
==== Integer vector .R compression
Command: /home/louza/mm-repair/sdsl/encode.x /mnt/data/datasets/machine-learning-matrices-split/airline78.csv.20.17.A.vc.R 
Integer vector compression time: 0.6602
==== OLE
Command: /home/louza/mm-repair/ole/encode.x /mnt/data/datasets/machine-learning-matrices-split/airline78.csv.20.17.A.vc.C 
Command: /home/louza/mm-repair/ole/encode.x /mnt/data/datasets/machine-learning-matrices-split/airline78.csv.20.17.B.vc 
OLE time: 0.0554
==== Ans-fold compression
Command: /home/louza/mm-repair/ans/encode.x /mnt/data/datasets/machine-learning-matrices-split/airline78.csv.20.17.A.vc.C 
Command: /home/louza/mm-repair/ans/encode.x /mnt/data/datasets/machine-learning-matrices-split/airline78.csv.20.17.B.vc
Ans-fold time: 27.4113
==== Integer vector .C compression
Command: /home/louza/mm-repair/sdsl/encode.x /mnt/data/datasets/machine-learning-matrices-split/airline78.csv.20.18.A.vc.C 
==== Integer vector .R compression
Command: /home/louza/mm-repair/sdsl/encode.x /mnt/data/datasets/machine-learning-matrices-split/airline78.csv.20.18.A.vc.R 
Integer vector compression time: 0.6983
==== OLE
Command: /home/louza/mm-repair/ole/encode.x /mnt/data/datasets/machine-learning-matrices-split/airline78.csv.20.18.A.vc.C 
Command: /home/louza/mm-repair/ole/encode.x /mnt/data/datasets/machine-learning-matrices-split/airline78.csv.20.18.B.vc 
OLE time: 0.1004
==== Ans-fold compression
Command: /home/louza/mm-repair/ans/encode.x /mnt/data/datasets/machine-learning-matrices-split/airline78.csv.20.18.A.vc.C 
Command: /home/louza/mm-repair/ans/encode.x /mnt/data/datasets/machine-learning-matrices-split/airline78.csv.20.18.B.vc
Ans-fold time: 28.3689
==== Integer vector .C compression
Command: /home/louza/mm-repair/sdsl/encode.x /mnt/data/datasets/machine-learning-matrices-split/airline78.csv.20.19.A.vc.C 
==== Integer vector .R compression
Command: /home/louza/mm-repair/sdsl/encode.x /mnt/data/datasets/machine-learning-matrices-split/airline78.csv.20.19.A.vc.R 
Integer vector compression time: 0.6441
==== OLE
Command: /home/louza/mm-repair/ole/encode.x /mnt/data/datasets/machine-learning-matrices-split/airline78.csv.20.19.A.vc.C 
Command: /home/louza/mm-repair/ole/encode.x /mnt/data/datasets/machine-learning-matrices-split/airline78.csv.20.19.B.vc 
OLE time: 0.1246
==== Ans-fold compression
Command: /home/louza/mm-repair/ans/encode.x /mnt/data/datasets/machine-learning-matrices-split/airline78.csv.20.19.A.vc.C 
Command: /home/louza/mm-repair/ans/encode.x /mnt/data/datasets/machine-learning-matrices-split/airline78.csv.20.19.B.vc
Ans-fold time: 29.5864
Command: /home/louza/mm-repair/ans/encode.x /mnt/data/datasets/machine-learning-matrices-split/airline78.csv.wcode 
Elapsed time: 731.6068
==== Compression Report:
 >> matrix name: /mnt/data/datasets/machine-learning-matrices-split/airline78.csv
 >> conversion time: 572.64
 >> repair time: 88.53
 >> integer vectors time: 0.64
 >> ansf time: 29.59
 >> total time: 731.61
 >> wcode: 119868 bytes
 >> wcode_ans: 9474 bytes
 >> matrix log(alpha)xNumEntries size: 681566188 bytes
 >> matrix dense size: 3355402776 bytes
 >> total number of nonzero: 295173651 (70.38%)
 >> number of distinct nonzero: 7794
 >> CRSV  size: 1238608728 bytes  (36.91%)
 >> B	  size: 96208956 bytes  (2.87%)
 >> B_ans size: 20511549 bytes  (0.61%)
 >> RE32  size: 585837713 bytes  (17.46%)
 >> REIV  size: 373909241 bytes  (11.14%)
 >> REANS size: 312508809 bytes  (9.31%)
==== Done
REANS -b 24


#### 2026-09-09 20:23:54
 Command line: ./mm-repair/matrepair -r -b 24 -p 24 /mnt/data/datasets/machine-learning-matrices-split/airline78.csv 14462943 29 
Setting memory for each repair instance to 19335 MBs
Sending logging messages to file: /mnt/data/datasets/machine-learning-matrices-split/airline78.csv.log
==== Conversion bin/csv->csrv
Command: /home/louza/mm-repair/csvmat2csrv -b 24   /mnt/data/datasets/machine-learning-matrices-split/airline78.csv -r 0   14462943 29
Conversion time: 81.5554
==== Repair paralell compression
---- Executing 24 parallel processes
---- Parallel processing completed
Repair time: 76.4562
==== Integer vector .C compression
Command: /home/louza/mm-repair/sdsl/encode.x /mnt/data/datasets/machine-learning-matrices-split/airline78.csv.24.0.vc.C 
==== Integer vector .R compression
Command: /home/louza/mm-repair/sdsl/encode.x /mnt/data/datasets/machine-learning-matrices-split/airline78.csv.24.0.vc.R 
Integer vector compression time: 0.3112
==== Ans-fold compression
Command: /home/louza/mm-repair/ans/encode.x /mnt/data/datasets/machine-learning-matrices-split/airline78.csv.24.0.vc.C 
Ans-fold time: 1.5153
==== Integer vector .C compression
Command: /home/louza/mm-repair/sdsl/encode.x /mnt/data/datasets/machine-learning-matrices-split/airline78.csv.24.1.vc.C 
==== Integer vector .R compression
Command: /home/louza/mm-repair/sdsl/encode.x /mnt/data/datasets/machine-learning-matrices-split/airline78.csv.24.1.vc.R 
Integer vector compression time: 0.4085
==== Ans-fold compression
Command: /home/louza/mm-repair/ans/encode.x /mnt/data/datasets/machine-learning-matrices-split/airline78.csv.24.1.vc.C 
Ans-fold time: 3.8500
==== Integer vector .C compression
Command: /home/louza/mm-repair/sdsl/encode.x /mnt/data/datasets/machine-learning-matrices-split/airline78.csv.24.2.vc.C 
==== Integer vector .R compression
Command: /home/louza/mm-repair/sdsl/encode.x /mnt/data/datasets/machine-learning-matrices-split/airline78.csv.24.2.vc.R 
Integer vector compression time: 0.4555
==== Ans-fold compression
Command: /home/louza/mm-repair/ans/encode.x /mnt/data/datasets/machine-learning-matrices-split/airline78.csv.24.2.vc.C 
Ans-fold time: 6.6192
==== Integer vector .C compression
Command: /home/louza/mm-repair/sdsl/encode.x /mnt/data/datasets/machine-learning-matrices-split/airline78.csv.24.3.vc.C 
==== Integer vector .R compression
Command: /home/louza/mm-repair/sdsl/encode.x /mnt/data/datasets/machine-learning-matrices-split/airline78.csv.24.3.vc.R 
Integer vector compression time: 0.7404
==== Ans-fold compression
Command: /home/louza/mm-repair/ans/encode.x /mnt/data/datasets/machine-learning-matrices-split/airline78.csv.24.3.vc.C 
Ans-fold time: 14.5078
==== Integer vector .C compression
Command: /home/louza/mm-repair/sdsl/encode.x /mnt/data/datasets/machine-learning-matrices-split/airline78.csv.24.4.vc.C 
==== Integer vector .R compression
Command: /home/louza/mm-repair/sdsl/encode.x /mnt/data/datasets/machine-learning-matrices-split/airline78.csv.24.4.vc.R 
Integer vector compression time: 0.6308
==== Ans-fold compression
Command: /home/louza/mm-repair/ans/encode.x /mnt/data/datasets/machine-learning-matrices-split/airline78.csv.24.4.vc.C 
Ans-fold time: 22.7844
==== Integer vector .C compression
Command: /home/louza/mm-repair/sdsl/encode.x /mnt/data/datasets/machine-learning-matrices-split/airline78.csv.24.5.vc.C 
==== Integer vector .R compression
Command: /home/louza/mm-repair/sdsl/encode.x /mnt/data/datasets/machine-learning-matrices-split/airline78.csv.24.5.vc.R 
Integer vector compression time: 0.4941
==== Ans-fold compression
Command: /home/louza/mm-repair/ans/encode.x /mnt/data/datasets/machine-learning-matrices-split/airline78.csv.24.5.vc.C 
Ans-fold time: 26.2186
==== Integer vector .C compression
Command: /home/louza/mm-repair/sdsl/encode.x /mnt/data/datasets/machine-learning-matrices-split/airline78.csv.24.6.vc.C 
==== Integer vector .R compression
Command: /home/louza/mm-repair/sdsl/encode.x /mnt/data/datasets/machine-learning-matrices-split/airline78.csv.24.6.vc.R 
Integer vector compression time: 0.7709
==== Ans-fold compression
Command: /home/louza/mm-repair/ans/encode.x /mnt/data/datasets/machine-learning-matrices-split/airline78.csv.24.6.vc.C 
Ans-fold time: 27.6338
==== Integer vector .C compression
Command: /home/louza/mm-repair/sdsl/encode.x /mnt/data/datasets/machine-learning-matrices-split/airline78.csv.24.7.vc.C 
==== Integer vector .R compression
Command: /home/louza/mm-repair/sdsl/encode.x /mnt/data/datasets/machine-learning-matrices-split/airline78.csv.24.7.vc.R 
Integer vector compression time: 0.4624
==== Ans-fold compression
Command: /home/louza/mm-repair/ans/encode.x /mnt/data/datasets/machine-learning-matrices-split/airline78.csv.24.7.vc.C 
Ans-fold time: 28.5952
==== Integer vector .C compression
Command: /home/louza/mm-repair/sdsl/encode.x /mnt/data/datasets/machine-learning-matrices-split/airline78.csv.24.8.vc.C 
==== Integer vector .R compression
Command: /home/louza/mm-repair/sdsl/encode.x /mnt/data/datasets/machine-learning-matrices-split/airline78.csv.24.8.vc.R 
Integer vector compression time: 0.3744
==== Ans-fold compression
Command: /home/louza/mm-repair/ans/encode.x /mnt/data/datasets/machine-learning-matrices-split/airline78.csv.24.8.vc.C 
Ans-fold time: 29.4917
==== Integer vector .C compression
Command: /home/louza/mm-repair/sdsl/encode.x /mnt/data/datasets/machine-learning-matrices-split/airline78.csv.24.9.vc.C 
==== Integer vector .R compression
Command: /home/louza/mm-repair/sdsl/encode.x /mnt/data/datasets/machine-learning-matrices-split/airline78.csv.24.9.vc.R 
Integer vector compression time: 0.3277
==== Ans-fold compression
Command: /home/louza/mm-repair/ans/encode.x /mnt/data/datasets/machine-learning-matrices-split/airline78.csv.24.9.vc.C 
Ans-fold time: 30.2025
==== Integer vector .C compression
Command: /home/louza/mm-repair/sdsl/encode.x /mnt/data/datasets/machine-learning-matrices-split/airline78.csv.24.10.vc.C 
==== Integer vector .R compression
Command: /home/louza/mm-repair/sdsl/encode.x /mnt/data/datasets/machine-learning-matrices-split/airline78.csv.24.10.vc.R 
Integer vector compression time: 0.3059
==== Ans-fold compression
Command: /home/louza/mm-repair/ans/encode.x /mnt/data/datasets/machine-learning-matrices-split/airline78.csv.24.10.vc.C 
Ans-fold time: 31.1967
==== Integer vector .C compression
Command: /home/louza/mm-repair/sdsl/encode.x /mnt/data/datasets/machine-learning-matrices-split/airline78.csv.24.11.vc.C 
==== Integer vector .R compression
Command: /home/louza/mm-repair/sdsl/encode.x /mnt/data/datasets/machine-learning-matrices-split/airline78.csv.24.11.vc.R 
Integer vector compression time: 0.3788
==== Ans-fold compression
Command: /home/louza/mm-repair/ans/encode.x /mnt/data/datasets/machine-learning-matrices-split/airline78.csv.24.11.vc.C 
Ans-fold time: 31.9768
==== Integer vector .C compression
Command: /home/louza/mm-repair/sdsl/encode.x /mnt/data/datasets/machine-learning-matrices-split/airline78.csv.24.12.vc.C 
==== Integer vector .R compression
Command: /home/louza/mm-repair/sdsl/encode.x /mnt/data/datasets/machine-learning-matrices-split/airline78.csv.24.12.vc.R 
Integer vector compression time: 0.3655
==== Ans-fold compression
Command: /home/louza/mm-repair/ans/encode.x /mnt/data/datasets/machine-learning-matrices-split/airline78.csv.24.12.vc.C 
Ans-fold time: 33.1282
==== Integer vector .C compression
Command: /home/louza/mm-repair/sdsl/encode.x /mnt/data/datasets/machine-learning-matrices-split/airline78.csv.24.13.vc.C 
==== Integer vector .R compression
Command: /home/louza/mm-repair/sdsl/encode.x /mnt/data/datasets/machine-learning-matrices-split/airline78.csv.24.13.vc.R 
Integer vector compression time: 0.4333
==== Ans-fold compression
Command: /home/louza/mm-repair/ans/encode.x /mnt/data/datasets/machine-learning-matrices-split/airline78.csv.24.13.vc.C 
Ans-fold time: 34.7443
==== Integer vector .C compression
Command: /home/louza/mm-repair/sdsl/encode.x /mnt/data/datasets/machine-learning-matrices-split/airline78.csv.24.14.vc.C 
==== Integer vector .R compression
Command: /home/louza/mm-repair/sdsl/encode.x /mnt/data/datasets/machine-learning-matrices-split/airline78.csv.24.14.vc.R 
Integer vector compression time: 0.4055
==== Ans-fold compression
Command: /home/louza/mm-repair/ans/encode.x /mnt/data/datasets/machine-learning-matrices-split/airline78.csv.24.14.vc.C 
Ans-fold time: 41.8177
==== Integer vector .C compression
Command: /home/louza/mm-repair/sdsl/encode.x /mnt/data/datasets/machine-learning-matrices-split/airline78.csv.24.15.vc.C 
==== Integer vector .R compression
Command: /home/louza/mm-repair/sdsl/encode.x /mnt/data/datasets/machine-learning-matrices-split/airline78.csv.24.15.vc.R 
Integer vector compression time: 0.3557
==== Ans-fold compression
Command: /home/louza/mm-repair/ans/encode.x /mnt/data/datasets/machine-learning-matrices-split/airline78.csv.24.15.vc.C 
Ans-fold time: 43.6588
==== Integer vector .C compression
Command: /home/louza/mm-repair/sdsl/encode.x /mnt/data/datasets/machine-learning-matrices-split/airline78.csv.24.16.vc.C 
==== Integer vector .R compression
Command: /home/louza/mm-repair/sdsl/encode.x /mnt/data/datasets/machine-learning-matrices-split/airline78.csv.24.16.vc.R 
Integer vector compression time: 0.4352
==== Ans-fold compression
Command: /home/louza/mm-repair/ans/encode.x /mnt/data/datasets/machine-learning-matrices-split/airline78.csv.24.16.vc.C 
Ans-fold time: 46.4728
==== Integer vector .C compression
Command: /home/louza/mm-repair/sdsl/encode.x /mnt/data/datasets/machine-learning-matrices-split/airline78.csv.24.17.vc.C 
==== Integer vector .R compression
Command: /home/louza/mm-repair/sdsl/encode.x /mnt/data/datasets/machine-learning-matrices-split/airline78.csv.24.17.vc.R 
Integer vector compression time: 0.3698
==== Ans-fold compression
Command: /home/louza/mm-repair/ans/encode.x /mnt/data/datasets/machine-learning-matrices-split/airline78.csv.24.17.vc.C 
Ans-fold time: 47.3678
==== Integer vector .C compression
Command: /home/louza/mm-repair/sdsl/encode.x /mnt/data/datasets/machine-learning-matrices-split/airline78.csv.24.18.vc.C 
==== Integer vector .R compression
Command: /home/louza/mm-repair/sdsl/encode.x /mnt/data/datasets/machine-learning-matrices-split/airline78.csv.24.18.vc.R 
Integer vector compression time: 0.3856
==== Ans-fold compression
Command: /home/louza/mm-repair/ans/encode.x /mnt/data/datasets/machine-learning-matrices-split/airline78.csv.24.18.vc.C 
Ans-fold time: 48.3286
==== Integer vector .C compression
Command: /home/louza/mm-repair/sdsl/encode.x /mnt/data/datasets/machine-learning-matrices-split/airline78.csv.24.19.vc.C 
==== Integer vector .R compression
Command: /home/louza/mm-repair/sdsl/encode.x /mnt/data/datasets/machine-learning-matrices-split/airline78.csv.24.19.vc.R 
Integer vector compression time: 0.3526
==== Ans-fold compression
Command: /home/louza/mm-repair/ans/encode.x /mnt/data/datasets/machine-learning-matrices-split/airline78.csv.24.19.vc.C 
Ans-fold time: 49.2152
==== Integer vector .C compression
Command: /home/louza/mm-repair/sdsl/encode.x /mnt/data/datasets/machine-learning-matrices-split/airline78.csv.24.20.vc.C 
==== Integer vector .R compression
Command: /home/louza/mm-repair/sdsl/encode.x /mnt/data/datasets/machine-learning-matrices-split/airline78.csv.24.20.vc.R 
Integer vector compression time: 0.4340
==== Ans-fold compression
Command: /home/louza/mm-repair/ans/encode.x /mnt/data/datasets/machine-learning-matrices-split/airline78.csv.24.20.vc.C 
Ans-fold time: 50.0919
==== Integer vector .C compression
Command: /home/louza/mm-repair/sdsl/encode.x /mnt/data/datasets/machine-learning-matrices-split/airline78.csv.24.21.vc.C 
==== Integer vector .R compression
Command: /home/louza/mm-repair/sdsl/encode.x /mnt/data/datasets/machine-learning-matrices-split/airline78.csv.24.21.vc.R 
Integer vector compression time: 0.3592
==== Ans-fold compression
Command: /home/louza/mm-repair/ans/encode.x /mnt/data/datasets/machine-learning-matrices-split/airline78.csv.24.21.vc.C 
Ans-fold time: 51.0557
==== Integer vector .C compression
Command: /home/louza/mm-repair/sdsl/encode.x /mnt/data/datasets/machine-learning-matrices-split/airline78.csv.24.22.vc.C 
==== Integer vector .R compression
Command: /home/louza/mm-repair/sdsl/encode.x /mnt/data/datasets/machine-learning-matrices-split/airline78.csv.24.22.vc.R 
Integer vector compression time: 0.3607
==== Ans-fold compression
Command: /home/louza/mm-repair/ans/encode.x /mnt/data/datasets/machine-learning-matrices-split/airline78.csv.24.22.vc.C 
Ans-fold time: 51.7395
==== Integer vector .C compression
Command: /home/louza/mm-repair/sdsl/encode.x /mnt/data/datasets/machine-learning-matrices-split/airline78.csv.24.23.vc.C 
==== Integer vector .R compression
Command: /home/louza/mm-repair/sdsl/encode.x /mnt/data/datasets/machine-learning-matrices-split/airline78.csv.24.23.vc.R 
Integer vector compression time: 0.2950
==== Ans-fold compression
Command: /home/louza/mm-repair/ans/encode.x /mnt/data/datasets/machine-learning-matrices-split/airline78.csv.24.23.vc.C 
Ans-fold time: 52.4966
Elapsed time: 220.7239
==== Compression Report:
 >> matrix name: /mnt/data/datasets/machine-learning-matrices-split/airline78.csv
 >> conversion time: 81.56
 >> repair time: 76.46
 >> integer vectors time: 0.30
 >> ansf time: 52.50
 >> total time: 220.72
 >> matrix log(alpha)xNumEntries size: 681566188 bytes
 >> matrix dense size: 3355402776 bytes
 >> total number of nonzero: 304762947 (72.66%)
 >> number of distinct nonzero: 7794
 >> CRSV  size: 1276965912 bytes  (38.06%)
 >> RE32  size: 613206184 bytes  (18.28%)
 >> REIV  size: 383277896 bytes  (11.42%)
 >> REANS size: 343404479 bytes  (10.23%)
==== Done

#### 2026-09-09 20:27:35
 Command line: ./mm-repair/matrepair -r -b 24 -p 24 /mnt/data/datasets/machine-learning-matrices-split/airline78.csv 14462943 29 --ole 
Setting memory for each repair instance to 19335 MBs
Sending logging messages to file: /mnt/data/datasets/machine-learning-matrices-split/airline78.csv.log
==== Conversion bin/csv->csrv
Command: /home/louza/mm-repair/csvmat2csrv -b 24   /mnt/data/datasets/machine-learning-matrices-split/airline78.csv -r 0   14462943 29
Conversion time: 238.5499
==== Repair paralell compression
---- Executing 24 parallel processes
---- Parallel processing completed
Repair time: 37.8096
==== Integer vector .C compression
Command: /home/louza/mm-repair/sdsl/encode.x /mnt/data/datasets/machine-learning-matrices-split/airline78.csv.24.0.vc.C 
==== Integer vector .R compression
Command: /home/louza/mm-repair/sdsl/encode.x /mnt/data/datasets/machine-learning-matrices-split/airline78.csv.24.0.vc.R 
Integer vector compression time: 1.8628
==== OLE
Command: /home/louza/mm-repair/ole/encode.x /mnt/data/datasets/machine-learning-matrices-split/airline78.csv.24.0.vc.C 
OLE time: 3.7893
==== Ans-fold compression
Command: /home/louza/mm-repair/ans/encode.x /mnt/data/datasets/machine-learning-matrices-split/airline78.csv.24.0.vc.C 
Ans-fold time: 3.5565
==== Integer vector .C compression
Command: /home/louza/mm-repair/sdsl/encode.x /mnt/data/datasets/machine-learning-matrices-split/airline78.csv.24.1.vc.C 
==== Integer vector .R compression
Command: /home/louza/mm-repair/sdsl/encode.x /mnt/data/datasets/machine-learning-matrices-split/airline78.csv.24.1.vc.R 
Integer vector compression time: 2.2309
==== OLE
Command: /home/louza/mm-repair/ole/encode.x /mnt/data/datasets/machine-learning-matrices-split/airline78.csv.24.1.vc.C 
OLE time: 1.6396
==== Ans-fold compression
Command: /home/louza/mm-repair/ans/encode.x /mnt/data/datasets/machine-learning-matrices-split/airline78.csv.24.1.vc.C 
Ans-fold time: 5.5117
==== Integer vector .C compression
Command: /home/louza/mm-repair/sdsl/encode.x /mnt/data/datasets/machine-learning-matrices-split/airline78.csv.24.2.vc.C 
==== Integer vector .R compression
Command: /home/louza/mm-repair/sdsl/encode.x /mnt/data/datasets/machine-learning-matrices-split/airline78.csv.24.2.vc.R 
Integer vector compression time: 1.8012
==== OLE
Command: /home/louza/mm-repair/ole/encode.x /mnt/data/datasets/machine-learning-matrices-split/airline78.csv.24.2.vc.C 
OLE time: 2.7472
==== Ans-fold compression
Command: /home/louza/mm-repair/ans/encode.x /mnt/data/datasets/machine-learning-matrices-split/airline78.csv.24.2.vc.C 
Ans-fold time: 7.6700
==== Integer vector .C compression
Command: /home/louza/mm-repair/sdsl/encode.x /mnt/data/datasets/machine-learning-matrices-split/airline78.csv.24.3.vc.C 
==== Integer vector .R compression
Command: /home/louza/mm-repair/sdsl/encode.x /mnt/data/datasets/machine-learning-matrices-split/airline78.csv.24.3.vc.R 
Integer vector compression time: 1.8285
==== OLE
Command: /home/louza/mm-repair/ole/encode.x /mnt/data/datasets/machine-learning-matrices-split/airline78.csv.24.3.vc.C 
OLE time: 2.8030
==== Ans-fold compression
Command: /home/louza/mm-repair/ans/encode.x /mnt/data/datasets/machine-learning-matrices-split/airline78.csv.24.3.vc.C 
Ans-fold time: 9.4005
==== Integer vector .C compression
Command: /home/louza/mm-repair/sdsl/encode.x /mnt/data/datasets/machine-learning-matrices-split/airline78.csv.24.4.vc.C 
==== Integer vector .R compression
Command: /home/louza/mm-repair/sdsl/encode.x /mnt/data/datasets/machine-learning-matrices-split/airline78.csv.24.4.vc.R 
Integer vector compression time: 1.2519
==== OLE
Command: /home/louza/mm-repair/ole/encode.x /mnt/data/datasets/machine-learning-matrices-split/airline78.csv.24.4.vc.C 
OLE time: 1.3429
==== Ans-fold compression
Command: /home/louza/mm-repair/ans/encode.x /mnt/data/datasets/machine-learning-matrices-split/airline78.csv.24.4.vc.C 
Ans-fold time: 11.3343
==== Integer vector .C compression
Command: /home/louza/mm-repair/sdsl/encode.x /mnt/data/datasets/machine-learning-matrices-split/airline78.csv.24.5.vc.C 
==== Integer vector .R compression
Command: /home/louza/mm-repair/sdsl/encode.x /mnt/data/datasets/machine-learning-matrices-split/airline78.csv.24.5.vc.R 
Integer vector compression time: 1.3141
==== OLE
Command: /home/louza/mm-repair/ole/encode.x /mnt/data/datasets/machine-learning-matrices-split/airline78.csv.24.5.vc.C 
OLE time: 1.7149
==== Ans-fold compression
Command: /home/louza/mm-repair/ans/encode.x /mnt/data/datasets/machine-learning-matrices-split/airline78.csv.24.5.vc.C 
Ans-fold time: 12.6086
==== Integer vector .C compression
Command: /home/louza/mm-repair/sdsl/encode.x /mnt/data/datasets/machine-learning-matrices-split/airline78.csv.24.6.vc.C 
==== Integer vector .R compression
Command: /home/louza/mm-repair/sdsl/encode.x /mnt/data/datasets/machine-learning-matrices-split/airline78.csv.24.6.vc.R 
Integer vector compression time: 0.9861
==== OLE
Command: /home/louza/mm-repair/ole/encode.x /mnt/data/datasets/machine-learning-matrices-split/airline78.csv.24.6.vc.C 
OLE time: 0.4472
==== Ans-fold compression
Command: /home/louza/mm-repair/ans/encode.x /mnt/data/datasets/machine-learning-matrices-split/airline78.csv.24.6.vc.C 
Ans-fold time: 13.5689
==== Integer vector .C compression
Command: /home/louza/mm-repair/sdsl/encode.x /mnt/data/datasets/machine-learning-matrices-split/airline78.csv.24.7.vc.C 
==== Integer vector .R compression
Command: /home/louza/mm-repair/sdsl/encode.x /mnt/data/datasets/machine-learning-matrices-split/airline78.csv.24.7.vc.R 
Integer vector compression time: 0.6568
==== OLE
Command: /home/louza/mm-repair/ole/encode.x /mnt/data/datasets/machine-learning-matrices-split/airline78.csv.24.7.vc.C 
OLE time: 0.4779
==== Ans-fold compression
Command: /home/louza/mm-repair/ans/encode.x /mnt/data/datasets/machine-learning-matrices-split/airline78.csv.24.7.vc.C 
Ans-fold time: 14.7205
==== Integer vector .C compression
Command: /home/louza/mm-repair/sdsl/encode.x /mnt/data/datasets/machine-learning-matrices-split/airline78.csv.24.8.vc.C 
==== Integer vector .R compression
Command: /home/louza/mm-repair/sdsl/encode.x /mnt/data/datasets/machine-learning-matrices-split/airline78.csv.24.8.vc.R 
Integer vector compression time: 2.2140
==== OLE
Command: /home/louza/mm-repair/ole/encode.x /mnt/data/datasets/machine-learning-matrices-split/airline78.csv.24.8.vc.C 
OLE time: 1.1059
==== Ans-fold compression
Command: /home/louza/mm-repair/ans/encode.x /mnt/data/datasets/machine-learning-matrices-split/airline78.csv.24.8.vc.C 
Ans-fold time: 15.7261
==== Integer vector .C compression
Command: /home/louza/mm-repair/sdsl/encode.x /mnt/data/datasets/machine-learning-matrices-split/airline78.csv.24.9.vc.C 
==== Integer vector .R compression
Command: /home/louza/mm-repair/sdsl/encode.x /mnt/data/datasets/machine-learning-matrices-split/airline78.csv.24.9.vc.R 
Integer vector compression time: 0.5259
==== OLE
Command: /home/louza/mm-repair/ole/encode.x /mnt/data/datasets/machine-learning-matrices-split/airline78.csv.24.9.vc.C 
OLE time: 1.4639
==== Ans-fold compression
Command: /home/louza/mm-repair/ans/encode.x /mnt/data/datasets/machine-learning-matrices-split/airline78.csv.24.9.vc.C 
Ans-fold time: 16.7177
==== Integer vector .C compression
Command: /home/louza/mm-repair/sdsl/encode.x /mnt/data/datasets/machine-learning-matrices-split/airline78.csv.24.10.vc.C 
==== Integer vector .R compression
Command: /home/louza/mm-repair/sdsl/encode.x /mnt/data/datasets/machine-learning-matrices-split/airline78.csv.24.10.vc.R 
Integer vector compression time: 1.2806
==== OLE
Command: /home/louza/mm-repair/ole/encode.x /mnt/data/datasets/machine-learning-matrices-split/airline78.csv.24.10.vc.C 
OLE time: 0.8870
==== Ans-fold compression
Command: /home/louza/mm-repair/ans/encode.x /mnt/data/datasets/machine-learning-matrices-split/airline78.csv.24.10.vc.C 
Ans-fold time: 19.5507
==== Integer vector .C compression
Command: /home/louza/mm-repair/sdsl/encode.x /mnt/data/datasets/machine-learning-matrices-split/airline78.csv.24.11.vc.C 
==== Integer vector .R compression
Command: /home/louza/mm-repair/sdsl/encode.x /mnt/data/datasets/machine-learning-matrices-split/airline78.csv.24.11.vc.R 
Integer vector compression time: 1.1463
==== OLE
Command: /home/louza/mm-repair/ole/encode.x /mnt/data/datasets/machine-learning-matrices-split/airline78.csv.24.11.vc.C 
OLE time: 1.5118
==== Ans-fold compression
Command: /home/louza/mm-repair/ans/encode.x /mnt/data/datasets/machine-learning-matrices-split/airline78.csv.24.11.vc.C 
Ans-fold time: 23.3717
==== Integer vector .C compression
Command: /home/louza/mm-repair/sdsl/encode.x /mnt/data/datasets/machine-learning-matrices-split/airline78.csv.24.12.vc.C 
==== Integer vector .R compression
Command: /home/louza/mm-repair/sdsl/encode.x /mnt/data/datasets/machine-learning-matrices-split/airline78.csv.24.12.vc.R 
Integer vector compression time: 5.6547
==== OLE
Command: /home/louza/mm-repair/ole/encode.x /mnt/data/datasets/machine-learning-matrices-split/airline78.csv.24.12.vc.C 
OLE time: 3.3558
==== Ans-fold compression
Command: /home/louza/mm-repair/ans/encode.x /mnt/data/datasets/machine-learning-matrices-split/airline78.csv.24.12.vc.C 
Ans-fold time: 24.9234
==== Integer vector .C compression
Command: /home/louza/mm-repair/sdsl/encode.x /mnt/data/datasets/machine-learning-matrices-split/airline78.csv.24.13.vc.C 
==== Integer vector .R compression
Command: /home/louza/mm-repair/sdsl/encode.x /mnt/data/datasets/machine-learning-matrices-split/airline78.csv.24.13.vc.R 
Integer vector compression time: 2.1049
==== OLE
Command: /home/louza/mm-repair/ole/encode.x /mnt/data/datasets/machine-learning-matrices-split/airline78.csv.24.13.vc.C 
OLE time: 2.4959
==== Ans-fold compression
Command: /home/louza/mm-repair/ans/encode.x /mnt/data/datasets/machine-learning-matrices-split/airline78.csv.24.13.vc.C 
Ans-fold time: 25.9683
==== Integer vector .C compression
Command: /home/louza/mm-repair/sdsl/encode.x /mnt/data/datasets/machine-learning-matrices-split/airline78.csv.24.14.vc.C 
==== Integer vector .R compression
Command: /home/louza/mm-repair/sdsl/encode.x /mnt/data/datasets/machine-learning-matrices-split/airline78.csv.24.14.vc.R 
Integer vector compression time: 1.1464
==== OLE
Command: /home/louza/mm-repair/ole/encode.x /mnt/data/datasets/machine-learning-matrices-split/airline78.csv.24.14.vc.C 
OLE time: 1.0147
==== Ans-fold compression
Command: /home/louza/mm-repair/ans/encode.x /mnt/data/datasets/machine-learning-matrices-split/airline78.csv.24.14.vc.C 
Ans-fold time: 27.5336
==== Integer vector .C compression
Command: /home/louza/mm-repair/sdsl/encode.x /mnt/data/datasets/machine-learning-matrices-split/airline78.csv.24.15.vc.C 
==== Integer vector .R compression
Command: /home/louza/mm-repair/sdsl/encode.x /mnt/data/datasets/machine-learning-matrices-split/airline78.csv.24.15.vc.R 
Integer vector compression time: 1.6569
==== OLE
Command: /home/louza/mm-repair/ole/encode.x /mnt/data/datasets/machine-learning-matrices-split/airline78.csv.24.15.vc.C 
OLE time: 1.4483
==== Ans-fold compression
Command: /home/louza/mm-repair/ans/encode.x /mnt/data/datasets/machine-learning-matrices-split/airline78.csv.24.15.vc.C 
Ans-fold time: 30.0599
==== Integer vector .C compression
Command: /home/louza/mm-repair/sdsl/encode.x /mnt/data/datasets/machine-learning-matrices-split/airline78.csv.24.16.vc.C 
==== Integer vector .R compression
Command: /home/louza/mm-repair/sdsl/encode.x /mnt/data/datasets/machine-learning-matrices-split/airline78.csv.24.16.vc.R 
Integer vector compression time: 5.4786
==== OLE
Command: /home/louza/mm-repair/ole/encode.x /mnt/data/datasets/machine-learning-matrices-split/airline78.csv.24.16.vc.C 
OLE time: 9.6832
==== Ans-fold compression
Command: /home/louza/mm-repair/ans/encode.x /mnt/data/datasets/machine-learning-matrices-split/airline78.csv.24.16.vc.C 
Ans-fold time: 32.8491
==== Integer vector .C compression
Command: /home/louza/mm-repair/sdsl/encode.x /mnt/data/datasets/machine-learning-matrices-split/airline78.csv.24.17.vc.C 
==== Integer vector .R compression
Command: /home/louza/mm-repair/sdsl/encode.x /mnt/data/datasets/machine-learning-matrices-split/airline78.csv.24.17.vc.R 
Integer vector compression time: 2.8651
==== OLE
Command: /home/louza/mm-repair/ole/encode.x /mnt/data/datasets/machine-learning-matrices-split/airline78.csv.24.17.vc.C 
OLE time: 3.6019
==== Ans-fold compression
Command: /home/louza/mm-repair/ans/encode.x /mnt/data/datasets/machine-learning-matrices-split/airline78.csv.24.17.vc.C 
Ans-fold time: 34.1779
==== Integer vector .C compression
Command: /home/louza/mm-repair/sdsl/encode.x /mnt/data/datasets/machine-learning-matrices-split/airline78.csv.24.18.vc.C 
==== Integer vector .R compression
Command: /home/louza/mm-repair/sdsl/encode.x /mnt/data/datasets/machine-learning-matrices-split/airline78.csv.24.18.vc.R 
Integer vector compression time: 4.2598
==== OLE
Command: /home/louza/mm-repair/ole/encode.x /mnt/data/datasets/machine-learning-matrices-split/airline78.csv.24.18.vc.C 
OLE time: 3.6572
==== Ans-fold compression
Command: /home/louza/mm-repair/ans/encode.x /mnt/data/datasets/machine-learning-matrices-split/airline78.csv.24.18.vc.C 
Ans-fold time: 35.1341
==== Integer vector .C compression
Command: /home/louza/mm-repair/sdsl/encode.x /mnt/data/datasets/machine-learning-matrices-split/airline78.csv.24.19.vc.C 
==== Integer vector .R compression
Command: /home/louza/mm-repair/sdsl/encode.x /mnt/data/datasets/machine-learning-matrices-split/airline78.csv.24.19.vc.R 
Integer vector compression time: 2.1368
==== OLE
Command: /home/louza/mm-repair/ole/encode.x /mnt/data/datasets/machine-learning-matrices-split/airline78.csv.24.19.vc.C 
OLE time: 1.1243
==== Ans-fold compression
Command: /home/louza/mm-repair/ans/encode.x /mnt/data/datasets/machine-learning-matrices-split/airline78.csv.24.19.vc.C 
Ans-fold time: 36.9150
==== Integer vector .C compression
Command: /home/louza/mm-repair/sdsl/encode.x /mnt/data/datasets/machine-learning-matrices-split/airline78.csv.24.20.vc.C 
==== Integer vector .R compression
Command: /home/louza/mm-repair/sdsl/encode.x /mnt/data/datasets/machine-learning-matrices-split/airline78.csv.24.20.vc.R 
Integer vector compression time: 2.8246
==== OLE
Command: /home/louza/mm-repair/ole/encode.x /mnt/data/datasets/machine-learning-matrices-split/airline78.csv.24.20.vc.C 
OLE time: 5.0423
==== Ans-fold compression
Command: /home/louza/mm-repair/ans/encode.x /mnt/data/datasets/machine-learning-matrices-split/airline78.csv.24.20.vc.C 
Ans-fold time: 40.0284
==== Integer vector .C compression
Command: /home/louza/mm-repair/sdsl/encode.x /mnt/data/datasets/machine-learning-matrices-split/airline78.csv.24.21.vc.C 
==== Integer vector .R compression
Command: /home/louza/mm-repair/sdsl/encode.x /mnt/data/datasets/machine-learning-matrices-split/airline78.csv.24.21.vc.R 
Integer vector compression time: 3.7510
==== OLE
Command: /home/louza/mm-repair/ole/encode.x /mnt/data/datasets/machine-learning-matrices-split/airline78.csv.24.21.vc.C 
OLE time: 7.9270
==== Ans-fold compression
Command: /home/louza/mm-repair/ans/encode.x /mnt/data/datasets/machine-learning-matrices-split/airline78.csv.24.21.vc.C 
Ans-fold time: 43.0776
==== Integer vector .C compression
Command: /home/louza/mm-repair/sdsl/encode.x /mnt/data/datasets/machine-learning-matrices-split/airline78.csv.24.22.vc.C 
==== Integer vector .R compression
Command: /home/louza/mm-repair/sdsl/encode.x /mnt/data/datasets/machine-learning-matrices-split/airline78.csv.24.22.vc.R 
Integer vector compression time: 2.9785
==== OLE
Command: /home/louza/mm-repair/ole/encode.x /mnt/data/datasets/machine-learning-matrices-split/airline78.csv.24.22.vc.C 
OLE time: 4.4853
==== Ans-fold compression
Command: /home/louza/mm-repair/ans/encode.x /mnt/data/datasets/machine-learning-matrices-split/airline78.csv.24.22.vc.C 
Ans-fold time: 43.8564
==== Integer vector .C compression
Command: /home/louza/mm-repair/sdsl/encode.x /mnt/data/datasets/machine-learning-matrices-split/airline78.csv.24.23.vc.C 
==== Integer vector .R compression
Command: /home/louza/mm-repair/sdsl/encode.x /mnt/data/datasets/machine-learning-matrices-split/airline78.csv.24.23.vc.R 
Integer vector compression time: 3.5592
==== OLE
Command: /home/louza/mm-repair/ole/encode.x /mnt/data/datasets/machine-learning-matrices-split/airline78.csv.24.23.vc.C 
OLE time: 2.9424
==== Ans-fold compression
Command: /home/louza/mm-repair/ans/encode.x /mnt/data/datasets/machine-learning-matrices-split/airline78.csv.24.23.vc.C 
Ans-fold time: 46.8976
Elapsed time: 445.4839
==== Compression Report:
 >> matrix name: /mnt/data/datasets/machine-learning-matrices-split/airline78.csv
 >> conversion time: 238.55
 >> repair time: 37.81
 >> integer vectors time: 3.56
 >> ansf time: 46.90
 >> total time: 445.48
 >> matrix log(alpha)xNumEntries size: 681566188 bytes
 >> matrix dense size: 3355402776 bytes
 >> total number of nonzero: 304762947 (72.66%)
 >> number of distinct nonzero: 7794
 >> CRSV  size: 1276965912 bytes  (38.06%)
 >> RE32  size: 613206184 bytes  (18.28%)
 >> REIV  size: 383277896 bytes  (11.42%)
 >> REANS size: 324166717 bytes  (9.66%)
==== Done

#### 2026-09-09 20:35:00
 Command line: ./mm-repair/matrepair -r -b 24 -p 24 /mnt/data/datasets/machine-learning-matrices-split/airline78.csv 14462943 29 --mapping 
Setting memory for each repair instance to 19335 MBs
Sending logging messages to file: /mnt/data/datasets/machine-learning-matrices-split/airline78.csv.log
==== Conversion bin/csv->csrv
Command: /home/louza/mm-repair/csvmat2csrv -b 24   /mnt/data/datasets/machine-learning-matrices-split/airline78.csv -r 0 -m  14462943 29
Conversion time: 200.6459
==== Repair paralell compression
---- Executing 24 parallel processes
---- Parallel processing completed
Repair time: 47.6085
==== Integer vector .C compression
Command: /home/louza/mm-repair/sdsl/encode.x /mnt/data/datasets/machine-learning-matrices-split/airline78.csv.24.0.vc.C 
==== Integer vector .R compression
Command: /home/louza/mm-repair/sdsl/encode.x /mnt/data/datasets/machine-learning-matrices-split/airline78.csv.24.0.vc.R 
Integer vector compression time: 2.6006
==== Ans-fold compression
Command: /home/louza/mm-repair/ans/encode.x /mnt/data/datasets/machine-learning-matrices-split/airline78.csv.24.0.vc.C 
Ans-fold time: 1.6396
==== Integer vector .C compression
Command: /home/louza/mm-repair/sdsl/encode.x /mnt/data/datasets/machine-learning-matrices-split/airline78.csv.24.1.vc.C 
==== Integer vector .R compression
Command: /home/louza/mm-repair/sdsl/encode.x /mnt/data/datasets/machine-learning-matrices-split/airline78.csv.24.1.vc.R 
Integer vector compression time: 2.6491
==== Ans-fold compression
Command: /home/louza/mm-repair/ans/encode.x /mnt/data/datasets/machine-learning-matrices-split/airline78.csv.24.1.vc.C 
Ans-fold time: 2.9097
==== Integer vector .C compression
Command: /home/louza/mm-repair/sdsl/encode.x /mnt/data/datasets/machine-learning-matrices-split/airline78.csv.24.2.vc.C 
==== Integer vector .R compression
Command: /home/louza/mm-repair/sdsl/encode.x /mnt/data/datasets/machine-learning-matrices-split/airline78.csv.24.2.vc.R 
Integer vector compression time: 1.1809
==== Ans-fold compression
Command: /home/louza/mm-repair/ans/encode.x /mnt/data/datasets/machine-learning-matrices-split/airline78.csv.24.2.vc.C 
Ans-fold time: 3.8726
==== Integer vector .C compression
Command: /home/louza/mm-repair/sdsl/encode.x /mnt/data/datasets/machine-learning-matrices-split/airline78.csv.24.3.vc.C 
==== Integer vector .R compression
Command: /home/louza/mm-repair/sdsl/encode.x /mnt/data/datasets/machine-learning-matrices-split/airline78.csv.24.3.vc.R 
Integer vector compression time: 0.5159
==== Ans-fold compression
Command: /home/louza/mm-repair/ans/encode.x /mnt/data/datasets/machine-learning-matrices-split/airline78.csv.24.3.vc.C 
Ans-fold time: 4.6041
==== Integer vector .C compression
Command: /home/louza/mm-repair/sdsl/encode.x /mnt/data/datasets/machine-learning-matrices-split/airline78.csv.24.4.vc.C 
==== Integer vector .R compression
Command: /home/louza/mm-repair/sdsl/encode.x /mnt/data/datasets/machine-learning-matrices-split/airline78.csv.24.4.vc.R 
Integer vector compression time: 1.0130
==== Ans-fold compression
Command: /home/louza/mm-repair/ans/encode.x /mnt/data/datasets/machine-learning-matrices-split/airline78.csv.24.4.vc.C 
Ans-fold time: 5.7935
==== Integer vector .C compression
Command: /home/louza/mm-repair/sdsl/encode.x /mnt/data/datasets/machine-learning-matrices-split/airline78.csv.24.5.vc.C 
==== Integer vector .R compression
Command: /home/louza/mm-repair/sdsl/encode.x /mnt/data/datasets/machine-learning-matrices-split/airline78.csv.24.5.vc.R 
Integer vector compression time: 0.9731
==== Ans-fold compression
Command: /home/louza/mm-repair/ans/encode.x /mnt/data/datasets/machine-learning-matrices-split/airline78.csv.24.5.vc.C 
Ans-fold time: 6.9314
==== Integer vector .C compression
Command: /home/louza/mm-repair/sdsl/encode.x /mnt/data/datasets/machine-learning-matrices-split/airline78.csv.24.6.vc.C 
==== Integer vector .R compression
Command: /home/louza/mm-repair/sdsl/encode.x /mnt/data/datasets/machine-learning-matrices-split/airline78.csv.24.6.vc.R 
Integer vector compression time: 0.7194
==== Ans-fold compression
Command: /home/louza/mm-repair/ans/encode.x /mnt/data/datasets/machine-learning-matrices-split/airline78.csv.24.6.vc.C 
Ans-fold time: 8.0386
==== Integer vector .C compression
Command: /home/louza/mm-repair/sdsl/encode.x /mnt/data/datasets/machine-learning-matrices-split/airline78.csv.24.7.vc.C 
==== Integer vector .R compression
Command: /home/louza/mm-repair/sdsl/encode.x /mnt/data/datasets/machine-learning-matrices-split/airline78.csv.24.7.vc.R 
Integer vector compression time: 0.8581
==== Ans-fold compression
Command: /home/louza/mm-repair/ans/encode.x /mnt/data/datasets/machine-learning-matrices-split/airline78.csv.24.7.vc.C 
Ans-fold time: 10.3028
==== Integer vector .C compression
Command: /home/louza/mm-repair/sdsl/encode.x /mnt/data/datasets/machine-learning-matrices-split/airline78.csv.24.8.vc.C 
==== Integer vector .R compression
Command: /home/louza/mm-repair/sdsl/encode.x /mnt/data/datasets/machine-learning-matrices-split/airline78.csv.24.8.vc.R 
Integer vector compression time: 0.8197
==== Ans-fold compression
Command: /home/louza/mm-repair/ans/encode.x /mnt/data/datasets/machine-learning-matrices-split/airline78.csv.24.8.vc.C 
Ans-fold time: 16.1906
==== Integer vector .C compression
Command: /home/louza/mm-repair/sdsl/encode.x /mnt/data/datasets/machine-learning-matrices-split/airline78.csv.24.9.vc.C 
==== Integer vector .R compression
Command: /home/louza/mm-repair/sdsl/encode.x /mnt/data/datasets/machine-learning-matrices-split/airline78.csv.24.9.vc.R 
Integer vector compression time: 0.7704
==== Ans-fold compression
Command: /home/louza/mm-repair/ans/encode.x /mnt/data/datasets/machine-learning-matrices-split/airline78.csv.24.9.vc.C 
Ans-fold time: 18.4807
==== Integer vector .C compression
Command: /home/louza/mm-repair/sdsl/encode.x /mnt/data/datasets/machine-learning-matrices-split/airline78.csv.24.10.vc.C 
==== Integer vector .R compression
Command: /home/louza/mm-repair/sdsl/encode.x /mnt/data/datasets/machine-learning-matrices-split/airline78.csv.24.10.vc.R 
Integer vector compression time: 0.6878
==== Ans-fold compression
Command: /home/louza/mm-repair/ans/encode.x /mnt/data/datasets/machine-learning-matrices-split/airline78.csv.24.10.vc.C 
Ans-fold time: 21.7437
==== Integer vector .C compression
Command: /home/louza/mm-repair/sdsl/encode.x /mnt/data/datasets/machine-learning-matrices-split/airline78.csv.24.11.vc.C 
==== Integer vector .R compression
Command: /home/louza/mm-repair/sdsl/encode.x /mnt/data/datasets/machine-learning-matrices-split/airline78.csv.24.11.vc.R 
Integer vector compression time: 0.7054
==== Ans-fold compression
Command: /home/louza/mm-repair/ans/encode.x /mnt/data/datasets/machine-learning-matrices-split/airline78.csv.24.11.vc.C 
Ans-fold time: 23.4586
==== Integer vector .C compression
Command: /home/louza/mm-repair/sdsl/encode.x /mnt/data/datasets/machine-learning-matrices-split/airline78.csv.24.12.vc.C 
==== Integer vector .R compression
Command: /home/louza/mm-repair/sdsl/encode.x /mnt/data/datasets/machine-learning-matrices-split/airline78.csv.24.12.vc.R 
Integer vector compression time: 0.5314
==== Ans-fold compression
Command: /home/louza/mm-repair/ans/encode.x /mnt/data/datasets/machine-learning-matrices-split/airline78.csv.24.12.vc.C 
Ans-fold time: 24.8009
==== Integer vector .C compression
Command: /home/louza/mm-repair/sdsl/encode.x /mnt/data/datasets/machine-learning-matrices-split/airline78.csv.24.13.vc.C 
==== Integer vector .R compression
Command: /home/louza/mm-repair/sdsl/encode.x /mnt/data/datasets/machine-learning-matrices-split/airline78.csv.24.13.vc.R 
Integer vector compression time: 1.0691
==== Ans-fold compression
Command: /home/louza/mm-repair/ans/encode.x /mnt/data/datasets/machine-learning-matrices-split/airline78.csv.24.13.vc.C 
Ans-fold time: 25.8827
==== Integer vector .C compression
Command: /home/louza/mm-repair/sdsl/encode.x /mnt/data/datasets/machine-learning-matrices-split/airline78.csv.24.14.vc.C 
==== Integer vector .R compression
Command: /home/louza/mm-repair/sdsl/encode.x /mnt/data/datasets/machine-learning-matrices-split/airline78.csv.24.14.vc.R 
Integer vector compression time: 0.9177
==== Ans-fold compression
Command: /home/louza/mm-repair/ans/encode.x /mnt/data/datasets/machine-learning-matrices-split/airline78.csv.24.14.vc.C 
Ans-fold time: 27.4020
==== Integer vector .C compression
Command: /home/louza/mm-repair/sdsl/encode.x /mnt/data/datasets/machine-learning-matrices-split/airline78.csv.24.15.vc.C 
==== Integer vector .R compression
Command: /home/louza/mm-repair/sdsl/encode.x /mnt/data/datasets/machine-learning-matrices-split/airline78.csv.24.15.vc.R 
Integer vector compression time: 0.5759
==== Ans-fold compression
Command: /home/louza/mm-repair/ans/encode.x /mnt/data/datasets/machine-learning-matrices-split/airline78.csv.24.15.vc.C 
Ans-fold time: 28.3618
==== Integer vector .C compression
Command: /home/louza/mm-repair/sdsl/encode.x /mnt/data/datasets/machine-learning-matrices-split/airline78.csv.24.16.vc.C 
==== Integer vector .R compression
Command: /home/louza/mm-repair/sdsl/encode.x /mnt/data/datasets/machine-learning-matrices-split/airline78.csv.24.16.vc.R 
Integer vector compression time: 0.6273
==== Ans-fold compression
Command: /home/louza/mm-repair/ans/encode.x /mnt/data/datasets/machine-learning-matrices-split/airline78.csv.24.16.vc.C 
Ans-fold time: 30.1232
==== Integer vector .C compression
Command: /home/louza/mm-repair/sdsl/encode.x /mnt/data/datasets/machine-learning-matrices-split/airline78.csv.24.17.vc.C 
==== Integer vector .R compression
Command: /home/louza/mm-repair/sdsl/encode.x /mnt/data/datasets/machine-learning-matrices-split/airline78.csv.24.17.vc.R 
Integer vector compression time: 1.2785
==== Ans-fold compression
Command: /home/louza/mm-repair/ans/encode.x /mnt/data/datasets/machine-learning-matrices-split/airline78.csv.24.17.vc.C 
Ans-fold time: 32.1473
==== Integer vector .C compression
Command: /home/louza/mm-repair/sdsl/encode.x /mnt/data/datasets/machine-learning-matrices-split/airline78.csv.24.18.vc.C 
==== Integer vector .R compression
Command: /home/louza/mm-repair/sdsl/encode.x /mnt/data/datasets/machine-learning-matrices-split/airline78.csv.24.18.vc.R 
Integer vector compression time: 0.6664
==== Ans-fold compression
Command: /home/louza/mm-repair/ans/encode.x /mnt/data/datasets/machine-learning-matrices-split/airline78.csv.24.18.vc.C 
Ans-fold time: 34.4345
==== Integer vector .C compression
Command: /home/louza/mm-repair/sdsl/encode.x /mnt/data/datasets/machine-learning-matrices-split/airline78.csv.24.19.vc.C 
==== Integer vector .R compression
Command: /home/louza/mm-repair/sdsl/encode.x /mnt/data/datasets/machine-learning-matrices-split/airline78.csv.24.19.vc.R 
Integer vector compression time: 0.7679
==== Ans-fold compression
Command: /home/louza/mm-repair/ans/encode.x /mnt/data/datasets/machine-learning-matrices-split/airline78.csv.24.19.vc.C 
Ans-fold time: 37.0909
==== Integer vector .C compression
Command: /home/louza/mm-repair/sdsl/encode.x /mnt/data/datasets/machine-learning-matrices-split/airline78.csv.24.20.vc.C 
==== Integer vector .R compression
Command: /home/louza/mm-repair/sdsl/encode.x /mnt/data/datasets/machine-learning-matrices-split/airline78.csv.24.20.vc.R 
Integer vector compression time: 1.0182
==== Ans-fold compression
Command: /home/louza/mm-repair/ans/encode.x /mnt/data/datasets/machine-learning-matrices-split/airline78.csv.24.20.vc.C 
Ans-fold time: 38.2596
==== Integer vector .C compression
Command: /home/louza/mm-repair/sdsl/encode.x /mnt/data/datasets/machine-learning-matrices-split/airline78.csv.24.21.vc.C 
==== Integer vector .R compression
Command: /home/louza/mm-repair/sdsl/encode.x /mnt/data/datasets/machine-learning-matrices-split/airline78.csv.24.21.vc.R 
Integer vector compression time: 0.9649
==== Ans-fold compression
Command: /home/louza/mm-repair/ans/encode.x /mnt/data/datasets/machine-learning-matrices-split/airline78.csv.24.21.vc.C 
Ans-fold time: 39.6791
==== Integer vector .C compression
Command: /home/louza/mm-repair/sdsl/encode.x /mnt/data/datasets/machine-learning-matrices-split/airline78.csv.24.22.vc.C 
==== Integer vector .R compression
Command: /home/louza/mm-repair/sdsl/encode.x /mnt/data/datasets/machine-learning-matrices-split/airline78.csv.24.22.vc.R 
Integer vector compression time: 1.4423
==== Ans-fold compression
Command: /home/louza/mm-repair/ans/encode.x /mnt/data/datasets/machine-learning-matrices-split/airline78.csv.24.22.vc.C 
Ans-fold time: 41.1779
==== Integer vector .C compression
Command: /home/louza/mm-repair/sdsl/encode.x /mnt/data/datasets/machine-learning-matrices-split/airline78.csv.24.23.vc.C 
==== Integer vector .R compression
Command: /home/louza/mm-repair/sdsl/encode.x /mnt/data/datasets/machine-learning-matrices-split/airline78.csv.24.23.vc.R 
Integer vector compression time: 1.6624
==== Ans-fold compression
Command: /home/louza/mm-repair/ans/encode.x /mnt/data/datasets/machine-learning-matrices-split/airline78.csv.24.23.vc.C 
Ans-fold time: 42.8253
Command: /home/louza/mm-repair/ans/encode.x /mnt/data/datasets/machine-learning-matrices-split/airline78.csv.wcode 
Elapsed time: 316.5428
==== Compression Report:
 >> matrix name: /mnt/data/datasets/machine-learning-matrices-split/airline78.csv
 >> conversion time: 200.65
 >> repair time: 47.61
 >> integer vectors time: 1.66
 >> ansf time: 42.83
 >> total time: 316.54
 >> wcode: 119868 bytes
 >> wcode_ans: 9474 bytes
 >> matrix log(alpha)xNumEntries size: 681566188 bytes
 >> matrix dense size: 3355402776 bytes
 >> total number of nonzero: 304762947 (72.66%)
 >> number of distinct nonzero: 7794
 >> CRSV  size: 1276965912 bytes  (38.06%)
 >> RE32  size: 613326052 bytes  (18.28%)
 >> REIV  size: 383397764 bytes  (11.43%)
 >> REANS size: 328160234 bytes  (9.78%)
==== Done

#### 2026-09-09 20:40:17
 Command line: ./mm-repair/matrepair -r -b 24 -p 24 /mnt/data/datasets/machine-learning-matrices-split/airline78.csv 14462943 29 --split 
Setting memory for each repair instance to 19335 MBs
Sending logging messages to file: /mnt/data/datasets/machine-learning-matrices-split/airline78.csv.log
==== Conversion bin/csv->csrv
Command: /home/louza/mm-repair/csvmat2csrv -b 24   /mnt/data/datasets/machine-learning-matrices-split/airline78.csv -r 0  -s 14462943 29
Conversion time: 475.2814
==== Repair paralell compression
---- Executing 24 parallel processes
---- Parallel processing completed
Repair time: 28.0253
==== Integer vector .C compression
Command: /home/louza/mm-repair/sdsl/encode.x /mnt/data/datasets/machine-learning-matrices-split/airline78.csv.24.0.A.vc.C 
==== Integer vector .R compression
Command: /home/louza/mm-repair/sdsl/encode.x /mnt/data/datasets/machine-learning-matrices-split/airline78.csv.24.0.A.vc.R 
Integer vector compression time: 0.2318
==== Ans-fold compression
Command: /home/louza/mm-repair/ans/encode.x /mnt/data/datasets/machine-learning-matrices-split/airline78.csv.24.0.A.vc.C 
Command: /home/louza/mm-repair/ans/encode.x /mnt/data/datasets/machine-learning-matrices-split/airline78.csv.24.0.B.vc
Ans-fold time: 0.5122
==== Integer vector .C compression
Command: /home/louza/mm-repair/sdsl/encode.x /mnt/data/datasets/machine-learning-matrices-split/airline78.csv.24.1.A.vc.C 
==== Integer vector .R compression
Command: /home/louza/mm-repair/sdsl/encode.x /mnt/data/datasets/machine-learning-matrices-split/airline78.csv.24.1.A.vc.R 
Integer vector compression time: 0.3497
==== Ans-fold compression
Command: /home/louza/mm-repair/ans/encode.x /mnt/data/datasets/machine-learning-matrices-split/airline78.csv.24.1.A.vc.C 
Command: /home/louza/mm-repair/ans/encode.x /mnt/data/datasets/machine-learning-matrices-split/airline78.csv.24.1.B.vc
Ans-fold time: 1.4164
==== Integer vector .C compression
Command: /home/louza/mm-repair/sdsl/encode.x /mnt/data/datasets/machine-learning-matrices-split/airline78.csv.24.2.A.vc.C 
==== Integer vector .R compression
Command: /home/louza/mm-repair/sdsl/encode.x /mnt/data/datasets/machine-learning-matrices-split/airline78.csv.24.2.A.vc.R 
Integer vector compression time: 0.3448
==== Ans-fold compression
Command: /home/louza/mm-repair/ans/encode.x /mnt/data/datasets/machine-learning-matrices-split/airline78.csv.24.2.A.vc.C 
Command: /home/louza/mm-repair/ans/encode.x /mnt/data/datasets/machine-learning-matrices-split/airline78.csv.24.2.B.vc
Ans-fold time: 2.3288
==== Integer vector .C compression
Command: /home/louza/mm-repair/sdsl/encode.x /mnt/data/datasets/machine-learning-matrices-split/airline78.csv.24.3.A.vc.C 
==== Integer vector .R compression
Command: /home/louza/mm-repair/sdsl/encode.x /mnt/data/datasets/machine-learning-matrices-split/airline78.csv.24.3.A.vc.R 
Integer vector compression time: 0.3950
==== Ans-fold compression
Command: /home/louza/mm-repair/ans/encode.x /mnt/data/datasets/machine-learning-matrices-split/airline78.csv.24.3.A.vc.C 
Command: /home/louza/mm-repair/ans/encode.x /mnt/data/datasets/machine-learning-matrices-split/airline78.csv.24.3.B.vc
Ans-fold time: 2.9027
==== Integer vector .C compression
Command: /home/louza/mm-repair/sdsl/encode.x /mnt/data/datasets/machine-learning-matrices-split/airline78.csv.24.4.A.vc.C 
==== Integer vector .R compression
Command: /home/louza/mm-repair/sdsl/encode.x /mnt/data/datasets/machine-learning-matrices-split/airline78.csv.24.4.A.vc.R 
Integer vector compression time: 0.3121
==== Ans-fold compression
Command: /home/louza/mm-repair/ans/encode.x /mnt/data/datasets/machine-learning-matrices-split/airline78.csv.24.4.A.vc.C 
Command: /home/louza/mm-repair/ans/encode.x /mnt/data/datasets/machine-learning-matrices-split/airline78.csv.24.4.B.vc
Ans-fold time: 3.8072
==== Integer vector .C compression
Command: /home/louza/mm-repair/sdsl/encode.x /mnt/data/datasets/machine-learning-matrices-split/airline78.csv.24.5.A.vc.C 
==== Integer vector .R compression
Command: /home/louza/mm-repair/sdsl/encode.x /mnt/data/datasets/machine-learning-matrices-split/airline78.csv.24.5.A.vc.R 
Integer vector compression time: 0.3484
==== Ans-fold compression
Command: /home/louza/mm-repair/ans/encode.x /mnt/data/datasets/machine-learning-matrices-split/airline78.csv.24.5.A.vc.C 
Command: /home/louza/mm-repair/ans/encode.x /mnt/data/datasets/machine-learning-matrices-split/airline78.csv.24.5.B.vc
Ans-fold time: 4.6372
==== Integer vector .C compression
Command: /home/louza/mm-repair/sdsl/encode.x /mnt/data/datasets/machine-learning-matrices-split/airline78.csv.24.6.A.vc.C 
==== Integer vector .R compression
Command: /home/louza/mm-repair/sdsl/encode.x /mnt/data/datasets/machine-learning-matrices-split/airline78.csv.24.6.A.vc.R 
Integer vector compression time: 0.2365
==== Ans-fold compression
Command: /home/louza/mm-repair/ans/encode.x /mnt/data/datasets/machine-learning-matrices-split/airline78.csv.24.6.A.vc.C 
Command: /home/louza/mm-repair/ans/encode.x /mnt/data/datasets/machine-learning-matrices-split/airline78.csv.24.6.B.vc
Ans-fold time: 5.1456
==== Integer vector .C compression
Command: /home/louza/mm-repair/sdsl/encode.x /mnt/data/datasets/machine-learning-matrices-split/airline78.csv.24.7.A.vc.C 
==== Integer vector .R compression
Command: /home/louza/mm-repair/sdsl/encode.x /mnt/data/datasets/machine-learning-matrices-split/airline78.csv.24.7.A.vc.R 
Integer vector compression time: 0.2305
==== Ans-fold compression
Command: /home/louza/mm-repair/ans/encode.x /mnt/data/datasets/machine-learning-matrices-split/airline78.csv.24.7.A.vc.C 
Command: /home/louza/mm-repair/ans/encode.x /mnt/data/datasets/machine-learning-matrices-split/airline78.csv.24.7.B.vc
Ans-fold time: 5.6345
==== Integer vector .C compression
Command: /home/louza/mm-repair/sdsl/encode.x /mnt/data/datasets/machine-learning-matrices-split/airline78.csv.24.8.A.vc.C 
==== Integer vector .R compression
Command: /home/louza/mm-repair/sdsl/encode.x /mnt/data/datasets/machine-learning-matrices-split/airline78.csv.24.8.A.vc.R 
Integer vector compression time: 0.2293
==== Ans-fold compression
Command: /home/louza/mm-repair/ans/encode.x /mnt/data/datasets/machine-learning-matrices-split/airline78.csv.24.8.A.vc.C 
Command: /home/louza/mm-repair/ans/encode.x /mnt/data/datasets/machine-learning-matrices-split/airline78.csv.24.8.B.vc
Ans-fold time: 6.1077
==== Integer vector .C compression
Command: /home/louza/mm-repair/sdsl/encode.x /mnt/data/datasets/machine-learning-matrices-split/airline78.csv.24.9.A.vc.C 
==== Integer vector .R compression
Command: /home/louza/mm-repair/sdsl/encode.x /mnt/data/datasets/machine-learning-matrices-split/airline78.csv.24.9.A.vc.R 
Integer vector compression time: 0.2311
==== Ans-fold compression
Command: /home/louza/mm-repair/ans/encode.x /mnt/data/datasets/machine-learning-matrices-split/airline78.csv.24.9.A.vc.C 
Command: /home/louza/mm-repair/ans/encode.x /mnt/data/datasets/machine-learning-matrices-split/airline78.csv.24.9.B.vc
Ans-fold time: 6.5886
==== Integer vector .C compression
Command: /home/louza/mm-repair/sdsl/encode.x /mnt/data/datasets/machine-learning-matrices-split/airline78.csv.24.10.A.vc.C 
==== Integer vector .R compression
Command: /home/louza/mm-repair/sdsl/encode.x /mnt/data/datasets/machine-learning-matrices-split/airline78.csv.24.10.A.vc.R 
Integer vector compression time: 0.2321
==== Ans-fold compression
Command: /home/louza/mm-repair/ans/encode.x /mnt/data/datasets/machine-learning-matrices-split/airline78.csv.24.10.A.vc.C 
Command: /home/louza/mm-repair/ans/encode.x /mnt/data/datasets/machine-learning-matrices-split/airline78.csv.24.10.B.vc
Ans-fold time: 7.0789
==== Integer vector .C compression
Command: /home/louza/mm-repair/sdsl/encode.x /mnt/data/datasets/machine-learning-matrices-split/airline78.csv.24.11.A.vc.C 
==== Integer vector .R compression
Command: /home/louza/mm-repair/sdsl/encode.x /mnt/data/datasets/machine-learning-matrices-split/airline78.csv.24.11.A.vc.R 
Integer vector compression time: 0.2326
==== Ans-fold compression
Command: /home/louza/mm-repair/ans/encode.x /mnt/data/datasets/machine-learning-matrices-split/airline78.csv.24.11.A.vc.C 
Command: /home/louza/mm-repair/ans/encode.x /mnt/data/datasets/machine-learning-matrices-split/airline78.csv.24.11.B.vc
Ans-fold time: 7.5902
==== Integer vector .C compression
Command: /home/louza/mm-repair/sdsl/encode.x /mnt/data/datasets/machine-learning-matrices-split/airline78.csv.24.12.A.vc.C 
==== Integer vector .R compression
Command: /home/louza/mm-repair/sdsl/encode.x /mnt/data/datasets/machine-learning-matrices-split/airline78.csv.24.12.A.vc.R 
Integer vector compression time: 0.2629
==== Ans-fold compression
Command: /home/louza/mm-repair/ans/encode.x /mnt/data/datasets/machine-learning-matrices-split/airline78.csv.24.12.A.vc.C 
Command: /home/louza/mm-repair/ans/encode.x /mnt/data/datasets/machine-learning-matrices-split/airline78.csv.24.12.B.vc
Ans-fold time: 8.3824
==== Integer vector .C compression
Command: /home/louza/mm-repair/sdsl/encode.x /mnt/data/datasets/machine-learning-matrices-split/airline78.csv.24.13.A.vc.C 
==== Integer vector .R compression
Command: /home/louza/mm-repair/sdsl/encode.x /mnt/data/datasets/machine-learning-matrices-split/airline78.csv.24.13.A.vc.R 
Integer vector compression time: 0.2320
==== Ans-fold compression
Command: /home/louza/mm-repair/ans/encode.x /mnt/data/datasets/machine-learning-matrices-split/airline78.csv.24.13.A.vc.C 
Command: /home/louza/mm-repair/ans/encode.x /mnt/data/datasets/machine-learning-matrices-split/airline78.csv.24.13.B.vc
Ans-fold time: 8.8174
==== Integer vector .C compression
Command: /home/louza/mm-repair/sdsl/encode.x /mnt/data/datasets/machine-learning-matrices-split/airline78.csv.24.14.A.vc.C 
==== Integer vector .R compression
Command: /home/louza/mm-repair/sdsl/encode.x /mnt/data/datasets/machine-learning-matrices-split/airline78.csv.24.14.A.vc.R 
Integer vector compression time: 0.3126
==== Ans-fold compression
Command: /home/louza/mm-repair/ans/encode.x /mnt/data/datasets/machine-learning-matrices-split/airline78.csv.24.14.A.vc.C 
Command: /home/louza/mm-repair/ans/encode.x /mnt/data/datasets/machine-learning-matrices-split/airline78.csv.24.14.B.vc
Ans-fold time: 9.7402
==== Integer vector .C compression
Command: /home/louza/mm-repair/sdsl/encode.x /mnt/data/datasets/machine-learning-matrices-split/airline78.csv.24.15.A.vc.C 
==== Integer vector .R compression
Command: /home/louza/mm-repair/sdsl/encode.x /mnt/data/datasets/machine-learning-matrices-split/airline78.csv.24.15.A.vc.R 
Integer vector compression time: 0.2630
==== Ans-fold compression
Command: /home/louza/mm-repair/ans/encode.x /mnt/data/datasets/machine-learning-matrices-split/airline78.csv.24.15.A.vc.C 
Command: /home/louza/mm-repair/ans/encode.x /mnt/data/datasets/machine-learning-matrices-split/airline78.csv.24.15.B.vc
Ans-fold time: 10.2333
==== Integer vector .C compression
Command: /home/louza/mm-repair/sdsl/encode.x /mnt/data/datasets/machine-learning-matrices-split/airline78.csv.24.16.A.vc.C 
==== Integer vector .R compression
Command: /home/louza/mm-repair/sdsl/encode.x /mnt/data/datasets/machine-learning-matrices-split/airline78.csv.24.16.A.vc.R 
Integer vector compression time: 0.2309
==== Ans-fold compression
Command: /home/louza/mm-repair/ans/encode.x /mnt/data/datasets/machine-learning-matrices-split/airline78.csv.24.16.A.vc.C 
Command: /home/louza/mm-repair/ans/encode.x /mnt/data/datasets/machine-learning-matrices-split/airline78.csv.24.16.B.vc
Ans-fold time: 10.7024
==== Integer vector .C compression
Command: /home/louza/mm-repair/sdsl/encode.x /mnt/data/datasets/machine-learning-matrices-split/airline78.csv.24.17.A.vc.C 
==== Integer vector .R compression
Command: /home/louza/mm-repair/sdsl/encode.x /mnt/data/datasets/machine-learning-matrices-split/airline78.csv.24.17.A.vc.R 
Integer vector compression time: 0.2383
==== Ans-fold compression
Command: /home/louza/mm-repair/ans/encode.x /mnt/data/datasets/machine-learning-matrices-split/airline78.csv.24.17.A.vc.C 
Command: /home/louza/mm-repair/ans/encode.x /mnt/data/datasets/machine-learning-matrices-split/airline78.csv.24.17.B.vc
Ans-fold time: 11.1770
==== Integer vector .C compression
Command: /home/louza/mm-repair/sdsl/encode.x /mnt/data/datasets/machine-learning-matrices-split/airline78.csv.24.18.A.vc.C 
==== Integer vector .R compression
Command: /home/louza/mm-repair/sdsl/encode.x /mnt/data/datasets/machine-learning-matrices-split/airline78.csv.24.18.A.vc.R 
Integer vector compression time: 0.2328
==== Ans-fold compression
Command: /home/louza/mm-repair/ans/encode.x /mnt/data/datasets/machine-learning-matrices-split/airline78.csv.24.18.A.vc.C 
Command: /home/louza/mm-repair/ans/encode.x /mnt/data/datasets/machine-learning-matrices-split/airline78.csv.24.18.B.vc
Ans-fold time: 11.6586
==== Integer vector .C compression
Command: /home/louza/mm-repair/sdsl/encode.x /mnt/data/datasets/machine-learning-matrices-split/airline78.csv.24.19.A.vc.C 
==== Integer vector .R compression
Command: /home/louza/mm-repair/sdsl/encode.x /mnt/data/datasets/machine-learning-matrices-split/airline78.csv.24.19.A.vc.R 
Integer vector compression time: 0.2309
==== Ans-fold compression
Command: /home/louza/mm-repair/ans/encode.x /mnt/data/datasets/machine-learning-matrices-split/airline78.csv.24.19.A.vc.C 
Command: /home/louza/mm-repair/ans/encode.x /mnt/data/datasets/machine-learning-matrices-split/airline78.csv.24.19.B.vc
Ans-fold time: 12.1422
==== Integer vector .C compression
Command: /home/louza/mm-repair/sdsl/encode.x /mnt/data/datasets/machine-learning-matrices-split/airline78.csv.24.20.A.vc.C 
==== Integer vector .R compression
Command: /home/louza/mm-repair/sdsl/encode.x /mnt/data/datasets/machine-learning-matrices-split/airline78.csv.24.20.A.vc.R 
Integer vector compression time: 0.2269
==== Ans-fold compression
Command: /home/louza/mm-repair/ans/encode.x /mnt/data/datasets/machine-learning-matrices-split/airline78.csv.24.20.A.vc.C 
Command: /home/louza/mm-repair/ans/encode.x /mnt/data/datasets/machine-learning-matrices-split/airline78.csv.24.20.B.vc
Ans-fold time: 12.6042
==== Integer vector .C compression
Command: /home/louza/mm-repair/sdsl/encode.x /mnt/data/datasets/machine-learning-matrices-split/airline78.csv.24.21.A.vc.C 
==== Integer vector .R compression
Command: /home/louza/mm-repair/sdsl/encode.x /mnt/data/datasets/machine-learning-matrices-split/airline78.csv.24.21.A.vc.R 
Integer vector compression time: 0.2603
==== Ans-fold compression
Command: /home/louza/mm-repair/ans/encode.x /mnt/data/datasets/machine-learning-matrices-split/airline78.csv.24.21.A.vc.C 
Command: /home/louza/mm-repair/ans/encode.x /mnt/data/datasets/machine-learning-matrices-split/airline78.csv.24.21.B.vc
Ans-fold time: 13.0875
==== Integer vector .C compression
Command: /home/louza/mm-repair/sdsl/encode.x /mnt/data/datasets/machine-learning-matrices-split/airline78.csv.24.22.A.vc.C 
==== Integer vector .R compression
Command: /home/louza/mm-repair/sdsl/encode.x /mnt/data/datasets/machine-learning-matrices-split/airline78.csv.24.22.A.vc.R 
Integer vector compression time: 0.2310
==== Ans-fold compression
Command: /home/louza/mm-repair/ans/encode.x /mnt/data/datasets/machine-learning-matrices-split/airline78.csv.24.22.A.vc.C 
Command: /home/louza/mm-repair/ans/encode.x /mnt/data/datasets/machine-learning-matrices-split/airline78.csv.24.22.B.vc
Ans-fold time: 13.5744
==== Integer vector .C compression
Command: /home/louza/mm-repair/sdsl/encode.x /mnt/data/datasets/machine-learning-matrices-split/airline78.csv.24.23.A.vc.C 
==== Integer vector .R compression
Command: /home/louza/mm-repair/sdsl/encode.x /mnt/data/datasets/machine-learning-matrices-split/airline78.csv.24.23.A.vc.R 
Integer vector compression time: 0.2323
==== Ans-fold compression
Command: /home/louza/mm-repair/ans/encode.x /mnt/data/datasets/machine-learning-matrices-split/airline78.csv.24.23.A.vc.C 
Command: /home/louza/mm-repair/ans/encode.x /mnt/data/datasets/machine-learning-matrices-split/airline78.csv.24.23.B.vc
Ans-fold time: 14.0917
Elapsed time: 523.7278
==== Compression Report:
 >> matrix name: /mnt/data/datasets/machine-learning-matrices-split/airline78.csv
 >> conversion time: 475.28
 >> repair time: 28.03
 >> integer vectors time: 0.23
 >> ansf time: 14.09
 >> total time: 523.73
 >> matrix log(alpha)xNumEntries size: 681566188 bytes
 >> matrix dense size: 3355402776 bytes
 >> total number of nonzero: 293759553 (70.04%)
 >> number of distinct nonzero: 7794
 >> CRSV  size: 1232952336 bytes  (36.75%)
 >> B	  size: 101865348 bytes  (3.04%)
 >> B_ans size: 27255317 bytes  (0.81%)
 >> RE32  size: 596257261 bytes  (17.77%)
 >> REIV  size: 382905533 bytes  (11.41%)
 >> REANS size: 342567634 bytes  (10.21%)
==== Done

#### 2026-09-09 20:49:01
 Command line: ./mm-repair/matrepair -r -b 24 -p 24 /mnt/data/datasets/machine-learning-matrices-split/airline78.csv 14462943 29 --ole --mapping 
Setting memory for each repair instance to 19335 MBs
Sending logging messages to file: /mnt/data/datasets/machine-learning-matrices-split/airline78.csv.log
==== Conversion bin/csv->csrv
Command: /home/louza/mm-repair/csvmat2csrv -b 24   /mnt/data/datasets/machine-learning-matrices-split/airline78.csv -r 0 -m  14462943 29
Conversion time: 547.5892
==== Repair paralell compression
---- Executing 24 parallel processes
---- Parallel processing completed
Repair time: 45.6039
==== Integer vector .C compression
Command: /home/louza/mm-repair/sdsl/encode.x /mnt/data/datasets/machine-learning-matrices-split/airline78.csv.24.0.vc.C 
==== Integer vector .R compression
Command: /home/louza/mm-repair/sdsl/encode.x /mnt/data/datasets/machine-learning-matrices-split/airline78.csv.24.0.vc.R 
Integer vector compression time: 3.9159
==== OLE
Command: /home/louza/mm-repair/ole/encode.x /mnt/data/datasets/machine-learning-matrices-split/airline78.csv.24.0.vc.C 
OLE time: 7.5109
==== Ans-fold compression
Command: /home/louza/mm-repair/ans/encode.x /mnt/data/datasets/machine-learning-matrices-split/airline78.csv.24.0.vc.C 
Ans-fold time: 6.1533
==== Integer vector .C compression
Command: /home/louza/mm-repair/sdsl/encode.x /mnt/data/datasets/machine-learning-matrices-split/airline78.csv.24.1.vc.C 
==== Integer vector .R compression
Command: /home/louza/mm-repair/sdsl/encode.x /mnt/data/datasets/machine-learning-matrices-split/airline78.csv.24.1.vc.R 
Integer vector compression time: 6.5333
==== OLE
Command: /home/louza/mm-repair/ole/encode.x /mnt/data/datasets/machine-learning-matrices-split/airline78.csv.24.1.vc.C 
OLE time: 7.1753
==== Ans-fold compression
Command: /home/louza/mm-repair/ans/encode.x /mnt/data/datasets/machine-learning-matrices-split/airline78.csv.24.1.vc.C 
Ans-fold time: 9.0542
==== Integer vector .C compression
Command: /home/louza/mm-repair/sdsl/encode.x /mnt/data/datasets/machine-learning-matrices-split/airline78.csv.24.2.vc.C 
==== Integer vector .R compression
Command: /home/louza/mm-repair/sdsl/encode.x /mnt/data/datasets/machine-learning-matrices-split/airline78.csv.24.2.vc.R 
Integer vector compression time: 4.4941
==== OLE
Command: /home/louza/mm-repair/ole/encode.x /mnt/data/datasets/machine-learning-matrices-split/airline78.csv.24.2.vc.C 
OLE time: 5.2076
==== Ans-fold compression
Command: /home/louza/mm-repair/ans/encode.x /mnt/data/datasets/machine-learning-matrices-split/airline78.csv.24.2.vc.C 
Ans-fold time: 10.1352
==== Integer vector .C compression
Command: /home/louza/mm-repair/sdsl/encode.x /mnt/data/datasets/machine-learning-matrices-split/airline78.csv.24.3.vc.C 
==== Integer vector .R compression
Command: /home/louza/mm-repair/sdsl/encode.x /mnt/data/datasets/machine-learning-matrices-split/airline78.csv.24.3.vc.R 
Integer vector compression time: 3.1668
==== OLE
Command: /home/louza/mm-repair/ole/encode.x /mnt/data/datasets/machine-learning-matrices-split/airline78.csv.24.3.vc.C 
OLE time: 1.7319
==== Ans-fold compression
Command: /home/louza/mm-repair/ans/encode.x /mnt/data/datasets/machine-learning-matrices-split/airline78.csv.24.3.vc.C 
Ans-fold time: 10.9130
==== Integer vector .C compression
Command: /home/louza/mm-repair/sdsl/encode.x /mnt/data/datasets/machine-learning-matrices-split/airline78.csv.24.4.vc.C 
==== Integer vector .R compression
Command: /home/louza/mm-repair/sdsl/encode.x /mnt/data/datasets/machine-learning-matrices-split/airline78.csv.24.4.vc.R 
Integer vector compression time: 2.5981
==== OLE
Command: /home/louza/mm-repair/ole/encode.x /mnt/data/datasets/machine-learning-matrices-split/airline78.csv.24.4.vc.C 
OLE time: 1.5092
==== Ans-fold compression
Command: /home/louza/mm-repair/ans/encode.x /mnt/data/datasets/machine-learning-matrices-split/airline78.csv.24.4.vc.C 
Ans-fold time: 11.9263
==== Integer vector .C compression
Command: /home/louza/mm-repair/sdsl/encode.x /mnt/data/datasets/machine-learning-matrices-split/airline78.csv.24.5.vc.C 
==== Integer vector .R compression
Command: /home/louza/mm-repair/sdsl/encode.x /mnt/data/datasets/machine-learning-matrices-split/airline78.csv.24.5.vc.R 
Integer vector compression time: 2.2490
==== OLE
Command: /home/louza/mm-repair/ole/encode.x /mnt/data/datasets/machine-learning-matrices-split/airline78.csv.24.5.vc.C 
OLE time: 1.7764
==== Ans-fold compression
Command: /home/louza/mm-repair/ans/encode.x /mnt/data/datasets/machine-learning-matrices-split/airline78.csv.24.5.vc.C 
Ans-fold time: 12.5138
==== Integer vector .C compression
Command: /home/louza/mm-repair/sdsl/encode.x /mnt/data/datasets/machine-learning-matrices-split/airline78.csv.24.6.vc.C 
==== Integer vector .R compression
Command: /home/louza/mm-repair/sdsl/encode.x /mnt/data/datasets/machine-learning-matrices-split/airline78.csv.24.6.vc.R 
Integer vector compression time: 2.0437
==== OLE
Command: /home/louza/mm-repair/ole/encode.x /mnt/data/datasets/machine-learning-matrices-split/airline78.csv.24.6.vc.C 
OLE time: 1.2756
==== Ans-fold compression
Command: /home/louza/mm-repair/ans/encode.x /mnt/data/datasets/machine-learning-matrices-split/airline78.csv.24.6.vc.C 
Ans-fold time: 13.7710
==== Integer vector .C compression
Command: /home/louza/mm-repair/sdsl/encode.x /mnt/data/datasets/machine-learning-matrices-split/airline78.csv.24.7.vc.C 
==== Integer vector .R compression
Command: /home/louza/mm-repair/sdsl/encode.x /mnt/data/datasets/machine-learning-matrices-split/airline78.csv.24.7.vc.R 
Integer vector compression time: 1.1556
==== OLE
Command: /home/louza/mm-repair/ole/encode.x /mnt/data/datasets/machine-learning-matrices-split/airline78.csv.24.7.vc.C 
OLE time: 0.7292
==== Ans-fold compression
Command: /home/louza/mm-repair/ans/encode.x /mnt/data/datasets/machine-learning-matrices-split/airline78.csv.24.7.vc.C 
Ans-fold time: 15.4382
==== Integer vector .C compression
Command: /home/louza/mm-repair/sdsl/encode.x /mnt/data/datasets/machine-learning-matrices-split/airline78.csv.24.8.vc.C 
==== Integer vector .R compression
Command: /home/louza/mm-repair/sdsl/encode.x /mnt/data/datasets/machine-learning-matrices-split/airline78.csv.24.8.vc.R 
Integer vector compression time: 1.7357
==== OLE
Command: /home/louza/mm-repair/ole/encode.x /mnt/data/datasets/machine-learning-matrices-split/airline78.csv.24.8.vc.C 
OLE time: 1.5476
==== Ans-fold compression
Command: /home/louza/mm-repair/ans/encode.x /mnt/data/datasets/machine-learning-matrices-split/airline78.csv.24.8.vc.C 
Ans-fold time: 17.0863
==== Integer vector .C compression
Command: /home/louza/mm-repair/sdsl/encode.x /mnt/data/datasets/machine-learning-matrices-split/airline78.csv.24.9.vc.C 
==== Integer vector .R compression
Command: /home/louza/mm-repair/sdsl/encode.x /mnt/data/datasets/machine-learning-matrices-split/airline78.csv.24.9.vc.R 
Integer vector compression time: 1.6388
==== OLE
Command: /home/louza/mm-repair/ole/encode.x /mnt/data/datasets/machine-learning-matrices-split/airline78.csv.24.9.vc.C 
OLE time: 1.0157
==== Ans-fold compression
Command: /home/louza/mm-repair/ans/encode.x /mnt/data/datasets/machine-learning-matrices-split/airline78.csv.24.9.vc.C 
Ans-fold time: 17.8783
==== Integer vector .C compression
Command: /home/louza/mm-repair/sdsl/encode.x /mnt/data/datasets/machine-learning-matrices-split/airline78.csv.24.10.vc.C 
==== Integer vector .R compression
Command: /home/louza/mm-repair/sdsl/encode.x /mnt/data/datasets/machine-learning-matrices-split/airline78.csv.24.10.vc.R 
Integer vector compression time: 0.9280
==== OLE
Command: /home/louza/mm-repair/ole/encode.x /mnt/data/datasets/machine-learning-matrices-split/airline78.csv.24.10.vc.C 
OLE time: 2.0874
==== Ans-fold compression
Command: /home/louza/mm-repair/ans/encode.x /mnt/data/datasets/machine-learning-matrices-split/airline78.csv.24.10.vc.C 
Ans-fold time: 19.4337
==== Integer vector .C compression
Command: /home/louza/mm-repair/sdsl/encode.x /mnt/data/datasets/machine-learning-matrices-split/airline78.csv.24.11.vc.C 
==== Integer vector .R compression
Command: /home/louza/mm-repair/sdsl/encode.x /mnt/data/datasets/machine-learning-matrices-split/airline78.csv.24.11.vc.R 
Integer vector compression time: 1.7533
==== OLE
Command: /home/louza/mm-repair/ole/encode.x /mnt/data/datasets/machine-learning-matrices-split/airline78.csv.24.11.vc.C 
OLE time: 1.4440
==== Ans-fold compression
Command: /home/louza/mm-repair/ans/encode.x /mnt/data/datasets/machine-learning-matrices-split/airline78.csv.24.11.vc.C 
Ans-fold time: 20.2408
==== Integer vector .C compression
Command: /home/louza/mm-repair/sdsl/encode.x /mnt/data/datasets/machine-learning-matrices-split/airline78.csv.24.12.vc.C 
==== Integer vector .R compression
Command: /home/louza/mm-repair/sdsl/encode.x /mnt/data/datasets/machine-learning-matrices-split/airline78.csv.24.12.vc.R 
Integer vector compression time: 1.1971
==== OLE
Command: /home/louza/mm-repair/ole/encode.x /mnt/data/datasets/machine-learning-matrices-split/airline78.csv.24.12.vc.C 
OLE time: 1.2972
==== Ans-fold compression
Command: /home/louza/mm-repair/ans/encode.x /mnt/data/datasets/machine-learning-matrices-split/airline78.csv.24.12.vc.C 
Ans-fold time: 20.9155
==== Integer vector .C compression
Command: /home/louza/mm-repair/sdsl/encode.x /mnt/data/datasets/machine-learning-matrices-split/airline78.csv.24.13.vc.C 
==== Integer vector .R compression
Command: /home/louza/mm-repair/sdsl/encode.x /mnt/data/datasets/machine-learning-matrices-split/airline78.csv.24.13.vc.R 
Integer vector compression time: 0.7223
==== OLE
Command: /home/louza/mm-repair/ole/encode.x /mnt/data/datasets/machine-learning-matrices-split/airline78.csv.24.13.vc.C 
OLE time: 2.1182
==== Ans-fold compression
Command: /home/louza/mm-repair/ans/encode.x /mnt/data/datasets/machine-learning-matrices-split/airline78.csv.24.13.vc.C 
Ans-fold time: 21.5768
==== Integer vector .C compression
Command: /home/louza/mm-repair/sdsl/encode.x /mnt/data/datasets/machine-learning-matrices-split/airline78.csv.24.14.vc.C 
==== Integer vector .R compression
Command: /home/louza/mm-repair/sdsl/encode.x /mnt/data/datasets/machine-learning-matrices-split/airline78.csv.24.14.vc.R 
Integer vector compression time: 0.6964
==== OLE
Command: /home/louza/mm-repair/ole/encode.x /mnt/data/datasets/machine-learning-matrices-split/airline78.csv.24.14.vc.C 
OLE time: 0.3415
==== Ans-fold compression
Command: /home/louza/mm-repair/ans/encode.x /mnt/data/datasets/machine-learning-matrices-split/airline78.csv.24.14.vc.C 
Ans-fold time: 22.1067
==== Integer vector .C compression
Command: /home/louza/mm-repair/sdsl/encode.x /mnt/data/datasets/machine-learning-matrices-split/airline78.csv.24.15.vc.C 
==== Integer vector .R compression
Command: /home/louza/mm-repair/sdsl/encode.x /mnt/data/datasets/machine-learning-matrices-split/airline78.csv.24.15.vc.R 
Integer vector compression time: 1.0270
==== OLE
Command: /home/louza/mm-repair/ole/encode.x /mnt/data/datasets/machine-learning-matrices-split/airline78.csv.24.15.vc.C 
OLE time: 0.9816
==== Ans-fold compression
Command: /home/louza/mm-repair/ans/encode.x /mnt/data/datasets/machine-learning-matrices-split/airline78.csv.24.15.vc.C 
Ans-fold time: 23.0135
==== Integer vector .C compression
Command: /home/louza/mm-repair/sdsl/encode.x /mnt/data/datasets/machine-learning-matrices-split/airline78.csv.24.16.vc.C 
==== Integer vector .R compression
Command: /home/louza/mm-repair/sdsl/encode.x /mnt/data/datasets/machine-learning-matrices-split/airline78.csv.24.16.vc.R 
Integer vector compression time: 1.0337
==== OLE
Command: /home/louza/mm-repair/ole/encode.x /mnt/data/datasets/machine-learning-matrices-split/airline78.csv.24.16.vc.C 
OLE time: 0.9797
==== Ans-fold compression
Command: /home/louza/mm-repair/ans/encode.x /mnt/data/datasets/machine-learning-matrices-split/airline78.csv.24.16.vc.C 
Ans-fold time: 23.9003
==== Integer vector .C compression
Command: /home/louza/mm-repair/sdsl/encode.x /mnt/data/datasets/machine-learning-matrices-split/airline78.csv.24.17.vc.C 
==== Integer vector .R compression
Command: /home/louza/mm-repair/sdsl/encode.x /mnt/data/datasets/machine-learning-matrices-split/airline78.csv.24.17.vc.R 
Integer vector compression time: 0.7283
==== OLE
Command: /home/louza/mm-repair/ole/encode.x /mnt/data/datasets/machine-learning-matrices-split/airline78.csv.24.17.vc.C 
OLE time: 0.6417
==== Ans-fold compression
Command: /home/louza/mm-repair/ans/encode.x /mnt/data/datasets/machine-learning-matrices-split/airline78.csv.24.17.vc.C 
Ans-fold time: 24.4647
==== Integer vector .C compression
Command: /home/louza/mm-repair/sdsl/encode.x /mnt/data/datasets/machine-learning-matrices-split/airline78.csv.24.18.vc.C 
==== Integer vector .R compression
Command: /home/louza/mm-repair/sdsl/encode.x /mnt/data/datasets/machine-learning-matrices-split/airline78.csv.24.18.vc.R 
Integer vector compression time: 0.8023
==== OLE
Command: /home/louza/mm-repair/ole/encode.x /mnt/data/datasets/machine-learning-matrices-split/airline78.csv.24.18.vc.C 
OLE time: 0.9573
==== Ans-fold compression
Command: /home/louza/mm-repair/ans/encode.x /mnt/data/datasets/machine-learning-matrices-split/airline78.csv.24.18.vc.C 
Ans-fold time: 25.3157
==== Integer vector .C compression
Command: /home/louza/mm-repair/sdsl/encode.x /mnt/data/datasets/machine-learning-matrices-split/airline78.csv.24.19.vc.C 
==== Integer vector .R compression
Command: /home/louza/mm-repair/sdsl/encode.x /mnt/data/datasets/machine-learning-matrices-split/airline78.csv.24.19.vc.R 
Integer vector compression time: 1.1542
==== OLE
Command: /home/louza/mm-repair/ole/encode.x /mnt/data/datasets/machine-learning-matrices-split/airline78.csv.24.19.vc.C 
OLE time: 0.5434
==== Ans-fold compression
Command: /home/louza/mm-repair/ans/encode.x /mnt/data/datasets/machine-learning-matrices-split/airline78.csv.24.19.vc.C 
Ans-fold time: 25.8259
==== Integer vector .C compression
Command: /home/louza/mm-repair/sdsl/encode.x /mnt/data/datasets/machine-learning-matrices-split/airline78.csv.24.20.vc.C 
==== Integer vector .R compression
Command: /home/louza/mm-repair/sdsl/encode.x /mnt/data/datasets/machine-learning-matrices-split/airline78.csv.24.20.vc.R 
Integer vector compression time: 0.5062
==== OLE
Command: /home/louza/mm-repair/ole/encode.x /mnt/data/datasets/machine-learning-matrices-split/airline78.csv.24.20.vc.C 
OLE time: 0.7389
==== Ans-fold compression
Command: /home/louza/mm-repair/ans/encode.x /mnt/data/datasets/machine-learning-matrices-split/airline78.csv.24.20.vc.C 
Ans-fold time: 26.4816
==== Integer vector .C compression
Command: /home/louza/mm-repair/sdsl/encode.x /mnt/data/datasets/machine-learning-matrices-split/airline78.csv.24.21.vc.C 
==== Integer vector .R compression
Command: /home/louza/mm-repair/sdsl/encode.x /mnt/data/datasets/machine-learning-matrices-split/airline78.csv.24.21.vc.R 
Integer vector compression time: 0.4667
==== OLE
Command: /home/louza/mm-repair/ole/encode.x /mnt/data/datasets/machine-learning-matrices-split/airline78.csv.24.21.vc.C 
OLE time: 0.3924
==== Ans-fold compression
Command: /home/louza/mm-repair/ans/encode.x /mnt/data/datasets/machine-learning-matrices-split/airline78.csv.24.21.vc.C 
Ans-fold time: 27.0879
==== Integer vector .C compression
Command: /home/louza/mm-repair/sdsl/encode.x /mnt/data/datasets/machine-learning-matrices-split/airline78.csv.24.22.vc.C 
==== Integer vector .R compression
Command: /home/louza/mm-repair/sdsl/encode.x /mnt/data/datasets/machine-learning-matrices-split/airline78.csv.24.22.vc.R 
Integer vector compression time: 0.9357
==== OLE
Command: /home/louza/mm-repair/ole/encode.x /mnt/data/datasets/machine-learning-matrices-split/airline78.csv.24.22.vc.C 
OLE time: 0.8911
==== Ans-fold compression
Command: /home/louza/mm-repair/ans/encode.x /mnt/data/datasets/machine-learning-matrices-split/airline78.csv.24.22.vc.C 
Ans-fold time: 27.7265
==== Integer vector .C compression
Command: /home/louza/mm-repair/sdsl/encode.x /mnt/data/datasets/machine-learning-matrices-split/airline78.csv.24.23.vc.C 
==== Integer vector .R compression
Command: /home/louza/mm-repair/sdsl/encode.x /mnt/data/datasets/machine-learning-matrices-split/airline78.csv.24.23.vc.R 
Integer vector compression time: 0.5676
==== OLE
Command: /home/louza/mm-repair/ole/encode.x /mnt/data/datasets/machine-learning-matrices-split/airline78.csv.24.23.vc.C 
OLE time: 0.6905
==== Ans-fold compression
Command: /home/louza/mm-repair/ans/encode.x /mnt/data/datasets/machine-learning-matrices-split/airline78.csv.24.23.vc.C 
Ans-fold time: 28.2582
Command: /home/louza/mm-repair/ans/encode.x /mnt/data/datasets/machine-learning-matrices-split/airline78.csv.wcode 
Elapsed time: 707.1277
==== Compression Report:
 >> matrix name: /mnt/data/datasets/machine-learning-matrices-split/airline78.csv
 >> conversion time: 547.59
 >> repair time: 45.60
 >> integer vectors time: 0.57
 >> ansf time: 28.26
 >> total time: 707.13
 >> wcode: 119868 bytes
 >> wcode_ans: 9474 bytes
 >> matrix log(alpha)xNumEntries size: 681566188 bytes
 >> matrix dense size: 3355402776 bytes
 >> total number of nonzero: 304762947 (72.66%)
 >> number of distinct nonzero: 7794
 >> CRSV  size: 1276965912 bytes  (38.06%)
 >> RE32  size: 613326052 bytes  (18.28%)
 >> REIV  size: 383397764 bytes  (11.43%)
 >> REANS size: 314320008 bytes  (9.37%)
==== Done

#### 2026-09-09 21:00:48
 Command line: ./mm-repair/matrepair -r -b 24 -p 24 /mnt/data/datasets/machine-learning-matrices-split/airline78.csv 14462943 29 --ole --split 
Setting memory for each repair instance to 19335 MBs
Sending logging messages to file: /mnt/data/datasets/machine-learning-matrices-split/airline78.csv.log
==== Conversion bin/csv->csrv
Command: /home/louza/mm-repair/csvmat2csrv -b 24   /mnt/data/datasets/machine-learning-matrices-split/airline78.csv -r 0  -s 14462943 29
Conversion time: 390.8381
==== Repair paralell compression
---- Executing 24 parallel processes
---- Parallel processing completed
Repair time: 50.3896
==== Integer vector .C compression
Command: /home/louza/mm-repair/sdsl/encode.x /mnt/data/datasets/machine-learning-matrices-split/airline78.csv.24.0.A.vc.C 
==== Integer vector .R compression
Command: /home/louza/mm-repair/sdsl/encode.x /mnt/data/datasets/machine-learning-matrices-split/airline78.csv.24.0.A.vc.R 
Integer vector compression time: 0.4447
==== OLE
Command: /home/louza/mm-repair/ole/encode.x /mnt/data/datasets/machine-learning-matrices-split/airline78.csv.24.0.A.vc.C 
Command: /home/louza/mm-repair/ole/encode.x /mnt/data/datasets/machine-learning-matrices-split/airline78.csv.24.0.B.vc 
OLE time: 0.0893
==== Ans-fold compression
Command: /home/louza/mm-repair/ans/encode.x /mnt/data/datasets/machine-learning-matrices-split/airline78.csv.24.0.A.vc.C 
Command: /home/louza/mm-repair/ans/encode.x /mnt/data/datasets/machine-learning-matrices-split/airline78.csv.24.0.B.vc
Ans-fold time: 1.8117
==== Integer vector .C compression
Command: /home/louza/mm-repair/sdsl/encode.x /mnt/data/datasets/machine-learning-matrices-split/airline78.csv.24.1.A.vc.C 
==== Integer vector .R compression
Command: /home/louza/mm-repair/sdsl/encode.x /mnt/data/datasets/machine-learning-matrices-split/airline78.csv.24.1.A.vc.R 
Integer vector compression time: 0.4680
==== OLE
Command: /home/louza/mm-repair/ole/encode.x /mnt/data/datasets/machine-learning-matrices-split/airline78.csv.24.1.A.vc.C 
Command: /home/louza/mm-repair/ole/encode.x /mnt/data/datasets/machine-learning-matrices-split/airline78.csv.24.1.B.vc 
OLE time: 0.0292
==== Ans-fold compression
Command: /home/louza/mm-repair/ans/encode.x /mnt/data/datasets/machine-learning-matrices-split/airline78.csv.24.1.A.vc.C 
Command: /home/louza/mm-repair/ans/encode.x /mnt/data/datasets/machine-learning-matrices-split/airline78.csv.24.1.B.vc
Ans-fold time: 3.2826
==== Integer vector .C compression
Command: /home/louza/mm-repair/sdsl/encode.x /mnt/data/datasets/machine-learning-matrices-split/airline78.csv.24.2.A.vc.C 
==== Integer vector .R compression
Command: /home/louza/mm-repair/sdsl/encode.x /mnt/data/datasets/machine-learning-matrices-split/airline78.csv.24.2.A.vc.R 
Integer vector compression time: 0.4011
==== OLE
Command: /home/louza/mm-repair/ole/encode.x /mnt/data/datasets/machine-learning-matrices-split/airline78.csv.24.2.A.vc.C 
Command: /home/louza/mm-repair/ole/encode.x /mnt/data/datasets/machine-learning-matrices-split/airline78.csv.24.2.B.vc 
OLE time: 0.0786
==== Ans-fold compression
Command: /home/louza/mm-repair/ans/encode.x /mnt/data/datasets/machine-learning-matrices-split/airline78.csv.24.2.A.vc.C 
Command: /home/louza/mm-repair/ans/encode.x /mnt/data/datasets/machine-learning-matrices-split/airline78.csv.24.2.B.vc
Ans-fold time: 5.2362
==== Integer vector .C compression
Command: /home/louza/mm-repair/sdsl/encode.x /mnt/data/datasets/machine-learning-matrices-split/airline78.csv.24.3.A.vc.C 
==== Integer vector .R compression
Command: /home/louza/mm-repair/sdsl/encode.x /mnt/data/datasets/machine-learning-matrices-split/airline78.csv.24.3.A.vc.R 
Integer vector compression time: 0.4169
==== OLE
Command: /home/louza/mm-repair/ole/encode.x /mnt/data/datasets/machine-learning-matrices-split/airline78.csv.24.3.A.vc.C 
Command: /home/louza/mm-repair/ole/encode.x /mnt/data/datasets/machine-learning-matrices-split/airline78.csv.24.3.B.vc 
OLE time: 0.0491
==== Ans-fold compression
Command: /home/louza/mm-repair/ans/encode.x /mnt/data/datasets/machine-learning-matrices-split/airline78.csv.24.3.A.vc.C 
Command: /home/louza/mm-repair/ans/encode.x /mnt/data/datasets/machine-learning-matrices-split/airline78.csv.24.3.B.vc
Ans-fold time: 6.4408
==== Integer vector .C compression
Command: /home/louza/mm-repair/sdsl/encode.x /mnt/data/datasets/machine-learning-matrices-split/airline78.csv.24.4.A.vc.C 
==== Integer vector .R compression
Command: /home/louza/mm-repair/sdsl/encode.x /mnt/data/datasets/machine-learning-matrices-split/airline78.csv.24.4.A.vc.R 
Integer vector compression time: 0.3347
==== OLE
Command: /home/louza/mm-repair/ole/encode.x /mnt/data/datasets/machine-learning-matrices-split/airline78.csv.24.4.A.vc.C 
Command: /home/louza/mm-repair/ole/encode.x /mnt/data/datasets/machine-learning-matrices-split/airline78.csv.24.4.B.vc 
OLE time: 0.0380
==== Ans-fold compression
Command: /home/louza/mm-repair/ans/encode.x /mnt/data/datasets/machine-learning-matrices-split/airline78.csv.24.4.A.vc.C 
Command: /home/louza/mm-repair/ans/encode.x /mnt/data/datasets/machine-learning-matrices-split/airline78.csv.24.4.B.vc
Ans-fold time: 8.2869
==== Integer vector .C compression
Command: /home/louza/mm-repair/sdsl/encode.x /mnt/data/datasets/machine-learning-matrices-split/airline78.csv.24.5.A.vc.C 
==== Integer vector .R compression
Command: /home/louza/mm-repair/sdsl/encode.x /mnt/data/datasets/machine-learning-matrices-split/airline78.csv.24.5.A.vc.R 
Integer vector compression time: 0.4781
==== OLE
Command: /home/louza/mm-repair/ole/encode.x /mnt/data/datasets/machine-learning-matrices-split/airline78.csv.24.5.A.vc.C 
Command: /home/louza/mm-repair/ole/encode.x /mnt/data/datasets/machine-learning-matrices-split/airline78.csv.24.5.B.vc 
OLE time: 0.0394
==== Ans-fold compression
Command: /home/louza/mm-repair/ans/encode.x /mnt/data/datasets/machine-learning-matrices-split/airline78.csv.24.5.A.vc.C 
Command: /home/louza/mm-repair/ans/encode.x /mnt/data/datasets/machine-learning-matrices-split/airline78.csv.24.5.B.vc
Ans-fold time: 9.9967
==== Integer vector .C compression
Command: /home/louza/mm-repair/sdsl/encode.x /mnt/data/datasets/machine-learning-matrices-split/airline78.csv.24.6.A.vc.C 
==== Integer vector .R compression
Command: /home/louza/mm-repair/sdsl/encode.x /mnt/data/datasets/machine-learning-matrices-split/airline78.csv.24.6.A.vc.R 
Integer vector compression time: 0.5847
==== OLE
Command: /home/louza/mm-repair/ole/encode.x /mnt/data/datasets/machine-learning-matrices-split/airline78.csv.24.6.A.vc.C 
Command: /home/louza/mm-repair/ole/encode.x /mnt/data/datasets/machine-learning-matrices-split/airline78.csv.24.6.B.vc 
OLE time: 0.0311
==== Ans-fold compression
Command: /home/louza/mm-repair/ans/encode.x /mnt/data/datasets/machine-learning-matrices-split/airline78.csv.24.6.A.vc.C 
Command: /home/louza/mm-repair/ans/encode.x /mnt/data/datasets/machine-learning-matrices-split/airline78.csv.24.6.B.vc
Ans-fold time: 10.6502
==== Integer vector .C compression
Command: /home/louza/mm-repair/sdsl/encode.x /mnt/data/datasets/machine-learning-matrices-split/airline78.csv.24.7.A.vc.C 
==== Integer vector .R compression
Command: /home/louza/mm-repair/sdsl/encode.x /mnt/data/datasets/machine-learning-matrices-split/airline78.csv.24.7.A.vc.R 
Integer vector compression time: 0.3897
==== OLE
Command: /home/louza/mm-repair/ole/encode.x /mnt/data/datasets/machine-learning-matrices-split/airline78.csv.24.7.A.vc.C 
Command: /home/louza/mm-repair/ole/encode.x /mnt/data/datasets/machine-learning-matrices-split/airline78.csv.24.7.B.vc 
OLE time: 0.0315
==== Ans-fold compression
Command: /home/louza/mm-repair/ans/encode.x /mnt/data/datasets/machine-learning-matrices-split/airline78.csv.24.7.A.vc.C 
Command: /home/louza/mm-repair/ans/encode.x /mnt/data/datasets/machine-learning-matrices-split/airline78.csv.24.7.B.vc
Ans-fold time: 11.6016
==== Integer vector .C compression
Command: /home/louza/mm-repair/sdsl/encode.x /mnt/data/datasets/machine-learning-matrices-split/airline78.csv.24.8.A.vc.C 
==== Integer vector .R compression
Command: /home/louza/mm-repair/sdsl/encode.x /mnt/data/datasets/machine-learning-matrices-split/airline78.csv.24.8.A.vc.R 
Integer vector compression time: 0.4067
==== OLE
Command: /home/louza/mm-repair/ole/encode.x /mnt/data/datasets/machine-learning-matrices-split/airline78.csv.24.8.A.vc.C 
Command: /home/louza/mm-repair/ole/encode.x /mnt/data/datasets/machine-learning-matrices-split/airline78.csv.24.8.B.vc 
OLE time: 0.0282
==== Ans-fold compression
Command: /home/louza/mm-repair/ans/encode.x /mnt/data/datasets/machine-learning-matrices-split/airline78.csv.24.8.A.vc.C 
Command: /home/louza/mm-repair/ans/encode.x /mnt/data/datasets/machine-learning-matrices-split/airline78.csv.24.8.B.vc
Ans-fold time: 12.6202
==== Integer vector .C compression
Command: /home/louza/mm-repair/sdsl/encode.x /mnt/data/datasets/machine-learning-matrices-split/airline78.csv.24.9.A.vc.C 
==== Integer vector .R compression
Command: /home/louza/mm-repair/sdsl/encode.x /mnt/data/datasets/machine-learning-matrices-split/airline78.csv.24.9.A.vc.R 
Integer vector compression time: 0.4124
==== OLE
Command: /home/louza/mm-repair/ole/encode.x /mnt/data/datasets/machine-learning-matrices-split/airline78.csv.24.9.A.vc.C 
Command: /home/louza/mm-repair/ole/encode.x /mnt/data/datasets/machine-learning-matrices-split/airline78.csv.24.9.B.vc 
OLE time: 0.0658
==== Ans-fold compression
Command: /home/louza/mm-repair/ans/encode.x /mnt/data/datasets/machine-learning-matrices-split/airline78.csv.24.9.A.vc.C 
Command: /home/louza/mm-repair/ans/encode.x /mnt/data/datasets/machine-learning-matrices-split/airline78.csv.24.9.B.vc
Ans-fold time: 13.9490
==== Integer vector .C compression
Command: /home/louza/mm-repair/sdsl/encode.x /mnt/data/datasets/machine-learning-matrices-split/airline78.csv.24.10.A.vc.C 
==== Integer vector .R compression
Command: /home/louza/mm-repair/sdsl/encode.x /mnt/data/datasets/machine-learning-matrices-split/airline78.csv.24.10.A.vc.R 
Integer vector compression time: 0.5300
==== OLE
Command: /home/louza/mm-repair/ole/encode.x /mnt/data/datasets/machine-learning-matrices-split/airline78.csv.24.10.A.vc.C 
Command: /home/louza/mm-repair/ole/encode.x /mnt/data/datasets/machine-learning-matrices-split/airline78.csv.24.10.B.vc 
OLE time: 0.0317
==== Ans-fold compression
Command: /home/louza/mm-repair/ans/encode.x /mnt/data/datasets/machine-learning-matrices-split/airline78.csv.24.10.A.vc.C 
Command: /home/louza/mm-repair/ans/encode.x /mnt/data/datasets/machine-learning-matrices-split/airline78.csv.24.10.B.vc
Ans-fold time: 14.7530
==== Integer vector .C compression
Command: /home/louza/mm-repair/sdsl/encode.x /mnt/data/datasets/machine-learning-matrices-split/airline78.csv.24.11.A.vc.C 
==== Integer vector .R compression
Command: /home/louza/mm-repair/sdsl/encode.x /mnt/data/datasets/machine-learning-matrices-split/airline78.csv.24.11.A.vc.R 
Integer vector compression time: 0.3928
==== OLE
Command: /home/louza/mm-repair/ole/encode.x /mnt/data/datasets/machine-learning-matrices-split/airline78.csv.24.11.A.vc.C 
Command: /home/louza/mm-repair/ole/encode.x /mnt/data/datasets/machine-learning-matrices-split/airline78.csv.24.11.B.vc 
OLE time: 0.0245
==== Ans-fold compression
Command: /home/louza/mm-repair/ans/encode.x /mnt/data/datasets/machine-learning-matrices-split/airline78.csv.24.11.A.vc.C 
Command: /home/louza/mm-repair/ans/encode.x /mnt/data/datasets/machine-learning-matrices-split/airline78.csv.24.11.B.vc
Ans-fold time: 15.5406
==== Integer vector .C compression
Command: /home/louza/mm-repair/sdsl/encode.x /mnt/data/datasets/machine-learning-matrices-split/airline78.csv.24.12.A.vc.C 
==== Integer vector .R compression
Command: /home/louza/mm-repair/sdsl/encode.x /mnt/data/datasets/machine-learning-matrices-split/airline78.csv.24.12.A.vc.R 
Integer vector compression time: 0.3714
==== OLE
Command: /home/louza/mm-repair/ole/encode.x /mnt/data/datasets/machine-learning-matrices-split/airline78.csv.24.12.A.vc.C 
Command: /home/louza/mm-repair/ole/encode.x /mnt/data/datasets/machine-learning-matrices-split/airline78.csv.24.12.B.vc 
OLE time: 0.0865
==== Ans-fold compression
Command: /home/louza/mm-repair/ans/encode.x /mnt/data/datasets/machine-learning-matrices-split/airline78.csv.24.12.A.vc.C 
Command: /home/louza/mm-repair/ans/encode.x /mnt/data/datasets/machine-learning-matrices-split/airline78.csv.24.12.B.vc
Ans-fold time: 16.2649
==== Integer vector .C compression
Command: /home/louza/mm-repair/sdsl/encode.x /mnt/data/datasets/machine-learning-matrices-split/airline78.csv.24.13.A.vc.C 
==== Integer vector .R compression
Command: /home/louza/mm-repair/sdsl/encode.x /mnt/data/datasets/machine-learning-matrices-split/airline78.csv.24.13.A.vc.R 
Integer vector compression time: 0.3245
==== OLE
Command: /home/louza/mm-repair/ole/encode.x /mnt/data/datasets/machine-learning-matrices-split/airline78.csv.24.13.A.vc.C 
Command: /home/louza/mm-repair/ole/encode.x /mnt/data/datasets/machine-learning-matrices-split/airline78.csv.24.13.B.vc 
OLE time: 0.0424
==== Ans-fold compression
Command: /home/louza/mm-repair/ans/encode.x /mnt/data/datasets/machine-learning-matrices-split/airline78.csv.24.13.A.vc.C 
Command: /home/louza/mm-repair/ans/encode.x /mnt/data/datasets/machine-learning-matrices-split/airline78.csv.24.13.B.vc
Ans-fold time: 16.9832
==== Integer vector .C compression
Command: /home/louza/mm-repair/sdsl/encode.x /mnt/data/datasets/machine-learning-matrices-split/airline78.csv.24.14.A.vc.C 
==== Integer vector .R compression
Command: /home/louza/mm-repair/sdsl/encode.x /mnt/data/datasets/machine-learning-matrices-split/airline78.csv.24.14.A.vc.R 
Integer vector compression time: 0.8452
==== OLE
Command: /home/louza/mm-repair/ole/encode.x /mnt/data/datasets/machine-learning-matrices-split/airline78.csv.24.14.A.vc.C 
Command: /home/louza/mm-repair/ole/encode.x /mnt/data/datasets/machine-learning-matrices-split/airline78.csv.24.14.B.vc 
OLE time: 0.0626
==== Ans-fold compression
Command: /home/louza/mm-repair/ans/encode.x /mnt/data/datasets/machine-learning-matrices-split/airline78.csv.24.14.A.vc.C 
Command: /home/louza/mm-repair/ans/encode.x /mnt/data/datasets/machine-learning-matrices-split/airline78.csv.24.14.B.vc
Ans-fold time: 17.5428
==== Integer vector .C compression
Command: /home/louza/mm-repair/sdsl/encode.x /mnt/data/datasets/machine-learning-matrices-split/airline78.csv.24.15.A.vc.C 
==== Integer vector .R compression
Command: /home/louza/mm-repair/sdsl/encode.x /mnt/data/datasets/machine-learning-matrices-split/airline78.csv.24.15.A.vc.R 
Integer vector compression time: 0.2989
==== OLE
Command: /home/louza/mm-repair/ole/encode.x /mnt/data/datasets/machine-learning-matrices-split/airline78.csv.24.15.A.vc.C 
Command: /home/louza/mm-repair/ole/encode.x /mnt/data/datasets/machine-learning-matrices-split/airline78.csv.24.15.B.vc 
OLE time: 0.0295
==== Ans-fold compression
Command: /home/louza/mm-repair/ans/encode.x /mnt/data/datasets/machine-learning-matrices-split/airline78.csv.24.15.A.vc.C 
Command: /home/louza/mm-repair/ans/encode.x /mnt/data/datasets/machine-learning-matrices-split/airline78.csv.24.15.B.vc
Ans-fold time: 18.2313
==== Integer vector .C compression
Command: /home/louza/mm-repair/sdsl/encode.x /mnt/data/datasets/machine-learning-matrices-split/airline78.csv.24.16.A.vc.C 
==== Integer vector .R compression
Command: /home/louza/mm-repair/sdsl/encode.x /mnt/data/datasets/machine-learning-matrices-split/airline78.csv.24.16.A.vc.R 
Integer vector compression time: 0.3864
==== OLE
Command: /home/louza/mm-repair/ole/encode.x /mnt/data/datasets/machine-learning-matrices-split/airline78.csv.24.16.A.vc.C 
Command: /home/louza/mm-repair/ole/encode.x /mnt/data/datasets/machine-learning-matrices-split/airline78.csv.24.16.B.vc 
OLE time: 0.0241
==== Ans-fold compression
Command: /home/louza/mm-repair/ans/encode.x /mnt/data/datasets/machine-learning-matrices-split/airline78.csv.24.16.A.vc.C 
Command: /home/louza/mm-repair/ans/encode.x /mnt/data/datasets/machine-learning-matrices-split/airline78.csv.24.16.B.vc
Ans-fold time: 18.9508
==== Integer vector .C compression
Command: /home/louza/mm-repair/sdsl/encode.x /mnt/data/datasets/machine-learning-matrices-split/airline78.csv.24.17.A.vc.C 
==== Integer vector .R compression
Command: /home/louza/mm-repair/sdsl/encode.x /mnt/data/datasets/machine-learning-matrices-split/airline78.csv.24.17.A.vc.R 
Integer vector compression time: 0.3582
==== OLE
Command: /home/louza/mm-repair/ole/encode.x /mnt/data/datasets/machine-learning-matrices-split/airline78.csv.24.17.A.vc.C 
Command: /home/louza/mm-repair/ole/encode.x /mnt/data/datasets/machine-learning-matrices-split/airline78.csv.24.17.B.vc 
OLE time: 0.0231
==== Ans-fold compression
Command: /home/louza/mm-repair/ans/encode.x /mnt/data/datasets/machine-learning-matrices-split/airline78.csv.24.17.A.vc.C 
Command: /home/louza/mm-repair/ans/encode.x /mnt/data/datasets/machine-learning-matrices-split/airline78.csv.24.17.B.vc
Ans-fold time: 19.7187
==== Integer vector .C compression
Command: /home/louza/mm-repair/sdsl/encode.x /mnt/data/datasets/machine-learning-matrices-split/airline78.csv.24.18.A.vc.C 
==== Integer vector .R compression
Command: /home/louza/mm-repair/sdsl/encode.x /mnt/data/datasets/machine-learning-matrices-split/airline78.csv.24.18.A.vc.R 
Integer vector compression time: 0.3489
==== OLE
Command: /home/louza/mm-repair/ole/encode.x /mnt/data/datasets/machine-learning-matrices-split/airline78.csv.24.18.A.vc.C 
Command: /home/louza/mm-repair/ole/encode.x /mnt/data/datasets/machine-learning-matrices-split/airline78.csv.24.18.B.vc 
OLE time: 0.0271
==== Ans-fold compression
Command: /home/louza/mm-repair/ans/encode.x /mnt/data/datasets/machine-learning-matrices-split/airline78.csv.24.18.A.vc.C 
Command: /home/louza/mm-repair/ans/encode.x /mnt/data/datasets/machine-learning-matrices-split/airline78.csv.24.18.B.vc
Ans-fold time: 20.4878
==== Integer vector .C compression
Command: /home/louza/mm-repair/sdsl/encode.x /mnt/data/datasets/machine-learning-matrices-split/airline78.csv.24.19.A.vc.C 
==== Integer vector .R compression
Command: /home/louza/mm-repair/sdsl/encode.x /mnt/data/datasets/machine-learning-matrices-split/airline78.csv.24.19.A.vc.R 
Integer vector compression time: 0.2469
==== OLE
Command: /home/louza/mm-repair/ole/encode.x /mnt/data/datasets/machine-learning-matrices-split/airline78.csv.24.19.A.vc.C 
Command: /home/louza/mm-repair/ole/encode.x /mnt/data/datasets/machine-learning-matrices-split/airline78.csv.24.19.B.vc 
OLE time: 0.0509
==== Ans-fold compression
Command: /home/louza/mm-repair/ans/encode.x /mnt/data/datasets/machine-learning-matrices-split/airline78.csv.24.19.A.vc.C 
Command: /home/louza/mm-repair/ans/encode.x /mnt/data/datasets/machine-learning-matrices-split/airline78.csv.24.19.B.vc
Ans-fold time: 20.9948
==== Integer vector .C compression
Command: /home/louza/mm-repair/sdsl/encode.x /mnt/data/datasets/machine-learning-matrices-split/airline78.csv.24.20.A.vc.C 
==== Integer vector .R compression
Command: /home/louza/mm-repair/sdsl/encode.x /mnt/data/datasets/machine-learning-matrices-split/airline78.csv.24.20.A.vc.R 
Integer vector compression time: 0.2736
==== OLE
Command: /home/louza/mm-repair/ole/encode.x /mnt/data/datasets/machine-learning-matrices-split/airline78.csv.24.20.A.vc.C 
Command: /home/louza/mm-repair/ole/encode.x /mnt/data/datasets/machine-learning-matrices-split/airline78.csv.24.20.B.vc 
OLE time: 0.0636
==== Ans-fold compression
Command: /home/louza/mm-repair/ans/encode.x /mnt/data/datasets/machine-learning-matrices-split/airline78.csv.24.20.A.vc.C 
Command: /home/louza/mm-repair/ans/encode.x /mnt/data/datasets/machine-learning-matrices-split/airline78.csv.24.20.B.vc
Ans-fold time: 21.4880
==== Integer vector .C compression
Command: /home/louza/mm-repair/sdsl/encode.x /mnt/data/datasets/machine-learning-matrices-split/airline78.csv.24.21.A.vc.C 
==== Integer vector .R compression
Command: /home/louza/mm-repair/sdsl/encode.x /mnt/data/datasets/machine-learning-matrices-split/airline78.csv.24.21.A.vc.R 
Integer vector compression time: 0.4232
==== OLE
Command: /home/louza/mm-repair/ole/encode.x /mnt/data/datasets/machine-learning-matrices-split/airline78.csv.24.21.A.vc.C 
Command: /home/louza/mm-repair/ole/encode.x /mnt/data/datasets/machine-learning-matrices-split/airline78.csv.24.21.B.vc 
OLE time: 0.0281
==== Ans-fold compression
Command: /home/louza/mm-repair/ans/encode.x /mnt/data/datasets/machine-learning-matrices-split/airline78.csv.24.21.A.vc.C 
Command: /home/louza/mm-repair/ans/encode.x /mnt/data/datasets/machine-learning-matrices-split/airline78.csv.24.21.B.vc
Ans-fold time: 21.9663
==== Integer vector .C compression
Command: /home/louza/mm-repair/sdsl/encode.x /mnt/data/datasets/machine-learning-matrices-split/airline78.csv.24.22.A.vc.C 
==== Integer vector .R compression
Command: /home/louza/mm-repair/sdsl/encode.x /mnt/data/datasets/machine-learning-matrices-split/airline78.csv.24.22.A.vc.R 
Integer vector compression time: 0.4629
==== OLE
Command: /home/louza/mm-repair/ole/encode.x /mnt/data/datasets/machine-learning-matrices-split/airline78.csv.24.22.A.vc.C 
Command: /home/louza/mm-repair/ole/encode.x /mnt/data/datasets/machine-learning-matrices-split/airline78.csv.24.22.B.vc 
OLE time: 0.0560
==== Ans-fold compression
Command: /home/louza/mm-repair/ans/encode.x /mnt/data/datasets/machine-learning-matrices-split/airline78.csv.24.22.A.vc.C 
Command: /home/louza/mm-repair/ans/encode.x /mnt/data/datasets/machine-learning-matrices-split/airline78.csv.24.22.B.vc
Ans-fold time: 22.4002
==== Integer vector .C compression
Command: /home/louza/mm-repair/sdsl/encode.x /mnt/data/datasets/machine-learning-matrices-split/airline78.csv.24.23.A.vc.C 
==== Integer vector .R compression
Command: /home/louza/mm-repair/sdsl/encode.x /mnt/data/datasets/machine-learning-matrices-split/airline78.csv.24.23.A.vc.R 
Integer vector compression time: 0.3280
==== OLE
Command: /home/louza/mm-repair/ole/encode.x /mnt/data/datasets/machine-learning-matrices-split/airline78.csv.24.23.A.vc.C 
Command: /home/louza/mm-repair/ole/encode.x /mnt/data/datasets/machine-learning-matrices-split/airline78.csv.24.23.B.vc 
OLE time: 0.0206
==== Ans-fold compression
Command: /home/louza/mm-repair/ans/encode.x /mnt/data/datasets/machine-learning-matrices-split/airline78.csv.24.23.A.vc.C 
Command: /home/louza/mm-repair/ans/encode.x /mnt/data/datasets/machine-learning-matrices-split/airline78.csv.24.23.B.vc
Ans-fold time: 22.7980
Elapsed time: 481.4207
==== Compression Report:
 >> matrix name: /mnt/data/datasets/machine-learning-matrices-split/airline78.csv
 >> conversion time: 390.84
 >> repair time: 50.39
 >> integer vectors time: 0.33
 >> ansf time: 22.80
 >> total time: 481.42
 >> matrix log(alpha)xNumEntries size: 681566188 bytes
 >> matrix dense size: 3355402776 bytes
 >> total number of nonzero: 293759553 (70.04%)
 >> number of distinct nonzero: 7794
 >> CRSV  size: 1232952336 bytes  (36.75%)
 >> B	  size: 101865348 bytes  (3.04%)
 >> B_ans size: 26972658 bytes  (0.80%)
 >> RE32  size: 595974602 bytes  (17.76%)
 >> REIV  size: 382622874 bytes  (11.40%)
 >> REANS size: 326744067 bytes  (9.74%)
==== Done

#### 2026-09-09 21:08:50
 Command line: ./mm-repair/matrepair -r -b 24 -p 24 /mnt/data/datasets/machine-learning-matrices-split/airline78.csv 14462943 29 --mapping --split 
Setting memory for each repair instance to 19335 MBs
Sending logging messages to file: /mnt/data/datasets/machine-learning-matrices-split/airline78.csv.log
==== Conversion bin/csv->csrv
Command: /home/louza/mm-repair/csvmat2csrv -b 24   /mnt/data/datasets/machine-learning-matrices-split/airline78.csv -r 0 -m -s 14462943 29
Conversion time: 584.4821
==== Repair paralell compression
---- Executing 24 parallel processes
---- Parallel processing completed
Repair time: 21.7279
==== Integer vector .C compression
Command: /home/louza/mm-repair/sdsl/encode.x /mnt/data/datasets/machine-learning-matrices-split/airline78.csv.24.0.A.vc.C 
==== Integer vector .R compression
Command: /home/louza/mm-repair/sdsl/encode.x /mnt/data/datasets/machine-learning-matrices-split/airline78.csv.24.0.A.vc.R 
Integer vector compression time: 0.3165
==== Ans-fold compression
Command: /home/louza/mm-repair/ans/encode.x /mnt/data/datasets/machine-learning-matrices-split/airline78.csv.24.0.A.vc.C 
Command: /home/louza/mm-repair/ans/encode.x /mnt/data/datasets/machine-learning-matrices-split/airline78.csv.24.0.B.vc
Ans-fold time: 0.6775
==== Integer vector .C compression
Command: /home/louza/mm-repair/sdsl/encode.x /mnt/data/datasets/machine-learning-matrices-split/airline78.csv.24.1.A.vc.C 
==== Integer vector .R compression
Command: /home/louza/mm-repair/sdsl/encode.x /mnt/data/datasets/machine-learning-matrices-split/airline78.csv.24.1.A.vc.R 
Integer vector compression time: 0.3258
==== Ans-fold compression
Command: /home/louza/mm-repair/ans/encode.x /mnt/data/datasets/machine-learning-matrices-split/airline78.csv.24.1.A.vc.C 
Command: /home/louza/mm-repair/ans/encode.x /mnt/data/datasets/machine-learning-matrices-split/airline78.csv.24.1.B.vc
Ans-fold time: 1.2469
==== Integer vector .C compression
Command: /home/louza/mm-repair/sdsl/encode.x /mnt/data/datasets/machine-learning-matrices-split/airline78.csv.24.2.A.vc.C 
==== Integer vector .R compression
Command: /home/louza/mm-repair/sdsl/encode.x /mnt/data/datasets/machine-learning-matrices-split/airline78.csv.24.2.A.vc.R 
Integer vector compression time: 0.6207
==== Ans-fold compression
Command: /home/louza/mm-repair/ans/encode.x /mnt/data/datasets/machine-learning-matrices-split/airline78.csv.24.2.A.vc.C 
Command: /home/louza/mm-repair/ans/encode.x /mnt/data/datasets/machine-learning-matrices-split/airline78.csv.24.2.B.vc
Ans-fold time: 1.8958
==== Integer vector .C compression
Command: /home/louza/mm-repair/sdsl/encode.x /mnt/data/datasets/machine-learning-matrices-split/airline78.csv.24.3.A.vc.C 
==== Integer vector .R compression
Command: /home/louza/mm-repair/sdsl/encode.x /mnt/data/datasets/machine-learning-matrices-split/airline78.csv.24.3.A.vc.R 
Integer vector compression time: 0.4619
==== Ans-fold compression
Command: /home/louza/mm-repair/ans/encode.x /mnt/data/datasets/machine-learning-matrices-split/airline78.csv.24.3.A.vc.C 
Command: /home/louza/mm-repair/ans/encode.x /mnt/data/datasets/machine-learning-matrices-split/airline78.csv.24.3.B.vc
Ans-fold time: 2.8779
==== Integer vector .C compression
Command: /home/louza/mm-repair/sdsl/encode.x /mnt/data/datasets/machine-learning-matrices-split/airline78.csv.24.4.A.vc.C 
==== Integer vector .R compression
Command: /home/louza/mm-repair/sdsl/encode.x /mnt/data/datasets/machine-learning-matrices-split/airline78.csv.24.4.A.vc.R 
Integer vector compression time: 0.5025
==== Ans-fold compression
Command: /home/louza/mm-repair/ans/encode.x /mnt/data/datasets/machine-learning-matrices-split/airline78.csv.24.4.A.vc.C 
Command: /home/louza/mm-repair/ans/encode.x /mnt/data/datasets/machine-learning-matrices-split/airline78.csv.24.4.B.vc
Ans-fold time: 3.5505
==== Integer vector .C compression
Command: /home/louza/mm-repair/sdsl/encode.x /mnt/data/datasets/machine-learning-matrices-split/airline78.csv.24.5.A.vc.C 
==== Integer vector .R compression
Command: /home/louza/mm-repair/sdsl/encode.x /mnt/data/datasets/machine-learning-matrices-split/airline78.csv.24.5.A.vc.R 
Integer vector compression time: 0.6038
==== Ans-fold compression
Command: /home/louza/mm-repair/ans/encode.x /mnt/data/datasets/machine-learning-matrices-split/airline78.csv.24.5.A.vc.C 
Command: /home/louza/mm-repair/ans/encode.x /mnt/data/datasets/machine-learning-matrices-split/airline78.csv.24.5.B.vc
Ans-fold time: 4.1171
==== Integer vector .C compression
Command: /home/louza/mm-repair/sdsl/encode.x /mnt/data/datasets/machine-learning-matrices-split/airline78.csv.24.6.A.vc.C 
==== Integer vector .R compression
Command: /home/louza/mm-repair/sdsl/encode.x /mnt/data/datasets/machine-learning-matrices-split/airline78.csv.24.6.A.vc.R 
Integer vector compression time: 0.4685
==== Ans-fold compression
Command: /home/louza/mm-repair/ans/encode.x /mnt/data/datasets/machine-learning-matrices-split/airline78.csv.24.6.A.vc.C 
Command: /home/louza/mm-repair/ans/encode.x /mnt/data/datasets/machine-learning-matrices-split/airline78.csv.24.6.B.vc
Ans-fold time: 4.9525
==== Integer vector .C compression
Command: /home/louza/mm-repair/sdsl/encode.x /mnt/data/datasets/machine-learning-matrices-split/airline78.csv.24.7.A.vc.C 
==== Integer vector .R compression
Command: /home/louza/mm-repair/sdsl/encode.x /mnt/data/datasets/machine-learning-matrices-split/airline78.csv.24.7.A.vc.R 
Integer vector compression time: 0.4962
==== Ans-fold compression
Command: /home/louza/mm-repair/ans/encode.x /mnt/data/datasets/machine-learning-matrices-split/airline78.csv.24.7.A.vc.C 
Command: /home/louza/mm-repair/ans/encode.x /mnt/data/datasets/machine-learning-matrices-split/airline78.csv.24.7.B.vc
Ans-fold time: 6.4056
==== Integer vector .C compression
Command: /home/louza/mm-repair/sdsl/encode.x /mnt/data/datasets/machine-learning-matrices-split/airline78.csv.24.8.A.vc.C 
==== Integer vector .R compression
Command: /home/louza/mm-repair/sdsl/encode.x /mnt/data/datasets/machine-learning-matrices-split/airline78.csv.24.8.A.vc.R 
Integer vector compression time: 0.5619
==== Ans-fold compression
Command: /home/louza/mm-repair/ans/encode.x /mnt/data/datasets/machine-learning-matrices-split/airline78.csv.24.8.A.vc.C 
Command: /home/louza/mm-repair/ans/encode.x /mnt/data/datasets/machine-learning-matrices-split/airline78.csv.24.8.B.vc
Ans-fold time: 7.0058
==== Integer vector .C compression
Command: /home/louza/mm-repair/sdsl/encode.x /mnt/data/datasets/machine-learning-matrices-split/airline78.csv.24.9.A.vc.C 
==== Integer vector .R compression
Command: /home/louza/mm-repair/sdsl/encode.x /mnt/data/datasets/machine-learning-matrices-split/airline78.csv.24.9.A.vc.R 
Integer vector compression time: 0.3331
==== Ans-fold compression
Command: /home/louza/mm-repair/ans/encode.x /mnt/data/datasets/machine-learning-matrices-split/airline78.csv.24.9.A.vc.C 
Command: /home/louza/mm-repair/ans/encode.x /mnt/data/datasets/machine-learning-matrices-split/airline78.csv.24.9.B.vc
Ans-fold time: 7.5747
==== Integer vector .C compression
Command: /home/louza/mm-repair/sdsl/encode.x /mnt/data/datasets/machine-learning-matrices-split/airline78.csv.24.10.A.vc.C 
==== Integer vector .R compression
Command: /home/louza/mm-repair/sdsl/encode.x /mnt/data/datasets/machine-learning-matrices-split/airline78.csv.24.10.A.vc.R 
Integer vector compression time: 0.3219
==== Ans-fold compression
Command: /home/louza/mm-repair/ans/encode.x /mnt/data/datasets/machine-learning-matrices-split/airline78.csv.24.10.A.vc.C 
Command: /home/louza/mm-repair/ans/encode.x /mnt/data/datasets/machine-learning-matrices-split/airline78.csv.24.10.B.vc
Ans-fold time: 8.1498
==== Integer vector .C compression
Command: /home/louza/mm-repair/sdsl/encode.x /mnt/data/datasets/machine-learning-matrices-split/airline78.csv.24.11.A.vc.C 
==== Integer vector .R compression
Command: /home/louza/mm-repair/sdsl/encode.x /mnt/data/datasets/machine-learning-matrices-split/airline78.csv.24.11.A.vc.R 
Integer vector compression time: 0.3450
==== Ans-fold compression
Command: /home/louza/mm-repair/ans/encode.x /mnt/data/datasets/machine-learning-matrices-split/airline78.csv.24.11.A.vc.C 
Command: /home/louza/mm-repair/ans/encode.x /mnt/data/datasets/machine-learning-matrices-split/airline78.csv.24.11.B.vc
Ans-fold time: 8.6917
==== Integer vector .C compression
Command: /home/louza/mm-repair/sdsl/encode.x /mnt/data/datasets/machine-learning-matrices-split/airline78.csv.24.12.A.vc.C 
==== Integer vector .R compression
Command: /home/louza/mm-repair/sdsl/encode.x /mnt/data/datasets/machine-learning-matrices-split/airline78.csv.24.12.A.vc.R 
Integer vector compression time: 0.2909
==== Ans-fold compression
Command: /home/louza/mm-repair/ans/encode.x /mnt/data/datasets/machine-learning-matrices-split/airline78.csv.24.12.A.vc.C 
Command: /home/louza/mm-repair/ans/encode.x /mnt/data/datasets/machine-learning-matrices-split/airline78.csv.24.12.B.vc
Ans-fold time: 9.2732
==== Integer vector .C compression
Command: /home/louza/mm-repair/sdsl/encode.x /mnt/data/datasets/machine-learning-matrices-split/airline78.csv.24.13.A.vc.C 
==== Integer vector .R compression
Command: /home/louza/mm-repair/sdsl/encode.x /mnt/data/datasets/machine-learning-matrices-split/airline78.csv.24.13.A.vc.R 
Integer vector compression time: 0.2944
==== Ans-fold compression
Command: /home/louza/mm-repair/ans/encode.x /mnt/data/datasets/machine-learning-matrices-split/airline78.csv.24.13.A.vc.C 
Command: /home/louza/mm-repair/ans/encode.x /mnt/data/datasets/machine-learning-matrices-split/airline78.csv.24.13.B.vc
Ans-fold time: 9.9704
==== Integer vector .C compression
Command: /home/louza/mm-repair/sdsl/encode.x /mnt/data/datasets/machine-learning-matrices-split/airline78.csv.24.14.A.vc.C 
==== Integer vector .R compression
Command: /home/louza/mm-repair/sdsl/encode.x /mnt/data/datasets/machine-learning-matrices-split/airline78.csv.24.14.A.vc.R 
Integer vector compression time: 0.7027
==== Ans-fold compression
Command: /home/louza/mm-repair/ans/encode.x /mnt/data/datasets/machine-learning-matrices-split/airline78.csv.24.14.A.vc.C 
Command: /home/louza/mm-repair/ans/encode.x /mnt/data/datasets/machine-learning-matrices-split/airline78.csv.24.14.B.vc
Ans-fold time: 10.5083
==== Integer vector .C compression
Command: /home/louza/mm-repair/sdsl/encode.x /mnt/data/datasets/machine-learning-matrices-split/airline78.csv.24.15.A.vc.C 
==== Integer vector .R compression
Command: /home/louza/mm-repair/sdsl/encode.x /mnt/data/datasets/machine-learning-matrices-split/airline78.csv.24.15.A.vc.R 
Integer vector compression time: 0.5719
==== Ans-fold compression
Command: /home/louza/mm-repair/ans/encode.x /mnt/data/datasets/machine-learning-matrices-split/airline78.csv.24.15.A.vc.C 
Command: /home/louza/mm-repair/ans/encode.x /mnt/data/datasets/machine-learning-matrices-split/airline78.csv.24.15.B.vc
Ans-fold time: 11.0962
==== Integer vector .C compression
Command: /home/louza/mm-repair/sdsl/encode.x /mnt/data/datasets/machine-learning-matrices-split/airline78.csv.24.16.A.vc.C 
==== Integer vector .R compression
Command: /home/louza/mm-repair/sdsl/encode.x /mnt/data/datasets/machine-learning-matrices-split/airline78.csv.24.16.A.vc.R 
Integer vector compression time: 0.3894
==== Ans-fold compression
Command: /home/louza/mm-repair/ans/encode.x /mnt/data/datasets/machine-learning-matrices-split/airline78.csv.24.16.A.vc.C 
Command: /home/louza/mm-repair/ans/encode.x /mnt/data/datasets/machine-learning-matrices-split/airline78.csv.24.16.B.vc
Ans-fold time: 11.6350
==== Integer vector .C compression
Command: /home/louza/mm-repair/sdsl/encode.x /mnt/data/datasets/machine-learning-matrices-split/airline78.csv.24.17.A.vc.C 
==== Integer vector .R compression
Command: /home/louza/mm-repair/sdsl/encode.x /mnt/data/datasets/machine-learning-matrices-split/airline78.csv.24.17.A.vc.R 
Integer vector compression time: 0.7566
==== Ans-fold compression
Command: /home/louza/mm-repair/ans/encode.x /mnt/data/datasets/machine-learning-matrices-split/airline78.csv.24.17.A.vc.C 
Command: /home/louza/mm-repair/ans/encode.x /mnt/data/datasets/machine-learning-matrices-split/airline78.csv.24.17.B.vc
Ans-fold time: 12.0957
==== Integer vector .C compression
Command: /home/louza/mm-repair/sdsl/encode.x /mnt/data/datasets/machine-learning-matrices-split/airline78.csv.24.18.A.vc.C 
==== Integer vector .R compression
Command: /home/louza/mm-repair/sdsl/encode.x /mnt/data/datasets/machine-learning-matrices-split/airline78.csv.24.18.A.vc.R 
Integer vector compression time: 0.3671
==== Ans-fold compression
Command: /home/louza/mm-repair/ans/encode.x /mnt/data/datasets/machine-learning-matrices-split/airline78.csv.24.18.A.vc.C 
Command: /home/louza/mm-repair/ans/encode.x /mnt/data/datasets/machine-learning-matrices-split/airline78.csv.24.18.B.vc
Ans-fold time: 12.7939
==== Integer vector .C compression
Command: /home/louza/mm-repair/sdsl/encode.x /mnt/data/datasets/machine-learning-matrices-split/airline78.csv.24.19.A.vc.C 
==== Integer vector .R compression
Command: /home/louza/mm-repair/sdsl/encode.x /mnt/data/datasets/machine-learning-matrices-split/airline78.csv.24.19.A.vc.R 
Integer vector compression time: 0.3520
==== Ans-fold compression
Command: /home/louza/mm-repair/ans/encode.x /mnt/data/datasets/machine-learning-matrices-split/airline78.csv.24.19.A.vc.C 
Command: /home/louza/mm-repair/ans/encode.x /mnt/data/datasets/machine-learning-matrices-split/airline78.csv.24.19.B.vc
Ans-fold time: 13.4548
==== Integer vector .C compression
Command: /home/louza/mm-repair/sdsl/encode.x /mnt/data/datasets/machine-learning-matrices-split/airline78.csv.24.20.A.vc.C 
==== Integer vector .R compression
Command: /home/louza/mm-repair/sdsl/encode.x /mnt/data/datasets/machine-learning-matrices-split/airline78.csv.24.20.A.vc.R 
Integer vector compression time: 0.3900
==== Ans-fold compression
Command: /home/louza/mm-repair/ans/encode.x /mnt/data/datasets/machine-learning-matrices-split/airline78.csv.24.20.A.vc.C 
Command: /home/louza/mm-repair/ans/encode.x /mnt/data/datasets/machine-learning-matrices-split/airline78.csv.24.20.B.vc
Ans-fold time: 13.9784
==== Integer vector .C compression
Command: /home/louza/mm-repair/sdsl/encode.x /mnt/data/datasets/machine-learning-matrices-split/airline78.csv.24.21.A.vc.C 
==== Integer vector .R compression
Command: /home/louza/mm-repair/sdsl/encode.x /mnt/data/datasets/machine-learning-matrices-split/airline78.csv.24.21.A.vc.R 
Integer vector compression time: 0.3102
==== Ans-fold compression
Command: /home/louza/mm-repair/ans/encode.x /mnt/data/datasets/machine-learning-matrices-split/airline78.csv.24.21.A.vc.C 
Command: /home/louza/mm-repair/ans/encode.x /mnt/data/datasets/machine-learning-matrices-split/airline78.csv.24.21.B.vc
Ans-fold time: 14.4936
==== Integer vector .C compression
Command: /home/louza/mm-repair/sdsl/encode.x /mnt/data/datasets/machine-learning-matrices-split/airline78.csv.24.22.A.vc.C 
==== Integer vector .R compression
Command: /home/louza/mm-repair/sdsl/encode.x /mnt/data/datasets/machine-learning-matrices-split/airline78.csv.24.22.A.vc.R 
Integer vector compression time: 0.3183
==== Ans-fold compression
Command: /home/louza/mm-repair/ans/encode.x /mnt/data/datasets/machine-learning-matrices-split/airline78.csv.24.22.A.vc.C 
Command: /home/louza/mm-repair/ans/encode.x /mnt/data/datasets/machine-learning-matrices-split/airline78.csv.24.22.B.vc
Ans-fold time: 15.0456
==== Integer vector .C compression
Command: /home/louza/mm-repair/sdsl/encode.x /mnt/data/datasets/machine-learning-matrices-split/airline78.csv.24.23.A.vc.C 
==== Integer vector .R compression
Command: /home/louza/mm-repair/sdsl/encode.x /mnt/data/datasets/machine-learning-matrices-split/airline78.csv.24.23.A.vc.R 
Integer vector compression time: 0.2766
==== Ans-fold compression
Command: /home/louza/mm-repair/ans/encode.x /mnt/data/datasets/machine-learning-matrices-split/airline78.csv.24.23.A.vc.C 
Command: /home/louza/mm-repair/ans/encode.x /mnt/data/datasets/machine-learning-matrices-split/airline78.csv.24.23.B.vc
Ans-fold time: 15.5856
Command: /home/louza/mm-repair/ans/encode.x /mnt/data/datasets/machine-learning-matrices-split/airline78.csv.wcode 
Elapsed time: 632.1780
==== Compression Report:
 >> matrix name: /mnt/data/datasets/machine-learning-matrices-split/airline78.csv
 >> conversion time: 584.48
 >> repair time: 21.73
 >> integer vectors time: 0.28
 >> ansf time: 15.59
 >> total time: 632.18
 >> wcode: 119868 bytes
 >> wcode_ans: 9474 bytes
 >> matrix log(alpha)xNumEntries size: 681566188 bytes
 >> matrix dense size: 3355402776 bytes
 >> total number of nonzero: 293759553 (70.04%)
 >> number of distinct nonzero: 7794
 >> CRSV  size: 1232952336 bytes  (36.75%)
 >> B	  size: 101865348 bytes  (3.04%)
 >> B_ans size: 23440021 bytes  (0.70%)
 >> RE32  size: 592561833 bytes  (17.66%)
 >> REIV  size: 379210105 bytes  (11.30%)
 >> REANS size: 326230787 bytes  (9.72%)
==== Done

#### 2026-09-09 21:19:22
 Command line: ./mm-repair/matrepair -r -b 24 -p 24 /mnt/data/datasets/machine-learning-matrices-split/airline78.csv 14462943 29 --ole --mapping --split 
Setting memory for each repair instance to 19335 MBs
Sending logging messages to file: /mnt/data/datasets/machine-learning-matrices-split/airline78.csv.log
==== Conversion bin/csv->csrv
Command: /home/louza/mm-repair/csvmat2csrv -b 24   /mnt/data/datasets/machine-learning-matrices-split/airline78.csv -r 0 -m -s 14462943 29
Conversion time: 409.9654
==== Repair paralell compression
---- Executing 24 parallel processes
---- Parallel processing completed
Repair time: 29.8996
==== Integer vector .C compression
Command: /home/louza/mm-repair/sdsl/encode.x /mnt/data/datasets/machine-learning-matrices-split/airline78.csv.24.0.A.vc.C 
==== Integer vector .R compression
Command: /home/louza/mm-repair/sdsl/encode.x /mnt/data/datasets/machine-learning-matrices-split/airline78.csv.24.0.A.vc.R 
Integer vector compression time: 0.4193
==== OLE
Command: /home/louza/mm-repair/ole/encode.x /mnt/data/datasets/machine-learning-matrices-split/airline78.csv.24.0.A.vc.C 
Command: /home/louza/mm-repair/ole/encode.x /mnt/data/datasets/machine-learning-matrices-split/airline78.csv.24.0.B.vc 
OLE time: 0.0252
==== Ans-fold compression
Command: /home/louza/mm-repair/ans/encode.x /mnt/data/datasets/machine-learning-matrices-split/airline78.csv.24.0.A.vc.C 
Command: /home/louza/mm-repair/ans/encode.x /mnt/data/datasets/machine-learning-matrices-split/airline78.csv.24.0.B.vc
Ans-fold time: 0.9287
==== Integer vector .C compression
Command: /home/louza/mm-repair/sdsl/encode.x /mnt/data/datasets/machine-learning-matrices-split/airline78.csv.24.1.A.vc.C 
==== Integer vector .R compression
Command: /home/louza/mm-repair/sdsl/encode.x /mnt/data/datasets/machine-learning-matrices-split/airline78.csv.24.1.A.vc.R 
Integer vector compression time: 0.3876
==== OLE
Command: /home/louza/mm-repair/ole/encode.x /mnt/data/datasets/machine-learning-matrices-split/airline78.csv.24.1.A.vc.C 
Command: /home/louza/mm-repair/ole/encode.x /mnt/data/datasets/machine-learning-matrices-split/airline78.csv.24.1.B.vc 
OLE time: 0.0306
==== Ans-fold compression
Command: /home/louza/mm-repair/ans/encode.x /mnt/data/datasets/machine-learning-matrices-split/airline78.csv.24.1.A.vc.C 
Command: /home/louza/mm-repair/ans/encode.x /mnt/data/datasets/machine-learning-matrices-split/airline78.csv.24.1.B.vc
Ans-fold time: 2.1945
==== Integer vector .C compression
Command: /home/louza/mm-repair/sdsl/encode.x /mnt/data/datasets/machine-learning-matrices-split/airline78.csv.24.2.A.vc.C 
==== Integer vector .R compression
Command: /home/louza/mm-repair/sdsl/encode.x /mnt/data/datasets/machine-learning-matrices-split/airline78.csv.24.2.A.vc.R 
Integer vector compression time: 0.3862
==== OLE
Command: /home/louza/mm-repair/ole/encode.x /mnt/data/datasets/machine-learning-matrices-split/airline78.csv.24.2.A.vc.C 
Command: /home/louza/mm-repair/ole/encode.x /mnt/data/datasets/machine-learning-matrices-split/airline78.csv.24.2.B.vc 
OLE time: 0.0348
==== Ans-fold compression
Command: /home/louza/mm-repair/ans/encode.x /mnt/data/datasets/machine-learning-matrices-split/airline78.csv.24.2.A.vc.C 
Command: /home/louza/mm-repair/ans/encode.x /mnt/data/datasets/machine-learning-matrices-split/airline78.csv.24.2.B.vc
Ans-fold time: 3.0627
==== Integer vector .C compression
Command: /home/louza/mm-repair/sdsl/encode.x /mnt/data/datasets/machine-learning-matrices-split/airline78.csv.24.3.A.vc.C 
==== Integer vector .R compression
Command: /home/louza/mm-repair/sdsl/encode.x /mnt/data/datasets/machine-learning-matrices-split/airline78.csv.24.3.A.vc.R 
Integer vector compression time: 0.2633
==== OLE
Command: /home/louza/mm-repair/ole/encode.x /mnt/data/datasets/machine-learning-matrices-split/airline78.csv.24.3.A.vc.C 
Command: /home/louza/mm-repair/ole/encode.x /mnt/data/datasets/machine-learning-matrices-split/airline78.csv.24.3.B.vc 
OLE time: 0.0206
==== Ans-fold compression
Command: /home/louza/mm-repair/ans/encode.x /mnt/data/datasets/machine-learning-matrices-split/airline78.csv.24.3.A.vc.C 
Command: /home/louza/mm-repair/ans/encode.x /mnt/data/datasets/machine-learning-matrices-split/airline78.csv.24.3.B.vc
Ans-fold time: 3.7381
==== Integer vector .C compression
Command: /home/louza/mm-repair/sdsl/encode.x /mnt/data/datasets/machine-learning-matrices-split/airline78.csv.24.4.A.vc.C 
==== Integer vector .R compression
Command: /home/louza/mm-repair/sdsl/encode.x /mnt/data/datasets/machine-learning-matrices-split/airline78.csv.24.4.A.vc.R 
Integer vector compression time: 0.2918
==== OLE
Command: /home/louza/mm-repair/ole/encode.x /mnt/data/datasets/machine-learning-matrices-split/airline78.csv.24.4.A.vc.C 
Command: /home/louza/mm-repair/ole/encode.x /mnt/data/datasets/machine-learning-matrices-split/airline78.csv.24.4.B.vc 
OLE time: 0.0186
==== Ans-fold compression
Command: /home/louza/mm-repair/ans/encode.x /mnt/data/datasets/machine-learning-matrices-split/airline78.csv.24.4.A.vc.C 
Command: /home/louza/mm-repair/ans/encode.x /mnt/data/datasets/machine-learning-matrices-split/airline78.csv.24.4.B.vc
Ans-fold time: 4.2839
==== Integer vector .C compression
Command: /home/louza/mm-repair/sdsl/encode.x /mnt/data/datasets/machine-learning-matrices-split/airline78.csv.24.5.A.vc.C 
==== Integer vector .R compression
Command: /home/louza/mm-repair/sdsl/encode.x /mnt/data/datasets/machine-learning-matrices-split/airline78.csv.24.5.A.vc.R 
Integer vector compression time: 0.2697
==== OLE
Command: /home/louza/mm-repair/ole/encode.x /mnt/data/datasets/machine-learning-matrices-split/airline78.csv.24.5.A.vc.C 
Command: /home/louza/mm-repair/ole/encode.x /mnt/data/datasets/machine-learning-matrices-split/airline78.csv.24.5.B.vc 
OLE time: 0.0195
==== Ans-fold compression
Command: /home/louza/mm-repair/ans/encode.x /mnt/data/datasets/machine-learning-matrices-split/airline78.csv.24.5.A.vc.C 
Command: /home/louza/mm-repair/ans/encode.x /mnt/data/datasets/machine-learning-matrices-split/airline78.csv.24.5.B.vc
Ans-fold time: 4.9722
==== Integer vector .C compression
Command: /home/louza/mm-repair/sdsl/encode.x /mnt/data/datasets/machine-learning-matrices-split/airline78.csv.24.6.A.vc.C 
==== Integer vector .R compression
Command: /home/louza/mm-repair/sdsl/encode.x /mnt/data/datasets/machine-learning-matrices-split/airline78.csv.24.6.A.vc.R 
Integer vector compression time: 0.3123
==== OLE
Command: /home/louza/mm-repair/ole/encode.x /mnt/data/datasets/machine-learning-matrices-split/airline78.csv.24.6.A.vc.C 
Command: /home/louza/mm-repair/ole/encode.x /mnt/data/datasets/machine-learning-matrices-split/airline78.csv.24.6.B.vc 
OLE time: 0.0283
==== Ans-fold compression
Command: /home/louza/mm-repair/ans/encode.x /mnt/data/datasets/machine-learning-matrices-split/airline78.csv.24.6.A.vc.C 
Command: /home/louza/mm-repair/ans/encode.x /mnt/data/datasets/machine-learning-matrices-split/airline78.csv.24.6.B.vc
Ans-fold time: 6.0034
==== Integer vector .C compression
Command: /home/louza/mm-repair/sdsl/encode.x /mnt/data/datasets/machine-learning-matrices-split/airline78.csv.24.7.A.vc.C 
==== Integer vector .R compression
Command: /home/louza/mm-repair/sdsl/encode.x /mnt/data/datasets/machine-learning-matrices-split/airline78.csv.24.7.A.vc.R 
Integer vector compression time: 0.3847
==== OLE
Command: /home/louza/mm-repair/ole/encode.x /mnt/data/datasets/machine-learning-matrices-split/airline78.csv.24.7.A.vc.C 
Command: /home/louza/mm-repair/ole/encode.x /mnt/data/datasets/machine-learning-matrices-split/airline78.csv.24.7.B.vc 
OLE time: 0.0247
==== Ans-fold compression
Command: /home/louza/mm-repair/ans/encode.x /mnt/data/datasets/machine-learning-matrices-split/airline78.csv.24.7.A.vc.C 
Command: /home/louza/mm-repair/ans/encode.x /mnt/data/datasets/machine-learning-matrices-split/airline78.csv.24.7.B.vc
Ans-fold time: 6.7961
==== Integer vector .C compression
Command: /home/louza/mm-repair/sdsl/encode.x /mnt/data/datasets/machine-learning-matrices-split/airline78.csv.24.8.A.vc.C 
==== Integer vector .R compression
Command: /home/louza/mm-repair/sdsl/encode.x /mnt/data/datasets/machine-learning-matrices-split/airline78.csv.24.8.A.vc.R 
Integer vector compression time: 0.3169
==== OLE
Command: /home/louza/mm-repair/ole/encode.x /mnt/data/datasets/machine-learning-matrices-split/airline78.csv.24.8.A.vc.C 
Command: /home/louza/mm-repair/ole/encode.x /mnt/data/datasets/machine-learning-matrices-split/airline78.csv.24.8.B.vc 
OLE time: 0.0357
==== Ans-fold compression
Command: /home/louza/mm-repair/ans/encode.x /mnt/data/datasets/machine-learning-matrices-split/airline78.csv.24.8.A.vc.C 
Command: /home/louza/mm-repair/ans/encode.x /mnt/data/datasets/machine-learning-matrices-split/airline78.csv.24.8.B.vc
Ans-fold time: 7.6064
==== Integer vector .C compression
Command: /home/louza/mm-repair/sdsl/encode.x /mnt/data/datasets/machine-learning-matrices-split/airline78.csv.24.9.A.vc.C 
==== Integer vector .R compression
Command: /home/louza/mm-repair/sdsl/encode.x /mnt/data/datasets/machine-learning-matrices-split/airline78.csv.24.9.A.vc.R 
Integer vector compression time: 0.4295
==== OLE
Command: /home/louza/mm-repair/ole/encode.x /mnt/data/datasets/machine-learning-matrices-split/airline78.csv.24.9.A.vc.C 
Command: /home/louza/mm-repair/ole/encode.x /mnt/data/datasets/machine-learning-matrices-split/airline78.csv.24.9.B.vc 
OLE time: 0.0480
==== Ans-fold compression
Command: /home/louza/mm-repair/ans/encode.x /mnt/data/datasets/machine-learning-matrices-split/airline78.csv.24.9.A.vc.C 
Command: /home/louza/mm-repair/ans/encode.x /mnt/data/datasets/machine-learning-matrices-split/airline78.csv.24.9.B.vc
Ans-fold time: 8.3041
==== Integer vector .C compression
Command: /home/louza/mm-repair/sdsl/encode.x /mnt/data/datasets/machine-learning-matrices-split/airline78.csv.24.10.A.vc.C 
==== Integer vector .R compression
Command: /home/louza/mm-repair/sdsl/encode.x /mnt/data/datasets/machine-learning-matrices-split/airline78.csv.24.10.A.vc.R 
Integer vector compression time: 0.4056
==== OLE
Command: /home/louza/mm-repair/ole/encode.x /mnt/data/datasets/machine-learning-matrices-split/airline78.csv.24.10.A.vc.C 
Command: /home/louza/mm-repair/ole/encode.x /mnt/data/datasets/machine-learning-matrices-split/airline78.csv.24.10.B.vc 
OLE time: 0.0484
==== Ans-fold compression
Command: /home/louza/mm-repair/ans/encode.x /mnt/data/datasets/machine-learning-matrices-split/airline78.csv.24.10.A.vc.C 
Command: /home/louza/mm-repair/ans/encode.x /mnt/data/datasets/machine-learning-matrices-split/airline78.csv.24.10.B.vc
Ans-fold time: 8.8933
==== Integer vector .C compression
Command: /home/louza/mm-repair/sdsl/encode.x /mnt/data/datasets/machine-learning-matrices-split/airline78.csv.24.11.A.vc.C 
==== Integer vector .R compression
Command: /home/louza/mm-repair/sdsl/encode.x /mnt/data/datasets/machine-learning-matrices-split/airline78.csv.24.11.A.vc.R 
Integer vector compression time: 0.4467
==== OLE
Command: /home/louza/mm-repair/ole/encode.x /mnt/data/datasets/machine-learning-matrices-split/airline78.csv.24.11.A.vc.C 
Command: /home/louza/mm-repair/ole/encode.x /mnt/data/datasets/machine-learning-matrices-split/airline78.csv.24.11.B.vc 
OLE time: 0.0417
==== Ans-fold compression
Command: /home/louza/mm-repair/ans/encode.x /mnt/data/datasets/machine-learning-matrices-split/airline78.csv.24.11.A.vc.C 
Command: /home/louza/mm-repair/ans/encode.x /mnt/data/datasets/machine-learning-matrices-split/airline78.csv.24.11.B.vc
Ans-fold time: 9.7674
==== Integer vector .C compression
Command: /home/louza/mm-repair/sdsl/encode.x /mnt/data/datasets/machine-learning-matrices-split/airline78.csv.24.12.A.vc.C 
==== Integer vector .R compression
Command: /home/louza/mm-repair/sdsl/encode.x /mnt/data/datasets/machine-learning-matrices-split/airline78.csv.24.12.A.vc.R 
Integer vector compression time: 0.3843
==== OLE
Command: /home/louza/mm-repair/ole/encode.x /mnt/data/datasets/machine-learning-matrices-split/airline78.csv.24.12.A.vc.C 
Command: /home/louza/mm-repair/ole/encode.x /mnt/data/datasets/machine-learning-matrices-split/airline78.csv.24.12.B.vc 
OLE time: 0.0280
==== Ans-fold compression
Command: /home/louza/mm-repair/ans/encode.x /mnt/data/datasets/machine-learning-matrices-split/airline78.csv.24.12.A.vc.C 
Command: /home/louza/mm-repair/ans/encode.x /mnt/data/datasets/machine-learning-matrices-split/airline78.csv.24.12.B.vc
Ans-fold time: 10.9645
==== Integer vector .C compression
Command: /home/louza/mm-repair/sdsl/encode.x /mnt/data/datasets/machine-learning-matrices-split/airline78.csv.24.13.A.vc.C 
==== Integer vector .R compression
Command: /home/louza/mm-repair/sdsl/encode.x /mnt/data/datasets/machine-learning-matrices-split/airline78.csv.24.13.A.vc.R 
Integer vector compression time: 0.4602
==== OLE
Command: /home/louza/mm-repair/ole/encode.x /mnt/data/datasets/machine-learning-matrices-split/airline78.csv.24.13.A.vc.C 
Command: /home/louza/mm-repair/ole/encode.x /mnt/data/datasets/machine-learning-matrices-split/airline78.csv.24.13.B.vc 
OLE time: 0.0266
==== Ans-fold compression
Command: /home/louza/mm-repair/ans/encode.x /mnt/data/datasets/machine-learning-matrices-split/airline78.csv.24.13.A.vc.C 
Command: /home/louza/mm-repair/ans/encode.x /mnt/data/datasets/machine-learning-matrices-split/airline78.csv.24.13.B.vc
Ans-fold time: 12.0040
==== Integer vector .C compression
Command: /home/louza/mm-repair/sdsl/encode.x /mnt/data/datasets/machine-learning-matrices-split/airline78.csv.24.14.A.vc.C 
==== Integer vector .R compression
Command: /home/louza/mm-repair/sdsl/encode.x /mnt/data/datasets/machine-learning-matrices-split/airline78.csv.24.14.A.vc.R 
Integer vector compression time: 0.3902
==== OLE
Command: /home/louza/mm-repair/ole/encode.x /mnt/data/datasets/machine-learning-matrices-split/airline78.csv.24.14.A.vc.C 
Command: /home/louza/mm-repair/ole/encode.x /mnt/data/datasets/machine-learning-matrices-split/airline78.csv.24.14.B.vc 
OLE time: 0.0354
==== Ans-fold compression
Command: /home/louza/mm-repair/ans/encode.x /mnt/data/datasets/machine-learning-matrices-split/airline78.csv.24.14.A.vc.C 
Command: /home/louza/mm-repair/ans/encode.x /mnt/data/datasets/machine-learning-matrices-split/airline78.csv.24.14.B.vc
Ans-fold time: 13.2772
==== Integer vector .C compression
Command: /home/louza/mm-repair/sdsl/encode.x /mnt/data/datasets/machine-learning-matrices-split/airline78.csv.24.15.A.vc.C 
==== Integer vector .R compression
Command: /home/louza/mm-repair/sdsl/encode.x /mnt/data/datasets/machine-learning-matrices-split/airline78.csv.24.15.A.vc.R 
Integer vector compression time: 0.3708
==== OLE
Command: /home/louza/mm-repair/ole/encode.x /mnt/data/datasets/machine-learning-matrices-split/airline78.csv.24.15.A.vc.C 
Command: /home/louza/mm-repair/ole/encode.x /mnt/data/datasets/machine-learning-matrices-split/airline78.csv.24.15.B.vc 
OLE time: 0.0428
==== Ans-fold compression
Command: /home/louza/mm-repair/ans/encode.x /mnt/data/datasets/machine-learning-matrices-split/airline78.csv.24.15.A.vc.C 
Command: /home/louza/mm-repair/ans/encode.x /mnt/data/datasets/machine-learning-matrices-split/airline78.csv.24.15.B.vc
Ans-fold time: 14.6704
==== Integer vector .C compression
Command: /home/louza/mm-repair/sdsl/encode.x /mnt/data/datasets/machine-learning-matrices-split/airline78.csv.24.16.A.vc.C 
==== Integer vector .R compression
Command: /home/louza/mm-repair/sdsl/encode.x /mnt/data/datasets/machine-learning-matrices-split/airline78.csv.24.16.A.vc.R 
Integer vector compression time: 0.4162
==== OLE
Command: /home/louza/mm-repair/ole/encode.x /mnt/data/datasets/machine-learning-matrices-split/airline78.csv.24.16.A.vc.C 
Command: /home/louza/mm-repair/ole/encode.x /mnt/data/datasets/machine-learning-matrices-split/airline78.csv.24.16.B.vc 
OLE time: 0.0266
==== Ans-fold compression
Command: /home/louza/mm-repair/ans/encode.x /mnt/data/datasets/machine-learning-matrices-split/airline78.csv.24.16.A.vc.C 
Command: /home/louza/mm-repair/ans/encode.x /mnt/data/datasets/machine-learning-matrices-split/airline78.csv.24.16.B.vc
Ans-fold time: 15.6750
==== Integer vector .C compression
Command: /home/louza/mm-repair/sdsl/encode.x /mnt/data/datasets/machine-learning-matrices-split/airline78.csv.24.17.A.vc.C 
==== Integer vector .R compression
Command: /home/louza/mm-repair/sdsl/encode.x /mnt/data/datasets/machine-learning-matrices-split/airline78.csv.24.17.A.vc.R 
Integer vector compression time: 0.3558
==== OLE
Command: /home/louza/mm-repair/ole/encode.x /mnt/data/datasets/machine-learning-matrices-split/airline78.csv.24.17.A.vc.C 
Command: /home/louza/mm-repair/ole/encode.x /mnt/data/datasets/machine-learning-matrices-split/airline78.csv.24.17.B.vc 
OLE time: 0.1390
==== Ans-fold compression
Command: /home/louza/mm-repair/ans/encode.x /mnt/data/datasets/machine-learning-matrices-split/airline78.csv.24.17.A.vc.C 
Command: /home/louza/mm-repair/ans/encode.x /mnt/data/datasets/machine-learning-matrices-split/airline78.csv.24.17.B.vc
Ans-fold time: 16.7472
==== Integer vector .C compression
Command: /home/louza/mm-repair/sdsl/encode.x /mnt/data/datasets/machine-learning-matrices-split/airline78.csv.24.18.A.vc.C 
==== Integer vector .R compression
Command: /home/louza/mm-repair/sdsl/encode.x /mnt/data/datasets/machine-learning-matrices-split/airline78.csv.24.18.A.vc.R 
Integer vector compression time: 0.3552
==== OLE
Command: /home/louza/mm-repair/ole/encode.x /mnt/data/datasets/machine-learning-matrices-split/airline78.csv.24.18.A.vc.C 
Command: /home/louza/mm-repair/ole/encode.x /mnt/data/datasets/machine-learning-matrices-split/airline78.csv.24.18.B.vc 
OLE time: 0.0264
==== Ans-fold compression
Command: /home/louza/mm-repair/ans/encode.x /mnt/data/datasets/machine-learning-matrices-split/airline78.csv.24.18.A.vc.C 
Command: /home/louza/mm-repair/ans/encode.x /mnt/data/datasets/machine-learning-matrices-split/airline78.csv.24.18.B.vc
Ans-fold time: 17.8398
==== Integer vector .C compression
Command: /home/louza/mm-repair/sdsl/encode.x /mnt/data/datasets/machine-learning-matrices-split/airline78.csv.24.19.A.vc.C 
==== Integer vector .R compression
Command: /home/louza/mm-repair/sdsl/encode.x /mnt/data/datasets/machine-learning-matrices-split/airline78.csv.24.19.A.vc.R 
Integer vector compression time: 0.3351
==== OLE
Command: /home/louza/mm-repair/ole/encode.x /mnt/data/datasets/machine-learning-matrices-split/airline78.csv.24.19.A.vc.C 
Command: /home/louza/mm-repair/ole/encode.x /mnt/data/datasets/machine-learning-matrices-split/airline78.csv.24.19.B.vc 
OLE time: 0.0282
==== Ans-fold compression
Command: /home/louza/mm-repair/ans/encode.x /mnt/data/datasets/machine-learning-matrices-split/airline78.csv.24.19.A.vc.C 
Command: /home/louza/mm-repair/ans/encode.x /mnt/data/datasets/machine-learning-matrices-split/airline78.csv.24.19.B.vc
Ans-fold time: 18.8263
==== Integer vector .C compression
Command: /home/louza/mm-repair/sdsl/encode.x /mnt/data/datasets/machine-learning-matrices-split/airline78.csv.24.20.A.vc.C 
==== Integer vector .R compression
Command: /home/louza/mm-repair/sdsl/encode.x /mnt/data/datasets/machine-learning-matrices-split/airline78.csv.24.20.A.vc.R 
Integer vector compression time: 0.3205
==== OLE
Command: /home/louza/mm-repair/ole/encode.x /mnt/data/datasets/machine-learning-matrices-split/airline78.csv.24.20.A.vc.C 
Command: /home/louza/mm-repair/ole/encode.x /mnt/data/datasets/machine-learning-matrices-split/airline78.csv.24.20.B.vc 
OLE time: 0.0273
==== Ans-fold compression
Command: /home/louza/mm-repair/ans/encode.x /mnt/data/datasets/machine-learning-matrices-split/airline78.csv.24.20.A.vc.C 
Command: /home/louza/mm-repair/ans/encode.x /mnt/data/datasets/machine-learning-matrices-split/airline78.csv.24.20.B.vc
Ans-fold time: 19.9185
==== Integer vector .C compression
Command: /home/louza/mm-repair/sdsl/encode.x /mnt/data/datasets/machine-learning-matrices-split/airline78.csv.24.21.A.vc.C 
==== Integer vector .R compression
Command: /home/louza/mm-repair/sdsl/encode.x /mnt/data/datasets/machine-learning-matrices-split/airline78.csv.24.21.A.vc.R 
Integer vector compression time: 0.3550
==== OLE
Command: /home/louza/mm-repair/ole/encode.x /mnt/data/datasets/machine-learning-matrices-split/airline78.csv.24.21.A.vc.C 
Command: /home/louza/mm-repair/ole/encode.x /mnt/data/datasets/machine-learning-matrices-split/airline78.csv.24.21.B.vc 
OLE time: 0.0294
==== Ans-fold compression
Command: /home/louza/mm-repair/ans/encode.x /mnt/data/datasets/machine-learning-matrices-split/airline78.csv.24.21.A.vc.C 
Command: /home/louza/mm-repair/ans/encode.x /mnt/data/datasets/machine-learning-matrices-split/airline78.csv.24.21.B.vc
Ans-fold time: 21.1525
==== Integer vector .C compression
Command: /home/louza/mm-repair/sdsl/encode.x /mnt/data/datasets/machine-learning-matrices-split/airline78.csv.24.22.A.vc.C 
==== Integer vector .R compression
Command: /home/louza/mm-repair/sdsl/encode.x /mnt/data/datasets/machine-learning-matrices-split/airline78.csv.24.22.A.vc.R 
Integer vector compression time: 0.3591
==== OLE
Command: /home/louza/mm-repair/ole/encode.x /mnt/data/datasets/machine-learning-matrices-split/airline78.csv.24.22.A.vc.C 
Command: /home/louza/mm-repair/ole/encode.x /mnt/data/datasets/machine-learning-matrices-split/airline78.csv.24.22.B.vc 
OLE time: 0.0429
==== Ans-fold compression
Command: /home/louza/mm-repair/ans/encode.x /mnt/data/datasets/machine-learning-matrices-split/airline78.csv.24.22.A.vc.C 
Command: /home/louza/mm-repair/ans/encode.x /mnt/data/datasets/machine-learning-matrices-split/airline78.csv.24.22.B.vc
Ans-fold time: 22.2515
==== Integer vector .C compression
Command: /home/louza/mm-repair/sdsl/encode.x /mnt/data/datasets/machine-learning-matrices-split/airline78.csv.24.23.A.vc.C 
==== Integer vector .R compression
Command: /home/louza/mm-repair/sdsl/encode.x /mnt/data/datasets/machine-learning-matrices-split/airline78.csv.24.23.A.vc.R 
Integer vector compression time: 0.3325
==== OLE
Command: /home/louza/mm-repair/ole/encode.x /mnt/data/datasets/machine-learning-matrices-split/airline78.csv.24.23.A.vc.C 
Command: /home/louza/mm-repair/ole/encode.x /mnt/data/datasets/machine-learning-matrices-split/airline78.csv.24.23.B.vc 
OLE time: 0.0301
==== Ans-fold compression
Command: /home/louza/mm-repair/ans/encode.x /mnt/data/datasets/machine-learning-matrices-split/airline78.csv.24.23.A.vc.C 
Command: /home/louza/mm-repair/ans/encode.x /mnt/data/datasets/machine-learning-matrices-split/airline78.csv.24.23.B.vc
Ans-fold time: 23.3312
Command: /home/louza/mm-repair/ans/encode.x /mnt/data/datasets/machine-learning-matrices-split/airline78.csv.wcode 
Elapsed time: 477.6898
==== Compression Report:
 >> matrix name: /mnt/data/datasets/machine-learning-matrices-split/airline78.csv
 >> conversion time: 409.97
 >> repair time: 29.90
 >> integer vectors time: 0.33
 >> ansf time: 23.33
 >> total time: 477.69
 >> wcode: 119868 bytes
 >> wcode_ans: 9474 bytes
 >> matrix log(alpha)xNumEntries size: 681566188 bytes
 >> matrix dense size: 3355402776 bytes
 >> total number of nonzero: 293759553 (70.04%)
 >> number of distinct nonzero: 7794
 >> CRSV  size: 1232952336 bytes  (36.75%)
 >> B	  size: 101865348 bytes  (3.04%)
 >> B_ans size: 23323677 bytes  (0.70%)
 >> RE32  size: 592445489 bytes  (17.66%)
 >> REIV  size: 379093761 bytes  (11.30%)
 >> REANS size: 315128209 bytes  (9.39%)
==== Done
