REANS -b 1

#### 2026-09-03 09:51:57
 Command line: ./mm-repair/matrepair -r -b 1 -p 1 /mnt/data/datasets/machine-learning-matrices-split/glove.csv 400000 300 
Setting memory for each repair instance to 464053 MBs
Sending logging messages to file: /mnt/data/datasets/machine-learning-matrices-split/glove.csv.log
==== Conversion bin/csv->csrv
Command: /home/louza/mm-repair/csvmat2csrv -b 1   /mnt/data/datasets/machine-learning-matrices-split/glove.csv -r 0   400000 300
Conversion time: 50.5608
==== Repair compression
Command: /home/louza/mm-repair/brepair/irepair0 /mnt/data/datasets/machine-learning-matrices-split/glove.csv.vc 464053
Repair time: 56.8431
==== Integer vector .C compression
Command: /home/louza/mm-repair/sdsl/encode.x /mnt/data/datasets/machine-learning-matrices-split/glove.csv.vc.C 
==== Integer vector .R compression
Command: /home/louza/mm-repair/sdsl/encode.x /mnt/data/datasets/machine-learning-matrices-split/glove.csv.vc.R 
Integer vector compression time: 5.0836
==== Ans-fold compression
Command: /home/louza/mm-repair/ans/encode.x /mnt/data/datasets/machine-learning-matrices-split/glove.csv.vc.C 
Ans-fold time: 53.2171
Elapsed time: 165.7046
==== Compression Report:
 >> matrix name: /mnt/data/datasets/machine-learning-matrices-split/glove.csv
 >> conversion time: 50.56
 >> repair time: 56.84
 >> integer vectors time: 5.08
 >> ansf time: 53.22
 >> total time: 165.70
 >> matrix log(alpha)xNumEntries size: 300000000 bytes
 >> matrix dense size: 960000000 bytes
 >> total number of nonzero: 120000000 (100.00%)
 >> number of distinct nonzero: 717119
 >> CRSV  size: 487336952 bytes  (50.76%)
 >> RE32  size: 487336956 bytes  (50.76%)
 >> REIV  size: 427136978 bytes  (44.49%)
 >> REANS size: 407567519 bytes  (42.45%)
==== Done

#### 2026-09-03 09:54:42
 Command line: ./mm-repair/matrepair -r -b 1 -p 1 /mnt/data/datasets/machine-learning-matrices-split/glove.csv 400000 300 --ole 
Setting memory for each repair instance to 464053 MBs
Sending logging messages to file: /mnt/data/datasets/machine-learning-matrices-split/glove.csv.log
==== Conversion bin/csv->csrv
Command: /home/louza/mm-repair/csvmat2csrv -b 1   /mnt/data/datasets/machine-learning-matrices-split/glove.csv -r 0   400000 300
Conversion time: 60.4597
==== Repair compression
Command: /home/louza/mm-repair/brepair/irepair0 /mnt/data/datasets/machine-learning-matrices-split/glove.csv.vc 464053
Repair time: 78.2498
==== Integer vector .C compression
Command: /home/louza/mm-repair/sdsl/encode.x /mnt/data/datasets/machine-learning-matrices-split/glove.csv.vc.C 
==== Integer vector .R compression
Command: /home/louza/mm-repair/sdsl/encode.x /mnt/data/datasets/machine-learning-matrices-split/glove.csv.vc.R 
Integer vector compression time: 13.9284
==== OLE
Command: /home/louza/mm-repair/ole/encode.x /mnt/data/datasets/machine-learning-matrices-split/glove.csv.vc.C 
OLE time: 8.6597
==== Ans-fold compression
Command: /home/louza/mm-repair/ans/encode.x /mnt/data/datasets/machine-learning-matrices-split/glove.csv.vc.C 
Ans-fold time: 16.0925
Elapsed time: 177.3903
==== Compression Report:
 >> matrix name: /mnt/data/datasets/machine-learning-matrices-split/glove.csv
 >> conversion time: 60.46
 >> repair time: 78.25
 >> integer vectors time: 13.93
 >> ansf time: 16.09
 >> total time: 177.39
 >> matrix log(alpha)xNumEntries size: 300000000 bytes
 >> matrix dense size: 960000000 bytes
 >> total number of nonzero: 120000000 (100.00%)
 >> number of distinct nonzero: 717119
 >> CRSV  size: 487336952 bytes  (50.76%)
 >> RE32  size: 487336956 bytes  (50.76%)
 >> REIV  size: 427136978 bytes  (44.49%)
 >> REANS size: 309613558 bytes  (32.25%)
==== Done

#### 2026-09-03 09:57:40
 Command line: ./mm-repair/matrepair -r -b 1 -p 1 /mnt/data/datasets/machine-learning-matrices-split/glove.csv 400000 300 --mapping 
Setting memory for each repair instance to 464053 MBs
Sending logging messages to file: /mnt/data/datasets/machine-learning-matrices-split/glove.csv.log
==== Conversion bin/csv->csrv
Command: /home/louza/mm-repair/csvmat2csrv -b 1   /mnt/data/datasets/machine-learning-matrices-split/glove.csv -r 0 -m  400000 300
Conversion time: 766.7761
==== Repair compression
Command: /home/louza/mm-repair/brepair/irepair0 /mnt/data/datasets/machine-learning-matrices-split/glove.csv.vc 464053
Repair time: 53.5155
==== Integer vector .C compression
Command: /home/louza/mm-repair/sdsl/encode.x /mnt/data/datasets/machine-learning-matrices-split/glove.csv.vc.C 
==== Integer vector .R compression
Command: /home/louza/mm-repair/sdsl/encode.x /mnt/data/datasets/machine-learning-matrices-split/glove.csv.vc.R 
Integer vector compression time: 8.2500
==== Ans-fold compression
Command: /home/louza/mm-repair/ans/encode.x /mnt/data/datasets/machine-learning-matrices-split/glove.csv.vc.C 
Ans-fold time: 51.2510
Command: /home/louza/mm-repair/ans/encode.x /mnt/data/datasets/machine-learning-matrices-split/glove.csv.wcode 
Elapsed time: 881.3573
==== Compression Report:
 >> matrix name: /mnt/data/datasets/machine-learning-matrices-split/glove.csv
 >> conversion time: 766.78
 >> repair time: 53.52
 >> integer vectors time: 8.25
 >> ansf time: 51.25
 >> total time: 881.36
 >> wcode: 226590916 bytes
 >> wcode_ans: 16430594 bytes
 >> matrix log(alpha)xNumEntries size: 300000000 bytes
 >> matrix dense size: 960000000 bytes
 >> total number of nonzero: 120000000 (100.00%)
 >> number of distinct nonzero: 717119
 >> CRSV  size: 487336952 bytes  (50.76%)
 >> RE32  size: 713927872 bytes  (74.37%)
 >> REIV  size: 623627894 bytes  (64.96%)
 >> REANS size: 409338887 bytes  (42.64%)
==== Done

#### 2026-09-03 10:12:21
 Command line: ./mm-repair/matrepair -r -b 1 -p 1 /mnt/data/datasets/machine-learning-matrices-split/glove.csv 400000 300 --split 
Setting memory for each repair instance to 464053 MBs
Sending logging messages to file: /mnt/data/datasets/machine-learning-matrices-split/glove.csv.log
==== Conversion bin/csv->csrv
Command: /home/louza/mm-repair/csvmat2csrv -b 1   /mnt/data/datasets/machine-learning-matrices-split/glove.csv -r 0  -s 400000 300
Conversion time: 712.7260
==== Repair compression
Command: /home/louza/mm-repair/brepair/irepair0 /mnt/data/datasets/machine-learning-matrices-split/glove.csv.A.vc 464053
Repair time: 0.0121
==== Integer vector .C compression
Command: /home/louza/mm-repair/sdsl/encode.x /mnt/data/datasets/machine-learning-matrices-split/glove.csv.A.vc.C 
==== Integer vector .R compression
Command: /home/louza/mm-repair/sdsl/encode.x /mnt/data/datasets/machine-learning-matrices-split/glove.csv.A.vc.R 
Integer vector compression time: 0.0276
==== Ans-fold compression
Command: /home/louza/mm-repair/ans/encode.x /mnt/data/datasets/machine-learning-matrices-split/glove.csv.A.vc.C 
Command: /home/louza/mm-repair/ans/encode.x /mnt/data/datasets/machine-learning-matrices-split/glove.csv.B.vc
Ans-fold time: 52.9518
Elapsed time: 765.7175
==== Compression Report:
 >> matrix name: /mnt/data/datasets/machine-learning-matrices-split/glove.csv
 >> conversion time: 712.73
 >> repair time: 0.01
 >> integer vectors time: 0.03
 >> ansf time: 52.95
 >> total time: 765.72
 >> matrix log(alpha)xNumEntries size: 300000000 bytes
 >> matrix dense size: 960000000 bytes
 >> total number of nonzero: 0 (0.00%)
 >> number of distinct nonzero: 717119
 >> CRSV  size: 7336952 bytes  (0.76%)
 >> B	  size: 481600000 bytes  (50.17%)
 >> B_ans size: 401828450 bytes  (41.86%)
 >> RE32  size: 409165406 bytes  (42.62%)
 >> REIV  size: 407615428 bytes  (42.46%)
 >> REANS size: 407565465 bytes  (42.45%)
==== Done

#### 2026-09-03 10:25:07
 Command line: ./mm-repair/matrepair -r -b 1 -p 1 /mnt/data/datasets/machine-learning-matrices-split/glove.csv 400000 300 --ole --mapping 
Setting memory for each repair instance to 464053 MBs
Sending logging messages to file: /mnt/data/datasets/machine-learning-matrices-split/glove.csv.log
==== Conversion bin/csv->csrv
Command: /home/louza/mm-repair/csvmat2csrv -b 1   /mnt/data/datasets/machine-learning-matrices-split/glove.csv -r 0 -m  400000 300
Conversion time: 577.7689
==== Repair compression
Command: /home/louza/mm-repair/brepair/irepair0 /mnt/data/datasets/machine-learning-matrices-split/glove.csv.vc 464053
Repair time: 49.2541
==== Integer vector .C compression
Command: /home/louza/mm-repair/sdsl/encode.x /mnt/data/datasets/machine-learning-matrices-split/glove.csv.vc.C 
==== Integer vector .R compression
Command: /home/louza/mm-repair/sdsl/encode.x /mnt/data/datasets/machine-learning-matrices-split/glove.csv.vc.R 
Integer vector compression time: 8.2147
==== OLE
Command: /home/louza/mm-repair/ole/encode.x /mnt/data/datasets/machine-learning-matrices-split/glove.csv.vc.C 
OLE time: 7.1893
==== Ans-fold compression
Command: /home/louza/mm-repair/ans/encode.x /mnt/data/datasets/machine-learning-matrices-split/glove.csv.vc.C 
Ans-fold time: 12.7977
Command: /home/louza/mm-repair/ans/encode.x /mnt/data/datasets/machine-learning-matrices-split/glove.csv.wcode 
Elapsed time: 657.0106
==== Compression Report:
 >> matrix name: /mnt/data/datasets/machine-learning-matrices-split/glove.csv
 >> conversion time: 577.77
 >> repair time: 49.25
 >> integer vectors time: 8.21
 >> ansf time: 12.80
 >> total time: 657.01
 >> wcode: 226590916 bytes
 >> wcode_ans: 16430594 bytes
 >> matrix log(alpha)xNumEntries size: 300000000 bytes
 >> matrix dense size: 960000000 bytes
 >> total number of nonzero: 120000000 (100.00%)
 >> number of distinct nonzero: 717119
 >> CRSV  size: 487336952 bytes  (50.76%)
 >> RE32  size: 713927872 bytes  (74.37%)
 >> REIV  size: 623627894 bytes  (64.96%)
 >> REANS size: 306865603 bytes  (31.97%)
==== Done

#### 2026-09-03 10:36:04
 Command line: ./mm-repair/matrepair -r -b 1 -p 1 /mnt/data/datasets/machine-learning-matrices-split/glove.csv 400000 300 --ole --split 
Setting memory for each repair instance to 464053 MBs
Sending logging messages to file: /mnt/data/datasets/machine-learning-matrices-split/glove.csv.log
==== Conversion bin/csv->csrv
Command: /home/louza/mm-repair/csvmat2csrv -b 1   /mnt/data/datasets/machine-learning-matrices-split/glove.csv -r 0  -s 400000 300
Conversion time: 765.7459
==== Repair compression
Command: /home/louza/mm-repair/brepair/irepair0 /mnt/data/datasets/machine-learning-matrices-split/glove.csv.A.vc 464053
Repair time: 0.0763
==== Integer vector .C compression
Command: /home/louza/mm-repair/sdsl/encode.x /mnt/data/datasets/machine-learning-matrices-split/glove.csv.A.vc.C 
==== Integer vector .R compression
Command: /home/louza/mm-repair/sdsl/encode.x /mnt/data/datasets/machine-learning-matrices-split/glove.csv.A.vc.R 
Integer vector compression time: 0.0534
==== OLE
Command: /home/louza/mm-repair/ole/encode.x /mnt/data/datasets/machine-learning-matrices-split/glove.csv.A.vc.C 
Command: /home/louza/mm-repair/ole/encode.x /mnt/data/datasets/machine-learning-matrices-split/glove.csv.B.vc 
OLE time: 4.6904
==== Ans-fold compression
Command: /home/louza/mm-repair/ans/encode.x /mnt/data/datasets/machine-learning-matrices-split/glove.csv.A.vc.C 
Command: /home/louza/mm-repair/ans/encode.x /mnt/data/datasets/machine-learning-matrices-split/glove.csv.B.vc
Ans-fold time: 12.6669
Elapsed time: 783.2474
==== Compression Report:
 >> matrix name: /mnt/data/datasets/machine-learning-matrices-split/glove.csv
 >> conversion time: 765.75
 >> repair time: 0.08
 >> integer vectors time: 0.05
 >> ansf time: 12.67
 >> total time: 783.25
 >> matrix log(alpha)xNumEntries size: 300000000 bytes
 >> matrix dense size: 960000000 bytes
 >> total number of nonzero: 0 (0.00%)
 >> number of distinct nonzero: 717119
 >> CRSV  size: 7336952 bytes  (0.76%)
 >> B	  size: 481600000 bytes  (50.17%)
 >> B_ans size: 303869019 bytes  (31.65%)
 >> RE32  size: 311205975 bytes  (32.42%)
 >> REIV  size: 309655997 bytes  (32.26%)
 >> REANS size: 309606034 bytes  (32.25%)
==== Done

#### 2026-09-03 10:49:07
 Command line: ./mm-repair/matrepair -r -b 1 -p 1 /mnt/data/datasets/machine-learning-matrices-split/glove.csv 400000 300 --mapping --split 
Setting memory for each repair instance to 464053 MBs
Sending logging messages to file: /mnt/data/datasets/machine-learning-matrices-split/glove.csv.log
==== Conversion bin/csv->csrv
Command: /home/louza/mm-repair/csvmat2csrv -b 1   /mnt/data/datasets/machine-learning-matrices-split/glove.csv -r 0 -m -s 400000 300
Conversion time: 1496.3014
==== Repair compression
Command: /home/louza/mm-repair/brepair/irepair0 /mnt/data/datasets/machine-learning-matrices-split/glove.csv.A.vc 464053
Repair time: 0.0183
==== Integer vector .C compression
Command: /home/louza/mm-repair/sdsl/encode.x /mnt/data/datasets/machine-learning-matrices-split/glove.csv.A.vc.C 
==== Integer vector .R compression
Command: /home/louza/mm-repair/sdsl/encode.x /mnt/data/datasets/machine-learning-matrices-split/glove.csv.A.vc.R 
Integer vector compression time: 0.0403
==== Ans-fold compression
Command: /home/louza/mm-repair/ans/encode.x /mnt/data/datasets/machine-learning-matrices-split/glove.csv.A.vc.C 
Command: /home/louza/mm-repair/ans/encode.x /mnt/data/datasets/machine-learning-matrices-split/glove.csv.B.vc
Ans-fold time: 50.0978
Command: /home/louza/mm-repair/ans/encode.x /mnt/data/datasets/machine-learning-matrices-split/glove.csv.wcode 
Elapsed time: 1548.4653
==== Compression Report:
 >> matrix name: /mnt/data/datasets/machine-learning-matrices-split/glove.csv
 >> conversion time: 1496.30
 >> repair time: 0.02
 >> integer vectors time: 0.04
 >> ansf time: 50.10
 >> total time: 1548.47
 >> wcode: 226590916 bytes
 >> wcode_ans: 16430594 bytes
 >> matrix log(alpha)xNumEntries size: 300000000 bytes
 >> matrix dense size: 960000000 bytes
 >> total number of nonzero: 0 (0.00%)
 >> number of distinct nonzero: 717119
 >> CRSV  size: 7336952 bytes  (0.76%)
 >> B	  size: 481600000 bytes  (50.17%)
 >> B_ans size: 387170738 bytes  (40.33%)
 >> RE32  size: 621098610 bytes  (64.70%)
 >> REIV  size: 619548632 bytes  (64.54%)
 >> REANS size: 409338347 bytes  (42.64%)
==== Done

#### 2026-09-03 11:14:56
 Command line: ./mm-repair/matrepair -r -b 1 -p 1 /mnt/data/datasets/machine-learning-matrices-split/glove.csv 400000 300 --ole --mapping --split 
Setting memory for each repair instance to 464053 MBs
Sending logging messages to file: /mnt/data/datasets/machine-learning-matrices-split/glove.csv.log
==== Conversion bin/csv->csrv
Command: /home/louza/mm-repair/csvmat2csrv -b 1   /mnt/data/datasets/machine-learning-matrices-split/glove.csv -r 0 -m -s 400000 300
Conversion time: 1464.2412
==== Repair compression
Command: /home/louza/mm-repair/brepair/irepair0 /mnt/data/datasets/machine-learning-matrices-split/glove.csv.A.vc 464053
Repair time: 0.0191
==== Integer vector .C compression
Command: /home/louza/mm-repair/sdsl/encode.x /mnt/data/datasets/machine-learning-matrices-split/glove.csv.A.vc.C 
==== Integer vector .R compression
Command: /home/louza/mm-repair/sdsl/encode.x /mnt/data/datasets/machine-learning-matrices-split/glove.csv.A.vc.R 
Integer vector compression time: 0.0401
==== OLE
Command: /home/louza/mm-repair/ole/encode.x /mnt/data/datasets/machine-learning-matrices-split/glove.csv.A.vc.C 
Command: /home/louza/mm-repair/ole/encode.x /mnt/data/datasets/machine-learning-matrices-split/glove.csv.B.vc 
OLE time: 5.0317
==== Ans-fold compression
Command: /home/louza/mm-repair/ans/encode.x /mnt/data/datasets/machine-learning-matrices-split/glove.csv.A.vc.C 
Command: /home/louza/mm-repair/ans/encode.x /mnt/data/datasets/machine-learning-matrices-split/glove.csv.B.vc
Ans-fold time: 11.4908
Command: /home/louza/mm-repair/ans/encode.x /mnt/data/datasets/machine-learning-matrices-split/glove.csv.wcode 
Elapsed time: 1483.0125
==== Compression Report:
 >> matrix name: /mnt/data/datasets/machine-learning-matrices-split/glove.csv
 >> conversion time: 1464.24
 >> repair time: 0.02
 >> integer vectors time: 0.04
 >> ansf time: 11.49
 >> total time: 1483.01
 >> wcode: 226590916 bytes
 >> wcode_ans: 16430594 bytes
 >> matrix log(alpha)xNumEntries size: 300000000 bytes
 >> matrix dense size: 960000000 bytes
 >> total number of nonzero: 0 (0.00%)
 >> number of distinct nonzero: 717119
 >> CRSV  size: 7336952 bytes  (0.76%)
 >> B	  size: 481600000 bytes  (50.17%)
 >> B_ans size: 284686913 bytes  (29.65%)
 >> RE32  size: 518614785 bytes  (54.02%)
 >> REIV  size: 517064807 bytes  (53.86%)
 >> REANS size: 306854522 bytes  (31.96%)
==== Done
REANS -b 16

#### 2026-09-04 08:37:27
 Command line: ./mm-repair/matrepair -r -b 16 -p 16 /mnt/data/datasets/machine-learning-matrices-split/glove.csv 400000 300 
Setting memory for each repair instance to 29003 MBs
Sending logging messages to file: /mnt/data/datasets/machine-learning-matrices-split/glove.csv.log
==== Conversion bin/csv->csrv
Command: /home/louza/mm-repair/csvmat2csrv -b 16   /mnt/data/datasets/machine-learning-matrices-split/glove.csv -r 0   400000 300
Conversion time: 630.2605
==== Repair paralell compression
---- Executing 16 parallel processes
---- Parallel processing completed
Repair time: 4.3604
==== Integer vector .C compression
Command: /home/louza/mm-repair/sdsl/encode.x /mnt/data/datasets/machine-learning-matrices-split/glove.csv.16.0.vc.C 
==== Integer vector .R compression
Command: /home/louza/mm-repair/sdsl/encode.x /mnt/data/datasets/machine-learning-matrices-split/glove.csv.16.0.vc.R 
Integer vector compression time: 0.2720
==== Ans-fold compression
Command: /home/louza/mm-repair/ans/encode.x /mnt/data/datasets/machine-learning-matrices-split/glove.csv.16.0.vc.C 
Ans-fold time: 6.2522
==== Integer vector .C compression
Command: /home/louza/mm-repair/sdsl/encode.x /mnt/data/datasets/machine-learning-matrices-split/glove.csv.16.1.vc.C 
==== Integer vector .R compression
Command: /home/louza/mm-repair/sdsl/encode.x /mnt/data/datasets/machine-learning-matrices-split/glove.csv.16.1.vc.R 
Integer vector compression time: 0.5148
==== Ans-fold compression
Command: /home/louza/mm-repair/ans/encode.x /mnt/data/datasets/machine-learning-matrices-split/glove.csv.16.1.vc.C 
Ans-fold time: 11.3382
==== Integer vector .C compression
Command: /home/louza/mm-repair/sdsl/encode.x /mnt/data/datasets/machine-learning-matrices-split/glove.csv.16.2.vc.C 
==== Integer vector .R compression
Command: /home/louza/mm-repair/sdsl/encode.x /mnt/data/datasets/machine-learning-matrices-split/glove.csv.16.2.vc.R 
Integer vector compression time: 0.3516
==== Ans-fold compression
Command: /home/louza/mm-repair/ans/encode.x /mnt/data/datasets/machine-learning-matrices-split/glove.csv.16.2.vc.C 
Ans-fold time: 16.3750
==== Integer vector .C compression
Command: /home/louza/mm-repair/sdsl/encode.x /mnt/data/datasets/machine-learning-matrices-split/glove.csv.16.3.vc.C 
==== Integer vector .R compression
Command: /home/louza/mm-repair/sdsl/encode.x /mnt/data/datasets/machine-learning-matrices-split/glove.csv.16.3.vc.R 
Integer vector compression time: 0.2604
==== Ans-fold compression
Command: /home/louza/mm-repair/ans/encode.x /mnt/data/datasets/machine-learning-matrices-split/glove.csv.16.3.vc.C 
Ans-fold time: 21.0010
==== Integer vector .C compression
Command: /home/louza/mm-repair/sdsl/encode.x /mnt/data/datasets/machine-learning-matrices-split/glove.csv.16.4.vc.C 
==== Integer vector .R compression
Command: /home/louza/mm-repair/sdsl/encode.x /mnt/data/datasets/machine-learning-matrices-split/glove.csv.16.4.vc.R 
Integer vector compression time: 0.3323
==== Ans-fold compression
Command: /home/louza/mm-repair/ans/encode.x /mnt/data/datasets/machine-learning-matrices-split/glove.csv.16.4.vc.C 
Ans-fold time: 26.5027
==== Integer vector .C compression
Command: /home/louza/mm-repair/sdsl/encode.x /mnt/data/datasets/machine-learning-matrices-split/glove.csv.16.5.vc.C 
==== Integer vector .R compression
Command: /home/louza/mm-repair/sdsl/encode.x /mnt/data/datasets/machine-learning-matrices-split/glove.csv.16.5.vc.R 
Integer vector compression time: 0.6270
==== Ans-fold compression
Command: /home/louza/mm-repair/ans/encode.x /mnt/data/datasets/machine-learning-matrices-split/glove.csv.16.5.vc.C 
Ans-fold time: 36.1965
==== Integer vector .C compression
Command: /home/louza/mm-repair/sdsl/encode.x /mnt/data/datasets/machine-learning-matrices-split/glove.csv.16.6.vc.C 
==== Integer vector .R compression
Command: /home/louza/mm-repair/sdsl/encode.x /mnt/data/datasets/machine-learning-matrices-split/glove.csv.16.6.vc.R 
Integer vector compression time: 0.3146
==== Ans-fold compression
Command: /home/louza/mm-repair/ans/encode.x /mnt/data/datasets/machine-learning-matrices-split/glove.csv.16.6.vc.C 
Ans-fold time: 43.9087
==== Integer vector .C compression
Command: /home/louza/mm-repair/sdsl/encode.x /mnt/data/datasets/machine-learning-matrices-split/glove.csv.16.7.vc.C 
==== Integer vector .R compression
Command: /home/louza/mm-repair/sdsl/encode.x /mnt/data/datasets/machine-learning-matrices-split/glove.csv.16.7.vc.R 
Integer vector compression time: 0.3057
==== Ans-fold compression
Command: /home/louza/mm-repair/ans/encode.x /mnt/data/datasets/machine-learning-matrices-split/glove.csv.16.7.vc.C 
Ans-fold time: 50.1734
==== Integer vector .C compression
Command: /home/louza/mm-repair/sdsl/encode.x /mnt/data/datasets/machine-learning-matrices-split/glove.csv.16.8.vc.C 
==== Integer vector .R compression
Command: /home/louza/mm-repair/sdsl/encode.x /mnt/data/datasets/machine-learning-matrices-split/glove.csv.16.8.vc.R 
Integer vector compression time: 0.2559
==== Ans-fold compression
Command: /home/louza/mm-repair/ans/encode.x /mnt/data/datasets/machine-learning-matrices-split/glove.csv.16.8.vc.C 
Ans-fold time: 54.6853
==== Integer vector .C compression
Command: /home/louza/mm-repair/sdsl/encode.x /mnt/data/datasets/machine-learning-matrices-split/glove.csv.16.9.vc.C 
==== Integer vector .R compression
Command: /home/louza/mm-repair/sdsl/encode.x /mnt/data/datasets/machine-learning-matrices-split/glove.csv.16.9.vc.R 
Integer vector compression time: 0.2694
==== Ans-fold compression
Command: /home/louza/mm-repair/ans/encode.x /mnt/data/datasets/machine-learning-matrices-split/glove.csv.16.9.vc.C 
Ans-fold time: 60.1434
==== Integer vector .C compression
Command: /home/louza/mm-repair/sdsl/encode.x /mnt/data/datasets/machine-learning-matrices-split/glove.csv.16.10.vc.C 
==== Integer vector .R compression
Command: /home/louza/mm-repair/sdsl/encode.x /mnt/data/datasets/machine-learning-matrices-split/glove.csv.16.10.vc.R 
Integer vector compression time: 0.3722
==== Ans-fold compression
Command: /home/louza/mm-repair/ans/encode.x /mnt/data/datasets/machine-learning-matrices-split/glove.csv.16.10.vc.C 
Ans-fold time: 65.0984
==== Integer vector .C compression
Command: /home/louza/mm-repair/sdsl/encode.x /mnt/data/datasets/machine-learning-matrices-split/glove.csv.16.11.vc.C 
==== Integer vector .R compression
Command: /home/louza/mm-repair/sdsl/encode.x /mnt/data/datasets/machine-learning-matrices-split/glove.csv.16.11.vc.R 
Integer vector compression time: 0.2537
==== Ans-fold compression
Command: /home/louza/mm-repair/ans/encode.x /mnt/data/datasets/machine-learning-matrices-split/glove.csv.16.11.vc.C 
Ans-fold time: 69.7041
==== Integer vector .C compression
Command: /home/louza/mm-repair/sdsl/encode.x /mnt/data/datasets/machine-learning-matrices-split/glove.csv.16.12.vc.C 
==== Integer vector .R compression
Command: /home/louza/mm-repair/sdsl/encode.x /mnt/data/datasets/machine-learning-matrices-split/glove.csv.16.12.vc.R 
Integer vector compression time: 0.2582
==== Ans-fold compression
Command: /home/louza/mm-repair/ans/encode.x /mnt/data/datasets/machine-learning-matrices-split/glove.csv.16.12.vc.C 
Ans-fold time: 77.9517
==== Integer vector .C compression
Command: /home/louza/mm-repair/sdsl/encode.x /mnt/data/datasets/machine-learning-matrices-split/glove.csv.16.13.vc.C 
==== Integer vector .R compression
Command: /home/louza/mm-repair/sdsl/encode.x /mnt/data/datasets/machine-learning-matrices-split/glove.csv.16.13.vc.R 
Integer vector compression time: 0.3065
==== Ans-fold compression
Command: /home/louza/mm-repair/ans/encode.x /mnt/data/datasets/machine-learning-matrices-split/glove.csv.16.13.vc.C 
Ans-fold time: 85.1703
==== Integer vector .C compression
Command: /home/louza/mm-repair/sdsl/encode.x /mnt/data/datasets/machine-learning-matrices-split/glove.csv.16.14.vc.C 
==== Integer vector .R compression
Command: /home/louza/mm-repair/sdsl/encode.x /mnt/data/datasets/machine-learning-matrices-split/glove.csv.16.14.vc.R 
Integer vector compression time: 0.4008
==== Ans-fold compression
Command: /home/louza/mm-repair/ans/encode.x /mnt/data/datasets/machine-learning-matrices-split/glove.csv.16.14.vc.C 
Ans-fold time: 91.1336
==== Integer vector .C compression
Command: /home/louza/mm-repair/sdsl/encode.x /mnt/data/datasets/machine-learning-matrices-split/glove.csv.16.15.vc.C 
==== Integer vector .R compression
Command: /home/louza/mm-repair/sdsl/encode.x /mnt/data/datasets/machine-learning-matrices-split/glove.csv.16.15.vc.R 
Integer vector compression time: 0.2637
==== Ans-fold compression
Command: /home/louza/mm-repair/ans/encode.x /mnt/data/datasets/machine-learning-matrices-split/glove.csv.16.15.vc.C 
Ans-fold time: 95.5494
Elapsed time: 735.5308
==== Compression Report:
 >> matrix name: /mnt/data/datasets/machine-learning-matrices-split/glove.csv
 >> conversion time: 630.26
 >> repair time: 4.36
 >> integer vectors time: 0.26
 >> ansf time: 95.55
 >> total time: 735.53
 >> matrix log(alpha)xNumEntries size: 300000000 bytes
 >> matrix dense size: 960000000 bytes
 >> total number of nonzero: 120000000 (100.00%)
 >> number of distinct nonzero: 717119
 >> CRSV  size: 487336952 bytes  (50.76%)
 >> RE32  size: 487337016 bytes  (50.76%)
 >> REIV  size: 427137416 bytes  (44.49%)
 >> REANS size: 407504357 bytes  (42.45%)
==== Done

#### 2026-09-04 08:49:43
 Command line: ./mm-repair/matrepair -r -b 16 -p 16 /mnt/data/datasets/machine-learning-matrices-split/glove.csv 400000 300 --ole 
Setting memory for each repair instance to 29003 MBs
Sending logging messages to file: /mnt/data/datasets/machine-learning-matrices-split/glove.csv.log
==== Conversion bin/csv->csrv
Command: /home/louza/mm-repair/csvmat2csrv -b 16   /mnt/data/datasets/machine-learning-matrices-split/glove.csv -r 0   400000 300
Conversion time: 109.3584
==== Repair paralell compression
---- Executing 16 parallel processes
---- Parallel processing completed
Repair time: 13.6412
==== Integer vector .C compression
Command: /home/louza/mm-repair/sdsl/encode.x /mnt/data/datasets/machine-learning-matrices-split/glove.csv.16.0.vc.C 
==== Integer vector .R compression
Command: /home/louza/mm-repair/sdsl/encode.x /mnt/data/datasets/machine-learning-matrices-split/glove.csv.16.0.vc.R 
Integer vector compression time: 1.8984
==== OLE
Command: /home/louza/mm-repair/ole/encode.x /mnt/data/datasets/machine-learning-matrices-split/glove.csv.16.0.vc.C 
OLE time: 2.0507
==== Ans-fold compression
Command: /home/louza/mm-repair/ans/encode.x /mnt/data/datasets/machine-learning-matrices-split/glove.csv.16.0.vc.C 
Ans-fold time: 1.6407
==== Integer vector .C compression
Command: /home/louza/mm-repair/sdsl/encode.x /mnt/data/datasets/machine-learning-matrices-split/glove.csv.16.1.vc.C 
==== Integer vector .R compression
Command: /home/louza/mm-repair/sdsl/encode.x /mnt/data/datasets/machine-learning-matrices-split/glove.csv.16.1.vc.R 
Integer vector compression time: 1.5770
==== OLE
Command: /home/louza/mm-repair/ole/encode.x /mnt/data/datasets/machine-learning-matrices-split/glove.csv.16.1.vc.C 
OLE time: 3.3295
==== Ans-fold compression
Command: /home/louza/mm-repair/ans/encode.x /mnt/data/datasets/machine-learning-matrices-split/glove.csv.16.1.vc.C 
Ans-fold time: 9.2687
==== Integer vector .C compression
Command: /home/louza/mm-repair/sdsl/encode.x /mnt/data/datasets/machine-learning-matrices-split/glove.csv.16.2.vc.C 
==== Integer vector .R compression
Command: /home/louza/mm-repair/sdsl/encode.x /mnt/data/datasets/machine-learning-matrices-split/glove.csv.16.2.vc.R 
Integer vector compression time: 3.4875
==== OLE
Command: /home/louza/mm-repair/ole/encode.x /mnt/data/datasets/machine-learning-matrices-split/glove.csv.16.2.vc.C 
OLE time: 3.9154
==== Ans-fold compression
Command: /home/louza/mm-repair/ans/encode.x /mnt/data/datasets/machine-learning-matrices-split/glove.csv.16.2.vc.C 
Ans-fold time: 11.5521
==== Integer vector .C compression
Command: /home/louza/mm-repair/sdsl/encode.x /mnt/data/datasets/machine-learning-matrices-split/glove.csv.16.3.vc.C 
==== Integer vector .R compression
Command: /home/louza/mm-repair/sdsl/encode.x /mnt/data/datasets/machine-learning-matrices-split/glove.csv.16.3.vc.R 
Integer vector compression time: 3.2185
==== OLE
Command: /home/louza/mm-repair/ole/encode.x /mnt/data/datasets/machine-learning-matrices-split/glove.csv.16.3.vc.C 
OLE time: 3.2628
==== Ans-fold compression
Command: /home/louza/mm-repair/ans/encode.x /mnt/data/datasets/machine-learning-matrices-split/glove.csv.16.3.vc.C 
Ans-fold time: 13.7738
==== Integer vector .C compression
Command: /home/louza/mm-repair/sdsl/encode.x /mnt/data/datasets/machine-learning-matrices-split/glove.csv.16.4.vc.C 
==== Integer vector .R compression
Command: /home/louza/mm-repair/sdsl/encode.x /mnt/data/datasets/machine-learning-matrices-split/glove.csv.16.4.vc.R 
Integer vector compression time: 2.8022
==== OLE
Command: /home/louza/mm-repair/ole/encode.x /mnt/data/datasets/machine-learning-matrices-split/glove.csv.16.4.vc.C 
OLE time: 1.3231
==== Ans-fold compression
Command: /home/louza/mm-repair/ans/encode.x /mnt/data/datasets/machine-learning-matrices-split/glove.csv.16.4.vc.C 
Ans-fold time: 16.0646
==== Integer vector .C compression
Command: /home/louza/mm-repair/sdsl/encode.x /mnt/data/datasets/machine-learning-matrices-split/glove.csv.16.5.vc.C 
==== Integer vector .R compression
Command: /home/louza/mm-repair/sdsl/encode.x /mnt/data/datasets/machine-learning-matrices-split/glove.csv.16.5.vc.R 
Integer vector compression time: 2.1886
==== OLE
Command: /home/louza/mm-repair/ole/encode.x /mnt/data/datasets/machine-learning-matrices-split/glove.csv.16.5.vc.C 
OLE time: 2.8142
==== Ans-fold compression
Command: /home/louza/mm-repair/ans/encode.x /mnt/data/datasets/machine-learning-matrices-split/glove.csv.16.5.vc.C 
Ans-fold time: 19.3782
==== Integer vector .C compression
Command: /home/louza/mm-repair/sdsl/encode.x /mnt/data/datasets/machine-learning-matrices-split/glove.csv.16.6.vc.C 
==== Integer vector .R compression
Command: /home/louza/mm-repair/sdsl/encode.x /mnt/data/datasets/machine-learning-matrices-split/glove.csv.16.6.vc.R 
Integer vector compression time: 2.4375
==== OLE
Command: /home/louza/mm-repair/ole/encode.x /mnt/data/datasets/machine-learning-matrices-split/glove.csv.16.6.vc.C 
OLE time: 0.8165
==== Ans-fold compression
Command: /home/louza/mm-repair/ans/encode.x /mnt/data/datasets/machine-learning-matrices-split/glove.csv.16.6.vc.C 
Ans-fold time: 23.9525
==== Integer vector .C compression
Command: /home/louza/mm-repair/sdsl/encode.x /mnt/data/datasets/machine-learning-matrices-split/glove.csv.16.7.vc.C 
==== Integer vector .R compression
Command: /home/louza/mm-repair/sdsl/encode.x /mnt/data/datasets/machine-learning-matrices-split/glove.csv.16.7.vc.R 
Integer vector compression time: 2.3891
==== OLE
Command: /home/louza/mm-repair/ole/encode.x /mnt/data/datasets/machine-learning-matrices-split/glove.csv.16.7.vc.C 
OLE time: 2.6226
==== Ans-fold compression
Command: /home/louza/mm-repair/ans/encode.x /mnt/data/datasets/machine-learning-matrices-split/glove.csv.16.7.vc.C 
Ans-fold time: 27.1611
==== Integer vector .C compression
Command: /home/louza/mm-repair/sdsl/encode.x /mnt/data/datasets/machine-learning-matrices-split/glove.csv.16.8.vc.C 
==== Integer vector .R compression
Command: /home/louza/mm-repair/sdsl/encode.x /mnt/data/datasets/machine-learning-matrices-split/glove.csv.16.8.vc.R 
Integer vector compression time: 10.5513
==== OLE
Command: /home/louza/mm-repair/ole/encode.x /mnt/data/datasets/machine-learning-matrices-split/glove.csv.16.8.vc.C 
OLE time: 7.2467
==== Ans-fold compression
Command: /home/louza/mm-repair/ans/encode.x /mnt/data/datasets/machine-learning-matrices-split/glove.csv.16.8.vc.C 
Ans-fold time: 29.8462
==== Integer vector .C compression
Command: /home/louza/mm-repair/sdsl/encode.x /mnt/data/datasets/machine-learning-matrices-split/glove.csv.16.9.vc.C 
==== Integer vector .R compression
Command: /home/louza/mm-repair/sdsl/encode.x /mnt/data/datasets/machine-learning-matrices-split/glove.csv.16.9.vc.R 
Integer vector compression time: 1.9157
==== OLE
Command: /home/louza/mm-repair/ole/encode.x /mnt/data/datasets/machine-learning-matrices-split/glove.csv.16.9.vc.C 
OLE time: 2.3661
==== Ans-fold compression
Command: /home/louza/mm-repair/ans/encode.x /mnt/data/datasets/machine-learning-matrices-split/glove.csv.16.9.vc.C 
Ans-fold time: 32.1947
==== Integer vector .C compression
Command: /home/louza/mm-repair/sdsl/encode.x /mnt/data/datasets/machine-learning-matrices-split/glove.csv.16.10.vc.C 
==== Integer vector .R compression
Command: /home/louza/mm-repair/sdsl/encode.x /mnt/data/datasets/machine-learning-matrices-split/glove.csv.16.10.vc.R 
Integer vector compression time: 1.6186
==== OLE
Command: /home/louza/mm-repair/ole/encode.x /mnt/data/datasets/machine-learning-matrices-split/glove.csv.16.10.vc.C 
OLE time: 4.5342
==== Ans-fold compression
Command: /home/louza/mm-repair/ans/encode.x /mnt/data/datasets/machine-learning-matrices-split/glove.csv.16.10.vc.C 
Ans-fold time: 37.3849
==== Integer vector .C compression
Command: /home/louza/mm-repair/sdsl/encode.x /mnt/data/datasets/machine-learning-matrices-split/glove.csv.16.11.vc.C 
==== Integer vector .R compression
Command: /home/louza/mm-repair/sdsl/encode.x /mnt/data/datasets/machine-learning-matrices-split/glove.csv.16.11.vc.R 
Integer vector compression time: 2.4165
==== OLE
Command: /home/louza/mm-repair/ole/encode.x /mnt/data/datasets/machine-learning-matrices-split/glove.csv.16.11.vc.C 
OLE time: 5.0417
==== Ans-fold compression
Command: /home/louza/mm-repair/ans/encode.x /mnt/data/datasets/machine-learning-matrices-split/glove.csv.16.11.vc.C 
Ans-fold time: 40.1598
==== Integer vector .C compression
Command: /home/louza/mm-repair/sdsl/encode.x /mnt/data/datasets/machine-learning-matrices-split/glove.csv.16.12.vc.C 
==== Integer vector .R compression
Command: /home/louza/mm-repair/sdsl/encode.x /mnt/data/datasets/machine-learning-matrices-split/glove.csv.16.12.vc.R 
Integer vector compression time: 1.8372
==== OLE
Command: /home/louza/mm-repair/ole/encode.x /mnt/data/datasets/machine-learning-matrices-split/glove.csv.16.12.vc.C 
OLE time: 3.3870
==== Ans-fold compression
Command: /home/louza/mm-repair/ans/encode.x /mnt/data/datasets/machine-learning-matrices-split/glove.csv.16.12.vc.C 
Ans-fold time: 42.5619
==== Integer vector .C compression
Command: /home/louza/mm-repair/sdsl/encode.x /mnt/data/datasets/machine-learning-matrices-split/glove.csv.16.13.vc.C 
==== Integer vector .R compression
Command: /home/louza/mm-repair/sdsl/encode.x /mnt/data/datasets/machine-learning-matrices-split/glove.csv.16.13.vc.R 
Integer vector compression time: 1.7114
==== OLE
Command: /home/louza/mm-repair/ole/encode.x /mnt/data/datasets/machine-learning-matrices-split/glove.csv.16.13.vc.C 
OLE time: 2.2161
==== Ans-fold compression
Command: /home/louza/mm-repair/ans/encode.x /mnt/data/datasets/machine-learning-matrices-split/glove.csv.16.13.vc.C 
Ans-fold time: 44.6316
==== Integer vector .C compression
Command: /home/louza/mm-repair/sdsl/encode.x /mnt/data/datasets/machine-learning-matrices-split/glove.csv.16.14.vc.C 
==== Integer vector .R compression
Command: /home/louza/mm-repair/sdsl/encode.x /mnt/data/datasets/machine-learning-matrices-split/glove.csv.16.14.vc.R 
Integer vector compression time: 2.2664
==== OLE
Command: /home/louza/mm-repair/ole/encode.x /mnt/data/datasets/machine-learning-matrices-split/glove.csv.16.14.vc.C 
OLE time: 2.6389
==== Ans-fold compression
Command: /home/louza/mm-repair/ans/encode.x /mnt/data/datasets/machine-learning-matrices-split/glove.csv.16.14.vc.C 
Ans-fold time: 47.5345
==== Integer vector .C compression
Command: /home/louza/mm-repair/sdsl/encode.x /mnt/data/datasets/machine-learning-matrices-split/glove.csv.16.15.vc.C 
==== Integer vector .R compression
Command: /home/louza/mm-repair/sdsl/encode.x /mnt/data/datasets/machine-learning-matrices-split/glove.csv.16.15.vc.R 
Integer vector compression time: 5.3066
==== OLE
Command: /home/louza/mm-repair/ole/encode.x /mnt/data/datasets/machine-learning-matrices-split/glove.csv.16.15.vc.C 
OLE time: 4.8510
==== Ans-fold compression
Command: /home/louza/mm-repair/ans/encode.x /mnt/data/datasets/machine-learning-matrices-split/glove.csv.16.15.vc.C 
Ans-fold time: 50.4602
Elapsed time: 273.5011
==== Compression Report:
 >> matrix name: /mnt/data/datasets/machine-learning-matrices-split/glove.csv
 >> conversion time: 109.36
 >> repair time: 13.64
 >> integer vectors time: 5.31
 >> ansf time: 50.46
 >> total time: 273.50
 >> matrix log(alpha)xNumEntries size: 300000000 bytes
 >> matrix dense size: 960000000 bytes
 >> total number of nonzero: 120000000 (100.00%)
 >> number of distinct nonzero: 717119
 >> CRSV  size: 487336952 bytes  (50.76%)
 >> RE32  size: 487337016 bytes  (50.76%)
 >> REIV  size: 427137416 bytes  (44.49%)
 >> REANS size: 309418674 bytes  (32.23%)
==== Done

#### 2026-09-04 08:54:16
 Command line: ./mm-repair/matrepair -r -b 16 -p 16 /mnt/data/datasets/machine-learning-matrices-split/glove.csv 400000 300 --mapping 
Setting memory for each repair instance to 29003 MBs
Sending logging messages to file: /mnt/data/datasets/machine-learning-matrices-split/glove.csv.log
==== Conversion bin/csv->csrv
Command: /home/louza/mm-repair/csvmat2csrv -b 16   /mnt/data/datasets/machine-learning-matrices-split/glove.csv -r 0 -m  400000 300
Conversion time: 881.7382
==== Repair paralell compression
---- Executing 16 parallel processes
---- Parallel processing completed
Repair time: 10.4514
==== Integer vector .C compression
Command: /home/louza/mm-repair/sdsl/encode.x /mnt/data/datasets/machine-learning-matrices-split/glove.csv.16.0.vc.C 
==== Integer vector .R compression
Command: /home/louza/mm-repair/sdsl/encode.x /mnt/data/datasets/machine-learning-matrices-split/glove.csv.16.0.vc.R 
Integer vector compression time: 1.6282
==== Ans-fold compression
Command: /home/louza/mm-repair/ans/encode.x /mnt/data/datasets/machine-learning-matrices-split/glove.csv.16.0.vc.C 
Ans-fold time: 5.0885
==== Integer vector .C compression
Command: /home/louza/mm-repair/sdsl/encode.x /mnt/data/datasets/machine-learning-matrices-split/glove.csv.16.1.vc.C 
==== Integer vector .R compression
Command: /home/louza/mm-repair/sdsl/encode.x /mnt/data/datasets/machine-learning-matrices-split/glove.csv.16.1.vc.R 
Integer vector compression time: 0.9012
==== Ans-fold compression
Command: /home/louza/mm-repair/ans/encode.x /mnt/data/datasets/machine-learning-matrices-split/glove.csv.16.1.vc.C 
Ans-fold time: 10.2503
==== Integer vector .C compression
Command: /home/louza/mm-repair/sdsl/encode.x /mnt/data/datasets/machine-learning-matrices-split/glove.csv.16.2.vc.C 
==== Integer vector .R compression
Command: /home/louza/mm-repair/sdsl/encode.x /mnt/data/datasets/machine-learning-matrices-split/glove.csv.16.2.vc.R 
Integer vector compression time: 0.8804
==== Ans-fold compression
Command: /home/louza/mm-repair/ans/encode.x /mnt/data/datasets/machine-learning-matrices-split/glove.csv.16.2.vc.C 
Ans-fold time: 15.0872
==== Integer vector .C compression
Command: /home/louza/mm-repair/sdsl/encode.x /mnt/data/datasets/machine-learning-matrices-split/glove.csv.16.3.vc.C 
==== Integer vector .R compression
Command: /home/louza/mm-repair/sdsl/encode.x /mnt/data/datasets/machine-learning-matrices-split/glove.csv.16.3.vc.R 
Integer vector compression time: 0.4113
==== Ans-fold compression
Command: /home/louza/mm-repair/ans/encode.x /mnt/data/datasets/machine-learning-matrices-split/glove.csv.16.3.vc.C 
Ans-fold time: 19.7869
==== Integer vector .C compression
Command: /home/louza/mm-repair/sdsl/encode.x /mnt/data/datasets/machine-learning-matrices-split/glove.csv.16.4.vc.C 
==== Integer vector .R compression
Command: /home/louza/mm-repair/sdsl/encode.x /mnt/data/datasets/machine-learning-matrices-split/glove.csv.16.4.vc.R 
Integer vector compression time: 0.5000
==== Ans-fold compression
Command: /home/louza/mm-repair/ans/encode.x /mnt/data/datasets/machine-learning-matrices-split/glove.csv.16.4.vc.C 
Ans-fold time: 24.7550
==== Integer vector .C compression
Command: /home/louza/mm-repair/sdsl/encode.x /mnt/data/datasets/machine-learning-matrices-split/glove.csv.16.5.vc.C 
==== Integer vector .R compression
Command: /home/louza/mm-repair/sdsl/encode.x /mnt/data/datasets/machine-learning-matrices-split/glove.csv.16.5.vc.R 
Integer vector compression time: 0.4274
==== Ans-fold compression
Command: /home/louza/mm-repair/ans/encode.x /mnt/data/datasets/machine-learning-matrices-split/glove.csv.16.5.vc.C 
Ans-fold time: 35.2760
==== Integer vector .C compression
Command: /home/louza/mm-repair/sdsl/encode.x /mnt/data/datasets/machine-learning-matrices-split/glove.csv.16.6.vc.C 
==== Integer vector .R compression
Command: /home/louza/mm-repair/sdsl/encode.x /mnt/data/datasets/machine-learning-matrices-split/glove.csv.16.6.vc.R 
Integer vector compression time: 2.0475
==== Ans-fold compression
Command: /home/louza/mm-repair/ans/encode.x /mnt/data/datasets/machine-learning-matrices-split/glove.csv.16.6.vc.C 
Ans-fold time: 41.1154
==== Integer vector .C compression
Command: /home/louza/mm-repair/sdsl/encode.x /mnt/data/datasets/machine-learning-matrices-split/glove.csv.16.7.vc.C 
==== Integer vector .R compression
Command: /home/louza/mm-repair/sdsl/encode.x /mnt/data/datasets/machine-learning-matrices-split/glove.csv.16.7.vc.R 
Integer vector compression time: 1.6458
==== Ans-fold compression
Command: /home/louza/mm-repair/ans/encode.x /mnt/data/datasets/machine-learning-matrices-split/glove.csv.16.7.vc.C 
Ans-fold time: 46.8544
==== Integer vector .C compression
Command: /home/louza/mm-repair/sdsl/encode.x /mnt/data/datasets/machine-learning-matrices-split/glove.csv.16.8.vc.C 
==== Integer vector .R compression
Command: /home/louza/mm-repair/sdsl/encode.x /mnt/data/datasets/machine-learning-matrices-split/glove.csv.16.8.vc.R 
Integer vector compression time: 1.2871
==== Ans-fold compression
Command: /home/louza/mm-repair/ans/encode.x /mnt/data/datasets/machine-learning-matrices-split/glove.csv.16.8.vc.C 
Ans-fold time: 52.5586
==== Integer vector .C compression
Command: /home/louza/mm-repair/sdsl/encode.x /mnt/data/datasets/machine-learning-matrices-split/glove.csv.16.9.vc.C 
==== Integer vector .R compression
Command: /home/louza/mm-repair/sdsl/encode.x /mnt/data/datasets/machine-learning-matrices-split/glove.csv.16.9.vc.R 
Integer vector compression time: 1.4559
==== Ans-fold compression
Command: /home/louza/mm-repair/ans/encode.x /mnt/data/datasets/machine-learning-matrices-split/glove.csv.16.9.vc.C 
Ans-fold time: 58.0030
==== Integer vector .C compression
Command: /home/louza/mm-repair/sdsl/encode.x /mnt/data/datasets/machine-learning-matrices-split/glove.csv.16.10.vc.C 
==== Integer vector .R compression
Command: /home/louza/mm-repair/sdsl/encode.x /mnt/data/datasets/machine-learning-matrices-split/glove.csv.16.10.vc.R 
Integer vector compression time: 0.9050
==== Ans-fold compression
Command: /home/louza/mm-repair/ans/encode.x /mnt/data/datasets/machine-learning-matrices-split/glove.csv.16.10.vc.C 
Ans-fold time: 64.0386
==== Integer vector .C compression
Command: /home/louza/mm-repair/sdsl/encode.x /mnt/data/datasets/machine-learning-matrices-split/glove.csv.16.11.vc.C 
==== Integer vector .R compression
Command: /home/louza/mm-repair/sdsl/encode.x /mnt/data/datasets/machine-learning-matrices-split/glove.csv.16.11.vc.R 
Integer vector compression time: 1.9930
==== Ans-fold compression
Command: /home/louza/mm-repair/ans/encode.x /mnt/data/datasets/machine-learning-matrices-split/glove.csv.16.11.vc.C 
Ans-fold time: 72.2372
==== Integer vector .C compression
Command: /home/louza/mm-repair/sdsl/encode.x /mnt/data/datasets/machine-learning-matrices-split/glove.csv.16.12.vc.C 
==== Integer vector .R compression
Command: /home/louza/mm-repair/sdsl/encode.x /mnt/data/datasets/machine-learning-matrices-split/glove.csv.16.12.vc.R 
Integer vector compression time: 1.2479
==== Ans-fold compression
Command: /home/louza/mm-repair/ans/encode.x /mnt/data/datasets/machine-learning-matrices-split/glove.csv.16.12.vc.C 
Ans-fold time: 88.7055
==== Integer vector .C compression
Command: /home/louza/mm-repair/sdsl/encode.x /mnt/data/datasets/machine-learning-matrices-split/glove.csv.16.13.vc.C 
==== Integer vector .R compression
Command: /home/louza/mm-repair/sdsl/encode.x /mnt/data/datasets/machine-learning-matrices-split/glove.csv.16.13.vc.R 
Integer vector compression time: 0.5862
==== Ans-fold compression
Command: /home/louza/mm-repair/ans/encode.x /mnt/data/datasets/machine-learning-matrices-split/glove.csv.16.13.vc.C 
Ans-fold time: 100.9167
==== Integer vector .C compression
Command: /home/louza/mm-repair/sdsl/encode.x /mnt/data/datasets/machine-learning-matrices-split/glove.csv.16.14.vc.C 
==== Integer vector .R compression
Command: /home/louza/mm-repair/sdsl/encode.x /mnt/data/datasets/machine-learning-matrices-split/glove.csv.16.14.vc.R 
Integer vector compression time: 2.7821
==== Ans-fold compression
Command: /home/louza/mm-repair/ans/encode.x /mnt/data/datasets/machine-learning-matrices-split/glove.csv.16.14.vc.C 
Ans-fold time: 111.4197
==== Integer vector .C compression
Command: /home/louza/mm-repair/sdsl/encode.x /mnt/data/datasets/machine-learning-matrices-split/glove.csv.16.15.vc.C 
==== Integer vector .R compression
Command: /home/louza/mm-repair/sdsl/encode.x /mnt/data/datasets/machine-learning-matrices-split/glove.csv.16.15.vc.R 
Integer vector compression time: 5.2197
==== Ans-fold compression
Command: /home/louza/mm-repair/ans/encode.x /mnt/data/datasets/machine-learning-matrices-split/glove.csv.16.15.vc.C 
Ans-fold time: 118.0203
Command: /home/louza/mm-repair/ans/encode.x /mnt/data/datasets/machine-learning-matrices-split/glove.csv.wcode 
Elapsed time: 1037.4036
==== Compression Report:
 >> matrix name: /mnt/data/datasets/machine-learning-matrices-split/glove.csv
 >> conversion time: 881.74
 >> repair time: 10.45
 >> integer vectors time: 5.22
 >> ansf time: 118.02
 >> total time: 1037.40
 >> wcode: 226590916 bytes
 >> wcode_ans: 16430594 bytes
 >> matrix log(alpha)xNumEntries size: 300000000 bytes
 >> matrix dense size: 960000000 bytes
 >> total number of nonzero: 120000000 (100.00%)
 >> number of distinct nonzero: 717119
 >> CRSV  size: 487336952 bytes  (50.76%)
 >> RE32  size: 713927932 bytes  (74.37%)
 >> REIV  size: 623628324 bytes  (64.96%)
 >> REANS size: 409322929 bytes  (42.64%)
==== Done

#### 2026-09-04 09:11:34
 Command line: ./mm-repair/matrepair -r -b 16 -p 16 /mnt/data/datasets/machine-learning-matrices-split/glove.csv 400000 300 --split 
Setting memory for each repair instance to 29003 MBs
Sending logging messages to file: /mnt/data/datasets/machine-learning-matrices-split/glove.csv.log
==== Conversion bin/csv->csrv
Command: /home/louza/mm-repair/csvmat2csrv -b 16   /mnt/data/datasets/machine-learning-matrices-split/glove.csv -r 0  -s 400000 300
Conversion time: 439.7057
==== Repair paralell compression
---- Executing 16 parallel processes
---- Parallel processing completed
Repair time: 0.0274
==== Integer vector .C compression
Command: /home/louza/mm-repair/sdsl/encode.x /mnt/data/datasets/machine-learning-matrices-split/glove.csv.16.0.A.vc.C 
==== Integer vector .R compression
Command: /home/louza/mm-repair/sdsl/encode.x /mnt/data/datasets/machine-learning-matrices-split/glove.csv.16.0.A.vc.R 
Integer vector compression time: 0.0229
==== Ans-fold compression
Command: /home/louza/mm-repair/ans/encode.x /mnt/data/datasets/machine-learning-matrices-split/glove.csv.16.0.A.vc.C 
Command: /home/louza/mm-repair/ans/encode.x /mnt/data/datasets/machine-learning-matrices-split/glove.csv.16.0.B.vc
Ans-fold time: 4.5973
==== Integer vector .C compression
Command: /home/louza/mm-repair/sdsl/encode.x /mnt/data/datasets/machine-learning-matrices-split/glove.csv.16.1.A.vc.C 
==== Integer vector .R compression
Command: /home/louza/mm-repair/sdsl/encode.x /mnt/data/datasets/machine-learning-matrices-split/glove.csv.16.1.A.vc.R 
Integer vector compression time: 0.0263
==== Ans-fold compression
Command: /home/louza/mm-repair/ans/encode.x /mnt/data/datasets/machine-learning-matrices-split/glove.csv.16.1.A.vc.C 
Command: /home/louza/mm-repair/ans/encode.x /mnt/data/datasets/machine-learning-matrices-split/glove.csv.16.1.B.vc
Ans-fold time: 9.1742
==== Integer vector .C compression
Command: /home/louza/mm-repair/sdsl/encode.x /mnt/data/datasets/machine-learning-matrices-split/glove.csv.16.2.A.vc.C 
==== Integer vector .R compression
Command: /home/louza/mm-repair/sdsl/encode.x /mnt/data/datasets/machine-learning-matrices-split/glove.csv.16.2.A.vc.R 
Integer vector compression time: 0.0264
==== Ans-fold compression
Command: /home/louza/mm-repair/ans/encode.x /mnt/data/datasets/machine-learning-matrices-split/glove.csv.16.2.A.vc.C 
Command: /home/louza/mm-repair/ans/encode.x /mnt/data/datasets/machine-learning-matrices-split/glove.csv.16.2.B.vc
Ans-fold time: 13.6318
==== Integer vector .C compression
Command: /home/louza/mm-repair/sdsl/encode.x /mnt/data/datasets/machine-learning-matrices-split/glove.csv.16.3.A.vc.C 
==== Integer vector .R compression
Command: /home/louza/mm-repair/sdsl/encode.x /mnt/data/datasets/machine-learning-matrices-split/glove.csv.16.3.A.vc.R 
Integer vector compression time: 0.0251
==== Ans-fold compression
Command: /home/louza/mm-repair/ans/encode.x /mnt/data/datasets/machine-learning-matrices-split/glove.csv.16.3.A.vc.C 
Command: /home/louza/mm-repair/ans/encode.x /mnt/data/datasets/machine-learning-matrices-split/glove.csv.16.3.B.vc
Ans-fold time: 18.9648
==== Integer vector .C compression
Command: /home/louza/mm-repair/sdsl/encode.x /mnt/data/datasets/machine-learning-matrices-split/glove.csv.16.4.A.vc.C 
==== Integer vector .R compression
Command: /home/louza/mm-repair/sdsl/encode.x /mnt/data/datasets/machine-learning-matrices-split/glove.csv.16.4.A.vc.R 
Integer vector compression time: 0.0289
==== Ans-fold compression
Command: /home/louza/mm-repair/ans/encode.x /mnt/data/datasets/machine-learning-matrices-split/glove.csv.16.4.A.vc.C 
Command: /home/louza/mm-repair/ans/encode.x /mnt/data/datasets/machine-learning-matrices-split/glove.csv.16.4.B.vc
Ans-fold time: 26.9757
==== Integer vector .C compression
Command: /home/louza/mm-repair/sdsl/encode.x /mnt/data/datasets/machine-learning-matrices-split/glove.csv.16.5.A.vc.C 
==== Integer vector .R compression
Command: /home/louza/mm-repair/sdsl/encode.x /mnt/data/datasets/machine-learning-matrices-split/glove.csv.16.5.A.vc.R 
Integer vector compression time: 0.0305
==== Ans-fold compression
Command: /home/louza/mm-repair/ans/encode.x /mnt/data/datasets/machine-learning-matrices-split/glove.csv.16.5.A.vc.C 
Command: /home/louza/mm-repair/ans/encode.x /mnt/data/datasets/machine-learning-matrices-split/glove.csv.16.5.B.vc
Ans-fold time: 35.8327
==== Integer vector .C compression
Command: /home/louza/mm-repair/sdsl/encode.x /mnt/data/datasets/machine-learning-matrices-split/glove.csv.16.6.A.vc.C 
==== Integer vector .R compression
Command: /home/louza/mm-repair/sdsl/encode.x /mnt/data/datasets/machine-learning-matrices-split/glove.csv.16.6.A.vc.R 
Integer vector compression time: 0.0304
==== Ans-fold compression
Command: /home/louza/mm-repair/ans/encode.x /mnt/data/datasets/machine-learning-matrices-split/glove.csv.16.6.A.vc.C 
Command: /home/louza/mm-repair/ans/encode.x /mnt/data/datasets/machine-learning-matrices-split/glove.csv.16.6.B.vc
Ans-fold time: 44.5894
==== Integer vector .C compression
Command: /home/louza/mm-repair/sdsl/encode.x /mnt/data/datasets/machine-learning-matrices-split/glove.csv.16.7.A.vc.C 
==== Integer vector .R compression
Command: /home/louza/mm-repair/sdsl/encode.x /mnt/data/datasets/machine-learning-matrices-split/glove.csv.16.7.A.vc.R 
Integer vector compression time: 0.0419
==== Ans-fold compression
Command: /home/louza/mm-repair/ans/encode.x /mnt/data/datasets/machine-learning-matrices-split/glove.csv.16.7.A.vc.C 
Command: /home/louza/mm-repair/ans/encode.x /mnt/data/datasets/machine-learning-matrices-split/glove.csv.16.7.B.vc
Ans-fold time: 53.2135
==== Integer vector .C compression
Command: /home/louza/mm-repair/sdsl/encode.x /mnt/data/datasets/machine-learning-matrices-split/glove.csv.16.8.A.vc.C 
==== Integer vector .R compression
Command: /home/louza/mm-repair/sdsl/encode.x /mnt/data/datasets/machine-learning-matrices-split/glove.csv.16.8.A.vc.R 
Integer vector compression time: 0.0334
==== Ans-fold compression
Command: /home/louza/mm-repair/ans/encode.x /mnt/data/datasets/machine-learning-matrices-split/glove.csv.16.8.A.vc.C 
Command: /home/louza/mm-repair/ans/encode.x /mnt/data/datasets/machine-learning-matrices-split/glove.csv.16.8.B.vc
Ans-fold time: 61.2702
==== Integer vector .C compression
Command: /home/louza/mm-repair/sdsl/encode.x /mnt/data/datasets/machine-learning-matrices-split/glove.csv.16.9.A.vc.C 
==== Integer vector .R compression
Command: /home/louza/mm-repair/sdsl/encode.x /mnt/data/datasets/machine-learning-matrices-split/glove.csv.16.9.A.vc.R 
Integer vector compression time: 0.0270
==== Ans-fold compression
Command: /home/louza/mm-repair/ans/encode.x /mnt/data/datasets/machine-learning-matrices-split/glove.csv.16.9.A.vc.C 
Command: /home/louza/mm-repair/ans/encode.x /mnt/data/datasets/machine-learning-matrices-split/glove.csv.16.9.B.vc
Ans-fold time: 68.8373
==== Integer vector .C compression
Command: /home/louza/mm-repair/sdsl/encode.x /mnt/data/datasets/machine-learning-matrices-split/glove.csv.16.10.A.vc.C 
==== Integer vector .R compression
Command: /home/louza/mm-repair/sdsl/encode.x /mnt/data/datasets/machine-learning-matrices-split/glove.csv.16.10.A.vc.R 
Integer vector compression time: 0.0337
==== Ans-fold compression
Command: /home/louza/mm-repair/ans/encode.x /mnt/data/datasets/machine-learning-matrices-split/glove.csv.16.10.A.vc.C 
Command: /home/louza/mm-repair/ans/encode.x /mnt/data/datasets/machine-learning-matrices-split/glove.csv.16.10.B.vc
Ans-fold time: 76.8864
==== Integer vector .C compression
Command: /home/louza/mm-repair/sdsl/encode.x /mnt/data/datasets/machine-learning-matrices-split/glove.csv.16.11.A.vc.C 
==== Integer vector .R compression
Command: /home/louza/mm-repair/sdsl/encode.x /mnt/data/datasets/machine-learning-matrices-split/glove.csv.16.11.A.vc.R 
Integer vector compression time: 0.0260
==== Ans-fold compression
Command: /home/louza/mm-repair/ans/encode.x /mnt/data/datasets/machine-learning-matrices-split/glove.csv.16.11.A.vc.C 
Command: /home/louza/mm-repair/ans/encode.x /mnt/data/datasets/machine-learning-matrices-split/glove.csv.16.11.B.vc
Ans-fold time: 84.5376
==== Integer vector .C compression
Command: /home/louza/mm-repair/sdsl/encode.x /mnt/data/datasets/machine-learning-matrices-split/glove.csv.16.12.A.vc.C 
==== Integer vector .R compression
Command: /home/louza/mm-repair/sdsl/encode.x /mnt/data/datasets/machine-learning-matrices-split/glove.csv.16.12.A.vc.R 
Integer vector compression time: 0.0283
==== Ans-fold compression
Command: /home/louza/mm-repair/ans/encode.x /mnt/data/datasets/machine-learning-matrices-split/glove.csv.16.12.A.vc.C 
Command: /home/louza/mm-repair/ans/encode.x /mnt/data/datasets/machine-learning-matrices-split/glove.csv.16.12.B.vc
Ans-fold time: 91.9918
==== Integer vector .C compression
Command: /home/louza/mm-repair/sdsl/encode.x /mnt/data/datasets/machine-learning-matrices-split/glove.csv.16.13.A.vc.C 
==== Integer vector .R compression
Command: /home/louza/mm-repair/sdsl/encode.x /mnt/data/datasets/machine-learning-matrices-split/glove.csv.16.13.A.vc.R 
Integer vector compression time: 0.0307
==== Ans-fold compression
Command: /home/louza/mm-repair/ans/encode.x /mnt/data/datasets/machine-learning-matrices-split/glove.csv.16.13.A.vc.C 
Command: /home/louza/mm-repair/ans/encode.x /mnt/data/datasets/machine-learning-matrices-split/glove.csv.16.13.B.vc
Ans-fold time: 99.2502
==== Integer vector .C compression
Command: /home/louza/mm-repair/sdsl/encode.x /mnt/data/datasets/machine-learning-matrices-split/glove.csv.16.14.A.vc.C 
==== Integer vector .R compression
Command: /home/louza/mm-repair/sdsl/encode.x /mnt/data/datasets/machine-learning-matrices-split/glove.csv.16.14.A.vc.R 
Integer vector compression time: 0.0322
==== Ans-fold compression
Command: /home/louza/mm-repair/ans/encode.x /mnt/data/datasets/machine-learning-matrices-split/glove.csv.16.14.A.vc.C 
Command: /home/louza/mm-repair/ans/encode.x /mnt/data/datasets/machine-learning-matrices-split/glove.csv.16.14.B.vc
Ans-fold time: 106.3938
==== Integer vector .C compression
Command: /home/louza/mm-repair/sdsl/encode.x /mnt/data/datasets/machine-learning-matrices-split/glove.csv.16.15.A.vc.C 
==== Integer vector .R compression
Command: /home/louza/mm-repair/sdsl/encode.x /mnt/data/datasets/machine-learning-matrices-split/glove.csv.16.15.A.vc.R 
Integer vector compression time: 0.0242
==== Ans-fold compression
Command: /home/louza/mm-repair/ans/encode.x /mnt/data/datasets/machine-learning-matrices-split/glove.csv.16.15.A.vc.C 
Command: /home/louza/mm-repair/ans/encode.x /mnt/data/datasets/machine-learning-matrices-split/glove.csv.16.15.B.vc
Ans-fold time: 113.2756
Elapsed time: 553.4781
==== Compression Report:
 >> matrix name: /mnt/data/datasets/machine-learning-matrices-split/glove.csv
 >> conversion time: 439.71
 >> repair time: 0.03
 >> integer vectors time: 0.02
 >> ansf time: 113.28
 >> total time: 553.48
 >> matrix log(alpha)xNumEntries size: 300000000 bytes
 >> matrix dense size: 960000000 bytes
 >> total number of nonzero: 0 (0.00%)
 >> number of distinct nonzero: 717119
 >> CRSV  size: 7336952 bytes  (0.76%)
 >> B	  size: 481600000 bytes  (50.17%)
 >> B_ans size: 401767035 bytes  (41.85%)
 >> RE32  size: 409104051 bytes  (42.62%)
 >> REIV  size: 407554451 bytes  (42.45%)
 >> REANS size: 407504995 bytes  (42.45%)
==== Done

#### 2026-09-04 09:20:48
 Command line: ./mm-repair/matrepair -r -b 16 -p 16 /mnt/data/datasets/machine-learning-matrices-split/glove.csv 400000 300 --ole --mapping 
Setting memory for each repair instance to 29003 MBs
Sending logging messages to file: /mnt/data/datasets/machine-learning-matrices-split/glove.csv.log
==== Conversion bin/csv->csrv
Command: /home/louza/mm-repair/csvmat2csrv -b 16   /mnt/data/datasets/machine-learning-matrices-split/glove.csv -r 0 -m  400000 300
Conversion time: 667.5437
==== Repair paralell compression
---- Executing 16 parallel processes
---- Parallel processing completed
Repair time: 7.1127
==== Integer vector .C compression
Command: /home/louza/mm-repair/sdsl/encode.x /mnt/data/datasets/machine-learning-matrices-split/glove.csv.16.0.vc.C 
==== Integer vector .R compression
Command: /home/louza/mm-repair/sdsl/encode.x /mnt/data/datasets/machine-learning-matrices-split/glove.csv.16.0.vc.R 
Integer vector compression time: 0.5690
==== OLE
Command: /home/louza/mm-repair/ole/encode.x /mnt/data/datasets/machine-learning-matrices-split/glove.csv.16.0.vc.C 
OLE time: 0.7019
==== Ans-fold compression
Command: /home/louza/mm-repair/ans/encode.x /mnt/data/datasets/machine-learning-matrices-split/glove.csv.16.0.vc.C 
Ans-fold time: 0.7820
==== Integer vector .C compression
Command: /home/louza/mm-repair/sdsl/encode.x /mnt/data/datasets/machine-learning-matrices-split/glove.csv.16.1.vc.C 
==== Integer vector .R compression
Command: /home/louza/mm-repair/sdsl/encode.x /mnt/data/datasets/machine-learning-matrices-split/glove.csv.16.1.vc.R 
Integer vector compression time: 0.6555
==== OLE
Command: /home/louza/mm-repair/ole/encode.x /mnt/data/datasets/machine-learning-matrices-split/glove.csv.16.1.vc.C 
OLE time: 0.4735
==== Ans-fold compression
Command: /home/louza/mm-repair/ans/encode.x /mnt/data/datasets/machine-learning-matrices-split/glove.csv.16.1.vc.C 
Ans-fold time: 1.4851
==== Integer vector .C compression
Command: /home/louza/mm-repair/sdsl/encode.x /mnt/data/datasets/machine-learning-matrices-split/glove.csv.16.2.vc.C 
==== Integer vector .R compression
Command: /home/louza/mm-repair/sdsl/encode.x /mnt/data/datasets/machine-learning-matrices-split/glove.csv.16.2.vc.R 
Integer vector compression time: 0.3501
==== OLE
Command: /home/louza/mm-repair/ole/encode.x /mnt/data/datasets/machine-learning-matrices-split/glove.csv.16.2.vc.C 
OLE time: 0.3787
==== Ans-fold compression
Command: /home/louza/mm-repair/ans/encode.x /mnt/data/datasets/machine-learning-matrices-split/glove.csv.16.2.vc.C 
Ans-fold time: 2.1609
==== Integer vector .C compression
Command: /home/louza/mm-repair/sdsl/encode.x /mnt/data/datasets/machine-learning-matrices-split/glove.csv.16.3.vc.C 
==== Integer vector .R compression
Command: /home/louza/mm-repair/sdsl/encode.x /mnt/data/datasets/machine-learning-matrices-split/glove.csv.16.3.vc.R 
Integer vector compression time: 0.3916
==== OLE
Command: /home/louza/mm-repair/ole/encode.x /mnt/data/datasets/machine-learning-matrices-split/glove.csv.16.3.vc.C 
OLE time: 0.4046
==== Ans-fold compression
Command: /home/louza/mm-repair/ans/encode.x /mnt/data/datasets/machine-learning-matrices-split/glove.csv.16.3.vc.C 
Ans-fold time: 2.8824
==== Integer vector .C compression
Command: /home/louza/mm-repair/sdsl/encode.x /mnt/data/datasets/machine-learning-matrices-split/glove.csv.16.4.vc.C 
==== Integer vector .R compression
Command: /home/louza/mm-repair/sdsl/encode.x /mnt/data/datasets/machine-learning-matrices-split/glove.csv.16.4.vc.R 
Integer vector compression time: 0.3828
==== OLE
Command: /home/louza/mm-repair/ole/encode.x /mnt/data/datasets/machine-learning-matrices-split/glove.csv.16.4.vc.C 
OLE time: 0.4203
==== Ans-fold compression
Command: /home/louza/mm-repair/ans/encode.x /mnt/data/datasets/machine-learning-matrices-split/glove.csv.16.4.vc.C 
Ans-fold time: 3.5692
==== Integer vector .C compression
Command: /home/louza/mm-repair/sdsl/encode.x /mnt/data/datasets/machine-learning-matrices-split/glove.csv.16.5.vc.C 
==== Integer vector .R compression
Command: /home/louza/mm-repair/sdsl/encode.x /mnt/data/datasets/machine-learning-matrices-split/glove.csv.16.5.vc.R 
Integer vector compression time: 1.0703
==== OLE
Command: /home/louza/mm-repair/ole/encode.x /mnt/data/datasets/machine-learning-matrices-split/glove.csv.16.5.vc.C 
OLE time: 0.8903
==== Ans-fold compression
Command: /home/louza/mm-repair/ans/encode.x /mnt/data/datasets/machine-learning-matrices-split/glove.csv.16.5.vc.C 
Ans-fold time: 4.5750
==== Integer vector .C compression
Command: /home/louza/mm-repair/sdsl/encode.x /mnt/data/datasets/machine-learning-matrices-split/glove.csv.16.6.vc.C 
==== Integer vector .R compression
Command: /home/louza/mm-repair/sdsl/encode.x /mnt/data/datasets/machine-learning-matrices-split/glove.csv.16.6.vc.R 
Integer vector compression time: 0.8972
==== OLE
Command: /home/louza/mm-repair/ole/encode.x /mnt/data/datasets/machine-learning-matrices-split/glove.csv.16.6.vc.C 
OLE time: 0.6056
==== Ans-fold compression
Command: /home/louza/mm-repair/ans/encode.x /mnt/data/datasets/machine-learning-matrices-split/glove.csv.16.6.vc.C 
Ans-fold time: 5.6967
==== Integer vector .C compression
Command: /home/louza/mm-repair/sdsl/encode.x /mnt/data/datasets/machine-learning-matrices-split/glove.csv.16.7.vc.C 
==== Integer vector .R compression
Command: /home/louza/mm-repair/sdsl/encode.x /mnt/data/datasets/machine-learning-matrices-split/glove.csv.16.7.vc.R 
Integer vector compression time: 0.7598
==== OLE
Command: /home/louza/mm-repair/ole/encode.x /mnt/data/datasets/machine-learning-matrices-split/glove.csv.16.7.vc.C 
OLE time: 0.4399
==== Ans-fold compression
Command: /home/louza/mm-repair/ans/encode.x /mnt/data/datasets/machine-learning-matrices-split/glove.csv.16.7.vc.C 
Ans-fold time: 6.4109
==== Integer vector .C compression
Command: /home/louza/mm-repair/sdsl/encode.x /mnt/data/datasets/machine-learning-matrices-split/glove.csv.16.8.vc.C 
==== Integer vector .R compression
Command: /home/louza/mm-repair/sdsl/encode.x /mnt/data/datasets/machine-learning-matrices-split/glove.csv.16.8.vc.R 
Integer vector compression time: 0.3854
==== OLE
Command: /home/louza/mm-repair/ole/encode.x /mnt/data/datasets/machine-learning-matrices-split/glove.csv.16.8.vc.C 
OLE time: 0.5077
==== Ans-fold compression
Command: /home/louza/mm-repair/ans/encode.x /mnt/data/datasets/machine-learning-matrices-split/glove.csv.16.8.vc.C 
Ans-fold time: 7.2874
==== Integer vector .C compression
Command: /home/louza/mm-repair/sdsl/encode.x /mnt/data/datasets/machine-learning-matrices-split/glove.csv.16.9.vc.C 
==== Integer vector .R compression
Command: /home/louza/mm-repair/sdsl/encode.x /mnt/data/datasets/machine-learning-matrices-split/glove.csv.16.9.vc.R 
Integer vector compression time: 0.4635
==== OLE
Command: /home/louza/mm-repair/ole/encode.x /mnt/data/datasets/machine-learning-matrices-split/glove.csv.16.9.vc.C 
OLE time: 0.5230
==== Ans-fold compression
Command: /home/louza/mm-repair/ans/encode.x /mnt/data/datasets/machine-learning-matrices-split/glove.csv.16.9.vc.C 
Ans-fold time: 8.3041
==== Integer vector .C compression
Command: /home/louza/mm-repair/sdsl/encode.x /mnt/data/datasets/machine-learning-matrices-split/glove.csv.16.10.vc.C 
==== Integer vector .R compression
Command: /home/louza/mm-repair/sdsl/encode.x /mnt/data/datasets/machine-learning-matrices-split/glove.csv.16.10.vc.R 
Integer vector compression time: 0.6309
==== OLE
Command: /home/louza/mm-repair/ole/encode.x /mnt/data/datasets/machine-learning-matrices-split/glove.csv.16.10.vc.C 
OLE time: 0.7611
==== Ans-fold compression
Command: /home/louza/mm-repair/ans/encode.x /mnt/data/datasets/machine-learning-matrices-split/glove.csv.16.10.vc.C 
Ans-fold time: 9.2103
==== Integer vector .C compression
Command: /home/louza/mm-repair/sdsl/encode.x /mnt/data/datasets/machine-learning-matrices-split/glove.csv.16.11.vc.C 
==== Integer vector .R compression
Command: /home/louza/mm-repair/sdsl/encode.x /mnt/data/datasets/machine-learning-matrices-split/glove.csv.16.11.vc.R 
Integer vector compression time: 0.5895
==== OLE
Command: /home/louza/mm-repair/ole/encode.x /mnt/data/datasets/machine-learning-matrices-split/glove.csv.16.11.vc.C 
OLE time: 0.4074
==== Ans-fold compression
Command: /home/louza/mm-repair/ans/encode.x /mnt/data/datasets/machine-learning-matrices-split/glove.csv.16.11.vc.C 
Ans-fold time: 9.9370
==== Integer vector .C compression
Command: /home/louza/mm-repair/sdsl/encode.x /mnt/data/datasets/machine-learning-matrices-split/glove.csv.16.12.vc.C 
==== Integer vector .R compression
Command: /home/louza/mm-repair/sdsl/encode.x /mnt/data/datasets/machine-learning-matrices-split/glove.csv.16.12.vc.R 
Integer vector compression time: 0.3911
==== OLE
Command: /home/louza/mm-repair/ole/encode.x /mnt/data/datasets/machine-learning-matrices-split/glove.csv.16.12.vc.C 
OLE time: 0.4808
==== Ans-fold compression
Command: /home/louza/mm-repair/ans/encode.x /mnt/data/datasets/machine-learning-matrices-split/glove.csv.16.12.vc.C 
Ans-fold time: 10.6600
==== Integer vector .C compression
Command: /home/louza/mm-repair/sdsl/encode.x /mnt/data/datasets/machine-learning-matrices-split/glove.csv.16.13.vc.C 
==== Integer vector .R compression
Command: /home/louza/mm-repair/sdsl/encode.x /mnt/data/datasets/machine-learning-matrices-split/glove.csv.16.13.vc.R 
Integer vector compression time: 0.3832
==== OLE
Command: /home/louza/mm-repair/ole/encode.x /mnt/data/datasets/machine-learning-matrices-split/glove.csv.16.13.vc.C 
OLE time: 0.5664
==== Ans-fold compression
Command: /home/louza/mm-repair/ans/encode.x /mnt/data/datasets/machine-learning-matrices-split/glove.csv.16.13.vc.C 
Ans-fold time: 11.6687
==== Integer vector .C compression
Command: /home/louza/mm-repair/sdsl/encode.x /mnt/data/datasets/machine-learning-matrices-split/glove.csv.16.14.vc.C 
==== Integer vector .R compression
Command: /home/louza/mm-repair/sdsl/encode.x /mnt/data/datasets/machine-learning-matrices-split/glove.csv.16.14.vc.R 
Integer vector compression time: 0.8430
==== OLE
Command: /home/louza/mm-repair/ole/encode.x /mnt/data/datasets/machine-learning-matrices-split/glove.csv.16.14.vc.C 
OLE time: 0.6854
==== Ans-fold compression
Command: /home/louza/mm-repair/ans/encode.x /mnt/data/datasets/machine-learning-matrices-split/glove.csv.16.14.vc.C 
Ans-fold time: 12.5440
==== Integer vector .C compression
Command: /home/louza/mm-repair/sdsl/encode.x /mnt/data/datasets/machine-learning-matrices-split/glove.csv.16.15.vc.C 
==== Integer vector .R compression
Command: /home/louza/mm-repair/sdsl/encode.x /mnt/data/datasets/machine-learning-matrices-split/glove.csv.16.15.vc.R 
Integer vector compression time: 0.4529
==== OLE
Command: /home/louza/mm-repair/ole/encode.x /mnt/data/datasets/machine-learning-matrices-split/glove.csv.16.15.vc.C 
OLE time: 0.5006
==== Ans-fold compression
Command: /home/louza/mm-repair/ans/encode.x /mnt/data/datasets/machine-learning-matrices-split/glove.csv.16.15.vc.C 
Ans-fold time: 13.4240
Command: /home/louza/mm-repair/ans/encode.x /mnt/data/datasets/machine-learning-matrices-split/glove.csv.wcode 
Elapsed time: 708.0041
==== Compression Report:
 >> matrix name: /mnt/data/datasets/machine-learning-matrices-split/glove.csv
 >> conversion time: 667.54
 >> repair time: 7.11
 >> integer vectors time: 0.45
 >> ansf time: 13.42
 >> total time: 708.00
 >> wcode: 226590916 bytes
 >> wcode_ans: 16430594 bytes
 >> matrix log(alpha)xNumEntries size: 300000000 bytes
 >> matrix dense size: 960000000 bytes
 >> total number of nonzero: 120000000 (100.00%)
 >> number of distinct nonzero: 717119
 >> CRSV  size: 487336952 bytes  (50.76%)
 >> RE32  size: 713927932 bytes  (74.37%)
 >> REIV  size: 623628324 bytes  (64.96%)
 >> REANS size: 306661297 bytes  (31.94%)
==== Done

#### 2026-09-04 09:32:36
 Command line: ./mm-repair/matrepair -r -b 16 -p 16 /mnt/data/datasets/machine-learning-matrices-split/glove.csv 400000 300 --ole --split 
Setting memory for each repair instance to 29003 MBs
Sending logging messages to file: /mnt/data/datasets/machine-learning-matrices-split/glove.csv.log
==== Conversion bin/csv->csrv
Command: /home/louza/mm-repair/csvmat2csrv -b 16   /mnt/data/datasets/machine-learning-matrices-split/glove.csv -r 0  -s 400000 300
Conversion time: 489.5687
==== Repair paralell compression
---- Executing 16 parallel processes
---- Parallel processing completed
Repair time: 0.0469
==== Integer vector .C compression
Command: /home/louza/mm-repair/sdsl/encode.x /mnt/data/datasets/machine-learning-matrices-split/glove.csv.16.0.A.vc.C 
==== Integer vector .R compression
Command: /home/louza/mm-repair/sdsl/encode.x /mnt/data/datasets/machine-learning-matrices-split/glove.csv.16.0.A.vc.R 
Integer vector compression time: 0.0234
==== OLE
Command: /home/louza/mm-repair/ole/encode.x /mnt/data/datasets/machine-learning-matrices-split/glove.csv.16.0.A.vc.C 
Command: /home/louza/mm-repair/ole/encode.x /mnt/data/datasets/machine-learning-matrices-split/glove.csv.16.0.B.vc 
OLE time: 0.2598
==== Ans-fold compression
Command: /home/louza/mm-repair/ans/encode.x /mnt/data/datasets/machine-learning-matrices-split/glove.csv.16.0.A.vc.C 
Command: /home/louza/mm-repair/ans/encode.x /mnt/data/datasets/machine-learning-matrices-split/glove.csv.16.0.B.vc
Ans-fold time: 1.2644
==== Integer vector .C compression
Command: /home/louza/mm-repair/sdsl/encode.x /mnt/data/datasets/machine-learning-matrices-split/glove.csv.16.1.A.vc.C 
==== Integer vector .R compression
Command: /home/louza/mm-repair/sdsl/encode.x /mnt/data/datasets/machine-learning-matrices-split/glove.csv.16.1.A.vc.R 
Integer vector compression time: 0.0228
==== OLE
Command: /home/louza/mm-repair/ole/encode.x /mnt/data/datasets/machine-learning-matrices-split/glove.csv.16.1.A.vc.C 
Command: /home/louza/mm-repair/ole/encode.x /mnt/data/datasets/machine-learning-matrices-split/glove.csv.16.1.B.vc 
OLE time: 0.2421
==== Ans-fold compression
Command: /home/louza/mm-repair/ans/encode.x /mnt/data/datasets/machine-learning-matrices-split/glove.csv.16.1.A.vc.C 
Command: /home/louza/mm-repair/ans/encode.x /mnt/data/datasets/machine-learning-matrices-split/glove.csv.16.1.B.vc
Ans-fold time: 2.5202
==== Integer vector .C compression
Command: /home/louza/mm-repair/sdsl/encode.x /mnt/data/datasets/machine-learning-matrices-split/glove.csv.16.2.A.vc.C 
==== Integer vector .R compression
Command: /home/louza/mm-repair/sdsl/encode.x /mnt/data/datasets/machine-learning-matrices-split/glove.csv.16.2.A.vc.R 
Integer vector compression time: 0.0248
==== OLE
Command: /home/louza/mm-repair/ole/encode.x /mnt/data/datasets/machine-learning-matrices-split/glove.csv.16.2.A.vc.C 
Command: /home/louza/mm-repair/ole/encode.x /mnt/data/datasets/machine-learning-matrices-split/glove.csv.16.2.B.vc 
OLE time: 0.2136
==== Ans-fold compression
Command: /home/louza/mm-repair/ans/encode.x /mnt/data/datasets/machine-learning-matrices-split/glove.csv.16.2.A.vc.C 
Command: /home/louza/mm-repair/ans/encode.x /mnt/data/datasets/machine-learning-matrices-split/glove.csv.16.2.B.vc
Ans-fold time: 3.8678
==== Integer vector .C compression
Command: /home/louza/mm-repair/sdsl/encode.x /mnt/data/datasets/machine-learning-matrices-split/glove.csv.16.3.A.vc.C 
==== Integer vector .R compression
Command: /home/louza/mm-repair/sdsl/encode.x /mnt/data/datasets/machine-learning-matrices-split/glove.csv.16.3.A.vc.R 
Integer vector compression time: 0.0271
==== OLE
Command: /home/louza/mm-repair/ole/encode.x /mnt/data/datasets/machine-learning-matrices-split/glove.csv.16.3.A.vc.C 
Command: /home/louza/mm-repair/ole/encode.x /mnt/data/datasets/machine-learning-matrices-split/glove.csv.16.3.B.vc 
OLE time: 0.2393
==== Ans-fold compression
Command: /home/louza/mm-repair/ans/encode.x /mnt/data/datasets/machine-learning-matrices-split/glove.csv.16.3.A.vc.C 
Command: /home/louza/mm-repair/ans/encode.x /mnt/data/datasets/machine-learning-matrices-split/glove.csv.16.3.B.vc
Ans-fold time: 5.1185
==== Integer vector .C compression
Command: /home/louza/mm-repair/sdsl/encode.x /mnt/data/datasets/machine-learning-matrices-split/glove.csv.16.4.A.vc.C 
==== Integer vector .R compression
Command: /home/louza/mm-repair/sdsl/encode.x /mnt/data/datasets/machine-learning-matrices-split/glove.csv.16.4.A.vc.R 
Integer vector compression time: 0.0250
==== OLE
Command: /home/louza/mm-repair/ole/encode.x /mnt/data/datasets/machine-learning-matrices-split/glove.csv.16.4.A.vc.C 
Command: /home/louza/mm-repair/ole/encode.x /mnt/data/datasets/machine-learning-matrices-split/glove.csv.16.4.B.vc 
OLE time: 0.2957
==== Ans-fold compression
Command: /home/louza/mm-repair/ans/encode.x /mnt/data/datasets/machine-learning-matrices-split/glove.csv.16.4.A.vc.C 
Command: /home/louza/mm-repair/ans/encode.x /mnt/data/datasets/machine-learning-matrices-split/glove.csv.16.4.B.vc
Ans-fold time: 6.3099
==== Integer vector .C compression
Command: /home/louza/mm-repair/sdsl/encode.x /mnt/data/datasets/machine-learning-matrices-split/glove.csv.16.5.A.vc.C 
==== Integer vector .R compression
Command: /home/louza/mm-repair/sdsl/encode.x /mnt/data/datasets/machine-learning-matrices-split/glove.csv.16.5.A.vc.R 
Integer vector compression time: 0.0233
==== OLE
Command: /home/louza/mm-repair/ole/encode.x /mnt/data/datasets/machine-learning-matrices-split/glove.csv.16.5.A.vc.C 
Command: /home/louza/mm-repair/ole/encode.x /mnt/data/datasets/machine-learning-matrices-split/glove.csv.16.5.B.vc 
OLE time: 0.2268
==== Ans-fold compression
Command: /home/louza/mm-repair/ans/encode.x /mnt/data/datasets/machine-learning-matrices-split/glove.csv.16.5.A.vc.C 
Command: /home/louza/mm-repair/ans/encode.x /mnt/data/datasets/machine-learning-matrices-split/glove.csv.16.5.B.vc
Ans-fold time: 7.4821
==== Integer vector .C compression
Command: /home/louza/mm-repair/sdsl/encode.x /mnt/data/datasets/machine-learning-matrices-split/glove.csv.16.6.A.vc.C 
==== Integer vector .R compression
Command: /home/louza/mm-repair/sdsl/encode.x /mnt/data/datasets/machine-learning-matrices-split/glove.csv.16.6.A.vc.R 
Integer vector compression time: 0.0210
==== OLE
Command: /home/louza/mm-repair/ole/encode.x /mnt/data/datasets/machine-learning-matrices-split/glove.csv.16.6.A.vc.C 
Command: /home/louza/mm-repair/ole/encode.x /mnt/data/datasets/machine-learning-matrices-split/glove.csv.16.6.B.vc 
OLE time: 0.2210
==== Ans-fold compression
Command: /home/louza/mm-repair/ans/encode.x /mnt/data/datasets/machine-learning-matrices-split/glove.csv.16.6.A.vc.C 
Command: /home/louza/mm-repair/ans/encode.x /mnt/data/datasets/machine-learning-matrices-split/glove.csv.16.6.B.vc
Ans-fold time: 8.6657
==== Integer vector .C compression
Command: /home/louza/mm-repair/sdsl/encode.x /mnt/data/datasets/machine-learning-matrices-split/glove.csv.16.7.A.vc.C 
==== Integer vector .R compression
Command: /home/louza/mm-repair/sdsl/encode.x /mnt/data/datasets/machine-learning-matrices-split/glove.csv.16.7.A.vc.R 
Integer vector compression time: 0.0226
==== OLE
Command: /home/louza/mm-repair/ole/encode.x /mnt/data/datasets/machine-learning-matrices-split/glove.csv.16.7.A.vc.C 
Command: /home/louza/mm-repair/ole/encode.x /mnt/data/datasets/machine-learning-matrices-split/glove.csv.16.7.B.vc 
OLE time: 0.2321
==== Ans-fold compression
Command: /home/louza/mm-repair/ans/encode.x /mnt/data/datasets/machine-learning-matrices-split/glove.csv.16.7.A.vc.C 
Command: /home/louza/mm-repair/ans/encode.x /mnt/data/datasets/machine-learning-matrices-split/glove.csv.16.7.B.vc
Ans-fold time: 9.8104
==== Integer vector .C compression
Command: /home/louza/mm-repair/sdsl/encode.x /mnt/data/datasets/machine-learning-matrices-split/glove.csv.16.8.A.vc.C 
==== Integer vector .R compression
Command: /home/louza/mm-repair/sdsl/encode.x /mnt/data/datasets/machine-learning-matrices-split/glove.csv.16.8.A.vc.R 
Integer vector compression time: 0.0257
==== OLE
Command: /home/louza/mm-repair/ole/encode.x /mnt/data/datasets/machine-learning-matrices-split/glove.csv.16.8.A.vc.C 
Command: /home/louza/mm-repair/ole/encode.x /mnt/data/datasets/machine-learning-matrices-split/glove.csv.16.8.B.vc 
OLE time: 0.2541
==== Ans-fold compression
Command: /home/louza/mm-repair/ans/encode.x /mnt/data/datasets/machine-learning-matrices-split/glove.csv.16.8.A.vc.C 
Command: /home/louza/mm-repair/ans/encode.x /mnt/data/datasets/machine-learning-matrices-split/glove.csv.16.8.B.vc
Ans-fold time: 11.1478
==== Integer vector .C compression
Command: /home/louza/mm-repair/sdsl/encode.x /mnt/data/datasets/machine-learning-matrices-split/glove.csv.16.9.A.vc.C 
==== Integer vector .R compression
Command: /home/louza/mm-repair/sdsl/encode.x /mnt/data/datasets/machine-learning-matrices-split/glove.csv.16.9.A.vc.R 
Integer vector compression time: 0.0232
==== OLE
Command: /home/louza/mm-repair/ole/encode.x /mnt/data/datasets/machine-learning-matrices-split/glove.csv.16.9.A.vc.C 
Command: /home/louza/mm-repair/ole/encode.x /mnt/data/datasets/machine-learning-matrices-split/glove.csv.16.9.B.vc 
OLE time: 0.3753
==== Ans-fold compression
Command: /home/louza/mm-repair/ans/encode.x /mnt/data/datasets/machine-learning-matrices-split/glove.csv.16.9.A.vc.C 
Command: /home/louza/mm-repair/ans/encode.x /mnt/data/datasets/machine-learning-matrices-split/glove.csv.16.9.B.vc
Ans-fold time: 12.7031
==== Integer vector .C compression
Command: /home/louza/mm-repair/sdsl/encode.x /mnt/data/datasets/machine-learning-matrices-split/glove.csv.16.10.A.vc.C 
==== Integer vector .R compression
Command: /home/louza/mm-repair/sdsl/encode.x /mnt/data/datasets/machine-learning-matrices-split/glove.csv.16.10.A.vc.R 
Integer vector compression time: 0.0452
==== OLE
Command: /home/louza/mm-repair/ole/encode.x /mnt/data/datasets/machine-learning-matrices-split/glove.csv.16.10.A.vc.C 
Command: /home/louza/mm-repair/ole/encode.x /mnt/data/datasets/machine-learning-matrices-split/glove.csv.16.10.B.vc 
OLE time: 0.5345
==== Ans-fold compression
Command: /home/louza/mm-repair/ans/encode.x /mnt/data/datasets/machine-learning-matrices-split/glove.csv.16.10.A.vc.C 
Command: /home/louza/mm-repair/ans/encode.x /mnt/data/datasets/machine-learning-matrices-split/glove.csv.16.10.B.vc
Ans-fold time: 13.8559
==== Integer vector .C compression
Command: /home/louza/mm-repair/sdsl/encode.x /mnt/data/datasets/machine-learning-matrices-split/glove.csv.16.11.A.vc.C 
==== Integer vector .R compression
Command: /home/louza/mm-repair/sdsl/encode.x /mnt/data/datasets/machine-learning-matrices-split/glove.csv.16.11.A.vc.R 
Integer vector compression time: 0.0180
==== OLE
Command: /home/louza/mm-repair/ole/encode.x /mnt/data/datasets/machine-learning-matrices-split/glove.csv.16.11.A.vc.C 
Command: /home/louza/mm-repair/ole/encode.x /mnt/data/datasets/machine-learning-matrices-split/glove.csv.16.11.B.vc 
OLE time: 0.2014
==== Ans-fold compression
Command: /home/louza/mm-repair/ans/encode.x /mnt/data/datasets/machine-learning-matrices-split/glove.csv.16.11.A.vc.C 
Command: /home/louza/mm-repair/ans/encode.x /mnt/data/datasets/machine-learning-matrices-split/glove.csv.16.11.B.vc
Ans-fold time: 15.0300
==== Integer vector .C compression
Command: /home/louza/mm-repair/sdsl/encode.x /mnt/data/datasets/machine-learning-matrices-split/glove.csv.16.12.A.vc.C 
==== Integer vector .R compression
Command: /home/louza/mm-repair/sdsl/encode.x /mnt/data/datasets/machine-learning-matrices-split/glove.csv.16.12.A.vc.R 
Integer vector compression time: 0.0202
==== OLE
Command: /home/louza/mm-repair/ole/encode.x /mnt/data/datasets/machine-learning-matrices-split/glove.csv.16.12.A.vc.C 
Command: /home/louza/mm-repair/ole/encode.x /mnt/data/datasets/machine-learning-matrices-split/glove.csv.16.12.B.vc 
OLE time: 0.2167
==== Ans-fold compression
Command: /home/louza/mm-repair/ans/encode.x /mnt/data/datasets/machine-learning-matrices-split/glove.csv.16.12.A.vc.C 
Command: /home/louza/mm-repair/ans/encode.x /mnt/data/datasets/machine-learning-matrices-split/glove.csv.16.12.B.vc
Ans-fold time: 16.3071
==== Integer vector .C compression
Command: /home/louza/mm-repair/sdsl/encode.x /mnt/data/datasets/machine-learning-matrices-split/glove.csv.16.13.A.vc.C 
==== Integer vector .R compression
Command: /home/louza/mm-repair/sdsl/encode.x /mnt/data/datasets/machine-learning-matrices-split/glove.csv.16.13.A.vc.R 
Integer vector compression time: 0.1433
==== OLE
Command: /home/louza/mm-repair/ole/encode.x /mnt/data/datasets/machine-learning-matrices-split/glove.csv.16.13.A.vc.C 
Command: /home/louza/mm-repair/ole/encode.x /mnt/data/datasets/machine-learning-matrices-split/glove.csv.16.13.B.vc 
OLE time: 0.5999
==== Ans-fold compression
Command: /home/louza/mm-repair/ans/encode.x /mnt/data/datasets/machine-learning-matrices-split/glove.csv.16.13.A.vc.C 
Command: /home/louza/mm-repair/ans/encode.x /mnt/data/datasets/machine-learning-matrices-split/glove.csv.16.13.B.vc
Ans-fold time: 17.5189
==== Integer vector .C compression
Command: /home/louza/mm-repair/sdsl/encode.x /mnt/data/datasets/machine-learning-matrices-split/glove.csv.16.14.A.vc.C 
==== Integer vector .R compression
Command: /home/louza/mm-repair/sdsl/encode.x /mnt/data/datasets/machine-learning-matrices-split/glove.csv.16.14.A.vc.R 
Integer vector compression time: 0.0230
==== OLE
Command: /home/louza/mm-repair/ole/encode.x /mnt/data/datasets/machine-learning-matrices-split/glove.csv.16.14.A.vc.C 
Command: /home/louza/mm-repair/ole/encode.x /mnt/data/datasets/machine-learning-matrices-split/glove.csv.16.14.B.vc 
OLE time: 0.4134
==== Ans-fold compression
Command: /home/louza/mm-repair/ans/encode.x /mnt/data/datasets/machine-learning-matrices-split/glove.csv.16.14.A.vc.C 
Command: /home/louza/mm-repair/ans/encode.x /mnt/data/datasets/machine-learning-matrices-split/glove.csv.16.14.B.vc
Ans-fold time: 18.7636
==== Integer vector .C compression
Command: /home/louza/mm-repair/sdsl/encode.x /mnt/data/datasets/machine-learning-matrices-split/glove.csv.16.15.A.vc.C 
==== Integer vector .R compression
Command: /home/louza/mm-repair/sdsl/encode.x /mnt/data/datasets/machine-learning-matrices-split/glove.csv.16.15.A.vc.R 
Integer vector compression time: 0.0269
==== OLE
Command: /home/louza/mm-repair/ole/encode.x /mnt/data/datasets/machine-learning-matrices-split/glove.csv.16.15.A.vc.C 
Command: /home/louza/mm-repair/ole/encode.x /mnt/data/datasets/machine-learning-matrices-split/glove.csv.16.15.B.vc 
OLE time: 0.2652
==== Ans-fold compression
Command: /home/louza/mm-repair/ans/encode.x /mnt/data/datasets/machine-learning-matrices-split/glove.csv.16.15.A.vc.C 
Command: /home/louza/mm-repair/ans/encode.x /mnt/data/datasets/machine-learning-matrices-split/glove.csv.16.15.B.vc
Ans-fold time: 19.9768
Elapsed time: 514.9500
==== Compression Report:
 >> matrix name: /mnt/data/datasets/machine-learning-matrices-split/glove.csv
 >> conversion time: 489.57
 >> repair time: 0.05
 >> integer vectors time: 0.03
 >> ansf time: 19.98
 >> total time: 514.95
 >> matrix log(alpha)xNumEntries size: 300000000 bytes
 >> matrix dense size: 960000000 bytes
 >> total number of nonzero: 0 (0.00%)
 >> number of distinct nonzero: 717119
 >> CRSV  size: 7336952 bytes  (0.76%)
 >> B	  size: 481600000 bytes  (50.17%)
 >> B_ans size: 303681108 bytes  (31.63%)
 >> RE32  size: 311018124 bytes  (32.40%)
 >> REIV  size: 309468524 bytes  (32.24%)
 >> REANS size: 309419068 bytes  (32.23%)
==== Done

#### 2026-09-04 09:41:11
 Command line: ./mm-repair/matrepair -r -b 16 -p 16 /mnt/data/datasets/machine-learning-matrices-split/glove.csv 400000 300 --mapping --split 
Setting memory for each repair instance to 29003 MBs
Sending logging messages to file: /mnt/data/datasets/machine-learning-matrices-split/glove.csv.log
==== Conversion bin/csv->csrv
Command: /home/louza/mm-repair/csvmat2csrv -b 16   /mnt/data/datasets/machine-learning-matrices-split/glove.csv -r 0 -m -s 400000 300
Conversion time: 998.9416
==== Repair paralell compression
---- Executing 16 parallel processes
---- Parallel processing completed
Repair time: 0.0294
==== Integer vector .C compression
Command: /home/louza/mm-repair/sdsl/encode.x /mnt/data/datasets/machine-learning-matrices-split/glove.csv.16.0.A.vc.C 
==== Integer vector .R compression
Command: /home/louza/mm-repair/sdsl/encode.x /mnt/data/datasets/machine-learning-matrices-split/glove.csv.16.0.A.vc.R 
Integer vector compression time: 0.0222
==== Ans-fold compression
Command: /home/louza/mm-repair/ans/encode.x /mnt/data/datasets/machine-learning-matrices-split/glove.csv.16.0.A.vc.C 
Command: /home/louza/mm-repair/ans/encode.x /mnt/data/datasets/machine-learning-matrices-split/glove.csv.16.0.B.vc
Ans-fold time: 4.6694
==== Integer vector .C compression
Command: /home/louza/mm-repair/sdsl/encode.x /mnt/data/datasets/machine-learning-matrices-split/glove.csv.16.1.A.vc.C 
==== Integer vector .R compression
Command: /home/louza/mm-repair/sdsl/encode.x /mnt/data/datasets/machine-learning-matrices-split/glove.csv.16.1.A.vc.R 
Integer vector compression time: 0.0210
==== Ans-fold compression
Command: /home/louza/mm-repair/ans/encode.x /mnt/data/datasets/machine-learning-matrices-split/glove.csv.16.1.A.vc.C 
Command: /home/louza/mm-repair/ans/encode.x /mnt/data/datasets/machine-learning-matrices-split/glove.csv.16.1.B.vc
Ans-fold time: 9.5532
==== Integer vector .C compression
Command: /home/louza/mm-repair/sdsl/encode.x /mnt/data/datasets/machine-learning-matrices-split/glove.csv.16.2.A.vc.C 
==== Integer vector .R compression
Command: /home/louza/mm-repair/sdsl/encode.x /mnt/data/datasets/machine-learning-matrices-split/glove.csv.16.2.A.vc.R 
Integer vector compression time: 0.0411
==== Ans-fold compression
Command: /home/louza/mm-repair/ans/encode.x /mnt/data/datasets/machine-learning-matrices-split/glove.csv.16.2.A.vc.C 
Command: /home/louza/mm-repair/ans/encode.x /mnt/data/datasets/machine-learning-matrices-split/glove.csv.16.2.B.vc
Ans-fold time: 14.2123
==== Integer vector .C compression
Command: /home/louza/mm-repair/sdsl/encode.x /mnt/data/datasets/machine-learning-matrices-split/glove.csv.16.3.A.vc.C 
==== Integer vector .R compression
Command: /home/louza/mm-repair/sdsl/encode.x /mnt/data/datasets/machine-learning-matrices-split/glove.csv.16.3.A.vc.R 
Integer vector compression time: 0.0264
==== Ans-fold compression
Command: /home/louza/mm-repair/ans/encode.x /mnt/data/datasets/machine-learning-matrices-split/glove.csv.16.3.A.vc.C 
Command: /home/louza/mm-repair/ans/encode.x /mnt/data/datasets/machine-learning-matrices-split/glove.csv.16.3.B.vc
Ans-fold time: 19.1033
==== Integer vector .C compression
Command: /home/louza/mm-repair/sdsl/encode.x /mnt/data/datasets/machine-learning-matrices-split/glove.csv.16.4.A.vc.C 
==== Integer vector .R compression
Command: /home/louza/mm-repair/sdsl/encode.x /mnt/data/datasets/machine-learning-matrices-split/glove.csv.16.4.A.vc.R 
Integer vector compression time: 0.0531
==== Ans-fold compression
Command: /home/louza/mm-repair/ans/encode.x /mnt/data/datasets/machine-learning-matrices-split/glove.csv.16.4.A.vc.C 
Command: /home/louza/mm-repair/ans/encode.x /mnt/data/datasets/machine-learning-matrices-split/glove.csv.16.4.B.vc
Ans-fold time: 23.7523
==== Integer vector .C compression
Command: /home/louza/mm-repair/sdsl/encode.x /mnt/data/datasets/machine-learning-matrices-split/glove.csv.16.5.A.vc.C 
==== Integer vector .R compression
Command: /home/louza/mm-repair/sdsl/encode.x /mnt/data/datasets/machine-learning-matrices-split/glove.csv.16.5.A.vc.R 
Integer vector compression time: 0.0260
==== Ans-fold compression
Command: /home/louza/mm-repair/ans/encode.x /mnt/data/datasets/machine-learning-matrices-split/glove.csv.16.5.A.vc.C 
Command: /home/louza/mm-repair/ans/encode.x /mnt/data/datasets/machine-learning-matrices-split/glove.csv.16.5.B.vc
Ans-fold time: 28.9616
==== Integer vector .C compression
Command: /home/louza/mm-repair/sdsl/encode.x /mnt/data/datasets/machine-learning-matrices-split/glove.csv.16.6.A.vc.C 
==== Integer vector .R compression
Command: /home/louza/mm-repair/sdsl/encode.x /mnt/data/datasets/machine-learning-matrices-split/glove.csv.16.6.A.vc.R 
Integer vector compression time: 0.0449
==== Ans-fold compression
Command: /home/louza/mm-repair/ans/encode.x /mnt/data/datasets/machine-learning-matrices-split/glove.csv.16.6.A.vc.C 
Command: /home/louza/mm-repair/ans/encode.x /mnt/data/datasets/machine-learning-matrices-split/glove.csv.16.6.B.vc
Ans-fold time: 33.7316
==== Integer vector .C compression
Command: /home/louza/mm-repair/sdsl/encode.x /mnt/data/datasets/machine-learning-matrices-split/glove.csv.16.7.A.vc.C 
==== Integer vector .R compression
Command: /home/louza/mm-repair/sdsl/encode.x /mnt/data/datasets/machine-learning-matrices-split/glove.csv.16.7.A.vc.R 
Integer vector compression time: 0.0271
==== Ans-fold compression
Command: /home/louza/mm-repair/ans/encode.x /mnt/data/datasets/machine-learning-matrices-split/glove.csv.16.7.A.vc.C 
Command: /home/louza/mm-repair/ans/encode.x /mnt/data/datasets/machine-learning-matrices-split/glove.csv.16.7.B.vc
Ans-fold time: 38.5874
==== Integer vector .C compression
Command: /home/louza/mm-repair/sdsl/encode.x /mnt/data/datasets/machine-learning-matrices-split/glove.csv.16.8.A.vc.C 
==== Integer vector .R compression
Command: /home/louza/mm-repair/sdsl/encode.x /mnt/data/datasets/machine-learning-matrices-split/glove.csv.16.8.A.vc.R 
Integer vector compression time: 0.0290
==== Ans-fold compression
Command: /home/louza/mm-repair/ans/encode.x /mnt/data/datasets/machine-learning-matrices-split/glove.csv.16.8.A.vc.C 
Command: /home/louza/mm-repair/ans/encode.x /mnt/data/datasets/machine-learning-matrices-split/glove.csv.16.8.B.vc
Ans-fold time: 43.3601
==== Integer vector .C compression
Command: /home/louza/mm-repair/sdsl/encode.x /mnt/data/datasets/machine-learning-matrices-split/glove.csv.16.9.A.vc.C 
==== Integer vector .R compression
Command: /home/louza/mm-repair/sdsl/encode.x /mnt/data/datasets/machine-learning-matrices-split/glove.csv.16.9.A.vc.R 
Integer vector compression time: 0.0257
==== Ans-fold compression
Command: /home/louza/mm-repair/ans/encode.x /mnt/data/datasets/machine-learning-matrices-split/glove.csv.16.9.A.vc.C 
Command: /home/louza/mm-repair/ans/encode.x /mnt/data/datasets/machine-learning-matrices-split/glove.csv.16.9.B.vc
Ans-fold time: 47.8501
==== Integer vector .C compression
Command: /home/louza/mm-repair/sdsl/encode.x /mnt/data/datasets/machine-learning-matrices-split/glove.csv.16.10.A.vc.C 
==== Integer vector .R compression
Command: /home/louza/mm-repair/sdsl/encode.x /mnt/data/datasets/machine-learning-matrices-split/glove.csv.16.10.A.vc.R 
Integer vector compression time: 0.0248
==== Ans-fold compression
Command: /home/louza/mm-repair/ans/encode.x /mnt/data/datasets/machine-learning-matrices-split/glove.csv.16.10.A.vc.C 
Command: /home/louza/mm-repair/ans/encode.x /mnt/data/datasets/machine-learning-matrices-split/glove.csv.16.10.B.vc
Ans-fold time: 52.7291
==== Integer vector .C compression
Command: /home/louza/mm-repair/sdsl/encode.x /mnt/data/datasets/machine-learning-matrices-split/glove.csv.16.11.A.vc.C 
==== Integer vector .R compression
Command: /home/louza/mm-repair/sdsl/encode.x /mnt/data/datasets/machine-learning-matrices-split/glove.csv.16.11.A.vc.R 
Integer vector compression time: 0.0493
==== Ans-fold compression
Command: /home/louza/mm-repair/ans/encode.x /mnt/data/datasets/machine-learning-matrices-split/glove.csv.16.11.A.vc.C 
Command: /home/louza/mm-repair/ans/encode.x /mnt/data/datasets/machine-learning-matrices-split/glove.csv.16.11.B.vc
Ans-fold time: 57.1730
==== Integer vector .C compression
Command: /home/louza/mm-repair/sdsl/encode.x /mnt/data/datasets/machine-learning-matrices-split/glove.csv.16.12.A.vc.C 
==== Integer vector .R compression
Command: /home/louza/mm-repair/sdsl/encode.x /mnt/data/datasets/machine-learning-matrices-split/glove.csv.16.12.A.vc.R 
Integer vector compression time: 0.0259
==== Ans-fold compression
Command: /home/louza/mm-repair/ans/encode.x /mnt/data/datasets/machine-learning-matrices-split/glove.csv.16.12.A.vc.C 
Command: /home/louza/mm-repair/ans/encode.x /mnt/data/datasets/machine-learning-matrices-split/glove.csv.16.12.B.vc
Ans-fold time: 61.7130
==== Integer vector .C compression
Command: /home/louza/mm-repair/sdsl/encode.x /mnt/data/datasets/machine-learning-matrices-split/glove.csv.16.13.A.vc.C 
==== Integer vector .R compression
Command: /home/louza/mm-repair/sdsl/encode.x /mnt/data/datasets/machine-learning-matrices-split/glove.csv.16.13.A.vc.R 
Integer vector compression time: 0.0251
==== Ans-fold compression
Command: /home/louza/mm-repair/ans/encode.x /mnt/data/datasets/machine-learning-matrices-split/glove.csv.16.13.A.vc.C 
Command: /home/louza/mm-repair/ans/encode.x /mnt/data/datasets/machine-learning-matrices-split/glove.csv.16.13.B.vc
Ans-fold time: 66.3674
==== Integer vector .C compression
Command: /home/louza/mm-repair/sdsl/encode.x /mnt/data/datasets/machine-learning-matrices-split/glove.csv.16.14.A.vc.C 
==== Integer vector .R compression
Command: /home/louza/mm-repair/sdsl/encode.x /mnt/data/datasets/machine-learning-matrices-split/glove.csv.16.14.A.vc.R 
Integer vector compression time: 0.0253
==== Ans-fold compression
Command: /home/louza/mm-repair/ans/encode.x /mnt/data/datasets/machine-learning-matrices-split/glove.csv.16.14.A.vc.C 
Command: /home/louza/mm-repair/ans/encode.x /mnt/data/datasets/machine-learning-matrices-split/glove.csv.16.14.B.vc
Ans-fold time: 70.8360
==== Integer vector .C compression
Command: /home/louza/mm-repair/sdsl/encode.x /mnt/data/datasets/machine-learning-matrices-split/glove.csv.16.15.A.vc.C 
==== Integer vector .R compression
Command: /home/louza/mm-repair/sdsl/encode.x /mnt/data/datasets/machine-learning-matrices-split/glove.csv.16.15.A.vc.R 
Integer vector compression time: 0.0240
==== Ans-fold compression
Command: /home/louza/mm-repair/ans/encode.x /mnt/data/datasets/machine-learning-matrices-split/glove.csv.16.15.A.vc.C 
Command: /home/louza/mm-repair/ans/encode.x /mnt/data/datasets/machine-learning-matrices-split/glove.csv.16.15.B.vc
Ans-fold time: 75.7493
Command: /home/louza/mm-repair/ans/encode.x /mnt/data/datasets/machine-learning-matrices-split/glove.csv.wcode 
Elapsed time: 1076.5906
==== Compression Report:
 >> matrix name: /mnt/data/datasets/machine-learning-matrices-split/glove.csv
 >> conversion time: 998.94
 >> repair time: 0.03
 >> integer vectors time: 0.02
 >> ansf time: 75.75
 >> total time: 1076.59
 >> wcode: 226590916 bytes
 >> wcode_ans: 16430594 bytes
 >> matrix log(alpha)xNumEntries size: 300000000 bytes
 >> matrix dense size: 960000000 bytes
 >> total number of nonzero: 0 (0.00%)
 >> number of distinct nonzero: 717119
 >> CRSV  size: 7336952 bytes  (0.76%)
 >> B	  size: 481600000 bytes  (50.17%)
 >> B_ans size: 387155047 bytes  (40.33%)
 >> RE32  size: 621082979 bytes  (64.70%)
 >> REIV  size: 619533379 bytes  (64.53%)
 >> REANS size: 409323601 bytes  (42.64%)
==== Done

#### 2026-09-04 09:59:07
 Command line: ./mm-repair/matrepair -r -b 16 -p 16 /mnt/data/datasets/machine-learning-matrices-split/glove.csv 400000 300 --ole --mapping --split 
Setting memory for each repair instance to 29003 MBs
Sending logging messages to file: /mnt/data/datasets/machine-learning-matrices-split/glove.csv.log
==== Conversion bin/csv->csrv
Command: /home/louza/mm-repair/csvmat2csrv -b 16   /mnt/data/datasets/machine-learning-matrices-split/glove.csv -r 0 -m -s 400000 300
Conversion time: 1044.2765
==== Repair paralell compression
---- Executing 16 parallel processes
---- Parallel processing completed
Repair time: 0.0372
==== Integer vector .C compression
Command: /home/louza/mm-repair/sdsl/encode.x /mnt/data/datasets/machine-learning-matrices-split/glove.csv.16.0.A.vc.C 
==== Integer vector .R compression
Command: /home/louza/mm-repair/sdsl/encode.x /mnt/data/datasets/machine-learning-matrices-split/glove.csv.16.0.A.vc.R 
Integer vector compression time: 0.0258
==== OLE
Command: /home/louza/mm-repair/ole/encode.x /mnt/data/datasets/machine-learning-matrices-split/glove.csv.16.0.A.vc.C 
Command: /home/louza/mm-repair/ole/encode.x /mnt/data/datasets/machine-learning-matrices-split/glove.csv.16.0.B.vc 
OLE time: 0.2688
==== Ans-fold compression
Command: /home/louza/mm-repair/ans/encode.x /mnt/data/datasets/machine-learning-matrices-split/glove.csv.16.0.A.vc.C 
Command: /home/louza/mm-repair/ans/encode.x /mnt/data/datasets/machine-learning-matrices-split/glove.csv.16.0.B.vc
Ans-fold time: 0.7248
==== Integer vector .C compression
Command: /home/louza/mm-repair/sdsl/encode.x /mnt/data/datasets/machine-learning-matrices-split/glove.csv.16.1.A.vc.C 
==== Integer vector .R compression
Command: /home/louza/mm-repair/sdsl/encode.x /mnt/data/datasets/machine-learning-matrices-split/glove.csv.16.1.A.vc.R 
Integer vector compression time: 0.0250
==== OLE
Command: /home/louza/mm-repair/ole/encode.x /mnt/data/datasets/machine-learning-matrices-split/glove.csv.16.1.A.vc.C 
Command: /home/louza/mm-repair/ole/encode.x /mnt/data/datasets/machine-learning-matrices-split/glove.csv.16.1.B.vc 
OLE time: 0.2203
==== Ans-fold compression
Command: /home/louza/mm-repair/ans/encode.x /mnt/data/datasets/machine-learning-matrices-split/glove.csv.16.1.A.vc.C 
Command: /home/louza/mm-repair/ans/encode.x /mnt/data/datasets/machine-learning-matrices-split/glove.csv.16.1.B.vc
Ans-fold time: 1.6070
==== Integer vector .C compression
Command: /home/louza/mm-repair/sdsl/encode.x /mnt/data/datasets/machine-learning-matrices-split/glove.csv.16.2.A.vc.C 
==== Integer vector .R compression
Command: /home/louza/mm-repair/sdsl/encode.x /mnt/data/datasets/machine-learning-matrices-split/glove.csv.16.2.A.vc.R 
Integer vector compression time: 0.0254
==== OLE
Command: /home/louza/mm-repair/ole/encode.x /mnt/data/datasets/machine-learning-matrices-split/glove.csv.16.2.A.vc.C 
Command: /home/louza/mm-repair/ole/encode.x /mnt/data/datasets/machine-learning-matrices-split/glove.csv.16.2.B.vc 
OLE time: 0.2251
==== Ans-fold compression
Command: /home/louza/mm-repair/ans/encode.x /mnt/data/datasets/machine-learning-matrices-split/glove.csv.16.2.A.vc.C 
Command: /home/louza/mm-repair/ans/encode.x /mnt/data/datasets/machine-learning-matrices-split/glove.csv.16.2.B.vc
Ans-fold time: 2.5351
==== Integer vector .C compression
Command: /home/louza/mm-repair/sdsl/encode.x /mnt/data/datasets/machine-learning-matrices-split/glove.csv.16.3.A.vc.C 
==== Integer vector .R compression
Command: /home/louza/mm-repair/sdsl/encode.x /mnt/data/datasets/machine-learning-matrices-split/glove.csv.16.3.A.vc.R 
Integer vector compression time: 0.0350
==== OLE
Command: /home/louza/mm-repair/ole/encode.x /mnt/data/datasets/machine-learning-matrices-split/glove.csv.16.3.A.vc.C 
Command: /home/louza/mm-repair/ole/encode.x /mnt/data/datasets/machine-learning-matrices-split/glove.csv.16.3.B.vc 
OLE time: 0.4216
==== Ans-fold compression
Command: /home/louza/mm-repair/ans/encode.x /mnt/data/datasets/machine-learning-matrices-split/glove.csv.16.3.A.vc.C 
Command: /home/louza/mm-repair/ans/encode.x /mnt/data/datasets/machine-learning-matrices-split/glove.csv.16.3.B.vc
Ans-fold time: 3.6647
==== Integer vector .C compression
Command: /home/louza/mm-repair/sdsl/encode.x /mnt/data/datasets/machine-learning-matrices-split/glove.csv.16.4.A.vc.C 
==== Integer vector .R compression
Command: /home/louza/mm-repair/sdsl/encode.x /mnt/data/datasets/machine-learning-matrices-split/glove.csv.16.4.A.vc.R 
Integer vector compression time: 0.0315
==== OLE
Command: /home/louza/mm-repair/ole/encode.x /mnt/data/datasets/machine-learning-matrices-split/glove.csv.16.4.A.vc.C 
Command: /home/louza/mm-repair/ole/encode.x /mnt/data/datasets/machine-learning-matrices-split/glove.csv.16.4.B.vc 
OLE time: 0.4851
==== Ans-fold compression
Command: /home/louza/mm-repair/ans/encode.x /mnt/data/datasets/machine-learning-matrices-split/glove.csv.16.4.A.vc.C 
Command: /home/louza/mm-repair/ans/encode.x /mnt/data/datasets/machine-learning-matrices-split/glove.csv.16.4.B.vc
Ans-fold time: 4.5223
==== Integer vector .C compression
Command: /home/louza/mm-repair/sdsl/encode.x /mnt/data/datasets/machine-learning-matrices-split/glove.csv.16.5.A.vc.C 
==== Integer vector .R compression
Command: /home/louza/mm-repair/sdsl/encode.x /mnt/data/datasets/machine-learning-matrices-split/glove.csv.16.5.A.vc.R 
Integer vector compression time: 0.0265
==== OLE
Command: /home/louza/mm-repair/ole/encode.x /mnt/data/datasets/machine-learning-matrices-split/glove.csv.16.5.A.vc.C 
Command: /home/louza/mm-repair/ole/encode.x /mnt/data/datasets/machine-learning-matrices-split/glove.csv.16.5.B.vc 
OLE time: 0.2410
==== Ans-fold compression
Command: /home/louza/mm-repair/ans/encode.x /mnt/data/datasets/machine-learning-matrices-split/glove.csv.16.5.A.vc.C 
Command: /home/louza/mm-repair/ans/encode.x /mnt/data/datasets/machine-learning-matrices-split/glove.csv.16.5.B.vc
Ans-fold time: 5.2909
==== Integer vector .C compression
Command: /home/louza/mm-repair/sdsl/encode.x /mnt/data/datasets/machine-learning-matrices-split/glove.csv.16.6.A.vc.C 
==== Integer vector .R compression
Command: /home/louza/mm-repair/sdsl/encode.x /mnt/data/datasets/machine-learning-matrices-split/glove.csv.16.6.A.vc.R 
Integer vector compression time: 0.0268
==== OLE
Command: /home/louza/mm-repair/ole/encode.x /mnt/data/datasets/machine-learning-matrices-split/glove.csv.16.6.A.vc.C 
Command: /home/louza/mm-repair/ole/encode.x /mnt/data/datasets/machine-learning-matrices-split/glove.csv.16.6.B.vc 
OLE time: 0.2618
==== Ans-fold compression
Command: /home/louza/mm-repair/ans/encode.x /mnt/data/datasets/machine-learning-matrices-split/glove.csv.16.6.A.vc.C 
Command: /home/louza/mm-repair/ans/encode.x /mnt/data/datasets/machine-learning-matrices-split/glove.csv.16.6.B.vc
Ans-fold time: 6.0666
==== Integer vector .C compression
Command: /home/louza/mm-repair/sdsl/encode.x /mnt/data/datasets/machine-learning-matrices-split/glove.csv.16.7.A.vc.C 
==== Integer vector .R compression
Command: /home/louza/mm-repair/sdsl/encode.x /mnt/data/datasets/machine-learning-matrices-split/glove.csv.16.7.A.vc.R 
Integer vector compression time: 0.0229
==== OLE
Command: /home/louza/mm-repair/ole/encode.x /mnt/data/datasets/machine-learning-matrices-split/glove.csv.16.7.A.vc.C 
Command: /home/louza/mm-repair/ole/encode.x /mnt/data/datasets/machine-learning-matrices-split/glove.csv.16.7.B.vc 
OLE time: 0.2455
==== Ans-fold compression
Command: /home/louza/mm-repair/ans/encode.x /mnt/data/datasets/machine-learning-matrices-split/glove.csv.16.7.A.vc.C 
Command: /home/louza/mm-repair/ans/encode.x /mnt/data/datasets/machine-learning-matrices-split/glove.csv.16.7.B.vc
Ans-fold time: 6.8902
==== Integer vector .C compression
Command: /home/louza/mm-repair/sdsl/encode.x /mnt/data/datasets/machine-learning-matrices-split/glove.csv.16.8.A.vc.C 
==== Integer vector .R compression
Command: /home/louza/mm-repair/sdsl/encode.x /mnt/data/datasets/machine-learning-matrices-split/glove.csv.16.8.A.vc.R 
Integer vector compression time: 0.0253
==== OLE
Command: /home/louza/mm-repair/ole/encode.x /mnt/data/datasets/machine-learning-matrices-split/glove.csv.16.8.A.vc.C 
Command: /home/louza/mm-repair/ole/encode.x /mnt/data/datasets/machine-learning-matrices-split/glove.csv.16.8.B.vc 
OLE time: 0.2631
==== Ans-fold compression
Command: /home/louza/mm-repair/ans/encode.x /mnt/data/datasets/machine-learning-matrices-split/glove.csv.16.8.A.vc.C 
Command: /home/louza/mm-repair/ans/encode.x /mnt/data/datasets/machine-learning-matrices-split/glove.csv.16.8.B.vc
Ans-fold time: 7.6836
==== Integer vector .C compression
Command: /home/louza/mm-repair/sdsl/encode.x /mnt/data/datasets/machine-learning-matrices-split/glove.csv.16.9.A.vc.C 
==== Integer vector .R compression
Command: /home/louza/mm-repair/sdsl/encode.x /mnt/data/datasets/machine-learning-matrices-split/glove.csv.16.9.A.vc.R 
Integer vector compression time: 0.0268
==== OLE
Command: /home/louza/mm-repair/ole/encode.x /mnt/data/datasets/machine-learning-matrices-split/glove.csv.16.9.A.vc.C 
Command: /home/louza/mm-repair/ole/encode.x /mnt/data/datasets/machine-learning-matrices-split/glove.csv.16.9.B.vc 
OLE time: 0.2078
==== Ans-fold compression
Command: /home/louza/mm-repair/ans/encode.x /mnt/data/datasets/machine-learning-matrices-split/glove.csv.16.9.A.vc.C 
Command: /home/louza/mm-repair/ans/encode.x /mnt/data/datasets/machine-learning-matrices-split/glove.csv.16.9.B.vc
Ans-fold time: 8.4995
==== Integer vector .C compression
Command: /home/louza/mm-repair/sdsl/encode.x /mnt/data/datasets/machine-learning-matrices-split/glove.csv.16.10.A.vc.C 
==== Integer vector .R compression
Command: /home/louza/mm-repair/sdsl/encode.x /mnt/data/datasets/machine-learning-matrices-split/glove.csv.16.10.A.vc.R 
Integer vector compression time: 0.0273
==== OLE
Command: /home/louza/mm-repair/ole/encode.x /mnt/data/datasets/machine-learning-matrices-split/glove.csv.16.10.A.vc.C 
Command: /home/louza/mm-repair/ole/encode.x /mnt/data/datasets/machine-learning-matrices-split/glove.csv.16.10.B.vc 
OLE time: 0.2654
==== Ans-fold compression
Command: /home/louza/mm-repair/ans/encode.x /mnt/data/datasets/machine-learning-matrices-split/glove.csv.16.10.A.vc.C 
Command: /home/louza/mm-repair/ans/encode.x /mnt/data/datasets/machine-learning-matrices-split/glove.csv.16.10.B.vc
Ans-fold time: 9.4841
==== Integer vector .C compression
Command: /home/louza/mm-repair/sdsl/encode.x /mnt/data/datasets/machine-learning-matrices-split/glove.csv.16.11.A.vc.C 
==== Integer vector .R compression
Command: /home/louza/mm-repair/sdsl/encode.x /mnt/data/datasets/machine-learning-matrices-split/glove.csv.16.11.A.vc.R 
Integer vector compression time: 0.0274
==== OLE
Command: /home/louza/mm-repair/ole/encode.x /mnt/data/datasets/machine-learning-matrices-split/glove.csv.16.11.A.vc.C 
Command: /home/louza/mm-repair/ole/encode.x /mnt/data/datasets/machine-learning-matrices-split/glove.csv.16.11.B.vc 
OLE time: 0.2451
==== Ans-fold compression
Command: /home/louza/mm-repair/ans/encode.x /mnt/data/datasets/machine-learning-matrices-split/glove.csv.16.11.A.vc.C 
Command: /home/louza/mm-repair/ans/encode.x /mnt/data/datasets/machine-learning-matrices-split/glove.csv.16.11.B.vc
Ans-fold time: 10.3864
==== Integer vector .C compression
Command: /home/louza/mm-repair/sdsl/encode.x /mnt/data/datasets/machine-learning-matrices-split/glove.csv.16.12.A.vc.C 
==== Integer vector .R compression
Command: /home/louza/mm-repair/sdsl/encode.x /mnt/data/datasets/machine-learning-matrices-split/glove.csv.16.12.A.vc.R 
Integer vector compression time: 0.0272
==== OLE
Command: /home/louza/mm-repair/ole/encode.x /mnt/data/datasets/machine-learning-matrices-split/glove.csv.16.12.A.vc.C 
Command: /home/louza/mm-repair/ole/encode.x /mnt/data/datasets/machine-learning-matrices-split/glove.csv.16.12.B.vc 
OLE time: 0.2252
==== Ans-fold compression
Command: /home/louza/mm-repair/ans/encode.x /mnt/data/datasets/machine-learning-matrices-split/glove.csv.16.12.A.vc.C 
Command: /home/louza/mm-repair/ans/encode.x /mnt/data/datasets/machine-learning-matrices-split/glove.csv.16.12.B.vc
Ans-fold time: 11.1920
==== Integer vector .C compression
Command: /home/louza/mm-repair/sdsl/encode.x /mnt/data/datasets/machine-learning-matrices-split/glove.csv.16.13.A.vc.C 
==== Integer vector .R compression
Command: /home/louza/mm-repair/sdsl/encode.x /mnt/data/datasets/machine-learning-matrices-split/glove.csv.16.13.A.vc.R 
Integer vector compression time: 0.0256
==== OLE
Command: /home/louza/mm-repair/ole/encode.x /mnt/data/datasets/machine-learning-matrices-split/glove.csv.16.13.A.vc.C 
Command: /home/louza/mm-repair/ole/encode.x /mnt/data/datasets/machine-learning-matrices-split/glove.csv.16.13.B.vc 
OLE time: 0.3193
==== Ans-fold compression
Command: /home/louza/mm-repair/ans/encode.x /mnt/data/datasets/machine-learning-matrices-split/glove.csv.16.13.A.vc.C 
Command: /home/louza/mm-repair/ans/encode.x /mnt/data/datasets/machine-learning-matrices-split/glove.csv.16.13.B.vc
Ans-fold time: 11.9603
==== Integer vector .C compression
Command: /home/louza/mm-repair/sdsl/encode.x /mnt/data/datasets/machine-learning-matrices-split/glove.csv.16.14.A.vc.C 
==== Integer vector .R compression
Command: /home/louza/mm-repair/sdsl/encode.x /mnt/data/datasets/machine-learning-matrices-split/glove.csv.16.14.A.vc.R 
Integer vector compression time: 0.0277
==== OLE
Command: /home/louza/mm-repair/ole/encode.x /mnt/data/datasets/machine-learning-matrices-split/glove.csv.16.14.A.vc.C 
Command: /home/louza/mm-repair/ole/encode.x /mnt/data/datasets/machine-learning-matrices-split/glove.csv.16.14.B.vc 
OLE time: 0.2687
==== Ans-fold compression
Command: /home/louza/mm-repair/ans/encode.x /mnt/data/datasets/machine-learning-matrices-split/glove.csv.16.14.A.vc.C 
Command: /home/louza/mm-repair/ans/encode.x /mnt/data/datasets/machine-learning-matrices-split/glove.csv.16.14.B.vc
Ans-fold time: 12.8601
==== Integer vector .C compression
Command: /home/louza/mm-repair/sdsl/encode.x /mnt/data/datasets/machine-learning-matrices-split/glove.csv.16.15.A.vc.C 
==== Integer vector .R compression
Command: /home/louza/mm-repair/sdsl/encode.x /mnt/data/datasets/machine-learning-matrices-split/glove.csv.16.15.A.vc.R 
Integer vector compression time: 0.0252
==== OLE
Command: /home/louza/mm-repair/ole/encode.x /mnt/data/datasets/machine-learning-matrices-split/glove.csv.16.15.A.vc.C 
Command: /home/louza/mm-repair/ole/encode.x /mnt/data/datasets/machine-learning-matrices-split/glove.csv.16.15.B.vc 
OLE time: 0.2322
==== Ans-fold compression
Command: /home/louza/mm-repair/ans/encode.x /mnt/data/datasets/machine-learning-matrices-split/glove.csv.16.15.A.vc.C 
Command: /home/louza/mm-repair/ans/encode.x /mnt/data/datasets/machine-learning-matrices-split/glove.csv.16.15.B.vc
Ans-fold time: 13.5871
Command: /home/louza/mm-repair/ans/encode.x /mnt/data/datasets/machine-learning-matrices-split/glove.csv.wcode 
Elapsed time: 1064.3905
==== Compression Report:
 >> matrix name: /mnt/data/datasets/machine-learning-matrices-split/glove.csv
 >> conversion time: 1044.28
 >> repair time: 0.04
 >> integer vectors time: 0.03
 >> ansf time: 13.59
 >> total time: 1064.39
 >> wcode: 226590916 bytes
 >> wcode_ans: 16430594 bytes
 >> matrix log(alpha)xNumEntries size: 300000000 bytes
 >> matrix dense size: 960000000 bytes
 >> total number of nonzero: 0 (0.00%)
 >> number of distinct nonzero: 717119
 >> CRSV  size: 7336952 bytes  (0.76%)
 >> B	  size: 481600000 bytes  (50.17%)
 >> B_ans size: 284493010 bytes  (29.63%)
 >> RE32  size: 518420942 bytes  (54.00%)
 >> REIV  size: 516871342 bytes  (53.84%)
 >> REANS size: 306661564 bytes  (31.94%)
==== Done
REANS -b 4

#### 2026-09-04 22:50:14
 Command line: ./mm-repair/matrepair -r -b 4 -p 4 /mnt/data/datasets/machine-learning-matrices-split/glove.csv 400000 300 
Setting memory for each repair instance to 116013 MBs
Sending logging messages to file: /mnt/data/datasets/machine-learning-matrices-split/glove.csv.log
==== Conversion bin/csv->csrv
Command: /home/louza/mm-repair/csvmat2csrv -b 4   /mnt/data/datasets/machine-learning-matrices-split/glove.csv -r 0   400000 300
Conversion time: 374.9144
==== Repair paralell compression
---- Executing 4 parallel processes
---- Parallel processing completed
Repair time: 24.1449
==== Integer vector .C compression
Command: /home/louza/mm-repair/sdsl/encode.x /mnt/data/datasets/machine-learning-matrices-split/glove.csv.4.0.vc.C 
==== Integer vector .R compression
Command: /home/louza/mm-repair/sdsl/encode.x /mnt/data/datasets/machine-learning-matrices-split/glove.csv.4.0.vc.R 
Integer vector compression time: 1.2188
==== Ans-fold compression
Command: /home/louza/mm-repair/ans/encode.x /mnt/data/datasets/machine-learning-matrices-split/glove.csv.4.0.vc.C 
Ans-fold time: 26.3531
==== Integer vector .C compression
Command: /home/louza/mm-repair/sdsl/encode.x /mnt/data/datasets/machine-learning-matrices-split/glove.csv.4.1.vc.C 
==== Integer vector .R compression
Command: /home/louza/mm-repair/sdsl/encode.x /mnt/data/datasets/machine-learning-matrices-split/glove.csv.4.1.vc.R 
Integer vector compression time: 1.1445
==== Ans-fold compression
Command: /home/louza/mm-repair/ans/encode.x /mnt/data/datasets/machine-learning-matrices-split/glove.csv.4.1.vc.C 
Ans-fold time: 55.2663
==== Integer vector .C compression
Command: /home/louza/mm-repair/sdsl/encode.x /mnt/data/datasets/machine-learning-matrices-split/glove.csv.4.2.vc.C 
==== Integer vector .R compression
Command: /home/louza/mm-repair/sdsl/encode.x /mnt/data/datasets/machine-learning-matrices-split/glove.csv.4.2.vc.R 
Integer vector compression time: 1.2062
==== Ans-fold compression
Command: /home/louza/mm-repair/ans/encode.x /mnt/data/datasets/machine-learning-matrices-split/glove.csv.4.2.vc.C 
Ans-fold time: 77.5404
==== Integer vector .C compression
Command: /home/louza/mm-repair/sdsl/encode.x /mnt/data/datasets/machine-learning-matrices-split/glove.csv.4.3.vc.C 
==== Integer vector .R compression
Command: /home/louza/mm-repair/sdsl/encode.x /mnt/data/datasets/machine-learning-matrices-split/glove.csv.4.3.vc.R 
Integer vector compression time: 1.5952
==== Ans-fold compression
Command: /home/louza/mm-repair/ans/encode.x /mnt/data/datasets/machine-learning-matrices-split/glove.csv.4.3.vc.C 
Ans-fold time: 102.4861
Elapsed time: 506.7107
==== Compression Report:
 >> matrix name: /mnt/data/datasets/machine-learning-matrices-split/glove.csv
 >> conversion time: 374.91
 >> repair time: 24.14
 >> integer vectors time: 1.60
 >> ansf time: 102.49
 >> total time: 506.71
 >> matrix log(alpha)xNumEntries size: 300000000 bytes
 >> matrix dense size: 960000000 bytes
 >> total number of nonzero: 120000000 (100.00%)
 >> number of distinct nonzero: 717119
 >> CRSV  size: 487336952 bytes  (50.76%)
 >> RE32  size: 487336968 bytes  (50.76%)
 >> REIV  size: 427137064 bytes  (44.49%)
 >> REANS size: 407527153 bytes  (42.45%)
==== Done

#### 2026-09-04 22:58:41
 Command line: ./mm-repair/matrepair -r -b 4 -p 4 /mnt/data/datasets/machine-learning-matrices-split/glove.csv 400000 300 --ole 
Setting memory for each repair instance to 116013 MBs
Sending logging messages to file: /mnt/data/datasets/machine-learning-matrices-split/glove.csv.log
==== Conversion bin/csv->csrv
Command: /home/louza/mm-repair/csvmat2csrv -b 4   /mnt/data/datasets/machine-learning-matrices-split/glove.csv -r 0   400000 300
Conversion time: 463.3403
==== Repair paralell compression
---- Executing 4 parallel processes
---- Parallel processing completed
Repair time: 21.3601
==== Integer vector .C compression
Command: /home/louza/mm-repair/sdsl/encode.x /mnt/data/datasets/machine-learning-matrices-split/glove.csv.4.0.vc.C 
==== Integer vector .R compression
Command: /home/louza/mm-repair/sdsl/encode.x /mnt/data/datasets/machine-learning-matrices-split/glove.csv.4.0.vc.R 
Integer vector compression time: 4.3413
==== OLE
Command: /home/louza/mm-repair/ole/encode.x /mnt/data/datasets/machine-learning-matrices-split/glove.csv.4.0.vc.C 
OLE time: 5.3674
==== Ans-fold compression
Command: /home/louza/mm-repair/ans/encode.x /mnt/data/datasets/machine-learning-matrices-split/glove.csv.4.0.vc.C 
Ans-fold time: 8.3936
==== Integer vector .C compression
Command: /home/louza/mm-repair/sdsl/encode.x /mnt/data/datasets/machine-learning-matrices-split/glove.csv.4.1.vc.C 
==== Integer vector .R compression
Command: /home/louza/mm-repair/sdsl/encode.x /mnt/data/datasets/machine-learning-matrices-split/glove.csv.4.1.vc.R 
Integer vector compression time: 5.2518
==== OLE
Command: /home/louza/mm-repair/ole/encode.x /mnt/data/datasets/machine-learning-matrices-split/glove.csv.4.1.vc.C 
OLE time: 6.4336
==== Ans-fold compression
Command: /home/louza/mm-repair/ans/encode.x /mnt/data/datasets/machine-learning-matrices-split/glove.csv.4.1.vc.C 
Ans-fold time: 13.5598
==== Integer vector .C compression
Command: /home/louza/mm-repair/sdsl/encode.x /mnt/data/datasets/machine-learning-matrices-split/glove.csv.4.2.vc.C 
==== Integer vector .R compression
Command: /home/louza/mm-repair/sdsl/encode.x /mnt/data/datasets/machine-learning-matrices-split/glove.csv.4.2.vc.R 
Integer vector compression time: 5.1175
==== OLE
Command: /home/louza/mm-repair/ole/encode.x /mnt/data/datasets/machine-learning-matrices-split/glove.csv.4.2.vc.C 
OLE time: 4.2086
==== Ans-fold compression
Command: /home/louza/mm-repair/ans/encode.x /mnt/data/datasets/machine-learning-matrices-split/glove.csv.4.2.vc.C 
Ans-fold time: 18.0416
==== Integer vector .C compression
Command: /home/louza/mm-repair/sdsl/encode.x /mnt/data/datasets/machine-learning-matrices-split/glove.csv.4.3.vc.C 
==== Integer vector .R compression
Command: /home/louza/mm-repair/sdsl/encode.x /mnt/data/datasets/machine-learning-matrices-split/glove.csv.4.3.vc.R 
Integer vector compression time: 3.3405
==== OLE
Command: /home/louza/mm-repair/ole/encode.x /mnt/data/datasets/machine-learning-matrices-split/glove.csv.4.3.vc.C 
OLE time: 4.3105
==== Ans-fold compression
Command: /home/louza/mm-repair/ans/encode.x /mnt/data/datasets/machine-learning-matrices-split/glove.csv.4.3.vc.C 
Ans-fold time: 24.3837
Elapsed time: 547.4560
==== Compression Report:
 >> matrix name: /mnt/data/datasets/machine-learning-matrices-split/glove.csv
 >> conversion time: 463.34
 >> repair time: 21.36
 >> integer vectors time: 3.34
 >> ansf time: 24.38
 >> total time: 547.46
 >> matrix log(alpha)xNumEntries size: 300000000 bytes
 >> matrix dense size: 960000000 bytes
 >> total number of nonzero: 120000000 (100.00%)
 >> number of distinct nonzero: 717119
 >> CRSV  size: 487336952 bytes  (50.76%)
 >> RE32  size: 487336968 bytes  (50.76%)
 >> REIV  size: 427137064 bytes  (44.49%)
 >> REANS size: 309506483 bytes  (32.24%)
==== Done

#### 2026-09-04 23:07:48
 Command line: ./mm-repair/matrepair -r -b 4 -p 4 /mnt/data/datasets/machine-learning-matrices-split/glove.csv 400000 300 --mapping 
Setting memory for each repair instance to 116013 MBs
Sending logging messages to file: /mnt/data/datasets/machine-learning-matrices-split/glove.csv.log
==== Conversion bin/csv->csrv
Command: /home/louza/mm-repair/csvmat2csrv -b 4   /mnt/data/datasets/machine-learning-matrices-split/glove.csv -r 0 -m  400000 300
Conversion time: 758.0204
==== Repair paralell compression
---- Executing 4 parallel processes
---- Parallel processing completed
Repair time: 20.5738
==== Integer vector .C compression
Command: /home/louza/mm-repair/sdsl/encode.x /mnt/data/datasets/machine-learning-matrices-split/glove.csv.4.0.vc.C 
==== Integer vector .R compression
Command: /home/louza/mm-repair/sdsl/encode.x /mnt/data/datasets/machine-learning-matrices-split/glove.csv.4.0.vc.R 
Integer vector compression time: 4.2290
==== Ans-fold compression
Command: /home/louza/mm-repair/ans/encode.x /mnt/data/datasets/machine-learning-matrices-split/glove.csv.4.0.vc.C 
Ans-fold time: 22.4851
==== Integer vector .C compression
Command: /home/louza/mm-repair/sdsl/encode.x /mnt/data/datasets/machine-learning-matrices-split/glove.csv.4.1.vc.C 
==== Integer vector .R compression
Command: /home/louza/mm-repair/sdsl/encode.x /mnt/data/datasets/machine-learning-matrices-split/glove.csv.4.1.vc.R 
Integer vector compression time: 2.0972
==== Ans-fold compression
Command: /home/louza/mm-repair/ans/encode.x /mnt/data/datasets/machine-learning-matrices-split/glove.csv.4.1.vc.C 
Ans-fold time: 39.6939
==== Integer vector .C compression
Command: /home/louza/mm-repair/sdsl/encode.x /mnt/data/datasets/machine-learning-matrices-split/glove.csv.4.2.vc.C 
==== Integer vector .R compression
Command: /home/louza/mm-repair/sdsl/encode.x /mnt/data/datasets/machine-learning-matrices-split/glove.csv.4.2.vc.R 
Integer vector compression time: 2.0775
==== Ans-fold compression
Command: /home/louza/mm-repair/ans/encode.x /mnt/data/datasets/machine-learning-matrices-split/glove.csv.4.2.vc.C 
Ans-fold time: 57.6693
==== Integer vector .C compression
Command: /home/louza/mm-repair/sdsl/encode.x /mnt/data/datasets/machine-learning-matrices-split/glove.csv.4.3.vc.C 
==== Integer vector .R compression
Command: /home/louza/mm-repair/sdsl/encode.x /mnt/data/datasets/machine-learning-matrices-split/glove.csv.4.3.vc.R 
Integer vector compression time: 2.0704
==== Ans-fold compression
Command: /home/louza/mm-repair/ans/encode.x /mnt/data/datasets/machine-learning-matrices-split/glove.csv.4.3.vc.C 
Ans-fold time: 82.9644
Command: /home/louza/mm-repair/ans/encode.x /mnt/data/datasets/machine-learning-matrices-split/glove.csv.wcode 
Elapsed time: 874.2022
==== Compression Report:
 >> matrix name: /mnt/data/datasets/machine-learning-matrices-split/glove.csv
 >> conversion time: 758.02
 >> repair time: 20.57
 >> integer vectors time: 2.07
 >> ansf time: 82.96
 >> total time: 874.20
 >> wcode: 226590916 bytes
 >> wcode_ans: 16430594 bytes
 >> matrix log(alpha)xNumEntries size: 300000000 bytes
 >> matrix dense size: 960000000 bytes
 >> total number of nonzero: 120000000 (100.00%)
 >> number of distinct nonzero: 717119
 >> CRSV  size: 487336952 bytes  (50.76%)
 >> RE32  size: 713927884 bytes  (74.37%)
 >> REIV  size: 623627980 bytes  (64.96%)
 >> REANS size: 409350755 bytes  (42.64%)
==== Done

#### 2026-09-04 23:22:22
 Command line: ./mm-repair/matrepair -r -b 4 -p 4 /mnt/data/datasets/machine-learning-matrices-split/glove.csv 400000 300 --split 
Setting memory for each repair instance to 116013 MBs
Sending logging messages to file: /mnt/data/datasets/machine-learning-matrices-split/glove.csv.log
==== Conversion bin/csv->csrv
Command: /home/louza/mm-repair/csvmat2csrv -b 4   /mnt/data/datasets/machine-learning-matrices-split/glove.csv -r 0  -s 400000 300
Conversion time: 789.4009
==== Repair paralell compression
---- Executing 4 parallel processes
---- Parallel processing completed
Repair time: 0.0306
==== Integer vector .C compression
Command: /home/louza/mm-repair/sdsl/encode.x /mnt/data/datasets/machine-learning-matrices-split/glove.csv.4.0.A.vc.C 
==== Integer vector .R compression
Command: /home/louza/mm-repair/sdsl/encode.x /mnt/data/datasets/machine-learning-matrices-split/glove.csv.4.0.A.vc.R 
Integer vector compression time: 0.0262
==== Ans-fold compression
Command: /home/louza/mm-repair/ans/encode.x /mnt/data/datasets/machine-learning-matrices-split/glove.csv.4.0.A.vc.C 
Command: /home/louza/mm-repair/ans/encode.x /mnt/data/datasets/machine-learning-matrices-split/glove.csv.4.0.B.vc
Ans-fold time: 20.6298
==== Integer vector .C compression
Command: /home/louza/mm-repair/sdsl/encode.x /mnt/data/datasets/machine-learning-matrices-split/glove.csv.4.1.A.vc.C 
==== Integer vector .R compression
Command: /home/louza/mm-repair/sdsl/encode.x /mnt/data/datasets/machine-learning-matrices-split/glove.csv.4.1.A.vc.R 
Integer vector compression time: 0.0228
==== Ans-fold compression
Command: /home/louza/mm-repair/ans/encode.x /mnt/data/datasets/machine-learning-matrices-split/glove.csv.4.1.A.vc.C 
Command: /home/louza/mm-repair/ans/encode.x /mnt/data/datasets/machine-learning-matrices-split/glove.csv.4.1.B.vc
Ans-fold time: 48.2137
==== Integer vector .C compression
Command: /home/louza/mm-repair/sdsl/encode.x /mnt/data/datasets/machine-learning-matrices-split/glove.csv.4.2.A.vc.C 
==== Integer vector .R compression
Command: /home/louza/mm-repair/sdsl/encode.x /mnt/data/datasets/machine-learning-matrices-split/glove.csv.4.2.A.vc.R 
Integer vector compression time: 0.0316
==== Ans-fold compression
Command: /home/louza/mm-repair/ans/encode.x /mnt/data/datasets/machine-learning-matrices-split/glove.csv.4.2.A.vc.C 
Command: /home/louza/mm-repair/ans/encode.x /mnt/data/datasets/machine-learning-matrices-split/glove.csv.4.2.B.vc
Ans-fold time: 74.1660
==== Integer vector .C compression
Command: /home/louza/mm-repair/sdsl/encode.x /mnt/data/datasets/machine-learning-matrices-split/glove.csv.4.3.A.vc.C 
==== Integer vector .R compression
Command: /home/louza/mm-repair/sdsl/encode.x /mnt/data/datasets/machine-learning-matrices-split/glove.csv.4.3.A.vc.R 
Integer vector compression time: 0.0334
==== Ans-fold compression
Command: /home/louza/mm-repair/ans/encode.x /mnt/data/datasets/machine-learning-matrices-split/glove.csv.4.3.A.vc.C 
Command: /home/louza/mm-repair/ans/encode.x /mnt/data/datasets/machine-learning-matrices-split/glove.csv.4.3.B.vc
Ans-fold time: 100.6518
Elapsed time: 890.1978
==== Compression Report:
 >> matrix name: /mnt/data/datasets/machine-learning-matrices-split/glove.csv
 >> conversion time: 789.40
 >> repair time: 0.03
 >> integer vectors time: 0.03
 >> ansf time: 100.65
 >> total time: 890.20
 >> matrix log(alpha)xNumEntries size: 300000000 bytes
 >> matrix dense size: 960000000 bytes
 >> total number of nonzero: 0 (0.00%)
 >> number of distinct nonzero: 717119
 >> CRSV  size: 7336952 bytes  (0.76%)
 >> B	  size: 481600000 bytes  (50.17%)
 >> B_ans size: 401789755 bytes  (41.85%)
 >> RE32  size: 409126723 bytes  (42.62%)
 >> REIV  size: 407576827 bytes  (42.46%)
 >> REANS size: 407526959 bytes  (42.45%)
==== Done

#### 2026-09-04 23:37:13
 Command line: ./mm-repair/matrepair -r -b 4 -p 4 /mnt/data/datasets/machine-learning-matrices-split/glove.csv 400000 300 --ole --mapping 
Setting memory for each repair instance to 116013 MBs
Sending logging messages to file: /mnt/data/datasets/machine-learning-matrices-split/glove.csv.log
==== Conversion bin/csv->csrv
Command: /home/louza/mm-repair/csvmat2csrv -b 4   /mnt/data/datasets/machine-learning-matrices-split/glove.csv -r 0 -m  400000 300
Conversion time: 699.5413
==== Repair paralell compression
---- Executing 4 parallel processes
---- Parallel processing completed
Repair time: 13.8732
==== Integer vector .C compression
Command: /home/louza/mm-repair/sdsl/encode.x /mnt/data/datasets/machine-learning-matrices-split/glove.csv.4.0.vc.C 
==== Integer vector .R compression
Command: /home/louza/mm-repair/sdsl/encode.x /mnt/data/datasets/machine-learning-matrices-split/glove.csv.4.0.vc.R 
Integer vector compression time: 1.6101
==== OLE
Command: /home/louza/mm-repair/ole/encode.x /mnt/data/datasets/machine-learning-matrices-split/glove.csv.4.0.vc.C 
OLE time: 1.7204
==== Ans-fold compression
Command: /home/louza/mm-repair/ans/encode.x /mnt/data/datasets/machine-learning-matrices-split/glove.csv.4.0.vc.C 
Ans-fold time: 2.2228
==== Integer vector .C compression
Command: /home/louza/mm-repair/sdsl/encode.x /mnt/data/datasets/machine-learning-matrices-split/glove.csv.4.1.vc.C 
==== Integer vector .R compression
Command: /home/louza/mm-repair/sdsl/encode.x /mnt/data/datasets/machine-learning-matrices-split/glove.csv.4.1.vc.R 
Integer vector compression time: 1.3813
==== OLE
Command: /home/louza/mm-repair/ole/encode.x /mnt/data/datasets/machine-learning-matrices-split/glove.csv.4.1.vc.C 
OLE time: 1.6067
==== Ans-fold compression
Command: /home/louza/mm-repair/ans/encode.x /mnt/data/datasets/machine-learning-matrices-split/glove.csv.4.1.vc.C 
Ans-fold time: 5.6026
==== Integer vector .C compression
Command: /home/louza/mm-repair/sdsl/encode.x /mnt/data/datasets/machine-learning-matrices-split/glove.csv.4.2.vc.C 
==== Integer vector .R compression
Command: /home/louza/mm-repair/sdsl/encode.x /mnt/data/datasets/machine-learning-matrices-split/glove.csv.4.2.vc.R 
Integer vector compression time: 2.0454
==== OLE
Command: /home/louza/mm-repair/ole/encode.x /mnt/data/datasets/machine-learning-matrices-split/glove.csv.4.2.vc.C 
OLE time: 2.2386
==== Ans-fold compression
Command: /home/louza/mm-repair/ans/encode.x /mnt/data/datasets/machine-learning-matrices-split/glove.csv.4.2.vc.C 
Ans-fold time: 8.2645
==== Integer vector .C compression
Command: /home/louza/mm-repair/sdsl/encode.x /mnt/data/datasets/machine-learning-matrices-split/glove.csv.4.3.vc.C 
==== Integer vector .R compression
Command: /home/louza/mm-repair/sdsl/encode.x /mnt/data/datasets/machine-learning-matrices-split/glove.csv.4.3.vc.R 
Integer vector compression time: 1.9608
==== OLE
Command: /home/louza/mm-repair/ole/encode.x /mnt/data/datasets/machine-learning-matrices-split/glove.csv.4.3.vc.C 
OLE time: 1.8785
==== Ans-fold compression
Command: /home/louza/mm-repair/ans/encode.x /mnt/data/datasets/machine-learning-matrices-split/glove.csv.4.3.vc.C 
Ans-fold time: 10.7385
Command: /home/louza/mm-repair/ans/encode.x /mnt/data/datasets/machine-learning-matrices-split/glove.csv.wcode 
Elapsed time: 740.3267
==== Compression Report:
 >> matrix name: /mnt/data/datasets/machine-learning-matrices-split/glove.csv
 >> conversion time: 699.54
 >> repair time: 13.87
 >> integer vectors time: 1.96
 >> ansf time: 10.74
 >> total time: 740.33
 >> wcode: 226590916 bytes
 >> wcode_ans: 16430594 bytes
 >> matrix log(alpha)xNumEntries size: 300000000 bytes
 >> matrix dense size: 960000000 bytes
 >> total number of nonzero: 120000000 (100.00%)
 >> number of distinct nonzero: 717119
 >> CRSV  size: 487336952 bytes  (50.76%)
 >> RE32  size: 713927884 bytes  (74.37%)
 >> REIV  size: 623627980 bytes  (64.96%)
 >> REANS size: 306752168 bytes  (31.95%)
==== Done

#### 2026-09-04 23:49:33
 Command line: ./mm-repair/matrepair -r -b 4 -p 4 /mnt/data/datasets/machine-learning-matrices-split/glove.csv 400000 300 --ole --split 
Setting memory for each repair instance to 116013 MBs
Sending logging messages to file: /mnt/data/datasets/machine-learning-matrices-split/glove.csv.log
==== Conversion bin/csv->csrv
Command: /home/louza/mm-repair/csvmat2csrv -b 4   /mnt/data/datasets/machine-learning-matrices-split/glove.csv -r 0  -s 400000 300
Conversion time: 758.5846
==== Repair paralell compression
---- Executing 4 parallel processes
---- Parallel processing completed
Repair time: 0.1769
==== Integer vector .C compression
Command: /home/louza/mm-repair/sdsl/encode.x /mnt/data/datasets/machine-learning-matrices-split/glove.csv.4.0.A.vc.C 
==== Integer vector .R compression
Command: /home/louza/mm-repair/sdsl/encode.x /mnt/data/datasets/machine-learning-matrices-split/glove.csv.4.0.A.vc.R 
Integer vector compression time: 0.1157
==== OLE
Command: /home/louza/mm-repair/ole/encode.x /mnt/data/datasets/machine-learning-matrices-split/glove.csv.4.0.A.vc.C 
Command: /home/louza/mm-repair/ole/encode.x /mnt/data/datasets/machine-learning-matrices-split/glove.csv.4.0.B.vc 
OLE time: 4.5016
==== Ans-fold compression
Command: /home/louza/mm-repair/ans/encode.x /mnt/data/datasets/machine-learning-matrices-split/glove.csv.4.0.A.vc.C 
Command: /home/louza/mm-repair/ans/encode.x /mnt/data/datasets/machine-learning-matrices-split/glove.csv.4.0.B.vc
Ans-fold time: 7.7587
==== Integer vector .C compression
Command: /home/louza/mm-repair/sdsl/encode.x /mnt/data/datasets/machine-learning-matrices-split/glove.csv.4.1.A.vc.C 
==== Integer vector .R compression
Command: /home/louza/mm-repair/sdsl/encode.x /mnt/data/datasets/machine-learning-matrices-split/glove.csv.4.1.A.vc.R 
Integer vector compression time: 0.0451
==== OLE
Command: /home/louza/mm-repair/ole/encode.x /mnt/data/datasets/machine-learning-matrices-split/glove.csv.4.1.A.vc.C 
Command: /home/louza/mm-repair/ole/encode.x /mnt/data/datasets/machine-learning-matrices-split/glove.csv.4.1.B.vc 
OLE time: 4.1299
==== Ans-fold compression
Command: /home/louza/mm-repair/ans/encode.x /mnt/data/datasets/machine-learning-matrices-split/glove.csv.4.1.A.vc.C 
Command: /home/louza/mm-repair/ans/encode.x /mnt/data/datasets/machine-learning-matrices-split/glove.csv.4.1.B.vc
Ans-fold time: 12.6772
==== Integer vector .C compression
Command: /home/louza/mm-repair/sdsl/encode.x /mnt/data/datasets/machine-learning-matrices-split/glove.csv.4.2.A.vc.C 
==== Integer vector .R compression
Command: /home/louza/mm-repair/sdsl/encode.x /mnt/data/datasets/machine-learning-matrices-split/glove.csv.4.2.A.vc.R 
Integer vector compression time: 0.0400
==== OLE
Command: /home/louza/mm-repair/ole/encode.x /mnt/data/datasets/machine-learning-matrices-split/glove.csv.4.2.A.vc.C 
Command: /home/louza/mm-repair/ole/encode.x /mnt/data/datasets/machine-learning-matrices-split/glove.csv.4.2.B.vc 
OLE time: 2.5928
==== Ans-fold compression
Command: /home/louza/mm-repair/ans/encode.x /mnt/data/datasets/machine-learning-matrices-split/glove.csv.4.2.A.vc.C 
Command: /home/louza/mm-repair/ans/encode.x /mnt/data/datasets/machine-learning-matrices-split/glove.csv.4.2.B.vc
Ans-fold time: 18.1439
==== Integer vector .C compression
Command: /home/louza/mm-repair/sdsl/encode.x /mnt/data/datasets/machine-learning-matrices-split/glove.csv.4.3.A.vc.C 
==== Integer vector .R compression
Command: /home/louza/mm-repair/sdsl/encode.x /mnt/data/datasets/machine-learning-matrices-split/glove.csv.4.3.A.vc.R 
Integer vector compression time: 0.0269
==== OLE
Command: /home/louza/mm-repair/ole/encode.x /mnt/data/datasets/machine-learning-matrices-split/glove.csv.4.3.A.vc.C 
Command: /home/louza/mm-repair/ole/encode.x /mnt/data/datasets/machine-learning-matrices-split/glove.csv.4.3.B.vc 
OLE time: 2.1676
==== Ans-fold compression
Command: /home/louza/mm-repair/ans/encode.x /mnt/data/datasets/machine-learning-matrices-split/glove.csv.4.3.A.vc.C 
Command: /home/louza/mm-repair/ans/encode.x /mnt/data/datasets/machine-learning-matrices-split/glove.csv.4.3.B.vc
Ans-fold time: 22.7770
Elapsed time: 795.3248
==== Compression Report:
 >> matrix name: /mnt/data/datasets/machine-learning-matrices-split/glove.csv
 >> conversion time: 758.58
 >> repair time: 0.18
 >> integer vectors time: 0.03
 >> ansf time: 22.78
 >> total time: 795.32
 >> matrix log(alpha)xNumEntries size: 300000000 bytes
 >> matrix dense size: 960000000 bytes
 >> total number of nonzero: 0 (0.00%)
 >> number of distinct nonzero: 717119
 >> CRSV  size: 7336952 bytes  (0.76%)
 >> B	  size: 481600000 bytes  (50.17%)
 >> B_ans size: 303767848 bytes  (31.64%)
 >> RE32  size: 311104816 bytes  (32.41%)
 >> REIV  size: 309554920 bytes  (32.25%)
 >> REANS size: 309505052 bytes  (32.24%)
==== Done

#### 2026-09-05 00:02:49
 Command line: ./mm-repair/matrepair -r -b 4 -p 4 /mnt/data/datasets/machine-learning-matrices-split/glove.csv 400000 300 --mapping --split 
Setting memory for each repair instance to 116013 MBs
Sending logging messages to file: /mnt/data/datasets/machine-learning-matrices-split/glove.csv.log
==== Conversion bin/csv->csrv
Command: /home/louza/mm-repair/csvmat2csrv -b 4   /mnt/data/datasets/machine-learning-matrices-split/glove.csv -r 0 -m -s 400000 300
Conversion time: 1137.5859
==== Repair paralell compression
---- Executing 4 parallel processes
---- Parallel processing completed
Repair time: 0.0271
==== Integer vector .C compression
Command: /home/louza/mm-repair/sdsl/encode.x /mnt/data/datasets/machine-learning-matrices-split/glove.csv.4.0.A.vc.C 
==== Integer vector .R compression
Command: /home/louza/mm-repair/sdsl/encode.x /mnt/data/datasets/machine-learning-matrices-split/glove.csv.4.0.A.vc.R 
Integer vector compression time: 0.0253
==== Ans-fold compression
Command: /home/louza/mm-repair/ans/encode.x /mnt/data/datasets/machine-learning-matrices-split/glove.csv.4.0.A.vc.C 
Command: /home/louza/mm-repair/ans/encode.x /mnt/data/datasets/machine-learning-matrices-split/glove.csv.4.0.B.vc
Ans-fold time: 15.8804
==== Integer vector .C compression
Command: /home/louza/mm-repair/sdsl/encode.x /mnt/data/datasets/machine-learning-matrices-split/glove.csv.4.1.A.vc.C 
==== Integer vector .R compression
Command: /home/louza/mm-repair/sdsl/encode.x /mnt/data/datasets/machine-learning-matrices-split/glove.csv.4.1.A.vc.R 
Integer vector compression time: 0.0901
==== Ans-fold compression
Command: /home/louza/mm-repair/ans/encode.x /mnt/data/datasets/machine-learning-matrices-split/glove.csv.4.1.A.vc.C 
Command: /home/louza/mm-repair/ans/encode.x /mnt/data/datasets/machine-learning-matrices-split/glove.csv.4.1.B.vc
Ans-fold time: 31.3514
==== Integer vector .C compression
Command: /home/louza/mm-repair/sdsl/encode.x /mnt/data/datasets/machine-learning-matrices-split/glove.csv.4.2.A.vc.C 
==== Integer vector .R compression
Command: /home/louza/mm-repair/sdsl/encode.x /mnt/data/datasets/machine-learning-matrices-split/glove.csv.4.2.A.vc.R 
Integer vector compression time: 0.0198
==== Ans-fold compression
Command: /home/louza/mm-repair/ans/encode.x /mnt/data/datasets/machine-learning-matrices-split/glove.csv.4.2.A.vc.C 
Command: /home/louza/mm-repair/ans/encode.x /mnt/data/datasets/machine-learning-matrices-split/glove.csv.4.2.B.vc
Ans-fold time: 46.1294
==== Integer vector .C compression
Command: /home/louza/mm-repair/sdsl/encode.x /mnt/data/datasets/machine-learning-matrices-split/glove.csv.4.3.A.vc.C 
==== Integer vector .R compression
Command: /home/louza/mm-repair/sdsl/encode.x /mnt/data/datasets/machine-learning-matrices-split/glove.csv.4.3.A.vc.R 
Integer vector compression time: 0.0202
==== Ans-fold compression
Command: /home/louza/mm-repair/ans/encode.x /mnt/data/datasets/machine-learning-matrices-split/glove.csv.4.3.A.vc.C 
Command: /home/louza/mm-repair/ans/encode.x /mnt/data/datasets/machine-learning-matrices-split/glove.csv.4.3.B.vc
Ans-fold time: 60.8948
Command: /home/louza/mm-repair/ans/encode.x /mnt/data/datasets/machine-learning-matrices-split/glove.csv.wcode 
Elapsed time: 1200.2723
==== Compression Report:
 >> matrix name: /mnt/data/datasets/machine-learning-matrices-split/glove.csv
 >> conversion time: 1137.59
 >> repair time: 0.03
 >> integer vectors time: 0.02
 >> ansf time: 60.89
 >> total time: 1200.27
 >> wcode: 226590916 bytes
 >> wcode_ans: 16430594 bytes
 >> matrix log(alpha)xNumEntries size: 300000000 bytes
 >> matrix dense size: 960000000 bytes
 >> total number of nonzero: 0 (0.00%)
 >> number of distinct nonzero: 717119
 >> CRSV  size: 7336952 bytes  (0.76%)
 >> B	  size: 481600000 bytes  (50.17%)
 >> B_ans size: 387182923 bytes  (40.33%)
 >> RE32  size: 621110807 bytes  (64.70%)
 >> REIV  size: 619560911 bytes  (64.54%)
 >> REANS size: 409350721 bytes  (42.64%)
==== Done

#### 2026-09-05 00:22:49
 Command line: ./mm-repair/matrepair -r -b 4 -p 4 /mnt/data/datasets/machine-learning-matrices-split/glove.csv 400000 300 --ole --mapping --split 
Setting memory for each repair instance to 116013 MBs
Sending logging messages to file: /mnt/data/datasets/machine-learning-matrices-split/glove.csv.log
==== Conversion bin/csv->csrv
Command: /home/louza/mm-repair/csvmat2csrv -b 4   /mnt/data/datasets/machine-learning-matrices-split/glove.csv -r 0 -m -s 400000 300
Conversion time: 1146.4032
==== Repair paralell compression
---- Executing 4 parallel processes
---- Parallel processing completed
Repair time: 0.0536
==== Integer vector .C compression
Command: /home/louza/mm-repair/sdsl/encode.x /mnt/data/datasets/machine-learning-matrices-split/glove.csv.4.0.A.vc.C 
==== Integer vector .R compression
Command: /home/louza/mm-repair/sdsl/encode.x /mnt/data/datasets/machine-learning-matrices-split/glove.csv.4.0.A.vc.R 
Integer vector compression time: 0.0450
==== OLE
Command: /home/louza/mm-repair/ole/encode.x /mnt/data/datasets/machine-learning-matrices-split/glove.csv.4.0.A.vc.C 
Command: /home/louza/mm-repair/ole/encode.x /mnt/data/datasets/machine-learning-matrices-split/glove.csv.4.0.B.vc 
OLE time: 1.3668
==== Ans-fold compression
Command: /home/louza/mm-repair/ans/encode.x /mnt/data/datasets/machine-learning-matrices-split/glove.csv.4.0.A.vc.C 
Command: /home/louza/mm-repair/ans/encode.x /mnt/data/datasets/machine-learning-matrices-split/glove.csv.4.0.B.vc
Ans-fold time: 2.7365
==== Integer vector .C compression
Command: /home/louza/mm-repair/sdsl/encode.x /mnt/data/datasets/machine-learning-matrices-split/glove.csv.4.1.A.vc.C 
==== Integer vector .R compression
Command: /home/louza/mm-repair/sdsl/encode.x /mnt/data/datasets/machine-learning-matrices-split/glove.csv.4.1.A.vc.R 
Integer vector compression time: 0.0269
==== OLE
Command: /home/louza/mm-repair/ole/encode.x /mnt/data/datasets/machine-learning-matrices-split/glove.csv.4.1.A.vc.C 
Command: /home/louza/mm-repair/ole/encode.x /mnt/data/datasets/machine-learning-matrices-split/glove.csv.4.1.B.vc 
OLE time: 1.9976
==== Ans-fold compression
Command: /home/louza/mm-repair/ans/encode.x /mnt/data/datasets/machine-learning-matrices-split/glove.csv.4.1.A.vc.C 
Command: /home/louza/mm-repair/ans/encode.x /mnt/data/datasets/machine-learning-matrices-split/glove.csv.4.1.B.vc
Ans-fold time: 5.6564
==== Integer vector .C compression
Command: /home/louza/mm-repair/sdsl/encode.x /mnt/data/datasets/machine-learning-matrices-split/glove.csv.4.2.A.vc.C 
==== Integer vector .R compression
Command: /home/louza/mm-repair/sdsl/encode.x /mnt/data/datasets/machine-learning-matrices-split/glove.csv.4.2.A.vc.R 
Integer vector compression time: 0.0317
==== OLE
Command: /home/louza/mm-repair/ole/encode.x /mnt/data/datasets/machine-learning-matrices-split/glove.csv.4.2.A.vc.C 
Command: /home/louza/mm-repair/ole/encode.x /mnt/data/datasets/machine-learning-matrices-split/glove.csv.4.2.B.vc 
OLE time: 1.9895
==== Ans-fold compression
Command: /home/louza/mm-repair/ans/encode.x /mnt/data/datasets/machine-learning-matrices-split/glove.csv.4.2.A.vc.C 
Command: /home/louza/mm-repair/ans/encode.x /mnt/data/datasets/machine-learning-matrices-split/glove.csv.4.2.B.vc
Ans-fold time: 8.6081
==== Integer vector .C compression
Command: /home/louza/mm-repair/sdsl/encode.x /mnt/data/datasets/machine-learning-matrices-split/glove.csv.4.3.A.vc.C 
==== Integer vector .R compression
Command: /home/louza/mm-repair/sdsl/encode.x /mnt/data/datasets/machine-learning-matrices-split/glove.csv.4.3.A.vc.R 
Integer vector compression time: 0.0461
==== OLE
Command: /home/louza/mm-repair/ole/encode.x /mnt/data/datasets/machine-learning-matrices-split/glove.csv.4.3.A.vc.C 
Command: /home/louza/mm-repair/ole/encode.x /mnt/data/datasets/machine-learning-matrices-split/glove.csv.4.3.B.vc 
OLE time: 1.4602
==== Ans-fold compression
Command: /home/louza/mm-repair/ans/encode.x /mnt/data/datasets/machine-learning-matrices-split/glove.csv.4.3.A.vc.C 
Command: /home/louza/mm-repair/ans/encode.x /mnt/data/datasets/machine-learning-matrices-split/glove.csv.4.3.B.vc
Ans-fold time: 12.2833
Command: /home/louza/mm-repair/ans/encode.x /mnt/data/datasets/machine-learning-matrices-split/glove.csv.wcode 
Elapsed time: 1167.8052
==== Compression Report:
 >> matrix name: /mnt/data/datasets/machine-learning-matrices-split/glove.csv
 >> conversion time: 1146.40
 >> repair time: 0.05
 >> integer vectors time: 0.05
 >> ansf time: 12.28
 >> total time: 1167.81
 >> wcode: 226590916 bytes
 >> wcode_ans: 16430594 bytes
 >> matrix log(alpha)xNumEntries size: 300000000 bytes
 >> matrix dense size: 960000000 bytes
 >> total number of nonzero: 0 (0.00%)
 >> number of distinct nonzero: 717119
 >> CRSV  size: 7336952 bytes  (0.76%)
 >> B	  size: 481600000 bytes  (50.17%)
 >> B_ans size: 284581238 bytes  (29.64%)
 >> RE32  size: 518509122 bytes  (54.01%)
 >> REIV  size: 516959226 bytes  (53.85%)
 >> REANS size: 306749036 bytes  (31.95%)
==== Done
REANS -b 8

#### 2026-09-05 13:56:06
 Command line: ./mm-repair/matrepair -r -b 8 -p 8 /mnt/data/datasets/machine-learning-matrices-split/glove.csv 400000 300 
Setting memory for each repair instance to 58006 MBs
Sending logging messages to file: /mnt/data/datasets/machine-learning-matrices-split/glove.csv.log
==== Conversion bin/csv->csrv
Command: /home/louza/mm-repair/csvmat2csrv -b 8   /mnt/data/datasets/machine-learning-matrices-split/glove.csv -r 0   400000 300
Conversion time: 60.7915
==== Repair paralell compression
---- Executing 8 parallel processes
---- Parallel processing completed
Repair time: 36.1147
==== Integer vector .C compression
Command: /home/louza/mm-repair/sdsl/encode.x /mnt/data/datasets/machine-learning-matrices-split/glove.csv.8.0.vc.C 
==== Integer vector .R compression
Command: /home/louza/mm-repair/sdsl/encode.x /mnt/data/datasets/machine-learning-matrices-split/glove.csv.8.0.vc.R 
Integer vector compression time: 0.6057
==== Ans-fold compression
Command: /home/louza/mm-repair/ans/encode.x /mnt/data/datasets/machine-learning-matrices-split/glove.csv.8.0.vc.C 
Ans-fold time: 37.2485
==== Integer vector .C compression
Command: /home/louza/mm-repair/sdsl/encode.x /mnt/data/datasets/machine-learning-matrices-split/glove.csv.8.1.vc.C 
==== Integer vector .R compression
Command: /home/louza/mm-repair/sdsl/encode.x /mnt/data/datasets/machine-learning-matrices-split/glove.csv.8.1.vc.R 
Integer vector compression time: 0.6102
==== Ans-fold compression
Command: /home/louza/mm-repair/ans/encode.x /mnt/data/datasets/machine-learning-matrices-split/glove.csv.8.1.vc.C 
Ans-fold time: 59.8353
==== Integer vector .C compression
Command: /home/louza/mm-repair/sdsl/encode.x /mnt/data/datasets/machine-learning-matrices-split/glove.csv.8.2.vc.C 
==== Integer vector .R compression
Command: /home/louza/mm-repair/sdsl/encode.x /mnt/data/datasets/machine-learning-matrices-split/glove.csv.8.2.vc.R 
Integer vector compression time: 0.6168
==== Ans-fold compression
Command: /home/louza/mm-repair/ans/encode.x /mnt/data/datasets/machine-learning-matrices-split/glove.csv.8.2.vc.C 
Ans-fold time: 77.9918
==== Integer vector .C compression
Command: /home/louza/mm-repair/sdsl/encode.x /mnt/data/datasets/machine-learning-matrices-split/glove.csv.8.3.vc.C 
==== Integer vector .R compression
Command: /home/louza/mm-repair/sdsl/encode.x /mnt/data/datasets/machine-learning-matrices-split/glove.csv.8.3.vc.R 
Integer vector compression time: 0.6546
==== Ans-fold compression
Command: /home/louza/mm-repair/ans/encode.x /mnt/data/datasets/machine-learning-matrices-split/glove.csv.8.3.vc.C 
Ans-fold time: 117.1087
==== Integer vector .C compression
Command: /home/louza/mm-repair/sdsl/encode.x /mnt/data/datasets/machine-learning-matrices-split/glove.csv.8.4.vc.C 
==== Integer vector .R compression
Command: /home/louza/mm-repair/sdsl/encode.x /mnt/data/datasets/machine-learning-matrices-split/glove.csv.8.4.vc.R 
Integer vector compression time: 0.6711
==== Ans-fold compression
Command: /home/louza/mm-repair/ans/encode.x /mnt/data/datasets/machine-learning-matrices-split/glove.csv.8.4.vc.C 
Ans-fold time: 134.4161
==== Integer vector .C compression
Command: /home/louza/mm-repair/sdsl/encode.x /mnt/data/datasets/machine-learning-matrices-split/glove.csv.8.5.vc.C 
==== Integer vector .R compression
Command: /home/louza/mm-repair/sdsl/encode.x /mnt/data/datasets/machine-learning-matrices-split/glove.csv.8.5.vc.R 
Integer vector compression time: 0.5890
==== Ans-fold compression
Command: /home/louza/mm-repair/ans/encode.x /mnt/data/datasets/machine-learning-matrices-split/glove.csv.8.5.vc.C 
Ans-fold time: 147.3546
==== Integer vector .C compression
Command: /home/louza/mm-repair/sdsl/encode.x /mnt/data/datasets/machine-learning-matrices-split/glove.csv.8.6.vc.C 
==== Integer vector .R compression
Command: /home/louza/mm-repair/sdsl/encode.x /mnt/data/datasets/machine-learning-matrices-split/glove.csv.8.6.vc.R 
Integer vector compression time: 0.6251
==== Ans-fold compression
Command: /home/louza/mm-repair/ans/encode.x /mnt/data/datasets/machine-learning-matrices-split/glove.csv.8.6.vc.C 
Ans-fold time: 160.3160
==== Integer vector .C compression
Command: /home/louza/mm-repair/sdsl/encode.x /mnt/data/datasets/machine-learning-matrices-split/glove.csv.8.7.vc.C 
==== Integer vector .R compression
Command: /home/louza/mm-repair/sdsl/encode.x /mnt/data/datasets/machine-learning-matrices-split/glove.csv.8.7.vc.R 
Integer vector compression time: 0.5239
==== Ans-fold compression
Command: /home/louza/mm-repair/ans/encode.x /mnt/data/datasets/machine-learning-matrices-split/glove.csv.8.7.vc.C 
Ans-fold time: 176.0721
Elapsed time: 277.8757
==== Compression Report:
 >> matrix name: /mnt/data/datasets/machine-learning-matrices-split/glove.csv
 >> conversion time: 60.79
 >> repair time: 36.11
 >> integer vectors time: 0.52
 >> ansf time: 176.07
 >> total time: 277.88
 >> matrix log(alpha)xNumEntries size: 300000000 bytes
 >> matrix dense size: 960000000 bytes
 >> total number of nonzero: 120000000 (100.00%)
 >> number of distinct nonzero: 717119
 >> CRSV  size: 487336952 bytes  (50.76%)
 >> RE32  size: 487336984 bytes  (50.76%)
 >> REIV  size: 427137184 bytes  (44.49%)
 >> REANS size: 407513105 bytes  (42.45%)
==== Done

#### 2026-09-05 14:00:44
 Command line: ./mm-repair/matrepair -r -b 8 -p 8 /mnt/data/datasets/machine-learning-matrices-split/glove.csv 400000 300 --ole 
Setting memory for each repair instance to 58006 MBs
Sending logging messages to file: /mnt/data/datasets/machine-learning-matrices-split/glove.csv.log
==== Conversion bin/csv->csrv
Command: /home/louza/mm-repair/csvmat2csrv -b 8   /mnt/data/datasets/machine-learning-matrices-split/glove.csv -r 0   400000 300
Conversion time: 93.1891
==== Repair paralell compression
---- Executing 8 parallel processes
---- Parallel processing completed
Repair time: 23.0722
==== Integer vector .C compression
Command: /home/louza/mm-repair/sdsl/encode.x /mnt/data/datasets/machine-learning-matrices-split/glove.csv.8.0.vc.C 
==== Integer vector .R compression
Command: /home/louza/mm-repair/sdsl/encode.x /mnt/data/datasets/machine-learning-matrices-split/glove.csv.8.0.vc.R 
Integer vector compression time: 2.1584
==== OLE
Command: /home/louza/mm-repair/ole/encode.x /mnt/data/datasets/machine-learning-matrices-split/glove.csv.8.0.vc.C 
OLE time: 1.8559
==== Ans-fold compression
Command: /home/louza/mm-repair/ans/encode.x /mnt/data/datasets/machine-learning-matrices-split/glove.csv.8.0.vc.C 
Ans-fold time: 7.4691
==== Integer vector .C compression
Command: /home/louza/mm-repair/sdsl/encode.x /mnt/data/datasets/machine-learning-matrices-split/glove.csv.8.1.vc.C 
==== Integer vector .R compression
Command: /home/louza/mm-repair/sdsl/encode.x /mnt/data/datasets/machine-learning-matrices-split/glove.csv.8.1.vc.R 
Integer vector compression time: 4.2712
==== OLE
Command: /home/louza/mm-repair/ole/encode.x /mnt/data/datasets/machine-learning-matrices-split/glove.csv.8.1.vc.C 
OLE time: 6.3040
==== Ans-fold compression
Command: /home/louza/mm-repair/ans/encode.x /mnt/data/datasets/machine-learning-matrices-split/glove.csv.8.1.vc.C 
Ans-fold time: 12.3406
==== Integer vector .C compression
Command: /home/louza/mm-repair/sdsl/encode.x /mnt/data/datasets/machine-learning-matrices-split/glove.csv.8.2.vc.C 
==== Integer vector .R compression
Command: /home/louza/mm-repair/sdsl/encode.x /mnt/data/datasets/machine-learning-matrices-split/glove.csv.8.2.vc.R 
Integer vector compression time: 3.1770
==== OLE
Command: /home/louza/mm-repair/ole/encode.x /mnt/data/datasets/machine-learning-matrices-split/glove.csv.8.2.vc.C 
OLE time: 3.0040
==== Ans-fold compression
Command: /home/louza/mm-repair/ans/encode.x /mnt/data/datasets/machine-learning-matrices-split/glove.csv.8.2.vc.C 
Ans-fold time: 18.9561
==== Integer vector .C compression
Command: /home/louza/mm-repair/sdsl/encode.x /mnt/data/datasets/machine-learning-matrices-split/glove.csv.8.3.vc.C 
==== Integer vector .R compression
Command: /home/louza/mm-repair/sdsl/encode.x /mnt/data/datasets/machine-learning-matrices-split/glove.csv.8.3.vc.R 
Integer vector compression time: 4.0440
==== OLE
Command: /home/louza/mm-repair/ole/encode.x /mnt/data/datasets/machine-learning-matrices-split/glove.csv.8.3.vc.C 
OLE time: 1.8656
==== Ans-fold compression
Command: /home/louza/mm-repair/ans/encode.x /mnt/data/datasets/machine-learning-matrices-split/glove.csv.8.3.vc.C 
Ans-fold time: 24.9048
==== Integer vector .C compression
Command: /home/louza/mm-repair/sdsl/encode.x /mnt/data/datasets/machine-learning-matrices-split/glove.csv.8.4.vc.C 
==== Integer vector .R compression
Command: /home/louza/mm-repair/sdsl/encode.x /mnt/data/datasets/machine-learning-matrices-split/glove.csv.8.4.vc.R 
Integer vector compression time: 2.1049
==== OLE
Command: /home/louza/mm-repair/ole/encode.x /mnt/data/datasets/machine-learning-matrices-split/glove.csv.8.4.vc.C 
OLE time: 1.8783
==== Ans-fold compression
Command: /home/louza/mm-repair/ans/encode.x /mnt/data/datasets/machine-learning-matrices-split/glove.csv.8.4.vc.C 
Ans-fold time: 31.5996
==== Integer vector .C compression
Command: /home/louza/mm-repair/sdsl/encode.x /mnt/data/datasets/machine-learning-matrices-split/glove.csv.8.5.vc.C 
==== Integer vector .R compression
Command: /home/louza/mm-repair/sdsl/encode.x /mnt/data/datasets/machine-learning-matrices-split/glove.csv.8.5.vc.R 
Integer vector compression time: 7.2798
==== OLE
Command: /home/louza/mm-repair/ole/encode.x /mnt/data/datasets/machine-learning-matrices-split/glove.csv.8.5.vc.C 
OLE time: 3.7309
==== Ans-fold compression
Command: /home/louza/mm-repair/ans/encode.x /mnt/data/datasets/machine-learning-matrices-split/glove.csv.8.5.vc.C 
Ans-fold time: 36.1464
==== Integer vector .C compression
Command: /home/louza/mm-repair/sdsl/encode.x /mnt/data/datasets/machine-learning-matrices-split/glove.csv.8.6.vc.C 
==== Integer vector .R compression
Command: /home/louza/mm-repair/sdsl/encode.x /mnt/data/datasets/machine-learning-matrices-split/glove.csv.8.6.vc.R 
Integer vector compression time: 3.9115
==== OLE
Command: /home/louza/mm-repair/ole/encode.x /mnt/data/datasets/machine-learning-matrices-split/glove.csv.8.6.vc.C 
OLE time: 4.8056
==== Ans-fold compression
Command: /home/louza/mm-repair/ans/encode.x /mnt/data/datasets/machine-learning-matrices-split/glove.csv.8.6.vc.C 
Ans-fold time: 41.8150
==== Integer vector .C compression
Command: /home/louza/mm-repair/sdsl/encode.x /mnt/data/datasets/machine-learning-matrices-split/glove.csv.8.7.vc.C 
==== Integer vector .R compression
Command: /home/louza/mm-repair/sdsl/encode.x /mnt/data/datasets/machine-learning-matrices-split/glove.csv.8.7.vc.R 
Integer vector compression time: 6.1300
==== OLE
Command: /home/louza/mm-repair/ole/encode.x /mnt/data/datasets/machine-learning-matrices-split/glove.csv.8.7.vc.C 
OLE time: 4.4957
==== Ans-fold compression
Command: /home/louza/mm-repair/ans/encode.x /mnt/data/datasets/machine-learning-matrices-split/glove.csv.8.7.vc.C 
Ans-fold time: 46.9189
Elapsed time: 224.1985
==== Compression Report:
 >> matrix name: /mnt/data/datasets/machine-learning-matrices-split/glove.csv
 >> conversion time: 93.19
 >> repair time: 23.07
 >> integer vectors time: 6.13
 >> ansf time: 46.92
 >> total time: 224.20
 >> matrix log(alpha)xNumEntries size: 300000000 bytes
 >> matrix dense size: 960000000 bytes
 >> total number of nonzero: 120000000 (100.00%)
 >> number of distinct nonzero: 717119
 >> CRSV  size: 487336952 bytes  (50.76%)
 >> RE32  size: 487336984 bytes  (50.76%)
 >> REIV  size: 427137184 bytes  (44.49%)
 >> REANS size: 309457415 bytes  (32.24%)
==== Done

#### 2026-09-05 14:04:28
 Command line: ./mm-repair/matrepair -r -b 8 -p 8 /mnt/data/datasets/machine-learning-matrices-split/glove.csv 400000 300 --mapping 
Setting memory for each repair instance to 58006 MBs
Sending logging messages to file: /mnt/data/datasets/machine-learning-matrices-split/glove.csv.log
==== Conversion bin/csv->csrv
Command: /home/louza/mm-repair/csvmat2csrv -b 8   /mnt/data/datasets/machine-learning-matrices-split/glove.csv -r 0 -m  400000 300
Conversion time: 959.8256
==== Repair paralell compression
---- Executing 8 parallel processes
---- Parallel processing completed
Repair time: 12.4719
==== Integer vector .C compression
Command: /home/louza/mm-repair/sdsl/encode.x /mnt/data/datasets/machine-learning-matrices-split/glove.csv.8.0.vc.C 
==== Integer vector .R compression
Command: /home/louza/mm-repair/sdsl/encode.x /mnt/data/datasets/machine-learning-matrices-split/glove.csv.8.0.vc.R 
Integer vector compression time: 1.9380
==== Ans-fold compression
Command: /home/louza/mm-repair/ans/encode.x /mnt/data/datasets/machine-learning-matrices-split/glove.csv.8.0.vc.C 
Ans-fold time: 14.5333
==== Integer vector .C compression
Command: /home/louza/mm-repair/sdsl/encode.x /mnt/data/datasets/machine-learning-matrices-split/glove.csv.8.1.vc.C 
==== Integer vector .R compression
Command: /home/louza/mm-repair/sdsl/encode.x /mnt/data/datasets/machine-learning-matrices-split/glove.csv.8.1.vc.R 
Integer vector compression time: 0.8952
==== Ans-fold compression
Command: /home/louza/mm-repair/ans/encode.x /mnt/data/datasets/machine-learning-matrices-split/glove.csv.8.1.vc.C 
Ans-fold time: 29.8430
==== Integer vector .C compression
Command: /home/louza/mm-repair/sdsl/encode.x /mnt/data/datasets/machine-learning-matrices-split/glove.csv.8.2.vc.C 
==== Integer vector .R compression
Command: /home/louza/mm-repair/sdsl/encode.x /mnt/data/datasets/machine-learning-matrices-split/glove.csv.8.2.vc.R 
Integer vector compression time: 1.2520
==== Ans-fold compression
Command: /home/louza/mm-repair/ans/encode.x /mnt/data/datasets/machine-learning-matrices-split/glove.csv.8.2.vc.C 
Ans-fold time: 44.8894
==== Integer vector .C compression
Command: /home/louza/mm-repair/sdsl/encode.x /mnt/data/datasets/machine-learning-matrices-split/glove.csv.8.3.vc.C 
==== Integer vector .R compression
Command: /home/louza/mm-repair/sdsl/encode.x /mnt/data/datasets/machine-learning-matrices-split/glove.csv.8.3.vc.R 
Integer vector compression time: 0.8672
==== Ans-fold compression
Command: /home/louza/mm-repair/ans/encode.x /mnt/data/datasets/machine-learning-matrices-split/glove.csv.8.3.vc.C 
Ans-fold time: 63.9391
==== Integer vector .C compression
Command: /home/louza/mm-repair/sdsl/encode.x /mnt/data/datasets/machine-learning-matrices-split/glove.csv.8.4.vc.C 
==== Integer vector .R compression
Command: /home/louza/mm-repair/sdsl/encode.x /mnt/data/datasets/machine-learning-matrices-split/glove.csv.8.4.vc.R 
Integer vector compression time: 1.7091
==== Ans-fold compression
Command: /home/louza/mm-repair/ans/encode.x /mnt/data/datasets/machine-learning-matrices-split/glove.csv.8.4.vc.C 
Ans-fold time: 79.6427
==== Integer vector .C compression
Command: /home/louza/mm-repair/sdsl/encode.x /mnt/data/datasets/machine-learning-matrices-split/glove.csv.8.5.vc.C 
==== Integer vector .R compression
Command: /home/louza/mm-repair/sdsl/encode.x /mnt/data/datasets/machine-learning-matrices-split/glove.csv.8.5.vc.R 
Integer vector compression time: 1.4326
==== Ans-fold compression
Command: /home/louza/mm-repair/ans/encode.x /mnt/data/datasets/machine-learning-matrices-split/glove.csv.8.5.vc.C 
Ans-fold time: 93.7338
==== Integer vector .C compression
Command: /home/louza/mm-repair/sdsl/encode.x /mnt/data/datasets/machine-learning-matrices-split/glove.csv.8.6.vc.C 
==== Integer vector .R compression
Command: /home/louza/mm-repair/sdsl/encode.x /mnt/data/datasets/machine-learning-matrices-split/glove.csv.8.6.vc.R 
Integer vector compression time: 1.5408
==== Ans-fold compression
Command: /home/louza/mm-repair/ans/encode.x /mnt/data/datasets/machine-learning-matrices-split/glove.csv.8.6.vc.C 
Ans-fold time: 108.5575
==== Integer vector .C compression
Command: /home/louza/mm-repair/sdsl/encode.x /mnt/data/datasets/machine-learning-matrices-split/glove.csv.8.7.vc.C 
==== Integer vector .R compression
Command: /home/louza/mm-repair/sdsl/encode.x /mnt/data/datasets/machine-learning-matrices-split/glove.csv.8.7.vc.R 
Integer vector compression time: 1.9070
==== Ans-fold compression
Command: /home/louza/mm-repair/ans/encode.x /mnt/data/datasets/machine-learning-matrices-split/glove.csv.8.7.vc.C 
Ans-fold time: 122.4132
Command: /home/louza/mm-repair/ans/encode.x /mnt/data/datasets/machine-learning-matrices-split/glove.csv.wcode 
Elapsed time: 1108.5038
==== Compression Report:
 >> matrix name: /mnt/data/datasets/machine-learning-matrices-split/glove.csv
 >> conversion time: 959.83
 >> repair time: 12.47
 >> integer vectors time: 1.91
 >> ansf time: 122.41
 >> total time: 1108.50
 >> wcode: 226590916 bytes
 >> wcode_ans: 16430594 bytes
 >> matrix log(alpha)xNumEntries size: 300000000 bytes
 >> matrix dense size: 960000000 bytes
 >> total number of nonzero: 120000000 (100.00%)
 >> number of distinct nonzero: 717119
 >> CRSV  size: 487336952 bytes  (50.76%)
 >> RE32  size: 713927900 bytes  (74.37%)
 >> REIV  size: 623628092 bytes  (64.96%)
 >> REANS size: 409332971 bytes  (42.64%)
==== Done

#### 2026-09-05 14:22:57
 Command line: ./mm-repair/matrepair -r -b 8 -p 8 /mnt/data/datasets/machine-learning-matrices-split/glove.csv 400000 300 --split 
Setting memory for each repair instance to 58006 MBs
Sending logging messages to file: /mnt/data/datasets/machine-learning-matrices-split/glove.csv.log
==== Conversion bin/csv->csrv
Command: /home/louza/mm-repair/csvmat2csrv -b 8   /mnt/data/datasets/machine-learning-matrices-split/glove.csv -r 0  -s 400000 300
Conversion time: 711.8712
==== Repair paralell compression
---- Executing 8 parallel processes
---- Parallel processing completed
Repair time: 0.0298
==== Integer vector .C compression
Command: /home/louza/mm-repair/sdsl/encode.x /mnt/data/datasets/machine-learning-matrices-split/glove.csv.8.0.A.vc.C 
==== Integer vector .R compression
Command: /home/louza/mm-repair/sdsl/encode.x /mnt/data/datasets/machine-learning-matrices-split/glove.csv.8.0.A.vc.R 
Integer vector compression time: 0.0273
==== Ans-fold compression
Command: /home/louza/mm-repair/ans/encode.x /mnt/data/datasets/machine-learning-matrices-split/glove.csv.8.0.A.vc.C 
Command: /home/louza/mm-repair/ans/encode.x /mnt/data/datasets/machine-learning-matrices-split/glove.csv.8.0.B.vc
Ans-fold time: 12.2119
==== Integer vector .C compression
Command: /home/louza/mm-repair/sdsl/encode.x /mnt/data/datasets/machine-learning-matrices-split/glove.csv.8.1.A.vc.C 
==== Integer vector .R compression
Command: /home/louza/mm-repair/sdsl/encode.x /mnt/data/datasets/machine-learning-matrices-split/glove.csv.8.1.A.vc.R 
Integer vector compression time: 0.0188
==== Ans-fold compression
Command: /home/louza/mm-repair/ans/encode.x /mnt/data/datasets/machine-learning-matrices-split/glove.csv.8.1.A.vc.C 
Command: /home/louza/mm-repair/ans/encode.x /mnt/data/datasets/machine-learning-matrices-split/glove.csv.8.1.B.vc
Ans-fold time: 28.2390
==== Integer vector .C compression
Command: /home/louza/mm-repair/sdsl/encode.x /mnt/data/datasets/machine-learning-matrices-split/glove.csv.8.2.A.vc.C 
==== Integer vector .R compression
Command: /home/louza/mm-repair/sdsl/encode.x /mnt/data/datasets/machine-learning-matrices-split/glove.csv.8.2.A.vc.R 
Integer vector compression time: 0.0198
==== Ans-fold compression
Command: /home/louza/mm-repair/ans/encode.x /mnt/data/datasets/machine-learning-matrices-split/glove.csv.8.2.A.vc.C 
Command: /home/louza/mm-repair/ans/encode.x /mnt/data/datasets/machine-learning-matrices-split/glove.csv.8.2.B.vc
Ans-fold time: 43.1050
==== Integer vector .C compression
Command: /home/louza/mm-repair/sdsl/encode.x /mnt/data/datasets/machine-learning-matrices-split/glove.csv.8.3.A.vc.C 
==== Integer vector .R compression
Command: /home/louza/mm-repair/sdsl/encode.x /mnt/data/datasets/machine-learning-matrices-split/glove.csv.8.3.A.vc.R 
Integer vector compression time: 0.0317
==== Ans-fold compression
Command: /home/louza/mm-repair/ans/encode.x /mnt/data/datasets/machine-learning-matrices-split/glove.csv.8.3.A.vc.C 
Command: /home/louza/mm-repair/ans/encode.x /mnt/data/datasets/machine-learning-matrices-split/glove.csv.8.3.B.vc
Ans-fold time: 57.2652
==== Integer vector .C compression
Command: /home/louza/mm-repair/sdsl/encode.x /mnt/data/datasets/machine-learning-matrices-split/glove.csv.8.4.A.vc.C 
==== Integer vector .R compression
Command: /home/louza/mm-repair/sdsl/encode.x /mnt/data/datasets/machine-learning-matrices-split/glove.csv.8.4.A.vc.R 
Integer vector compression time: 0.0257
==== Ans-fold compression
Command: /home/louza/mm-repair/ans/encode.x /mnt/data/datasets/machine-learning-matrices-split/glove.csv.8.4.A.vc.C 
Command: /home/louza/mm-repair/ans/encode.x /mnt/data/datasets/machine-learning-matrices-split/glove.csv.8.4.B.vc
Ans-fold time: 69.9000
==== Integer vector .C compression
Command: /home/louza/mm-repair/sdsl/encode.x /mnt/data/datasets/machine-learning-matrices-split/glove.csv.8.5.A.vc.C 
==== Integer vector .R compression
Command: /home/louza/mm-repair/sdsl/encode.x /mnt/data/datasets/machine-learning-matrices-split/glove.csv.8.5.A.vc.R 
Integer vector compression time: 0.0298
==== Ans-fold compression
Command: /home/louza/mm-repair/ans/encode.x /mnt/data/datasets/machine-learning-matrices-split/glove.csv.8.5.A.vc.C 
Command: /home/louza/mm-repair/ans/encode.x /mnt/data/datasets/machine-learning-matrices-split/glove.csv.8.5.B.vc
Ans-fold time: 88.3029
==== Integer vector .C compression
Command: /home/louza/mm-repair/sdsl/encode.x /mnt/data/datasets/machine-learning-matrices-split/glove.csv.8.6.A.vc.C 
==== Integer vector .R compression
Command: /home/louza/mm-repair/sdsl/encode.x /mnt/data/datasets/machine-learning-matrices-split/glove.csv.8.6.A.vc.R 
Integer vector compression time: 0.0304
==== Ans-fold compression
Command: /home/louza/mm-repair/ans/encode.x /mnt/data/datasets/machine-learning-matrices-split/glove.csv.8.6.A.vc.C 
Command: /home/louza/mm-repair/ans/encode.x /mnt/data/datasets/machine-learning-matrices-split/glove.csv.8.6.B.vc
Ans-fold time: 102.5467
==== Integer vector .C compression
Command: /home/louza/mm-repair/sdsl/encode.x /mnt/data/datasets/machine-learning-matrices-split/glove.csv.8.7.A.vc.C 
==== Integer vector .R compression
Command: /home/louza/mm-repair/sdsl/encode.x /mnt/data/datasets/machine-learning-matrices-split/glove.csv.8.7.A.vc.R 
Integer vector compression time: 0.0272
==== Ans-fold compression
Command: /home/louza/mm-repair/ans/encode.x /mnt/data/datasets/machine-learning-matrices-split/glove.csv.8.7.A.vc.C 
Command: /home/louza/mm-repair/ans/encode.x /mnt/data/datasets/machine-learning-matrices-split/glove.csv.8.7.B.vc
Ans-fold time: 116.3889
Elapsed time: 828.5013
==== Compression Report:
 >> matrix name: /mnt/data/datasets/machine-learning-matrices-split/glove.csv
 >> conversion time: 711.87
 >> repair time: 0.03
 >> integer vectors time: 0.03
 >> ansf time: 116.39
 >> total time: 828.50
 >> matrix log(alpha)xNumEntries size: 300000000 bytes
 >> matrix dense size: 960000000 bytes
 >> total number of nonzero: 0 (0.00%)
 >> number of distinct nonzero: 717119
 >> CRSV  size: 7336952 bytes  (0.76%)
 >> B	  size: 481600000 bytes  (50.17%)
 >> B_ans size: 401775779 bytes  (41.85%)
 >> RE32  size: 409112763 bytes  (42.62%)
 >> REIV  size: 407562987 bytes  (42.45%)
 >> REANS size: 407513235 bytes  (42.45%)
==== Done

#### 2026-09-05 14:36:45
 Command line: ./mm-repair/matrepair -r -b 8 -p 8 /mnt/data/datasets/machine-learning-matrices-split/glove.csv 400000 300 --ole --mapping 
Setting memory for each repair instance to 58006 MBs
Sending logging messages to file: /mnt/data/datasets/machine-learning-matrices-split/glove.csv.log
==== Conversion bin/csv->csrv
Command: /home/louza/mm-repair/csvmat2csrv -b 8   /mnt/data/datasets/machine-learning-matrices-split/glove.csv -r 0 -m  400000 300
Conversion time: 908.3977
==== Repair paralell compression
---- Executing 8 parallel processes
---- Parallel processing completed
Repair time: 11.9279
==== Integer vector .C compression
Command: /home/louza/mm-repair/sdsl/encode.x /mnt/data/datasets/machine-learning-matrices-split/glove.csv.8.0.vc.C 
==== Integer vector .R compression
Command: /home/louza/mm-repair/sdsl/encode.x /mnt/data/datasets/machine-learning-matrices-split/glove.csv.8.0.vc.R 
Integer vector compression time: 0.8874
==== OLE
Command: /home/louza/mm-repair/ole/encode.x /mnt/data/datasets/machine-learning-matrices-split/glove.csv.8.0.vc.C 
OLE time: 1.4953
==== Ans-fold compression
Command: /home/louza/mm-repair/ans/encode.x /mnt/data/datasets/machine-learning-matrices-split/glove.csv.8.0.vc.C 
Ans-fold time: 2.2043
==== Integer vector .C compression
Command: /home/louza/mm-repair/sdsl/encode.x /mnt/data/datasets/machine-learning-matrices-split/glove.csv.8.1.vc.C 
==== Integer vector .R compression
Command: /home/louza/mm-repair/sdsl/encode.x /mnt/data/datasets/machine-learning-matrices-split/glove.csv.8.1.vc.R 
Integer vector compression time: 1.1683
==== OLE
Command: /home/louza/mm-repair/ole/encode.x /mnt/data/datasets/machine-learning-matrices-split/glove.csv.8.1.vc.C 
OLE time: 1.3498
==== Ans-fold compression
Command: /home/louza/mm-repair/ans/encode.x /mnt/data/datasets/machine-learning-matrices-split/glove.csv.8.1.vc.C 
Ans-fold time: 4.8770
==== Integer vector .C compression
Command: /home/louza/mm-repair/sdsl/encode.x /mnt/data/datasets/machine-learning-matrices-split/glove.csv.8.2.vc.C 
==== Integer vector .R compression
Command: /home/louza/mm-repair/sdsl/encode.x /mnt/data/datasets/machine-learning-matrices-split/glove.csv.8.2.vc.R 
Integer vector compression time: 1.5950
==== OLE
Command: /home/louza/mm-repair/ole/encode.x /mnt/data/datasets/machine-learning-matrices-split/glove.csv.8.2.vc.C 
OLE time: 1.1784
==== Ans-fold compression
Command: /home/louza/mm-repair/ans/encode.x /mnt/data/datasets/machine-learning-matrices-split/glove.csv.8.2.vc.C 
Ans-fold time: 7.8069
==== Integer vector .C compression
Command: /home/louza/mm-repair/sdsl/encode.x /mnt/data/datasets/machine-learning-matrices-split/glove.csv.8.3.vc.C 
==== Integer vector .R compression
Command: /home/louza/mm-repair/sdsl/encode.x /mnt/data/datasets/machine-learning-matrices-split/glove.csv.8.3.vc.R 
Integer vector compression time: 0.9661
==== OLE
Command: /home/louza/mm-repair/ole/encode.x /mnt/data/datasets/machine-learning-matrices-split/glove.csv.8.3.vc.C 
OLE time: 1.7520
==== Ans-fold compression
Command: /home/louza/mm-repair/ans/encode.x /mnt/data/datasets/machine-learning-matrices-split/glove.csv.8.3.vc.C 
Ans-fold time: 10.8602
==== Integer vector .C compression
Command: /home/louza/mm-repair/sdsl/encode.x /mnt/data/datasets/machine-learning-matrices-split/glove.csv.8.4.vc.C 
==== Integer vector .R compression
Command: /home/louza/mm-repair/sdsl/encode.x /mnt/data/datasets/machine-learning-matrices-split/glove.csv.8.4.vc.R 
Integer vector compression time: 0.9934
==== OLE
Command: /home/louza/mm-repair/ole/encode.x /mnt/data/datasets/machine-learning-matrices-split/glove.csv.8.4.vc.C 
OLE time: 1.1322
==== Ans-fold compression
Command: /home/louza/mm-repair/ans/encode.x /mnt/data/datasets/machine-learning-matrices-split/glove.csv.8.4.vc.C 
Ans-fold time: 13.2662
==== Integer vector .C compression
Command: /home/louza/mm-repair/sdsl/encode.x /mnt/data/datasets/machine-learning-matrices-split/glove.csv.8.5.vc.C 
==== Integer vector .R compression
Command: /home/louza/mm-repair/sdsl/encode.x /mnt/data/datasets/machine-learning-matrices-split/glove.csv.8.5.vc.R 
Integer vector compression time: 1.5540
==== OLE
Command: /home/louza/mm-repair/ole/encode.x /mnt/data/datasets/machine-learning-matrices-split/glove.csv.8.5.vc.C 
OLE time: 1.4757
==== Ans-fold compression
Command: /home/louza/mm-repair/ans/encode.x /mnt/data/datasets/machine-learning-matrices-split/glove.csv.8.5.vc.C 
Ans-fold time: 15.9699
==== Integer vector .C compression
Command: /home/louza/mm-repair/sdsl/encode.x /mnt/data/datasets/machine-learning-matrices-split/glove.csv.8.6.vc.C 
==== Integer vector .R compression
Command: /home/louza/mm-repair/sdsl/encode.x /mnt/data/datasets/machine-learning-matrices-split/glove.csv.8.6.vc.R 
Integer vector compression time: 0.9417
==== OLE
Command: /home/louza/mm-repair/ole/encode.x /mnt/data/datasets/machine-learning-matrices-split/glove.csv.8.6.vc.C 
OLE time: 1.0650
==== Ans-fold compression
Command: /home/louza/mm-repair/ans/encode.x /mnt/data/datasets/machine-learning-matrices-split/glove.csv.8.6.vc.C 
Ans-fold time: 19.0886
==== Integer vector .C compression
Command: /home/louza/mm-repair/sdsl/encode.x /mnt/data/datasets/machine-learning-matrices-split/glove.csv.8.7.vc.C 
==== Integer vector .R compression
Command: /home/louza/mm-repair/sdsl/encode.x /mnt/data/datasets/machine-learning-matrices-split/glove.csv.8.7.vc.R 
Integer vector compression time: 1.3251
==== OLE
Command: /home/louza/mm-repair/ole/encode.x /mnt/data/datasets/machine-learning-matrices-split/glove.csv.8.7.vc.C 
OLE time: 1.0924
==== Ans-fold compression
Command: /home/louza/mm-repair/ans/encode.x /mnt/data/datasets/machine-learning-matrices-split/glove.csv.8.7.vc.C 
Ans-fold time: 21.5553
Command: /home/louza/mm-repair/ans/encode.x /mnt/data/datasets/machine-learning-matrices-split/glove.csv.wcode 
Elapsed time: 964.1688
==== Compression Report:
 >> matrix name: /mnt/data/datasets/machine-learning-matrices-split/glove.csv
 >> conversion time: 908.40
 >> repair time: 11.93
 >> integer vectors time: 1.33
 >> ansf time: 21.56
 >> total time: 964.17
 >> wcode: 226590916 bytes
 >> wcode_ans: 16430594 bytes
 >> matrix log(alpha)xNumEntries size: 300000000 bytes
 >> matrix dense size: 960000000 bytes
 >> total number of nonzero: 120000000 (100.00%)
 >> number of distinct nonzero: 717119
 >> CRSV  size: 487336952 bytes  (50.76%)
 >> RE32  size: 713927900 bytes  (74.37%)
 >> REIV  size: 623628092 bytes  (64.96%)
 >> REANS size: 306698752 bytes  (31.95%)
==== Done

#### 2026-09-05 14:52:49
 Command line: ./mm-repair/matrepair -r -b 8 -p 8 /mnt/data/datasets/machine-learning-matrices-split/glove.csv 400000 300 --ole --split 
Setting memory for each repair instance to 58006 MBs
Sending logging messages to file: /mnt/data/datasets/machine-learning-matrices-split/glove.csv.log
==== Conversion bin/csv->csrv
Command: /home/louza/mm-repair/csvmat2csrv -b 8   /mnt/data/datasets/machine-learning-matrices-split/glove.csv -r 0  -s 400000 300
Conversion time: 689.9659
==== Repair paralell compression
---- Executing 8 parallel processes
---- Parallel processing completed
Repair time: 0.0338
==== Integer vector .C compression
Command: /home/louza/mm-repair/sdsl/encode.x /mnt/data/datasets/machine-learning-matrices-split/glove.csv.8.0.A.vc.C 
==== Integer vector .R compression
Command: /home/louza/mm-repair/sdsl/encode.x /mnt/data/datasets/machine-learning-matrices-split/glove.csv.8.0.A.vc.R 
Integer vector compression time: 0.0337
==== OLE
Command: /home/louza/mm-repair/ole/encode.x /mnt/data/datasets/machine-learning-matrices-split/glove.csv.8.0.A.vc.C 
Command: /home/louza/mm-repair/ole/encode.x /mnt/data/datasets/machine-learning-matrices-split/glove.csv.8.0.B.vc 
OLE time: 0.5152
==== Ans-fold compression
Command: /home/louza/mm-repair/ans/encode.x /mnt/data/datasets/machine-learning-matrices-split/glove.csv.8.0.A.vc.C 
Command: /home/louza/mm-repair/ans/encode.x /mnt/data/datasets/machine-learning-matrices-split/glove.csv.8.0.B.vc
Ans-fold time: 3.1698
==== Integer vector .C compression
Command: /home/louza/mm-repair/sdsl/encode.x /mnt/data/datasets/machine-learning-matrices-split/glove.csv.8.1.A.vc.C 
==== Integer vector .R compression
Command: /home/louza/mm-repair/sdsl/encode.x /mnt/data/datasets/machine-learning-matrices-split/glove.csv.8.1.A.vc.R 
Integer vector compression time: 0.0332
==== OLE
Command: /home/louza/mm-repair/ole/encode.x /mnt/data/datasets/machine-learning-matrices-split/glove.csv.8.1.A.vc.C 
Command: /home/louza/mm-repair/ole/encode.x /mnt/data/datasets/machine-learning-matrices-split/glove.csv.8.1.B.vc 
OLE time: 1.2510
==== Ans-fold compression
Command: /home/louza/mm-repair/ans/encode.x /mnt/data/datasets/machine-learning-matrices-split/glove.csv.8.1.A.vc.C 
Command: /home/louza/mm-repair/ans/encode.x /mnt/data/datasets/machine-learning-matrices-split/glove.csv.8.1.B.vc
Ans-fold time: 7.1983
==== Integer vector .C compression
Command: /home/louza/mm-repair/sdsl/encode.x /mnt/data/datasets/machine-learning-matrices-split/glove.csv.8.2.A.vc.C 
==== Integer vector .R compression
Command: /home/louza/mm-repair/sdsl/encode.x /mnt/data/datasets/machine-learning-matrices-split/glove.csv.8.2.A.vc.R 
Integer vector compression time: 0.0393
==== OLE
Command: /home/louza/mm-repair/ole/encode.x /mnt/data/datasets/machine-learning-matrices-split/glove.csv.8.2.A.vc.C 
Command: /home/louza/mm-repair/ole/encode.x /mnt/data/datasets/machine-learning-matrices-split/glove.csv.8.2.B.vc 
OLE time: 0.6543
==== Ans-fold compression
Command: /home/louza/mm-repair/ans/encode.x /mnt/data/datasets/machine-learning-matrices-split/glove.csv.8.2.A.vc.C 
Command: /home/louza/mm-repair/ans/encode.x /mnt/data/datasets/machine-learning-matrices-split/glove.csv.8.2.B.vc
Ans-fold time: 11.5225
==== Integer vector .C compression
Command: /home/louza/mm-repair/sdsl/encode.x /mnt/data/datasets/machine-learning-matrices-split/glove.csv.8.3.A.vc.C 
==== Integer vector .R compression
Command: /home/louza/mm-repair/sdsl/encode.x /mnt/data/datasets/machine-learning-matrices-split/glove.csv.8.3.A.vc.R 
Integer vector compression time: 0.0358
==== OLE
Command: /home/louza/mm-repair/ole/encode.x /mnt/data/datasets/machine-learning-matrices-split/glove.csv.8.3.A.vc.C 
Command: /home/louza/mm-repair/ole/encode.x /mnt/data/datasets/machine-learning-matrices-split/glove.csv.8.3.B.vc 
OLE time: 0.6843
==== Ans-fold compression
Command: /home/louza/mm-repair/ans/encode.x /mnt/data/datasets/machine-learning-matrices-split/glove.csv.8.3.A.vc.C 
Command: /home/louza/mm-repair/ans/encode.x /mnt/data/datasets/machine-learning-matrices-split/glove.csv.8.3.B.vc
Ans-fold time: 15.3311
==== Integer vector .C compression
Command: /home/louza/mm-repair/sdsl/encode.x /mnt/data/datasets/machine-learning-matrices-split/glove.csv.8.4.A.vc.C 
==== Integer vector .R compression
Command: /home/louza/mm-repair/sdsl/encode.x /mnt/data/datasets/machine-learning-matrices-split/glove.csv.8.4.A.vc.R 
Integer vector compression time: 0.0365
==== OLE
Command: /home/louza/mm-repair/ole/encode.x /mnt/data/datasets/machine-learning-matrices-split/glove.csv.8.4.A.vc.C 
Command: /home/louza/mm-repair/ole/encode.x /mnt/data/datasets/machine-learning-matrices-split/glove.csv.8.4.B.vc 
OLE time: 0.9524
==== Ans-fold compression
Command: /home/louza/mm-repair/ans/encode.x /mnt/data/datasets/machine-learning-matrices-split/glove.csv.8.4.A.vc.C 
Command: /home/louza/mm-repair/ans/encode.x /mnt/data/datasets/machine-learning-matrices-split/glove.csv.8.4.B.vc
Ans-fold time: 19.1520
==== Integer vector .C compression
Command: /home/louza/mm-repair/sdsl/encode.x /mnt/data/datasets/machine-learning-matrices-split/glove.csv.8.5.A.vc.C 
==== Integer vector .R compression
Command: /home/louza/mm-repair/sdsl/encode.x /mnt/data/datasets/machine-learning-matrices-split/glove.csv.8.5.A.vc.R 
Integer vector compression time: 0.0327
==== OLE
Command: /home/louza/mm-repair/ole/encode.x /mnt/data/datasets/machine-learning-matrices-split/glove.csv.8.5.A.vc.C 
Command: /home/louza/mm-repair/ole/encode.x /mnt/data/datasets/machine-learning-matrices-split/glove.csv.8.5.B.vc 
OLE time: 0.6485
==== Ans-fold compression
Command: /home/louza/mm-repair/ans/encode.x /mnt/data/datasets/machine-learning-matrices-split/glove.csv.8.5.A.vc.C 
Command: /home/louza/mm-repair/ans/encode.x /mnt/data/datasets/machine-learning-matrices-split/glove.csv.8.5.B.vc
Ans-fold time: 22.8057
==== Integer vector .C compression
Command: /home/louza/mm-repair/sdsl/encode.x /mnt/data/datasets/machine-learning-matrices-split/glove.csv.8.6.A.vc.C 
==== Integer vector .R compression
Command: /home/louza/mm-repair/sdsl/encode.x /mnt/data/datasets/machine-learning-matrices-split/glove.csv.8.6.A.vc.R 
Integer vector compression time: 0.0338
==== OLE
Command: /home/louza/mm-repair/ole/encode.x /mnt/data/datasets/machine-learning-matrices-split/glove.csv.8.6.A.vc.C 
Command: /home/louza/mm-repair/ole/encode.x /mnt/data/datasets/machine-learning-matrices-split/glove.csv.8.6.B.vc 
OLE time: 0.6690
==== Ans-fold compression
Command: /home/louza/mm-repair/ans/encode.x /mnt/data/datasets/machine-learning-matrices-split/glove.csv.8.6.A.vc.C 
Command: /home/louza/mm-repair/ans/encode.x /mnt/data/datasets/machine-learning-matrices-split/glove.csv.8.6.B.vc
Ans-fold time: 26.5846
==== Integer vector .C compression
Command: /home/louza/mm-repair/sdsl/encode.x /mnt/data/datasets/machine-learning-matrices-split/glove.csv.8.7.A.vc.C 
==== Integer vector .R compression
Command: /home/louza/mm-repair/sdsl/encode.x /mnt/data/datasets/machine-learning-matrices-split/glove.csv.8.7.A.vc.R 
Integer vector compression time: 0.0366
==== OLE
Command: /home/louza/mm-repair/ole/encode.x /mnt/data/datasets/machine-learning-matrices-split/glove.csv.8.7.A.vc.C 
Command: /home/louza/mm-repair/ole/encode.x /mnt/data/datasets/machine-learning-matrices-split/glove.csv.8.7.B.vc 
OLE time: 0.7553
==== Ans-fold compression
Command: /home/louza/mm-repair/ans/encode.x /mnt/data/datasets/machine-learning-matrices-split/glove.csv.8.7.A.vc.C 
Command: /home/louza/mm-repair/ans/encode.x /mnt/data/datasets/machine-learning-matrices-split/glove.csv.8.7.B.vc
Ans-fold time: 30.4689
Elapsed time: 726.9107
==== Compression Report:
 >> matrix name: /mnt/data/datasets/machine-learning-matrices-split/glove.csv
 >> conversion time: 689.97
 >> repair time: 0.03
 >> integer vectors time: 0.04
 >> ansf time: 30.47
 >> total time: 726.91
 >> matrix log(alpha)xNumEntries size: 300000000 bytes
 >> matrix dense size: 960000000 bytes
 >> total number of nonzero: 0 (0.00%)
 >> number of distinct nonzero: 717119
 >> CRSV  size: 7336952 bytes  (0.76%)
 >> B	  size: 481600000 bytes  (50.17%)
 >> B_ans size: 303719552 bytes  (31.64%)
 >> RE32  size: 311056536 bytes  (32.40%)
 >> REIV  size: 309506760 bytes  (32.24%)
 >> REANS size: 309457008 bytes  (32.24%)
==== Done

#### 2026-09-05 15:04:57
 Command line: ./mm-repair/matrepair -r -b 8 -p 8 /mnt/data/datasets/machine-learning-matrices-split/glove.csv 400000 300 --mapping --split 
Setting memory for each repair instance to 58006 MBs
Sending logging messages to file: /mnt/data/datasets/machine-learning-matrices-split/glove.csv.log
==== Conversion bin/csv->csrv
Command: /home/louza/mm-repair/csvmat2csrv -b 8   /mnt/data/datasets/machine-learning-matrices-split/glove.csv -r 0 -m -s 400000 300
Conversion time: 1213.0447
==== Repair paralell compression
---- Executing 8 parallel processes
---- Parallel processing completed
Repair time: 0.0277
==== Integer vector .C compression
Command: /home/louza/mm-repair/sdsl/encode.x /mnt/data/datasets/machine-learning-matrices-split/glove.csv.8.0.A.vc.C 
==== Integer vector .R compression
Command: /home/louza/mm-repair/sdsl/encode.x /mnt/data/datasets/machine-learning-matrices-split/glove.csv.8.0.A.vc.R 
Integer vector compression time: 0.0266
==== Ans-fold compression
Command: /home/louza/mm-repair/ans/encode.x /mnt/data/datasets/machine-learning-matrices-split/glove.csv.8.0.A.vc.C 
Command: /home/louza/mm-repair/ans/encode.x /mnt/data/datasets/machine-learning-matrices-split/glove.csv.8.0.B.vc
Ans-fold time: 13.9647
==== Integer vector .C compression
Command: /home/louza/mm-repair/sdsl/encode.x /mnt/data/datasets/machine-learning-matrices-split/glove.csv.8.1.A.vc.C 
==== Integer vector .R compression
Command: /home/louza/mm-repair/sdsl/encode.x /mnt/data/datasets/machine-learning-matrices-split/glove.csv.8.1.A.vc.R 
Integer vector compression time: 0.0274
==== Ans-fold compression
Command: /home/louza/mm-repair/ans/encode.x /mnt/data/datasets/machine-learning-matrices-split/glove.csv.8.1.A.vc.C 
Command: /home/louza/mm-repair/ans/encode.x /mnt/data/datasets/machine-learning-matrices-split/glove.csv.8.1.B.vc
Ans-fold time: 26.8958
==== Integer vector .C compression
Command: /home/louza/mm-repair/sdsl/encode.x /mnt/data/datasets/machine-learning-matrices-split/glove.csv.8.2.A.vc.C 
==== Integer vector .R compression
Command: /home/louza/mm-repair/sdsl/encode.x /mnt/data/datasets/machine-learning-matrices-split/glove.csv.8.2.A.vc.R 
Integer vector compression time: 0.0249
==== Ans-fold compression
Command: /home/louza/mm-repair/ans/encode.x /mnt/data/datasets/machine-learning-matrices-split/glove.csv.8.2.A.vc.C 
Command: /home/louza/mm-repair/ans/encode.x /mnt/data/datasets/machine-learning-matrices-split/glove.csv.8.2.B.vc
Ans-fold time: 40.2606
==== Integer vector .C compression
Command: /home/louza/mm-repair/sdsl/encode.x /mnt/data/datasets/machine-learning-matrices-split/glove.csv.8.3.A.vc.C 
==== Integer vector .R compression
Command: /home/louza/mm-repair/sdsl/encode.x /mnt/data/datasets/machine-learning-matrices-split/glove.csv.8.3.A.vc.R 
Integer vector compression time: 0.0255
==== Ans-fold compression
Command: /home/louza/mm-repair/ans/encode.x /mnt/data/datasets/machine-learning-matrices-split/glove.csv.8.3.A.vc.C 
Command: /home/louza/mm-repair/ans/encode.x /mnt/data/datasets/machine-learning-matrices-split/glove.csv.8.3.B.vc
Ans-fold time: 54.2492
==== Integer vector .C compression
Command: /home/louza/mm-repair/sdsl/encode.x /mnt/data/datasets/machine-learning-matrices-split/glove.csv.8.4.A.vc.C 
==== Integer vector .R compression
Command: /home/louza/mm-repair/sdsl/encode.x /mnt/data/datasets/machine-learning-matrices-split/glove.csv.8.4.A.vc.R 
Integer vector compression time: 0.0215
==== Ans-fold compression
Command: /home/louza/mm-repair/ans/encode.x /mnt/data/datasets/machine-learning-matrices-split/glove.csv.8.4.A.vc.C 
Command: /home/louza/mm-repair/ans/encode.x /mnt/data/datasets/machine-learning-matrices-split/glove.csv.8.4.B.vc
Ans-fold time: 67.2668
==== Integer vector .C compression
Command: /home/louza/mm-repair/sdsl/encode.x /mnt/data/datasets/machine-learning-matrices-split/glove.csv.8.5.A.vc.C 
==== Integer vector .R compression
Command: /home/louza/mm-repair/sdsl/encode.x /mnt/data/datasets/machine-learning-matrices-split/glove.csv.8.5.A.vc.R 
Integer vector compression time: 0.0287
==== Ans-fold compression
Command: /home/louza/mm-repair/ans/encode.x /mnt/data/datasets/machine-learning-matrices-split/glove.csv.8.5.A.vc.C 
Command: /home/louza/mm-repair/ans/encode.x /mnt/data/datasets/machine-learning-matrices-split/glove.csv.8.5.B.vc
Ans-fold time: 80.1867
==== Integer vector .C compression
Command: /home/louza/mm-repair/sdsl/encode.x /mnt/data/datasets/machine-learning-matrices-split/glove.csv.8.6.A.vc.C 
==== Integer vector .R compression
Command: /home/louza/mm-repair/sdsl/encode.x /mnt/data/datasets/machine-learning-matrices-split/glove.csv.8.6.A.vc.R 
Integer vector compression time: 0.0261
==== Ans-fold compression
Command: /home/louza/mm-repair/ans/encode.x /mnt/data/datasets/machine-learning-matrices-split/glove.csv.8.6.A.vc.C 
Command: /home/louza/mm-repair/ans/encode.x /mnt/data/datasets/machine-learning-matrices-split/glove.csv.8.6.B.vc
Ans-fold time: 93.5247
==== Integer vector .C compression
Command: /home/louza/mm-repair/sdsl/encode.x /mnt/data/datasets/machine-learning-matrices-split/glove.csv.8.7.A.vc.C 
==== Integer vector .R compression
Command: /home/louza/mm-repair/sdsl/encode.x /mnt/data/datasets/machine-learning-matrices-split/glove.csv.8.7.A.vc.R 
Integer vector compression time: 0.0268
==== Ans-fold compression
Command: /home/louza/mm-repair/ans/encode.x /mnt/data/datasets/machine-learning-matrices-split/glove.csv.8.7.A.vc.C 
Command: /home/louza/mm-repair/ans/encode.x /mnt/data/datasets/machine-learning-matrices-split/glove.csv.8.7.B.vc
Ans-fold time: 106.4129
Command: /home/louza/mm-repair/ans/encode.x /mnt/data/datasets/machine-learning-matrices-split/glove.csv.wcode 
Elapsed time: 1321.4405
==== Compression Report:
 >> matrix name: /mnt/data/datasets/machine-learning-matrices-split/glove.csv
 >> conversion time: 1213.04
 >> repair time: 0.03
 >> integer vectors time: 0.03
 >> ansf time: 106.41
 >> total time: 1321.44
 >> wcode: 226590916 bytes
 >> wcode_ans: 16430594 bytes
 >> matrix log(alpha)xNumEntries size: 300000000 bytes
 >> matrix dense size: 960000000 bytes
 >> total number of nonzero: 0 (0.00%)
 >> number of distinct nonzero: 717119
 >> CRSV  size: 7336952 bytes  (0.76%)
 >> B	  size: 481600000 bytes  (50.17%)
 >> B_ans size: 387165111 bytes  (40.33%)
 >> RE32  size: 621093011 bytes  (64.70%)
 >> REIV  size: 619543235 bytes  (64.54%)
 >> REANS size: 409333161 bytes  (42.64%)
==== Done

#### 2026-09-05 15:26:58
 Command line: ./mm-repair/matrepair -r -b 8 -p 8 /mnt/data/datasets/machine-learning-matrices-split/glove.csv 400000 300 --ole --mapping --split 
Setting memory for each repair instance to 58006 MBs
Sending logging messages to file: /mnt/data/datasets/machine-learning-matrices-split/glove.csv.log
==== Conversion bin/csv->csrv
Command: /home/louza/mm-repair/csvmat2csrv -b 8   /mnt/data/datasets/machine-learning-matrices-split/glove.csv -r 0 -m -s 400000 300
Conversion time: 1268.5813
==== Repair paralell compression
---- Executing 8 parallel processes
---- Parallel processing completed
Repair time: 0.0314
==== Integer vector .C compression
Command: /home/louza/mm-repair/sdsl/encode.x /mnt/data/datasets/machine-learning-matrices-split/glove.csv.8.0.A.vc.C 
==== Integer vector .R compression
Command: /home/louza/mm-repair/sdsl/encode.x /mnt/data/datasets/machine-learning-matrices-split/glove.csv.8.0.A.vc.R 
Integer vector compression time: 0.0297
==== OLE
Command: /home/louza/mm-repair/ole/encode.x /mnt/data/datasets/machine-learning-matrices-split/glove.csv.8.0.A.vc.C 
Command: /home/louza/mm-repair/ole/encode.x /mnt/data/datasets/machine-learning-matrices-split/glove.csv.8.0.B.vc 
OLE time: 0.5447
==== Ans-fold compression
Command: /home/louza/mm-repair/ans/encode.x /mnt/data/datasets/machine-learning-matrices-split/glove.csv.8.0.A.vc.C 
Command: /home/louza/mm-repair/ans/encode.x /mnt/data/datasets/machine-learning-matrices-split/glove.csv.8.0.B.vc
Ans-fold time: 1.7593
==== Integer vector .C compression
Command: /home/louza/mm-repair/sdsl/encode.x /mnt/data/datasets/machine-learning-matrices-split/glove.csv.8.1.A.vc.C 
==== Integer vector .R compression
Command: /home/louza/mm-repair/sdsl/encode.x /mnt/data/datasets/machine-learning-matrices-split/glove.csv.8.1.A.vc.R 
Integer vector compression time: 0.0270
==== OLE
Command: /home/louza/mm-repair/ole/encode.x /mnt/data/datasets/machine-learning-matrices-split/glove.csv.8.1.A.vc.C 
Command: /home/louza/mm-repair/ole/encode.x /mnt/data/datasets/machine-learning-matrices-split/glove.csv.8.1.B.vc 
OLE time: 0.5929
==== Ans-fold compression
Command: /home/louza/mm-repair/ans/encode.x /mnt/data/datasets/machine-learning-matrices-split/glove.csv.8.1.A.vc.C 
Command: /home/louza/mm-repair/ans/encode.x /mnt/data/datasets/machine-learning-matrices-split/glove.csv.8.1.B.vc
Ans-fold time: 3.8637
==== Integer vector .C compression
Command: /home/louza/mm-repair/sdsl/encode.x /mnt/data/datasets/machine-learning-matrices-split/glove.csv.8.2.A.vc.C 
==== Integer vector .R compression
Command: /home/louza/mm-repair/sdsl/encode.x /mnt/data/datasets/machine-learning-matrices-split/glove.csv.8.2.A.vc.R 
Integer vector compression time: 0.0413
==== OLE
Command: /home/louza/mm-repair/ole/encode.x /mnt/data/datasets/machine-learning-matrices-split/glove.csv.8.2.A.vc.C 
Command: /home/louza/mm-repair/ole/encode.x /mnt/data/datasets/machine-learning-matrices-split/glove.csv.8.2.B.vc 
OLE time: 0.8405
==== Ans-fold compression
Command: /home/louza/mm-repair/ans/encode.x /mnt/data/datasets/machine-learning-matrices-split/glove.csv.8.2.A.vc.C 
Command: /home/louza/mm-repair/ans/encode.x /mnt/data/datasets/machine-learning-matrices-split/glove.csv.8.2.B.vc
Ans-fold time: 5.6711
==== Integer vector .C compression
Command: /home/louza/mm-repair/sdsl/encode.x /mnt/data/datasets/machine-learning-matrices-split/glove.csv.8.3.A.vc.C 
==== Integer vector .R compression
Command: /home/louza/mm-repair/sdsl/encode.x /mnt/data/datasets/machine-learning-matrices-split/glove.csv.8.3.A.vc.R 
Integer vector compression time: 0.0272
==== OLE
Command: /home/louza/mm-repair/ole/encode.x /mnt/data/datasets/machine-learning-matrices-split/glove.csv.8.3.A.vc.C 
Command: /home/louza/mm-repair/ole/encode.x /mnt/data/datasets/machine-learning-matrices-split/glove.csv.8.3.B.vc 
OLE time: 0.7155
==== Ans-fold compression
Command: /home/louza/mm-repair/ans/encode.x /mnt/data/datasets/machine-learning-matrices-split/glove.csv.8.3.A.vc.C 
Command: /home/louza/mm-repair/ans/encode.x /mnt/data/datasets/machine-learning-matrices-split/glove.csv.8.3.B.vc
Ans-fold time: 7.5908
==== Integer vector .C compression
Command: /home/louza/mm-repair/sdsl/encode.x /mnt/data/datasets/machine-learning-matrices-split/glove.csv.8.4.A.vc.C 
==== Integer vector .R compression
Command: /home/louza/mm-repair/sdsl/encode.x /mnt/data/datasets/machine-learning-matrices-split/glove.csv.8.4.A.vc.R 
Integer vector compression time: 0.0303
==== OLE
Command: /home/louza/mm-repair/ole/encode.x /mnt/data/datasets/machine-learning-matrices-split/glove.csv.8.4.A.vc.C 
Command: /home/louza/mm-repair/ole/encode.x /mnt/data/datasets/machine-learning-matrices-split/glove.csv.8.4.B.vc 
OLE time: 0.8449
==== Ans-fold compression
Command: /home/louza/mm-repair/ans/encode.x /mnt/data/datasets/machine-learning-matrices-split/glove.csv.8.4.A.vc.C 
Command: /home/louza/mm-repair/ans/encode.x /mnt/data/datasets/machine-learning-matrices-split/glove.csv.8.4.B.vc
Ans-fold time: 9.5528
==== Integer vector .C compression
Command: /home/louza/mm-repair/sdsl/encode.x /mnt/data/datasets/machine-learning-matrices-split/glove.csv.8.5.A.vc.C 
==== Integer vector .R compression
Command: /home/louza/mm-repair/sdsl/encode.x /mnt/data/datasets/machine-learning-matrices-split/glove.csv.8.5.A.vc.R 
Integer vector compression time: 0.0296
==== OLE
Command: /home/louza/mm-repair/ole/encode.x /mnt/data/datasets/machine-learning-matrices-split/glove.csv.8.5.A.vc.C 
Command: /home/louza/mm-repair/ole/encode.x /mnt/data/datasets/machine-learning-matrices-split/glove.csv.8.5.B.vc 
OLE time: 0.8045
==== Ans-fold compression
Command: /home/louza/mm-repair/ans/encode.x /mnt/data/datasets/machine-learning-matrices-split/glove.csv.8.5.A.vc.C 
Command: /home/louza/mm-repair/ans/encode.x /mnt/data/datasets/machine-learning-matrices-split/glove.csv.8.5.B.vc
Ans-fold time: 11.4443
==== Integer vector .C compression
Command: /home/louza/mm-repair/sdsl/encode.x /mnt/data/datasets/machine-learning-matrices-split/glove.csv.8.6.A.vc.C 
==== Integer vector .R compression
Command: /home/louza/mm-repair/sdsl/encode.x /mnt/data/datasets/machine-learning-matrices-split/glove.csv.8.6.A.vc.R 
Integer vector compression time: 0.0294
==== OLE
Command: /home/louza/mm-repair/ole/encode.x /mnt/data/datasets/machine-learning-matrices-split/glove.csv.8.6.A.vc.C 
Command: /home/louza/mm-repair/ole/encode.x /mnt/data/datasets/machine-learning-matrices-split/glove.csv.8.6.B.vc 
OLE time: 0.6087
==== Ans-fold compression
Command: /home/louza/mm-repair/ans/encode.x /mnt/data/datasets/machine-learning-matrices-split/glove.csv.8.6.A.vc.C 
Command: /home/louza/mm-repair/ans/encode.x /mnt/data/datasets/machine-learning-matrices-split/glove.csv.8.6.B.vc
Ans-fold time: 13.5515
==== Integer vector .C compression
Command: /home/louza/mm-repair/sdsl/encode.x /mnt/data/datasets/machine-learning-matrices-split/glove.csv.8.7.A.vc.C 
==== Integer vector .R compression
Command: /home/louza/mm-repair/sdsl/encode.x /mnt/data/datasets/machine-learning-matrices-split/glove.csv.8.7.A.vc.R 
Integer vector compression time: 0.0360
==== OLE
Command: /home/louza/mm-repair/ole/encode.x /mnt/data/datasets/machine-learning-matrices-split/glove.csv.8.7.A.vc.C 
Command: /home/louza/mm-repair/ole/encode.x /mnt/data/datasets/machine-learning-matrices-split/glove.csv.8.7.B.vc 
OLE time: 0.6097
==== Ans-fold compression
Command: /home/louza/mm-repair/ans/encode.x /mnt/data/datasets/machine-learning-matrices-split/glove.csv.8.7.A.vc.C 
Command: /home/louza/mm-repair/ans/encode.x /mnt/data/datasets/machine-learning-matrices-split/glove.csv.8.7.B.vc
Ans-fold time: 15.9018
Command: /home/louza/mm-repair/ans/encode.x /mnt/data/datasets/machine-learning-matrices-split/glove.csv.wcode 
Elapsed time: 1292.0949
==== Compression Report:
 >> matrix name: /mnt/data/datasets/machine-learning-matrices-split/glove.csv
 >> conversion time: 1268.58
 >> repair time: 0.03
 >> integer vectors time: 0.04
 >> ansf time: 15.90
 >> total time: 1292.09
 >> wcode: 226590916 bytes
 >> wcode_ans: 16430594 bytes
 >> matrix log(alpha)xNumEntries size: 300000000 bytes
 >> matrix dense size: 960000000 bytes
 >> total number of nonzero: 0 (0.00%)
 >> number of distinct nonzero: 717119
 >> CRSV  size: 7336952 bytes  (0.76%)
 >> B	  size: 481600000 bytes  (50.17%)
 >> B_ans size: 284529922 bytes  (29.64%)
 >> RE32  size: 518457822 bytes  (54.01%)
 >> REIV  size: 516908046 bytes  (53.84%)
 >> REANS size: 306697972 bytes  (31.95%)
==== Done
REANS -b 12

#### 2026-09-06 07:29:24
 Command line: ./mm-repair/matrepair -r -b 12 -p 12 /mnt/data/datasets/machine-learning-matrices-split/glove.csv 400000 300 
Setting memory for each repair instance to 38671 MBs
Sending logging messages to file: /mnt/data/datasets/machine-learning-matrices-split/glove.csv.log
==== Conversion bin/csv->csrv
Command: /home/louza/mm-repair/csvmat2csrv -b 12   /mnt/data/datasets/machine-learning-matrices-split/glove.csv -r 0   400000 300
Conversion time: 106.1753
==== Repair paralell compression
---- Executing 12 parallel processes
---- Parallel processing completed
Repair time: 34.1959
==== Integer vector .C compression
Command: /home/louza/mm-repair/sdsl/encode.x /mnt/data/datasets/machine-learning-matrices-split/glove.csv.12.0.vc.C 
==== Integer vector .R compression
Command: /home/louza/mm-repair/sdsl/encode.x /mnt/data/datasets/machine-learning-matrices-split/glove.csv.12.0.vc.R 
Integer vector compression time: 0.5955
==== Ans-fold compression
Command: /home/louza/mm-repair/ans/encode.x /mnt/data/datasets/machine-learning-matrices-split/glove.csv.12.0.vc.C 
Ans-fold time: 20.1779
==== Integer vector .C compression
Command: /home/louza/mm-repair/sdsl/encode.x /mnt/data/datasets/machine-learning-matrices-split/glove.csv.12.1.vc.C 
==== Integer vector .R compression
Command: /home/louza/mm-repair/sdsl/encode.x /mnt/data/datasets/machine-learning-matrices-split/glove.csv.12.1.vc.R 
Integer vector compression time: 0.6160
==== Ans-fold compression
Command: /home/louza/mm-repair/ans/encode.x /mnt/data/datasets/machine-learning-matrices-split/glove.csv.12.1.vc.C 
Ans-fold time: 36.9262
==== Integer vector .C compression
Command: /home/louza/mm-repair/sdsl/encode.x /mnt/data/datasets/machine-learning-matrices-split/glove.csv.12.2.vc.C 
==== Integer vector .R compression
Command: /home/louza/mm-repair/sdsl/encode.x /mnt/data/datasets/machine-learning-matrices-split/glove.csv.12.2.vc.R 
Integer vector compression time: 0.5851
==== Ans-fold compression
Command: /home/louza/mm-repair/ans/encode.x /mnt/data/datasets/machine-learning-matrices-split/glove.csv.12.2.vc.C 
Ans-fold time: 55.5688
==== Integer vector .C compression
Command: /home/louza/mm-repair/sdsl/encode.x /mnt/data/datasets/machine-learning-matrices-split/glove.csv.12.3.vc.C 
==== Integer vector .R compression
Command: /home/louza/mm-repair/sdsl/encode.x /mnt/data/datasets/machine-learning-matrices-split/glove.csv.12.3.vc.R 
Integer vector compression time: 0.4457
==== Ans-fold compression
Command: /home/louza/mm-repair/ans/encode.x /mnt/data/datasets/machine-learning-matrices-split/glove.csv.12.3.vc.C 
Ans-fold time: 69.5813
==== Integer vector .C compression
Command: /home/louza/mm-repair/sdsl/encode.x /mnt/data/datasets/machine-learning-matrices-split/glove.csv.12.4.vc.C 
==== Integer vector .R compression
Command: /home/louza/mm-repair/sdsl/encode.x /mnt/data/datasets/machine-learning-matrices-split/glove.csv.12.4.vc.R 
Integer vector compression time: 0.4802
==== Ans-fold compression
Command: /home/louza/mm-repair/ans/encode.x /mnt/data/datasets/machine-learning-matrices-split/glove.csv.12.4.vc.C 
Ans-fold time: 78.0321
==== Integer vector .C compression
Command: /home/louza/mm-repair/sdsl/encode.x /mnt/data/datasets/machine-learning-matrices-split/glove.csv.12.5.vc.C 
==== Integer vector .R compression
Command: /home/louza/mm-repair/sdsl/encode.x /mnt/data/datasets/machine-learning-matrices-split/glove.csv.12.5.vc.R 
Integer vector compression time: 0.3735
==== Ans-fold compression
Command: /home/louza/mm-repair/ans/encode.x /mnt/data/datasets/machine-learning-matrices-split/glove.csv.12.5.vc.C 
Ans-fold time: 88.0455
==== Integer vector .C compression
Command: /home/louza/mm-repair/sdsl/encode.x /mnt/data/datasets/machine-learning-matrices-split/glove.csv.12.6.vc.C 
==== Integer vector .R compression
Command: /home/louza/mm-repair/sdsl/encode.x /mnt/data/datasets/machine-learning-matrices-split/glove.csv.12.6.vc.R 
Integer vector compression time: 0.3586
==== Ans-fold compression
Command: /home/louza/mm-repair/ans/encode.x /mnt/data/datasets/machine-learning-matrices-split/glove.csv.12.6.vc.C 
Ans-fold time: 94.2856
==== Integer vector .C compression
Command: /home/louza/mm-repair/sdsl/encode.x /mnt/data/datasets/machine-learning-matrices-split/glove.csv.12.7.vc.C 
==== Integer vector .R compression
Command: /home/louza/mm-repair/sdsl/encode.x /mnt/data/datasets/machine-learning-matrices-split/glove.csv.12.7.vc.R 
Integer vector compression time: 0.4321
==== Ans-fold compression
Command: /home/louza/mm-repair/ans/encode.x /mnt/data/datasets/machine-learning-matrices-split/glove.csv.12.7.vc.C 
Ans-fold time: 100.4024
==== Integer vector .C compression
Command: /home/louza/mm-repair/sdsl/encode.x /mnt/data/datasets/machine-learning-matrices-split/glove.csv.12.8.vc.C 
==== Integer vector .R compression
Command: /home/louza/mm-repair/sdsl/encode.x /mnt/data/datasets/machine-learning-matrices-split/glove.csv.12.8.vc.R 
Integer vector compression time: 0.3663
==== Ans-fold compression
Command: /home/louza/mm-repair/ans/encode.x /mnt/data/datasets/machine-learning-matrices-split/glove.csv.12.8.vc.C 
Ans-fold time: 106.7035
==== Integer vector .C compression
Command: /home/louza/mm-repair/sdsl/encode.x /mnt/data/datasets/machine-learning-matrices-split/glove.csv.12.9.vc.C 
==== Integer vector .R compression
Command: /home/louza/mm-repair/sdsl/encode.x /mnt/data/datasets/machine-learning-matrices-split/glove.csv.12.9.vc.R 
Integer vector compression time: 0.8380
==== Ans-fold compression
Command: /home/louza/mm-repair/ans/encode.x /mnt/data/datasets/machine-learning-matrices-split/glove.csv.12.9.vc.C 
Ans-fold time: 112.9077
==== Integer vector .C compression
Command: /home/louza/mm-repair/sdsl/encode.x /mnt/data/datasets/machine-learning-matrices-split/glove.csv.12.10.vc.C 
==== Integer vector .R compression
Command: /home/louza/mm-repair/sdsl/encode.x /mnt/data/datasets/machine-learning-matrices-split/glove.csv.12.10.vc.R 
Integer vector compression time: 0.3498
==== Ans-fold compression
Command: /home/louza/mm-repair/ans/encode.x /mnt/data/datasets/machine-learning-matrices-split/glove.csv.12.10.vc.C 
Ans-fold time: 124.6790
==== Integer vector .C compression
Command: /home/louza/mm-repair/sdsl/encode.x /mnt/data/datasets/machine-learning-matrices-split/glove.csv.12.11.vc.C 
==== Integer vector .R compression
Command: /home/louza/mm-repair/sdsl/encode.x /mnt/data/datasets/machine-learning-matrices-split/glove.csv.12.11.vc.R 
Integer vector compression time: 0.5146
==== Ans-fold compression
Command: /home/louza/mm-repair/ans/encode.x /mnt/data/datasets/machine-learning-matrices-split/glove.csv.12.11.vc.C 
Ans-fold time: 144.9058
Elapsed time: 291.2339
==== Compression Report:
 >> matrix name: /mnt/data/datasets/machine-learning-matrices-split/glove.csv
 >> conversion time: 106.18
 >> repair time: 34.20
 >> integer vectors time: 0.51
 >> ansf time: 144.91
 >> total time: 291.23
 >> matrix log(alpha)xNumEntries size: 300000000 bytes
 >> matrix dense size: 960000000 bytes
 >> total number of nonzero: 120000000 (100.00%)
 >> number of distinct nonzero: 717119
 >> CRSV  size: 487336952 bytes  (50.76%)
 >> RE32  size: 487337000 bytes  (50.76%)
 >> REIV  size: 427137304 bytes  (44.49%)
 >> REANS size: 407509779 bytes  (42.45%)
==== Done

#### 2026-09-06 07:34:16
 Command line: ./mm-repair/matrepair -r -b 12 -p 12 /mnt/data/datasets/machine-learning-matrices-split/glove.csv 400000 300 --ole 
Setting memory for each repair instance to 38671 MBs
Sending logging messages to file: /mnt/data/datasets/machine-learning-matrices-split/glove.csv.log
==== Conversion bin/csv->csrv
Command: /home/louza/mm-repair/csvmat2csrv -b 12   /mnt/data/datasets/machine-learning-matrices-split/glove.csv -r 0   400000 300
Conversion time: 197.8887
==== Repair paralell compression
---- Executing 12 parallel processes
---- Parallel processing completed
Repair time: 12.7655
==== Integer vector .C compression
Command: /home/louza/mm-repair/sdsl/encode.x /mnt/data/datasets/machine-learning-matrices-split/glove.csv.12.0.vc.C 
==== Integer vector .R compression
Command: /home/louza/mm-repair/sdsl/encode.x /mnt/data/datasets/machine-learning-matrices-split/glove.csv.12.0.vc.R 
Integer vector compression time: 0.9970
==== OLE
Command: /home/louza/mm-repair/ole/encode.x /mnt/data/datasets/machine-learning-matrices-split/glove.csv.12.0.vc.C 
OLE time: 1.6641
==== Ans-fold compression
Command: /home/louza/mm-repair/ans/encode.x /mnt/data/datasets/machine-learning-matrices-split/glove.csv.12.0.vc.C 
Ans-fold time: 4.0314
==== Integer vector .C compression
Command: /home/louza/mm-repair/sdsl/encode.x /mnt/data/datasets/machine-learning-matrices-split/glove.csv.12.1.vc.C 
==== Integer vector .R compression
Command: /home/louza/mm-repair/sdsl/encode.x /mnt/data/datasets/machine-learning-matrices-split/glove.csv.12.1.vc.R 
Integer vector compression time: 1.9821
==== OLE
Command: /home/louza/mm-repair/ole/encode.x /mnt/data/datasets/machine-learning-matrices-split/glove.csv.12.1.vc.C 
OLE time: 2.1172
==== Ans-fold compression
Command: /home/louza/mm-repair/ans/encode.x /mnt/data/datasets/machine-learning-matrices-split/glove.csv.12.1.vc.C 
Ans-fold time: 8.5341
==== Integer vector .C compression
Command: /home/louza/mm-repair/sdsl/encode.x /mnt/data/datasets/machine-learning-matrices-split/glove.csv.12.2.vc.C 
==== Integer vector .R compression
Command: /home/louza/mm-repair/sdsl/encode.x /mnt/data/datasets/machine-learning-matrices-split/glove.csv.12.2.vc.R 
Integer vector compression time: 2.6185
==== OLE
Command: /home/louza/mm-repair/ole/encode.x /mnt/data/datasets/machine-learning-matrices-split/glove.csv.12.2.vc.C 
OLE time: 1.7519
==== Ans-fold compression
Command: /home/louza/mm-repair/ans/encode.x /mnt/data/datasets/machine-learning-matrices-split/glove.csv.12.2.vc.C 
Ans-fold time: 11.3385
==== Integer vector .C compression
Command: /home/louza/mm-repair/sdsl/encode.x /mnt/data/datasets/machine-learning-matrices-split/glove.csv.12.3.vc.C 
==== Integer vector .R compression
Command: /home/louza/mm-repair/sdsl/encode.x /mnt/data/datasets/machine-learning-matrices-split/glove.csv.12.3.vc.R 
Integer vector compression time: 1.3543
==== OLE
Command: /home/louza/mm-repair/ole/encode.x /mnt/data/datasets/machine-learning-matrices-split/glove.csv.12.3.vc.C 
OLE time: 0.8888
==== Ans-fold compression
Command: /home/louza/mm-repair/ans/encode.x /mnt/data/datasets/machine-learning-matrices-split/glove.csv.12.3.vc.C 
Ans-fold time: 13.2032
==== Integer vector .C compression
Command: /home/louza/mm-repair/sdsl/encode.x /mnt/data/datasets/machine-learning-matrices-split/glove.csv.12.4.vc.C 
==== Integer vector .R compression
Command: /home/louza/mm-repair/sdsl/encode.x /mnt/data/datasets/machine-learning-matrices-split/glove.csv.12.4.vc.R 
Integer vector compression time: 0.8280
==== OLE
Command: /home/louza/mm-repair/ole/encode.x /mnt/data/datasets/machine-learning-matrices-split/glove.csv.12.4.vc.C 
OLE time: 1.4646
==== Ans-fold compression
Command: /home/louza/mm-repair/ans/encode.x /mnt/data/datasets/machine-learning-matrices-split/glove.csv.12.4.vc.C 
Ans-fold time: 16.2446
==== Integer vector .C compression
Command: /home/louza/mm-repair/sdsl/encode.x /mnt/data/datasets/machine-learning-matrices-split/glove.csv.12.5.vc.C 
==== Integer vector .R compression
Command: /home/louza/mm-repair/sdsl/encode.x /mnt/data/datasets/machine-learning-matrices-split/glove.csv.12.5.vc.R 
Integer vector compression time: 1.5152
==== OLE
Command: /home/louza/mm-repair/ole/encode.x /mnt/data/datasets/machine-learning-matrices-split/glove.csv.12.5.vc.C 
OLE time: 2.2939
==== Ans-fold compression
Command: /home/louza/mm-repair/ans/encode.x /mnt/data/datasets/machine-learning-matrices-split/glove.csv.12.5.vc.C 
Ans-fold time: 18.5848
==== Integer vector .C compression
Command: /home/louza/mm-repair/sdsl/encode.x /mnt/data/datasets/machine-learning-matrices-split/glove.csv.12.6.vc.C 
==== Integer vector .R compression
Command: /home/louza/mm-repair/sdsl/encode.x /mnt/data/datasets/machine-learning-matrices-split/glove.csv.12.6.vc.R 
Integer vector compression time: 0.9770
==== OLE
Command: /home/louza/mm-repair/ole/encode.x /mnt/data/datasets/machine-learning-matrices-split/glove.csv.12.6.vc.C 
OLE time: 1.2426
==== Ans-fold compression
Command: /home/louza/mm-repair/ans/encode.x /mnt/data/datasets/machine-learning-matrices-split/glove.csv.12.6.vc.C 
Ans-fold time: 21.7177
==== Integer vector .C compression
Command: /home/louza/mm-repair/sdsl/encode.x /mnt/data/datasets/machine-learning-matrices-split/glove.csv.12.7.vc.C 
==== Integer vector .R compression
Command: /home/louza/mm-repair/sdsl/encode.x /mnt/data/datasets/machine-learning-matrices-split/glove.csv.12.7.vc.R 
Integer vector compression time: 0.8333
==== OLE
Command: /home/louza/mm-repair/ole/encode.x /mnt/data/datasets/machine-learning-matrices-split/glove.csv.12.7.vc.C 
OLE time: 0.8966
==== Ans-fold compression
Command: /home/louza/mm-repair/ans/encode.x /mnt/data/datasets/machine-learning-matrices-split/glove.csv.12.7.vc.C 
Ans-fold time: 23.8074
==== Integer vector .C compression
Command: /home/louza/mm-repair/sdsl/encode.x /mnt/data/datasets/machine-learning-matrices-split/glove.csv.12.8.vc.C 
==== Integer vector .R compression
Command: /home/louza/mm-repair/sdsl/encode.x /mnt/data/datasets/machine-learning-matrices-split/glove.csv.12.8.vc.R 
Integer vector compression time: 0.7196
==== OLE
Command: /home/louza/mm-repair/ole/encode.x /mnt/data/datasets/machine-learning-matrices-split/glove.csv.12.8.vc.C 
OLE time: 0.9251
==== Ans-fold compression
Command: /home/louza/mm-repair/ans/encode.x /mnt/data/datasets/machine-learning-matrices-split/glove.csv.12.8.vc.C 
Ans-fold time: 27.3223
==== Integer vector .C compression
Command: /home/louza/mm-repair/sdsl/encode.x /mnt/data/datasets/machine-learning-matrices-split/glove.csv.12.9.vc.C 
==== Integer vector .R compression
Command: /home/louza/mm-repair/sdsl/encode.x /mnt/data/datasets/machine-learning-matrices-split/glove.csv.12.9.vc.R 
Integer vector compression time: 1.9433
==== OLE
Command: /home/louza/mm-repair/ole/encode.x /mnt/data/datasets/machine-learning-matrices-split/glove.csv.12.9.vc.C 
OLE time: 1.3640
==== Ans-fold compression
Command: /home/louza/mm-repair/ans/encode.x /mnt/data/datasets/machine-learning-matrices-split/glove.csv.12.9.vc.C 
Ans-fold time: 30.6085
==== Integer vector .C compression
Command: /home/louza/mm-repair/sdsl/encode.x /mnt/data/datasets/machine-learning-matrices-split/glove.csv.12.10.vc.C 
==== Integer vector .R compression
Command: /home/louza/mm-repair/sdsl/encode.x /mnt/data/datasets/machine-learning-matrices-split/glove.csv.12.10.vc.R 
Integer vector compression time: 1.8334
==== OLE
Command: /home/louza/mm-repair/ole/encode.x /mnt/data/datasets/machine-learning-matrices-split/glove.csv.12.10.vc.C 
OLE time: 3.5793
==== Ans-fold compression
Command: /home/louza/mm-repair/ans/encode.x /mnt/data/datasets/machine-learning-matrices-split/glove.csv.12.10.vc.C 
Ans-fold time: 33.8169
==== Integer vector .C compression
Command: /home/louza/mm-repair/sdsl/encode.x /mnt/data/datasets/machine-learning-matrices-split/glove.csv.12.11.vc.C 
==== Integer vector .R compression
Command: /home/louza/mm-repair/sdsl/encode.x /mnt/data/datasets/machine-learning-matrices-split/glove.csv.12.11.vc.R 
Integer vector compression time: 1.7734
==== OLE
Command: /home/louza/mm-repair/ole/encode.x /mnt/data/datasets/machine-learning-matrices-split/glove.csv.12.11.vc.C 
OLE time: 2.0132
==== Ans-fold compression
Command: /home/louza/mm-repair/ans/encode.x /mnt/data/datasets/machine-learning-matrices-split/glove.csv.12.11.vc.C 
Ans-fold time: 37.6094
Elapsed time: 285.8427
==== Compression Report:
 >> matrix name: /mnt/data/datasets/machine-learning-matrices-split/glove.csv
 >> conversion time: 197.89
 >> repair time: 12.77
 >> integer vectors time: 1.77
 >> ansf time: 37.61
 >> total time: 285.84
 >> matrix log(alpha)xNumEntries size: 300000000 bytes
 >> matrix dense size: 960000000 bytes
 >> total number of nonzero: 120000000 (100.00%)
 >> number of distinct nonzero: 717119
 >> CRSV  size: 487336952 bytes  (50.76%)
 >> RE32  size: 487337000 bytes  (50.76%)
 >> REIV  size: 427137304 bytes  (44.49%)
 >> REANS size: 309433642 bytes  (32.23%)
==== Done

#### 2026-09-06 07:39:02
 Command line: ./mm-repair/matrepair -r -b 12 -p 12 /mnt/data/datasets/machine-learning-matrices-split/glove.csv 400000 300 --mapping 
Setting memory for each repair instance to 38671 MBs
Sending logging messages to file: /mnt/data/datasets/machine-learning-matrices-split/glove.csv.log
==== Conversion bin/csv->csrv
Command: /home/louza/mm-repair/csvmat2csrv -b 12   /mnt/data/datasets/machine-learning-matrices-split/glove.csv -r 0 -m  400000 300
Conversion time: 772.1927
==== Repair paralell compression
---- Executing 12 parallel processes
---- Parallel processing completed
Repair time: 15.4949
==== Integer vector .C compression
Command: /home/louza/mm-repair/sdsl/encode.x /mnt/data/datasets/machine-learning-matrices-split/glove.csv.12.0.vc.C 
==== Integer vector .R compression
Command: /home/louza/mm-repair/sdsl/encode.x /mnt/data/datasets/machine-learning-matrices-split/glove.csv.12.0.vc.R 
Integer vector compression time: 3.6462
==== Ans-fold compression
Command: /home/louza/mm-repair/ans/encode.x /mnt/data/datasets/machine-learning-matrices-split/glove.csv.12.0.vc.C 
Ans-fold time: 14.0594
==== Integer vector .C compression
Command: /home/louza/mm-repair/sdsl/encode.x /mnt/data/datasets/machine-learning-matrices-split/glove.csv.12.1.vc.C 
==== Integer vector .R compression
Command: /home/louza/mm-repair/sdsl/encode.x /mnt/data/datasets/machine-learning-matrices-split/glove.csv.12.1.vc.R 
Integer vector compression time: 3.0446
==== Ans-fold compression
Command: /home/louza/mm-repair/ans/encode.x /mnt/data/datasets/machine-learning-matrices-split/glove.csv.12.1.vc.C 
Ans-fold time: 26.6283
==== Integer vector .C compression
Command: /home/louza/mm-repair/sdsl/encode.x /mnt/data/datasets/machine-learning-matrices-split/glove.csv.12.2.vc.C 
==== Integer vector .R compression
Command: /home/louza/mm-repair/sdsl/encode.x /mnt/data/datasets/machine-learning-matrices-split/glove.csv.12.2.vc.R 
Integer vector compression time: 3.2256
==== Ans-fold compression
Command: /home/louza/mm-repair/ans/encode.x /mnt/data/datasets/machine-learning-matrices-split/glove.csv.12.2.vc.C 
Ans-fold time: 40.5094
==== Integer vector .C compression
Command: /home/louza/mm-repair/sdsl/encode.x /mnt/data/datasets/machine-learning-matrices-split/glove.csv.12.3.vc.C 
==== Integer vector .R compression
Command: /home/louza/mm-repair/sdsl/encode.x /mnt/data/datasets/machine-learning-matrices-split/glove.csv.12.3.vc.R 
Integer vector compression time: 6.2706
==== Ans-fold compression
Command: /home/louza/mm-repair/ans/encode.x /mnt/data/datasets/machine-learning-matrices-split/glove.csv.12.3.vc.C 
Ans-fold time: 52.1863
==== Integer vector .C compression
Command: /home/louza/mm-repair/sdsl/encode.x /mnt/data/datasets/machine-learning-matrices-split/glove.csv.12.4.vc.C 
==== Integer vector .R compression
Command: /home/louza/mm-repair/sdsl/encode.x /mnt/data/datasets/machine-learning-matrices-split/glove.csv.12.4.vc.R 
Integer vector compression time: 3.4909
==== Ans-fold compression
Command: /home/louza/mm-repair/ans/encode.x /mnt/data/datasets/machine-learning-matrices-split/glove.csv.12.4.vc.C 
Ans-fold time: 66.1847
==== Integer vector .C compression
Command: /home/louza/mm-repair/sdsl/encode.x /mnt/data/datasets/machine-learning-matrices-split/glove.csv.12.5.vc.C 
==== Integer vector .R compression
Command: /home/louza/mm-repair/sdsl/encode.x /mnt/data/datasets/machine-learning-matrices-split/glove.csv.12.5.vc.R 
Integer vector compression time: 1.0064
==== Ans-fold compression
Command: /home/louza/mm-repair/ans/encode.x /mnt/data/datasets/machine-learning-matrices-split/glove.csv.12.5.vc.C 
Ans-fold time: 78.5480
==== Integer vector .C compression
Command: /home/louza/mm-repair/sdsl/encode.x /mnt/data/datasets/machine-learning-matrices-split/glove.csv.12.6.vc.C 
==== Integer vector .R compression
Command: /home/louza/mm-repair/sdsl/encode.x /mnt/data/datasets/machine-learning-matrices-split/glove.csv.12.6.vc.R 
Integer vector compression time: 0.5748
==== Ans-fold compression
Command: /home/louza/mm-repair/ans/encode.x /mnt/data/datasets/machine-learning-matrices-split/glove.csv.12.6.vc.C 
Ans-fold time: 93.0981
==== Integer vector .C compression
Command: /home/louza/mm-repair/sdsl/encode.x /mnt/data/datasets/machine-learning-matrices-split/glove.csv.12.7.vc.C 
==== Integer vector .R compression
Command: /home/louza/mm-repair/sdsl/encode.x /mnt/data/datasets/machine-learning-matrices-split/glove.csv.12.7.vc.R 
Integer vector compression time: 1.0762
==== Ans-fold compression
Command: /home/louza/mm-repair/ans/encode.x /mnt/data/datasets/machine-learning-matrices-split/glove.csv.12.7.vc.C 
Ans-fold time: 107.5698
==== Integer vector .C compression
Command: /home/louza/mm-repair/sdsl/encode.x /mnt/data/datasets/machine-learning-matrices-split/glove.csv.12.8.vc.C 
==== Integer vector .R compression
Command: /home/louza/mm-repair/sdsl/encode.x /mnt/data/datasets/machine-learning-matrices-split/glove.csv.12.8.vc.R 
Integer vector compression time: 0.9148
==== Ans-fold compression
Command: /home/louza/mm-repair/ans/encode.x /mnt/data/datasets/machine-learning-matrices-split/glove.csv.12.8.vc.C 
Ans-fold time: 119.5803
==== Integer vector .C compression
Command: /home/louza/mm-repair/sdsl/encode.x /mnt/data/datasets/machine-learning-matrices-split/glove.csv.12.9.vc.C 
==== Integer vector .R compression
Command: /home/louza/mm-repair/sdsl/encode.x /mnt/data/datasets/machine-learning-matrices-split/glove.csv.12.9.vc.R 
Integer vector compression time: 0.9682
==== Ans-fold compression
Command: /home/louza/mm-repair/ans/encode.x /mnt/data/datasets/machine-learning-matrices-split/glove.csv.12.9.vc.C 
Ans-fold time: 125.8988
==== Integer vector .C compression
Command: /home/louza/mm-repair/sdsl/encode.x /mnt/data/datasets/machine-learning-matrices-split/glove.csv.12.10.vc.C 
==== Integer vector .R compression
Command: /home/louza/mm-repair/sdsl/encode.x /mnt/data/datasets/machine-learning-matrices-split/glove.csv.12.10.vc.R 
Integer vector compression time: 0.4786
==== Ans-fold compression
Command: /home/louza/mm-repair/ans/encode.x /mnt/data/datasets/machine-learning-matrices-split/glove.csv.12.10.vc.C 
Ans-fold time: 132.4857
==== Integer vector .C compression
Command: /home/louza/mm-repair/sdsl/encode.x /mnt/data/datasets/machine-learning-matrices-split/glove.csv.12.11.vc.C 
==== Integer vector .R compression
Command: /home/louza/mm-repair/sdsl/encode.x /mnt/data/datasets/machine-learning-matrices-split/glove.csv.12.11.vc.R 
Integer vector compression time: 0.9546
==== Ans-fold compression
Command: /home/louza/mm-repair/ans/encode.x /mnt/data/datasets/machine-learning-matrices-split/glove.csv.12.11.vc.C 
Ans-fold time: 138.9804
Command: /home/louza/mm-repair/ans/encode.x /mnt/data/datasets/machine-learning-matrices-split/glove.csv.wcode 
Elapsed time: 954.3916
==== Compression Report:
 >> matrix name: /mnt/data/datasets/machine-learning-matrices-split/glove.csv
 >> conversion time: 772.19
 >> repair time: 15.49
 >> integer vectors time: 0.95
 >> ansf time: 138.98
 >> total time: 954.39
 >> wcode: 226590916 bytes
 >> wcode_ans: 16430594 bytes
 >> matrix log(alpha)xNumEntries size: 300000000 bytes
 >> matrix dense size: 960000000 bytes
 >> total number of nonzero: 120000000 (100.00%)
 >> number of distinct nonzero: 717119
 >> CRSV  size: 487336952 bytes  (50.76%)
 >> RE32  size: 713927916 bytes  (74.37%)
 >> REIV  size: 623628220 bytes  (64.96%)
 >> REANS size: 409325961 bytes  (42.64%)
==== Done

#### 2026-09-06 07:54:56
 Command line: ./mm-repair/matrepair -r -b 12 -p 12 /mnt/data/datasets/machine-learning-matrices-split/glove.csv 400000 300 --split 
Setting memory for each repair instance to 38671 MBs
Sending logging messages to file: /mnt/data/datasets/machine-learning-matrices-split/glove.csv.log
==== Conversion bin/csv->csrv
Command: /home/louza/mm-repair/csvmat2csrv -b 12   /mnt/data/datasets/machine-learning-matrices-split/glove.csv -r 0  -s 400000 300
Conversion time: 738.4831
==== Repair paralell compression
---- Executing 12 parallel processes
---- Parallel processing completed
Repair time: 0.0322
==== Integer vector .C compression
Command: /home/louza/mm-repair/sdsl/encode.x /mnt/data/datasets/machine-learning-matrices-split/glove.csv.12.0.A.vc.C 
==== Integer vector .R compression
Command: /home/louza/mm-repair/sdsl/encode.x /mnt/data/datasets/machine-learning-matrices-split/glove.csv.12.0.A.vc.R 
Integer vector compression time: 0.0275
==== Ans-fold compression
Command: /home/louza/mm-repair/ans/encode.x /mnt/data/datasets/machine-learning-matrices-split/glove.csv.12.0.A.vc.C 
Command: /home/louza/mm-repair/ans/encode.x /mnt/data/datasets/machine-learning-matrices-split/glove.csv.12.0.B.vc
Ans-fold time: 5.9926
==== Integer vector .C compression
Command: /home/louza/mm-repair/sdsl/encode.x /mnt/data/datasets/machine-learning-matrices-split/glove.csv.12.1.A.vc.C 
==== Integer vector .R compression
Command: /home/louza/mm-repair/sdsl/encode.x /mnt/data/datasets/machine-learning-matrices-split/glove.csv.12.1.A.vc.R 
Integer vector compression time: 0.0260
==== Ans-fold compression
Command: /home/louza/mm-repair/ans/encode.x /mnt/data/datasets/machine-learning-matrices-split/glove.csv.12.1.A.vc.C 
Command: /home/louza/mm-repair/ans/encode.x /mnt/data/datasets/machine-learning-matrices-split/glove.csv.12.1.B.vc
Ans-fold time: 11.8291
==== Integer vector .C compression
Command: /home/louza/mm-repair/sdsl/encode.x /mnt/data/datasets/machine-learning-matrices-split/glove.csv.12.2.A.vc.C 
==== Integer vector .R compression
Command: /home/louza/mm-repair/sdsl/encode.x /mnt/data/datasets/machine-learning-matrices-split/glove.csv.12.2.A.vc.R 
Integer vector compression time: 0.0281
==== Ans-fold compression
Command: /home/louza/mm-repair/ans/encode.x /mnt/data/datasets/machine-learning-matrices-split/glove.csv.12.2.A.vc.C 
Command: /home/louza/mm-repair/ans/encode.x /mnt/data/datasets/machine-learning-matrices-split/glove.csv.12.2.B.vc
Ans-fold time: 18.0526
==== Integer vector .C compression
Command: /home/louza/mm-repair/sdsl/encode.x /mnt/data/datasets/machine-learning-matrices-split/glove.csv.12.3.A.vc.C 
==== Integer vector .R compression
Command: /home/louza/mm-repair/sdsl/encode.x /mnt/data/datasets/machine-learning-matrices-split/glove.csv.12.3.A.vc.R 
Integer vector compression time: 0.0269
==== Ans-fold compression
Command: /home/louza/mm-repair/ans/encode.x /mnt/data/datasets/machine-learning-matrices-split/glove.csv.12.3.A.vc.C 
Command: /home/louza/mm-repair/ans/encode.x /mnt/data/datasets/machine-learning-matrices-split/glove.csv.12.3.B.vc
Ans-fold time: 23.8557
==== Integer vector .C compression
Command: /home/louza/mm-repair/sdsl/encode.x /mnt/data/datasets/machine-learning-matrices-split/glove.csv.12.4.A.vc.C 
==== Integer vector .R compression
Command: /home/louza/mm-repair/sdsl/encode.x /mnt/data/datasets/machine-learning-matrices-split/glove.csv.12.4.A.vc.R 
Integer vector compression time: 0.0245
==== Ans-fold compression
Command: /home/louza/mm-repair/ans/encode.x /mnt/data/datasets/machine-learning-matrices-split/glove.csv.12.4.A.vc.C 
Command: /home/louza/mm-repair/ans/encode.x /mnt/data/datasets/machine-learning-matrices-split/glove.csv.12.4.B.vc
Ans-fold time: 29.7031
==== Integer vector .C compression
Command: /home/louza/mm-repair/sdsl/encode.x /mnt/data/datasets/machine-learning-matrices-split/glove.csv.12.5.A.vc.C 
==== Integer vector .R compression
Command: /home/louza/mm-repair/sdsl/encode.x /mnt/data/datasets/machine-learning-matrices-split/glove.csv.12.5.A.vc.R 
Integer vector compression time: 0.0294
==== Ans-fold compression
Command: /home/louza/mm-repair/ans/encode.x /mnt/data/datasets/machine-learning-matrices-split/glove.csv.12.5.A.vc.C 
Command: /home/louza/mm-repair/ans/encode.x /mnt/data/datasets/machine-learning-matrices-split/glove.csv.12.5.B.vc
Ans-fold time: 38.2574
==== Integer vector .C compression
Command: /home/louza/mm-repair/sdsl/encode.x /mnt/data/datasets/machine-learning-matrices-split/glove.csv.12.6.A.vc.C 
==== Integer vector .R compression
Command: /home/louza/mm-repair/sdsl/encode.x /mnt/data/datasets/machine-learning-matrices-split/glove.csv.12.6.A.vc.R 
Integer vector compression time: 0.0286
==== Ans-fold compression
Command: /home/louza/mm-repair/ans/encode.x /mnt/data/datasets/machine-learning-matrices-split/glove.csv.12.6.A.vc.C 
Command: /home/louza/mm-repair/ans/encode.x /mnt/data/datasets/machine-learning-matrices-split/glove.csv.12.6.B.vc
Ans-fold time: 46.6857
==== Integer vector .C compression
Command: /home/louza/mm-repair/sdsl/encode.x /mnt/data/datasets/machine-learning-matrices-split/glove.csv.12.7.A.vc.C 
==== Integer vector .R compression
Command: /home/louza/mm-repair/sdsl/encode.x /mnt/data/datasets/machine-learning-matrices-split/glove.csv.12.7.A.vc.R 
Integer vector compression time: 0.0231
==== Ans-fold compression
Command: /home/louza/mm-repair/ans/encode.x /mnt/data/datasets/machine-learning-matrices-split/glove.csv.12.7.A.vc.C 
Command: /home/louza/mm-repair/ans/encode.x /mnt/data/datasets/machine-learning-matrices-split/glove.csv.12.7.B.vc
Ans-fold time: 52.5704
==== Integer vector .C compression
Command: /home/louza/mm-repair/sdsl/encode.x /mnt/data/datasets/machine-learning-matrices-split/glove.csv.12.8.A.vc.C 
==== Integer vector .R compression
Command: /home/louza/mm-repair/sdsl/encode.x /mnt/data/datasets/machine-learning-matrices-split/glove.csv.12.8.A.vc.R 
Integer vector compression time: 0.0231
==== Ans-fold compression
Command: /home/louza/mm-repair/ans/encode.x /mnt/data/datasets/machine-learning-matrices-split/glove.csv.12.8.A.vc.C 
Command: /home/louza/mm-repair/ans/encode.x /mnt/data/datasets/machine-learning-matrices-split/glove.csv.12.8.B.vc
Ans-fold time: 58.3135
==== Integer vector .C compression
Command: /home/louza/mm-repair/sdsl/encode.x /mnt/data/datasets/machine-learning-matrices-split/glove.csv.12.9.A.vc.C 
==== Integer vector .R compression
Command: /home/louza/mm-repair/sdsl/encode.x /mnt/data/datasets/machine-learning-matrices-split/glove.csv.12.9.A.vc.R 
Integer vector compression time: 0.0246
==== Ans-fold compression
Command: /home/louza/mm-repair/ans/encode.x /mnt/data/datasets/machine-learning-matrices-split/glove.csv.12.9.A.vc.C 
Command: /home/louza/mm-repair/ans/encode.x /mnt/data/datasets/machine-learning-matrices-split/glove.csv.12.9.B.vc
Ans-fold time: 64.0638
==== Integer vector .C compression
Command: /home/louza/mm-repair/sdsl/encode.x /mnt/data/datasets/machine-learning-matrices-split/glove.csv.12.10.A.vc.C 
==== Integer vector .R compression
Command: /home/louza/mm-repair/sdsl/encode.x /mnt/data/datasets/machine-learning-matrices-split/glove.csv.12.10.A.vc.R 
Integer vector compression time: 0.0274
==== Ans-fold compression
Command: /home/louza/mm-repair/ans/encode.x /mnt/data/datasets/machine-learning-matrices-split/glove.csv.12.10.A.vc.C 
Command: /home/louza/mm-repair/ans/encode.x /mnt/data/datasets/machine-learning-matrices-split/glove.csv.12.10.B.vc
Ans-fold time: 69.7626
==== Integer vector .C compression
Command: /home/louza/mm-repair/sdsl/encode.x /mnt/data/datasets/machine-learning-matrices-split/glove.csv.12.11.A.vc.C 
==== Integer vector .R compression
Command: /home/louza/mm-repair/sdsl/encode.x /mnt/data/datasets/machine-learning-matrices-split/glove.csv.12.11.A.vc.R 
Integer vector compression time: 0.0262
==== Ans-fold compression
Command: /home/louza/mm-repair/ans/encode.x /mnt/data/datasets/machine-learning-matrices-split/glove.csv.12.11.A.vc.C 
Command: /home/louza/mm-repair/ans/encode.x /mnt/data/datasets/machine-learning-matrices-split/glove.csv.12.11.B.vc
Ans-fold time: 75.5377
Elapsed time: 814.3697
==== Compression Report:
 >> matrix name: /mnt/data/datasets/machine-learning-matrices-split/glove.csv
 >> conversion time: 738.48
 >> repair time: 0.03
 >> integer vectors time: 0.03
 >> ansf time: 75.54
 >> total time: 814.37
 >> matrix log(alpha)xNumEntries size: 300000000 bytes
 >> matrix dense size: 960000000 bytes
 >> total number of nonzero: 0 (0.00%)
 >> number of distinct nonzero: 717119
 >> CRSV  size: 7336952 bytes  (0.76%)
 >> B	  size: 481600000 bytes  (50.17%)
 >> B_ans size: 401772491 bytes  (41.85%)
 >> RE32  size: 409109491 bytes  (42.62%)
 >> REIV  size: 407559771 bytes  (42.45%)
 >> REANS size: 407510199 bytes  (42.45%)
==== Done

#### 2026-09-06 08:08:30
 Command line: ./mm-repair/matrepair -r -b 12 -p 12 /mnt/data/datasets/machine-learning-matrices-split/glove.csv 400000 300 --ole --mapping 
Setting memory for each repair instance to 38671 MBs
Sending logging messages to file: /mnt/data/datasets/machine-learning-matrices-split/glove.csv.log
==== Conversion bin/csv->csrv
Command: /home/louza/mm-repair/csvmat2csrv -b 12   /mnt/data/datasets/machine-learning-matrices-split/glove.csv -r 0 -m  400000 300
Conversion time: 629.7513
==== Repair paralell compression
---- Executing 12 parallel processes
---- Parallel processing completed
Repair time: 7.6256
==== Integer vector .C compression
Command: /home/louza/mm-repair/sdsl/encode.x /mnt/data/datasets/machine-learning-matrices-split/glove.csv.12.0.vc.C 
==== Integer vector .R compression
Command: /home/louza/mm-repair/sdsl/encode.x /mnt/data/datasets/machine-learning-matrices-split/glove.csv.12.0.vc.R 
Integer vector compression time: 0.4716
==== OLE
Command: /home/louza/mm-repair/ole/encode.x /mnt/data/datasets/machine-learning-matrices-split/glove.csv.12.0.vc.C 
OLE time: 0.5277
==== Ans-fold compression
Command: /home/louza/mm-repair/ans/encode.x /mnt/data/datasets/machine-learning-matrices-split/glove.csv.12.0.vc.C 
Ans-fold time: 1.3343
==== Integer vector .C compression
Command: /home/louza/mm-repair/sdsl/encode.x /mnt/data/datasets/machine-learning-matrices-split/glove.csv.12.1.vc.C 
==== Integer vector .R compression
Command: /home/louza/mm-repair/sdsl/encode.x /mnt/data/datasets/machine-learning-matrices-split/glove.csv.12.1.vc.R 
Integer vector compression time: 0.6254
==== OLE
Command: /home/louza/mm-repair/ole/encode.x /mnt/data/datasets/machine-learning-matrices-split/glove.csv.12.1.vc.C 
OLE time: 0.7636
==== Ans-fold compression
Command: /home/louza/mm-repair/ans/encode.x /mnt/data/datasets/machine-learning-matrices-split/glove.csv.12.1.vc.C 
Ans-fold time: 3.1983
==== Integer vector .C compression
Command: /home/louza/mm-repair/sdsl/encode.x /mnt/data/datasets/machine-learning-matrices-split/glove.csv.12.2.vc.C 
==== Integer vector .R compression
Command: /home/louza/mm-repair/sdsl/encode.x /mnt/data/datasets/machine-learning-matrices-split/glove.csv.12.2.vc.R 
Integer vector compression time: 0.6411
==== OLE
Command: /home/louza/mm-repair/ole/encode.x /mnt/data/datasets/machine-learning-matrices-split/glove.csv.12.2.vc.C 
OLE time: 0.6380
==== Ans-fold compression
Command: /home/louza/mm-repair/ans/encode.x /mnt/data/datasets/machine-learning-matrices-split/glove.csv.12.2.vc.C 
Ans-fold time: 4.6964
==== Integer vector .C compression
Command: /home/louza/mm-repair/sdsl/encode.x /mnt/data/datasets/machine-learning-matrices-split/glove.csv.12.3.vc.C 
==== Integer vector .R compression
Command: /home/louza/mm-repair/sdsl/encode.x /mnt/data/datasets/machine-learning-matrices-split/glove.csv.12.3.vc.R 
Integer vector compression time: 0.5475
==== OLE
Command: /home/louza/mm-repair/ole/encode.x /mnt/data/datasets/machine-learning-matrices-split/glove.csv.12.3.vc.C 
OLE time: 0.7184
==== Ans-fold compression
Command: /home/louza/mm-repair/ans/encode.x /mnt/data/datasets/machine-learning-matrices-split/glove.csv.12.3.vc.C 
Ans-fold time: 6.1736
==== Integer vector .C compression
Command: /home/louza/mm-repair/sdsl/encode.x /mnt/data/datasets/machine-learning-matrices-split/glove.csv.12.4.vc.C 
==== Integer vector .R compression
Command: /home/louza/mm-repair/sdsl/encode.x /mnt/data/datasets/machine-learning-matrices-split/glove.csv.12.4.vc.R 
Integer vector compression time: 0.5220
==== OLE
Command: /home/louza/mm-repair/ole/encode.x /mnt/data/datasets/machine-learning-matrices-split/glove.csv.12.4.vc.C 
OLE time: 0.5834
==== Ans-fold compression
Command: /home/louza/mm-repair/ans/encode.x /mnt/data/datasets/machine-learning-matrices-split/glove.csv.12.4.vc.C 
Ans-fold time: 7.5569
==== Integer vector .C compression
Command: /home/louza/mm-repair/sdsl/encode.x /mnt/data/datasets/machine-learning-matrices-split/glove.csv.12.5.vc.C 
==== Integer vector .R compression
Command: /home/louza/mm-repair/sdsl/encode.x /mnt/data/datasets/machine-learning-matrices-split/glove.csv.12.5.vc.R 
Integer vector compression time: 0.5254
==== OLE
Command: /home/louza/mm-repair/ole/encode.x /mnt/data/datasets/machine-learning-matrices-split/glove.csv.12.5.vc.C 
OLE time: 0.7013
==== Ans-fold compression
Command: /home/louza/mm-repair/ans/encode.x /mnt/data/datasets/machine-learning-matrices-split/glove.csv.12.5.vc.C 
Ans-fold time: 8.6562
==== Integer vector .C compression
Command: /home/louza/mm-repair/sdsl/encode.x /mnt/data/datasets/machine-learning-matrices-split/glove.csv.12.6.vc.C 
==== Integer vector .R compression
Command: /home/louza/mm-repair/sdsl/encode.x /mnt/data/datasets/machine-learning-matrices-split/glove.csv.12.6.vc.R 
Integer vector compression time: 0.5127
==== OLE
Command: /home/louza/mm-repair/ole/encode.x /mnt/data/datasets/machine-learning-matrices-split/glove.csv.12.6.vc.C 
OLE time: 0.9034
==== Ans-fold compression
Command: /home/louza/mm-repair/ans/encode.x /mnt/data/datasets/machine-learning-matrices-split/glove.csv.12.6.vc.C 
Ans-fold time: 9.7975
==== Integer vector .C compression
Command: /home/louza/mm-repair/sdsl/encode.x /mnt/data/datasets/machine-learning-matrices-split/glove.csv.12.7.vc.C 
==== Integer vector .R compression
Command: /home/louza/mm-repair/sdsl/encode.x /mnt/data/datasets/machine-learning-matrices-split/glove.csv.12.7.vc.R 
Integer vector compression time: 0.6783
==== OLE
Command: /home/louza/mm-repair/ole/encode.x /mnt/data/datasets/machine-learning-matrices-split/glove.csv.12.7.vc.C 
OLE time: 0.6982
==== Ans-fold compression
Command: /home/louza/mm-repair/ans/encode.x /mnt/data/datasets/machine-learning-matrices-split/glove.csv.12.7.vc.C 
Ans-fold time: 11.2697
==== Integer vector .C compression
Command: /home/louza/mm-repair/sdsl/encode.x /mnt/data/datasets/machine-learning-matrices-split/glove.csv.12.8.vc.C 
==== Integer vector .R compression
Command: /home/louza/mm-repair/sdsl/encode.x /mnt/data/datasets/machine-learning-matrices-split/glove.csv.12.8.vc.R 
Integer vector compression time: 0.6735
==== OLE
Command: /home/louza/mm-repair/ole/encode.x /mnt/data/datasets/machine-learning-matrices-split/glove.csv.12.8.vc.C 
OLE time: 0.6378
==== Ans-fold compression
Command: /home/louza/mm-repair/ans/encode.x /mnt/data/datasets/machine-learning-matrices-split/glove.csv.12.8.vc.C 
Ans-fold time: 12.6066
==== Integer vector .C compression
Command: /home/louza/mm-repair/sdsl/encode.x /mnt/data/datasets/machine-learning-matrices-split/glove.csv.12.9.vc.C 
==== Integer vector .R compression
Command: /home/louza/mm-repair/sdsl/encode.x /mnt/data/datasets/machine-learning-matrices-split/glove.csv.12.9.vc.R 
Integer vector compression time: 0.8913
==== OLE
Command: /home/louza/mm-repair/ole/encode.x /mnt/data/datasets/machine-learning-matrices-split/glove.csv.12.9.vc.C 
OLE time: 1.5330
==== Ans-fold compression
Command: /home/louza/mm-repair/ans/encode.x /mnt/data/datasets/machine-learning-matrices-split/glove.csv.12.9.vc.C 
Ans-fold time: 14.0040
==== Integer vector .C compression
Command: /home/louza/mm-repair/sdsl/encode.x /mnt/data/datasets/machine-learning-matrices-split/glove.csv.12.10.vc.C 
==== Integer vector .R compression
Command: /home/louza/mm-repair/sdsl/encode.x /mnt/data/datasets/machine-learning-matrices-split/glove.csv.12.10.vc.R 
Integer vector compression time: 0.6140
==== OLE
Command: /home/louza/mm-repair/ole/encode.x /mnt/data/datasets/machine-learning-matrices-split/glove.csv.12.10.vc.C 
OLE time: 0.7269
==== Ans-fold compression
Command: /home/louza/mm-repair/ans/encode.x /mnt/data/datasets/machine-learning-matrices-split/glove.csv.12.10.vc.C 
Ans-fold time: 15.3619
==== Integer vector .C compression
Command: /home/louza/mm-repair/sdsl/encode.x /mnt/data/datasets/machine-learning-matrices-split/glove.csv.12.11.vc.C 
==== Integer vector .R compression
Command: /home/louza/mm-repair/sdsl/encode.x /mnt/data/datasets/machine-learning-matrices-split/glove.csv.12.11.vc.R 
Integer vector compression time: 0.5082
==== OLE
Command: /home/louza/mm-repair/ole/encode.x /mnt/data/datasets/machine-learning-matrices-split/glove.csv.12.11.vc.C 
OLE time: 0.6472
==== Ans-fold compression
Command: /home/louza/mm-repair/ans/encode.x /mnt/data/datasets/machine-learning-matrices-split/glove.csv.12.11.vc.C 
Ans-fold time: 16.6916
Command: /home/louza/mm-repair/ans/encode.x /mnt/data/datasets/machine-learning-matrices-split/glove.csv.wcode 
Elapsed time: 672.0587
==== Compression Report:
 >> matrix name: /mnt/data/datasets/machine-learning-matrices-split/glove.csv
 >> conversion time: 629.75
 >> repair time: 7.63
 >> integer vectors time: 0.51
 >> ansf time: 16.69
 >> total time: 672.06
 >> wcode: 226590916 bytes
 >> wcode_ans: 16430594 bytes
 >> matrix log(alpha)xNumEntries size: 300000000 bytes
 >> matrix dense size: 960000000 bytes
 >> total number of nonzero: 120000000 (100.00%)
 >> number of distinct nonzero: 717119
 >> CRSV  size: 487336952 bytes  (50.76%)
 >> RE32  size: 713927916 bytes  (74.37%)
 >> REIV  size: 623628220 bytes  (64.96%)
 >> REANS size: 306672940 bytes  (31.95%)
==== Done

#### 2026-09-06 08:19:43
 Command line: ./mm-repair/matrepair -r -b 12 -p 12 /mnt/data/datasets/machine-learning-matrices-split/glove.csv 400000 300 --ole --split 
Setting memory for each repair instance to 38671 MBs
Sending logging messages to file: /mnt/data/datasets/machine-learning-matrices-split/glove.csv.log
==== Conversion bin/csv->csrv
Command: /home/louza/mm-repair/csvmat2csrv -b 12   /mnt/data/datasets/machine-learning-matrices-split/glove.csv -r 0  -s 400000 300
Conversion time: 437.7446
==== Repair paralell compression
---- Executing 12 parallel processes
---- Parallel processing completed
Repair time: 0.0309
==== Integer vector .C compression
Command: /home/louza/mm-repair/sdsl/encode.x /mnt/data/datasets/machine-learning-matrices-split/glove.csv.12.0.A.vc.C 
==== Integer vector .R compression
Command: /home/louza/mm-repair/sdsl/encode.x /mnt/data/datasets/machine-learning-matrices-split/glove.csv.12.0.A.vc.R 
Integer vector compression time: 0.0247
==== OLE
Command: /home/louza/mm-repair/ole/encode.x /mnt/data/datasets/machine-learning-matrices-split/glove.csv.12.0.A.vc.C 
Command: /home/louza/mm-repair/ole/encode.x /mnt/data/datasets/machine-learning-matrices-split/glove.csv.12.0.B.vc 
OLE time: 0.3510
==== Ans-fold compression
Command: /home/louza/mm-repair/ans/encode.x /mnt/data/datasets/machine-learning-matrices-split/glove.csv.12.0.A.vc.C 
Command: /home/louza/mm-repair/ans/encode.x /mnt/data/datasets/machine-learning-matrices-split/glove.csv.12.0.B.vc
Ans-fold time: 1.3762
==== Integer vector .C compression
Command: /home/louza/mm-repair/sdsl/encode.x /mnt/data/datasets/machine-learning-matrices-split/glove.csv.12.1.A.vc.C 
==== Integer vector .R compression
Command: /home/louza/mm-repair/sdsl/encode.x /mnt/data/datasets/machine-learning-matrices-split/glove.csv.12.1.A.vc.R 
Integer vector compression time: 0.0238
==== OLE
Command: /home/louza/mm-repair/ole/encode.x /mnt/data/datasets/machine-learning-matrices-split/glove.csv.12.1.A.vc.C 
Command: /home/louza/mm-repair/ole/encode.x /mnt/data/datasets/machine-learning-matrices-split/glove.csv.12.1.B.vc 
OLE time: 0.3432
==== Ans-fold compression
Command: /home/louza/mm-repair/ans/encode.x /mnt/data/datasets/machine-learning-matrices-split/glove.csv.12.1.A.vc.C 
Command: /home/louza/mm-repair/ans/encode.x /mnt/data/datasets/machine-learning-matrices-split/glove.csv.12.1.B.vc
Ans-fold time: 2.7813
==== Integer vector .C compression
Command: /home/louza/mm-repair/sdsl/encode.x /mnt/data/datasets/machine-learning-matrices-split/glove.csv.12.2.A.vc.C 
==== Integer vector .R compression
Command: /home/louza/mm-repair/sdsl/encode.x /mnt/data/datasets/machine-learning-matrices-split/glove.csv.12.2.A.vc.R 
Integer vector compression time: 0.0269
==== OLE
Command: /home/louza/mm-repair/ole/encode.x /mnt/data/datasets/machine-learning-matrices-split/glove.csv.12.2.A.vc.C 
Command: /home/louza/mm-repair/ole/encode.x /mnt/data/datasets/machine-learning-matrices-split/glove.csv.12.2.B.vc 
OLE time: 0.3111
==== Ans-fold compression
Command: /home/louza/mm-repair/ans/encode.x /mnt/data/datasets/machine-learning-matrices-split/glove.csv.12.2.A.vc.C 
Command: /home/louza/mm-repair/ans/encode.x /mnt/data/datasets/machine-learning-matrices-split/glove.csv.12.2.B.vc
Ans-fold time: 4.4058
==== Integer vector .C compression
Command: /home/louza/mm-repair/sdsl/encode.x /mnt/data/datasets/machine-learning-matrices-split/glove.csv.12.3.A.vc.C 
==== Integer vector .R compression
Command: /home/louza/mm-repair/sdsl/encode.x /mnt/data/datasets/machine-learning-matrices-split/glove.csv.12.3.A.vc.R 
Integer vector compression time: 0.0556
==== OLE
Command: /home/louza/mm-repair/ole/encode.x /mnt/data/datasets/machine-learning-matrices-split/glove.csv.12.3.A.vc.C 
Command: /home/louza/mm-repair/ole/encode.x /mnt/data/datasets/machine-learning-matrices-split/glove.csv.12.3.B.vc 
OLE time: 0.6717
==== Ans-fold compression
Command: /home/louza/mm-repair/ans/encode.x /mnt/data/datasets/machine-learning-matrices-split/glove.csv.12.3.A.vc.C 
Command: /home/louza/mm-repair/ans/encode.x /mnt/data/datasets/machine-learning-matrices-split/glove.csv.12.3.B.vc
Ans-fold time: 6.0664
==== Integer vector .C compression
Command: /home/louza/mm-repair/sdsl/encode.x /mnt/data/datasets/machine-learning-matrices-split/glove.csv.12.4.A.vc.C 
==== Integer vector .R compression
Command: /home/louza/mm-repair/sdsl/encode.x /mnt/data/datasets/machine-learning-matrices-split/glove.csv.12.4.A.vc.R 
Integer vector compression time: 0.0266
==== OLE
Command: /home/louza/mm-repair/ole/encode.x /mnt/data/datasets/machine-learning-matrices-split/glove.csv.12.4.A.vc.C 
Command: /home/louza/mm-repair/ole/encode.x /mnt/data/datasets/machine-learning-matrices-split/glove.csv.12.4.B.vc 
OLE time: 0.3980
==== Ans-fold compression
Command: /home/louza/mm-repair/ans/encode.x /mnt/data/datasets/machine-learning-matrices-split/glove.csv.12.4.A.vc.C 
Command: /home/louza/mm-repair/ans/encode.x /mnt/data/datasets/machine-learning-matrices-split/glove.csv.12.4.B.vc
Ans-fold time: 7.7182
==== Integer vector .C compression
Command: /home/louza/mm-repair/sdsl/encode.x /mnt/data/datasets/machine-learning-matrices-split/glove.csv.12.5.A.vc.C 
==== Integer vector .R compression
Command: /home/louza/mm-repair/sdsl/encode.x /mnt/data/datasets/machine-learning-matrices-split/glove.csv.12.5.A.vc.R 
Integer vector compression time: 0.0278
==== OLE
Command: /home/louza/mm-repair/ole/encode.x /mnt/data/datasets/machine-learning-matrices-split/glove.csv.12.5.A.vc.C 
Command: /home/louza/mm-repair/ole/encode.x /mnt/data/datasets/machine-learning-matrices-split/glove.csv.12.5.B.vc 
OLE time: 0.3562
==== Ans-fold compression
Command: /home/louza/mm-repair/ans/encode.x /mnt/data/datasets/machine-learning-matrices-split/glove.csv.12.5.A.vc.C 
Command: /home/louza/mm-repair/ans/encode.x /mnt/data/datasets/machine-learning-matrices-split/glove.csv.12.5.B.vc
Ans-fold time: 9.4175
==== Integer vector .C compression
Command: /home/louza/mm-repair/sdsl/encode.x /mnt/data/datasets/machine-learning-matrices-split/glove.csv.12.6.A.vc.C 
==== Integer vector .R compression
Command: /home/louza/mm-repair/sdsl/encode.x /mnt/data/datasets/machine-learning-matrices-split/glove.csv.12.6.A.vc.R 
Integer vector compression time: 0.0274
==== OLE
Command: /home/louza/mm-repair/ole/encode.x /mnt/data/datasets/machine-learning-matrices-split/glove.csv.12.6.A.vc.C 
Command: /home/louza/mm-repair/ole/encode.x /mnt/data/datasets/machine-learning-matrices-split/glove.csv.12.6.B.vc 
OLE time: 0.7118
==== Ans-fold compression
Command: /home/louza/mm-repair/ans/encode.x /mnt/data/datasets/machine-learning-matrices-split/glove.csv.12.6.A.vc.C 
Command: /home/louza/mm-repair/ans/encode.x /mnt/data/datasets/machine-learning-matrices-split/glove.csv.12.6.B.vc
Ans-fold time: 11.1421
==== Integer vector .C compression
Command: /home/louza/mm-repair/sdsl/encode.x /mnt/data/datasets/machine-learning-matrices-split/glove.csv.12.7.A.vc.C 
==== Integer vector .R compression
Command: /home/louza/mm-repair/sdsl/encode.x /mnt/data/datasets/machine-learning-matrices-split/glove.csv.12.7.A.vc.R 
Integer vector compression time: 0.0249
==== OLE
Command: /home/louza/mm-repair/ole/encode.x /mnt/data/datasets/machine-learning-matrices-split/glove.csv.12.7.A.vc.C 
Command: /home/louza/mm-repair/ole/encode.x /mnt/data/datasets/machine-learning-matrices-split/glove.csv.12.7.B.vc 
OLE time: 0.4143
==== Ans-fold compression
Command: /home/louza/mm-repair/ans/encode.x /mnt/data/datasets/machine-learning-matrices-split/glove.csv.12.7.A.vc.C 
Command: /home/louza/mm-repair/ans/encode.x /mnt/data/datasets/machine-learning-matrices-split/glove.csv.12.7.B.vc
Ans-fold time: 13.3053
==== Integer vector .C compression
Command: /home/louza/mm-repair/sdsl/encode.x /mnt/data/datasets/machine-learning-matrices-split/glove.csv.12.8.A.vc.C 
==== Integer vector .R compression
Command: /home/louza/mm-repair/sdsl/encode.x /mnt/data/datasets/machine-learning-matrices-split/glove.csv.12.8.A.vc.R 
Integer vector compression time: 0.0586
==== OLE
Command: /home/louza/mm-repair/ole/encode.x /mnt/data/datasets/machine-learning-matrices-split/glove.csv.12.8.A.vc.C 
Command: /home/louza/mm-repair/ole/encode.x /mnt/data/datasets/machine-learning-matrices-split/glove.csv.12.8.B.vc 
OLE time: 0.5382
==== Ans-fold compression
Command: /home/louza/mm-repair/ans/encode.x /mnt/data/datasets/machine-learning-matrices-split/glove.csv.12.8.A.vc.C 
Command: /home/louza/mm-repair/ans/encode.x /mnt/data/datasets/machine-learning-matrices-split/glove.csv.12.8.B.vc
Ans-fold time: 14.8845
==== Integer vector .C compression
Command: /home/louza/mm-repair/sdsl/encode.x /mnt/data/datasets/machine-learning-matrices-split/glove.csv.12.9.A.vc.C 
==== Integer vector .R compression
Command: /home/louza/mm-repair/sdsl/encode.x /mnt/data/datasets/machine-learning-matrices-split/glove.csv.12.9.A.vc.R 
Integer vector compression time: 0.0239
==== OLE
Command: /home/louza/mm-repair/ole/encode.x /mnt/data/datasets/machine-learning-matrices-split/glove.csv.12.9.A.vc.C 
Command: /home/louza/mm-repair/ole/encode.x /mnt/data/datasets/machine-learning-matrices-split/glove.csv.12.9.B.vc 
OLE time: 0.3471
==== Ans-fold compression
Command: /home/louza/mm-repair/ans/encode.x /mnt/data/datasets/machine-learning-matrices-split/glove.csv.12.9.A.vc.C 
Command: /home/louza/mm-repair/ans/encode.x /mnt/data/datasets/machine-learning-matrices-split/glove.csv.12.9.B.vc
Ans-fold time: 16.3619
==== Integer vector .C compression
Command: /home/louza/mm-repair/sdsl/encode.x /mnt/data/datasets/machine-learning-matrices-split/glove.csv.12.10.A.vc.C 
==== Integer vector .R compression
Command: /home/louza/mm-repair/sdsl/encode.x /mnt/data/datasets/machine-learning-matrices-split/glove.csv.12.10.A.vc.R 
Integer vector compression time: 0.0255
==== OLE
Command: /home/louza/mm-repair/ole/encode.x /mnt/data/datasets/machine-learning-matrices-split/glove.csv.12.10.A.vc.C 
Command: /home/louza/mm-repair/ole/encode.x /mnt/data/datasets/machine-learning-matrices-split/glove.csv.12.10.B.vc 
OLE time: 0.4358
==== Ans-fold compression
Command: /home/louza/mm-repair/ans/encode.x /mnt/data/datasets/machine-learning-matrices-split/glove.csv.12.10.A.vc.C 
Command: /home/louza/mm-repair/ans/encode.x /mnt/data/datasets/machine-learning-matrices-split/glove.csv.12.10.B.vc
Ans-fold time: 18.1045
==== Integer vector .C compression
Command: /home/louza/mm-repair/sdsl/encode.x /mnt/data/datasets/machine-learning-matrices-split/glove.csv.12.11.A.vc.C 
==== Integer vector .R compression
Command: /home/louza/mm-repair/sdsl/encode.x /mnt/data/datasets/machine-learning-matrices-split/glove.csv.12.11.A.vc.R 
Integer vector compression time: 0.0712
==== OLE
Command: /home/louza/mm-repair/ole/encode.x /mnt/data/datasets/machine-learning-matrices-split/glove.csv.12.11.A.vc.C 
Command: /home/louza/mm-repair/ole/encode.x /mnt/data/datasets/machine-learning-matrices-split/glove.csv.12.11.B.vc 
OLE time: 0.6674
==== Ans-fold compression
Command: /home/louza/mm-repair/ans/encode.x /mnt/data/datasets/machine-learning-matrices-split/glove.csv.12.11.A.vc.C 
Command: /home/louza/mm-repair/ans/encode.x /mnt/data/datasets/machine-learning-matrices-split/glove.csv.12.11.B.vc
Ans-fold time: 19.8862
Elapsed time: 463.7450
==== Compression Report:
 >> matrix name: /mnt/data/datasets/machine-learning-matrices-split/glove.csv
 >> conversion time: 437.74
 >> repair time: 0.03
 >> integer vectors time: 0.07
 >> ansf time: 19.89
 >> total time: 463.75
 >> matrix log(alpha)xNumEntries size: 300000000 bytes
 >> matrix dense size: 960000000 bytes
 >> total number of nonzero: 0 (0.00%)
 >> number of distinct nonzero: 717119
 >> CRSV  size: 7336952 bytes  (0.76%)
 >> B	  size: 481600000 bytes  (50.17%)
 >> B_ans size: 303695988 bytes  (31.63%)
 >> RE32  size: 311032988 bytes  (32.40%)
 >> REIV  size: 309483268 bytes  (32.24%)
 >> REANS size: 309433696 bytes  (32.23%)
==== Done

#### 2026-09-06 08:27:26
 Command line: ./mm-repair/matrepair -r -b 12 -p 12 /mnt/data/datasets/machine-learning-matrices-split/glove.csv 400000 300 --mapping --split 
Setting memory for each repair instance to 38671 MBs
Sending logging messages to file: /mnt/data/datasets/machine-learning-matrices-split/glove.csv.log
==== Conversion bin/csv->csrv
Command: /home/louza/mm-repair/csvmat2csrv -b 12   /mnt/data/datasets/machine-learning-matrices-split/glove.csv -r 0 -m -s 400000 300
Conversion time: 1185.6031
==== Repair paralell compression
---- Executing 12 parallel processes
---- Parallel processing completed
Repair time: 0.0321
==== Integer vector .C compression
Command: /home/louza/mm-repair/sdsl/encode.x /mnt/data/datasets/machine-learning-matrices-split/glove.csv.12.0.A.vc.C 
==== Integer vector .R compression
Command: /home/louza/mm-repair/sdsl/encode.x /mnt/data/datasets/machine-learning-matrices-split/glove.csv.12.0.A.vc.R 
Integer vector compression time: 0.0264
==== Ans-fold compression
Command: /home/louza/mm-repair/ans/encode.x /mnt/data/datasets/machine-learning-matrices-split/glove.csv.12.0.A.vc.C 
Command: /home/louza/mm-repair/ans/encode.x /mnt/data/datasets/machine-learning-matrices-split/glove.csv.12.0.B.vc
Ans-fold time: 8.0396
==== Integer vector .C compression
Command: /home/louza/mm-repair/sdsl/encode.x /mnt/data/datasets/machine-learning-matrices-split/glove.csv.12.1.A.vc.C 
==== Integer vector .R compression
Command: /home/louza/mm-repair/sdsl/encode.x /mnt/data/datasets/machine-learning-matrices-split/glove.csv.12.1.A.vc.R 
Integer vector compression time: 0.0276
==== Ans-fold compression
Command: /home/louza/mm-repair/ans/encode.x /mnt/data/datasets/machine-learning-matrices-split/glove.csv.12.1.A.vc.C 
Command: /home/louza/mm-repair/ans/encode.x /mnt/data/datasets/machine-learning-matrices-split/glove.csv.12.1.B.vc
Ans-fold time: 15.8607
==== Integer vector .C compression
Command: /home/louza/mm-repair/sdsl/encode.x /mnt/data/datasets/machine-learning-matrices-split/glove.csv.12.2.A.vc.C 
==== Integer vector .R compression
Command: /home/louza/mm-repair/sdsl/encode.x /mnt/data/datasets/machine-learning-matrices-split/glove.csv.12.2.A.vc.R 
Integer vector compression time: 0.0293
==== Ans-fold compression
Command: /home/louza/mm-repair/ans/encode.x /mnt/data/datasets/machine-learning-matrices-split/glove.csv.12.2.A.vc.C 
Command: /home/louza/mm-repair/ans/encode.x /mnt/data/datasets/machine-learning-matrices-split/glove.csv.12.2.B.vc
Ans-fold time: 23.5981
==== Integer vector .C compression
Command: /home/louza/mm-repair/sdsl/encode.x /mnt/data/datasets/machine-learning-matrices-split/glove.csv.12.3.A.vc.C 
==== Integer vector .R compression
Command: /home/louza/mm-repair/sdsl/encode.x /mnt/data/datasets/machine-learning-matrices-split/glove.csv.12.3.A.vc.R 
Integer vector compression time: 0.0275
==== Ans-fold compression
Command: /home/louza/mm-repair/ans/encode.x /mnt/data/datasets/machine-learning-matrices-split/glove.csv.12.3.A.vc.C 
Command: /home/louza/mm-repair/ans/encode.x /mnt/data/datasets/machine-learning-matrices-split/glove.csv.12.3.B.vc
Ans-fold time: 31.4826
==== Integer vector .C compression
Command: /home/louza/mm-repair/sdsl/encode.x /mnt/data/datasets/machine-learning-matrices-split/glove.csv.12.4.A.vc.C 
==== Integer vector .R compression
Command: /home/louza/mm-repair/sdsl/encode.x /mnt/data/datasets/machine-learning-matrices-split/glove.csv.12.4.A.vc.R 
Integer vector compression time: 0.0500
==== Ans-fold compression
Command: /home/louza/mm-repair/ans/encode.x /mnt/data/datasets/machine-learning-matrices-split/glove.csv.12.4.A.vc.C 
Command: /home/louza/mm-repair/ans/encode.x /mnt/data/datasets/machine-learning-matrices-split/glove.csv.12.4.B.vc
Ans-fold time: 39.2062
==== Integer vector .C compression
Command: /home/louza/mm-repair/sdsl/encode.x /mnt/data/datasets/machine-learning-matrices-split/glove.csv.12.5.A.vc.C 
==== Integer vector .R compression
Command: /home/louza/mm-repair/sdsl/encode.x /mnt/data/datasets/machine-learning-matrices-split/glove.csv.12.5.A.vc.R 
Integer vector compression time: 0.0319
==== Ans-fold compression
Command: /home/louza/mm-repair/ans/encode.x /mnt/data/datasets/machine-learning-matrices-split/glove.csv.12.5.A.vc.C 
Command: /home/louza/mm-repair/ans/encode.x /mnt/data/datasets/machine-learning-matrices-split/glove.csv.12.5.B.vc
Ans-fold time: 46.9179
==== Integer vector .C compression
Command: /home/louza/mm-repair/sdsl/encode.x /mnt/data/datasets/machine-learning-matrices-split/glove.csv.12.6.A.vc.C 
==== Integer vector .R compression
Command: /home/louza/mm-repair/sdsl/encode.x /mnt/data/datasets/machine-learning-matrices-split/glove.csv.12.6.A.vc.R 
Integer vector compression time: 0.0281
==== Ans-fold compression
Command: /home/louza/mm-repair/ans/encode.x /mnt/data/datasets/machine-learning-matrices-split/glove.csv.12.6.A.vc.C 
Command: /home/louza/mm-repair/ans/encode.x /mnt/data/datasets/machine-learning-matrices-split/glove.csv.12.6.B.vc
Ans-fold time: 54.7822
==== Integer vector .C compression
Command: /home/louza/mm-repair/sdsl/encode.x /mnt/data/datasets/machine-learning-matrices-split/glove.csv.12.7.A.vc.C 
==== Integer vector .R compression
Command: /home/louza/mm-repair/sdsl/encode.x /mnt/data/datasets/machine-learning-matrices-split/glove.csv.12.7.A.vc.R 
Integer vector compression time: 0.0325
==== Ans-fold compression
Command: /home/louza/mm-repair/ans/encode.x /mnt/data/datasets/machine-learning-matrices-split/glove.csv.12.7.A.vc.C 
Command: /home/louza/mm-repair/ans/encode.x /mnt/data/datasets/machine-learning-matrices-split/glove.csv.12.7.B.vc
Ans-fold time: 62.6917
==== Integer vector .C compression
Command: /home/louza/mm-repair/sdsl/encode.x /mnt/data/datasets/machine-learning-matrices-split/glove.csv.12.8.A.vc.C 
==== Integer vector .R compression
Command: /home/louza/mm-repair/sdsl/encode.x /mnt/data/datasets/machine-learning-matrices-split/glove.csv.12.8.A.vc.R 
Integer vector compression time: 0.0294
==== Ans-fold compression
Command: /home/louza/mm-repair/ans/encode.x /mnt/data/datasets/machine-learning-matrices-split/glove.csv.12.8.A.vc.C 
Command: /home/louza/mm-repair/ans/encode.x /mnt/data/datasets/machine-learning-matrices-split/glove.csv.12.8.B.vc
Ans-fold time: 71.6199
==== Integer vector .C compression
Command: /home/louza/mm-repair/sdsl/encode.x /mnt/data/datasets/machine-learning-matrices-split/glove.csv.12.9.A.vc.C 
==== Integer vector .R compression
Command: /home/louza/mm-repair/sdsl/encode.x /mnt/data/datasets/machine-learning-matrices-split/glove.csv.12.9.A.vc.R 
Integer vector compression time: 0.0306
==== Ans-fold compression
Command: /home/louza/mm-repair/ans/encode.x /mnt/data/datasets/machine-learning-matrices-split/glove.csv.12.9.A.vc.C 
Command: /home/louza/mm-repair/ans/encode.x /mnt/data/datasets/machine-learning-matrices-split/glove.csv.12.9.B.vc
Ans-fold time: 79.3012
==== Integer vector .C compression
Command: /home/louza/mm-repair/sdsl/encode.x /mnt/data/datasets/machine-learning-matrices-split/glove.csv.12.10.A.vc.C 
==== Integer vector .R compression
Command: /home/louza/mm-repair/sdsl/encode.x /mnt/data/datasets/machine-learning-matrices-split/glove.csv.12.10.A.vc.R 
Integer vector compression time: 0.0285
==== Ans-fold compression
Command: /home/louza/mm-repair/ans/encode.x /mnt/data/datasets/machine-learning-matrices-split/glove.csv.12.10.A.vc.C 
Command: /home/louza/mm-repair/ans/encode.x /mnt/data/datasets/machine-learning-matrices-split/glove.csv.12.10.B.vc
Ans-fold time: 86.9192
==== Integer vector .C compression
Command: /home/louza/mm-repair/sdsl/encode.x /mnt/data/datasets/machine-learning-matrices-split/glove.csv.12.11.A.vc.C 
==== Integer vector .R compression
Command: /home/louza/mm-repair/sdsl/encode.x /mnt/data/datasets/machine-learning-matrices-split/glove.csv.12.11.A.vc.R 
Integer vector compression time: 0.0292
==== Ans-fold compression
Command: /home/louza/mm-repair/ans/encode.x /mnt/data/datasets/machine-learning-matrices-split/glove.csv.12.11.A.vc.C 
Command: /home/louza/mm-repair/ans/encode.x /mnt/data/datasets/machine-learning-matrices-split/glove.csv.12.11.B.vc
Ans-fold time: 94.5466
Command: /home/louza/mm-repair/ans/encode.x /mnt/data/datasets/machine-learning-matrices-split/glove.csv.wcode 
Elapsed time: 1282.2581
==== Compression Report:
 >> matrix name: /mnt/data/datasets/machine-learning-matrices-split/glove.csv
 >> conversion time: 1185.60
 >> repair time: 0.03
 >> integer vectors time: 0.03
 >> ansf time: 94.55
 >> total time: 1282.26
 >> wcode: 226590916 bytes
 >> wcode_ans: 16430594 bytes
 >> matrix log(alpha)xNumEntries size: 300000000 bytes
 >> matrix dense size: 960000000 bytes
 >> total number of nonzero: 0 (0.00%)
 >> number of distinct nonzero: 717119
 >> CRSV  size: 7336952 bytes  (0.76%)
 >> B	  size: 481600000 bytes  (50.17%)
 >> B_ans size: 387158055 bytes  (40.33%)
 >> RE32  size: 621085971 bytes  (64.70%)
 >> REIV  size: 619536251 bytes  (64.54%)
 >> REANS size: 409326357 bytes  (42.64%)
==== Done

#### 2026-09-06 08:48:49
 Command line: ./mm-repair/matrepair -r -b 12 -p 12 /mnt/data/datasets/machine-learning-matrices-split/glove.csv 400000 300 --ole --mapping --split 
Setting memory for each repair instance to 38671 MBs
Sending logging messages to file: /mnt/data/datasets/machine-learning-matrices-split/glove.csv.log
==== Conversion bin/csv->csrv
Command: /home/louza/mm-repair/csvmat2csrv -b 12   /mnt/data/datasets/machine-learning-matrices-split/glove.csv -r 0 -m -s 400000 300
Conversion time: 1327.3934
==== Repair paralell compression
---- Executing 12 parallel processes
---- Parallel processing completed
Repair time: 0.2336
==== Integer vector .C compression
Command: /home/louza/mm-repair/sdsl/encode.x /mnt/data/datasets/machine-learning-matrices-split/glove.csv.12.0.A.vc.C 
==== Integer vector .R compression
Command: /home/louza/mm-repair/sdsl/encode.x /mnt/data/datasets/machine-learning-matrices-split/glove.csv.12.0.A.vc.R 
Integer vector compression time: 0.1546
==== OLE
Command: /home/louza/mm-repair/ole/encode.x /mnt/data/datasets/machine-learning-matrices-split/glove.csv.12.0.A.vc.C 
Command: /home/louza/mm-repair/ole/encode.x /mnt/data/datasets/machine-learning-matrices-split/glove.csv.12.0.B.vc 
OLE time: 5.1615
==== Ans-fold compression
Command: /home/louza/mm-repair/ans/encode.x /mnt/data/datasets/machine-learning-matrices-split/glove.csv.12.0.A.vc.C 
Command: /home/louza/mm-repair/ans/encode.x /mnt/data/datasets/machine-learning-matrices-split/glove.csv.12.0.B.vc
Ans-fold time: 3.1955
==== Integer vector .C compression
Command: /home/louza/mm-repair/sdsl/encode.x /mnt/data/datasets/machine-learning-matrices-split/glove.csv.12.1.A.vc.C 
==== Integer vector .R compression
Command: /home/louza/mm-repair/sdsl/encode.x /mnt/data/datasets/machine-learning-matrices-split/glove.csv.12.1.A.vc.R 
Integer vector compression time: 0.1981
==== OLE
Command: /home/louza/mm-repair/ole/encode.x /mnt/data/datasets/machine-learning-matrices-split/glove.csv.12.1.A.vc.C 
Command: /home/louza/mm-repair/ole/encode.x /mnt/data/datasets/machine-learning-matrices-split/glove.csv.12.1.B.vc 
OLE time: 3.7075
==== Ans-fold compression
Command: /home/louza/mm-repair/ans/encode.x /mnt/data/datasets/machine-learning-matrices-split/glove.csv.12.1.A.vc.C 
Command: /home/louza/mm-repair/ans/encode.x /mnt/data/datasets/machine-learning-matrices-split/glove.csv.12.1.B.vc
Ans-fold time: 6.1088
==== Integer vector .C compression
Command: /home/louza/mm-repair/sdsl/encode.x /mnt/data/datasets/machine-learning-matrices-split/glove.csv.12.2.A.vc.C 
==== Integer vector .R compression
Command: /home/louza/mm-repair/sdsl/encode.x /mnt/data/datasets/machine-learning-matrices-split/glove.csv.12.2.A.vc.R 
Integer vector compression time: 0.0732
==== OLE
Command: /home/louza/mm-repair/ole/encode.x /mnt/data/datasets/machine-learning-matrices-split/glove.csv.12.2.A.vc.C 
Command: /home/louza/mm-repair/ole/encode.x /mnt/data/datasets/machine-learning-matrices-split/glove.csv.12.2.B.vc 
OLE time: 3.1403
==== Ans-fold compression
Command: /home/louza/mm-repair/ans/encode.x /mnt/data/datasets/machine-learning-matrices-split/glove.csv.12.2.A.vc.C 
Command: /home/louza/mm-repair/ans/encode.x /mnt/data/datasets/machine-learning-matrices-split/glove.csv.12.2.B.vc
Ans-fold time: 9.2631
==== Integer vector .C compression
Command: /home/louza/mm-repair/sdsl/encode.x /mnt/data/datasets/machine-learning-matrices-split/glove.csv.12.3.A.vc.C 
==== Integer vector .R compression
Command: /home/louza/mm-repair/sdsl/encode.x /mnt/data/datasets/machine-learning-matrices-split/glove.csv.12.3.A.vc.R 
Integer vector compression time: 0.1863
==== OLE
Command: /home/louza/mm-repair/ole/encode.x /mnt/data/datasets/machine-learning-matrices-split/glove.csv.12.3.A.vc.C 
Command: /home/louza/mm-repair/ole/encode.x /mnt/data/datasets/machine-learning-matrices-split/glove.csv.12.3.B.vc 
OLE time: 3.2070
==== Ans-fold compression
Command: /home/louza/mm-repair/ans/encode.x /mnt/data/datasets/machine-learning-matrices-split/glove.csv.12.3.A.vc.C 
Command: /home/louza/mm-repair/ans/encode.x /mnt/data/datasets/machine-learning-matrices-split/glove.csv.12.3.B.vc
Ans-fold time: 11.1688
==== Integer vector .C compression
Command: /home/louza/mm-repair/sdsl/encode.x /mnt/data/datasets/machine-learning-matrices-split/glove.csv.12.4.A.vc.C 
==== Integer vector .R compression
Command: /home/louza/mm-repair/sdsl/encode.x /mnt/data/datasets/machine-learning-matrices-split/glove.csv.12.4.A.vc.R 
Integer vector compression time: 0.1065
==== OLE
Command: /home/louza/mm-repair/ole/encode.x /mnt/data/datasets/machine-learning-matrices-split/glove.csv.12.4.A.vc.C 
Command: /home/louza/mm-repair/ole/encode.x /mnt/data/datasets/machine-learning-matrices-split/glove.csv.12.4.B.vc 
OLE time: 1.2797
==== Ans-fold compression
Command: /home/louza/mm-repair/ans/encode.x /mnt/data/datasets/machine-learning-matrices-split/glove.csv.12.4.A.vc.C 
Command: /home/louza/mm-repair/ans/encode.x /mnt/data/datasets/machine-learning-matrices-split/glove.csv.12.4.B.vc
Ans-fold time: 12.4231
==== Integer vector .C compression
Command: /home/louza/mm-repair/sdsl/encode.x /mnt/data/datasets/machine-learning-matrices-split/glove.csv.12.5.A.vc.C 
==== Integer vector .R compression
Command: /home/louza/mm-repair/sdsl/encode.x /mnt/data/datasets/machine-learning-matrices-split/glove.csv.12.5.A.vc.R 
Integer vector compression time: 0.0307
==== OLE
Command: /home/louza/mm-repair/ole/encode.x /mnt/data/datasets/machine-learning-matrices-split/glove.csv.12.5.A.vc.C 
Command: /home/louza/mm-repair/ole/encode.x /mnt/data/datasets/machine-learning-matrices-split/glove.csv.12.5.B.vc 
OLE time: 0.3538
==== Ans-fold compression
Command: /home/louza/mm-repair/ans/encode.x /mnt/data/datasets/machine-learning-matrices-split/glove.csv.12.5.A.vc.C 
Command: /home/louza/mm-repair/ans/encode.x /mnt/data/datasets/machine-learning-matrices-split/glove.csv.12.5.B.vc
Ans-fold time: 13.8134
==== Integer vector .C compression
Command: /home/louza/mm-repair/sdsl/encode.x /mnt/data/datasets/machine-learning-matrices-split/glove.csv.12.6.A.vc.C 
==== Integer vector .R compression
Command: /home/louza/mm-repair/sdsl/encode.x /mnt/data/datasets/machine-learning-matrices-split/glove.csv.12.6.A.vc.R 
Integer vector compression time: 0.0293
==== OLE
Command: /home/louza/mm-repair/ole/encode.x /mnt/data/datasets/machine-learning-matrices-split/glove.csv.12.6.A.vc.C 
Command: /home/louza/mm-repair/ole/encode.x /mnt/data/datasets/machine-learning-matrices-split/glove.csv.12.6.B.vc 
OLE time: 0.3042
==== Ans-fold compression
Command: /home/louza/mm-repair/ans/encode.x /mnt/data/datasets/machine-learning-matrices-split/glove.csv.12.6.A.vc.C 
Command: /home/louza/mm-repair/ans/encode.x /mnt/data/datasets/machine-learning-matrices-split/glove.csv.12.6.B.vc
Ans-fold time: 15.1297
==== Integer vector .C compression
Command: /home/louza/mm-repair/sdsl/encode.x /mnt/data/datasets/machine-learning-matrices-split/glove.csv.12.7.A.vc.C 
==== Integer vector .R compression
Command: /home/louza/mm-repair/sdsl/encode.x /mnt/data/datasets/machine-learning-matrices-split/glove.csv.12.7.A.vc.R 
Integer vector compression time: 0.0316
==== OLE
Command: /home/louza/mm-repair/ole/encode.x /mnt/data/datasets/machine-learning-matrices-split/glove.csv.12.7.A.vc.C 
Command: /home/louza/mm-repair/ole/encode.x /mnt/data/datasets/machine-learning-matrices-split/glove.csv.12.7.B.vc 
OLE time: 0.6355
==== Ans-fold compression
Command: /home/louza/mm-repair/ans/encode.x /mnt/data/datasets/machine-learning-matrices-split/glove.csv.12.7.A.vc.C 
Command: /home/louza/mm-repair/ans/encode.x /mnt/data/datasets/machine-learning-matrices-split/glove.csv.12.7.B.vc
Ans-fold time: 16.5901
==== Integer vector .C compression
Command: /home/louza/mm-repair/sdsl/encode.x /mnt/data/datasets/machine-learning-matrices-split/glove.csv.12.8.A.vc.C 
==== Integer vector .R compression
Command: /home/louza/mm-repair/sdsl/encode.x /mnt/data/datasets/machine-learning-matrices-split/glove.csv.12.8.A.vc.R 
Integer vector compression time: 0.0495
==== OLE
Command: /home/louza/mm-repair/ole/encode.x /mnt/data/datasets/machine-learning-matrices-split/glove.csv.12.8.A.vc.C 
Command: /home/louza/mm-repair/ole/encode.x /mnt/data/datasets/machine-learning-matrices-split/glove.csv.12.8.B.vc 
OLE time: 0.6106
==== Ans-fold compression
Command: /home/louza/mm-repair/ans/encode.x /mnt/data/datasets/machine-learning-matrices-split/glove.csv.12.8.A.vc.C 
Command: /home/louza/mm-repair/ans/encode.x /mnt/data/datasets/machine-learning-matrices-split/glove.csv.12.8.B.vc
Ans-fold time: 17.8406
==== Integer vector .C compression
Command: /home/louza/mm-repair/sdsl/encode.x /mnt/data/datasets/machine-learning-matrices-split/glove.csv.12.9.A.vc.C 
==== Integer vector .R compression
Command: /home/louza/mm-repair/sdsl/encode.x /mnt/data/datasets/machine-learning-matrices-split/glove.csv.12.9.A.vc.R 
Integer vector compression time: 0.0282
==== OLE
Command: /home/louza/mm-repair/ole/encode.x /mnt/data/datasets/machine-learning-matrices-split/glove.csv.12.9.A.vc.C 
Command: /home/louza/mm-repair/ole/encode.x /mnt/data/datasets/machine-learning-matrices-split/glove.csv.12.9.B.vc 
OLE time: 0.3802
==== Ans-fold compression
Command: /home/louza/mm-repair/ans/encode.x /mnt/data/datasets/machine-learning-matrices-split/glove.csv.12.9.A.vc.C 
Command: /home/louza/mm-repair/ans/encode.x /mnt/data/datasets/machine-learning-matrices-split/glove.csv.12.9.B.vc
Ans-fold time: 19.0381
==== Integer vector .C compression
Command: /home/louza/mm-repair/sdsl/encode.x /mnt/data/datasets/machine-learning-matrices-split/glove.csv.12.10.A.vc.C 
==== Integer vector .R compression
Command: /home/louza/mm-repair/sdsl/encode.x /mnt/data/datasets/machine-learning-matrices-split/glove.csv.12.10.A.vc.R 
Integer vector compression time: 0.0287
==== OLE
Command: /home/louza/mm-repair/ole/encode.x /mnt/data/datasets/machine-learning-matrices-split/glove.csv.12.10.A.vc.C 
Command: /home/louza/mm-repair/ole/encode.x /mnt/data/datasets/machine-learning-matrices-split/glove.csv.12.10.B.vc 
OLE time: 0.3979
==== Ans-fold compression
Command: /home/louza/mm-repair/ans/encode.x /mnt/data/datasets/machine-learning-matrices-split/glove.csv.12.10.A.vc.C 
Command: /home/louza/mm-repair/ans/encode.x /mnt/data/datasets/machine-learning-matrices-split/glove.csv.12.10.B.vc
Ans-fold time: 20.2033
==== Integer vector .C compression
Command: /home/louza/mm-repair/sdsl/encode.x /mnt/data/datasets/machine-learning-matrices-split/glove.csv.12.11.A.vc.C 
==== Integer vector .R compression
Command: /home/louza/mm-repair/sdsl/encode.x /mnt/data/datasets/machine-learning-matrices-split/glove.csv.12.11.A.vc.R 
Integer vector compression time: 0.0247
==== OLE
Command: /home/louza/mm-repair/ole/encode.x /mnt/data/datasets/machine-learning-matrices-split/glove.csv.12.11.A.vc.C 
Command: /home/louza/mm-repair/ole/encode.x /mnt/data/datasets/machine-learning-matrices-split/glove.csv.12.11.B.vc 
OLE time: 0.3490
==== Ans-fold compression
Command: /home/louza/mm-repair/ans/encode.x /mnt/data/datasets/machine-learning-matrices-split/glove.csv.12.11.A.vc.C 
Command: /home/louza/mm-repair/ans/encode.x /mnt/data/datasets/machine-learning-matrices-split/glove.csv.12.11.B.vc
Ans-fold time: 21.5292
Command: /home/louza/mm-repair/ans/encode.x /mnt/data/datasets/machine-learning-matrices-split/glove.csv.wcode 
Elapsed time: 1371.6570
==== Compression Report:
 >> matrix name: /mnt/data/datasets/machine-learning-matrices-split/glove.csv
 >> conversion time: 1327.39
 >> repair time: 0.23
 >> integer vectors time: 0.02
 >> ansf time: 21.53
 >> total time: 1371.66
 >> wcode: 226590916 bytes
 >> wcode_ans: 16430594 bytes
 >> matrix log(alpha)xNumEntries size: 300000000 bytes
 >> matrix dense size: 960000000 bytes
 >> total number of nonzero: 0 (0.00%)
 >> number of distinct nonzero: 717119
 >> CRSV  size: 7336952 bytes  (0.76%)
 >> B	  size: 481600000 bytes  (50.17%)
 >> B_ans size: 284504506 bytes  (29.64%)
 >> RE32  size: 518432422 bytes  (54.00%)
 >> REIV  size: 516882702 bytes  (53.84%)
 >> REANS size: 306672808 bytes  (31.95%)
==== Done
REANS -b 32

#### 2026-09-07 10:48:48
 Command line: ./mm-repair/matrepair -r -b 32 -p 32 /mnt/data/datasets/machine-learning-matrices-split/glove.csv 400000 300 
Setting memory for each repair instance to 14501 MBs
Sending logging messages to file: /mnt/data/datasets/machine-learning-matrices-split/glove.csv.log
==== Conversion bin/csv->csrv
Command: /home/louza/mm-repair/csvmat2csrv -b 32   /mnt/data/datasets/machine-learning-matrices-split/glove.csv -r 0   400000 300
Conversion time: 1070.2610
==== Repair paralell compression
---- Executing 32 parallel processes
---- Parallel processing completed
Repair time: 11.1123
==== Integer vector .C compression
Command: /home/louza/mm-repair/sdsl/encode.x /mnt/data/datasets/machine-learning-matrices-split/glove.csv.32.0.vc.C 
==== Integer vector .R compression
Command: /home/louza/mm-repair/sdsl/encode.x /mnt/data/datasets/machine-learning-matrices-split/glove.csv.32.0.vc.R 
Integer vector compression time: 0.1499
==== Ans-fold compression
Command: /home/louza/mm-repair/ans/encode.x /mnt/data/datasets/machine-learning-matrices-split/glove.csv.32.0.vc.C 
Ans-fold time: 2.3140
==== Integer vector .C compression
Command: /home/louza/mm-repair/sdsl/encode.x /mnt/data/datasets/machine-learning-matrices-split/glove.csv.32.1.vc.C 
==== Integer vector .R compression
Command: /home/louza/mm-repair/sdsl/encode.x /mnt/data/datasets/machine-learning-matrices-split/glove.csv.32.1.vc.R 
Integer vector compression time: 0.1529
==== Ans-fold compression
Command: /home/louza/mm-repair/ans/encode.x /mnt/data/datasets/machine-learning-matrices-split/glove.csv.32.1.vc.C 
Ans-fold time: 4.4609
==== Integer vector .C compression
Command: /home/louza/mm-repair/sdsl/encode.x /mnt/data/datasets/machine-learning-matrices-split/glove.csv.32.2.vc.C 
==== Integer vector .R compression
Command: /home/louza/mm-repair/sdsl/encode.x /mnt/data/datasets/machine-learning-matrices-split/glove.csv.32.2.vc.R 
Integer vector compression time: 0.1511
==== Ans-fold compression
Command: /home/louza/mm-repair/ans/encode.x /mnt/data/datasets/machine-learning-matrices-split/glove.csv.32.2.vc.C 
Ans-fold time: 6.8038
==== Integer vector .C compression
Command: /home/louza/mm-repair/sdsl/encode.x /mnt/data/datasets/machine-learning-matrices-split/glove.csv.32.3.vc.C 
==== Integer vector .R compression
Command: /home/louza/mm-repair/sdsl/encode.x /mnt/data/datasets/machine-learning-matrices-split/glove.csv.32.3.vc.R 
Integer vector compression time: 0.1512
==== Ans-fold compression
Command: /home/louza/mm-repair/ans/encode.x /mnt/data/datasets/machine-learning-matrices-split/glove.csv.32.3.vc.C 
Ans-fold time: 9.3911
==== Integer vector .C compression
Command: /home/louza/mm-repair/sdsl/encode.x /mnt/data/datasets/machine-learning-matrices-split/glove.csv.32.4.vc.C 
==== Integer vector .R compression
Command: /home/louza/mm-repair/sdsl/encode.x /mnt/data/datasets/machine-learning-matrices-split/glove.csv.32.4.vc.R 
Integer vector compression time: 0.1508
==== Ans-fold compression
Command: /home/louza/mm-repair/ans/encode.x /mnt/data/datasets/machine-learning-matrices-split/glove.csv.32.4.vc.C 
Ans-fold time: 11.6828
==== Integer vector .C compression
Command: /home/louza/mm-repair/sdsl/encode.x /mnt/data/datasets/machine-learning-matrices-split/glove.csv.32.5.vc.C 
==== Integer vector .R compression
Command: /home/louza/mm-repair/sdsl/encode.x /mnt/data/datasets/machine-learning-matrices-split/glove.csv.32.5.vc.R 
Integer vector compression time: 0.2001
==== Ans-fold compression
Command: /home/louza/mm-repair/ans/encode.x /mnt/data/datasets/machine-learning-matrices-split/glove.csv.32.5.vc.C 
Ans-fold time: 13.8445
==== Integer vector .C compression
Command: /home/louza/mm-repair/sdsl/encode.x /mnt/data/datasets/machine-learning-matrices-split/glove.csv.32.6.vc.C 
==== Integer vector .R compression
Command: /home/louza/mm-repair/sdsl/encode.x /mnt/data/datasets/machine-learning-matrices-split/glove.csv.32.6.vc.R 
Integer vector compression time: 0.1438
==== Ans-fold compression
Command: /home/louza/mm-repair/ans/encode.x /mnt/data/datasets/machine-learning-matrices-split/glove.csv.32.6.vc.C 
Ans-fold time: 15.9344
==== Integer vector .C compression
Command: /home/louza/mm-repair/sdsl/encode.x /mnt/data/datasets/machine-learning-matrices-split/glove.csv.32.7.vc.C 
==== Integer vector .R compression
Command: /home/louza/mm-repair/sdsl/encode.x /mnt/data/datasets/machine-learning-matrices-split/glove.csv.32.7.vc.R 
Integer vector compression time: 0.1915
==== Ans-fold compression
Command: /home/louza/mm-repair/ans/encode.x /mnt/data/datasets/machine-learning-matrices-split/glove.csv.32.7.vc.C 
Ans-fold time: 18.1024
==== Integer vector .C compression
Command: /home/louza/mm-repair/sdsl/encode.x /mnt/data/datasets/machine-learning-matrices-split/glove.csv.32.8.vc.C 
==== Integer vector .R compression
Command: /home/louza/mm-repair/sdsl/encode.x /mnt/data/datasets/machine-learning-matrices-split/glove.csv.32.8.vc.R 
Integer vector compression time: 0.1896
==== Ans-fold compression
Command: /home/louza/mm-repair/ans/encode.x /mnt/data/datasets/machine-learning-matrices-split/glove.csv.32.8.vc.C 
Ans-fold time: 20.2973
==== Integer vector .C compression
Command: /home/louza/mm-repair/sdsl/encode.x /mnt/data/datasets/machine-learning-matrices-split/glove.csv.32.9.vc.C 
==== Integer vector .R compression
Command: /home/louza/mm-repair/sdsl/encode.x /mnt/data/datasets/machine-learning-matrices-split/glove.csv.32.9.vc.R 
Integer vector compression time: 0.1493
==== Ans-fold compression
Command: /home/louza/mm-repair/ans/encode.x /mnt/data/datasets/machine-learning-matrices-split/glove.csv.32.9.vc.C 
Ans-fold time: 22.9624
==== Integer vector .C compression
Command: /home/louza/mm-repair/sdsl/encode.x /mnt/data/datasets/machine-learning-matrices-split/glove.csv.32.10.vc.C 
==== Integer vector .R compression
Command: /home/louza/mm-repair/sdsl/encode.x /mnt/data/datasets/machine-learning-matrices-split/glove.csv.32.10.vc.R 
Integer vector compression time: 0.1516
==== Ans-fold compression
Command: /home/louza/mm-repair/ans/encode.x /mnt/data/datasets/machine-learning-matrices-split/glove.csv.32.10.vc.C 
Ans-fold time: 25.1682
==== Integer vector .C compression
Command: /home/louza/mm-repair/sdsl/encode.x /mnt/data/datasets/machine-learning-matrices-split/glove.csv.32.11.vc.C 
==== Integer vector .R compression
Command: /home/louza/mm-repair/sdsl/encode.x /mnt/data/datasets/machine-learning-matrices-split/glove.csv.32.11.vc.R 
Integer vector compression time: 0.1939
==== Ans-fold compression
Command: /home/louza/mm-repair/ans/encode.x /mnt/data/datasets/machine-learning-matrices-split/glove.csv.32.11.vc.C 
Ans-fold time: 27.5203
==== Integer vector .C compression
Command: /home/louza/mm-repair/sdsl/encode.x /mnt/data/datasets/machine-learning-matrices-split/glove.csv.32.12.vc.C 
==== Integer vector .R compression
Command: /home/louza/mm-repair/sdsl/encode.x /mnt/data/datasets/machine-learning-matrices-split/glove.csv.32.12.vc.R 
Integer vector compression time: 0.1442
==== Ans-fold compression
Command: /home/louza/mm-repair/ans/encode.x /mnt/data/datasets/machine-learning-matrices-split/glove.csv.32.12.vc.C 
Ans-fold time: 29.6014
==== Integer vector .C compression
Command: /home/louza/mm-repair/sdsl/encode.x /mnt/data/datasets/machine-learning-matrices-split/glove.csv.32.13.vc.C 
==== Integer vector .R compression
Command: /home/louza/mm-repair/sdsl/encode.x /mnt/data/datasets/machine-learning-matrices-split/glove.csv.32.13.vc.R 
Integer vector compression time: 0.1450
==== Ans-fold compression
Command: /home/louza/mm-repair/ans/encode.x /mnt/data/datasets/machine-learning-matrices-split/glove.csv.32.13.vc.C 
Ans-fold time: 32.1430
==== Integer vector .C compression
Command: /home/louza/mm-repair/sdsl/encode.x /mnt/data/datasets/machine-learning-matrices-split/glove.csv.32.14.vc.C 
==== Integer vector .R compression
Command: /home/louza/mm-repair/sdsl/encode.x /mnt/data/datasets/machine-learning-matrices-split/glove.csv.32.14.vc.R 
Integer vector compression time: 0.1476
==== Ans-fold compression
Command: /home/louza/mm-repair/ans/encode.x /mnt/data/datasets/machine-learning-matrices-split/glove.csv.32.14.vc.C 
Ans-fold time: 34.2801
==== Integer vector .C compression
Command: /home/louza/mm-repair/sdsl/encode.x /mnt/data/datasets/machine-learning-matrices-split/glove.csv.32.15.vc.C 
==== Integer vector .R compression
Command: /home/louza/mm-repair/sdsl/encode.x /mnt/data/datasets/machine-learning-matrices-split/glove.csv.32.15.vc.R 
Integer vector compression time: 0.1411
==== Ans-fold compression
Command: /home/louza/mm-repair/ans/encode.x /mnt/data/datasets/machine-learning-matrices-split/glove.csv.32.15.vc.C 
Ans-fold time: 36.4292
==== Integer vector .C compression
Command: /home/louza/mm-repair/sdsl/encode.x /mnt/data/datasets/machine-learning-matrices-split/glove.csv.32.16.vc.C 
==== Integer vector .R compression
Command: /home/louza/mm-repair/sdsl/encode.x /mnt/data/datasets/machine-learning-matrices-split/glove.csv.32.16.vc.R 
Integer vector compression time: 0.1454
==== Ans-fold compression
Command: /home/louza/mm-repair/ans/encode.x /mnt/data/datasets/machine-learning-matrices-split/glove.csv.32.16.vc.C 
Ans-fold time: 38.6207
==== Integer vector .C compression
Command: /home/louza/mm-repair/sdsl/encode.x /mnt/data/datasets/machine-learning-matrices-split/glove.csv.32.17.vc.C 
==== Integer vector .R compression
Command: /home/louza/mm-repair/sdsl/encode.x /mnt/data/datasets/machine-learning-matrices-split/glove.csv.32.17.vc.R 
Integer vector compression time: 0.1479
==== Ans-fold compression
Command: /home/louza/mm-repair/ans/encode.x /mnt/data/datasets/machine-learning-matrices-split/glove.csv.32.17.vc.C 
Ans-fold time: 40.7837
==== Integer vector .C compression
Command: /home/louza/mm-repair/sdsl/encode.x /mnt/data/datasets/machine-learning-matrices-split/glove.csv.32.18.vc.C 
==== Integer vector .R compression
Command: /home/louza/mm-repair/sdsl/encode.x /mnt/data/datasets/machine-learning-matrices-split/glove.csv.32.18.vc.R 
Integer vector compression time: 0.1404
==== Ans-fold compression
Command: /home/louza/mm-repair/ans/encode.x /mnt/data/datasets/machine-learning-matrices-split/glove.csv.32.18.vc.C 
Ans-fold time: 42.8661
==== Integer vector .C compression
Command: /home/louza/mm-repair/sdsl/encode.x /mnt/data/datasets/machine-learning-matrices-split/glove.csv.32.19.vc.C 
==== Integer vector .R compression
Command: /home/louza/mm-repair/sdsl/encode.x /mnt/data/datasets/machine-learning-matrices-split/glove.csv.32.19.vc.R 
Integer vector compression time: 0.1477
==== Ans-fold compression
Command: /home/louza/mm-repair/ans/encode.x /mnt/data/datasets/machine-learning-matrices-split/glove.csv.32.19.vc.C 
Ans-fold time: 45.1010
==== Integer vector .C compression
Command: /home/louza/mm-repair/sdsl/encode.x /mnt/data/datasets/machine-learning-matrices-split/glove.csv.32.20.vc.C 
==== Integer vector .R compression
Command: /home/louza/mm-repair/sdsl/encode.x /mnt/data/datasets/machine-learning-matrices-split/glove.csv.32.20.vc.R 
Integer vector compression time: 0.1370
==== Ans-fold compression
Command: /home/louza/mm-repair/ans/encode.x /mnt/data/datasets/machine-learning-matrices-split/glove.csv.32.20.vc.C 
Ans-fold time: 47.2284
==== Integer vector .C compression
Command: /home/louza/mm-repair/sdsl/encode.x /mnt/data/datasets/machine-learning-matrices-split/glove.csv.32.21.vc.C 
==== Integer vector .R compression
Command: /home/louza/mm-repair/sdsl/encode.x /mnt/data/datasets/machine-learning-matrices-split/glove.csv.32.21.vc.R 
Integer vector compression time: 0.1444
==== Ans-fold compression
Command: /home/louza/mm-repair/ans/encode.x /mnt/data/datasets/machine-learning-matrices-split/glove.csv.32.21.vc.C 
Ans-fold time: 49.4515
==== Integer vector .C compression
Command: /home/louza/mm-repair/sdsl/encode.x /mnt/data/datasets/machine-learning-matrices-split/glove.csv.32.22.vc.C 
==== Integer vector .R compression
Command: /home/louza/mm-repair/sdsl/encode.x /mnt/data/datasets/machine-learning-matrices-split/glove.csv.32.22.vc.R 
Integer vector compression time: 0.1920
==== Ans-fold compression
Command: /home/louza/mm-repair/ans/encode.x /mnt/data/datasets/machine-learning-matrices-split/glove.csv.32.22.vc.C 
Ans-fold time: 51.7598
==== Integer vector .C compression
Command: /home/louza/mm-repair/sdsl/encode.x /mnt/data/datasets/machine-learning-matrices-split/glove.csv.32.23.vc.C 
==== Integer vector .R compression
Command: /home/louza/mm-repair/sdsl/encode.x /mnt/data/datasets/machine-learning-matrices-split/glove.csv.32.23.vc.R 
Integer vector compression time: 0.1447
==== Ans-fold compression
Command: /home/louza/mm-repair/ans/encode.x /mnt/data/datasets/machine-learning-matrices-split/glove.csv.32.23.vc.C 
Ans-fold time: 53.8345
==== Integer vector .C compression
Command: /home/louza/mm-repair/sdsl/encode.x /mnt/data/datasets/machine-learning-matrices-split/glove.csv.32.24.vc.C 
==== Integer vector .R compression
Command: /home/louza/mm-repair/sdsl/encode.x /mnt/data/datasets/machine-learning-matrices-split/glove.csv.32.24.vc.R 
Integer vector compression time: 0.1921
==== Ans-fold compression
Command: /home/louza/mm-repair/ans/encode.x /mnt/data/datasets/machine-learning-matrices-split/glove.csv.32.24.vc.C 
Ans-fold time: 55.9587
==== Integer vector .C compression
Command: /home/louza/mm-repair/sdsl/encode.x /mnt/data/datasets/machine-learning-matrices-split/glove.csv.32.25.vc.C 
==== Integer vector .R compression
Command: /home/louza/mm-repair/sdsl/encode.x /mnt/data/datasets/machine-learning-matrices-split/glove.csv.32.25.vc.R 
Integer vector compression time: 0.1437
==== Ans-fold compression
Command: /home/louza/mm-repair/ans/encode.x /mnt/data/datasets/machine-learning-matrices-split/glove.csv.32.25.vc.C 
Ans-fold time: 58.6892
==== Integer vector .C compression
Command: /home/louza/mm-repair/sdsl/encode.x /mnt/data/datasets/machine-learning-matrices-split/glove.csv.32.26.vc.C 
==== Integer vector .R compression
Command: /home/louza/mm-repair/sdsl/encode.x /mnt/data/datasets/machine-learning-matrices-split/glove.csv.32.26.vc.R 
Integer vector compression time: 0.1471
==== Ans-fold compression
Command: /home/louza/mm-repair/ans/encode.x /mnt/data/datasets/machine-learning-matrices-split/glove.csv.32.26.vc.C 
Ans-fold time: 60.8181
==== Integer vector .C compression
Command: /home/louza/mm-repair/sdsl/encode.x /mnt/data/datasets/machine-learning-matrices-split/glove.csv.32.27.vc.C 
==== Integer vector .R compression
Command: /home/louza/mm-repair/sdsl/encode.x /mnt/data/datasets/machine-learning-matrices-split/glove.csv.32.27.vc.R 
Integer vector compression time: 0.1929
==== Ans-fold compression
Command: /home/louza/mm-repair/ans/encode.x /mnt/data/datasets/machine-learning-matrices-split/glove.csv.32.27.vc.C 
Ans-fold time: 62.9712
==== Integer vector .C compression
Command: /home/louza/mm-repair/sdsl/encode.x /mnt/data/datasets/machine-learning-matrices-split/glove.csv.32.28.vc.C 
==== Integer vector .R compression
Command: /home/louza/mm-repair/sdsl/encode.x /mnt/data/datasets/machine-learning-matrices-split/glove.csv.32.28.vc.R 
Integer vector compression time: 0.1535
==== Ans-fold compression
Command: /home/louza/mm-repair/ans/encode.x /mnt/data/datasets/machine-learning-matrices-split/glove.csv.32.28.vc.C 
Ans-fold time: 65.1242
==== Integer vector .C compression
Command: /home/louza/mm-repair/sdsl/encode.x /mnt/data/datasets/machine-learning-matrices-split/glove.csv.32.29.vc.C 
==== Integer vector .R compression
Command: /home/louza/mm-repair/sdsl/encode.x /mnt/data/datasets/machine-learning-matrices-split/glove.csv.32.29.vc.R 
Integer vector compression time: 0.1488
==== Ans-fold compression
Command: /home/louza/mm-repair/ans/encode.x /mnt/data/datasets/machine-learning-matrices-split/glove.csv.32.29.vc.C 
Ans-fold time: 67.4620
==== Integer vector .C compression
Command: /home/louza/mm-repair/sdsl/encode.x /mnt/data/datasets/machine-learning-matrices-split/glove.csv.32.30.vc.C 
==== Integer vector .R compression
Command: /home/louza/mm-repair/sdsl/encode.x /mnt/data/datasets/machine-learning-matrices-split/glove.csv.32.30.vc.R 
Integer vector compression time: 0.1460
==== Ans-fold compression
Command: /home/louza/mm-repair/ans/encode.x /mnt/data/datasets/machine-learning-matrices-split/glove.csv.32.30.vc.C 
Ans-fold time: 70.2220
==== Integer vector .C compression
Command: /home/louza/mm-repair/sdsl/encode.x /mnt/data/datasets/machine-learning-matrices-split/glove.csv.32.31.vc.C 
==== Integer vector .R compression
Command: /home/louza/mm-repair/sdsl/encode.x /mnt/data/datasets/machine-learning-matrices-split/glove.csv.32.31.vc.R 
Integer vector compression time: 0.1488
==== Ans-fold compression
Command: /home/louza/mm-repair/ans/encode.x /mnt/data/datasets/machine-learning-matrices-split/glove.csv.32.31.vc.C 
Ans-fold time: 72.3467
Elapsed time: 1158.7482
==== Compression Report:
 >> matrix name: /mnt/data/datasets/machine-learning-matrices-split/glove.csv
 >> conversion time: 1070.26
 >> repair time: 11.11
 >> integer vectors time: 0.15
 >> ansf time: 72.35
 >> total time: 1158.75
 >> matrix log(alpha)xNumEntries size: 300000000 bytes
 >> matrix dense size: 960000000 bytes
 >> total number of nonzero: 120000000 (100.00%)
 >> number of distinct nonzero: 717119
 >> CRSV  size: 487336952 bytes  (50.76%)
 >> RE32  size: 487337080 bytes  (50.76%)
 >> REIV  size: 426667552 bytes  (44.44%)
 >> REANS size: 407498349 bytes  (42.45%)
==== Done

#### 2026-09-07 11:08:07
 Command line: ./mm-repair/matrepair -r -b 32 -p 32 /mnt/data/datasets/machine-learning-matrices-split/glove.csv 400000 300 --ole 
Setting memory for each repair instance to 14501 MBs
Sending logging messages to file: /mnt/data/datasets/machine-learning-matrices-split/glove.csv.log
==== Conversion bin/csv->csrv
Command: /home/louza/mm-repair/csvmat2csrv -b 32   /mnt/data/datasets/machine-learning-matrices-split/glove.csv -r 0   400000 300
Conversion time: 862.5290
==== Repair paralell compression
---- Executing 32 parallel processes
---- Parallel processing completed
Repair time: 14.4446
==== Integer vector .C compression
Command: /home/louza/mm-repair/sdsl/encode.x /mnt/data/datasets/machine-learning-matrices-split/glove.csv.32.0.vc.C 
==== Integer vector .R compression
Command: /home/louza/mm-repair/sdsl/encode.x /mnt/data/datasets/machine-learning-matrices-split/glove.csv.32.0.vc.R 
Integer vector compression time: 1.4051
==== OLE
Command: /home/louza/mm-repair/ole/encode.x /mnt/data/datasets/machine-learning-matrices-split/glove.csv.32.0.vc.C 
OLE time: 1.1336
==== Ans-fold compression
Command: /home/louza/mm-repair/ans/encode.x /mnt/data/datasets/machine-learning-matrices-split/glove.csv.32.0.vc.C 
Ans-fold time: 1.2768
==== Integer vector .C compression
Command: /home/louza/mm-repair/sdsl/encode.x /mnt/data/datasets/machine-learning-matrices-split/glove.csv.32.1.vc.C 
==== Integer vector .R compression
Command: /home/louza/mm-repair/sdsl/encode.x /mnt/data/datasets/machine-learning-matrices-split/glove.csv.32.1.vc.R 
Integer vector compression time: 1.0139
==== OLE
Command: /home/louza/mm-repair/ole/encode.x /mnt/data/datasets/machine-learning-matrices-split/glove.csv.32.1.vc.C 
OLE time: 1.2938
==== Ans-fold compression
Command: /home/louza/mm-repair/ans/encode.x /mnt/data/datasets/machine-learning-matrices-split/glove.csv.32.1.vc.C 
Ans-fold time: 3.2446
==== Integer vector .C compression
Command: /home/louza/mm-repair/sdsl/encode.x /mnt/data/datasets/machine-learning-matrices-split/glove.csv.32.2.vc.C 
==== Integer vector .R compression
Command: /home/louza/mm-repair/sdsl/encode.x /mnt/data/datasets/machine-learning-matrices-split/glove.csv.32.2.vc.R 
Integer vector compression time: 1.9668
==== OLE
Command: /home/louza/mm-repair/ole/encode.x /mnt/data/datasets/machine-learning-matrices-split/glove.csv.32.2.vc.C 
OLE time: 0.6373
==== Ans-fold compression
Command: /home/louza/mm-repair/ans/encode.x /mnt/data/datasets/machine-learning-matrices-split/glove.csv.32.2.vc.C 
Ans-fold time: 4.2827
==== Integer vector .C compression
Command: /home/louza/mm-repair/sdsl/encode.x /mnt/data/datasets/machine-learning-matrices-split/glove.csv.32.3.vc.C 
==== Integer vector .R compression
Command: /home/louza/mm-repair/sdsl/encode.x /mnt/data/datasets/machine-learning-matrices-split/glove.csv.32.3.vc.R 
Integer vector compression time: 1.5441
==== OLE
Command: /home/louza/mm-repair/ole/encode.x /mnt/data/datasets/machine-learning-matrices-split/glove.csv.32.3.vc.C 
OLE time: 1.0829
==== Ans-fold compression
Command: /home/louza/mm-repair/ans/encode.x /mnt/data/datasets/machine-learning-matrices-split/glove.csv.32.3.vc.C 
Ans-fold time: 5.5563
==== Integer vector .C compression
Command: /home/louza/mm-repair/sdsl/encode.x /mnt/data/datasets/machine-learning-matrices-split/glove.csv.32.4.vc.C 
==== Integer vector .R compression
Command: /home/louza/mm-repair/sdsl/encode.x /mnt/data/datasets/machine-learning-matrices-split/glove.csv.32.4.vc.R 
Integer vector compression time: 0.9992
==== OLE
Command: /home/louza/mm-repair/ole/encode.x /mnt/data/datasets/machine-learning-matrices-split/glove.csv.32.4.vc.C 
OLE time: 1.2759
==== Ans-fold compression
Command: /home/louza/mm-repair/ans/encode.x /mnt/data/datasets/machine-learning-matrices-split/glove.csv.32.4.vc.C 
Ans-fold time: 6.6747
==== Integer vector .C compression
Command: /home/louza/mm-repair/sdsl/encode.x /mnt/data/datasets/machine-learning-matrices-split/glove.csv.32.5.vc.C 
==== Integer vector .R compression
Command: /home/louza/mm-repair/sdsl/encode.x /mnt/data/datasets/machine-learning-matrices-split/glove.csv.32.5.vc.R 
Integer vector compression time: 0.9451
==== OLE
Command: /home/louza/mm-repair/ole/encode.x /mnt/data/datasets/machine-learning-matrices-split/glove.csv.32.5.vc.C 
OLE time: 0.9856
==== Ans-fold compression
Command: /home/louza/mm-repair/ans/encode.x /mnt/data/datasets/machine-learning-matrices-split/glove.csv.32.5.vc.C 
Ans-fold time: 7.7231
==== Integer vector .C compression
Command: /home/louza/mm-repair/sdsl/encode.x /mnt/data/datasets/machine-learning-matrices-split/glove.csv.32.6.vc.C 
==== Integer vector .R compression
Command: /home/louza/mm-repair/sdsl/encode.x /mnt/data/datasets/machine-learning-matrices-split/glove.csv.32.6.vc.R 
Integer vector compression time: 1.0134
==== OLE
Command: /home/louza/mm-repair/ole/encode.x /mnt/data/datasets/machine-learning-matrices-split/glove.csv.32.6.vc.C 
OLE time: 1.0667
==== Ans-fold compression
Command: /home/louza/mm-repair/ans/encode.x /mnt/data/datasets/machine-learning-matrices-split/glove.csv.32.6.vc.C 
Ans-fold time: 9.3864
==== Integer vector .C compression
Command: /home/louza/mm-repair/sdsl/encode.x /mnt/data/datasets/machine-learning-matrices-split/glove.csv.32.7.vc.C 
==== Integer vector .R compression
Command: /home/louza/mm-repair/sdsl/encode.x /mnt/data/datasets/machine-learning-matrices-split/glove.csv.32.7.vc.R 
Integer vector compression time: 1.5838
==== OLE
Command: /home/louza/mm-repair/ole/encode.x /mnt/data/datasets/machine-learning-matrices-split/glove.csv.32.7.vc.C 
OLE time: 1.2431
==== Ans-fold compression
Command: /home/louza/mm-repair/ans/encode.x /mnt/data/datasets/machine-learning-matrices-split/glove.csv.32.7.vc.C 
Ans-fold time: 10.6480
==== Integer vector .C compression
Command: /home/louza/mm-repair/sdsl/encode.x /mnt/data/datasets/machine-learning-matrices-split/glove.csv.32.8.vc.C 
==== Integer vector .R compression
Command: /home/louza/mm-repair/sdsl/encode.x /mnt/data/datasets/machine-learning-matrices-split/glove.csv.32.8.vc.R 
Integer vector compression time: 1.1015
==== OLE
Command: /home/louza/mm-repair/ole/encode.x /mnt/data/datasets/machine-learning-matrices-split/glove.csv.32.8.vc.C 
OLE time: 1.1519
==== Ans-fold compression
Command: /home/louza/mm-repair/ans/encode.x /mnt/data/datasets/machine-learning-matrices-split/glove.csv.32.8.vc.C 
Ans-fold time: 12.1136
==== Integer vector .C compression
Command: /home/louza/mm-repair/sdsl/encode.x /mnt/data/datasets/machine-learning-matrices-split/glove.csv.32.9.vc.C 
==== Integer vector .R compression
Command: /home/louza/mm-repair/sdsl/encode.x /mnt/data/datasets/machine-learning-matrices-split/glove.csv.32.9.vc.R 
Integer vector compression time: 0.9287
==== OLE
Command: /home/louza/mm-repair/ole/encode.x /mnt/data/datasets/machine-learning-matrices-split/glove.csv.32.9.vc.C 
OLE time: 1.7798
==== Ans-fold compression
Command: /home/louza/mm-repair/ans/encode.x /mnt/data/datasets/machine-learning-matrices-split/glove.csv.32.9.vc.C 
Ans-fold time: 13.6393
==== Integer vector .C compression
Command: /home/louza/mm-repair/sdsl/encode.x /mnt/data/datasets/machine-learning-matrices-split/glove.csv.32.10.vc.C 
==== Integer vector .R compression
Command: /home/louza/mm-repair/sdsl/encode.x /mnt/data/datasets/machine-learning-matrices-split/glove.csv.32.10.vc.R 
Integer vector compression time: 1.4342
==== OLE
Command: /home/louza/mm-repair/ole/encode.x /mnt/data/datasets/machine-learning-matrices-split/glove.csv.32.10.vc.C 
OLE time: 1.4432
==== Ans-fold compression
Command: /home/louza/mm-repair/ans/encode.x /mnt/data/datasets/machine-learning-matrices-split/glove.csv.32.10.vc.C 
Ans-fold time: 14.9461
==== Integer vector .C compression
Command: /home/louza/mm-repair/sdsl/encode.x /mnt/data/datasets/machine-learning-matrices-split/glove.csv.32.11.vc.C 
==== Integer vector .R compression
Command: /home/louza/mm-repair/sdsl/encode.x /mnt/data/datasets/machine-learning-matrices-split/glove.csv.32.11.vc.R 
Integer vector compression time: 1.7657
==== OLE
Command: /home/louza/mm-repair/ole/encode.x /mnt/data/datasets/machine-learning-matrices-split/glove.csv.32.11.vc.C 
OLE time: 1.0450
==== Ans-fold compression
Command: /home/louza/mm-repair/ans/encode.x /mnt/data/datasets/machine-learning-matrices-split/glove.csv.32.11.vc.C 
Ans-fold time: 16.1167
==== Integer vector .C compression
Command: /home/louza/mm-repair/sdsl/encode.x /mnt/data/datasets/machine-learning-matrices-split/glove.csv.32.12.vc.C 
==== Integer vector .R compression
Command: /home/louza/mm-repair/sdsl/encode.x /mnt/data/datasets/machine-learning-matrices-split/glove.csv.32.12.vc.R 
Integer vector compression time: 1.6913
==== OLE
Command: /home/louza/mm-repair/ole/encode.x /mnt/data/datasets/machine-learning-matrices-split/glove.csv.32.12.vc.C 
OLE time: 1.4133
==== Ans-fold compression
Command: /home/louza/mm-repair/ans/encode.x /mnt/data/datasets/machine-learning-matrices-split/glove.csv.32.12.vc.C 
Ans-fold time: 17.8177
==== Integer vector .C compression
Command: /home/louza/mm-repair/sdsl/encode.x /mnt/data/datasets/machine-learning-matrices-split/glove.csv.32.13.vc.C 
==== Integer vector .R compression
Command: /home/louza/mm-repair/sdsl/encode.x /mnt/data/datasets/machine-learning-matrices-split/glove.csv.32.13.vc.R 
Integer vector compression time: 0.8998
==== OLE
Command: /home/louza/mm-repair/ole/encode.x /mnt/data/datasets/machine-learning-matrices-split/glove.csv.32.13.vc.C 
OLE time: 1.2613
==== Ans-fold compression
Command: /home/louza/mm-repair/ans/encode.x /mnt/data/datasets/machine-learning-matrices-split/glove.csv.32.13.vc.C 
Ans-fold time: 19.0675
==== Integer vector .C compression
Command: /home/louza/mm-repair/sdsl/encode.x /mnt/data/datasets/machine-learning-matrices-split/glove.csv.32.14.vc.C 
==== Integer vector .R compression
Command: /home/louza/mm-repair/sdsl/encode.x /mnt/data/datasets/machine-learning-matrices-split/glove.csv.32.14.vc.R 
Integer vector compression time: 1.5652
==== OLE
Command: /home/louza/mm-repair/ole/encode.x /mnt/data/datasets/machine-learning-matrices-split/glove.csv.32.14.vc.C 
OLE time: 1.4088
==== Ans-fold compression
Command: /home/louza/mm-repair/ans/encode.x /mnt/data/datasets/machine-learning-matrices-split/glove.csv.32.14.vc.C 
Ans-fold time: 20.7673
==== Integer vector .C compression
Command: /home/louza/mm-repair/sdsl/encode.x /mnt/data/datasets/machine-learning-matrices-split/glove.csv.32.15.vc.C 
==== Integer vector .R compression
Command: /home/louza/mm-repair/sdsl/encode.x /mnt/data/datasets/machine-learning-matrices-split/glove.csv.32.15.vc.R 
Integer vector compression time: 1.3074
==== OLE
Command: /home/louza/mm-repair/ole/encode.x /mnt/data/datasets/machine-learning-matrices-split/glove.csv.32.15.vc.C 
OLE time: 1.4341
==== Ans-fold compression
Command: /home/louza/mm-repair/ans/encode.x /mnt/data/datasets/machine-learning-matrices-split/glove.csv.32.15.vc.C 
Ans-fold time: 21.9951
==== Integer vector .C compression
Command: /home/louza/mm-repair/sdsl/encode.x /mnt/data/datasets/machine-learning-matrices-split/glove.csv.32.16.vc.C 
==== Integer vector .R compression
Command: /home/louza/mm-repair/sdsl/encode.x /mnt/data/datasets/machine-learning-matrices-split/glove.csv.32.16.vc.R 
Integer vector compression time: 1.4027
==== OLE
Command: /home/louza/mm-repair/ole/encode.x /mnt/data/datasets/machine-learning-matrices-split/glove.csv.32.16.vc.C 
OLE time: 1.4235
==== Ans-fold compression
Command: /home/louza/mm-repair/ans/encode.x /mnt/data/datasets/machine-learning-matrices-split/glove.csv.32.16.vc.C 
Ans-fold time: 24.6241
==== Integer vector .C compression
Command: /home/louza/mm-repair/sdsl/encode.x /mnt/data/datasets/machine-learning-matrices-split/glove.csv.32.17.vc.C 
==== Integer vector .R compression
Command: /home/louza/mm-repair/sdsl/encode.x /mnt/data/datasets/machine-learning-matrices-split/glove.csv.32.17.vc.R 
Integer vector compression time: 0.8984
==== OLE
Command: /home/louza/mm-repair/ole/encode.x /mnt/data/datasets/machine-learning-matrices-split/glove.csv.32.17.vc.C 
OLE time: 1.6904
==== Ans-fold compression
Command: /home/louza/mm-repair/ans/encode.x /mnt/data/datasets/machine-learning-matrices-split/glove.csv.32.17.vc.C 
Ans-fold time: 26.0621
==== Integer vector .C compression
Command: /home/louza/mm-repair/sdsl/encode.x /mnt/data/datasets/machine-learning-matrices-split/glove.csv.32.18.vc.C 
==== Integer vector .R compression
Command: /home/louza/mm-repair/sdsl/encode.x /mnt/data/datasets/machine-learning-matrices-split/glove.csv.32.18.vc.R 
Integer vector compression time: 1.8375
==== OLE
Command: /home/louza/mm-repair/ole/encode.x /mnt/data/datasets/machine-learning-matrices-split/glove.csv.32.18.vc.C 
OLE time: 1.4153
==== Ans-fold compression
Command: /home/louza/mm-repair/ans/encode.x /mnt/data/datasets/machine-learning-matrices-split/glove.csv.32.18.vc.C 
Ans-fold time: 27.2274
==== Integer vector .C compression
Command: /home/louza/mm-repair/sdsl/encode.x /mnt/data/datasets/machine-learning-matrices-split/glove.csv.32.19.vc.C 
==== Integer vector .R compression
Command: /home/louza/mm-repair/sdsl/encode.x /mnt/data/datasets/machine-learning-matrices-split/glove.csv.32.19.vc.R 
Integer vector compression time: 1.3058
==== OLE
Command: /home/louza/mm-repair/ole/encode.x /mnt/data/datasets/machine-learning-matrices-split/glove.csv.32.19.vc.C 
OLE time: 1.1968
==== Ans-fold compression
Command: /home/louza/mm-repair/ans/encode.x /mnt/data/datasets/machine-learning-matrices-split/glove.csv.32.19.vc.C 
Ans-fold time: 28.6731
==== Integer vector .C compression
Command: /home/louza/mm-repair/sdsl/encode.x /mnt/data/datasets/machine-learning-matrices-split/glove.csv.32.20.vc.C 
==== Integer vector .R compression
Command: /home/louza/mm-repair/sdsl/encode.x /mnt/data/datasets/machine-learning-matrices-split/glove.csv.32.20.vc.R 
Integer vector compression time: 1.3862
==== OLE
Command: /home/louza/mm-repair/ole/encode.x /mnt/data/datasets/machine-learning-matrices-split/glove.csv.32.20.vc.C 
OLE time: 0.7540
==== Ans-fold compression
Command: /home/louza/mm-repair/ans/encode.x /mnt/data/datasets/machine-learning-matrices-split/glove.csv.32.20.vc.C 
Ans-fold time: 29.7237
==== Integer vector .C compression
Command: /home/louza/mm-repair/sdsl/encode.x /mnt/data/datasets/machine-learning-matrices-split/glove.csv.32.21.vc.C 
==== Integer vector .R compression
Command: /home/louza/mm-repair/sdsl/encode.x /mnt/data/datasets/machine-learning-matrices-split/glove.csv.32.21.vc.R 
Integer vector compression time: 1.6745
==== OLE
Command: /home/louza/mm-repair/ole/encode.x /mnt/data/datasets/machine-learning-matrices-split/glove.csv.32.21.vc.C 
OLE time: 1.7682
==== Ans-fold compression
Command: /home/louza/mm-repair/ans/encode.x /mnt/data/datasets/machine-learning-matrices-split/glove.csv.32.21.vc.C 
Ans-fold time: 31.5181
==== Integer vector .C compression
Command: /home/louza/mm-repair/sdsl/encode.x /mnt/data/datasets/machine-learning-matrices-split/glove.csv.32.22.vc.C 
==== Integer vector .R compression
Command: /home/louza/mm-repair/sdsl/encode.x /mnt/data/datasets/machine-learning-matrices-split/glove.csv.32.22.vc.R 
Integer vector compression time: 1.5724
==== OLE
Command: /home/louza/mm-repair/ole/encode.x /mnt/data/datasets/machine-learning-matrices-split/glove.csv.32.22.vc.C 
OLE time: 0.9240
==== Ans-fold compression
Command: /home/louza/mm-repair/ans/encode.x /mnt/data/datasets/machine-learning-matrices-split/glove.csv.32.22.vc.C 
Ans-fold time: 32.8948
==== Integer vector .C compression
Command: /home/louza/mm-repair/sdsl/encode.x /mnt/data/datasets/machine-learning-matrices-split/glove.csv.32.23.vc.C 
==== Integer vector .R compression
Command: /home/louza/mm-repair/sdsl/encode.x /mnt/data/datasets/machine-learning-matrices-split/glove.csv.32.23.vc.R 
Integer vector compression time: 1.1476
==== OLE
Command: /home/louza/mm-repair/ole/encode.x /mnt/data/datasets/machine-learning-matrices-split/glove.csv.32.23.vc.C 
OLE time: 1.4154
==== Ans-fold compression
Command: /home/louza/mm-repair/ans/encode.x /mnt/data/datasets/machine-learning-matrices-split/glove.csv.32.23.vc.C 
Ans-fold time: 34.5177
==== Integer vector .C compression
Command: /home/louza/mm-repair/sdsl/encode.x /mnt/data/datasets/machine-learning-matrices-split/glove.csv.32.24.vc.C 
==== Integer vector .R compression
Command: /home/louza/mm-repair/sdsl/encode.x /mnt/data/datasets/machine-learning-matrices-split/glove.csv.32.24.vc.R 
Integer vector compression time: 1.3810
==== OLE
Command: /home/louza/mm-repair/ole/encode.x /mnt/data/datasets/machine-learning-matrices-split/glove.csv.32.24.vc.C 
OLE time: 0.8808
==== Ans-fold compression
Command: /home/louza/mm-repair/ans/encode.x /mnt/data/datasets/machine-learning-matrices-split/glove.csv.32.24.vc.C 
Ans-fold time: 35.9487
==== Integer vector .C compression
Command: /home/louza/mm-repair/sdsl/encode.x /mnt/data/datasets/machine-learning-matrices-split/glove.csv.32.25.vc.C 
==== Integer vector .R compression
Command: /home/louza/mm-repair/sdsl/encode.x /mnt/data/datasets/machine-learning-matrices-split/glove.csv.32.25.vc.R 
Integer vector compression time: 1.0710
==== OLE
Command: /home/louza/mm-repair/ole/encode.x /mnt/data/datasets/machine-learning-matrices-split/glove.csv.32.25.vc.C 
OLE time: 1.7665
==== Ans-fold compression
Command: /home/louza/mm-repair/ans/encode.x /mnt/data/datasets/machine-learning-matrices-split/glove.csv.32.25.vc.C 
Ans-fold time: 36.8779
==== Integer vector .C compression
Command: /home/louza/mm-repair/sdsl/encode.x /mnt/data/datasets/machine-learning-matrices-split/glove.csv.32.26.vc.C 
==== Integer vector .R compression
Command: /home/louza/mm-repair/sdsl/encode.x /mnt/data/datasets/machine-learning-matrices-split/glove.csv.32.26.vc.R 
Integer vector compression time: 1.5144
==== OLE
Command: /home/louza/mm-repair/ole/encode.x /mnt/data/datasets/machine-learning-matrices-split/glove.csv.32.26.vc.C 
OLE time: 1.0101
==== Ans-fold compression
Command: /home/louza/mm-repair/ans/encode.x /mnt/data/datasets/machine-learning-matrices-split/glove.csv.32.26.vc.C 
Ans-fold time: 38.0983
==== Integer vector .C compression
Command: /home/louza/mm-repair/sdsl/encode.x /mnt/data/datasets/machine-learning-matrices-split/glove.csv.32.27.vc.C 
==== Integer vector .R compression
Command: /home/louza/mm-repair/sdsl/encode.x /mnt/data/datasets/machine-learning-matrices-split/glove.csv.32.27.vc.R 
Integer vector compression time: 1.3550
==== OLE
Command: /home/louza/mm-repair/ole/encode.x /mnt/data/datasets/machine-learning-matrices-split/glove.csv.32.27.vc.C 
OLE time: 0.7941
==== Ans-fold compression
Command: /home/louza/mm-repair/ans/encode.x /mnt/data/datasets/machine-learning-matrices-split/glove.csv.32.27.vc.C 
Ans-fold time: 38.9394
==== Integer vector .C compression
Command: /home/louza/mm-repair/sdsl/encode.x /mnt/data/datasets/machine-learning-matrices-split/glove.csv.32.28.vc.C 
==== Integer vector .R compression
Command: /home/louza/mm-repair/sdsl/encode.x /mnt/data/datasets/machine-learning-matrices-split/glove.csv.32.28.vc.R 
Integer vector compression time: 1.1545
==== OLE
Command: /home/louza/mm-repair/ole/encode.x /mnt/data/datasets/machine-learning-matrices-split/glove.csv.32.28.vc.C 
OLE time: 0.5947
==== Ans-fold compression
Command: /home/louza/mm-repair/ans/encode.x /mnt/data/datasets/machine-learning-matrices-split/glove.csv.32.28.vc.C 
Ans-fold time: 40.0331
==== Integer vector .C compression
Command: /home/louza/mm-repair/sdsl/encode.x /mnt/data/datasets/machine-learning-matrices-split/glove.csv.32.29.vc.C 
==== Integer vector .R compression
Command: /home/louza/mm-repair/sdsl/encode.x /mnt/data/datasets/machine-learning-matrices-split/glove.csv.32.29.vc.R 
Integer vector compression time: 1.4952
==== OLE
Command: /home/louza/mm-repair/ole/encode.x /mnt/data/datasets/machine-learning-matrices-split/glove.csv.32.29.vc.C 
OLE time: 0.9727
==== Ans-fold compression
Command: /home/louza/mm-repair/ans/encode.x /mnt/data/datasets/machine-learning-matrices-split/glove.csv.32.29.vc.C 
Ans-fold time: 40.9780
==== Integer vector .C compression
Command: /home/louza/mm-repair/sdsl/encode.x /mnt/data/datasets/machine-learning-matrices-split/glove.csv.32.30.vc.C 
==== Integer vector .R compression
Command: /home/louza/mm-repair/sdsl/encode.x /mnt/data/datasets/machine-learning-matrices-split/glove.csv.32.30.vc.R 
Integer vector compression time: 0.8769
==== OLE
Command: /home/louza/mm-repair/ole/encode.x /mnt/data/datasets/machine-learning-matrices-split/glove.csv.32.30.vc.C 
OLE time: 1.0833
==== Ans-fold compression
Command: /home/louza/mm-repair/ans/encode.x /mnt/data/datasets/machine-learning-matrices-split/glove.csv.32.30.vc.C 
Ans-fold time: 41.8956
==== Integer vector .C compression
Command: /home/louza/mm-repair/sdsl/encode.x /mnt/data/datasets/machine-learning-matrices-split/glove.csv.32.31.vc.C 
==== Integer vector .R compression
Command: /home/louza/mm-repair/sdsl/encode.x /mnt/data/datasets/machine-learning-matrices-split/glove.csv.32.31.vc.R 
Integer vector compression time: 0.5086
==== OLE
Command: /home/louza/mm-repair/ole/encode.x /mnt/data/datasets/machine-learning-matrices-split/glove.csv.32.31.vc.C 
OLE time: 0.9711
==== Ans-fold compression
Command: /home/louza/mm-repair/ans/encode.x /mnt/data/datasets/machine-learning-matrices-split/glove.csv.32.31.vc.C 
Ans-fold time: 42.9779
Elapsed time: 1000.0187
==== Compression Report:
 >> matrix name: /mnt/data/datasets/machine-learning-matrices-split/glove.csv
 >> conversion time: 862.53
 >> repair time: 14.44
 >> integer vectors time: 0.51
 >> ansf time: 42.98
 >> total time: 1000.02
 >> matrix log(alpha)xNumEntries size: 300000000 bytes
 >> matrix dense size: 960000000 bytes
 >> total number of nonzero: 120000000 (100.00%)
 >> number of distinct nonzero: 717119
 >> CRSV  size: 487336952 bytes  (50.76%)
 >> RE32  size: 487337080 bytes  (50.76%)
 >> REIV  size: 426667552 bytes  (44.44%)
 >> REANS size: 309388985 bytes  (32.23%)
==== Done

#### 2026-09-07 11:24:47
 Command line: ./mm-repair/matrepair -r -b 32 -p 32 /mnt/data/datasets/machine-learning-matrices-split/glove.csv 400000 300 --mapping 
Setting memory for each repair instance to 14501 MBs
Sending logging messages to file: /mnt/data/datasets/machine-learning-matrices-split/glove.csv.log
==== Conversion bin/csv->csrv
Command: /home/louza/mm-repair/csvmat2csrv -b 32   /mnt/data/datasets/machine-learning-matrices-split/glove.csv -r 0 -m  400000 300
Conversion time: 748.9787
==== Repair paralell compression
---- Executing 32 parallel processes
---- Parallel processing completed
Repair time: 13.6604
==== Integer vector .C compression
Command: /home/louza/mm-repair/sdsl/encode.x /mnt/data/datasets/machine-learning-matrices-split/glove.csv.32.0.vc.C 
==== Integer vector .R compression
Command: /home/louza/mm-repair/sdsl/encode.x /mnt/data/datasets/machine-learning-matrices-split/glove.csv.32.0.vc.R 
Integer vector compression time: 1.5199
==== Ans-fold compression
Command: /home/louza/mm-repair/ans/encode.x /mnt/data/datasets/machine-learning-matrices-split/glove.csv.32.0.vc.C 
Ans-fold time: 6.2192
==== Integer vector .C compression
Command: /home/louza/mm-repair/sdsl/encode.x /mnt/data/datasets/machine-learning-matrices-split/glove.csv.32.1.vc.C 
==== Integer vector .R compression
Command: /home/louza/mm-repair/sdsl/encode.x /mnt/data/datasets/machine-learning-matrices-split/glove.csv.32.1.vc.R 
Integer vector compression time: 2.6056
==== Ans-fold compression
Command: /home/louza/mm-repair/ans/encode.x /mnt/data/datasets/machine-learning-matrices-split/glove.csv.32.1.vc.C 
Ans-fold time: 20.8389
==== Integer vector .C compression
Command: /home/louza/mm-repair/sdsl/encode.x /mnt/data/datasets/machine-learning-matrices-split/glove.csv.32.2.vc.C 
==== Integer vector .R compression
Command: /home/louza/mm-repair/sdsl/encode.x /mnt/data/datasets/machine-learning-matrices-split/glove.csv.32.2.vc.R 
Integer vector compression time: 4.2529
==== Ans-fold compression
Command: /home/louza/mm-repair/ans/encode.x /mnt/data/datasets/machine-learning-matrices-split/glove.csv.32.2.vc.C 
Ans-fold time: 24.3603
==== Integer vector .C compression
Command: /home/louza/mm-repair/sdsl/encode.x /mnt/data/datasets/machine-learning-matrices-split/glove.csv.32.3.vc.C 
==== Integer vector .R compression
Command: /home/louza/mm-repair/sdsl/encode.x /mnt/data/datasets/machine-learning-matrices-split/glove.csv.32.3.vc.R 
Integer vector compression time: 2.1524
==== Ans-fold compression
Command: /home/louza/mm-repair/ans/encode.x /mnt/data/datasets/machine-learning-matrices-split/glove.csv.32.3.vc.C 
Ans-fold time: 28.1288
==== Integer vector .C compression
Command: /home/louza/mm-repair/sdsl/encode.x /mnt/data/datasets/machine-learning-matrices-split/glove.csv.32.4.vc.C 
==== Integer vector .R compression
Command: /home/louza/mm-repair/sdsl/encode.x /mnt/data/datasets/machine-learning-matrices-split/glove.csv.32.4.vc.R 
Integer vector compression time: 1.9790
==== Ans-fold compression
Command: /home/louza/mm-repair/ans/encode.x /mnt/data/datasets/machine-learning-matrices-split/glove.csv.32.4.vc.C 
Ans-fold time: 31.7623
==== Integer vector .C compression
Command: /home/louza/mm-repair/sdsl/encode.x /mnt/data/datasets/machine-learning-matrices-split/glove.csv.32.5.vc.C 
==== Integer vector .R compression
Command: /home/louza/mm-repair/sdsl/encode.x /mnt/data/datasets/machine-learning-matrices-split/glove.csv.32.5.vc.R 
Integer vector compression time: 1.7837
==== Ans-fold compression
Command: /home/louza/mm-repair/ans/encode.x /mnt/data/datasets/machine-learning-matrices-split/glove.csv.32.5.vc.C 
Ans-fold time: 35.2590
==== Integer vector .C compression
Command: /home/louza/mm-repair/sdsl/encode.x /mnt/data/datasets/machine-learning-matrices-split/glove.csv.32.6.vc.C 
==== Integer vector .R compression
Command: /home/louza/mm-repair/sdsl/encode.x /mnt/data/datasets/machine-learning-matrices-split/glove.csv.32.6.vc.R 
Integer vector compression time: 1.7591
==== Ans-fold compression
Command: /home/louza/mm-repair/ans/encode.x /mnt/data/datasets/machine-learning-matrices-split/glove.csv.32.6.vc.C 
Ans-fold time: 39.5970
==== Integer vector .C compression
Command: /home/louza/mm-repair/sdsl/encode.x /mnt/data/datasets/machine-learning-matrices-split/glove.csv.32.7.vc.C 
==== Integer vector .R compression
Command: /home/louza/mm-repair/sdsl/encode.x /mnt/data/datasets/machine-learning-matrices-split/glove.csv.32.7.vc.R 
Integer vector compression time: 1.1741
==== Ans-fold compression
Command: /home/louza/mm-repair/ans/encode.x /mnt/data/datasets/machine-learning-matrices-split/glove.csv.32.7.vc.C 
Ans-fold time: 42.4548
==== Integer vector .C compression
Command: /home/louza/mm-repair/sdsl/encode.x /mnt/data/datasets/machine-learning-matrices-split/glove.csv.32.8.vc.C 
==== Integer vector .R compression
Command: /home/louza/mm-repair/sdsl/encode.x /mnt/data/datasets/machine-learning-matrices-split/glove.csv.32.8.vc.R 
Integer vector compression time: 2.1321
==== Ans-fold compression
Command: /home/louza/mm-repair/ans/encode.x /mnt/data/datasets/machine-learning-matrices-split/glove.csv.32.8.vc.C 
Ans-fold time: 46.5305
==== Integer vector .C compression
Command: /home/louza/mm-repair/sdsl/encode.x /mnt/data/datasets/machine-learning-matrices-split/glove.csv.32.9.vc.C 
==== Integer vector .R compression
Command: /home/louza/mm-repair/sdsl/encode.x /mnt/data/datasets/machine-learning-matrices-split/glove.csv.32.9.vc.R 
Integer vector compression time: 1.7307
==== Ans-fold compression
Command: /home/louza/mm-repair/ans/encode.x /mnt/data/datasets/machine-learning-matrices-split/glove.csv.32.9.vc.C 
Ans-fold time: 49.4141
==== Integer vector .C compression
Command: /home/louza/mm-repair/sdsl/encode.x /mnt/data/datasets/machine-learning-matrices-split/glove.csv.32.10.vc.C 
==== Integer vector .R compression
Command: /home/louza/mm-repair/sdsl/encode.x /mnt/data/datasets/machine-learning-matrices-split/glove.csv.32.10.vc.R 
Integer vector compression time: 1.9404
==== Ans-fold compression
Command: /home/louza/mm-repair/ans/encode.x /mnt/data/datasets/machine-learning-matrices-split/glove.csv.32.10.vc.C 
Ans-fold time: 53.0993
==== Integer vector .C compression
Command: /home/louza/mm-repair/sdsl/encode.x /mnt/data/datasets/machine-learning-matrices-split/glove.csv.32.11.vc.C 
==== Integer vector .R compression
Command: /home/louza/mm-repair/sdsl/encode.x /mnt/data/datasets/machine-learning-matrices-split/glove.csv.32.11.vc.R 
Integer vector compression time: 1.9005
==== Ans-fold compression
Command: /home/louza/mm-repair/ans/encode.x /mnt/data/datasets/machine-learning-matrices-split/glove.csv.32.11.vc.C 
Ans-fold time: 58.1196
==== Integer vector .C compression
Command: /home/louza/mm-repair/sdsl/encode.x /mnt/data/datasets/machine-learning-matrices-split/glove.csv.32.12.vc.C 
==== Integer vector .R compression
Command: /home/louza/mm-repair/sdsl/encode.x /mnt/data/datasets/machine-learning-matrices-split/glove.csv.32.12.vc.R 
Integer vector compression time: 2.2928
==== Ans-fold compression
Command: /home/louza/mm-repair/ans/encode.x /mnt/data/datasets/machine-learning-matrices-split/glove.csv.32.12.vc.C 
Ans-fold time: 61.6094
==== Integer vector .C compression
Command: /home/louza/mm-repair/sdsl/encode.x /mnt/data/datasets/machine-learning-matrices-split/glove.csv.32.13.vc.C 
==== Integer vector .R compression
Command: /home/louza/mm-repair/sdsl/encode.x /mnt/data/datasets/machine-learning-matrices-split/glove.csv.32.13.vc.R 
Integer vector compression time: 2.8913
==== Ans-fold compression
Command: /home/louza/mm-repair/ans/encode.x /mnt/data/datasets/machine-learning-matrices-split/glove.csv.32.13.vc.C 
Ans-fold time: 65.6808
==== Integer vector .C compression
Command: /home/louza/mm-repair/sdsl/encode.x /mnt/data/datasets/machine-learning-matrices-split/glove.csv.32.14.vc.C 
==== Integer vector .R compression
Command: /home/louza/mm-repair/sdsl/encode.x /mnt/data/datasets/machine-learning-matrices-split/glove.csv.32.14.vc.R 
Integer vector compression time: 2.6667
==== Ans-fold compression
Command: /home/louza/mm-repair/ans/encode.x /mnt/data/datasets/machine-learning-matrices-split/glove.csv.32.14.vc.C 
Ans-fold time: 68.7565
==== Integer vector .C compression
Command: /home/louza/mm-repair/sdsl/encode.x /mnt/data/datasets/machine-learning-matrices-split/glove.csv.32.15.vc.C 
==== Integer vector .R compression
Command: /home/louza/mm-repair/sdsl/encode.x /mnt/data/datasets/machine-learning-matrices-split/glove.csv.32.15.vc.R 
Integer vector compression time: 1.6299
==== Ans-fold compression
Command: /home/louza/mm-repair/ans/encode.x /mnt/data/datasets/machine-learning-matrices-split/glove.csv.32.15.vc.C 
Ans-fold time: 71.8597
==== Integer vector .C compression
Command: /home/louza/mm-repair/sdsl/encode.x /mnt/data/datasets/machine-learning-matrices-split/glove.csv.32.16.vc.C 
==== Integer vector .R compression
Command: /home/louza/mm-repair/sdsl/encode.x /mnt/data/datasets/machine-learning-matrices-split/glove.csv.32.16.vc.R 
Integer vector compression time: 1.4132
==== Ans-fold compression
Command: /home/louza/mm-repair/ans/encode.x /mnt/data/datasets/machine-learning-matrices-split/glove.csv.32.16.vc.C 
Ans-fold time: 75.5727
==== Integer vector .C compression
Command: /home/louza/mm-repair/sdsl/encode.x /mnt/data/datasets/machine-learning-matrices-split/glove.csv.32.17.vc.C 
==== Integer vector .R compression
Command: /home/louza/mm-repair/sdsl/encode.x /mnt/data/datasets/machine-learning-matrices-split/glove.csv.32.17.vc.R 
Integer vector compression time: 0.9505
==== Ans-fold compression
Command: /home/louza/mm-repair/ans/encode.x /mnt/data/datasets/machine-learning-matrices-split/glove.csv.32.17.vc.C 
Ans-fold time: 79.3028
==== Integer vector .C compression
Command: /home/louza/mm-repair/sdsl/encode.x /mnt/data/datasets/machine-learning-matrices-split/glove.csv.32.18.vc.C 
==== Integer vector .R compression
Command: /home/louza/mm-repair/sdsl/encode.x /mnt/data/datasets/machine-learning-matrices-split/glove.csv.32.18.vc.R 
Integer vector compression time: 1.5660
==== Ans-fold compression
Command: /home/louza/mm-repair/ans/encode.x /mnt/data/datasets/machine-learning-matrices-split/glove.csv.32.18.vc.C 
Ans-fold time: 82.0576
==== Integer vector .C compression
Command: /home/louza/mm-repair/sdsl/encode.x /mnt/data/datasets/machine-learning-matrices-split/glove.csv.32.19.vc.C 
==== Integer vector .R compression
Command: /home/louza/mm-repair/sdsl/encode.x /mnt/data/datasets/machine-learning-matrices-split/glove.csv.32.19.vc.R 
Integer vector compression time: 1.1369
==== Ans-fold compression
Command: /home/louza/mm-repair/ans/encode.x /mnt/data/datasets/machine-learning-matrices-split/glove.csv.32.19.vc.C 
Ans-fold time: 86.2014
==== Integer vector .C compression
Command: /home/louza/mm-repair/sdsl/encode.x /mnt/data/datasets/machine-learning-matrices-split/glove.csv.32.20.vc.C 
==== Integer vector .R compression
Command: /home/louza/mm-repair/sdsl/encode.x /mnt/data/datasets/machine-learning-matrices-split/glove.csv.32.20.vc.R 
Integer vector compression time: 1.4706
==== Ans-fold compression
Command: /home/louza/mm-repair/ans/encode.x /mnt/data/datasets/machine-learning-matrices-split/glove.csv.32.20.vc.C 
Ans-fold time: 89.6860
==== Integer vector .C compression
Command: /home/louza/mm-repair/sdsl/encode.x /mnt/data/datasets/machine-learning-matrices-split/glove.csv.32.21.vc.C 
==== Integer vector .R compression
Command: /home/louza/mm-repair/sdsl/encode.x /mnt/data/datasets/machine-learning-matrices-split/glove.csv.32.21.vc.R 
Integer vector compression time: 1.1996
==== Ans-fold compression
Command: /home/louza/mm-repair/ans/encode.x /mnt/data/datasets/machine-learning-matrices-split/glove.csv.32.21.vc.C 
Ans-fold time: 94.7147
==== Integer vector .C compression
Command: /home/louza/mm-repair/sdsl/encode.x /mnt/data/datasets/machine-learning-matrices-split/glove.csv.32.22.vc.C 
==== Integer vector .R compression
Command: /home/louza/mm-repair/sdsl/encode.x /mnt/data/datasets/machine-learning-matrices-split/glove.csv.32.22.vc.R 
Integer vector compression time: 1.1455
==== Ans-fold compression
Command: /home/louza/mm-repair/ans/encode.x /mnt/data/datasets/machine-learning-matrices-split/glove.csv.32.22.vc.C 
Ans-fold time: 97.6414
==== Integer vector .C compression
Command: /home/louza/mm-repair/sdsl/encode.x /mnt/data/datasets/machine-learning-matrices-split/glove.csv.32.23.vc.C 
==== Integer vector .R compression
Command: /home/louza/mm-repair/sdsl/encode.x /mnt/data/datasets/machine-learning-matrices-split/glove.csv.32.23.vc.R 
Integer vector compression time: 0.6992
==== Ans-fold compression
Command: /home/louza/mm-repair/ans/encode.x /mnt/data/datasets/machine-learning-matrices-split/glove.csv.32.23.vc.C 
Ans-fold time: 100.6172
==== Integer vector .C compression
Command: /home/louza/mm-repair/sdsl/encode.x /mnt/data/datasets/machine-learning-matrices-split/glove.csv.32.24.vc.C 
==== Integer vector .R compression
Command: /home/louza/mm-repair/sdsl/encode.x /mnt/data/datasets/machine-learning-matrices-split/glove.csv.32.24.vc.R 
Integer vector compression time: 1.5614
==== Ans-fold compression
Command: /home/louza/mm-repair/ans/encode.x /mnt/data/datasets/machine-learning-matrices-split/glove.csv.32.24.vc.C 
Ans-fold time: 103.9783
==== Integer vector .C compression
Command: /home/louza/mm-repair/sdsl/encode.x /mnt/data/datasets/machine-learning-matrices-split/glove.csv.32.25.vc.C 
==== Integer vector .R compression
Command: /home/louza/mm-repair/sdsl/encode.x /mnt/data/datasets/machine-learning-matrices-split/glove.csv.32.25.vc.R 
Integer vector compression time: 0.7503
==== Ans-fold compression
Command: /home/louza/mm-repair/ans/encode.x /mnt/data/datasets/machine-learning-matrices-split/glove.csv.32.25.vc.C 
Ans-fold time: 106.6037
==== Integer vector .C compression
Command: /home/louza/mm-repair/sdsl/encode.x /mnt/data/datasets/machine-learning-matrices-split/glove.csv.32.26.vc.C 
==== Integer vector .R compression
Command: /home/louza/mm-repair/sdsl/encode.x /mnt/data/datasets/machine-learning-matrices-split/glove.csv.32.26.vc.R 
Integer vector compression time: 1.6106
==== Ans-fold compression
Command: /home/louza/mm-repair/ans/encode.x /mnt/data/datasets/machine-learning-matrices-split/glove.csv.32.26.vc.C 
Ans-fold time: 109.3802
==== Integer vector .C compression
Command: /home/louza/mm-repair/sdsl/encode.x /mnt/data/datasets/machine-learning-matrices-split/glove.csv.32.27.vc.C 
==== Integer vector .R compression
Command: /home/louza/mm-repair/sdsl/encode.x /mnt/data/datasets/machine-learning-matrices-split/glove.csv.32.27.vc.R 
Integer vector compression time: 0.5434
==== Ans-fold compression
Command: /home/louza/mm-repair/ans/encode.x /mnt/data/datasets/machine-learning-matrices-split/glove.csv.32.27.vc.C 
Ans-fold time: 111.9637
==== Integer vector .C compression
Command: /home/louza/mm-repair/sdsl/encode.x /mnt/data/datasets/machine-learning-matrices-split/glove.csv.32.28.vc.C 
==== Integer vector .R compression
Command: /home/louza/mm-repair/sdsl/encode.x /mnt/data/datasets/machine-learning-matrices-split/glove.csv.32.28.vc.R 
Integer vector compression time: 1.3850
==== Ans-fold compression
Command: /home/louza/mm-repair/ans/encode.x /mnt/data/datasets/machine-learning-matrices-split/glove.csv.32.28.vc.C 
Ans-fold time: 115.0947
==== Integer vector .C compression
Command: /home/louza/mm-repair/sdsl/encode.x /mnt/data/datasets/machine-learning-matrices-split/glove.csv.32.29.vc.C 
==== Integer vector .R compression
Command: /home/louza/mm-repair/sdsl/encode.x /mnt/data/datasets/machine-learning-matrices-split/glove.csv.32.29.vc.R 
Integer vector compression time: 0.6378
==== Ans-fold compression
Command: /home/louza/mm-repair/ans/encode.x /mnt/data/datasets/machine-learning-matrices-split/glove.csv.32.29.vc.C 
Ans-fold time: 118.5676
==== Integer vector .C compression
Command: /home/louza/mm-repair/sdsl/encode.x /mnt/data/datasets/machine-learning-matrices-split/glove.csv.32.30.vc.C 
==== Integer vector .R compression
Command: /home/louza/mm-repair/sdsl/encode.x /mnt/data/datasets/machine-learning-matrices-split/glove.csv.32.30.vc.R 
Integer vector compression time: 0.7645
==== Ans-fold compression
Command: /home/louza/mm-repair/ans/encode.x /mnt/data/datasets/machine-learning-matrices-split/glove.csv.32.30.vc.C 
Ans-fold time: 121.7948
==== Integer vector .C compression
Command: /home/louza/mm-repair/sdsl/encode.x /mnt/data/datasets/machine-learning-matrices-split/glove.csv.32.31.vc.C 
==== Integer vector .R compression
Command: /home/louza/mm-repair/sdsl/encode.x /mnt/data/datasets/machine-learning-matrices-split/glove.csv.32.31.vc.R 
Integer vector compression time: 0.5140
==== Ans-fold compression
Command: /home/louza/mm-repair/ans/encode.x /mnt/data/datasets/machine-learning-matrices-split/glove.csv.32.31.vc.C 
Ans-fold time: 124.9855
Command: /home/louza/mm-repair/ans/encode.x /mnt/data/datasets/machine-learning-matrices-split/glove.csv.wcode 
Elapsed time: 942.4208
==== Compression Report:
 >> matrix name: /mnt/data/datasets/machine-learning-matrices-split/glove.csv
 >> conversion time: 748.98
 >> repair time: 13.66
 >> integer vectors time: 0.51
 >> ansf time: 124.99
 >> total time: 942.42
 >> wcode: 226590916 bytes
 >> wcode_ans: 16430594 bytes
 >> matrix log(alpha)xNumEntries size: 300000000 bytes
 >> matrix dense size: 960000000 bytes
 >> total number of nonzero: 120000000 (100.00%)
 >> number of distinct nonzero: 717119
 >> CRSV  size: 487336952 bytes  (50.76%)
 >> RE32  size: 713927996 bytes  (74.37%)
 >> REIV  size: 623628796 bytes  (64.96%)
 >> REANS size: 409319139 bytes  (42.64%)
==== Done

#### 2026-09-07 11:40:30
 Command line: ./mm-repair/matrepair -r -b 32 -p 32 /mnt/data/datasets/machine-learning-matrices-split/glove.csv 400000 300 --split 
Setting memory for each repair instance to 14501 MBs
Sending logging messages to file: /mnt/data/datasets/machine-learning-matrices-split/glove.csv.log
==== Conversion bin/csv->csrv
Command: /home/louza/mm-repair/csvmat2csrv -b 32   /mnt/data/datasets/machine-learning-matrices-split/glove.csv -r 0  -s 400000 300
Conversion time: 566.9965
==== Repair paralell compression
---- Executing 32 parallel processes
---- Parallel processing completed
Repair time: 0.1866
==== Integer vector .C compression
Command: /home/louza/mm-repair/sdsl/encode.x /mnt/data/datasets/machine-learning-matrices-split/glove.csv.32.0.A.vc.C 
==== Integer vector .R compression
Command: /home/louza/mm-repair/sdsl/encode.x /mnt/data/datasets/machine-learning-matrices-split/glove.csv.32.0.A.vc.R 
Integer vector compression time: 0.0233
==== Ans-fold compression
Command: /home/louza/mm-repair/ans/encode.x /mnt/data/datasets/machine-learning-matrices-split/glove.csv.32.0.A.vc.C 
Command: /home/louza/mm-repair/ans/encode.x /mnt/data/datasets/machine-learning-matrices-split/glove.csv.32.0.B.vc
Ans-fold time: 2.1248
==== Integer vector .C compression
Command: /home/louza/mm-repair/sdsl/encode.x /mnt/data/datasets/machine-learning-matrices-split/glove.csv.32.1.A.vc.C 
==== Integer vector .R compression
Command: /home/louza/mm-repair/sdsl/encode.x /mnt/data/datasets/machine-learning-matrices-split/glove.csv.32.1.A.vc.R 
Integer vector compression time: 0.0240
==== Ans-fold compression
Command: /home/louza/mm-repair/ans/encode.x /mnt/data/datasets/machine-learning-matrices-split/glove.csv.32.1.A.vc.C 
Command: /home/louza/mm-repair/ans/encode.x /mnt/data/datasets/machine-learning-matrices-split/glove.csv.32.1.B.vc
Ans-fold time: 4.4124
==== Integer vector .C compression
Command: /home/louza/mm-repair/sdsl/encode.x /mnt/data/datasets/machine-learning-matrices-split/glove.csv.32.2.A.vc.C 
==== Integer vector .R compression
Command: /home/louza/mm-repair/sdsl/encode.x /mnt/data/datasets/machine-learning-matrices-split/glove.csv.32.2.A.vc.R 
Integer vector compression time: 0.0215
==== Ans-fold compression
Command: /home/louza/mm-repair/ans/encode.x /mnt/data/datasets/machine-learning-matrices-split/glove.csv.32.2.A.vc.C 
Command: /home/louza/mm-repair/ans/encode.x /mnt/data/datasets/machine-learning-matrices-split/glove.csv.32.2.B.vc
Ans-fold time: 6.6287
==== Integer vector .C compression
Command: /home/louza/mm-repair/sdsl/encode.x /mnt/data/datasets/machine-learning-matrices-split/glove.csv.32.3.A.vc.C 
==== Integer vector .R compression
Command: /home/louza/mm-repair/sdsl/encode.x /mnt/data/datasets/machine-learning-matrices-split/glove.csv.32.3.A.vc.R 
Integer vector compression time: 0.0223
==== Ans-fold compression
Command: /home/louza/mm-repair/ans/encode.x /mnt/data/datasets/machine-learning-matrices-split/glove.csv.32.3.A.vc.C 
Command: /home/louza/mm-repair/ans/encode.x /mnt/data/datasets/machine-learning-matrices-split/glove.csv.32.3.B.vc
Ans-fold time: 8.7515
==== Integer vector .C compression
Command: /home/louza/mm-repair/sdsl/encode.x /mnt/data/datasets/machine-learning-matrices-split/glove.csv.32.4.A.vc.C 
==== Integer vector .R compression
Command: /home/louza/mm-repair/sdsl/encode.x /mnt/data/datasets/machine-learning-matrices-split/glove.csv.32.4.A.vc.R 
Integer vector compression time: 0.0231
==== Ans-fold compression
Command: /home/louza/mm-repair/ans/encode.x /mnt/data/datasets/machine-learning-matrices-split/glove.csv.32.4.A.vc.C 
Command: /home/louza/mm-repair/ans/encode.x /mnt/data/datasets/machine-learning-matrices-split/glove.csv.32.4.B.vc
Ans-fold time: 10.7871
==== Integer vector .C compression
Command: /home/louza/mm-repair/sdsl/encode.x /mnt/data/datasets/machine-learning-matrices-split/glove.csv.32.5.A.vc.C 
==== Integer vector .R compression
Command: /home/louza/mm-repair/sdsl/encode.x /mnt/data/datasets/machine-learning-matrices-split/glove.csv.32.5.A.vc.R 
Integer vector compression time: 0.0256
==== Ans-fold compression
Command: /home/louza/mm-repair/ans/encode.x /mnt/data/datasets/machine-learning-matrices-split/glove.csv.32.5.A.vc.C 
Command: /home/louza/mm-repair/ans/encode.x /mnt/data/datasets/machine-learning-matrices-split/glove.csv.32.5.B.vc
Ans-fold time: 12.9422
==== Integer vector .C compression
Command: /home/louza/mm-repair/sdsl/encode.x /mnt/data/datasets/machine-learning-matrices-split/glove.csv.32.6.A.vc.C 
==== Integer vector .R compression
Command: /home/louza/mm-repair/sdsl/encode.x /mnt/data/datasets/machine-learning-matrices-split/glove.csv.32.6.A.vc.R 
Integer vector compression time: 0.0252
==== Ans-fold compression
Command: /home/louza/mm-repair/ans/encode.x /mnt/data/datasets/machine-learning-matrices-split/glove.csv.32.6.A.vc.C 
Command: /home/louza/mm-repair/ans/encode.x /mnt/data/datasets/machine-learning-matrices-split/glove.csv.32.6.B.vc
Ans-fold time: 15.3663
==== Integer vector .C compression
Command: /home/louza/mm-repair/sdsl/encode.x /mnt/data/datasets/machine-learning-matrices-split/glove.csv.32.7.A.vc.C 
==== Integer vector .R compression
Command: /home/louza/mm-repair/sdsl/encode.x /mnt/data/datasets/machine-learning-matrices-split/glove.csv.32.7.A.vc.R 
Integer vector compression time: 0.0235
==== Ans-fold compression
Command: /home/louza/mm-repair/ans/encode.x /mnt/data/datasets/machine-learning-matrices-split/glove.csv.32.7.A.vc.C 
Command: /home/louza/mm-repair/ans/encode.x /mnt/data/datasets/machine-learning-matrices-split/glove.csv.32.7.B.vc
Ans-fold time: 17.5035
==== Integer vector .C compression
Command: /home/louza/mm-repair/sdsl/encode.x /mnt/data/datasets/machine-learning-matrices-split/glove.csv.32.8.A.vc.C 
==== Integer vector .R compression
Command: /home/louza/mm-repair/sdsl/encode.x /mnt/data/datasets/machine-learning-matrices-split/glove.csv.32.8.A.vc.R 
Integer vector compression time: 0.0231
==== Ans-fold compression
Command: /home/louza/mm-repair/ans/encode.x /mnt/data/datasets/machine-learning-matrices-split/glove.csv.32.8.A.vc.C 
Command: /home/louza/mm-repair/ans/encode.x /mnt/data/datasets/machine-learning-matrices-split/glove.csv.32.8.B.vc
Ans-fold time: 19.6849
==== Integer vector .C compression
Command: /home/louza/mm-repair/sdsl/encode.x /mnt/data/datasets/machine-learning-matrices-split/glove.csv.32.9.A.vc.C 
==== Integer vector .R compression
Command: /home/louza/mm-repair/sdsl/encode.x /mnt/data/datasets/machine-learning-matrices-split/glove.csv.32.9.A.vc.R 
Integer vector compression time: 0.0167
==== Ans-fold compression
Command: /home/louza/mm-repair/ans/encode.x /mnt/data/datasets/machine-learning-matrices-split/glove.csv.32.9.A.vc.C 
Command: /home/louza/mm-repair/ans/encode.x /mnt/data/datasets/machine-learning-matrices-split/glove.csv.32.9.B.vc
Ans-fold time: 21.7787
==== Integer vector .C compression
Command: /home/louza/mm-repair/sdsl/encode.x /mnt/data/datasets/machine-learning-matrices-split/glove.csv.32.10.A.vc.C 
==== Integer vector .R compression
Command: /home/louza/mm-repair/sdsl/encode.x /mnt/data/datasets/machine-learning-matrices-split/glove.csv.32.10.A.vc.R 
Integer vector compression time: 0.0167
==== Ans-fold compression
Command: /home/louza/mm-repair/ans/encode.x /mnt/data/datasets/machine-learning-matrices-split/glove.csv.32.10.A.vc.C 
Command: /home/louza/mm-repair/ans/encode.x /mnt/data/datasets/machine-learning-matrices-split/glove.csv.32.10.B.vc
Ans-fold time: 23.8103
==== Integer vector .C compression
Command: /home/louza/mm-repair/sdsl/encode.x /mnt/data/datasets/machine-learning-matrices-split/glove.csv.32.11.A.vc.C 
==== Integer vector .R compression
Command: /home/louza/mm-repair/sdsl/encode.x /mnt/data/datasets/machine-learning-matrices-split/glove.csv.32.11.A.vc.R 
Integer vector compression time: 0.0167
==== Ans-fold compression
Command: /home/louza/mm-repair/ans/encode.x /mnt/data/datasets/machine-learning-matrices-split/glove.csv.32.11.A.vc.C 
Command: /home/louza/mm-repair/ans/encode.x /mnt/data/datasets/machine-learning-matrices-split/glove.csv.32.11.B.vc
Ans-fold time: 25.8330
==== Integer vector .C compression
Command: /home/louza/mm-repair/sdsl/encode.x /mnt/data/datasets/machine-learning-matrices-split/glove.csv.32.12.A.vc.C 
==== Integer vector .R compression
Command: /home/louza/mm-repair/sdsl/encode.x /mnt/data/datasets/machine-learning-matrices-split/glove.csv.32.12.A.vc.R 
Integer vector compression time: 0.0164
==== Ans-fold compression
Command: /home/louza/mm-repair/ans/encode.x /mnt/data/datasets/machine-learning-matrices-split/glove.csv.32.12.A.vc.C 
Command: /home/louza/mm-repair/ans/encode.x /mnt/data/datasets/machine-learning-matrices-split/glove.csv.32.12.B.vc
Ans-fold time: 28.3685
==== Integer vector .C compression
Command: /home/louza/mm-repair/sdsl/encode.x /mnt/data/datasets/machine-learning-matrices-split/glove.csv.32.13.A.vc.C 
==== Integer vector .R compression
Command: /home/louza/mm-repair/sdsl/encode.x /mnt/data/datasets/machine-learning-matrices-split/glove.csv.32.13.A.vc.R 
Integer vector compression time: 0.0224
==== Ans-fold compression
Command: /home/louza/mm-repair/ans/encode.x /mnt/data/datasets/machine-learning-matrices-split/glove.csv.32.13.A.vc.C 
Command: /home/louza/mm-repair/ans/encode.x /mnt/data/datasets/machine-learning-matrices-split/glove.csv.32.13.B.vc
Ans-fold time: 30.5799
==== Integer vector .C compression
Command: /home/louza/mm-repair/sdsl/encode.x /mnt/data/datasets/machine-learning-matrices-split/glove.csv.32.14.A.vc.C 
==== Integer vector .R compression
Command: /home/louza/mm-repair/sdsl/encode.x /mnt/data/datasets/machine-learning-matrices-split/glove.csv.32.14.A.vc.R 
Integer vector compression time: 0.0220
==== Ans-fold compression
Command: /home/louza/mm-repair/ans/encode.x /mnt/data/datasets/machine-learning-matrices-split/glove.csv.32.14.A.vc.C 
Command: /home/louza/mm-repair/ans/encode.x /mnt/data/datasets/machine-learning-matrices-split/glove.csv.32.14.B.vc
Ans-fold time: 32.8599
==== Integer vector .C compression
Command: /home/louza/mm-repair/sdsl/encode.x /mnt/data/datasets/machine-learning-matrices-split/glove.csv.32.15.A.vc.C 
==== Integer vector .R compression
Command: /home/louza/mm-repair/sdsl/encode.x /mnt/data/datasets/machine-learning-matrices-split/glove.csv.32.15.A.vc.R 
Integer vector compression time: 0.0256
==== Ans-fold compression
Command: /home/louza/mm-repair/ans/encode.x /mnt/data/datasets/machine-learning-matrices-split/glove.csv.32.15.A.vc.C 
Command: /home/louza/mm-repair/ans/encode.x /mnt/data/datasets/machine-learning-matrices-split/glove.csv.32.15.B.vc
Ans-fold time: 35.0354
==== Integer vector .C compression
Command: /home/louza/mm-repair/sdsl/encode.x /mnt/data/datasets/machine-learning-matrices-split/glove.csv.32.16.A.vc.C 
==== Integer vector .R compression
Command: /home/louza/mm-repair/sdsl/encode.x /mnt/data/datasets/machine-learning-matrices-split/glove.csv.32.16.A.vc.R 
Integer vector compression time: 0.0162
==== Ans-fold compression
Command: /home/louza/mm-repair/ans/encode.x /mnt/data/datasets/machine-learning-matrices-split/glove.csv.32.16.A.vc.C 
Command: /home/louza/mm-repair/ans/encode.x /mnt/data/datasets/machine-learning-matrices-split/glove.csv.32.16.B.vc
Ans-fold time: 37.1112
==== Integer vector .C compression
Command: /home/louza/mm-repair/sdsl/encode.x /mnt/data/datasets/machine-learning-matrices-split/glove.csv.32.17.A.vc.C 
==== Integer vector .R compression
Command: /home/louza/mm-repair/sdsl/encode.x /mnt/data/datasets/machine-learning-matrices-split/glove.csv.32.17.A.vc.R 
Integer vector compression time: 0.0288
==== Ans-fold compression
Command: /home/louza/mm-repair/ans/encode.x /mnt/data/datasets/machine-learning-matrices-split/glove.csv.32.17.A.vc.C 
Command: /home/louza/mm-repair/ans/encode.x /mnt/data/datasets/machine-learning-matrices-split/glove.csv.32.17.B.vc
Ans-fold time: 39.2702
==== Integer vector .C compression
Command: /home/louza/mm-repair/sdsl/encode.x /mnt/data/datasets/machine-learning-matrices-split/glove.csv.32.18.A.vc.C 
==== Integer vector .R compression
Command: /home/louza/mm-repair/sdsl/encode.x /mnt/data/datasets/machine-learning-matrices-split/glove.csv.32.18.A.vc.R 
Integer vector compression time: 0.0227
==== Ans-fold compression
Command: /home/louza/mm-repair/ans/encode.x /mnt/data/datasets/machine-learning-matrices-split/glove.csv.32.18.A.vc.C 
Command: /home/louza/mm-repair/ans/encode.x /mnt/data/datasets/machine-learning-matrices-split/glove.csv.32.18.B.vc
Ans-fold time: 41.3669
==== Integer vector .C compression
Command: /home/louza/mm-repair/sdsl/encode.x /mnt/data/datasets/machine-learning-matrices-split/glove.csv.32.19.A.vc.C 
==== Integer vector .R compression
Command: /home/louza/mm-repair/sdsl/encode.x /mnt/data/datasets/machine-learning-matrices-split/glove.csv.32.19.A.vc.R 
Integer vector compression time: 0.0257
==== Ans-fold compression
Command: /home/louza/mm-repair/ans/encode.x /mnt/data/datasets/machine-learning-matrices-split/glove.csv.32.19.A.vc.C 
Command: /home/louza/mm-repair/ans/encode.x /mnt/data/datasets/machine-learning-matrices-split/glove.csv.32.19.B.vc
Ans-fold time: 43.5516
==== Integer vector .C compression
Command: /home/louza/mm-repair/sdsl/encode.x /mnt/data/datasets/machine-learning-matrices-split/glove.csv.32.20.A.vc.C 
==== Integer vector .R compression
Command: /home/louza/mm-repair/sdsl/encode.x /mnt/data/datasets/machine-learning-matrices-split/glove.csv.32.20.A.vc.R 
Integer vector compression time: 0.0237
==== Ans-fold compression
Command: /home/louza/mm-repair/ans/encode.x /mnt/data/datasets/machine-learning-matrices-split/glove.csv.32.20.A.vc.C 
Command: /home/louza/mm-repair/ans/encode.x /mnt/data/datasets/machine-learning-matrices-split/glove.csv.32.20.B.vc
Ans-fold time: 45.7998
==== Integer vector .C compression
Command: /home/louza/mm-repair/sdsl/encode.x /mnt/data/datasets/machine-learning-matrices-split/glove.csv.32.21.A.vc.C 
==== Integer vector .R compression
Command: /home/louza/mm-repair/sdsl/encode.x /mnt/data/datasets/machine-learning-matrices-split/glove.csv.32.21.A.vc.R 
Integer vector compression time: 0.0170
==== Ans-fold compression
Command: /home/louza/mm-repair/ans/encode.x /mnt/data/datasets/machine-learning-matrices-split/glove.csv.32.21.A.vc.C 
Command: /home/louza/mm-repair/ans/encode.x /mnt/data/datasets/machine-learning-matrices-split/glove.csv.32.21.B.vc
Ans-fold time: 47.7995
==== Integer vector .C compression
Command: /home/louza/mm-repair/sdsl/encode.x /mnt/data/datasets/machine-learning-matrices-split/glove.csv.32.22.A.vc.C 
==== Integer vector .R compression
Command: /home/louza/mm-repair/sdsl/encode.x /mnt/data/datasets/machine-learning-matrices-split/glove.csv.32.22.A.vc.R 
Integer vector compression time: 0.0160
==== Ans-fold compression
Command: /home/louza/mm-repair/ans/encode.x /mnt/data/datasets/machine-learning-matrices-split/glove.csv.32.22.A.vc.C 
Command: /home/louza/mm-repair/ans/encode.x /mnt/data/datasets/machine-learning-matrices-split/glove.csv.32.22.B.vc
Ans-fold time: 49.8121
==== Integer vector .C compression
Command: /home/louza/mm-repair/sdsl/encode.x /mnt/data/datasets/machine-learning-matrices-split/glove.csv.32.23.A.vc.C 
==== Integer vector .R compression
Command: /home/louza/mm-repair/sdsl/encode.x /mnt/data/datasets/machine-learning-matrices-split/glove.csv.32.23.A.vc.R 
Integer vector compression time: 0.0164
==== Ans-fold compression
Command: /home/louza/mm-repair/ans/encode.x /mnt/data/datasets/machine-learning-matrices-split/glove.csv.32.23.A.vc.C 
Command: /home/louza/mm-repair/ans/encode.x /mnt/data/datasets/machine-learning-matrices-split/glove.csv.32.23.B.vc
Ans-fold time: 51.8458
==== Integer vector .C compression
Command: /home/louza/mm-repair/sdsl/encode.x /mnt/data/datasets/machine-learning-matrices-split/glove.csv.32.24.A.vc.C 
==== Integer vector .R compression
Command: /home/louza/mm-repair/sdsl/encode.x /mnt/data/datasets/machine-learning-matrices-split/glove.csv.32.24.A.vc.R 
Integer vector compression time: 0.0168
==== Ans-fold compression
Command: /home/louza/mm-repair/ans/encode.x /mnt/data/datasets/machine-learning-matrices-split/glove.csv.32.24.A.vc.C 
Command: /home/louza/mm-repair/ans/encode.x /mnt/data/datasets/machine-learning-matrices-split/glove.csv.32.24.B.vc
Ans-fold time: 53.8939
==== Integer vector .C compression
Command: /home/louza/mm-repair/sdsl/encode.x /mnt/data/datasets/machine-learning-matrices-split/glove.csv.32.25.A.vc.C 
==== Integer vector .R compression
Command: /home/louza/mm-repair/sdsl/encode.x /mnt/data/datasets/machine-learning-matrices-split/glove.csv.32.25.A.vc.R 
Integer vector compression time: 0.0258
==== Ans-fold compression
Command: /home/louza/mm-repair/ans/encode.x /mnt/data/datasets/machine-learning-matrices-split/glove.csv.32.25.A.vc.C 
Command: /home/louza/mm-repair/ans/encode.x /mnt/data/datasets/machine-learning-matrices-split/glove.csv.32.25.B.vc
Ans-fold time: 55.9397
==== Integer vector .C compression
Command: /home/louza/mm-repair/sdsl/encode.x /mnt/data/datasets/machine-learning-matrices-split/glove.csv.32.26.A.vc.C 
==== Integer vector .R compression
Command: /home/louza/mm-repair/sdsl/encode.x /mnt/data/datasets/machine-learning-matrices-split/glove.csv.32.26.A.vc.R 
Integer vector compression time: 0.0258
==== Ans-fold compression
Command: /home/louza/mm-repair/ans/encode.x /mnt/data/datasets/machine-learning-matrices-split/glove.csv.32.26.A.vc.C 
Command: /home/louza/mm-repair/ans/encode.x /mnt/data/datasets/machine-learning-matrices-split/glove.csv.32.26.B.vc
Ans-fold time: 58.0264
==== Integer vector .C compression
Command: /home/louza/mm-repair/sdsl/encode.x /mnt/data/datasets/machine-learning-matrices-split/glove.csv.32.27.A.vc.C 
==== Integer vector .R compression
Command: /home/louza/mm-repair/sdsl/encode.x /mnt/data/datasets/machine-learning-matrices-split/glove.csv.32.27.A.vc.R 
Integer vector compression time: 0.0167
==== Ans-fold compression
Command: /home/louza/mm-repair/ans/encode.x /mnt/data/datasets/machine-learning-matrices-split/glove.csv.32.27.A.vc.C 
Command: /home/louza/mm-repair/ans/encode.x /mnt/data/datasets/machine-learning-matrices-split/glove.csv.32.27.B.vc
Ans-fold time: 60.1283
==== Integer vector .C compression
Command: /home/louza/mm-repair/sdsl/encode.x /mnt/data/datasets/machine-learning-matrices-split/glove.csv.32.28.A.vc.C 
==== Integer vector .R compression
Command: /home/louza/mm-repair/sdsl/encode.x /mnt/data/datasets/machine-learning-matrices-split/glove.csv.32.28.A.vc.R 
Integer vector compression time: 0.0249
==== Ans-fold compression
Command: /home/louza/mm-repair/ans/encode.x /mnt/data/datasets/machine-learning-matrices-split/glove.csv.32.28.A.vc.C 
Command: /home/louza/mm-repair/ans/encode.x /mnt/data/datasets/machine-learning-matrices-split/glove.csv.32.28.B.vc
Ans-fold time: 62.2544
==== Integer vector .C compression
Command: /home/louza/mm-repair/sdsl/encode.x /mnt/data/datasets/machine-learning-matrices-split/glove.csv.32.29.A.vc.C 
==== Integer vector .R compression
Command: /home/louza/mm-repair/sdsl/encode.x /mnt/data/datasets/machine-learning-matrices-split/glove.csv.32.29.A.vc.R 
Integer vector compression time: 0.0163
==== Ans-fold compression
Command: /home/louza/mm-repair/ans/encode.x /mnt/data/datasets/machine-learning-matrices-split/glove.csv.32.29.A.vc.C 
Command: /home/louza/mm-repair/ans/encode.x /mnt/data/datasets/machine-learning-matrices-split/glove.csv.32.29.B.vc
Ans-fold time: 64.3977
==== Integer vector .C compression
Command: /home/louza/mm-repair/sdsl/encode.x /mnt/data/datasets/machine-learning-matrices-split/glove.csv.32.30.A.vc.C 
==== Integer vector .R compression
Command: /home/louza/mm-repair/sdsl/encode.x /mnt/data/datasets/machine-learning-matrices-split/glove.csv.32.30.A.vc.R 
Integer vector compression time: 0.0179
==== Ans-fold compression
Command: /home/louza/mm-repair/ans/encode.x /mnt/data/datasets/machine-learning-matrices-split/glove.csv.32.30.A.vc.C 
Command: /home/louza/mm-repair/ans/encode.x /mnt/data/datasets/machine-learning-matrices-split/glove.csv.32.30.B.vc
Ans-fold time: 66.5761
==== Integer vector .C compression
Command: /home/louza/mm-repair/sdsl/encode.x /mnt/data/datasets/machine-learning-matrices-split/glove.csv.32.31.A.vc.C 
==== Integer vector .R compression
Command: /home/louza/mm-repair/sdsl/encode.x /mnt/data/datasets/machine-learning-matrices-split/glove.csv.32.31.A.vc.R 
Integer vector compression time: 0.0169
==== Ans-fold compression
Command: /home/louza/mm-repair/ans/encode.x /mnt/data/datasets/machine-learning-matrices-split/glove.csv.32.31.A.vc.C 
Command: /home/louza/mm-repair/ans/encode.x /mnt/data/datasets/machine-learning-matrices-split/glove.csv.32.31.B.vc
Ans-fold time: 68.6958
Elapsed time: 636.5570
==== Compression Report:
 >> matrix name: /mnt/data/datasets/machine-learning-matrices-split/glove.csv
 >> conversion time: 567.00
 >> repair time: 0.19
 >> integer vectors time: 0.02
 >> ansf time: 68.70
 >> total time: 636.56
 >> matrix log(alpha)xNumEntries size: 300000000 bytes
 >> matrix dense size: 960000000 bytes
 >> total number of nonzero: 0 (0.00%)
 >> number of distinct nonzero: 717119
 >> CRSV  size: 7336952 bytes  (0.76%)
 >> B	  size: 481600000 bytes  (50.17%)
 >> B_ans size: 401760763 bytes  (41.85%)
 >> RE32  size: 409097843 bytes  (42.61%)
 >> REIV  size: 407548723 bytes  (42.45%)
 >> REANS size: 407499731 bytes  (42.45%)
==== Done

#### 2026-09-07 11:51:06
 Command line: ./mm-repair/matrepair -r -b 32 -p 32 /mnt/data/datasets/machine-learning-matrices-split/glove.csv 400000 300 --ole --mapping 
Setting memory for each repair instance to 14501 MBs
Sending logging messages to file: /mnt/data/datasets/machine-learning-matrices-split/glove.csv.log
==== Conversion bin/csv->csrv
Command: /home/louza/mm-repair/csvmat2csrv -b 32   /mnt/data/datasets/machine-learning-matrices-split/glove.csv -r 0 -m  400000 300
Conversion time: 761.3386
==== Repair paralell compression
---- Executing 32 parallel processes
---- Parallel processing completed
Repair time: 15.5186
==== Integer vector .C compression
Command: /home/louza/mm-repair/sdsl/encode.x /mnt/data/datasets/machine-learning-matrices-split/glove.csv.32.0.vc.C 
==== Integer vector .R compression
Command: /home/louza/mm-repair/sdsl/encode.x /mnt/data/datasets/machine-learning-matrices-split/glove.csv.32.0.vc.R 
Integer vector compression time: 1.7302
==== OLE
Command: /home/louza/mm-repair/ole/encode.x /mnt/data/datasets/machine-learning-matrices-split/glove.csv.32.0.vc.C 
OLE time: 1.7721
==== Ans-fold compression
Command: /home/louza/mm-repair/ans/encode.x /mnt/data/datasets/machine-learning-matrices-split/glove.csv.32.0.vc.C 
Ans-fold time: 1.3131
==== Integer vector .C compression
Command: /home/louza/mm-repair/sdsl/encode.x /mnt/data/datasets/machine-learning-matrices-split/glove.csv.32.1.vc.C 
==== Integer vector .R compression
Command: /home/louza/mm-repair/sdsl/encode.x /mnt/data/datasets/machine-learning-matrices-split/glove.csv.32.1.vc.R 
Integer vector compression time: 1.6897
==== OLE
Command: /home/louza/mm-repair/ole/encode.x /mnt/data/datasets/machine-learning-matrices-split/glove.csv.32.1.vc.C 
OLE time: 9.5243
==== Ans-fold compression
Command: /home/louza/mm-repair/ans/encode.x /mnt/data/datasets/machine-learning-matrices-split/glove.csv.32.1.vc.C 
Ans-fold time: 6.9367
==== Integer vector .C compression
Command: /home/louza/mm-repair/sdsl/encode.x /mnt/data/datasets/machine-learning-matrices-split/glove.csv.32.2.vc.C 
==== Integer vector .R compression
Command: /home/louza/mm-repair/sdsl/encode.x /mnt/data/datasets/machine-learning-matrices-split/glove.csv.32.2.vc.R 
Integer vector compression time: 3.8992
==== OLE
Command: /home/louza/mm-repair/ole/encode.x /mnt/data/datasets/machine-learning-matrices-split/glove.csv.32.2.vc.C 
OLE time: 3.4720
==== Ans-fold compression
Command: /home/louza/mm-repair/ans/encode.x /mnt/data/datasets/machine-learning-matrices-split/glove.csv.32.2.vc.C 
Ans-fold time: 9.7972
==== Integer vector .C compression
Command: /home/louza/mm-repair/sdsl/encode.x /mnt/data/datasets/machine-learning-matrices-split/glove.csv.32.3.vc.C 
==== Integer vector .R compression
Command: /home/louza/mm-repair/sdsl/encode.x /mnt/data/datasets/machine-learning-matrices-split/glove.csv.32.3.vc.R 
Integer vector compression time: 2.4809
==== OLE
Command: /home/louza/mm-repair/ole/encode.x /mnt/data/datasets/machine-learning-matrices-split/glove.csv.32.3.vc.C 
OLE time: 2.6905
==== Ans-fold compression
Command: /home/louza/mm-repair/ans/encode.x /mnt/data/datasets/machine-learning-matrices-split/glove.csv.32.3.vc.C 
Ans-fold time: 12.0349
==== Integer vector .C compression
Command: /home/louza/mm-repair/sdsl/encode.x /mnt/data/datasets/machine-learning-matrices-split/glove.csv.32.4.vc.C 
==== Integer vector .R compression
Command: /home/louza/mm-repair/sdsl/encode.x /mnt/data/datasets/machine-learning-matrices-split/glove.csv.32.4.vc.R 
Integer vector compression time: 1.8742
==== OLE
Command: /home/louza/mm-repair/ole/encode.x /mnt/data/datasets/machine-learning-matrices-split/glove.csv.32.4.vc.C 
OLE time: 2.3790
==== Ans-fold compression
Command: /home/louza/mm-repair/ans/encode.x /mnt/data/datasets/machine-learning-matrices-split/glove.csv.32.4.vc.C 
Ans-fold time: 15.2763
==== Integer vector .C compression
Command: /home/louza/mm-repair/sdsl/encode.x /mnt/data/datasets/machine-learning-matrices-split/glove.csv.32.5.vc.C 
==== Integer vector .R compression
Command: /home/louza/mm-repair/sdsl/encode.x /mnt/data/datasets/machine-learning-matrices-split/glove.csv.32.5.vc.R 
Integer vector compression time: 2.6482
==== OLE
Command: /home/louza/mm-repair/ole/encode.x /mnt/data/datasets/machine-learning-matrices-split/glove.csv.32.5.vc.C 
OLE time: 2.1731
==== Ans-fold compression
Command: /home/louza/mm-repair/ans/encode.x /mnt/data/datasets/machine-learning-matrices-split/glove.csv.32.5.vc.C 
Ans-fold time: 17.4449
==== Integer vector .C compression
Command: /home/louza/mm-repair/sdsl/encode.x /mnt/data/datasets/machine-learning-matrices-split/glove.csv.32.6.vc.C 
==== Integer vector .R compression
Command: /home/louza/mm-repair/sdsl/encode.x /mnt/data/datasets/machine-learning-matrices-split/glove.csv.32.6.vc.R 
Integer vector compression time: 1.1773
==== OLE
Command: /home/louza/mm-repair/ole/encode.x /mnt/data/datasets/machine-learning-matrices-split/glove.csv.32.6.vc.C 
OLE time: 0.9395
==== Ans-fold compression
Command: /home/louza/mm-repair/ans/encode.x /mnt/data/datasets/machine-learning-matrices-split/glove.csv.32.6.vc.C 
Ans-fold time: 18.8299
==== Integer vector .C compression
Command: /home/louza/mm-repair/sdsl/encode.x /mnt/data/datasets/machine-learning-matrices-split/glove.csv.32.7.vc.C 
==== Integer vector .R compression
Command: /home/louza/mm-repair/sdsl/encode.x /mnt/data/datasets/machine-learning-matrices-split/glove.csv.32.7.vc.R 
Integer vector compression time: 1.2258
==== OLE
Command: /home/louza/mm-repair/ole/encode.x /mnt/data/datasets/machine-learning-matrices-split/glove.csv.32.7.vc.C 
OLE time: 1.2296
==== Ans-fold compression
Command: /home/louza/mm-repair/ans/encode.x /mnt/data/datasets/machine-learning-matrices-split/glove.csv.32.7.vc.C 
Ans-fold time: 19.7589
==== Integer vector .C compression
Command: /home/louza/mm-repair/sdsl/encode.x /mnt/data/datasets/machine-learning-matrices-split/glove.csv.32.8.vc.C 
==== Integer vector .R compression
Command: /home/louza/mm-repair/sdsl/encode.x /mnt/data/datasets/machine-learning-matrices-split/glove.csv.32.8.vc.R 
Integer vector compression time: 1.4139
==== OLE
Command: /home/louza/mm-repair/ole/encode.x /mnt/data/datasets/machine-learning-matrices-split/glove.csv.32.8.vc.C 
OLE time: 0.9536
==== Ans-fold compression
Command: /home/louza/mm-repair/ans/encode.x /mnt/data/datasets/machine-learning-matrices-split/glove.csv.32.8.vc.C 
Ans-fold time: 20.9716
==== Integer vector .C compression
Command: /home/louza/mm-repair/sdsl/encode.x /mnt/data/datasets/machine-learning-matrices-split/glove.csv.32.9.vc.C 
==== Integer vector .R compression
Command: /home/louza/mm-repair/sdsl/encode.x /mnt/data/datasets/machine-learning-matrices-split/glove.csv.32.9.vc.R 
Integer vector compression time: 1.1118
==== OLE
Command: /home/louza/mm-repair/ole/encode.x /mnt/data/datasets/machine-learning-matrices-split/glove.csv.32.9.vc.C 
OLE time: 1.0768
==== Ans-fold compression
Command: /home/louza/mm-repair/ans/encode.x /mnt/data/datasets/machine-learning-matrices-split/glove.csv.32.9.vc.C 
Ans-fold time: 22.0883
==== Integer vector .C compression
Command: /home/louza/mm-repair/sdsl/encode.x /mnt/data/datasets/machine-learning-matrices-split/glove.csv.32.10.vc.C 
==== Integer vector .R compression
Command: /home/louza/mm-repair/sdsl/encode.x /mnt/data/datasets/machine-learning-matrices-split/glove.csv.32.10.vc.R 
Integer vector compression time: 0.9256
==== OLE
Command: /home/louza/mm-repair/ole/encode.x /mnt/data/datasets/machine-learning-matrices-split/glove.csv.32.10.vc.C 
OLE time: 0.9561
==== Ans-fold compression
Command: /home/louza/mm-repair/ans/encode.x /mnt/data/datasets/machine-learning-matrices-split/glove.csv.32.10.vc.C 
Ans-fold time: 23.3728
==== Integer vector .C compression
Command: /home/louza/mm-repair/sdsl/encode.x /mnt/data/datasets/machine-learning-matrices-split/glove.csv.32.11.vc.C 
==== Integer vector .R compression
Command: /home/louza/mm-repair/sdsl/encode.x /mnt/data/datasets/machine-learning-matrices-split/glove.csv.32.11.vc.R 
Integer vector compression time: 1.2027
==== OLE
Command: /home/louza/mm-repair/ole/encode.x /mnt/data/datasets/machine-learning-matrices-split/glove.csv.32.11.vc.C 
OLE time: 2.3762
==== Ans-fold compression
Command: /home/louza/mm-repair/ans/encode.x /mnt/data/datasets/machine-learning-matrices-split/glove.csv.32.11.vc.C 
Ans-fold time: 24.5662
==== Integer vector .C compression
Command: /home/louza/mm-repair/sdsl/encode.x /mnt/data/datasets/machine-learning-matrices-split/glove.csv.32.12.vc.C 
==== Integer vector .R compression
Command: /home/louza/mm-repair/sdsl/encode.x /mnt/data/datasets/machine-learning-matrices-split/glove.csv.32.12.vc.R 
Integer vector compression time: 1.7476
==== OLE
Command: /home/louza/mm-repair/ole/encode.x /mnt/data/datasets/machine-learning-matrices-split/glove.csv.32.12.vc.C 
OLE time: 1.3827
==== Ans-fold compression
Command: /home/louza/mm-repair/ans/encode.x /mnt/data/datasets/machine-learning-matrices-split/glove.csv.32.12.vc.C 
Ans-fold time: 25.4987
==== Integer vector .C compression
Command: /home/louza/mm-repair/sdsl/encode.x /mnt/data/datasets/machine-learning-matrices-split/glove.csv.32.13.vc.C 
==== Integer vector .R compression
Command: /home/louza/mm-repair/sdsl/encode.x /mnt/data/datasets/machine-learning-matrices-split/glove.csv.32.13.vc.R 
Integer vector compression time: 1.6113
==== OLE
Command: /home/louza/mm-repair/ole/encode.x /mnt/data/datasets/machine-learning-matrices-split/glove.csv.32.13.vc.C 
OLE time: 1.7535
==== Ans-fold compression
Command: /home/louza/mm-repair/ans/encode.x /mnt/data/datasets/machine-learning-matrices-split/glove.csv.32.13.vc.C 
Ans-fold time: 27.2906
==== Integer vector .C compression
Command: /home/louza/mm-repair/sdsl/encode.x /mnt/data/datasets/machine-learning-matrices-split/glove.csv.32.14.vc.C 
==== Integer vector .R compression
Command: /home/louza/mm-repair/sdsl/encode.x /mnt/data/datasets/machine-learning-matrices-split/glove.csv.32.14.vc.R 
Integer vector compression time: 1.6272
==== OLE
Command: /home/louza/mm-repair/ole/encode.x /mnt/data/datasets/machine-learning-matrices-split/glove.csv.32.14.vc.C 
OLE time: 1.7946
==== Ans-fold compression
Command: /home/louza/mm-repair/ans/encode.x /mnt/data/datasets/machine-learning-matrices-split/glove.csv.32.14.vc.C 
Ans-fold time: 28.4325
==== Integer vector .C compression
Command: /home/louza/mm-repair/sdsl/encode.x /mnt/data/datasets/machine-learning-matrices-split/glove.csv.32.15.vc.C 
==== Integer vector .R compression
Command: /home/louza/mm-repair/sdsl/encode.x /mnt/data/datasets/machine-learning-matrices-split/glove.csv.32.15.vc.R 
Integer vector compression time: 1.6685
==== OLE
Command: /home/louza/mm-repair/ole/encode.x /mnt/data/datasets/machine-learning-matrices-split/glove.csv.32.15.vc.C 
OLE time: 1.0408
==== Ans-fold compression
Command: /home/louza/mm-repair/ans/encode.x /mnt/data/datasets/machine-learning-matrices-split/glove.csv.32.15.vc.C 
Ans-fold time: 29.4792
==== Integer vector .C compression
Command: /home/louza/mm-repair/sdsl/encode.x /mnt/data/datasets/machine-learning-matrices-split/glove.csv.32.16.vc.C 
==== Integer vector .R compression
Command: /home/louza/mm-repair/sdsl/encode.x /mnt/data/datasets/machine-learning-matrices-split/glove.csv.32.16.vc.R 
Integer vector compression time: 1.5394
==== OLE
Command: /home/louza/mm-repair/ole/encode.x /mnt/data/datasets/machine-learning-matrices-split/glove.csv.32.16.vc.C 
OLE time: 1.8691
==== Ans-fold compression
Command: /home/louza/mm-repair/ans/encode.x /mnt/data/datasets/machine-learning-matrices-split/glove.csv.32.16.vc.C 
Ans-fold time: 31.3717
==== Integer vector .C compression
Command: /home/louza/mm-repair/sdsl/encode.x /mnt/data/datasets/machine-learning-matrices-split/glove.csv.32.17.vc.C 
==== Integer vector .R compression
Command: /home/louza/mm-repair/sdsl/encode.x /mnt/data/datasets/machine-learning-matrices-split/glove.csv.32.17.vc.R 
Integer vector compression time: 1.1871
==== OLE
Command: /home/louza/mm-repair/ole/encode.x /mnt/data/datasets/machine-learning-matrices-split/glove.csv.32.17.vc.C 
OLE time: 1.4464
==== Ans-fold compression
Command: /home/louza/mm-repair/ans/encode.x /mnt/data/datasets/machine-learning-matrices-split/glove.csv.32.17.vc.C 
Ans-fold time: 33.1610
==== Integer vector .C compression
Command: /home/louza/mm-repair/sdsl/encode.x /mnt/data/datasets/machine-learning-matrices-split/glove.csv.32.18.vc.C 
==== Integer vector .R compression
Command: /home/louza/mm-repair/sdsl/encode.x /mnt/data/datasets/machine-learning-matrices-split/glove.csv.32.18.vc.R 
Integer vector compression time: 1.5649
==== OLE
Command: /home/louza/mm-repair/ole/encode.x /mnt/data/datasets/machine-learning-matrices-split/glove.csv.32.18.vc.C 
OLE time: 1.7277
==== Ans-fold compression
Command: /home/louza/mm-repair/ans/encode.x /mnt/data/datasets/machine-learning-matrices-split/glove.csv.32.18.vc.C 
Ans-fold time: 34.0928
==== Integer vector .C compression
Command: /home/louza/mm-repair/sdsl/encode.x /mnt/data/datasets/machine-learning-matrices-split/glove.csv.32.19.vc.C 
==== Integer vector .R compression
Command: /home/louza/mm-repair/sdsl/encode.x /mnt/data/datasets/machine-learning-matrices-split/glove.csv.32.19.vc.R 
Integer vector compression time: 1.8837
==== OLE
Command: /home/louza/mm-repair/ole/encode.x /mnt/data/datasets/machine-learning-matrices-split/glove.csv.32.19.vc.C 
OLE time: 1.5075
==== Ans-fold compression
Command: /home/louza/mm-repair/ans/encode.x /mnt/data/datasets/machine-learning-matrices-split/glove.csv.32.19.vc.C 
Ans-fold time: 35.2564
==== Integer vector .C compression
Command: /home/louza/mm-repair/sdsl/encode.x /mnt/data/datasets/machine-learning-matrices-split/glove.csv.32.20.vc.C 
==== Integer vector .R compression
Command: /home/louza/mm-repair/sdsl/encode.x /mnt/data/datasets/machine-learning-matrices-split/glove.csv.32.20.vc.R 
Integer vector compression time: 0.8348
==== OLE
Command: /home/louza/mm-repair/ole/encode.x /mnt/data/datasets/machine-learning-matrices-split/glove.csv.32.20.vc.C 
OLE time: 1.2835
==== Ans-fold compression
Command: /home/louza/mm-repair/ans/encode.x /mnt/data/datasets/machine-learning-matrices-split/glove.csv.32.20.vc.C 
Ans-fold time: 36.5026
==== Integer vector .C compression
Command: /home/louza/mm-repair/sdsl/encode.x /mnt/data/datasets/machine-learning-matrices-split/glove.csv.32.21.vc.C 
==== Integer vector .R compression
Command: /home/louza/mm-repair/sdsl/encode.x /mnt/data/datasets/machine-learning-matrices-split/glove.csv.32.21.vc.R 
Integer vector compression time: 1.5047
==== OLE
Command: /home/louza/mm-repair/ole/encode.x /mnt/data/datasets/machine-learning-matrices-split/glove.csv.32.21.vc.C 
OLE time: 1.4986
==== Ans-fold compression
Command: /home/louza/mm-repair/ans/encode.x /mnt/data/datasets/machine-learning-matrices-split/glove.csv.32.21.vc.C 
Ans-fold time: 37.0514
==== Integer vector .C compression
Command: /home/louza/mm-repair/sdsl/encode.x /mnt/data/datasets/machine-learning-matrices-split/glove.csv.32.22.vc.C 
==== Integer vector .R compression
Command: /home/louza/mm-repair/sdsl/encode.x /mnt/data/datasets/machine-learning-matrices-split/glove.csv.32.22.vc.R 
Integer vector compression time: 0.4793
==== OLE
Command: /home/louza/mm-repair/ole/encode.x /mnt/data/datasets/machine-learning-matrices-split/glove.csv.32.22.vc.C 
OLE time: 0.6428
==== Ans-fold compression
Command: /home/louza/mm-repair/ans/encode.x /mnt/data/datasets/machine-learning-matrices-split/glove.csv.32.22.vc.C 
Ans-fold time: 38.1556
==== Integer vector .C compression
Command: /home/louza/mm-repair/sdsl/encode.x /mnt/data/datasets/machine-learning-matrices-split/glove.csv.32.23.vc.C 
==== Integer vector .R compression
Command: /home/louza/mm-repair/sdsl/encode.x /mnt/data/datasets/machine-learning-matrices-split/glove.csv.32.23.vc.R 
Integer vector compression time: 1.3850
==== OLE
Command: /home/louza/mm-repair/ole/encode.x /mnt/data/datasets/machine-learning-matrices-split/glove.csv.32.23.vc.C 
OLE time: 1.3506
==== Ans-fold compression
Command: /home/louza/mm-repair/ans/encode.x /mnt/data/datasets/machine-learning-matrices-split/glove.csv.32.23.vc.C 
Ans-fold time: 39.6323
==== Integer vector .C compression
Command: /home/louza/mm-repair/sdsl/encode.x /mnt/data/datasets/machine-learning-matrices-split/glove.csv.32.24.vc.C 
==== Integer vector .R compression
Command: /home/louza/mm-repair/sdsl/encode.x /mnt/data/datasets/machine-learning-matrices-split/glove.csv.32.24.vc.R 
Integer vector compression time: 1.4996
==== OLE
Command: /home/louza/mm-repair/ole/encode.x /mnt/data/datasets/machine-learning-matrices-split/glove.csv.32.24.vc.C 
OLE time: 1.4811
==== Ans-fold compression
Command: /home/louza/mm-repair/ans/encode.x /mnt/data/datasets/machine-learning-matrices-split/glove.csv.32.24.vc.C 
Ans-fold time: 40.9444
==== Integer vector .C compression
Command: /home/louza/mm-repair/sdsl/encode.x /mnt/data/datasets/machine-learning-matrices-split/glove.csv.32.25.vc.C 
==== Integer vector .R compression
Command: /home/louza/mm-repair/sdsl/encode.x /mnt/data/datasets/machine-learning-matrices-split/glove.csv.32.25.vc.R 
Integer vector compression time: 1.4258
==== OLE
Command: /home/louza/mm-repair/ole/encode.x /mnt/data/datasets/machine-learning-matrices-split/glove.csv.32.25.vc.C 
OLE time: 1.0373
==== Ans-fold compression
Command: /home/louza/mm-repair/ans/encode.x /mnt/data/datasets/machine-learning-matrices-split/glove.csv.32.25.vc.C 
Ans-fold time: 42.1194
==== Integer vector .C compression
Command: /home/louza/mm-repair/sdsl/encode.x /mnt/data/datasets/machine-learning-matrices-split/glove.csv.32.26.vc.C 
==== Integer vector .R compression
Command: /home/louza/mm-repair/sdsl/encode.x /mnt/data/datasets/machine-learning-matrices-split/glove.csv.32.26.vc.R 
Integer vector compression time: 1.4143
==== OLE
Command: /home/louza/mm-repair/ole/encode.x /mnt/data/datasets/machine-learning-matrices-split/glove.csv.32.26.vc.C 
OLE time: 1.6141
==== Ans-fold compression
Command: /home/louza/mm-repair/ans/encode.x /mnt/data/datasets/machine-learning-matrices-split/glove.csv.32.26.vc.C 
Ans-fold time: 43.3985
==== Integer vector .C compression
Command: /home/louza/mm-repair/sdsl/encode.x /mnt/data/datasets/machine-learning-matrices-split/glove.csv.32.27.vc.C 
==== Integer vector .R compression
Command: /home/louza/mm-repair/sdsl/encode.x /mnt/data/datasets/machine-learning-matrices-split/glove.csv.32.27.vc.R 
Integer vector compression time: 1.4571
==== OLE
Command: /home/louza/mm-repair/ole/encode.x /mnt/data/datasets/machine-learning-matrices-split/glove.csv.32.27.vc.C 
OLE time: 1.5184
==== Ans-fold compression
Command: /home/louza/mm-repair/ans/encode.x /mnt/data/datasets/machine-learning-matrices-split/glove.csv.32.27.vc.C 
Ans-fold time: 44.7553
==== Integer vector .C compression
Command: /home/louza/mm-repair/sdsl/encode.x /mnt/data/datasets/machine-learning-matrices-split/glove.csv.32.28.vc.C 
==== Integer vector .R compression
Command: /home/louza/mm-repair/sdsl/encode.x /mnt/data/datasets/machine-learning-matrices-split/glove.csv.32.28.vc.R 
Integer vector compression time: 1.6274
==== OLE
Command: /home/louza/mm-repair/ole/encode.x /mnt/data/datasets/machine-learning-matrices-split/glove.csv.32.28.vc.C 
OLE time: 1.7087
==== Ans-fold compression
Command: /home/louza/mm-repair/ans/encode.x /mnt/data/datasets/machine-learning-matrices-split/glove.csv.32.28.vc.C 
Ans-fold time: 47.8072
==== Integer vector .C compression
Command: /home/louza/mm-repair/sdsl/encode.x /mnt/data/datasets/machine-learning-matrices-split/glove.csv.32.29.vc.C 
==== Integer vector .R compression
Command: /home/louza/mm-repair/sdsl/encode.x /mnt/data/datasets/machine-learning-matrices-split/glove.csv.32.29.vc.R 
Integer vector compression time: 2.8738
==== OLE
Command: /home/louza/mm-repair/ole/encode.x /mnt/data/datasets/machine-learning-matrices-split/glove.csv.32.29.vc.C 
OLE time: 3.1222
==== Ans-fold compression
Command: /home/louza/mm-repair/ans/encode.x /mnt/data/datasets/machine-learning-matrices-split/glove.csv.32.29.vc.C 
Ans-fold time: 49.0955
==== Integer vector .C compression
Command: /home/louza/mm-repair/sdsl/encode.x /mnt/data/datasets/machine-learning-matrices-split/glove.csv.32.30.vc.C 
==== Integer vector .R compression
Command: /home/louza/mm-repair/sdsl/encode.x /mnt/data/datasets/machine-learning-matrices-split/glove.csv.32.30.vc.R 
Integer vector compression time: 2.6953
==== OLE
Command: /home/louza/mm-repair/ole/encode.x /mnt/data/datasets/machine-learning-matrices-split/glove.csv.32.30.vc.C 
OLE time: 2.7039
==== Ans-fold compression
Command: /home/louza/mm-repair/ans/encode.x /mnt/data/datasets/machine-learning-matrices-split/glove.csv.32.30.vc.C 
Ans-fold time: 51.8183
==== Integer vector .C compression
Command: /home/louza/mm-repair/sdsl/encode.x /mnt/data/datasets/machine-learning-matrices-split/glove.csv.32.31.vc.C 
==== Integer vector .R compression
Command: /home/louza/mm-repair/sdsl/encode.x /mnt/data/datasets/machine-learning-matrices-split/glove.csv.32.31.vc.R 
Integer vector compression time: 2.8099
==== OLE
Command: /home/louza/mm-repair/ole/encode.x /mnt/data/datasets/machine-learning-matrices-split/glove.csv.32.31.vc.C 
OLE time: 3.5816
==== Ans-fold compression
Command: /home/louza/mm-repair/ans/encode.x /mnt/data/datasets/machine-learning-matrices-split/glove.csv.32.31.vc.C 
Ans-fold time: 53.6492
Command: /home/louza/mm-repair/ans/encode.x /mnt/data/datasets/machine-learning-matrices-split/glove.csv.wcode 
Elapsed time: 951.7211
==== Compression Report:
 >> matrix name: /mnt/data/datasets/machine-learning-matrices-split/glove.csv
 >> conversion time: 761.34
 >> repair time: 15.52
 >> integer vectors time: 2.81
 >> ansf time: 53.65
 >> total time: 951.72
 >> wcode: 226590916 bytes
 >> wcode_ans: 16430594 bytes
 >> matrix log(alpha)xNumEntries size: 300000000 bytes
 >> matrix dense size: 960000000 bytes
 >> total number of nonzero: 120000000 (100.00%)
 >> number of distinct nonzero: 717119
 >> CRSV  size: 487336952 bytes  (50.76%)
 >> RE32  size: 713927996 bytes  (74.37%)
 >> REIV  size: 623628796 bytes  (64.96%)
 >> REANS size: 306621464 bytes  (31.94%)
==== Done

#### 2026-09-07 12:06:58
 Command line: ./mm-repair/matrepair -r -b 32 -p 32 /mnt/data/datasets/machine-learning-matrices-split/glove.csv 400000 300 --ole --split 
Setting memory for each repair instance to 14501 MBs
Sending logging messages to file: /mnt/data/datasets/machine-learning-matrices-split/glove.csv.log
==== Conversion bin/csv->csrv
Command: /home/louza/mm-repair/csvmat2csrv -b 32   /mnt/data/datasets/machine-learning-matrices-split/glove.csv -r 0  -s 400000 300
Conversion time: 480.0171
==== Repair paralell compression
---- Executing 32 parallel processes
---- Parallel processing completed
Repair time: 0.1138
==== Integer vector .C compression
Command: /home/louza/mm-repair/sdsl/encode.x /mnt/data/datasets/machine-learning-matrices-split/glove.csv.32.0.A.vc.C 
==== Integer vector .R compression
Command: /home/louza/mm-repair/sdsl/encode.x /mnt/data/datasets/machine-learning-matrices-split/glove.csv.32.0.A.vc.R 
Integer vector compression time: 0.0931
==== OLE
Command: /home/louza/mm-repair/ole/encode.x /mnt/data/datasets/machine-learning-matrices-split/glove.csv.32.0.A.vc.C 
Command: /home/louza/mm-repair/ole/encode.x /mnt/data/datasets/machine-learning-matrices-split/glove.csv.32.0.B.vc 
OLE time: 1.3415
==== Ans-fold compression
Command: /home/louza/mm-repair/ans/encode.x /mnt/data/datasets/machine-learning-matrices-split/glove.csv.32.0.A.vc.C 
Command: /home/louza/mm-repair/ans/encode.x /mnt/data/datasets/machine-learning-matrices-split/glove.csv.32.0.B.vc
Ans-fold time: 1.1371
==== Integer vector .C compression
Command: /home/louza/mm-repair/sdsl/encode.x /mnt/data/datasets/machine-learning-matrices-split/glove.csv.32.1.A.vc.C 
==== Integer vector .R compression
Command: /home/louza/mm-repair/sdsl/encode.x /mnt/data/datasets/machine-learning-matrices-split/glove.csv.32.1.A.vc.R 
Integer vector compression time: 0.0864
==== OLE
Command: /home/louza/mm-repair/ole/encode.x /mnt/data/datasets/machine-learning-matrices-split/glove.csv.32.1.A.vc.C 
Command: /home/louza/mm-repair/ole/encode.x /mnt/data/datasets/machine-learning-matrices-split/glove.csv.32.1.B.vc 
OLE time: 0.3947
==== Ans-fold compression
Command: /home/louza/mm-repair/ans/encode.x /mnt/data/datasets/machine-learning-matrices-split/glove.csv.32.1.A.vc.C 
Command: /home/louza/mm-repair/ans/encode.x /mnt/data/datasets/machine-learning-matrices-split/glove.csv.32.1.B.vc
Ans-fold time: 2.2419
==== Integer vector .C compression
Command: /home/louza/mm-repair/sdsl/encode.x /mnt/data/datasets/machine-learning-matrices-split/glove.csv.32.2.A.vc.C 
==== Integer vector .R compression
Command: /home/louza/mm-repair/sdsl/encode.x /mnt/data/datasets/machine-learning-matrices-split/glove.csv.32.2.A.vc.R 
Integer vector compression time: 0.0924
==== OLE
Command: /home/louza/mm-repair/ole/encode.x /mnt/data/datasets/machine-learning-matrices-split/glove.csv.32.2.A.vc.C 
Command: /home/louza/mm-repair/ole/encode.x /mnt/data/datasets/machine-learning-matrices-split/glove.csv.32.2.B.vc 
OLE time: 0.5084
==== Ans-fold compression
Command: /home/louza/mm-repair/ans/encode.x /mnt/data/datasets/machine-learning-matrices-split/glove.csv.32.2.A.vc.C 
Command: /home/louza/mm-repair/ans/encode.x /mnt/data/datasets/machine-learning-matrices-split/glove.csv.32.2.B.vc
Ans-fold time: 3.4124
==== Integer vector .C compression
Command: /home/louza/mm-repair/sdsl/encode.x /mnt/data/datasets/machine-learning-matrices-split/glove.csv.32.3.A.vc.C 
==== Integer vector .R compression
Command: /home/louza/mm-repair/sdsl/encode.x /mnt/data/datasets/machine-learning-matrices-split/glove.csv.32.3.A.vc.R 
Integer vector compression time: 0.1560
==== OLE
Command: /home/louza/mm-repair/ole/encode.x /mnt/data/datasets/machine-learning-matrices-split/glove.csv.32.3.A.vc.C 
Command: /home/louza/mm-repair/ole/encode.x /mnt/data/datasets/machine-learning-matrices-split/glove.csv.32.3.B.vc 
OLE time: 1.3428
==== Ans-fold compression
Command: /home/louza/mm-repair/ans/encode.x /mnt/data/datasets/machine-learning-matrices-split/glove.csv.32.3.A.vc.C 
Command: /home/louza/mm-repair/ans/encode.x /mnt/data/datasets/machine-learning-matrices-split/glove.csv.32.3.B.vc
Ans-fold time: 4.5419
==== Integer vector .C compression
Command: /home/louza/mm-repair/sdsl/encode.x /mnt/data/datasets/machine-learning-matrices-split/glove.csv.32.4.A.vc.C 
==== Integer vector .R compression
Command: /home/louza/mm-repair/sdsl/encode.x /mnt/data/datasets/machine-learning-matrices-split/glove.csv.32.4.A.vc.R 
Integer vector compression time: 0.1089
==== OLE
Command: /home/louza/mm-repair/ole/encode.x /mnt/data/datasets/machine-learning-matrices-split/glove.csv.32.4.A.vc.C 
Command: /home/louza/mm-repair/ole/encode.x /mnt/data/datasets/machine-learning-matrices-split/glove.csv.32.4.B.vc 
OLE time: 0.4325
==== Ans-fold compression
Command: /home/louza/mm-repair/ans/encode.x /mnt/data/datasets/machine-learning-matrices-split/glove.csv.32.4.A.vc.C 
Command: /home/louza/mm-repair/ans/encode.x /mnt/data/datasets/machine-learning-matrices-split/glove.csv.32.4.B.vc
Ans-fold time: 5.8243
==== Integer vector .C compression
Command: /home/louza/mm-repair/sdsl/encode.x /mnt/data/datasets/machine-learning-matrices-split/glove.csv.32.5.A.vc.C 
==== Integer vector .R compression
Command: /home/louza/mm-repair/sdsl/encode.x /mnt/data/datasets/machine-learning-matrices-split/glove.csv.32.5.A.vc.R 
Integer vector compression time: 0.1036
==== OLE
Command: /home/louza/mm-repair/ole/encode.x /mnt/data/datasets/machine-learning-matrices-split/glove.csv.32.5.A.vc.C 
Command: /home/louza/mm-repair/ole/encode.x /mnt/data/datasets/machine-learning-matrices-split/glove.csv.32.5.B.vc 
OLE time: 0.5713
==== Ans-fold compression
Command: /home/louza/mm-repair/ans/encode.x /mnt/data/datasets/machine-learning-matrices-split/glove.csv.32.5.A.vc.C 
Command: /home/louza/mm-repair/ans/encode.x /mnt/data/datasets/machine-learning-matrices-split/glove.csv.32.5.B.vc
Ans-fold time: 7.3465
==== Integer vector .C compression
Command: /home/louza/mm-repair/sdsl/encode.x /mnt/data/datasets/machine-learning-matrices-split/glove.csv.32.6.A.vc.C 
==== Integer vector .R compression
Command: /home/louza/mm-repair/sdsl/encode.x /mnt/data/datasets/machine-learning-matrices-split/glove.csv.32.6.A.vc.R 
Integer vector compression time: 0.1120
==== OLE
Command: /home/louza/mm-repair/ole/encode.x /mnt/data/datasets/machine-learning-matrices-split/glove.csv.32.6.A.vc.C 
Command: /home/louza/mm-repair/ole/encode.x /mnt/data/datasets/machine-learning-matrices-split/glove.csv.32.6.B.vc 
OLE time: 0.7030
==== Ans-fold compression
Command: /home/louza/mm-repair/ans/encode.x /mnt/data/datasets/machine-learning-matrices-split/glove.csv.32.6.A.vc.C 
Command: /home/louza/mm-repair/ans/encode.x /mnt/data/datasets/machine-learning-matrices-split/glove.csv.32.6.B.vc
Ans-fold time: 8.8311
==== Integer vector .C compression
Command: /home/louza/mm-repair/sdsl/encode.x /mnt/data/datasets/machine-learning-matrices-split/glove.csv.32.7.A.vc.C 
==== Integer vector .R compression
Command: /home/louza/mm-repair/sdsl/encode.x /mnt/data/datasets/machine-learning-matrices-split/glove.csv.32.7.A.vc.R 
Integer vector compression time: 0.0733
==== OLE
Command: /home/louza/mm-repair/ole/encode.x /mnt/data/datasets/machine-learning-matrices-split/glove.csv.32.7.A.vc.C 
Command: /home/louza/mm-repair/ole/encode.x /mnt/data/datasets/machine-learning-matrices-split/glove.csv.32.7.B.vc 
OLE time: 1.3711
==== Ans-fold compression
Command: /home/louza/mm-repair/ans/encode.x /mnt/data/datasets/machine-learning-matrices-split/glove.csv.32.7.A.vc.C 
Command: /home/louza/mm-repair/ans/encode.x /mnt/data/datasets/machine-learning-matrices-split/glove.csv.32.7.B.vc
Ans-fold time: 9.7690
==== Integer vector .C compression
Command: /home/louza/mm-repair/sdsl/encode.x /mnt/data/datasets/machine-learning-matrices-split/glove.csv.32.8.A.vc.C 
==== Integer vector .R compression
Command: /home/louza/mm-repair/sdsl/encode.x /mnt/data/datasets/machine-learning-matrices-split/glove.csv.32.8.A.vc.R 
Integer vector compression time: 0.0823
==== OLE
Command: /home/louza/mm-repair/ole/encode.x /mnt/data/datasets/machine-learning-matrices-split/glove.csv.32.8.A.vc.C 
Command: /home/louza/mm-repair/ole/encode.x /mnt/data/datasets/machine-learning-matrices-split/glove.csv.32.8.B.vc 
OLE time: 0.3752
==== Ans-fold compression
Command: /home/louza/mm-repair/ans/encode.x /mnt/data/datasets/machine-learning-matrices-split/glove.csv.32.8.A.vc.C 
Command: /home/louza/mm-repair/ans/encode.x /mnt/data/datasets/machine-learning-matrices-split/glove.csv.32.8.B.vc
Ans-fold time: 10.7337
==== Integer vector .C compression
Command: /home/louza/mm-repair/sdsl/encode.x /mnt/data/datasets/machine-learning-matrices-split/glove.csv.32.9.A.vc.C 
==== Integer vector .R compression
Command: /home/louza/mm-repair/sdsl/encode.x /mnt/data/datasets/machine-learning-matrices-split/glove.csv.32.9.A.vc.R 
Integer vector compression time: 0.0898
==== OLE
Command: /home/louza/mm-repair/ole/encode.x /mnt/data/datasets/machine-learning-matrices-split/glove.csv.32.9.A.vc.C 
Command: /home/louza/mm-repair/ole/encode.x /mnt/data/datasets/machine-learning-matrices-split/glove.csv.32.9.B.vc 
OLE time: 0.4289
==== Ans-fold compression
Command: /home/louza/mm-repair/ans/encode.x /mnt/data/datasets/machine-learning-matrices-split/glove.csv.32.9.A.vc.C 
Command: /home/louza/mm-repair/ans/encode.x /mnt/data/datasets/machine-learning-matrices-split/glove.csv.32.9.B.vc
Ans-fold time: 11.6500
==== Integer vector .C compression
Command: /home/louza/mm-repair/sdsl/encode.x /mnt/data/datasets/machine-learning-matrices-split/glove.csv.32.10.A.vc.C 
==== Integer vector .R compression
Command: /home/louza/mm-repair/sdsl/encode.x /mnt/data/datasets/machine-learning-matrices-split/glove.csv.32.10.A.vc.R 
Integer vector compression time: 0.0948
==== OLE
Command: /home/louza/mm-repair/ole/encode.x /mnt/data/datasets/machine-learning-matrices-split/glove.csv.32.10.A.vc.C 
Command: /home/louza/mm-repair/ole/encode.x /mnt/data/datasets/machine-learning-matrices-split/glove.csv.32.10.B.vc 
OLE time: 0.5454
==== Ans-fold compression
Command: /home/louza/mm-repair/ans/encode.x /mnt/data/datasets/machine-learning-matrices-split/glove.csv.32.10.A.vc.C 
Command: /home/louza/mm-repair/ans/encode.x /mnt/data/datasets/machine-learning-matrices-split/glove.csv.32.10.B.vc
Ans-fold time: 12.6043
==== Integer vector .C compression
Command: /home/louza/mm-repair/sdsl/encode.x /mnt/data/datasets/machine-learning-matrices-split/glove.csv.32.11.A.vc.C 
==== Integer vector .R compression
Command: /home/louza/mm-repair/sdsl/encode.x /mnt/data/datasets/machine-learning-matrices-split/glove.csv.32.11.A.vc.R 
Integer vector compression time: 0.0788
==== OLE
Command: /home/louza/mm-repair/ole/encode.x /mnt/data/datasets/machine-learning-matrices-split/glove.csv.32.11.A.vc.C 
Command: /home/louza/mm-repair/ole/encode.x /mnt/data/datasets/machine-learning-matrices-split/glove.csv.32.11.B.vc 
OLE time: 0.4552
==== Ans-fold compression
Command: /home/louza/mm-repair/ans/encode.x /mnt/data/datasets/machine-learning-matrices-split/glove.csv.32.11.A.vc.C 
Command: /home/louza/mm-repair/ans/encode.x /mnt/data/datasets/machine-learning-matrices-split/glove.csv.32.11.B.vc
Ans-fold time: 14.1321
==== Integer vector .C compression
Command: /home/louza/mm-repair/sdsl/encode.x /mnt/data/datasets/machine-learning-matrices-split/glove.csv.32.12.A.vc.C 
==== Integer vector .R compression
Command: /home/louza/mm-repair/sdsl/encode.x /mnt/data/datasets/machine-learning-matrices-split/glove.csv.32.12.A.vc.R 
Integer vector compression time: 0.1028
==== OLE
Command: /home/louza/mm-repair/ole/encode.x /mnt/data/datasets/machine-learning-matrices-split/glove.csv.32.12.A.vc.C 
Command: /home/louza/mm-repair/ole/encode.x /mnt/data/datasets/machine-learning-matrices-split/glove.csv.32.12.B.vc 
OLE time: 0.4669
==== Ans-fold compression
Command: /home/louza/mm-repair/ans/encode.x /mnt/data/datasets/machine-learning-matrices-split/glove.csv.32.12.A.vc.C 
Command: /home/louza/mm-repair/ans/encode.x /mnt/data/datasets/machine-learning-matrices-split/glove.csv.32.12.B.vc
Ans-fold time: 15.1854
==== Integer vector .C compression
Command: /home/louza/mm-repair/sdsl/encode.x /mnt/data/datasets/machine-learning-matrices-split/glove.csv.32.13.A.vc.C 
==== Integer vector .R compression
Command: /home/louza/mm-repair/sdsl/encode.x /mnt/data/datasets/machine-learning-matrices-split/glove.csv.32.13.A.vc.R 
Integer vector compression time: 0.0758
==== OLE
Command: /home/louza/mm-repair/ole/encode.x /mnt/data/datasets/machine-learning-matrices-split/glove.csv.32.13.A.vc.C 
Command: /home/louza/mm-repair/ole/encode.x /mnt/data/datasets/machine-learning-matrices-split/glove.csv.32.13.B.vc 
OLE time: 0.4344
==== Ans-fold compression
Command: /home/louza/mm-repair/ans/encode.x /mnt/data/datasets/machine-learning-matrices-split/glove.csv.32.13.A.vc.C 
Command: /home/louza/mm-repair/ans/encode.x /mnt/data/datasets/machine-learning-matrices-split/glove.csv.32.13.B.vc
Ans-fold time: 16.3563
==== Integer vector .C compression
Command: /home/louza/mm-repair/sdsl/encode.x /mnt/data/datasets/machine-learning-matrices-split/glove.csv.32.14.A.vc.C 
==== Integer vector .R compression
Command: /home/louza/mm-repair/sdsl/encode.x /mnt/data/datasets/machine-learning-matrices-split/glove.csv.32.14.A.vc.R 
Integer vector compression time: 0.1029
==== OLE
Command: /home/louza/mm-repair/ole/encode.x /mnt/data/datasets/machine-learning-matrices-split/glove.csv.32.14.A.vc.C 
Command: /home/louza/mm-repair/ole/encode.x /mnt/data/datasets/machine-learning-matrices-split/glove.csv.32.14.B.vc 
OLE time: 0.6348
==== Ans-fold compression
Command: /home/louza/mm-repair/ans/encode.x /mnt/data/datasets/machine-learning-matrices-split/glove.csv.32.14.A.vc.C 
Command: /home/louza/mm-repair/ans/encode.x /mnt/data/datasets/machine-learning-matrices-split/glove.csv.32.14.B.vc
Ans-fold time: 17.4259
==== Integer vector .C compression
Command: /home/louza/mm-repair/sdsl/encode.x /mnt/data/datasets/machine-learning-matrices-split/glove.csv.32.15.A.vc.C 
==== Integer vector .R compression
Command: /home/louza/mm-repair/sdsl/encode.x /mnt/data/datasets/machine-learning-matrices-split/glove.csv.32.15.A.vc.R 
Integer vector compression time: 0.0815
==== OLE
Command: /home/louza/mm-repair/ole/encode.x /mnt/data/datasets/machine-learning-matrices-split/glove.csv.32.15.A.vc.C 
Command: /home/louza/mm-repair/ole/encode.x /mnt/data/datasets/machine-learning-matrices-split/glove.csv.32.15.B.vc 
OLE time: 1.2505
==== Ans-fold compression
Command: /home/louza/mm-repair/ans/encode.x /mnt/data/datasets/machine-learning-matrices-split/glove.csv.32.15.A.vc.C 
Command: /home/louza/mm-repair/ans/encode.x /mnt/data/datasets/machine-learning-matrices-split/glove.csv.32.15.B.vc
Ans-fold time: 18.4370
==== Integer vector .C compression
Command: /home/louza/mm-repair/sdsl/encode.x /mnt/data/datasets/machine-learning-matrices-split/glove.csv.32.16.A.vc.C 
==== Integer vector .R compression
Command: /home/louza/mm-repair/sdsl/encode.x /mnt/data/datasets/machine-learning-matrices-split/glove.csv.32.16.A.vc.R 
Integer vector compression time: 0.0740
==== OLE
Command: /home/louza/mm-repair/ole/encode.x /mnt/data/datasets/machine-learning-matrices-split/glove.csv.32.16.A.vc.C 
Command: /home/louza/mm-repair/ole/encode.x /mnt/data/datasets/machine-learning-matrices-split/glove.csv.32.16.B.vc 
OLE time: 0.3495
==== Ans-fold compression
Command: /home/louza/mm-repair/ans/encode.x /mnt/data/datasets/machine-learning-matrices-split/glove.csv.32.16.A.vc.C 
Command: /home/louza/mm-repair/ans/encode.x /mnt/data/datasets/machine-learning-matrices-split/glove.csv.32.16.B.vc
Ans-fold time: 19.4154
==== Integer vector .C compression
Command: /home/louza/mm-repair/sdsl/encode.x /mnt/data/datasets/machine-learning-matrices-split/glove.csv.32.17.A.vc.C 
==== Integer vector .R compression
Command: /home/louza/mm-repair/sdsl/encode.x /mnt/data/datasets/machine-learning-matrices-split/glove.csv.32.17.A.vc.R 
Integer vector compression time: 0.1001
==== OLE
Command: /home/louza/mm-repair/ole/encode.x /mnt/data/datasets/machine-learning-matrices-split/glove.csv.32.17.A.vc.C 
Command: /home/louza/mm-repair/ole/encode.x /mnt/data/datasets/machine-learning-matrices-split/glove.csv.32.17.B.vc 
OLE time: 0.4404
==== Ans-fold compression
Command: /home/louza/mm-repair/ans/encode.x /mnt/data/datasets/machine-learning-matrices-split/glove.csv.32.17.A.vc.C 
Command: /home/louza/mm-repair/ans/encode.x /mnt/data/datasets/machine-learning-matrices-split/glove.csv.32.17.B.vc
Ans-fold time: 20.6965
==== Integer vector .C compression
Command: /home/louza/mm-repair/sdsl/encode.x /mnt/data/datasets/machine-learning-matrices-split/glove.csv.32.18.A.vc.C 
==== Integer vector .R compression
Command: /home/louza/mm-repair/sdsl/encode.x /mnt/data/datasets/machine-learning-matrices-split/glove.csv.32.18.A.vc.R 
Integer vector compression time: 0.0695
==== OLE
Command: /home/louza/mm-repair/ole/encode.x /mnt/data/datasets/machine-learning-matrices-split/glove.csv.32.18.A.vc.C 
Command: /home/louza/mm-repair/ole/encode.x /mnt/data/datasets/machine-learning-matrices-split/glove.csv.32.18.B.vc 
OLE time: 0.5823
==== Ans-fold compression
Command: /home/louza/mm-repair/ans/encode.x /mnt/data/datasets/machine-learning-matrices-split/glove.csv.32.18.A.vc.C 
Command: /home/louza/mm-repair/ans/encode.x /mnt/data/datasets/machine-learning-matrices-split/glove.csv.32.18.B.vc
Ans-fold time: 21.9157
==== Integer vector .C compression
Command: /home/louza/mm-repair/sdsl/encode.x /mnt/data/datasets/machine-learning-matrices-split/glove.csv.32.19.A.vc.C 
==== Integer vector .R compression
Command: /home/louza/mm-repair/sdsl/encode.x /mnt/data/datasets/machine-learning-matrices-split/glove.csv.32.19.A.vc.R 
Integer vector compression time: 0.0775
==== OLE
Command: /home/louza/mm-repair/ole/encode.x /mnt/data/datasets/machine-learning-matrices-split/glove.csv.32.19.A.vc.C 
Command: /home/louza/mm-repair/ole/encode.x /mnt/data/datasets/machine-learning-matrices-split/glove.csv.32.19.B.vc 
OLE time: 0.6569
==== Ans-fold compression
Command: /home/louza/mm-repair/ans/encode.x /mnt/data/datasets/machine-learning-matrices-split/glove.csv.32.19.A.vc.C 
Command: /home/louza/mm-repair/ans/encode.x /mnt/data/datasets/machine-learning-matrices-split/glove.csv.32.19.B.vc
Ans-fold time: 23.0781
==== Integer vector .C compression
Command: /home/louza/mm-repair/sdsl/encode.x /mnt/data/datasets/machine-learning-matrices-split/glove.csv.32.20.A.vc.C 
==== Integer vector .R compression
Command: /home/louza/mm-repair/sdsl/encode.x /mnt/data/datasets/machine-learning-matrices-split/glove.csv.32.20.A.vc.R 
Integer vector compression time: 0.0819
==== OLE
Command: /home/louza/mm-repair/ole/encode.x /mnt/data/datasets/machine-learning-matrices-split/glove.csv.32.20.A.vc.C 
Command: /home/louza/mm-repair/ole/encode.x /mnt/data/datasets/machine-learning-matrices-split/glove.csv.32.20.B.vc 
OLE time: 0.7541
==== Ans-fold compression
Command: /home/louza/mm-repair/ans/encode.x /mnt/data/datasets/machine-learning-matrices-split/glove.csv.32.20.A.vc.C 
Command: /home/louza/mm-repair/ans/encode.x /mnt/data/datasets/machine-learning-matrices-split/glove.csv.32.20.B.vc
Ans-fold time: 24.2444
==== Integer vector .C compression
Command: /home/louza/mm-repair/sdsl/encode.x /mnt/data/datasets/machine-learning-matrices-split/glove.csv.32.21.A.vc.C 
==== Integer vector .R compression
Command: /home/louza/mm-repair/sdsl/encode.x /mnt/data/datasets/machine-learning-matrices-split/glove.csv.32.21.A.vc.R 
Integer vector compression time: 0.1055
==== OLE
Command: /home/louza/mm-repair/ole/encode.x /mnt/data/datasets/machine-learning-matrices-split/glove.csv.32.21.A.vc.C 
Command: /home/louza/mm-repair/ole/encode.x /mnt/data/datasets/machine-learning-matrices-split/glove.csv.32.21.B.vc 
OLE time: 0.6854
==== Ans-fold compression
Command: /home/louza/mm-repair/ans/encode.x /mnt/data/datasets/machine-learning-matrices-split/glove.csv.32.21.A.vc.C 
Command: /home/louza/mm-repair/ans/encode.x /mnt/data/datasets/machine-learning-matrices-split/glove.csv.32.21.B.vc
Ans-fold time: 25.6084
==== Integer vector .C compression
Command: /home/louza/mm-repair/sdsl/encode.x /mnt/data/datasets/machine-learning-matrices-split/glove.csv.32.22.A.vc.C 
==== Integer vector .R compression
Command: /home/louza/mm-repair/sdsl/encode.x /mnt/data/datasets/machine-learning-matrices-split/glove.csv.32.22.A.vc.R 
Integer vector compression time: 0.0753
==== OLE
Command: /home/louza/mm-repair/ole/encode.x /mnt/data/datasets/machine-learning-matrices-split/glove.csv.32.22.A.vc.C 
Command: /home/louza/mm-repair/ole/encode.x /mnt/data/datasets/machine-learning-matrices-split/glove.csv.32.22.B.vc 
OLE time: 0.5300
==== Ans-fold compression
Command: /home/louza/mm-repair/ans/encode.x /mnt/data/datasets/machine-learning-matrices-split/glove.csv.32.22.A.vc.C 
Command: /home/louza/mm-repair/ans/encode.x /mnt/data/datasets/machine-learning-matrices-split/glove.csv.32.22.B.vc
Ans-fold time: 26.8217
==== Integer vector .C compression
Command: /home/louza/mm-repair/sdsl/encode.x /mnt/data/datasets/machine-learning-matrices-split/glove.csv.32.23.A.vc.C 
==== Integer vector .R compression
Command: /home/louza/mm-repair/sdsl/encode.x /mnt/data/datasets/machine-learning-matrices-split/glove.csv.32.23.A.vc.R 
Integer vector compression time: 0.1028
==== OLE
Command: /home/louza/mm-repair/ole/encode.x /mnt/data/datasets/machine-learning-matrices-split/glove.csv.32.23.A.vc.C 
Command: /home/louza/mm-repair/ole/encode.x /mnt/data/datasets/machine-learning-matrices-split/glove.csv.32.23.B.vc 
OLE time: 0.6543
==== Ans-fold compression
Command: /home/louza/mm-repair/ans/encode.x /mnt/data/datasets/machine-learning-matrices-split/glove.csv.32.23.A.vc.C 
Command: /home/louza/mm-repair/ans/encode.x /mnt/data/datasets/machine-learning-matrices-split/glove.csv.32.23.B.vc
Ans-fold time: 28.1592
==== Integer vector .C compression
Command: /home/louza/mm-repair/sdsl/encode.x /mnt/data/datasets/machine-learning-matrices-split/glove.csv.32.24.A.vc.C 
==== Integer vector .R compression
Command: /home/louza/mm-repair/sdsl/encode.x /mnt/data/datasets/machine-learning-matrices-split/glove.csv.32.24.A.vc.R 
Integer vector compression time: 0.0612
==== OLE
Command: /home/louza/mm-repair/ole/encode.x /mnt/data/datasets/machine-learning-matrices-split/glove.csv.32.24.A.vc.C 
Command: /home/louza/mm-repair/ole/encode.x /mnt/data/datasets/machine-learning-matrices-split/glove.csv.32.24.B.vc 
OLE time: 1.1045
==== Ans-fold compression
Command: /home/louza/mm-repair/ans/encode.x /mnt/data/datasets/machine-learning-matrices-split/glove.csv.32.24.A.vc.C 
Command: /home/louza/mm-repair/ans/encode.x /mnt/data/datasets/machine-learning-matrices-split/glove.csv.32.24.B.vc
Ans-fold time: 29.9222
==== Integer vector .C compression
Command: /home/louza/mm-repair/sdsl/encode.x /mnt/data/datasets/machine-learning-matrices-split/glove.csv.32.25.A.vc.C 
==== Integer vector .R compression
Command: /home/louza/mm-repair/sdsl/encode.x /mnt/data/datasets/machine-learning-matrices-split/glove.csv.32.25.A.vc.R 
Integer vector compression time: 0.1366
==== OLE
Command: /home/louza/mm-repair/ole/encode.x /mnt/data/datasets/machine-learning-matrices-split/glove.csv.32.25.A.vc.C 
Command: /home/louza/mm-repair/ole/encode.x /mnt/data/datasets/machine-learning-matrices-split/glove.csv.32.25.B.vc 
OLE time: 0.7754
==== Ans-fold compression
Command: /home/louza/mm-repair/ans/encode.x /mnt/data/datasets/machine-learning-matrices-split/glove.csv.32.25.A.vc.C 
Command: /home/louza/mm-repair/ans/encode.x /mnt/data/datasets/machine-learning-matrices-split/glove.csv.32.25.B.vc
Ans-fold time: 31.8343
==== Integer vector .C compression
Command: /home/louza/mm-repair/sdsl/encode.x /mnt/data/datasets/machine-learning-matrices-split/glove.csv.32.26.A.vc.C 
==== Integer vector .R compression
Command: /home/louza/mm-repair/sdsl/encode.x /mnt/data/datasets/machine-learning-matrices-split/glove.csv.32.26.A.vc.R 
Integer vector compression time: 0.1802
==== OLE
Command: /home/louza/mm-repair/ole/encode.x /mnt/data/datasets/machine-learning-matrices-split/glove.csv.32.26.A.vc.C 
Command: /home/louza/mm-repair/ole/encode.x /mnt/data/datasets/machine-learning-matrices-split/glove.csv.32.26.B.vc 
OLE time: 0.8202
==== Ans-fold compression
Command: /home/louza/mm-repair/ans/encode.x /mnt/data/datasets/machine-learning-matrices-split/glove.csv.32.26.A.vc.C 
Command: /home/louza/mm-repair/ans/encode.x /mnt/data/datasets/machine-learning-matrices-split/glove.csv.32.26.B.vc
Ans-fold time: 33.1376
==== Integer vector .C compression
Command: /home/louza/mm-repair/sdsl/encode.x /mnt/data/datasets/machine-learning-matrices-split/glove.csv.32.27.A.vc.C 
==== Integer vector .R compression
Command: /home/louza/mm-repair/sdsl/encode.x /mnt/data/datasets/machine-learning-matrices-split/glove.csv.32.27.A.vc.R 
Integer vector compression time: 0.1353
==== OLE
Command: /home/louza/mm-repair/ole/encode.x /mnt/data/datasets/machine-learning-matrices-split/glove.csv.32.27.A.vc.C 
Command: /home/louza/mm-repair/ole/encode.x /mnt/data/datasets/machine-learning-matrices-split/glove.csv.32.27.B.vc 
OLE time: 0.8096
==== Ans-fold compression
Command: /home/louza/mm-repair/ans/encode.x /mnt/data/datasets/machine-learning-matrices-split/glove.csv.32.27.A.vc.C 
Command: /home/louza/mm-repair/ans/encode.x /mnt/data/datasets/machine-learning-matrices-split/glove.csv.32.27.B.vc
Ans-fold time: 34.5013
==== Integer vector .C compression
Command: /home/louza/mm-repair/sdsl/encode.x /mnt/data/datasets/machine-learning-matrices-split/glove.csv.32.28.A.vc.C 
==== Integer vector .R compression
Command: /home/louza/mm-repair/sdsl/encode.x /mnt/data/datasets/machine-learning-matrices-split/glove.csv.32.28.A.vc.R 
Integer vector compression time: 0.1703
==== OLE
Command: /home/louza/mm-repair/ole/encode.x /mnt/data/datasets/machine-learning-matrices-split/glove.csv.32.28.A.vc.C 
Command: /home/louza/mm-repair/ole/encode.x /mnt/data/datasets/machine-learning-matrices-split/glove.csv.32.28.B.vc 
OLE time: 0.8155
==== Ans-fold compression
Command: /home/louza/mm-repair/ans/encode.x /mnt/data/datasets/machine-learning-matrices-split/glove.csv.32.28.A.vc.C 
Command: /home/louza/mm-repair/ans/encode.x /mnt/data/datasets/machine-learning-matrices-split/glove.csv.32.28.B.vc
Ans-fold time: 35.7656
==== Integer vector .C compression
Command: /home/louza/mm-repair/sdsl/encode.x /mnt/data/datasets/machine-learning-matrices-split/glove.csv.32.29.A.vc.C 
==== Integer vector .R compression
Command: /home/louza/mm-repair/sdsl/encode.x /mnt/data/datasets/machine-learning-matrices-split/glove.csv.32.29.A.vc.R 
Integer vector compression time: 0.1489
==== OLE
Command: /home/louza/mm-repair/ole/encode.x /mnt/data/datasets/machine-learning-matrices-split/glove.csv.32.29.A.vc.C 
Command: /home/louza/mm-repair/ole/encode.x /mnt/data/datasets/machine-learning-matrices-split/glove.csv.32.29.B.vc 
OLE time: 0.7282
==== Ans-fold compression
Command: /home/louza/mm-repair/ans/encode.x /mnt/data/datasets/machine-learning-matrices-split/glove.csv.32.29.A.vc.C 
Command: /home/louza/mm-repair/ans/encode.x /mnt/data/datasets/machine-learning-matrices-split/glove.csv.32.29.B.vc
Ans-fold time: 37.1970
==== Integer vector .C compression
Command: /home/louza/mm-repair/sdsl/encode.x /mnt/data/datasets/machine-learning-matrices-split/glove.csv.32.30.A.vc.C 
==== Integer vector .R compression
Command: /home/louza/mm-repair/sdsl/encode.x /mnt/data/datasets/machine-learning-matrices-split/glove.csv.32.30.A.vc.R 
Integer vector compression time: 0.0825
==== OLE
Command: /home/louza/mm-repair/ole/encode.x /mnt/data/datasets/machine-learning-matrices-split/glove.csv.32.30.A.vc.C 
Command: /home/louza/mm-repair/ole/encode.x /mnt/data/datasets/machine-learning-matrices-split/glove.csv.32.30.B.vc 
OLE time: 0.8143
==== Ans-fold compression
Command: /home/louza/mm-repair/ans/encode.x /mnt/data/datasets/machine-learning-matrices-split/glove.csv.32.30.A.vc.C 
Command: /home/louza/mm-repair/ans/encode.x /mnt/data/datasets/machine-learning-matrices-split/glove.csv.32.30.B.vc
Ans-fold time: 39.0791
==== Integer vector .C compression
Command: /home/louza/mm-repair/sdsl/encode.x /mnt/data/datasets/machine-learning-matrices-split/glove.csv.32.31.A.vc.C 
==== Integer vector .R compression
Command: /home/louza/mm-repair/sdsl/encode.x /mnt/data/datasets/machine-learning-matrices-split/glove.csv.32.31.A.vc.R 
Integer vector compression time: 0.2200
==== OLE
Command: /home/louza/mm-repair/ole/encode.x /mnt/data/datasets/machine-learning-matrices-split/glove.csv.32.31.A.vc.C 
Command: /home/louza/mm-repair/ole/encode.x /mnt/data/datasets/machine-learning-matrices-split/glove.csv.32.31.B.vc 
OLE time: 0.8734
==== Ans-fold compression
Command: /home/louza/mm-repair/ans/encode.x /mnt/data/datasets/machine-learning-matrices-split/glove.csv.32.31.A.vc.C 
Command: /home/louza/mm-repair/ans/encode.x /mnt/data/datasets/machine-learning-matrices-split/glove.csv.32.31.B.vc
Ans-fold time: 40.6044
Elapsed time: 548.2438
==== Compression Report:
 >> matrix name: /mnt/data/datasets/machine-learning-matrices-split/glove.csv
 >> conversion time: 480.02
 >> repair time: 0.11
 >> integer vectors time: 0.22
 >> ansf time: 40.60
 >> total time: 548.24
 >> matrix log(alpha)xNumEntries size: 300000000 bytes
 >> matrix dense size: 960000000 bytes
 >> total number of nonzero: 0 (0.00%)
 >> number of distinct nonzero: 717119
 >> CRSV  size: 7336952 bytes  (0.76%)
 >> B	  size: 481600000 bytes  (50.17%)
 >> B_ans size: 303651304 bytes  (31.63%)
 >> RE32  size: 310988384 bytes  (32.39%)
 >> REIV  size: 309439264 bytes  (32.23%)
 >> REANS size: 309390272 bytes  (32.23%)
==== Done

#### 2026-09-07 12:16:07
 Command line: ./mm-repair/matrepair -r -b 32 -p 32 /mnt/data/datasets/machine-learning-matrices-split/glove.csv 400000 300 --mapping --split 
Setting memory for each repair instance to 14501 MBs
Sending logging messages to file: /mnt/data/datasets/machine-learning-matrices-split/glove.csv.log
==== Conversion bin/csv->csrv
Command: /home/louza/mm-repair/csvmat2csrv -b 32   /mnt/data/datasets/machine-learning-matrices-split/glove.csv -r 0 -m -s 400000 300
Conversion time: 1092.6065
==== Repair paralell compression
---- Executing 32 parallel processes
---- Parallel processing completed
Repair time: 0.8084
==== Integer vector .C compression
Command: /home/louza/mm-repair/sdsl/encode.x /mnt/data/datasets/machine-learning-matrices-split/glove.csv.32.0.A.vc.C 
==== Integer vector .R compression
Command: /home/louza/mm-repair/sdsl/encode.x /mnt/data/datasets/machine-learning-matrices-split/glove.csv.32.0.A.vc.R 
Integer vector compression time: 0.4791
==== Ans-fold compression
Command: /home/louza/mm-repair/ans/encode.x /mnt/data/datasets/machine-learning-matrices-split/glove.csv.32.0.A.vc.C 
Command: /home/louza/mm-repair/ans/encode.x /mnt/data/datasets/machine-learning-matrices-split/glove.csv.32.0.B.vc
Ans-fold time: 4.4682
==== Integer vector .C compression
Command: /home/louza/mm-repair/sdsl/encode.x /mnt/data/datasets/machine-learning-matrices-split/glove.csv.32.1.A.vc.C 
==== Integer vector .R compression
Command: /home/louza/mm-repair/sdsl/encode.x /mnt/data/datasets/machine-learning-matrices-split/glove.csv.32.1.A.vc.R 
Integer vector compression time: 0.3356
==== Ans-fold compression
Command: /home/louza/mm-repair/ans/encode.x /mnt/data/datasets/machine-learning-matrices-split/glove.csv.32.1.A.vc.C 
Command: /home/louza/mm-repair/ans/encode.x /mnt/data/datasets/machine-learning-matrices-split/glove.csv.32.1.B.vc
Ans-fold time: 8.5063
==== Integer vector .C compression
Command: /home/louza/mm-repair/sdsl/encode.x /mnt/data/datasets/machine-learning-matrices-split/glove.csv.32.2.A.vc.C 
==== Integer vector .R compression
Command: /home/louza/mm-repair/sdsl/encode.x /mnt/data/datasets/machine-learning-matrices-split/glove.csv.32.2.A.vc.R 
Integer vector compression time: 0.1519
==== Ans-fold compression
Command: /home/louza/mm-repair/ans/encode.x /mnt/data/datasets/machine-learning-matrices-split/glove.csv.32.2.A.vc.C 
Command: /home/louza/mm-repair/ans/encode.x /mnt/data/datasets/machine-learning-matrices-split/glove.csv.32.2.B.vc
Ans-fold time: 12.1380
==== Integer vector .C compression
Command: /home/louza/mm-repair/sdsl/encode.x /mnt/data/datasets/machine-learning-matrices-split/glove.csv.32.3.A.vc.C 
==== Integer vector .R compression
Command: /home/louza/mm-repair/sdsl/encode.x /mnt/data/datasets/machine-learning-matrices-split/glove.csv.32.3.A.vc.R 
Integer vector compression time: 0.3557
==== Ans-fold compression
Command: /home/louza/mm-repair/ans/encode.x /mnt/data/datasets/machine-learning-matrices-split/glove.csv.32.3.A.vc.C 
Command: /home/louza/mm-repair/ans/encode.x /mnt/data/datasets/machine-learning-matrices-split/glove.csv.32.3.B.vc
Ans-fold time: 15.6946
==== Integer vector .C compression
Command: /home/louza/mm-repair/sdsl/encode.x /mnt/data/datasets/machine-learning-matrices-split/glove.csv.32.4.A.vc.C 
==== Integer vector .R compression
Command: /home/louza/mm-repair/sdsl/encode.x /mnt/data/datasets/machine-learning-matrices-split/glove.csv.32.4.A.vc.R 
Integer vector compression time: 0.3533
==== Ans-fold compression
Command: /home/louza/mm-repair/ans/encode.x /mnt/data/datasets/machine-learning-matrices-split/glove.csv.32.4.A.vc.C 
Command: /home/louza/mm-repair/ans/encode.x /mnt/data/datasets/machine-learning-matrices-split/glove.csv.32.4.B.vc
Ans-fold time: 19.2351
==== Integer vector .C compression
Command: /home/louza/mm-repair/sdsl/encode.x /mnt/data/datasets/machine-learning-matrices-split/glove.csv.32.5.A.vc.C 
==== Integer vector .R compression
Command: /home/louza/mm-repair/sdsl/encode.x /mnt/data/datasets/machine-learning-matrices-split/glove.csv.32.5.A.vc.R 
Integer vector compression time: 0.2143
==== Ans-fold compression
Command: /home/louza/mm-repair/ans/encode.x /mnt/data/datasets/machine-learning-matrices-split/glove.csv.32.5.A.vc.C 
Command: /home/louza/mm-repair/ans/encode.x /mnt/data/datasets/machine-learning-matrices-split/glove.csv.32.5.B.vc
Ans-fold time: 21.7674
==== Integer vector .C compression
Command: /home/louza/mm-repair/sdsl/encode.x /mnt/data/datasets/machine-learning-matrices-split/glove.csv.32.6.A.vc.C 
==== Integer vector .R compression
Command: /home/louza/mm-repair/sdsl/encode.x /mnt/data/datasets/machine-learning-matrices-split/glove.csv.32.6.A.vc.R 
Integer vector compression time: 0.0248
==== Ans-fold compression
Command: /home/louza/mm-repair/ans/encode.x /mnt/data/datasets/machine-learning-matrices-split/glove.csv.32.6.A.vc.C 
Command: /home/louza/mm-repair/ans/encode.x /mnt/data/datasets/machine-learning-matrices-split/glove.csv.32.6.B.vc
Ans-fold time: 26.0301
==== Integer vector .C compression
Command: /home/louza/mm-repair/sdsl/encode.x /mnt/data/datasets/machine-learning-matrices-split/glove.csv.32.7.A.vc.C 
==== Integer vector .R compression
Command: /home/louza/mm-repair/sdsl/encode.x /mnt/data/datasets/machine-learning-matrices-split/glove.csv.32.7.A.vc.R 
Integer vector compression time: 0.4625
==== Ans-fold compression
Command: /home/louza/mm-repair/ans/encode.x /mnt/data/datasets/machine-learning-matrices-split/glove.csv.32.7.A.vc.C 
Command: /home/louza/mm-repair/ans/encode.x /mnt/data/datasets/machine-learning-matrices-split/glove.csv.32.7.B.vc
Ans-fold time: 30.3450
==== Integer vector .C compression
Command: /home/louza/mm-repair/sdsl/encode.x /mnt/data/datasets/machine-learning-matrices-split/glove.csv.32.8.A.vc.C 
==== Integer vector .R compression
Command: /home/louza/mm-repair/sdsl/encode.x /mnt/data/datasets/machine-learning-matrices-split/glove.csv.32.8.A.vc.R 
Integer vector compression time: 0.4034
==== Ans-fold compression
Command: /home/louza/mm-repair/ans/encode.x /mnt/data/datasets/machine-learning-matrices-split/glove.csv.32.8.A.vc.C 
Command: /home/louza/mm-repair/ans/encode.x /mnt/data/datasets/machine-learning-matrices-split/glove.csv.32.8.B.vc
Ans-fold time: 33.8696
==== Integer vector .C compression
Command: /home/louza/mm-repair/sdsl/encode.x /mnt/data/datasets/machine-learning-matrices-split/glove.csv.32.9.A.vc.C 
==== Integer vector .R compression
Command: /home/louza/mm-repair/sdsl/encode.x /mnt/data/datasets/machine-learning-matrices-split/glove.csv.32.9.A.vc.R 
Integer vector compression time: 0.5052
==== Ans-fold compression
Command: /home/louza/mm-repair/ans/encode.x /mnt/data/datasets/machine-learning-matrices-split/glove.csv.32.9.A.vc.C 
Command: /home/louza/mm-repair/ans/encode.x /mnt/data/datasets/machine-learning-matrices-split/glove.csv.32.9.B.vc
Ans-fold time: 37.6094
==== Integer vector .C compression
Command: /home/louza/mm-repair/sdsl/encode.x /mnt/data/datasets/machine-learning-matrices-split/glove.csv.32.10.A.vc.C 
==== Integer vector .R compression
Command: /home/louza/mm-repair/sdsl/encode.x /mnt/data/datasets/machine-learning-matrices-split/glove.csv.32.10.A.vc.R 
Integer vector compression time: 0.0256
==== Ans-fold compression
Command: /home/louza/mm-repair/ans/encode.x /mnt/data/datasets/machine-learning-matrices-split/glove.csv.32.10.A.vc.C 
Command: /home/louza/mm-repair/ans/encode.x /mnt/data/datasets/machine-learning-matrices-split/glove.csv.32.10.B.vc
Ans-fold time: 41.8633
==== Integer vector .C compression
Command: /home/louza/mm-repair/sdsl/encode.x /mnt/data/datasets/machine-learning-matrices-split/glove.csv.32.11.A.vc.C 
==== Integer vector .R compression
Command: /home/louza/mm-repair/sdsl/encode.x /mnt/data/datasets/machine-learning-matrices-split/glove.csv.32.11.A.vc.R 
Integer vector compression time: 0.5495
==== Ans-fold compression
Command: /home/louza/mm-repair/ans/encode.x /mnt/data/datasets/machine-learning-matrices-split/glove.csv.32.11.A.vc.C 
Command: /home/louza/mm-repair/ans/encode.x /mnt/data/datasets/machine-learning-matrices-split/glove.csv.32.11.B.vc
Ans-fold time: 45.2584
==== Integer vector .C compression
Command: /home/louza/mm-repair/sdsl/encode.x /mnt/data/datasets/machine-learning-matrices-split/glove.csv.32.12.A.vc.C 
==== Integer vector .R compression
Command: /home/louza/mm-repair/sdsl/encode.x /mnt/data/datasets/machine-learning-matrices-split/glove.csv.32.12.A.vc.R 
Integer vector compression time: 0.5141
==== Ans-fold compression
Command: /home/louza/mm-repair/ans/encode.x /mnt/data/datasets/machine-learning-matrices-split/glove.csv.32.12.A.vc.C 
Command: /home/louza/mm-repair/ans/encode.x /mnt/data/datasets/machine-learning-matrices-split/glove.csv.32.12.B.vc
Ans-fold time: 50.1192
==== Integer vector .C compression
Command: /home/louza/mm-repair/sdsl/encode.x /mnt/data/datasets/machine-learning-matrices-split/glove.csv.32.13.A.vc.C 
==== Integer vector .R compression
Command: /home/louza/mm-repair/sdsl/encode.x /mnt/data/datasets/machine-learning-matrices-split/glove.csv.32.13.A.vc.R 
Integer vector compression time: 0.4288
==== Ans-fold compression
Command: /home/louza/mm-repair/ans/encode.x /mnt/data/datasets/machine-learning-matrices-split/glove.csv.32.13.A.vc.C 
Command: /home/louza/mm-repair/ans/encode.x /mnt/data/datasets/machine-learning-matrices-split/glove.csv.32.13.B.vc
Ans-fold time: 54.2748
==== Integer vector .C compression
Command: /home/louza/mm-repair/sdsl/encode.x /mnt/data/datasets/machine-learning-matrices-split/glove.csv.32.14.A.vc.C 
==== Integer vector .R compression
Command: /home/louza/mm-repair/sdsl/encode.x /mnt/data/datasets/machine-learning-matrices-split/glove.csv.32.14.A.vc.R 
Integer vector compression time: 0.5971
==== Ans-fold compression
Command: /home/louza/mm-repair/ans/encode.x /mnt/data/datasets/machine-learning-matrices-split/glove.csv.32.14.A.vc.C 
Command: /home/louza/mm-repair/ans/encode.x /mnt/data/datasets/machine-learning-matrices-split/glove.csv.32.14.B.vc
Ans-fold time: 59.1476
==== Integer vector .C compression
Command: /home/louza/mm-repair/sdsl/encode.x /mnt/data/datasets/machine-learning-matrices-split/glove.csv.32.15.A.vc.C 
==== Integer vector .R compression
Command: /home/louza/mm-repair/sdsl/encode.x /mnt/data/datasets/machine-learning-matrices-split/glove.csv.32.15.A.vc.R 
Integer vector compression time: 0.4891
==== Ans-fold compression
Command: /home/louza/mm-repair/ans/encode.x /mnt/data/datasets/machine-learning-matrices-split/glove.csv.32.15.A.vc.C 
Command: /home/louza/mm-repair/ans/encode.x /mnt/data/datasets/machine-learning-matrices-split/glove.csv.32.15.B.vc
Ans-fold time: 62.8092
==== Integer vector .C compression
Command: /home/louza/mm-repair/sdsl/encode.x /mnt/data/datasets/machine-learning-matrices-split/glove.csv.32.16.A.vc.C 
==== Integer vector .R compression
Command: /home/louza/mm-repair/sdsl/encode.x /mnt/data/datasets/machine-learning-matrices-split/glove.csv.32.16.A.vc.R 
Integer vector compression time: 0.2097
==== Ans-fold compression
Command: /home/louza/mm-repair/ans/encode.x /mnt/data/datasets/machine-learning-matrices-split/glove.csv.32.16.A.vc.C 
Command: /home/louza/mm-repair/ans/encode.x /mnt/data/datasets/machine-learning-matrices-split/glove.csv.32.16.B.vc
Ans-fold time: 66.2502
==== Integer vector .C compression
Command: /home/louza/mm-repair/sdsl/encode.x /mnt/data/datasets/machine-learning-matrices-split/glove.csv.32.17.A.vc.C 
==== Integer vector .R compression
Command: /home/louza/mm-repair/sdsl/encode.x /mnt/data/datasets/machine-learning-matrices-split/glove.csv.32.17.A.vc.R 
Integer vector compression time: 0.1890
==== Ans-fold compression
Command: /home/louza/mm-repair/ans/encode.x /mnt/data/datasets/machine-learning-matrices-split/glove.csv.32.17.A.vc.C 
Command: /home/louza/mm-repair/ans/encode.x /mnt/data/datasets/machine-learning-matrices-split/glove.csv.32.17.B.vc
Ans-fold time: 70.0826
==== Integer vector .C compression
Command: /home/louza/mm-repair/sdsl/encode.x /mnt/data/datasets/machine-learning-matrices-split/glove.csv.32.18.A.vc.C 
==== Integer vector .R compression
Command: /home/louza/mm-repair/sdsl/encode.x /mnt/data/datasets/machine-learning-matrices-split/glove.csv.32.18.A.vc.R 
Integer vector compression time: 0.0242
==== Ans-fold compression
Command: /home/louza/mm-repair/ans/encode.x /mnt/data/datasets/machine-learning-matrices-split/glove.csv.32.18.A.vc.C 
Command: /home/louza/mm-repair/ans/encode.x /mnt/data/datasets/machine-learning-matrices-split/glove.csv.32.18.B.vc
Ans-fold time: 73.9988
==== Integer vector .C compression
Command: /home/louza/mm-repair/sdsl/encode.x /mnt/data/datasets/machine-learning-matrices-split/glove.csv.32.19.A.vc.C 
==== Integer vector .R compression
Command: /home/louza/mm-repair/sdsl/encode.x /mnt/data/datasets/machine-learning-matrices-split/glove.csv.32.19.A.vc.R 
Integer vector compression time: 0.9818
==== Ans-fold compression
Command: /home/louza/mm-repair/ans/encode.x /mnt/data/datasets/machine-learning-matrices-split/glove.csv.32.19.A.vc.C 
Command: /home/louza/mm-repair/ans/encode.x /mnt/data/datasets/machine-learning-matrices-split/glove.csv.32.19.B.vc
Ans-fold time: 77.9719
==== Integer vector .C compression
Command: /home/louza/mm-repair/sdsl/encode.x /mnt/data/datasets/machine-learning-matrices-split/glove.csv.32.20.A.vc.C 
==== Integer vector .R compression
Command: /home/louza/mm-repair/sdsl/encode.x /mnt/data/datasets/machine-learning-matrices-split/glove.csv.32.20.A.vc.R 
Integer vector compression time: 0.6988
==== Ans-fold compression
Command: /home/louza/mm-repair/ans/encode.x /mnt/data/datasets/machine-learning-matrices-split/glove.csv.32.20.A.vc.C 
Command: /home/louza/mm-repair/ans/encode.x /mnt/data/datasets/machine-learning-matrices-split/glove.csv.32.20.B.vc
Ans-fold time: 81.4858
==== Integer vector .C compression
Command: /home/louza/mm-repair/sdsl/encode.x /mnt/data/datasets/machine-learning-matrices-split/glove.csv.32.21.A.vc.C 
==== Integer vector .R compression
Command: /home/louza/mm-repair/sdsl/encode.x /mnt/data/datasets/machine-learning-matrices-split/glove.csv.32.21.A.vc.R 
Integer vector compression time: 0.5539
==== Ans-fold compression
Command: /home/louza/mm-repair/ans/encode.x /mnt/data/datasets/machine-learning-matrices-split/glove.csv.32.21.A.vc.C 
Command: /home/louza/mm-repair/ans/encode.x /mnt/data/datasets/machine-learning-matrices-split/glove.csv.32.21.B.vc
Ans-fold time: 84.7105
==== Integer vector .C compression
Command: /home/louza/mm-repair/sdsl/encode.x /mnt/data/datasets/machine-learning-matrices-split/glove.csv.32.22.A.vc.C 
==== Integer vector .R compression
Command: /home/louza/mm-repair/sdsl/encode.x /mnt/data/datasets/machine-learning-matrices-split/glove.csv.32.22.A.vc.R 
Integer vector compression time: 0.3042
==== Ans-fold compression
Command: /home/louza/mm-repair/ans/encode.x /mnt/data/datasets/machine-learning-matrices-split/glove.csv.32.22.A.vc.C 
Command: /home/louza/mm-repair/ans/encode.x /mnt/data/datasets/machine-learning-matrices-split/glove.csv.32.22.B.vc
Ans-fold time: 87.8448
==== Integer vector .C compression
Command: /home/louza/mm-repair/sdsl/encode.x /mnt/data/datasets/machine-learning-matrices-split/glove.csv.32.23.A.vc.C 
==== Integer vector .R compression
Command: /home/louza/mm-repair/sdsl/encode.x /mnt/data/datasets/machine-learning-matrices-split/glove.csv.32.23.A.vc.R 
Integer vector compression time: 0.4040
==== Ans-fold compression
Command: /home/louza/mm-repair/ans/encode.x /mnt/data/datasets/machine-learning-matrices-split/glove.csv.32.23.A.vc.C 
Command: /home/louza/mm-repair/ans/encode.x /mnt/data/datasets/machine-learning-matrices-split/glove.csv.32.23.B.vc
Ans-fold time: 90.8483
==== Integer vector .C compression
Command: /home/louza/mm-repair/sdsl/encode.x /mnt/data/datasets/machine-learning-matrices-split/glove.csv.32.24.A.vc.C 
==== Integer vector .R compression
Command: /home/louza/mm-repair/sdsl/encode.x /mnt/data/datasets/machine-learning-matrices-split/glove.csv.32.24.A.vc.R 
Integer vector compression time: 0.1771
==== Ans-fold compression
Command: /home/louza/mm-repair/ans/encode.x /mnt/data/datasets/machine-learning-matrices-split/glove.csv.32.24.A.vc.C 
Command: /home/louza/mm-repair/ans/encode.x /mnt/data/datasets/machine-learning-matrices-split/glove.csv.32.24.B.vc
Ans-fold time: 93.7176
==== Integer vector .C compression
Command: /home/louza/mm-repair/sdsl/encode.x /mnt/data/datasets/machine-learning-matrices-split/glove.csv.32.25.A.vc.C 
==== Integer vector .R compression
Command: /home/louza/mm-repair/sdsl/encode.x /mnt/data/datasets/machine-learning-matrices-split/glove.csv.32.25.A.vc.R 
Integer vector compression time: 0.1891
==== Ans-fold compression
Command: /home/louza/mm-repair/ans/encode.x /mnt/data/datasets/machine-learning-matrices-split/glove.csv.32.25.A.vc.C 
Command: /home/louza/mm-repair/ans/encode.x /mnt/data/datasets/machine-learning-matrices-split/glove.csv.32.25.B.vc
Ans-fold time: 97.2838
==== Integer vector .C compression
Command: /home/louza/mm-repair/sdsl/encode.x /mnt/data/datasets/machine-learning-matrices-split/glove.csv.32.26.A.vc.C 
==== Integer vector .R compression
Command: /home/louza/mm-repair/sdsl/encode.x /mnt/data/datasets/machine-learning-matrices-split/glove.csv.32.26.A.vc.R 
Integer vector compression time: 0.4897
==== Ans-fold compression
Command: /home/louza/mm-repair/ans/encode.x /mnt/data/datasets/machine-learning-matrices-split/glove.csv.32.26.A.vc.C 
Command: /home/louza/mm-repair/ans/encode.x /mnt/data/datasets/machine-learning-matrices-split/glove.csv.32.26.B.vc
Ans-fold time: 101.0400
==== Integer vector .C compression
Command: /home/louza/mm-repair/sdsl/encode.x /mnt/data/datasets/machine-learning-matrices-split/glove.csv.32.27.A.vc.C 
==== Integer vector .R compression
Command: /home/louza/mm-repair/sdsl/encode.x /mnt/data/datasets/machine-learning-matrices-split/glove.csv.32.27.A.vc.R 
Integer vector compression time: 0.4646
==== Ans-fold compression
Command: /home/louza/mm-repair/ans/encode.x /mnt/data/datasets/machine-learning-matrices-split/glove.csv.32.27.A.vc.C 
Command: /home/louza/mm-repair/ans/encode.x /mnt/data/datasets/machine-learning-matrices-split/glove.csv.32.27.B.vc
Ans-fold time: 104.6832
==== Integer vector .C compression
Command: /home/louza/mm-repair/sdsl/encode.x /mnt/data/datasets/machine-learning-matrices-split/glove.csv.32.28.A.vc.C 
==== Integer vector .R compression
Command: /home/louza/mm-repair/sdsl/encode.x /mnt/data/datasets/machine-learning-matrices-split/glove.csv.32.28.A.vc.R 
Integer vector compression time: 0.0230
==== Ans-fold compression
Command: /home/louza/mm-repair/ans/encode.x /mnt/data/datasets/machine-learning-matrices-split/glove.csv.32.28.A.vc.C 
Command: /home/louza/mm-repair/ans/encode.x /mnt/data/datasets/machine-learning-matrices-split/glove.csv.32.28.B.vc
Ans-fold time: 107.9746
==== Integer vector .C compression
Command: /home/louza/mm-repair/sdsl/encode.x /mnt/data/datasets/machine-learning-matrices-split/glove.csv.32.29.A.vc.C 
==== Integer vector .R compression
Command: /home/louza/mm-repair/sdsl/encode.x /mnt/data/datasets/machine-learning-matrices-split/glove.csv.32.29.A.vc.R 
Integer vector compression time: 0.3594
==== Ans-fold compression
Command: /home/louza/mm-repair/ans/encode.x /mnt/data/datasets/machine-learning-matrices-split/glove.csv.32.29.A.vc.C 
Command: /home/louza/mm-repair/ans/encode.x /mnt/data/datasets/machine-learning-matrices-split/glove.csv.32.29.B.vc
Ans-fold time: 112.4973
==== Integer vector .C compression
Command: /home/louza/mm-repair/sdsl/encode.x /mnt/data/datasets/machine-learning-matrices-split/glove.csv.32.30.A.vc.C 
==== Integer vector .R compression
Command: /home/louza/mm-repair/sdsl/encode.x /mnt/data/datasets/machine-learning-matrices-split/glove.csv.32.30.A.vc.R 
Integer vector compression time: 0.0624
==== Ans-fold compression
Command: /home/louza/mm-repair/ans/encode.x /mnt/data/datasets/machine-learning-matrices-split/glove.csv.32.30.A.vc.C 
Command: /home/louza/mm-repair/ans/encode.x /mnt/data/datasets/machine-learning-matrices-split/glove.csv.32.30.B.vc
Ans-fold time: 118.2436
==== Integer vector .C compression
Command: /home/louza/mm-repair/sdsl/encode.x /mnt/data/datasets/machine-learning-matrices-split/glove.csv.32.31.A.vc.C 
==== Integer vector .R compression
Command: /home/louza/mm-repair/sdsl/encode.x /mnt/data/datasets/machine-learning-matrices-split/glove.csv.32.31.A.vc.R 
Integer vector compression time: 0.1269
==== Ans-fold compression
Command: /home/louza/mm-repair/ans/encode.x /mnt/data/datasets/machine-learning-matrices-split/glove.csv.32.31.A.vc.C 
Command: /home/louza/mm-repair/ans/encode.x /mnt/data/datasets/machine-learning-matrices-split/glove.csv.32.31.B.vc
Ans-fold time: 120.8131
Command: /home/louza/mm-repair/ans/encode.x /mnt/data/datasets/machine-learning-matrices-split/glove.csv.wcode 
Elapsed time: 1228.2382
==== Compression Report:
 >> matrix name: /mnt/data/datasets/machine-learning-matrices-split/glove.csv
 >> conversion time: 1092.61
 >> repair time: 0.81
 >> integer vectors time: 0.13
 >> ansf time: 120.81
 >> total time: 1228.24
 >> wcode: 226590916 bytes
 >> wcode_ans: 16430594 bytes
 >> matrix log(alpha)xNumEntries size: 300000000 bytes
 >> matrix dense size: 960000000 bytes
 >> total number of nonzero: 0 (0.00%)
 >> number of distinct nonzero: 717119
 >> CRSV  size: 7336952 bytes  (0.76%)
 >> B	  size: 481600000 bytes  (50.17%)
 >> B_ans size: 387150939 bytes  (40.33%)
 >> RE32  size: 621078935 bytes  (64.70%)
 >> REIV  size: 619529815 bytes  (64.53%)
 >> REANS size: 409320501 bytes  (42.64%)
==== Done

#### 2026-09-07 12:36:35
 Command line: ./mm-repair/matrepair -r -b 32 -p 32 /mnt/data/datasets/machine-learning-matrices-split/glove.csv 400000 300 --ole --mapping --split 
Setting memory for each repair instance to 14501 MBs
Sending logging messages to file: /mnt/data/datasets/machine-learning-matrices-split/glove.csv.log
==== Conversion bin/csv->csrv
Command: /home/louza/mm-repair/csvmat2csrv -b 32   /mnt/data/datasets/machine-learning-matrices-split/glove.csv -r 0 -m -s 400000 300
Conversion time: 1264.7994
==== Repair paralell compression
---- Executing 32 parallel processes
---- Parallel processing completed
Repair time: 0.2445
==== Integer vector .C compression
Command: /home/louza/mm-repair/sdsl/encode.x /mnt/data/datasets/machine-learning-matrices-split/glove.csv.32.0.A.vc.C 
==== Integer vector .R compression
Command: /home/louza/mm-repair/sdsl/encode.x /mnt/data/datasets/machine-learning-matrices-split/glove.csv.32.0.A.vc.R 
Integer vector compression time: 0.1519
==== OLE
Command: /home/louza/mm-repair/ole/encode.x /mnt/data/datasets/machine-learning-matrices-split/glove.csv.32.0.A.vc.C 
Command: /home/louza/mm-repair/ole/encode.x /mnt/data/datasets/machine-learning-matrices-split/glove.csv.32.0.B.vc 
OLE time: 0.5507
==== Ans-fold compression
Command: /home/louza/mm-repair/ans/encode.x /mnt/data/datasets/machine-learning-matrices-split/glove.csv.32.0.A.vc.C 
Command: /home/louza/mm-repair/ans/encode.x /mnt/data/datasets/machine-learning-matrices-split/glove.csv.32.0.B.vc
Ans-fold time: 1.1041
==== Integer vector .C compression
Command: /home/louza/mm-repair/sdsl/encode.x /mnt/data/datasets/machine-learning-matrices-split/glove.csv.32.1.A.vc.C 
==== Integer vector .R compression
Command: /home/louza/mm-repair/sdsl/encode.x /mnt/data/datasets/machine-learning-matrices-split/glove.csv.32.1.A.vc.R 
Integer vector compression time: 0.3767
==== OLE
Command: /home/louza/mm-repair/ole/encode.x /mnt/data/datasets/machine-learning-matrices-split/glove.csv.32.1.A.vc.C 
Command: /home/louza/mm-repair/ole/encode.x /mnt/data/datasets/machine-learning-matrices-split/glove.csv.32.1.B.vc 
OLE time: 0.8883
==== Ans-fold compression
Command: /home/louza/mm-repair/ans/encode.x /mnt/data/datasets/machine-learning-matrices-split/glove.csv.32.1.A.vc.C 
Command: /home/louza/mm-repair/ans/encode.x /mnt/data/datasets/machine-learning-matrices-split/glove.csv.32.1.B.vc
Ans-fold time: 1.8652
==== Integer vector .C compression
Command: /home/louza/mm-repair/sdsl/encode.x /mnt/data/datasets/machine-learning-matrices-split/glove.csv.32.2.A.vc.C 
==== Integer vector .R compression
Command: /home/louza/mm-repair/sdsl/encode.x /mnt/data/datasets/machine-learning-matrices-split/glove.csv.32.2.A.vc.R 
Integer vector compression time: 0.1705
==== OLE
Command: /home/louza/mm-repair/ole/encode.x /mnt/data/datasets/machine-learning-matrices-split/glove.csv.32.2.A.vc.C 
Command: /home/louza/mm-repair/ole/encode.x /mnt/data/datasets/machine-learning-matrices-split/glove.csv.32.2.B.vc 
OLE time: 0.3735
==== Ans-fold compression
Command: /home/louza/mm-repair/ans/encode.x /mnt/data/datasets/machine-learning-matrices-split/glove.csv.32.2.A.vc.C 
Command: /home/louza/mm-repair/ans/encode.x /mnt/data/datasets/machine-learning-matrices-split/glove.csv.32.2.B.vc
Ans-fold time: 2.5218
==== Integer vector .C compression
Command: /home/louza/mm-repair/sdsl/encode.x /mnt/data/datasets/machine-learning-matrices-split/glove.csv.32.3.A.vc.C 
==== Integer vector .R compression
Command: /home/louza/mm-repair/sdsl/encode.x /mnt/data/datasets/machine-learning-matrices-split/glove.csv.32.3.A.vc.R 
Integer vector compression time: 0.1011
==== OLE
Command: /home/louza/mm-repair/ole/encode.x /mnt/data/datasets/machine-learning-matrices-split/glove.csv.32.3.A.vc.C 
Command: /home/louza/mm-repair/ole/encode.x /mnt/data/datasets/machine-learning-matrices-split/glove.csv.32.3.B.vc 
OLE time: 0.7551
==== Ans-fold compression
Command: /home/louza/mm-repair/ans/encode.x /mnt/data/datasets/machine-learning-matrices-split/glove.csv.32.3.A.vc.C 
Command: /home/louza/mm-repair/ans/encode.x /mnt/data/datasets/machine-learning-matrices-split/glove.csv.32.3.B.vc
Ans-fold time: 3.3597
==== Integer vector .C compression
Command: /home/louza/mm-repair/sdsl/encode.x /mnt/data/datasets/machine-learning-matrices-split/glove.csv.32.4.A.vc.C 
==== Integer vector .R compression
Command: /home/louza/mm-repair/sdsl/encode.x /mnt/data/datasets/machine-learning-matrices-split/glove.csv.32.4.A.vc.R 
Integer vector compression time: 0.1235
==== OLE
Command: /home/louza/mm-repair/ole/encode.x /mnt/data/datasets/machine-learning-matrices-split/glove.csv.32.4.A.vc.C 
Command: /home/louza/mm-repair/ole/encode.x /mnt/data/datasets/machine-learning-matrices-split/glove.csv.32.4.B.vc 
OLE time: 0.3545
==== Ans-fold compression
Command: /home/louza/mm-repair/ans/encode.x /mnt/data/datasets/machine-learning-matrices-split/glove.csv.32.4.A.vc.C 
Command: /home/louza/mm-repair/ans/encode.x /mnt/data/datasets/machine-learning-matrices-split/glove.csv.32.4.B.vc
Ans-fold time: 4.1406
==== Integer vector .C compression
Command: /home/louza/mm-repair/sdsl/encode.x /mnt/data/datasets/machine-learning-matrices-split/glove.csv.32.5.A.vc.C 
==== Integer vector .R compression
Command: /home/louza/mm-repair/sdsl/encode.x /mnt/data/datasets/machine-learning-matrices-split/glove.csv.32.5.A.vc.R 
Integer vector compression time: 0.1633
==== OLE
Command: /home/louza/mm-repair/ole/encode.x /mnt/data/datasets/machine-learning-matrices-split/glove.csv.32.5.A.vc.C 
Command: /home/louza/mm-repair/ole/encode.x /mnt/data/datasets/machine-learning-matrices-split/glove.csv.32.5.B.vc 
OLE time: 0.8463
==== Ans-fold compression
Command: /home/louza/mm-repair/ans/encode.x /mnt/data/datasets/machine-learning-matrices-split/glove.csv.32.5.A.vc.C 
Command: /home/louza/mm-repair/ans/encode.x /mnt/data/datasets/machine-learning-matrices-split/glove.csv.32.5.B.vc
Ans-fold time: 5.3401
==== Integer vector .C compression
Command: /home/louza/mm-repair/sdsl/encode.x /mnt/data/datasets/machine-learning-matrices-split/glove.csv.32.6.A.vc.C 
==== Integer vector .R compression
Command: /home/louza/mm-repair/sdsl/encode.x /mnt/data/datasets/machine-learning-matrices-split/glove.csv.32.6.A.vc.R 
Integer vector compression time: 0.0858
==== OLE
Command: /home/louza/mm-repair/ole/encode.x /mnt/data/datasets/machine-learning-matrices-split/glove.csv.32.6.A.vc.C 
Command: /home/louza/mm-repair/ole/encode.x /mnt/data/datasets/machine-learning-matrices-split/glove.csv.32.6.B.vc 
OLE time: 0.6921
==== Ans-fold compression
Command: /home/louza/mm-repair/ans/encode.x /mnt/data/datasets/machine-learning-matrices-split/glove.csv.32.6.A.vc.C 
Command: /home/louza/mm-repair/ans/encode.x /mnt/data/datasets/machine-learning-matrices-split/glove.csv.32.6.B.vc
Ans-fold time: 6.0334
==== Integer vector .C compression
Command: /home/louza/mm-repair/sdsl/encode.x /mnt/data/datasets/machine-learning-matrices-split/glove.csv.32.7.A.vc.C 
==== Integer vector .R compression
Command: /home/louza/mm-repair/sdsl/encode.x /mnt/data/datasets/machine-learning-matrices-split/glove.csv.32.7.A.vc.R 
Integer vector compression time: 0.0861
==== OLE
Command: /home/louza/mm-repair/ole/encode.x /mnt/data/datasets/machine-learning-matrices-split/glove.csv.32.7.A.vc.C 
Command: /home/louza/mm-repair/ole/encode.x /mnt/data/datasets/machine-learning-matrices-split/glove.csv.32.7.B.vc 
OLE time: 0.4192
==== Ans-fold compression
Command: /home/louza/mm-repair/ans/encode.x /mnt/data/datasets/machine-learning-matrices-split/glove.csv.32.7.A.vc.C 
Command: /home/louza/mm-repair/ans/encode.x /mnt/data/datasets/machine-learning-matrices-split/glove.csv.32.7.B.vc
Ans-fold time: 6.7877
==== Integer vector .C compression
Command: /home/louza/mm-repair/sdsl/encode.x /mnt/data/datasets/machine-learning-matrices-split/glove.csv.32.8.A.vc.C 
==== Integer vector .R compression
Command: /home/louza/mm-repair/sdsl/encode.x /mnt/data/datasets/machine-learning-matrices-split/glove.csv.32.8.A.vc.R 
Integer vector compression time: 0.0259
==== OLE
Command: /home/louza/mm-repair/ole/encode.x /mnt/data/datasets/machine-learning-matrices-split/glove.csv.32.8.A.vc.C 
Command: /home/louza/mm-repair/ole/encode.x /mnt/data/datasets/machine-learning-matrices-split/glove.csv.32.8.B.vc 
OLE time: 0.2416
==== Ans-fold compression
Command: /home/louza/mm-repair/ans/encode.x /mnt/data/datasets/machine-learning-matrices-split/glove.csv.32.8.A.vc.C 
Command: /home/louza/mm-repair/ans/encode.x /mnt/data/datasets/machine-learning-matrices-split/glove.csv.32.8.B.vc
Ans-fold time: 7.3903
==== Integer vector .C compression
Command: /home/louza/mm-repair/sdsl/encode.x /mnt/data/datasets/machine-learning-matrices-split/glove.csv.32.9.A.vc.C 
==== Integer vector .R compression
Command: /home/louza/mm-repair/sdsl/encode.x /mnt/data/datasets/machine-learning-matrices-split/glove.csv.32.9.A.vc.R 
Integer vector compression time: 0.1970
==== OLE
Command: /home/louza/mm-repair/ole/encode.x /mnt/data/datasets/machine-learning-matrices-split/glove.csv.32.9.A.vc.C 
Command: /home/louza/mm-repair/ole/encode.x /mnt/data/datasets/machine-learning-matrices-split/glove.csv.32.9.B.vc 
OLE time: 0.4474
==== Ans-fold compression
Command: /home/louza/mm-repair/ans/encode.x /mnt/data/datasets/machine-learning-matrices-split/glove.csv.32.9.A.vc.C 
Command: /home/louza/mm-repair/ans/encode.x /mnt/data/datasets/machine-learning-matrices-split/glove.csv.32.9.B.vc
Ans-fold time: 8.1733
==== Integer vector .C compression
Command: /home/louza/mm-repair/sdsl/encode.x /mnt/data/datasets/machine-learning-matrices-split/glove.csv.32.10.A.vc.C 
==== Integer vector .R compression
Command: /home/louza/mm-repair/sdsl/encode.x /mnt/data/datasets/machine-learning-matrices-split/glove.csv.32.10.A.vc.R 
Integer vector compression time: 0.0323
==== OLE
Command: /home/louza/mm-repair/ole/encode.x /mnt/data/datasets/machine-learning-matrices-split/glove.csv.32.10.A.vc.C 
Command: /home/louza/mm-repair/ole/encode.x /mnt/data/datasets/machine-learning-matrices-split/glove.csv.32.10.B.vc 
OLE time: 0.4043
==== Ans-fold compression
Command: /home/louza/mm-repair/ans/encode.x /mnt/data/datasets/machine-learning-matrices-split/glove.csv.32.10.A.vc.C 
Command: /home/louza/mm-repair/ans/encode.x /mnt/data/datasets/machine-learning-matrices-split/glove.csv.32.10.B.vc
Ans-fold time: 9.1223
==== Integer vector .C compression
Command: /home/louza/mm-repair/sdsl/encode.x /mnt/data/datasets/machine-learning-matrices-split/glove.csv.32.11.A.vc.C 
==== Integer vector .R compression
Command: /home/louza/mm-repair/sdsl/encode.x /mnt/data/datasets/machine-learning-matrices-split/glove.csv.32.11.A.vc.R 
Integer vector compression time: 0.4768
==== OLE
Command: /home/louza/mm-repair/ole/encode.x /mnt/data/datasets/machine-learning-matrices-split/glove.csv.32.11.A.vc.C 
Command: /home/louza/mm-repair/ole/encode.x /mnt/data/datasets/machine-learning-matrices-split/glove.csv.32.11.B.vc 
OLE time: 0.4931
==== Ans-fold compression
Command: /home/louza/mm-repair/ans/encode.x /mnt/data/datasets/machine-learning-matrices-split/glove.csv.32.11.A.vc.C 
Command: /home/louza/mm-repair/ans/encode.x /mnt/data/datasets/machine-learning-matrices-split/glove.csv.32.11.B.vc
Ans-fold time: 10.0639
==== Integer vector .C compression
Command: /home/louza/mm-repair/sdsl/encode.x /mnt/data/datasets/machine-learning-matrices-split/glove.csv.32.12.A.vc.C 
==== Integer vector .R compression
Command: /home/louza/mm-repair/sdsl/encode.x /mnt/data/datasets/machine-learning-matrices-split/glove.csv.32.12.A.vc.R 
Integer vector compression time: 0.0888
==== OLE
Command: /home/louza/mm-repair/ole/encode.x /mnt/data/datasets/machine-learning-matrices-split/glove.csv.32.12.A.vc.C 
Command: /home/louza/mm-repair/ole/encode.x /mnt/data/datasets/machine-learning-matrices-split/glove.csv.32.12.B.vc 
OLE time: 0.6503
==== Ans-fold compression
Command: /home/louza/mm-repair/ans/encode.x /mnt/data/datasets/machine-learning-matrices-split/glove.csv.32.12.A.vc.C 
Command: /home/louza/mm-repair/ans/encode.x /mnt/data/datasets/machine-learning-matrices-split/glove.csv.32.12.B.vc
Ans-fold time: 10.9306
==== Integer vector .C compression
Command: /home/louza/mm-repair/sdsl/encode.x /mnt/data/datasets/machine-learning-matrices-split/glove.csv.32.13.A.vc.C 
==== Integer vector .R compression
Command: /home/louza/mm-repair/sdsl/encode.x /mnt/data/datasets/machine-learning-matrices-split/glove.csv.32.13.A.vc.R 
Integer vector compression time: 0.0731
==== OLE
Command: /home/louza/mm-repair/ole/encode.x /mnt/data/datasets/machine-learning-matrices-split/glove.csv.32.13.A.vc.C 
Command: /home/louza/mm-repair/ole/encode.x /mnt/data/datasets/machine-learning-matrices-split/glove.csv.32.13.B.vc 
OLE time: 0.5136
==== Ans-fold compression
Command: /home/louza/mm-repair/ans/encode.x /mnt/data/datasets/machine-learning-matrices-split/glove.csv.32.13.A.vc.C 
Command: /home/louza/mm-repair/ans/encode.x /mnt/data/datasets/machine-learning-matrices-split/glove.csv.32.13.B.vc
Ans-fold time: 11.5448
==== Integer vector .C compression
Command: /home/louza/mm-repair/sdsl/encode.x /mnt/data/datasets/machine-learning-matrices-split/glove.csv.32.14.A.vc.C 
==== Integer vector .R compression
Command: /home/louza/mm-repair/sdsl/encode.x /mnt/data/datasets/machine-learning-matrices-split/glove.csv.32.14.A.vc.R 
Integer vector compression time: 0.0950
==== OLE
Command: /home/louza/mm-repair/ole/encode.x /mnt/data/datasets/machine-learning-matrices-split/glove.csv.32.14.A.vc.C 
Command: /home/louza/mm-repair/ole/encode.x /mnt/data/datasets/machine-learning-matrices-split/glove.csv.32.14.B.vc 
OLE time: 0.6249
==== Ans-fold compression
Command: /home/louza/mm-repair/ans/encode.x /mnt/data/datasets/machine-learning-matrices-split/glove.csv.32.14.A.vc.C 
Command: /home/louza/mm-repair/ans/encode.x /mnt/data/datasets/machine-learning-matrices-split/glove.csv.32.14.B.vc
Ans-fold time: 12.4743
==== Integer vector .C compression
Command: /home/louza/mm-repair/sdsl/encode.x /mnt/data/datasets/machine-learning-matrices-split/glove.csv.32.15.A.vc.C 
==== Integer vector .R compression
Command: /home/louza/mm-repair/sdsl/encode.x /mnt/data/datasets/machine-learning-matrices-split/glove.csv.32.15.A.vc.R 
Integer vector compression time: 0.1243
==== OLE
Command: /home/louza/mm-repair/ole/encode.x /mnt/data/datasets/machine-learning-matrices-split/glove.csv.32.15.A.vc.C 
Command: /home/louza/mm-repair/ole/encode.x /mnt/data/datasets/machine-learning-matrices-split/glove.csv.32.15.B.vc 
OLE time: 0.5887
==== Ans-fold compression
Command: /home/louza/mm-repair/ans/encode.x /mnt/data/datasets/machine-learning-matrices-split/glove.csv.32.15.A.vc.C 
Command: /home/louza/mm-repair/ans/encode.x /mnt/data/datasets/machine-learning-matrices-split/glove.csv.32.15.B.vc
Ans-fold time: 13.1895
==== Integer vector .C compression
Command: /home/louza/mm-repair/sdsl/encode.x /mnt/data/datasets/machine-learning-matrices-split/glove.csv.32.16.A.vc.C 
==== Integer vector .R compression
Command: /home/louza/mm-repair/sdsl/encode.x /mnt/data/datasets/machine-learning-matrices-split/glove.csv.32.16.A.vc.R 
Integer vector compression time: 0.0776
==== OLE
Command: /home/louza/mm-repair/ole/encode.x /mnt/data/datasets/machine-learning-matrices-split/glove.csv.32.16.A.vc.C 
Command: /home/louza/mm-repair/ole/encode.x /mnt/data/datasets/machine-learning-matrices-split/glove.csv.32.16.B.vc 
OLE time: 0.5520
==== Ans-fold compression
Command: /home/louza/mm-repair/ans/encode.x /mnt/data/datasets/machine-learning-matrices-split/glove.csv.32.16.A.vc.C 
Command: /home/louza/mm-repair/ans/encode.x /mnt/data/datasets/machine-learning-matrices-split/glove.csv.32.16.B.vc
Ans-fold time: 13.9234
==== Integer vector .C compression
Command: /home/louza/mm-repair/sdsl/encode.x /mnt/data/datasets/machine-learning-matrices-split/glove.csv.32.17.A.vc.C 
==== Integer vector .R compression
Command: /home/louza/mm-repair/sdsl/encode.x /mnt/data/datasets/machine-learning-matrices-split/glove.csv.32.17.A.vc.R 
Integer vector compression time: 0.0516
==== OLE
Command: /home/louza/mm-repair/ole/encode.x /mnt/data/datasets/machine-learning-matrices-split/glove.csv.32.17.A.vc.C 
Command: /home/louza/mm-repair/ole/encode.x /mnt/data/datasets/machine-learning-matrices-split/glove.csv.32.17.B.vc 
OLE time: 0.3482
==== Ans-fold compression
Command: /home/louza/mm-repair/ans/encode.x /mnt/data/datasets/machine-learning-matrices-split/glove.csv.32.17.A.vc.C 
Command: /home/louza/mm-repair/ans/encode.x /mnt/data/datasets/machine-learning-matrices-split/glove.csv.32.17.B.vc
Ans-fold time: 14.5872
==== Integer vector .C compression
Command: /home/louza/mm-repair/sdsl/encode.x /mnt/data/datasets/machine-learning-matrices-split/glove.csv.32.18.A.vc.C 
==== Integer vector .R compression
Command: /home/louza/mm-repair/sdsl/encode.x /mnt/data/datasets/machine-learning-matrices-split/glove.csv.32.18.A.vc.R 
Integer vector compression time: 0.0515
==== OLE
Command: /home/louza/mm-repair/ole/encode.x /mnt/data/datasets/machine-learning-matrices-split/glove.csv.32.18.A.vc.C 
Command: /home/louza/mm-repair/ole/encode.x /mnt/data/datasets/machine-learning-matrices-split/glove.csv.32.18.B.vc 
OLE time: 0.5266
==== Ans-fold compression
Command: /home/louza/mm-repair/ans/encode.x /mnt/data/datasets/machine-learning-matrices-split/glove.csv.32.18.A.vc.C 
Command: /home/louza/mm-repair/ans/encode.x /mnt/data/datasets/machine-learning-matrices-split/glove.csv.32.18.B.vc
Ans-fold time: 15.6073
==== Integer vector .C compression
Command: /home/louza/mm-repair/sdsl/encode.x /mnt/data/datasets/machine-learning-matrices-split/glove.csv.32.19.A.vc.C 
==== Integer vector .R compression
Command: /home/louza/mm-repair/sdsl/encode.x /mnt/data/datasets/machine-learning-matrices-split/glove.csv.32.19.A.vc.R 
Integer vector compression time: 0.2171
==== OLE
Command: /home/louza/mm-repair/ole/encode.x /mnt/data/datasets/machine-learning-matrices-split/glove.csv.32.19.A.vc.C 
Command: /home/louza/mm-repair/ole/encode.x /mnt/data/datasets/machine-learning-matrices-split/glove.csv.32.19.B.vc 
OLE time: 0.9093
==== Ans-fold compression
Command: /home/louza/mm-repair/ans/encode.x /mnt/data/datasets/machine-learning-matrices-split/glove.csv.32.19.A.vc.C 
Command: /home/louza/mm-repair/ans/encode.x /mnt/data/datasets/machine-learning-matrices-split/glove.csv.32.19.B.vc
Ans-fold time: 16.5708
==== Integer vector .C compression
Command: /home/louza/mm-repair/sdsl/encode.x /mnt/data/datasets/machine-learning-matrices-split/glove.csv.32.20.A.vc.C 
==== Integer vector .R compression
Command: /home/louza/mm-repair/sdsl/encode.x /mnt/data/datasets/machine-learning-matrices-split/glove.csv.32.20.A.vc.R 
Integer vector compression time: 0.1139
==== OLE
Command: /home/louza/mm-repair/ole/encode.x /mnt/data/datasets/machine-learning-matrices-split/glove.csv.32.20.A.vc.C 
Command: /home/louza/mm-repair/ole/encode.x /mnt/data/datasets/machine-learning-matrices-split/glove.csv.32.20.B.vc 
OLE time: 0.9122
==== Ans-fold compression
Command: /home/louza/mm-repair/ans/encode.x /mnt/data/datasets/machine-learning-matrices-split/glove.csv.32.20.A.vc.C 
Command: /home/louza/mm-repair/ans/encode.x /mnt/data/datasets/machine-learning-matrices-split/glove.csv.32.20.B.vc
Ans-fold time: 17.7786
==== Integer vector .C compression
Command: /home/louza/mm-repair/sdsl/encode.x /mnt/data/datasets/machine-learning-matrices-split/glove.csv.32.21.A.vc.C 
==== Integer vector .R compression
Command: /home/louza/mm-repair/sdsl/encode.x /mnt/data/datasets/machine-learning-matrices-split/glove.csv.32.21.A.vc.R 
Integer vector compression time: 0.1305
==== OLE
Command: /home/louza/mm-repair/ole/encode.x /mnt/data/datasets/machine-learning-matrices-split/glove.csv.32.21.A.vc.C 
Command: /home/louza/mm-repair/ole/encode.x /mnt/data/datasets/machine-learning-matrices-split/glove.csv.32.21.B.vc 
OLE time: 0.6017
==== Ans-fold compression
Command: /home/louza/mm-repair/ans/encode.x /mnt/data/datasets/machine-learning-matrices-split/glove.csv.32.21.A.vc.C 
Command: /home/louza/mm-repair/ans/encode.x /mnt/data/datasets/machine-learning-matrices-split/glove.csv.32.21.B.vc
Ans-fold time: 18.3598
==== Integer vector .C compression
Command: /home/louza/mm-repair/sdsl/encode.x /mnt/data/datasets/machine-learning-matrices-split/glove.csv.32.22.A.vc.C 
==== Integer vector .R compression
Command: /home/louza/mm-repair/sdsl/encode.x /mnt/data/datasets/machine-learning-matrices-split/glove.csv.32.22.A.vc.R 
Integer vector compression time: 0.1133
==== OLE
Command: /home/louza/mm-repair/ole/encode.x /mnt/data/datasets/machine-learning-matrices-split/glove.csv.32.22.A.vc.C 
Command: /home/louza/mm-repair/ole/encode.x /mnt/data/datasets/machine-learning-matrices-split/glove.csv.32.22.B.vc 
OLE time: 0.6745
==== Ans-fold compression
Command: /home/louza/mm-repair/ans/encode.x /mnt/data/datasets/machine-learning-matrices-split/glove.csv.32.22.A.vc.C 
Command: /home/louza/mm-repair/ans/encode.x /mnt/data/datasets/machine-learning-matrices-split/glove.csv.32.22.B.vc
Ans-fold time: 18.9023
==== Integer vector .C compression
Command: /home/louza/mm-repair/sdsl/encode.x /mnt/data/datasets/machine-learning-matrices-split/glove.csv.32.23.A.vc.C 
==== Integer vector .R compression
Command: /home/louza/mm-repair/sdsl/encode.x /mnt/data/datasets/machine-learning-matrices-split/glove.csv.32.23.A.vc.R 
Integer vector compression time: 0.1621
==== OLE
Command: /home/louza/mm-repair/ole/encode.x /mnt/data/datasets/machine-learning-matrices-split/glove.csv.32.23.A.vc.C 
Command: /home/louza/mm-repair/ole/encode.x /mnt/data/datasets/machine-learning-matrices-split/glove.csv.32.23.B.vc 
OLE time: 0.8978
==== Ans-fold compression
Command: /home/louza/mm-repair/ans/encode.x /mnt/data/datasets/machine-learning-matrices-split/glove.csv.32.23.A.vc.C 
Command: /home/louza/mm-repair/ans/encode.x /mnt/data/datasets/machine-learning-matrices-split/glove.csv.32.23.B.vc
Ans-fold time: 19.5327
==== Integer vector .C compression
Command: /home/louza/mm-repair/sdsl/encode.x /mnt/data/datasets/machine-learning-matrices-split/glove.csv.32.24.A.vc.C 
==== Integer vector .R compression
Command: /home/louza/mm-repair/sdsl/encode.x /mnt/data/datasets/machine-learning-matrices-split/glove.csv.32.24.A.vc.R 
Integer vector compression time: 0.2714
==== OLE
Command: /home/louza/mm-repair/ole/encode.x /mnt/data/datasets/machine-learning-matrices-split/glove.csv.32.24.A.vc.C 
Command: /home/louza/mm-repair/ole/encode.x /mnt/data/datasets/machine-learning-matrices-split/glove.csv.32.24.B.vc 
OLE time: 0.5524
==== Ans-fold compression
Command: /home/louza/mm-repair/ans/encode.x /mnt/data/datasets/machine-learning-matrices-split/glove.csv.32.24.A.vc.C 
Command: /home/louza/mm-repair/ans/encode.x /mnt/data/datasets/machine-learning-matrices-split/glove.csv.32.24.B.vc
Ans-fold time: 20.3805
==== Integer vector .C compression
Command: /home/louza/mm-repair/sdsl/encode.x /mnt/data/datasets/machine-learning-matrices-split/glove.csv.32.25.A.vc.C 
==== Integer vector .R compression
Command: /home/louza/mm-repair/sdsl/encode.x /mnt/data/datasets/machine-learning-matrices-split/glove.csv.32.25.A.vc.R 
Integer vector compression time: 0.1348
==== OLE
Command: /home/louza/mm-repair/ole/encode.x /mnt/data/datasets/machine-learning-matrices-split/glove.csv.32.25.A.vc.C 
Command: /home/louza/mm-repair/ole/encode.x /mnt/data/datasets/machine-learning-matrices-split/glove.csv.32.25.B.vc 
OLE time: 0.7690
==== Ans-fold compression
Command: /home/louza/mm-repair/ans/encode.x /mnt/data/datasets/machine-learning-matrices-split/glove.csv.32.25.A.vc.C 
Command: /home/louza/mm-repair/ans/encode.x /mnt/data/datasets/machine-learning-matrices-split/glove.csv.32.25.B.vc
Ans-fold time: 21.4429
==== Integer vector .C compression
Command: /home/louza/mm-repair/sdsl/encode.x /mnt/data/datasets/machine-learning-matrices-split/glove.csv.32.26.A.vc.C 
==== Integer vector .R compression
Command: /home/louza/mm-repair/sdsl/encode.x /mnt/data/datasets/machine-learning-matrices-split/glove.csv.32.26.A.vc.R 
Integer vector compression time: 0.0339
==== OLE
Command: /home/louza/mm-repair/ole/encode.x /mnt/data/datasets/machine-learning-matrices-split/glove.csv.32.26.A.vc.C 
Command: /home/louza/mm-repair/ole/encode.x /mnt/data/datasets/machine-learning-matrices-split/glove.csv.32.26.B.vc 
OLE time: 0.5153
==== Ans-fold compression
Command: /home/louza/mm-repair/ans/encode.x /mnt/data/datasets/machine-learning-matrices-split/glove.csv.32.26.A.vc.C 
Command: /home/louza/mm-repair/ans/encode.x /mnt/data/datasets/machine-learning-matrices-split/glove.csv.32.26.B.vc
Ans-fold time: 22.3899
==== Integer vector .C compression
Command: /home/louza/mm-repair/sdsl/encode.x /mnt/data/datasets/machine-learning-matrices-split/glove.csv.32.27.A.vc.C 
==== Integer vector .R compression
Command: /home/louza/mm-repair/sdsl/encode.x /mnt/data/datasets/machine-learning-matrices-split/glove.csv.32.27.A.vc.R 
Integer vector compression time: 0.2463
==== OLE
Command: /home/louza/mm-repair/ole/encode.x /mnt/data/datasets/machine-learning-matrices-split/glove.csv.32.27.A.vc.C 
Command: /home/louza/mm-repair/ole/encode.x /mnt/data/datasets/machine-learning-matrices-split/glove.csv.32.27.B.vc 
OLE time: 1.3024
==== Ans-fold compression
Command: /home/louza/mm-repair/ans/encode.x /mnt/data/datasets/machine-learning-matrices-split/glove.csv.32.27.A.vc.C 
Command: /home/louza/mm-repair/ans/encode.x /mnt/data/datasets/machine-learning-matrices-split/glove.csv.32.27.B.vc
Ans-fold time: 24.0765
==== Integer vector .C compression
Command: /home/louza/mm-repair/sdsl/encode.x /mnt/data/datasets/machine-learning-matrices-split/glove.csv.32.28.A.vc.C 
==== Integer vector .R compression
Command: /home/louza/mm-repair/sdsl/encode.x /mnt/data/datasets/machine-learning-matrices-split/glove.csv.32.28.A.vc.R 
Integer vector compression time: 0.3927
==== OLE
Command: /home/louza/mm-repair/ole/encode.x /mnt/data/datasets/machine-learning-matrices-split/glove.csv.32.28.A.vc.C 
Command: /home/louza/mm-repair/ole/encode.x /mnt/data/datasets/machine-learning-matrices-split/glove.csv.32.28.B.vc 
OLE time: 0.9660
==== Ans-fold compression
Command: /home/louza/mm-repair/ans/encode.x /mnt/data/datasets/machine-learning-matrices-split/glove.csv.32.28.A.vc.C 
Command: /home/louza/mm-repair/ans/encode.x /mnt/data/datasets/machine-learning-matrices-split/glove.csv.32.28.B.vc
Ans-fold time: 25.7203
==== Integer vector .C compression
Command: /home/louza/mm-repair/sdsl/encode.x /mnt/data/datasets/machine-learning-matrices-split/glove.csv.32.29.A.vc.C 
==== Integer vector .R compression
Command: /home/louza/mm-repair/sdsl/encode.x /mnt/data/datasets/machine-learning-matrices-split/glove.csv.32.29.A.vc.R 
Integer vector compression time: 0.3636
==== OLE
Command: /home/louza/mm-repair/ole/encode.x /mnt/data/datasets/machine-learning-matrices-split/glove.csv.32.29.A.vc.C 
Command: /home/louza/mm-repair/ole/encode.x /mnt/data/datasets/machine-learning-matrices-split/glove.csv.32.29.B.vc 
OLE time: 0.7203
==== Ans-fold compression
Command: /home/louza/mm-repair/ans/encode.x /mnt/data/datasets/machine-learning-matrices-split/glove.csv.32.29.A.vc.C 
Command: /home/louza/mm-repair/ans/encode.x /mnt/data/datasets/machine-learning-matrices-split/glove.csv.32.29.B.vc
Ans-fold time: 26.9370
==== Integer vector .C compression
Command: /home/louza/mm-repair/sdsl/encode.x /mnt/data/datasets/machine-learning-matrices-split/glove.csv.32.30.A.vc.C 
==== Integer vector .R compression
Command: /home/louza/mm-repair/sdsl/encode.x /mnt/data/datasets/machine-learning-matrices-split/glove.csv.32.30.A.vc.R 
Integer vector compression time: 0.1096
==== OLE
Command: /home/louza/mm-repair/ole/encode.x /mnt/data/datasets/machine-learning-matrices-split/glove.csv.32.30.A.vc.C 
Command: /home/louza/mm-repair/ole/encode.x /mnt/data/datasets/machine-learning-matrices-split/glove.csv.32.30.B.vc 
OLE time: 1.1361
==== Ans-fold compression
Command: /home/louza/mm-repair/ans/encode.x /mnt/data/datasets/machine-learning-matrices-split/glove.csv.32.30.A.vc.C 
Command: /home/louza/mm-repair/ans/encode.x /mnt/data/datasets/machine-learning-matrices-split/glove.csv.32.30.B.vc
Ans-fold time: 27.6555
==== Integer vector .C compression
Command: /home/louza/mm-repair/sdsl/encode.x /mnt/data/datasets/machine-learning-matrices-split/glove.csv.32.31.A.vc.C 
==== Integer vector .R compression
Command: /home/louza/mm-repair/sdsl/encode.x /mnt/data/datasets/machine-learning-matrices-split/glove.csv.32.31.A.vc.R 
Integer vector compression time: 0.0816
==== OLE
Command: /home/louza/mm-repair/ole/encode.x /mnt/data/datasets/machine-learning-matrices-split/glove.csv.32.31.A.vc.C 
Command: /home/louza/mm-repair/ole/encode.x /mnt/data/datasets/machine-learning-matrices-split/glove.csv.32.31.B.vc 
OLE time: 0.3141
==== Ans-fold compression
Command: /home/louza/mm-repair/ans/encode.x /mnt/data/datasets/machine-learning-matrices-split/glove.csv.32.31.A.vc.C 
Command: /home/louza/mm-repair/ans/encode.x /mnt/data/datasets/machine-learning-matrices-split/glove.csv.32.31.B.vc
Ans-fold time: 28.3958
Command: /home/louza/mm-repair/ans/encode.x /mnt/data/datasets/machine-learning-matrices-split/glove.csv.wcode 
Elapsed time: 1322.5373
==== Compression Report:
 >> matrix name: /mnt/data/datasets/machine-learning-matrices-split/glove.csv
 >> conversion time: 1264.80
 >> repair time: 0.24
 >> integer vectors time: 0.08
 >> ansf time: 28.40
 >> total time: 1322.54
 >> wcode: 226590916 bytes
 >> wcode_ans: 16430594 bytes
 >> matrix log(alpha)xNumEntries size: 300000000 bytes
 >> matrix dense size: 960000000 bytes
 >> total number of nonzero: 0 (0.00%)
 >> number of distinct nonzero: 717119
 >> CRSV  size: 7336952 bytes  (0.76%)
 >> B	  size: 481600000 bytes  (50.17%)
 >> B_ans size: 284453114 bytes  (29.63%)
 >> RE32  size: 518381110 bytes  (54.00%)
 >> REIV  size: 516831990 bytes  (53.84%)
 >> REANS size: 306622676 bytes  (31.94%)
==== Done
REANS -b 20

#### 2026-09-08 08:51:11
 Command line: ./mm-repair/matrepair -r -b 20 -p 20 /mnt/data/datasets/machine-learning-matrices-split/glove.csv 400000 300 
Setting memory for each repair instance to 23202 MBs
Sending logging messages to file: /mnt/data/datasets/machine-learning-matrices-split/glove.csv.log
==== Conversion bin/csv->csrv
Command: /home/louza/mm-repair/csvmat2csrv -b 20   /mnt/data/datasets/machine-learning-matrices-split/glove.csv -r 0   400000 300
Conversion time: 860.4267
==== Repair paralell compression
---- Executing 20 parallel processes
---- Parallel processing completed
Repair time: 5.5118
==== Integer vector .C compression
Command: /home/louza/mm-repair/sdsl/encode.x /mnt/data/datasets/machine-learning-matrices-split/glove.csv.20.0.vc.C 
==== Integer vector .R compression
Command: /home/louza/mm-repair/sdsl/encode.x /mnt/data/datasets/machine-learning-matrices-split/glove.csv.20.0.vc.R 
Integer vector compression time: 0.2265
==== Ans-fold compression
Command: /home/louza/mm-repair/ans/encode.x /mnt/data/datasets/machine-learning-matrices-split/glove.csv.20.0.vc.C 
Ans-fold time: 3.4537
==== Integer vector .C compression
Command: /home/louza/mm-repair/sdsl/encode.x /mnt/data/datasets/machine-learning-matrices-split/glove.csv.20.1.vc.C 
==== Integer vector .R compression
Command: /home/louza/mm-repair/sdsl/encode.x /mnt/data/datasets/machine-learning-matrices-split/glove.csv.20.1.vc.R 
Integer vector compression time: 0.2042
==== Ans-fold compression
Command: /home/louza/mm-repair/ans/encode.x /mnt/data/datasets/machine-learning-matrices-split/glove.csv.20.1.vc.C 
Ans-fold time: 6.8743
==== Integer vector .C compression
Command: /home/louza/mm-repair/sdsl/encode.x /mnt/data/datasets/machine-learning-matrices-split/glove.csv.20.2.vc.C 
==== Integer vector .R compression
Command: /home/louza/mm-repair/sdsl/encode.x /mnt/data/datasets/machine-learning-matrices-split/glove.csv.20.2.vc.R 
Integer vector compression time: 0.2357
==== Ans-fold compression
Command: /home/louza/mm-repair/ans/encode.x /mnt/data/datasets/machine-learning-matrices-split/glove.csv.20.2.vc.C 
Ans-fold time: 10.0315
==== Integer vector .C compression
Command: /home/louza/mm-repair/sdsl/encode.x /mnt/data/datasets/machine-learning-matrices-split/glove.csv.20.3.vc.C 
==== Integer vector .R compression
Command: /home/louza/mm-repair/sdsl/encode.x /mnt/data/datasets/machine-learning-matrices-split/glove.csv.20.3.vc.R 
Integer vector compression time: 0.2936
==== Ans-fold compression
Command: /home/louza/mm-repair/ans/encode.x /mnt/data/datasets/machine-learning-matrices-split/glove.csv.20.3.vc.C 
Ans-fold time: 18.7309
==== Integer vector .C compression
Command: /home/louza/mm-repair/sdsl/encode.x /mnt/data/datasets/machine-learning-matrices-split/glove.csv.20.4.vc.C 
==== Integer vector .R compression
Command: /home/louza/mm-repair/sdsl/encode.x /mnt/data/datasets/machine-learning-matrices-split/glove.csv.20.4.vc.R 
Integer vector compression time: 0.2773
==== Ans-fold compression
Command: /home/louza/mm-repair/ans/encode.x /mnt/data/datasets/machine-learning-matrices-split/glove.csv.20.4.vc.C 
Ans-fold time: 26.6887
==== Integer vector .C compression
Command: /home/louza/mm-repair/sdsl/encode.x /mnt/data/datasets/machine-learning-matrices-split/glove.csv.20.5.vc.C 
==== Integer vector .R compression
Command: /home/louza/mm-repair/sdsl/encode.x /mnt/data/datasets/machine-learning-matrices-split/glove.csv.20.5.vc.R 
Integer vector compression time: 0.3032
==== Ans-fold compression
Command: /home/louza/mm-repair/ans/encode.x /mnt/data/datasets/machine-learning-matrices-split/glove.csv.20.5.vc.C 
Ans-fold time: 31.6997
==== Integer vector .C compression
Command: /home/louza/mm-repair/sdsl/encode.x /mnt/data/datasets/machine-learning-matrices-split/glove.csv.20.6.vc.C 
==== Integer vector .R compression
Command: /home/louza/mm-repair/sdsl/encode.x /mnt/data/datasets/machine-learning-matrices-split/glove.csv.20.6.vc.R 
Integer vector compression time: 0.2539
==== Ans-fold compression
Command: /home/louza/mm-repair/ans/encode.x /mnt/data/datasets/machine-learning-matrices-split/glove.csv.20.6.vc.C 
Ans-fold time: 36.1895
==== Integer vector .C compression
Command: /home/louza/mm-repair/sdsl/encode.x /mnt/data/datasets/machine-learning-matrices-split/glove.csv.20.7.vc.C 
==== Integer vector .R compression
Command: /home/louza/mm-repair/sdsl/encode.x /mnt/data/datasets/machine-learning-matrices-split/glove.csv.20.7.vc.R 
Integer vector compression time: 0.8108
==== Ans-fold compression
Command: /home/louza/mm-repair/ans/encode.x /mnt/data/datasets/machine-learning-matrices-split/glove.csv.20.7.vc.C 
Ans-fold time: 41.7701
==== Integer vector .C compression
Command: /home/louza/mm-repair/sdsl/encode.x /mnt/data/datasets/machine-learning-matrices-split/glove.csv.20.8.vc.C 
==== Integer vector .R compression
Command: /home/louza/mm-repair/sdsl/encode.x /mnt/data/datasets/machine-learning-matrices-split/glove.csv.20.8.vc.R 
Integer vector compression time: 0.2394
==== Ans-fold compression
Command: /home/louza/mm-repair/ans/encode.x /mnt/data/datasets/machine-learning-matrices-split/glove.csv.20.8.vc.C 
Ans-fold time: 46.4114
==== Integer vector .C compression
Command: /home/louza/mm-repair/sdsl/encode.x /mnt/data/datasets/machine-learning-matrices-split/glove.csv.20.9.vc.C 
==== Integer vector .R compression
Command: /home/louza/mm-repair/sdsl/encode.x /mnt/data/datasets/machine-learning-matrices-split/glove.csv.20.9.vc.R 
Integer vector compression time: 0.6863
==== Ans-fold compression
Command: /home/louza/mm-repair/ans/encode.x /mnt/data/datasets/machine-learning-matrices-split/glove.csv.20.9.vc.C 
Ans-fold time: 50.6503
==== Integer vector .C compression
Command: /home/louza/mm-repair/sdsl/encode.x /mnt/data/datasets/machine-learning-matrices-split/glove.csv.20.10.vc.C 
==== Integer vector .R compression
Command: /home/louza/mm-repair/sdsl/encode.x /mnt/data/datasets/machine-learning-matrices-split/glove.csv.20.10.vc.R 
Integer vector compression time: 0.2293
==== Ans-fold compression
Command: /home/louza/mm-repair/ans/encode.x /mnt/data/datasets/machine-learning-matrices-split/glove.csv.20.10.vc.C 
Ans-fold time: 54.2082
==== Integer vector .C compression
Command: /home/louza/mm-repair/sdsl/encode.x /mnt/data/datasets/machine-learning-matrices-split/glove.csv.20.11.vc.C 
==== Integer vector .R compression
Command: /home/louza/mm-repair/sdsl/encode.x /mnt/data/datasets/machine-learning-matrices-split/glove.csv.20.11.vc.R 
Integer vector compression time: 0.2197
==== Ans-fold compression
Command: /home/louza/mm-repair/ans/encode.x /mnt/data/datasets/machine-learning-matrices-split/glove.csv.20.11.vc.C 
Ans-fold time: 57.5536
==== Integer vector .C compression
Command: /home/louza/mm-repair/sdsl/encode.x /mnt/data/datasets/machine-learning-matrices-split/glove.csv.20.12.vc.C 
==== Integer vector .R compression
Command: /home/louza/mm-repair/sdsl/encode.x /mnt/data/datasets/machine-learning-matrices-split/glove.csv.20.12.vc.R 
Integer vector compression time: 0.2170
==== Ans-fold compression
Command: /home/louza/mm-repair/ans/encode.x /mnt/data/datasets/machine-learning-matrices-split/glove.csv.20.12.vc.C 
Ans-fold time: 60.6716
==== Integer vector .C compression
Command: /home/louza/mm-repair/sdsl/encode.x /mnt/data/datasets/machine-learning-matrices-split/glove.csv.20.13.vc.C 
==== Integer vector .R compression
Command: /home/louza/mm-repair/sdsl/encode.x /mnt/data/datasets/machine-learning-matrices-split/glove.csv.20.13.vc.R 
Integer vector compression time: 0.2082
==== Ans-fold compression
Command: /home/louza/mm-repair/ans/encode.x /mnt/data/datasets/machine-learning-matrices-split/glove.csv.20.13.vc.C 
Ans-fold time: 63.8029
==== Integer vector .C compression
Command: /home/louza/mm-repair/sdsl/encode.x /mnt/data/datasets/machine-learning-matrices-split/glove.csv.20.14.vc.C 
==== Integer vector .R compression
Command: /home/louza/mm-repair/sdsl/encode.x /mnt/data/datasets/machine-learning-matrices-split/glove.csv.20.14.vc.R 
Integer vector compression time: 0.2063
==== Ans-fold compression
Command: /home/louza/mm-repair/ans/encode.x /mnt/data/datasets/machine-learning-matrices-split/glove.csv.20.14.vc.C 
Ans-fold time: 66.8570
==== Integer vector .C compression
Command: /home/louza/mm-repair/sdsl/encode.x /mnt/data/datasets/machine-learning-matrices-split/glove.csv.20.15.vc.C 
==== Integer vector .R compression
Command: /home/louza/mm-repair/sdsl/encode.x /mnt/data/datasets/machine-learning-matrices-split/glove.csv.20.15.vc.R 
Integer vector compression time: 0.2065
==== Ans-fold compression
Command: /home/louza/mm-repair/ans/encode.x /mnt/data/datasets/machine-learning-matrices-split/glove.csv.20.15.vc.C 
Ans-fold time: 69.9072
==== Integer vector .C compression
Command: /home/louza/mm-repair/sdsl/encode.x /mnt/data/datasets/machine-learning-matrices-split/glove.csv.20.16.vc.C 
==== Integer vector .R compression
Command: /home/louza/mm-repair/sdsl/encode.x /mnt/data/datasets/machine-learning-matrices-split/glove.csv.20.16.vc.R 
Integer vector compression time: 0.2048
==== Ans-fold compression
Command: /home/louza/mm-repair/ans/encode.x /mnt/data/datasets/machine-learning-matrices-split/glove.csv.20.16.vc.C 
Ans-fold time: 72.9598
==== Integer vector .C compression
Command: /home/louza/mm-repair/sdsl/encode.x /mnt/data/datasets/machine-learning-matrices-split/glove.csv.20.17.vc.C 
==== Integer vector .R compression
Command: /home/louza/mm-repair/sdsl/encode.x /mnt/data/datasets/machine-learning-matrices-split/glove.csv.20.17.vc.R 
Integer vector compression time: 0.2057
==== Ans-fold compression
Command: /home/louza/mm-repair/ans/encode.x /mnt/data/datasets/machine-learning-matrices-split/glove.csv.20.17.vc.C 
Ans-fold time: 75.9752
==== Integer vector .C compression
Command: /home/louza/mm-repair/sdsl/encode.x /mnt/data/datasets/machine-learning-matrices-split/glove.csv.20.18.vc.C 
==== Integer vector .R compression
Command: /home/louza/mm-repair/sdsl/encode.x /mnt/data/datasets/machine-learning-matrices-split/glove.csv.20.18.vc.R 
Integer vector compression time: 0.2061
==== Ans-fold compression
Command: /home/louza/mm-repair/ans/encode.x /mnt/data/datasets/machine-learning-matrices-split/glove.csv.20.18.vc.C 
Ans-fold time: 79.0034
==== Integer vector .C compression
Command: /home/louza/mm-repair/sdsl/encode.x /mnt/data/datasets/machine-learning-matrices-split/glove.csv.20.19.vc.C 
==== Integer vector .R compression
Command: /home/louza/mm-repair/sdsl/encode.x /mnt/data/datasets/machine-learning-matrices-split/glove.csv.20.19.vc.R 
Integer vector compression time: 0.2048
==== Ans-fold compression
Command: /home/louza/mm-repair/ans/encode.x /mnt/data/datasets/machine-learning-matrices-split/glove.csv.20.19.vc.C 
Ans-fold time: 82.0183
Elapsed time: 953.5975
==== Compression Report:
 >> matrix name: /mnt/data/datasets/machine-learning-matrices-split/glove.csv
 >> conversion time: 860.43
 >> repair time: 5.51
 >> integer vectors time: 0.20
 >> ansf time: 82.02
 >> total time: 953.60
 >> matrix log(alpha)xNumEntries size: 300000000 bytes
 >> matrix dense size: 960000000 bytes
 >> total number of nonzero: 120000000 (100.00%)
 >> number of distinct nonzero: 717119
 >> CRSV  size: 487336952 bytes  (50.76%)
 >> RE32  size: 487337032 bytes  (50.76%)
 >> REIV  size: 427137592 bytes  (44.49%)
 >> REANS size: 407504997 bytes  (42.45%)
==== Done

#### 2026-09-08 09:07:04
 Command line: ./mm-repair/matrepair -r -b 20 -p 20 /mnt/data/datasets/machine-learning-matrices-split/glove.csv 400000 300 --ole 
Setting memory for each repair instance to 23202 MBs
Sending logging messages to file: /mnt/data/datasets/machine-learning-matrices-split/glove.csv.log
==== Conversion bin/csv->csrv
Command: /home/louza/mm-repair/csvmat2csrv -b 20   /mnt/data/datasets/machine-learning-matrices-split/glove.csv -r 0   400000 300
Conversion time: 121.0386
==== Repair paralell compression
---- Executing 20 parallel processes
---- Parallel processing completed
Repair time: 23.9270
==== Integer vector .C compression
Command: /home/louza/mm-repair/sdsl/encode.x /mnt/data/datasets/machine-learning-matrices-split/glove.csv.20.0.vc.C 
==== Integer vector .R compression
Command: /home/louza/mm-repair/sdsl/encode.x /mnt/data/datasets/machine-learning-matrices-split/glove.csv.20.0.vc.R 
Integer vector compression time: 3.1851
==== OLE
Command: /home/louza/mm-repair/ole/encode.x /mnt/data/datasets/machine-learning-matrices-split/glove.csv.20.0.vc.C 
OLE time: 3.1375
==== Ans-fold compression
Command: /home/louza/mm-repair/ans/encode.x /mnt/data/datasets/machine-learning-matrices-split/glove.csv.20.0.vc.C 
Ans-fold time: 4.2506
==== Integer vector .C compression
Command: /home/louza/mm-repair/sdsl/encode.x /mnt/data/datasets/machine-learning-matrices-split/glove.csv.20.1.vc.C 
==== Integer vector .R compression
Command: /home/louza/mm-repair/sdsl/encode.x /mnt/data/datasets/machine-learning-matrices-split/glove.csv.20.1.vc.R 
Integer vector compression time: 5.4853
==== OLE
Command: /home/louza/mm-repair/ole/encode.x /mnt/data/datasets/machine-learning-matrices-split/glove.csv.20.1.vc.C 
OLE time: 4.4084
==== Ans-fold compression
Command: /home/louza/mm-repair/ans/encode.x /mnt/data/datasets/machine-learning-matrices-split/glove.csv.20.1.vc.C 
Ans-fold time: 8.2529
==== Integer vector .C compression
Command: /home/louza/mm-repair/sdsl/encode.x /mnt/data/datasets/machine-learning-matrices-split/glove.csv.20.2.vc.C 
==== Integer vector .R compression
Command: /home/louza/mm-repair/sdsl/encode.x /mnt/data/datasets/machine-learning-matrices-split/glove.csv.20.2.vc.R 
Integer vector compression time: 3.7143
==== OLE
Command: /home/louza/mm-repair/ole/encode.x /mnt/data/datasets/machine-learning-matrices-split/glove.csv.20.2.vc.C 
OLE time: 2.6013
==== Ans-fold compression
Command: /home/louza/mm-repair/ans/encode.x /mnt/data/datasets/machine-learning-matrices-split/glove.csv.20.2.vc.C 
Ans-fold time: 12.3213
==== Integer vector .C compression
Command: /home/louza/mm-repair/sdsl/encode.x /mnt/data/datasets/machine-learning-matrices-split/glove.csv.20.3.vc.C 
==== Integer vector .R compression
Command: /home/louza/mm-repair/sdsl/encode.x /mnt/data/datasets/machine-learning-matrices-split/glove.csv.20.3.vc.R 
Integer vector compression time: 3.5456
==== OLE
Command: /home/louza/mm-repair/ole/encode.x /mnt/data/datasets/machine-learning-matrices-split/glove.csv.20.3.vc.C 
OLE time: 3.7409
==== Ans-fold compression
Command: /home/louza/mm-repair/ans/encode.x /mnt/data/datasets/machine-learning-matrices-split/glove.csv.20.3.vc.C 
Ans-fold time: 15.7349
==== Integer vector .C compression
Command: /home/louza/mm-repair/sdsl/encode.x /mnt/data/datasets/machine-learning-matrices-split/glove.csv.20.4.vc.C 
==== Integer vector .R compression
Command: /home/louza/mm-repair/sdsl/encode.x /mnt/data/datasets/machine-learning-matrices-split/glove.csv.20.4.vc.R 
Integer vector compression time: 5.8286
==== OLE
Command: /home/louza/mm-repair/ole/encode.x /mnt/data/datasets/machine-learning-matrices-split/glove.csv.20.4.vc.C 
OLE time: 4.8083
==== Ans-fold compression
Command: /home/louza/mm-repair/ans/encode.x /mnt/data/datasets/machine-learning-matrices-split/glove.csv.20.4.vc.C 
Ans-fold time: 18.8682
==== Integer vector .C compression
Command: /home/louza/mm-repair/sdsl/encode.x /mnt/data/datasets/machine-learning-matrices-split/glove.csv.20.5.vc.C 
==== Integer vector .R compression
Command: /home/louza/mm-repair/sdsl/encode.x /mnt/data/datasets/machine-learning-matrices-split/glove.csv.20.5.vc.R 
Integer vector compression time: 4.3235
==== OLE
Command: /home/louza/mm-repair/ole/encode.x /mnt/data/datasets/machine-learning-matrices-split/glove.csv.20.5.vc.C 
OLE time: 5.5051
==== Ans-fold compression
Command: /home/louza/mm-repair/ans/encode.x /mnt/data/datasets/machine-learning-matrices-split/glove.csv.20.5.vc.C 
Ans-fold time: 22.9921
==== Integer vector .C compression
Command: /home/louza/mm-repair/sdsl/encode.x /mnt/data/datasets/machine-learning-matrices-split/glove.csv.20.6.vc.C 
==== Integer vector .R compression
Command: /home/louza/mm-repair/sdsl/encode.x /mnt/data/datasets/machine-learning-matrices-split/glove.csv.20.6.vc.R 
Integer vector compression time: 2.8690
==== OLE
Command: /home/louza/mm-repair/ole/encode.x /mnt/data/datasets/machine-learning-matrices-split/glove.csv.20.6.vc.C 
OLE time: 4.7923
==== Ans-fold compression
Command: /home/louza/mm-repair/ans/encode.x /mnt/data/datasets/machine-learning-matrices-split/glove.csv.20.6.vc.C 
Ans-fold time: 27.3911
==== Integer vector .C compression
Command: /home/louza/mm-repair/sdsl/encode.x /mnt/data/datasets/machine-learning-matrices-split/glove.csv.20.7.vc.C 
==== Integer vector .R compression
Command: /home/louza/mm-repair/sdsl/encode.x /mnt/data/datasets/machine-learning-matrices-split/glove.csv.20.7.vc.R 
Integer vector compression time: 4.4938
==== OLE
Command: /home/louza/mm-repair/ole/encode.x /mnt/data/datasets/machine-learning-matrices-split/glove.csv.20.7.vc.C 
OLE time: 4.1345
==== Ans-fold compression
Command: /home/louza/mm-repair/ans/encode.x /mnt/data/datasets/machine-learning-matrices-split/glove.csv.20.7.vc.C 
Ans-fold time: 30.6877
==== Integer vector .C compression
Command: /home/louza/mm-repair/sdsl/encode.x /mnt/data/datasets/machine-learning-matrices-split/glove.csv.20.8.vc.C 
==== Integer vector .R compression
Command: /home/louza/mm-repair/sdsl/encode.x /mnt/data/datasets/machine-learning-matrices-split/glove.csv.20.8.vc.R 
Integer vector compression time: 4.7817
==== OLE
Command: /home/louza/mm-repair/ole/encode.x /mnt/data/datasets/machine-learning-matrices-split/glove.csv.20.8.vc.C 
OLE time: 4.4057
==== Ans-fold compression
Command: /home/louza/mm-repair/ans/encode.x /mnt/data/datasets/machine-learning-matrices-split/glove.csv.20.8.vc.C 
Ans-fold time: 35.6610
==== Integer vector .C compression
Command: /home/louza/mm-repair/sdsl/encode.x /mnt/data/datasets/machine-learning-matrices-split/glove.csv.20.9.vc.C 
==== Integer vector .R compression
Command: /home/louza/mm-repair/sdsl/encode.x /mnt/data/datasets/machine-learning-matrices-split/glove.csv.20.9.vc.R 
Integer vector compression time: 3.3545
==== OLE
Command: /home/louza/mm-repair/ole/encode.x /mnt/data/datasets/machine-learning-matrices-split/glove.csv.20.9.vc.C 
OLE time: 2.9742
==== Ans-fold compression
Command: /home/louza/mm-repair/ans/encode.x /mnt/data/datasets/machine-learning-matrices-split/glove.csv.20.9.vc.C 
Ans-fold time: 38.6592
==== Integer vector .C compression
Command: /home/louza/mm-repair/sdsl/encode.x /mnt/data/datasets/machine-learning-matrices-split/glove.csv.20.10.vc.C 
==== Integer vector .R compression
Command: /home/louza/mm-repair/sdsl/encode.x /mnt/data/datasets/machine-learning-matrices-split/glove.csv.20.10.vc.R 
Integer vector compression time: 2.4763
==== OLE
Command: /home/louza/mm-repair/ole/encode.x /mnt/data/datasets/machine-learning-matrices-split/glove.csv.20.10.vc.C 
OLE time: 5.1892
==== Ans-fold compression
Command: /home/louza/mm-repair/ans/encode.x /mnt/data/datasets/machine-learning-matrices-split/glove.csv.20.10.vc.C 
Ans-fold time: 41.8203
==== Integer vector .C compression
Command: /home/louza/mm-repair/sdsl/encode.x /mnt/data/datasets/machine-learning-matrices-split/glove.csv.20.11.vc.C 
==== Integer vector .R compression
Command: /home/louza/mm-repair/sdsl/encode.x /mnt/data/datasets/machine-learning-matrices-split/glove.csv.20.11.vc.R 
Integer vector compression time: 3.6022
==== OLE
Command: /home/louza/mm-repair/ole/encode.x /mnt/data/datasets/machine-learning-matrices-split/glove.csv.20.11.vc.C 
OLE time: 4.5950
==== Ans-fold compression
Command: /home/louza/mm-repair/ans/encode.x /mnt/data/datasets/machine-learning-matrices-split/glove.csv.20.11.vc.C 
Ans-fold time: 45.7807
==== Integer vector .C compression
Command: /home/louza/mm-repair/sdsl/encode.x /mnt/data/datasets/machine-learning-matrices-split/glove.csv.20.12.vc.C 
==== Integer vector .R compression
Command: /home/louza/mm-repair/sdsl/encode.x /mnt/data/datasets/machine-learning-matrices-split/glove.csv.20.12.vc.R 
Integer vector compression time: 2.8079
==== OLE
Command: /home/louza/mm-repair/ole/encode.x /mnt/data/datasets/machine-learning-matrices-split/glove.csv.20.12.vc.C 
OLE time: 5.5975
==== Ans-fold compression
Command: /home/louza/mm-repair/ans/encode.x /mnt/data/datasets/machine-learning-matrices-split/glove.csv.20.12.vc.C 
Ans-fold time: 50.0592
==== Integer vector .C compression
Command: /home/louza/mm-repair/sdsl/encode.x /mnt/data/datasets/machine-learning-matrices-split/glove.csv.20.13.vc.C 
==== Integer vector .R compression
Command: /home/louza/mm-repair/sdsl/encode.x /mnt/data/datasets/machine-learning-matrices-split/glove.csv.20.13.vc.R 
Integer vector compression time: 4.8448
==== OLE
Command: /home/louza/mm-repair/ole/encode.x /mnt/data/datasets/machine-learning-matrices-split/glove.csv.20.13.vc.C 
OLE time: 6.0259
==== Ans-fold compression
Command: /home/louza/mm-repair/ans/encode.x /mnt/data/datasets/machine-learning-matrices-split/glove.csv.20.13.vc.C 
Ans-fold time: 54.1273
==== Integer vector .C compression
Command: /home/louza/mm-repair/sdsl/encode.x /mnt/data/datasets/machine-learning-matrices-split/glove.csv.20.14.vc.C 
==== Integer vector .R compression
Command: /home/louza/mm-repair/sdsl/encode.x /mnt/data/datasets/machine-learning-matrices-split/glove.csv.20.14.vc.R 
Integer vector compression time: 4.5738
==== OLE
Command: /home/louza/mm-repair/ole/encode.x /mnt/data/datasets/machine-learning-matrices-split/glove.csv.20.14.vc.C 
OLE time: 2.3828
==== Ans-fold compression
Command: /home/louza/mm-repair/ans/encode.x /mnt/data/datasets/machine-learning-matrices-split/glove.csv.20.14.vc.C 
Ans-fold time: 58.0100
==== Integer vector .C compression
Command: /home/louza/mm-repair/sdsl/encode.x /mnt/data/datasets/machine-learning-matrices-split/glove.csv.20.15.vc.C 
==== Integer vector .R compression
Command: /home/louza/mm-repair/sdsl/encode.x /mnt/data/datasets/machine-learning-matrices-split/glove.csv.20.15.vc.R 
Integer vector compression time: 4.8900
==== OLE
Command: /home/louza/mm-repair/ole/encode.x /mnt/data/datasets/machine-learning-matrices-split/glove.csv.20.15.vc.C 
OLE time: 5.1780
==== Ans-fold compression
Command: /home/louza/mm-repair/ans/encode.x /mnt/data/datasets/machine-learning-matrices-split/glove.csv.20.15.vc.C 
Ans-fold time: 63.4881
==== Integer vector .C compression
Command: /home/louza/mm-repair/sdsl/encode.x /mnt/data/datasets/machine-learning-matrices-split/glove.csv.20.16.vc.C 
==== Integer vector .R compression
Command: /home/louza/mm-repair/sdsl/encode.x /mnt/data/datasets/machine-learning-matrices-split/glove.csv.20.16.vc.R 
Integer vector compression time: 5.8547
==== OLE
Command: /home/louza/mm-repair/ole/encode.x /mnt/data/datasets/machine-learning-matrices-split/glove.csv.20.16.vc.C 
OLE time: 7.4896
==== Ans-fold compression
Command: /home/louza/mm-repair/ans/encode.x /mnt/data/datasets/machine-learning-matrices-split/glove.csv.20.16.vc.C 
Ans-fold time: 67.2349
==== Integer vector .C compression
Command: /home/louza/mm-repair/sdsl/encode.x /mnt/data/datasets/machine-learning-matrices-split/glove.csv.20.17.vc.C 
==== Integer vector .R compression
Command: /home/louza/mm-repair/sdsl/encode.x /mnt/data/datasets/machine-learning-matrices-split/glove.csv.20.17.vc.R 
Integer vector compression time: 5.9662
==== OLE
Command: /home/louza/mm-repair/ole/encode.x /mnt/data/datasets/machine-learning-matrices-split/glove.csv.20.17.vc.C 
OLE time: 2.6977
==== Ans-fold compression
Command: /home/louza/mm-repair/ans/encode.x /mnt/data/datasets/machine-learning-matrices-split/glove.csv.20.17.vc.C 
Ans-fold time: 71.0393
==== Integer vector .C compression
Command: /home/louza/mm-repair/sdsl/encode.x /mnt/data/datasets/machine-learning-matrices-split/glove.csv.20.18.vc.C 
==== Integer vector .R compression
Command: /home/louza/mm-repair/sdsl/encode.x /mnt/data/datasets/machine-learning-matrices-split/glove.csv.20.18.vc.R 
Integer vector compression time: 3.4322
==== OLE
Command: /home/louza/mm-repair/ole/encode.x /mnt/data/datasets/machine-learning-matrices-split/glove.csv.20.18.vc.C 
OLE time: 5.3261
==== Ans-fold compression
Command: /home/louza/mm-repair/ans/encode.x /mnt/data/datasets/machine-learning-matrices-split/glove.csv.20.18.vc.C 
Ans-fold time: 75.4356
==== Integer vector .C compression
Command: /home/louza/mm-repair/sdsl/encode.x /mnt/data/datasets/machine-learning-matrices-split/glove.csv.20.19.vc.C 
==== Integer vector .R compression
Command: /home/louza/mm-repair/sdsl/encode.x /mnt/data/datasets/machine-learning-matrices-split/glove.csv.20.19.vc.R 
Integer vector compression time: 5.4319
==== OLE
Command: /home/louza/mm-repair/ole/encode.x /mnt/data/datasets/machine-learning-matrices-split/glove.csv.20.19.vc.C 
OLE time: 4.7980
==== Ans-fold compression
Command: /home/louza/mm-repair/ans/encode.x /mnt/data/datasets/machine-learning-matrices-split/glove.csv.20.19.vc.C 
Ans-fold time: 79.9967
Elapsed time: 400.2140
==== Compression Report:
 >> matrix name: /mnt/data/datasets/machine-learning-matrices-split/glove.csv
 >> conversion time: 121.04
 >> repair time: 23.93
 >> integer vectors time: 5.43
 >> ansf time: 80.00
 >> total time: 400.21
 >> matrix log(alpha)xNumEntries size: 300000000 bytes
 >> matrix dense size: 960000000 bytes
 >> total number of nonzero: 120000000 (100.00%)
 >> number of distinct nonzero: 717119
 >> CRSV  size: 487336952 bytes  (50.76%)
 >> RE32  size: 487337032 bytes  (50.76%)
 >> REIV  size: 427137592 bytes  (44.49%)
 >> REANS size: 309408069 bytes  (32.23%)
==== Done

#### 2026-09-08 09:13:45
 Command line: ./mm-repair/matrepair -r -b 20 -p 20 /mnt/data/datasets/machine-learning-matrices-split/glove.csv 400000 300 --mapping 
Setting memory for each repair instance to 23202 MBs
Sending logging messages to file: /mnt/data/datasets/machine-learning-matrices-split/glove.csv.log
==== Conversion bin/csv->csrv
Command: /home/louza/mm-repair/csvmat2csrv -b 20   /mnt/data/datasets/machine-learning-matrices-split/glove.csv -r 0 -m  400000 300
Conversion time: 1367.9275
==== Repair paralell compression
---- Executing 20 parallel processes
---- Parallel processing completed
Repair time: 19.1450
==== Integer vector .C compression
Command: /home/louza/mm-repair/sdsl/encode.x /mnt/data/datasets/machine-learning-matrices-split/glove.csv.20.0.vc.C 
==== Integer vector .R compression
Command: /home/louza/mm-repair/sdsl/encode.x /mnt/data/datasets/machine-learning-matrices-split/glove.csv.20.0.vc.R 
Integer vector compression time: 5.3447
==== Ans-fold compression
Command: /home/louza/mm-repair/ans/encode.x /mnt/data/datasets/machine-learning-matrices-split/glove.csv.20.0.vc.C 
Ans-fold time: 7.3878
==== Integer vector .C compression
Command: /home/louza/mm-repair/sdsl/encode.x /mnt/data/datasets/machine-learning-matrices-split/glove.csv.20.1.vc.C 
==== Integer vector .R compression
Command: /home/louza/mm-repair/sdsl/encode.x /mnt/data/datasets/machine-learning-matrices-split/glove.csv.20.1.vc.R 
Integer vector compression time: 3.7846
==== Ans-fold compression
Command: /home/louza/mm-repair/ans/encode.x /mnt/data/datasets/machine-learning-matrices-split/glove.csv.20.1.vc.C 
Ans-fold time: 12.2080
==== Integer vector .C compression
Command: /home/louza/mm-repair/sdsl/encode.x /mnt/data/datasets/machine-learning-matrices-split/glove.csv.20.2.vc.C 
==== Integer vector .R compression
Command: /home/louza/mm-repair/sdsl/encode.x /mnt/data/datasets/machine-learning-matrices-split/glove.csv.20.2.vc.R 
Integer vector compression time: 3.8230
==== Ans-fold compression
Command: /home/louza/mm-repair/ans/encode.x /mnt/data/datasets/machine-learning-matrices-split/glove.csv.20.2.vc.C 
Ans-fold time: 17.2967
==== Integer vector .C compression
Command: /home/louza/mm-repair/sdsl/encode.x /mnt/data/datasets/machine-learning-matrices-split/glove.csv.20.3.vc.C 
==== Integer vector .R compression
Command: /home/louza/mm-repair/sdsl/encode.x /mnt/data/datasets/machine-learning-matrices-split/glove.csv.20.3.vc.R 
Integer vector compression time: 2.5888
==== Ans-fold compression
Command: /home/louza/mm-repair/ans/encode.x /mnt/data/datasets/machine-learning-matrices-split/glove.csv.20.3.vc.C 
Ans-fold time: 25.0331
==== Integer vector .C compression
Command: /home/louza/mm-repair/sdsl/encode.x /mnt/data/datasets/machine-learning-matrices-split/glove.csv.20.4.vc.C 
==== Integer vector .R compression
Command: /home/louza/mm-repair/sdsl/encode.x /mnt/data/datasets/machine-learning-matrices-split/glove.csv.20.4.vc.R 
Integer vector compression time: 2.4681
==== Ans-fold compression
Command: /home/louza/mm-repair/ans/encode.x /mnt/data/datasets/machine-learning-matrices-split/glove.csv.20.4.vc.C 
Ans-fold time: 32.6305
==== Integer vector .C compression
Command: /home/louza/mm-repair/sdsl/encode.x /mnt/data/datasets/machine-learning-matrices-split/glove.csv.20.5.vc.C 
==== Integer vector .R compression
Command: /home/louza/mm-repair/sdsl/encode.x /mnt/data/datasets/machine-learning-matrices-split/glove.csv.20.5.vc.R 
Integer vector compression time: 4.5676
==== Ans-fold compression
Command: /home/louza/mm-repair/ans/encode.x /mnt/data/datasets/machine-learning-matrices-split/glove.csv.20.5.vc.C 
Ans-fold time: 39.6464
==== Integer vector .C compression
Command: /home/louza/mm-repair/sdsl/encode.x /mnt/data/datasets/machine-learning-matrices-split/glove.csv.20.6.vc.C 
==== Integer vector .R compression
Command: /home/louza/mm-repair/sdsl/encode.x /mnt/data/datasets/machine-learning-matrices-split/glove.csv.20.6.vc.R 
Integer vector compression time: 2.3855
==== Ans-fold compression
Command: /home/louza/mm-repair/ans/encode.x /mnt/data/datasets/machine-learning-matrices-split/glove.csv.20.6.vc.C 
Ans-fold time: 55.2472
==== Integer vector .C compression
Command: /home/louza/mm-repair/sdsl/encode.x /mnt/data/datasets/machine-learning-matrices-split/glove.csv.20.7.vc.C 
==== Integer vector .R compression
Command: /home/louza/mm-repair/sdsl/encode.x /mnt/data/datasets/machine-learning-matrices-split/glove.csv.20.7.vc.R 
Integer vector compression time: 5.3502
==== Ans-fold compression
Command: /home/louza/mm-repair/ans/encode.x /mnt/data/datasets/machine-learning-matrices-split/glove.csv.20.7.vc.C 
Ans-fold time: 61.4264
==== Integer vector .C compression
Command: /home/louza/mm-repair/sdsl/encode.x /mnt/data/datasets/machine-learning-matrices-split/glove.csv.20.8.vc.C 
==== Integer vector .R compression
Command: /home/louza/mm-repair/sdsl/encode.x /mnt/data/datasets/machine-learning-matrices-split/glove.csv.20.8.vc.R 
Integer vector compression time: 4.6806
==== Ans-fold compression
Command: /home/louza/mm-repair/ans/encode.x /mnt/data/datasets/machine-learning-matrices-split/glove.csv.20.8.vc.C 
Ans-fold time: 68.4939
==== Integer vector .C compression
Command: /home/louza/mm-repair/sdsl/encode.x /mnt/data/datasets/machine-learning-matrices-split/glove.csv.20.9.vc.C 
==== Integer vector .R compression
Command: /home/louza/mm-repair/sdsl/encode.x /mnt/data/datasets/machine-learning-matrices-split/glove.csv.20.9.vc.R 
Integer vector compression time: 3.1317
==== Ans-fold compression
Command: /home/louza/mm-repair/ans/encode.x /mnt/data/datasets/machine-learning-matrices-split/glove.csv.20.9.vc.C 
Ans-fold time: 73.8234
==== Integer vector .C compression
Command: /home/louza/mm-repair/sdsl/encode.x /mnt/data/datasets/machine-learning-matrices-split/glove.csv.20.10.vc.C 
==== Integer vector .R compression
Command: /home/louza/mm-repair/sdsl/encode.x /mnt/data/datasets/machine-learning-matrices-split/glove.csv.20.10.vc.R 
Integer vector compression time: 2.8268
==== Ans-fold compression
Command: /home/louza/mm-repair/ans/encode.x /mnt/data/datasets/machine-learning-matrices-split/glove.csv.20.10.vc.C 
Ans-fold time: 79.9418
==== Integer vector .C compression
Command: /home/louza/mm-repair/sdsl/encode.x /mnt/data/datasets/machine-learning-matrices-split/glove.csv.20.11.vc.C 
==== Integer vector .R compression
Command: /home/louza/mm-repair/sdsl/encode.x /mnt/data/datasets/machine-learning-matrices-split/glove.csv.20.11.vc.R 
Integer vector compression time: 4.3248
==== Ans-fold compression
Command: /home/louza/mm-repair/ans/encode.x /mnt/data/datasets/machine-learning-matrices-split/glove.csv.20.11.vc.C 
Ans-fold time: 95.8748
==== Integer vector .C compression
Command: /home/louza/mm-repair/sdsl/encode.x /mnt/data/datasets/machine-learning-matrices-split/glove.csv.20.12.vc.C 
==== Integer vector .R compression
Command: /home/louza/mm-repair/sdsl/encode.x /mnt/data/datasets/machine-learning-matrices-split/glove.csv.20.12.vc.R 
Integer vector compression time: 2.7117
==== Ans-fold compression
Command: /home/louza/mm-repair/ans/encode.x /mnt/data/datasets/machine-learning-matrices-split/glove.csv.20.12.vc.C 
Ans-fold time: 109.2771
==== Integer vector .C compression
Command: /home/louza/mm-repair/sdsl/encode.x /mnt/data/datasets/machine-learning-matrices-split/glove.csv.20.13.vc.C 
==== Integer vector .R compression
Command: /home/louza/mm-repair/sdsl/encode.x /mnt/data/datasets/machine-learning-matrices-split/glove.csv.20.13.vc.R 
Integer vector compression time: 2.3257
==== Ans-fold compression
Command: /home/louza/mm-repair/ans/encode.x /mnt/data/datasets/machine-learning-matrices-split/glove.csv.20.13.vc.C 
Ans-fold time: 127.4640
==== Integer vector .C compression
Command: /home/louza/mm-repair/sdsl/encode.x /mnt/data/datasets/machine-learning-matrices-split/glove.csv.20.14.vc.C 
==== Integer vector .R compression
Command: /home/louza/mm-repair/sdsl/encode.x /mnt/data/datasets/machine-learning-matrices-split/glove.csv.20.14.vc.R 
Integer vector compression time: 9.7510
==== Ans-fold compression
Command: /home/louza/mm-repair/ans/encode.x /mnt/data/datasets/machine-learning-matrices-split/glove.csv.20.14.vc.C 
Ans-fold time: 134.9409
==== Integer vector .C compression
Command: /home/louza/mm-repair/sdsl/encode.x /mnt/data/datasets/machine-learning-matrices-split/glove.csv.20.15.vc.C 
==== Integer vector .R compression
Command: /home/louza/mm-repair/sdsl/encode.x /mnt/data/datasets/machine-learning-matrices-split/glove.csv.20.15.vc.R 
Integer vector compression time: 3.4419
==== Ans-fold compression
Command: /home/louza/mm-repair/ans/encode.x /mnt/data/datasets/machine-learning-matrices-split/glove.csv.20.15.vc.C 
Ans-fold time: 141.6573
==== Integer vector .C compression
Command: /home/louza/mm-repair/sdsl/encode.x /mnt/data/datasets/machine-learning-matrices-split/glove.csv.20.16.vc.C 
==== Integer vector .R compression
Command: /home/louza/mm-repair/sdsl/encode.x /mnt/data/datasets/machine-learning-matrices-split/glove.csv.20.16.vc.R 
Integer vector compression time: 3.8431
==== Ans-fold compression
Command: /home/louza/mm-repair/ans/encode.x /mnt/data/datasets/machine-learning-matrices-split/glove.csv.20.16.vc.C 
Ans-fold time: 149.3679
==== Integer vector .C compression
Command: /home/louza/mm-repair/sdsl/encode.x /mnt/data/datasets/machine-learning-matrices-split/glove.csv.20.17.vc.C 
==== Integer vector .R compression
Command: /home/louza/mm-repair/sdsl/encode.x /mnt/data/datasets/machine-learning-matrices-split/glove.csv.20.17.vc.R 
Integer vector compression time: 5.6976
==== Ans-fold compression
Command: /home/louza/mm-repair/ans/encode.x /mnt/data/datasets/machine-learning-matrices-split/glove.csv.20.17.vc.C 
Ans-fold time: 157.3685
==== Integer vector .C compression
Command: /home/louza/mm-repair/sdsl/encode.x /mnt/data/datasets/machine-learning-matrices-split/glove.csv.20.18.vc.C 
==== Integer vector .R compression
Command: /home/louza/mm-repair/sdsl/encode.x /mnt/data/datasets/machine-learning-matrices-split/glove.csv.20.18.vc.R 
Integer vector compression time: 4.2843
==== Ans-fold compression
Command: /home/louza/mm-repair/ans/encode.x /mnt/data/datasets/machine-learning-matrices-split/glove.csv.20.18.vc.C 
Ans-fold time: 165.1285
==== Integer vector .C compression
Command: /home/louza/mm-repair/sdsl/encode.x /mnt/data/datasets/machine-learning-matrices-split/glove.csv.20.19.vc.C 
==== Integer vector .R compression
Command: /home/louza/mm-repair/sdsl/encode.x /mnt/data/datasets/machine-learning-matrices-split/glove.csv.20.19.vc.R 
Integer vector compression time: 3.9922
==== Ans-fold compression
Command: /home/louza/mm-repair/ans/encode.x /mnt/data/datasets/machine-learning-matrices-split/glove.csv.20.19.vc.C 
Ans-fold time: 171.9695
Command: /home/louza/mm-repair/ans/encode.x /mnt/data/datasets/machine-learning-matrices-split/glove.csv.wcode 
Elapsed time: 1646.4321
==== Compression Report:
 >> matrix name: /mnt/data/datasets/machine-learning-matrices-split/glove.csv
 >> conversion time: 1367.93
 >> repair time: 19.14
 >> integer vectors time: 3.99
 >> ansf time: 171.97
 >> total time: 1646.43
 >> wcode: 226590916 bytes
 >> wcode_ans: 16430594 bytes
 >> matrix log(alpha)xNumEntries size: 300000000 bytes
 >> matrix dense size: 960000000 bytes
 >> total number of nonzero: 120000000 (100.00%)
 >> number of distinct nonzero: 717119
 >> CRSV  size: 487336952 bytes  (50.76%)
 >> RE32  size: 713927948 bytes  (74.37%)
 >> REIV  size: 623628484 bytes  (64.96%)
 >> REANS size: 409320937 bytes  (42.64%)
==== Done

#### 2026-09-08 09:41:11
 Command line: ./mm-repair/matrepair -r -b 20 -p 20 /mnt/data/datasets/machine-learning-matrices-split/glove.csv 400000 300 --split 
Setting memory for each repair instance to 23202 MBs
Sending logging messages to file: /mnt/data/datasets/machine-learning-matrices-split/glove.csv.log
==== Conversion bin/csv->csrv
Command: /home/louza/mm-repair/csvmat2csrv -b 20   /mnt/data/datasets/machine-learning-matrices-split/glove.csv -r 0  -s 400000 300
Conversion time: 627.3751
==== Repair paralell compression
---- Executing 20 parallel processes
---- Parallel processing completed
Repair time: 0.4304
==== Integer vector .C compression
Command: /home/louza/mm-repair/sdsl/encode.x /mnt/data/datasets/machine-learning-matrices-split/glove.csv.20.0.A.vc.C 
==== Integer vector .R compression
Command: /home/louza/mm-repair/sdsl/encode.x /mnt/data/datasets/machine-learning-matrices-split/glove.csv.20.0.A.vc.R 
Integer vector compression time: 0.0283
==== Ans-fold compression
Command: /home/louza/mm-repair/ans/encode.x /mnt/data/datasets/machine-learning-matrices-split/glove.csv.20.0.A.vc.C 
Command: /home/louza/mm-repair/ans/encode.x /mnt/data/datasets/machine-learning-matrices-split/glove.csv.20.0.B.vc
Ans-fold time: 5.2910
==== Integer vector .C compression
Command: /home/louza/mm-repair/sdsl/encode.x /mnt/data/datasets/machine-learning-matrices-split/glove.csv.20.1.A.vc.C 
==== Integer vector .R compression
Command: /home/louza/mm-repair/sdsl/encode.x /mnt/data/datasets/machine-learning-matrices-split/glove.csv.20.1.A.vc.R 
Integer vector compression time: 0.0274
==== Ans-fold compression
Command: /home/louza/mm-repair/ans/encode.x /mnt/data/datasets/machine-learning-matrices-split/glove.csv.20.1.A.vc.C 
Command: /home/louza/mm-repair/ans/encode.x /mnt/data/datasets/machine-learning-matrices-split/glove.csv.20.1.B.vc
Ans-fold time: 11.7209
==== Integer vector .C compression
Command: /home/louza/mm-repair/sdsl/encode.x /mnt/data/datasets/machine-learning-matrices-split/glove.csv.20.2.A.vc.C 
==== Integer vector .R compression
Command: /home/louza/mm-repair/sdsl/encode.x /mnt/data/datasets/machine-learning-matrices-split/glove.csv.20.2.A.vc.R 
Integer vector compression time: 0.0375
==== Ans-fold compression
Command: /home/louza/mm-repair/ans/encode.x /mnt/data/datasets/machine-learning-matrices-split/glove.csv.20.2.A.vc.C 
Command: /home/louza/mm-repair/ans/encode.x /mnt/data/datasets/machine-learning-matrices-split/glove.csv.20.2.B.vc
Ans-fold time: 22.4860
==== Integer vector .C compression
Command: /home/louza/mm-repair/sdsl/encode.x /mnt/data/datasets/machine-learning-matrices-split/glove.csv.20.3.A.vc.C 
==== Integer vector .R compression
Command: /home/louza/mm-repair/sdsl/encode.x /mnt/data/datasets/machine-learning-matrices-split/glove.csv.20.3.A.vc.R 
Integer vector compression time: 0.0267
==== Ans-fold compression
Command: /home/louza/mm-repair/ans/encode.x /mnt/data/datasets/machine-learning-matrices-split/glove.csv.20.3.A.vc.C 
Command: /home/louza/mm-repair/ans/encode.x /mnt/data/datasets/machine-learning-matrices-split/glove.csv.20.3.B.vc
Ans-fold time: 26.5527
==== Integer vector .C compression
Command: /home/louza/mm-repair/sdsl/encode.x /mnt/data/datasets/machine-learning-matrices-split/glove.csv.20.4.A.vc.C 
==== Integer vector .R compression
Command: /home/louza/mm-repair/sdsl/encode.x /mnt/data/datasets/machine-learning-matrices-split/glove.csv.20.4.A.vc.R 
Integer vector compression time: 0.0198
==== Ans-fold compression
Command: /home/louza/mm-repair/ans/encode.x /mnt/data/datasets/machine-learning-matrices-split/glove.csv.20.4.A.vc.C 
Command: /home/louza/mm-repair/ans/encode.x /mnt/data/datasets/machine-learning-matrices-split/glove.csv.20.4.B.vc
Ans-fold time: 30.7505
==== Integer vector .C compression
Command: /home/louza/mm-repair/sdsl/encode.x /mnt/data/datasets/machine-learning-matrices-split/glove.csv.20.5.A.vc.C 
==== Integer vector .R compression
Command: /home/louza/mm-repair/sdsl/encode.x /mnt/data/datasets/machine-learning-matrices-split/glove.csv.20.5.A.vc.R 
Integer vector compression time: 0.0281
==== Ans-fold compression
Command: /home/louza/mm-repair/ans/encode.x /mnt/data/datasets/machine-learning-matrices-split/glove.csv.20.5.A.vc.C 
Command: /home/louza/mm-repair/ans/encode.x /mnt/data/datasets/machine-learning-matrices-split/glove.csv.20.5.B.vc
Ans-fold time: 34.5760
==== Integer vector .C compression
Command: /home/louza/mm-repair/sdsl/encode.x /mnt/data/datasets/machine-learning-matrices-split/glove.csv.20.6.A.vc.C 
==== Integer vector .R compression
Command: /home/louza/mm-repair/sdsl/encode.x /mnt/data/datasets/machine-learning-matrices-split/glove.csv.20.6.A.vc.R 
Integer vector compression time: 0.0291
==== Ans-fold compression
Command: /home/louza/mm-repair/ans/encode.x /mnt/data/datasets/machine-learning-matrices-split/glove.csv.20.6.A.vc.C 
Command: /home/louza/mm-repair/ans/encode.x /mnt/data/datasets/machine-learning-matrices-split/glove.csv.20.6.B.vc
Ans-fold time: 38.8150
==== Integer vector .C compression
Command: /home/louza/mm-repair/sdsl/encode.x /mnt/data/datasets/machine-learning-matrices-split/glove.csv.20.7.A.vc.C 
==== Integer vector .R compression
Command: /home/louza/mm-repair/sdsl/encode.x /mnt/data/datasets/machine-learning-matrices-split/glove.csv.20.7.A.vc.R 
Integer vector compression time: 0.0276
==== Ans-fold compression
Command: /home/louza/mm-repair/ans/encode.x /mnt/data/datasets/machine-learning-matrices-split/glove.csv.20.7.A.vc.C 
Command: /home/louza/mm-repair/ans/encode.x /mnt/data/datasets/machine-learning-matrices-split/glove.csv.20.7.B.vc
Ans-fold time: 43.8366
==== Integer vector .C compression
Command: /home/louza/mm-repair/sdsl/encode.x /mnt/data/datasets/machine-learning-matrices-split/glove.csv.20.8.A.vc.C 
==== Integer vector .R compression
Command: /home/louza/mm-repair/sdsl/encode.x /mnt/data/datasets/machine-learning-matrices-split/glove.csv.20.8.A.vc.R 
Integer vector compression time: 0.0279
==== Ans-fold compression
Command: /home/louza/mm-repair/ans/encode.x /mnt/data/datasets/machine-learning-matrices-split/glove.csv.20.8.A.vc.C 
Command: /home/louza/mm-repair/ans/encode.x /mnt/data/datasets/machine-learning-matrices-split/glove.csv.20.8.B.vc
Ans-fold time: 48.8953
==== Integer vector .C compression
Command: /home/louza/mm-repair/sdsl/encode.x /mnt/data/datasets/machine-learning-matrices-split/glove.csv.20.9.A.vc.C 
==== Integer vector .R compression
Command: /home/louza/mm-repair/sdsl/encode.x /mnt/data/datasets/machine-learning-matrices-split/glove.csv.20.9.A.vc.R 
Integer vector compression time: 0.0264
==== Ans-fold compression
Command: /home/louza/mm-repair/ans/encode.x /mnt/data/datasets/machine-learning-matrices-split/glove.csv.20.9.A.vc.C 
Command: /home/louza/mm-repair/ans/encode.x /mnt/data/datasets/machine-learning-matrices-split/glove.csv.20.9.B.vc
Ans-fold time: 54.1961
==== Integer vector .C compression
Command: /home/louza/mm-repair/sdsl/encode.x /mnt/data/datasets/machine-learning-matrices-split/glove.csv.20.10.A.vc.C 
==== Integer vector .R compression
Command: /home/louza/mm-repair/sdsl/encode.x /mnt/data/datasets/machine-learning-matrices-split/glove.csv.20.10.A.vc.R 
Integer vector compression time: 0.0259
==== Ans-fold compression
Command: /home/louza/mm-repair/ans/encode.x /mnt/data/datasets/machine-learning-matrices-split/glove.csv.20.10.A.vc.C 
Command: /home/louza/mm-repair/ans/encode.x /mnt/data/datasets/machine-learning-matrices-split/glove.csv.20.10.B.vc
Ans-fold time: 58.2073
==== Integer vector .C compression
Command: /home/louza/mm-repair/sdsl/encode.x /mnt/data/datasets/machine-learning-matrices-split/glove.csv.20.11.A.vc.C 
==== Integer vector .R compression
Command: /home/louza/mm-repair/sdsl/encode.x /mnt/data/datasets/machine-learning-matrices-split/glove.csv.20.11.A.vc.R 
Integer vector compression time: 0.0287
==== Ans-fold compression
Command: /home/louza/mm-repair/ans/encode.x /mnt/data/datasets/machine-learning-matrices-split/glove.csv.20.11.A.vc.C 
Command: /home/louza/mm-repair/ans/encode.x /mnt/data/datasets/machine-learning-matrices-split/glove.csv.20.11.B.vc
Ans-fold time: 62.4224
==== Integer vector .C compression
Command: /home/louza/mm-repair/sdsl/encode.x /mnt/data/datasets/machine-learning-matrices-split/glove.csv.20.12.A.vc.C 
==== Integer vector .R compression
Command: /home/louza/mm-repair/sdsl/encode.x /mnt/data/datasets/machine-learning-matrices-split/glove.csv.20.12.A.vc.R 
Integer vector compression time: 0.0270
==== Ans-fold compression
Command: /home/louza/mm-repair/ans/encode.x /mnt/data/datasets/machine-learning-matrices-split/glove.csv.20.12.A.vc.C 
Command: /home/louza/mm-repair/ans/encode.x /mnt/data/datasets/machine-learning-matrices-split/glove.csv.20.12.B.vc
Ans-fold time: 67.5107
==== Integer vector .C compression
Command: /home/louza/mm-repair/sdsl/encode.x /mnt/data/datasets/machine-learning-matrices-split/glove.csv.20.13.A.vc.C 
==== Integer vector .R compression
Command: /home/louza/mm-repair/sdsl/encode.x /mnt/data/datasets/machine-learning-matrices-split/glove.csv.20.13.A.vc.R 
Integer vector compression time: 0.0215
==== Ans-fold compression
Command: /home/louza/mm-repair/ans/encode.x /mnt/data/datasets/machine-learning-matrices-split/glove.csv.20.13.A.vc.C 
Command: /home/louza/mm-repair/ans/encode.x /mnt/data/datasets/machine-learning-matrices-split/glove.csv.20.13.B.vc
Ans-fold time: 71.9807
==== Integer vector .C compression
Command: /home/louza/mm-repair/sdsl/encode.x /mnt/data/datasets/machine-learning-matrices-split/glove.csv.20.14.A.vc.C 
==== Integer vector .R compression
Command: /home/louza/mm-repair/sdsl/encode.x /mnt/data/datasets/machine-learning-matrices-split/glove.csv.20.14.A.vc.R 
Integer vector compression time: 0.0265
==== Ans-fold compression
Command: /home/louza/mm-repair/ans/encode.x /mnt/data/datasets/machine-learning-matrices-split/glove.csv.20.14.A.vc.C 
Command: /home/louza/mm-repair/ans/encode.x /mnt/data/datasets/machine-learning-matrices-split/glove.csv.20.14.B.vc
Ans-fold time: 76.5814
==== Integer vector .C compression
Command: /home/louza/mm-repair/sdsl/encode.x /mnt/data/datasets/machine-learning-matrices-split/glove.csv.20.15.A.vc.C 
==== Integer vector .R compression
Command: /home/louza/mm-repair/sdsl/encode.x /mnt/data/datasets/machine-learning-matrices-split/glove.csv.20.15.A.vc.R 
Integer vector compression time: 0.0277
==== Ans-fold compression
Command: /home/louza/mm-repair/ans/encode.x /mnt/data/datasets/machine-learning-matrices-split/glove.csv.20.15.A.vc.C 
Command: /home/louza/mm-repair/ans/encode.x /mnt/data/datasets/machine-learning-matrices-split/glove.csv.20.15.B.vc
Ans-fold time: 81.5669
==== Integer vector .C compression
Command: /home/louza/mm-repair/sdsl/encode.x /mnt/data/datasets/machine-learning-matrices-split/glove.csv.20.16.A.vc.C 
==== Integer vector .R compression
Command: /home/louza/mm-repair/sdsl/encode.x /mnt/data/datasets/machine-learning-matrices-split/glove.csv.20.16.A.vc.R 
Integer vector compression time: 0.0264
==== Ans-fold compression
Command: /home/louza/mm-repair/ans/encode.x /mnt/data/datasets/machine-learning-matrices-split/glove.csv.20.16.A.vc.C 
Command: /home/louza/mm-repair/ans/encode.x /mnt/data/datasets/machine-learning-matrices-split/glove.csv.20.16.B.vc
Ans-fold time: 87.9592
==== Integer vector .C compression
Command: /home/louza/mm-repair/sdsl/encode.x /mnt/data/datasets/machine-learning-matrices-split/glove.csv.20.17.A.vc.C 
==== Integer vector .R compression
Command: /home/louza/mm-repair/sdsl/encode.x /mnt/data/datasets/machine-learning-matrices-split/glove.csv.20.17.A.vc.R 
Integer vector compression time: 0.0465
==== Ans-fold compression
Command: /home/louza/mm-repair/ans/encode.x /mnt/data/datasets/machine-learning-matrices-split/glove.csv.20.17.A.vc.C 
Command: /home/louza/mm-repair/ans/encode.x /mnt/data/datasets/machine-learning-matrices-split/glove.csv.20.17.B.vc
Ans-fold time: 101.1195
==== Integer vector .C compression
Command: /home/louza/mm-repair/sdsl/encode.x /mnt/data/datasets/machine-learning-matrices-split/glove.csv.20.18.A.vc.C 
==== Integer vector .R compression
Command: /home/louza/mm-repair/sdsl/encode.x /mnt/data/datasets/machine-learning-matrices-split/glove.csv.20.18.A.vc.R 
Integer vector compression time: 0.0399
==== Ans-fold compression
Command: /home/louza/mm-repair/ans/encode.x /mnt/data/datasets/machine-learning-matrices-split/glove.csv.20.18.A.vc.C 
Command: /home/louza/mm-repair/ans/encode.x /mnt/data/datasets/machine-learning-matrices-split/glove.csv.20.18.B.vc
Ans-fold time: 108.9880
==== Integer vector .C compression
Command: /home/louza/mm-repair/sdsl/encode.x /mnt/data/datasets/machine-learning-matrices-split/glove.csv.20.19.A.vc.C 
==== Integer vector .R compression
Command: /home/louza/mm-repair/sdsl/encode.x /mnt/data/datasets/machine-learning-matrices-split/glove.csv.20.19.A.vc.R 
Integer vector compression time: 0.0333
==== Ans-fold compression
Command: /home/louza/mm-repair/ans/encode.x /mnt/data/datasets/machine-learning-matrices-split/glove.csv.20.19.A.vc.C 
Command: /home/louza/mm-repair/ans/encode.x /mnt/data/datasets/machine-learning-matrices-split/glove.csv.20.19.B.vc
Ans-fold time: 114.1033
Elapsed time: 742.4927
==== Compression Report:
 >> matrix name: /mnt/data/datasets/machine-learning-matrices-split/glove.csv
 >> conversion time: 627.38
 >> repair time: 0.43
 >> integer vectors time: 0.03
 >> ansf time: 114.10
 >> total time: 742.49
 >> matrix log(alpha)xNumEntries size: 300000000 bytes
 >> matrix dense size: 960000000 bytes
 >> total number of nonzero: 0 (0.00%)
 >> number of distinct nonzero: 717119
 >> CRSV  size: 7336952 bytes  (0.76%)
 >> B	  size: 481600000 bytes  (50.17%)
 >> B_ans size: 401767551 bytes  (41.85%)
 >> RE32  size: 409104583 bytes  (42.62%)
 >> REIV  size: 407555103 bytes  (42.45%)
 >> REANS size: 407505763 bytes  (42.45%)
==== Done

#### 2026-09-08 09:53:34
 Command line: ./mm-repair/matrepair -r -b 20 -p 20 /mnt/data/datasets/machine-learning-matrices-split/glove.csv 400000 300 --ole --mapping 
Setting memory for each repair instance to 23202 MBs
Sending logging messages to file: /mnt/data/datasets/machine-learning-matrices-split/glove.csv.log
==== Conversion bin/csv->csrv
Command: /home/louza/mm-repair/csvmat2csrv -b 20   /mnt/data/datasets/machine-learning-matrices-split/glove.csv -r 0 -m  400000 300
Conversion time: 949.7546
==== Repair paralell compression
---- Executing 20 parallel processes
---- Parallel processing completed
Repair time: 13.7338
==== Integer vector .C compression
Command: /home/louza/mm-repair/sdsl/encode.x /mnt/data/datasets/machine-learning-matrices-split/glove.csv.20.0.vc.C 
==== Integer vector .R compression
Command: /home/louza/mm-repair/sdsl/encode.x /mnt/data/datasets/machine-learning-matrices-split/glove.csv.20.0.vc.R 
Integer vector compression time: 2.2218
==== OLE
Command: /home/louza/mm-repair/ole/encode.x /mnt/data/datasets/machine-learning-matrices-split/glove.csv.20.0.vc.C 
OLE time: 1.5836
==== Ans-fold compression
Command: /home/louza/mm-repair/ans/encode.x /mnt/data/datasets/machine-learning-matrices-split/glove.csv.20.0.vc.C 
Ans-fold time: 1.3697
==== Integer vector .C compression
Command: /home/louza/mm-repair/sdsl/encode.x /mnt/data/datasets/machine-learning-matrices-split/glove.csv.20.1.vc.C 
==== Integer vector .R compression
Command: /home/louza/mm-repair/sdsl/encode.x /mnt/data/datasets/machine-learning-matrices-split/glove.csv.20.1.vc.R 
Integer vector compression time: 1.0650
==== OLE
Command: /home/louza/mm-repair/ole/encode.x /mnt/data/datasets/machine-learning-matrices-split/glove.csv.20.1.vc.C 
OLE time: 0.4491
==== Ans-fold compression
Command: /home/louza/mm-repair/ans/encode.x /mnt/data/datasets/machine-learning-matrices-split/glove.csv.20.1.vc.C 
Ans-fold time: 2.9324
==== Integer vector .C compression
Command: /home/louza/mm-repair/sdsl/encode.x /mnt/data/datasets/machine-learning-matrices-split/glove.csv.20.2.vc.C 
==== Integer vector .R compression
Command: /home/louza/mm-repair/sdsl/encode.x /mnt/data/datasets/machine-learning-matrices-split/glove.csv.20.2.vc.R 
Integer vector compression time: 1.8747
==== OLE
Command: /home/louza/mm-repair/ole/encode.x /mnt/data/datasets/machine-learning-matrices-split/glove.csv.20.2.vc.C 
OLE time: 2.1762
==== Ans-fold compression
Command: /home/louza/mm-repair/ans/encode.x /mnt/data/datasets/machine-learning-matrices-split/glove.csv.20.2.vc.C 
Ans-fold time: 4.6623
==== Integer vector .C compression
Command: /home/louza/mm-repair/sdsl/encode.x /mnt/data/datasets/machine-learning-matrices-split/glove.csv.20.3.vc.C 
==== Integer vector .R compression
Command: /home/louza/mm-repair/sdsl/encode.x /mnt/data/datasets/machine-learning-matrices-split/glove.csv.20.3.vc.R 
Integer vector compression time: 2.3142
==== OLE
Command: /home/louza/mm-repair/ole/encode.x /mnt/data/datasets/machine-learning-matrices-split/glove.csv.20.3.vc.C 
OLE time: 1.6491
==== Ans-fold compression
Command: /home/louza/mm-repair/ans/encode.x /mnt/data/datasets/machine-learning-matrices-split/glove.csv.20.3.vc.C 
Ans-fold time: 7.1638
==== Integer vector .C compression
Command: /home/louza/mm-repair/sdsl/encode.x /mnt/data/datasets/machine-learning-matrices-split/glove.csv.20.4.vc.C 
==== Integer vector .R compression
Command: /home/louza/mm-repair/sdsl/encode.x /mnt/data/datasets/machine-learning-matrices-split/glove.csv.20.4.vc.R 
Integer vector compression time: 3.2222
==== OLE
Command: /home/louza/mm-repair/ole/encode.x /mnt/data/datasets/machine-learning-matrices-split/glove.csv.20.4.vc.C 
OLE time: 3.1823
==== Ans-fold compression
Command: /home/louza/mm-repair/ans/encode.x /mnt/data/datasets/machine-learning-matrices-split/glove.csv.20.4.vc.C 
Ans-fold time: 10.0656
==== Integer vector .C compression
Command: /home/louza/mm-repair/sdsl/encode.x /mnt/data/datasets/machine-learning-matrices-split/glove.csv.20.5.vc.C 
==== Integer vector .R compression
Command: /home/louza/mm-repair/sdsl/encode.x /mnt/data/datasets/machine-learning-matrices-split/glove.csv.20.5.vc.R 
Integer vector compression time: 2.0959
==== OLE
Command: /home/louza/mm-repair/ole/encode.x /mnt/data/datasets/machine-learning-matrices-split/glove.csv.20.5.vc.C 
OLE time: 2.1684
==== Ans-fold compression
Command: /home/louza/mm-repair/ans/encode.x /mnt/data/datasets/machine-learning-matrices-split/glove.csv.20.5.vc.C 
Ans-fold time: 11.6108
==== Integer vector .C compression
Command: /home/louza/mm-repair/sdsl/encode.x /mnt/data/datasets/machine-learning-matrices-split/glove.csv.20.6.vc.C 
==== Integer vector .R compression
Command: /home/louza/mm-repair/sdsl/encode.x /mnt/data/datasets/machine-learning-matrices-split/glove.csv.20.6.vc.R 
Integer vector compression time: 0.9227
==== OLE
Command: /home/louza/mm-repair/ole/encode.x /mnt/data/datasets/machine-learning-matrices-split/glove.csv.20.6.vc.C 
OLE time: 1.0034
==== Ans-fold compression
Command: /home/louza/mm-repair/ans/encode.x /mnt/data/datasets/machine-learning-matrices-split/glove.csv.20.6.vc.C 
Ans-fold time: 12.7276
==== Integer vector .C compression
Command: /home/louza/mm-repair/sdsl/encode.x /mnt/data/datasets/machine-learning-matrices-split/glove.csv.20.7.vc.C 
==== Integer vector .R compression
Command: /home/louza/mm-repair/sdsl/encode.x /mnt/data/datasets/machine-learning-matrices-split/glove.csv.20.7.vc.R 
Integer vector compression time: 0.6582
==== OLE
Command: /home/louza/mm-repair/ole/encode.x /mnt/data/datasets/machine-learning-matrices-split/glove.csv.20.7.vc.C 
OLE time: 0.7476
==== Ans-fold compression
Command: /home/louza/mm-repair/ans/encode.x /mnt/data/datasets/machine-learning-matrices-split/glove.csv.20.7.vc.C 
Ans-fold time: 13.6576
==== Integer vector .C compression
Command: /home/louza/mm-repair/sdsl/encode.x /mnt/data/datasets/machine-learning-matrices-split/glove.csv.20.8.vc.C 
==== Integer vector .R compression
Command: /home/louza/mm-repair/sdsl/encode.x /mnt/data/datasets/machine-learning-matrices-split/glove.csv.20.8.vc.R 
Integer vector compression time: 0.6303
==== OLE
Command: /home/louza/mm-repair/ole/encode.x /mnt/data/datasets/machine-learning-matrices-split/glove.csv.20.8.vc.C 
OLE time: 0.3574
==== Ans-fold compression
Command: /home/louza/mm-repair/ans/encode.x /mnt/data/datasets/machine-learning-matrices-split/glove.csv.20.8.vc.C 
Ans-fold time: 14.3284
==== Integer vector .C compression
Command: /home/louza/mm-repair/sdsl/encode.x /mnt/data/datasets/machine-learning-matrices-split/glove.csv.20.9.vc.C 
==== Integer vector .R compression
Command: /home/louza/mm-repair/sdsl/encode.x /mnt/data/datasets/machine-learning-matrices-split/glove.csv.20.9.vc.R 
Integer vector compression time: 0.3396
==== OLE
Command: /home/louza/mm-repair/ole/encode.x /mnt/data/datasets/machine-learning-matrices-split/glove.csv.20.9.vc.C 
OLE time: 0.5641
==== Ans-fold compression
Command: /home/louza/mm-repair/ans/encode.x /mnt/data/datasets/machine-learning-matrices-split/glove.csv.20.9.vc.C 
Ans-fold time: 15.1449
==== Integer vector .C compression
Command: /home/louza/mm-repair/sdsl/encode.x /mnt/data/datasets/machine-learning-matrices-split/glove.csv.20.10.vc.C 
==== Integer vector .R compression
Command: /home/louza/mm-repair/sdsl/encode.x /mnt/data/datasets/machine-learning-matrices-split/glove.csv.20.10.vc.R 
Integer vector compression time: 0.4770
==== OLE
Command: /home/louza/mm-repair/ole/encode.x /mnt/data/datasets/machine-learning-matrices-split/glove.csv.20.10.vc.C 
OLE time: 0.4077
==== Ans-fold compression
Command: /home/louza/mm-repair/ans/encode.x /mnt/data/datasets/machine-learning-matrices-split/glove.csv.20.10.vc.C 
Ans-fold time: 15.8652
==== Integer vector .C compression
Command: /home/louza/mm-repair/sdsl/encode.x /mnt/data/datasets/machine-learning-matrices-split/glove.csv.20.11.vc.C 
==== Integer vector .R compression
Command: /home/louza/mm-repair/sdsl/encode.x /mnt/data/datasets/machine-learning-matrices-split/glove.csv.20.11.vc.R 
Integer vector compression time: 0.4723
==== OLE
Command: /home/louza/mm-repair/ole/encode.x /mnt/data/datasets/machine-learning-matrices-split/glove.csv.20.11.vc.C 
OLE time: 0.3337
==== Ans-fold compression
Command: /home/louza/mm-repair/ans/encode.x /mnt/data/datasets/machine-learning-matrices-split/glove.csv.20.11.vc.C 
Ans-fold time: 16.7677
==== Integer vector .C compression
Command: /home/louza/mm-repair/sdsl/encode.x /mnt/data/datasets/machine-learning-matrices-split/glove.csv.20.12.vc.C 
==== Integer vector .R compression
Command: /home/louza/mm-repair/sdsl/encode.x /mnt/data/datasets/machine-learning-matrices-split/glove.csv.20.12.vc.R 
Integer vector compression time: 0.5885
==== OLE
Command: /home/louza/mm-repair/ole/encode.x /mnt/data/datasets/machine-learning-matrices-split/glove.csv.20.12.vc.C 
OLE time: 0.5763
==== Ans-fold compression
Command: /home/louza/mm-repair/ans/encode.x /mnt/data/datasets/machine-learning-matrices-split/glove.csv.20.12.vc.C 
Ans-fold time: 17.7442
==== Integer vector .C compression
Command: /home/louza/mm-repair/sdsl/encode.x /mnt/data/datasets/machine-learning-matrices-split/glove.csv.20.13.vc.C 
==== Integer vector .R compression
Command: /home/louza/mm-repair/sdsl/encode.x /mnt/data/datasets/machine-learning-matrices-split/glove.csv.20.13.vc.R 
Integer vector compression time: 0.4445
==== OLE
Command: /home/louza/mm-repair/ole/encode.x /mnt/data/datasets/machine-learning-matrices-split/glove.csv.20.13.vc.C 
OLE time: 1.7174
==== Ans-fold compression
Command: /home/louza/mm-repair/ans/encode.x /mnt/data/datasets/machine-learning-matrices-split/glove.csv.20.13.vc.C 
Ans-fold time: 19.7556
==== Integer vector .C compression
Command: /home/louza/mm-repair/sdsl/encode.x /mnt/data/datasets/machine-learning-matrices-split/glove.csv.20.14.vc.C 
==== Integer vector .R compression
Command: /home/louza/mm-repair/sdsl/encode.x /mnt/data/datasets/machine-learning-matrices-split/glove.csv.20.14.vc.R 
Integer vector compression time: 1.3121
==== OLE
Command: /home/louza/mm-repair/ole/encode.x /mnt/data/datasets/machine-learning-matrices-split/glove.csv.20.14.vc.C 
OLE time: 1.0181
==== Ans-fold compression
Command: /home/louza/mm-repair/ans/encode.x /mnt/data/datasets/machine-learning-matrices-split/glove.csv.20.14.vc.C 
Ans-fold time: 20.8759
==== Integer vector .C compression
Command: /home/louza/mm-repair/sdsl/encode.x /mnt/data/datasets/machine-learning-matrices-split/glove.csv.20.15.vc.C 
==== Integer vector .R compression
Command: /home/louza/mm-repair/sdsl/encode.x /mnt/data/datasets/machine-learning-matrices-split/glove.csv.20.15.vc.R 
Integer vector compression time: 1.2164
==== OLE
Command: /home/louza/mm-repair/ole/encode.x /mnt/data/datasets/machine-learning-matrices-split/glove.csv.20.15.vc.C 
OLE time: 0.9587
==== Ans-fold compression
Command: /home/louza/mm-repair/ans/encode.x /mnt/data/datasets/machine-learning-matrices-split/glove.csv.20.15.vc.C 
Ans-fold time: 21.7004
==== Integer vector .C compression
Command: /home/louza/mm-repair/sdsl/encode.x /mnt/data/datasets/machine-learning-matrices-split/glove.csv.20.16.vc.C 
==== Integer vector .R compression
Command: /home/louza/mm-repair/sdsl/encode.x /mnt/data/datasets/machine-learning-matrices-split/glove.csv.20.16.vc.R 
Integer vector compression time: 1.0691
==== OLE
Command: /home/louza/mm-repair/ole/encode.x /mnt/data/datasets/machine-learning-matrices-split/glove.csv.20.16.vc.C 
OLE time: 0.9363
==== Ans-fold compression
Command: /home/louza/mm-repair/ans/encode.x /mnt/data/datasets/machine-learning-matrices-split/glove.csv.20.16.vc.C 
Ans-fold time: 22.6753
==== Integer vector .C compression
Command: /home/louza/mm-repair/sdsl/encode.x /mnt/data/datasets/machine-learning-matrices-split/glove.csv.20.17.vc.C 
==== Integer vector .R compression
Command: /home/louza/mm-repair/sdsl/encode.x /mnt/data/datasets/machine-learning-matrices-split/glove.csv.20.17.vc.R 
Integer vector compression time: 0.5662
==== OLE
Command: /home/louza/mm-repair/ole/encode.x /mnt/data/datasets/machine-learning-matrices-split/glove.csv.20.17.vc.C 
OLE time: 0.3636
==== Ans-fold compression
Command: /home/louza/mm-repair/ans/encode.x /mnt/data/datasets/machine-learning-matrices-split/glove.csv.20.17.vc.C 
Ans-fold time: 23.7188
==== Integer vector .C compression
Command: /home/louza/mm-repair/sdsl/encode.x /mnt/data/datasets/machine-learning-matrices-split/glove.csv.20.18.vc.C 
==== Integer vector .R compression
Command: /home/louza/mm-repair/sdsl/encode.x /mnt/data/datasets/machine-learning-matrices-split/glove.csv.20.18.vc.R 
Integer vector compression time: 0.4246
==== OLE
Command: /home/louza/mm-repair/ole/encode.x /mnt/data/datasets/machine-learning-matrices-split/glove.csv.20.18.vc.C 
OLE time: 0.4438
==== Ans-fold compression
Command: /home/louza/mm-repair/ans/encode.x /mnt/data/datasets/machine-learning-matrices-split/glove.csv.20.18.vc.C 
Ans-fold time: 25.2217
==== Integer vector .C compression
Command: /home/louza/mm-repair/sdsl/encode.x /mnt/data/datasets/machine-learning-matrices-split/glove.csv.20.19.vc.C 
==== Integer vector .R compression
Command: /home/louza/mm-repair/sdsl/encode.x /mnt/data/datasets/machine-learning-matrices-split/glove.csv.20.19.vc.R 
Integer vector compression time: 2.9262
==== OLE
Command: /home/louza/mm-repair/ole/encode.x /mnt/data/datasets/machine-learning-matrices-split/glove.csv.20.19.vc.C 
OLE time: 2.1322
==== Ans-fold compression
Command: /home/louza/mm-repair/ans/encode.x /mnt/data/datasets/machine-learning-matrices-split/glove.csv.20.19.vc.C 
Ans-fold time: 27.2902
Command: /home/louza/mm-repair/ans/encode.x /mnt/data/datasets/machine-learning-matrices-split/glove.csv.wcode 
Elapsed time: 1041.2341
==== Compression Report:
 >> matrix name: /mnt/data/datasets/machine-learning-matrices-split/glove.csv
 >> conversion time: 949.75
 >> repair time: 13.73
 >> integer vectors time: 2.93
 >> ansf time: 27.29
 >> total time: 1041.23
 >> wcode: 226590916 bytes
 >> wcode_ans: 16430594 bytes
 >> matrix log(alpha)xNumEntries size: 300000000 bytes
 >> matrix dense size: 960000000 bytes
 >> total number of nonzero: 120000000 (100.00%)
 >> number of distinct nonzero: 717119
 >> CRSV  size: 487336952 bytes  (50.76%)
 >> RE32  size: 713927948 bytes  (74.37%)
 >> REIV  size: 623628484 bytes  (64.96%)
 >> REANS size: 306646429 bytes  (31.94%)
==== Done

#### 2026-09-08 10:10:55
 Command line: ./mm-repair/matrepair -r -b 20 -p 20 /mnt/data/datasets/machine-learning-matrices-split/glove.csv 400000 300 --ole --split 
Setting memory for each repair instance to 23202 MBs
Sending logging messages to file: /mnt/data/datasets/machine-learning-matrices-split/glove.csv.log
==== Conversion bin/csv->csrv
Command: /home/louza/mm-repair/csvmat2csrv -b 20   /mnt/data/datasets/machine-learning-matrices-split/glove.csv -r 0  -s 400000 300
Conversion time: 681.9959
==== Repair paralell compression
---- Executing 20 parallel processes
---- Parallel processing completed
Repair time: 1.3527
==== Integer vector .C compression
Command: /home/louza/mm-repair/sdsl/encode.x /mnt/data/datasets/machine-learning-matrices-split/glove.csv.20.0.A.vc.C 
==== Integer vector .R compression
Command: /home/louza/mm-repair/sdsl/encode.x /mnt/data/datasets/machine-learning-matrices-split/glove.csv.20.0.A.vc.R 
Integer vector compression time: 0.9020
==== OLE
Command: /home/louza/mm-repair/ole/encode.x /mnt/data/datasets/machine-learning-matrices-split/glove.csv.20.0.A.vc.C 
Command: /home/louza/mm-repair/ole/encode.x /mnt/data/datasets/machine-learning-matrices-split/glove.csv.20.0.B.vc 
OLE time: 1.1411
==== Ans-fold compression
Command: /home/louza/mm-repair/ans/encode.x /mnt/data/datasets/machine-learning-matrices-split/glove.csv.20.0.A.vc.C 
Command: /home/louza/mm-repair/ans/encode.x /mnt/data/datasets/machine-learning-matrices-split/glove.csv.20.0.B.vc
Ans-fold time: 2.1721
==== Integer vector .C compression
Command: /home/louza/mm-repair/sdsl/encode.x /mnt/data/datasets/machine-learning-matrices-split/glove.csv.20.1.A.vc.C 
==== Integer vector .R compression
Command: /home/louza/mm-repair/sdsl/encode.x /mnt/data/datasets/machine-learning-matrices-split/glove.csv.20.1.A.vc.R 
Integer vector compression time: 0.0597
==== OLE
Command: /home/louza/mm-repair/ole/encode.x /mnt/data/datasets/machine-learning-matrices-split/glove.csv.20.1.A.vc.C 
Command: /home/louza/mm-repair/ole/encode.x /mnt/data/datasets/machine-learning-matrices-split/glove.csv.20.1.B.vc 
OLE time: 1.6162
==== Ans-fold compression
Command: /home/louza/mm-repair/ans/encode.x /mnt/data/datasets/machine-learning-matrices-split/glove.csv.20.1.A.vc.C 
Command: /home/louza/mm-repair/ans/encode.x /mnt/data/datasets/machine-learning-matrices-split/glove.csv.20.1.B.vc
Ans-fold time: 5.3453
==== Integer vector .C compression
Command: /home/louza/mm-repair/sdsl/encode.x /mnt/data/datasets/machine-learning-matrices-split/glove.csv.20.2.A.vc.C 
==== Integer vector .R compression
Command: /home/louza/mm-repair/sdsl/encode.x /mnt/data/datasets/machine-learning-matrices-split/glove.csv.20.2.A.vc.R 
Integer vector compression time: 0.1146
==== OLE
Command: /home/louza/mm-repair/ole/encode.x /mnt/data/datasets/machine-learning-matrices-split/glove.csv.20.2.A.vc.C 
Command: /home/louza/mm-repair/ole/encode.x /mnt/data/datasets/machine-learning-matrices-split/glove.csv.20.2.B.vc 
OLE time: 3.1386
==== Ans-fold compression
Command: /home/louza/mm-repair/ans/encode.x /mnt/data/datasets/machine-learning-matrices-split/glove.csv.20.2.A.vc.C 
Command: /home/louza/mm-repair/ans/encode.x /mnt/data/datasets/machine-learning-matrices-split/glove.csv.20.2.B.vc
Ans-fold time: 7.7668
==== Integer vector .C compression
Command: /home/louza/mm-repair/sdsl/encode.x /mnt/data/datasets/machine-learning-matrices-split/glove.csv.20.3.A.vc.C 
==== Integer vector .R compression
Command: /home/louza/mm-repair/sdsl/encode.x /mnt/data/datasets/machine-learning-matrices-split/glove.csv.20.3.A.vc.R 
Integer vector compression time: 0.0604
==== OLE
Command: /home/louza/mm-repair/ole/encode.x /mnt/data/datasets/machine-learning-matrices-split/glove.csv.20.3.A.vc.C 
Command: /home/louza/mm-repair/ole/encode.x /mnt/data/datasets/machine-learning-matrices-split/glove.csv.20.3.B.vc 
OLE time: 1.8640
==== Ans-fold compression
Command: /home/louza/mm-repair/ans/encode.x /mnt/data/datasets/machine-learning-matrices-split/glove.csv.20.3.A.vc.C 
Command: /home/louza/mm-repair/ans/encode.x /mnt/data/datasets/machine-learning-matrices-split/glove.csv.20.3.B.vc
Ans-fold time: 10.1587
==== Integer vector .C compression
Command: /home/louza/mm-repair/sdsl/encode.x /mnt/data/datasets/machine-learning-matrices-split/glove.csv.20.4.A.vc.C 
==== Integer vector .R compression
Command: /home/louza/mm-repair/sdsl/encode.x /mnt/data/datasets/machine-learning-matrices-split/glove.csv.20.4.A.vc.R 
Integer vector compression time: 0.2431
==== OLE
Command: /home/louza/mm-repair/ole/encode.x /mnt/data/datasets/machine-learning-matrices-split/glove.csv.20.4.A.vc.C 
Command: /home/louza/mm-repair/ole/encode.x /mnt/data/datasets/machine-learning-matrices-split/glove.csv.20.4.B.vc 
OLE time: 1.4657
==== Ans-fold compression
Command: /home/louza/mm-repair/ans/encode.x /mnt/data/datasets/machine-learning-matrices-split/glove.csv.20.4.A.vc.C 
Command: /home/louza/mm-repair/ans/encode.x /mnt/data/datasets/machine-learning-matrices-split/glove.csv.20.4.B.vc
Ans-fold time: 12.4482
==== Integer vector .C compression
Command: /home/louza/mm-repair/sdsl/encode.x /mnt/data/datasets/machine-learning-matrices-split/glove.csv.20.5.A.vc.C 
==== Integer vector .R compression
Command: /home/louza/mm-repair/sdsl/encode.x /mnt/data/datasets/machine-learning-matrices-split/glove.csv.20.5.A.vc.R 
Integer vector compression time: 0.2697
==== OLE
Command: /home/louza/mm-repair/ole/encode.x /mnt/data/datasets/machine-learning-matrices-split/glove.csv.20.5.A.vc.C 
Command: /home/louza/mm-repair/ole/encode.x /mnt/data/datasets/machine-learning-matrices-split/glove.csv.20.5.B.vc 
OLE time: 1.6814
==== Ans-fold compression
Command: /home/louza/mm-repair/ans/encode.x /mnt/data/datasets/machine-learning-matrices-split/glove.csv.20.5.A.vc.C 
Command: /home/louza/mm-repair/ans/encode.x /mnt/data/datasets/machine-learning-matrices-split/glove.csv.20.5.B.vc
Ans-fold time: 14.4674
==== Integer vector .C compression
Command: /home/louza/mm-repair/sdsl/encode.x /mnt/data/datasets/machine-learning-matrices-split/glove.csv.20.6.A.vc.C 
==== Integer vector .R compression
Command: /home/louza/mm-repair/sdsl/encode.x /mnt/data/datasets/machine-learning-matrices-split/glove.csv.20.6.A.vc.R 
Integer vector compression time: 0.2424
==== OLE
Command: /home/louza/mm-repair/ole/encode.x /mnt/data/datasets/machine-learning-matrices-split/glove.csv.20.6.A.vc.C 
Command: /home/louza/mm-repair/ole/encode.x /mnt/data/datasets/machine-learning-matrices-split/glove.csv.20.6.B.vc 
OLE time: 2.8557
==== Ans-fold compression
Command: /home/louza/mm-repair/ans/encode.x /mnt/data/datasets/machine-learning-matrices-split/glove.csv.20.6.A.vc.C 
Command: /home/louza/mm-repair/ans/encode.x /mnt/data/datasets/machine-learning-matrices-split/glove.csv.20.6.B.vc
Ans-fold time: 17.1853
==== Integer vector .C compression
Command: /home/louza/mm-repair/sdsl/encode.x /mnt/data/datasets/machine-learning-matrices-split/glove.csv.20.7.A.vc.C 
==== Integer vector .R compression
Command: /home/louza/mm-repair/sdsl/encode.x /mnt/data/datasets/machine-learning-matrices-split/glove.csv.20.7.A.vc.R 
Integer vector compression time: 0.2974
==== OLE
Command: /home/louza/mm-repair/ole/encode.x /mnt/data/datasets/machine-learning-matrices-split/glove.csv.20.7.A.vc.C 
Command: /home/louza/mm-repair/ole/encode.x /mnt/data/datasets/machine-learning-matrices-split/glove.csv.20.7.B.vc 
OLE time: 2.1119
==== Ans-fold compression
Command: /home/louza/mm-repair/ans/encode.x /mnt/data/datasets/machine-learning-matrices-split/glove.csv.20.7.A.vc.C 
Command: /home/louza/mm-repair/ans/encode.x /mnt/data/datasets/machine-learning-matrices-split/glove.csv.20.7.B.vc
Ans-fold time: 19.0965
==== Integer vector .C compression
Command: /home/louza/mm-repair/sdsl/encode.x /mnt/data/datasets/machine-learning-matrices-split/glove.csv.20.8.A.vc.C 
==== Integer vector .R compression
Command: /home/louza/mm-repair/sdsl/encode.x /mnt/data/datasets/machine-learning-matrices-split/glove.csv.20.8.A.vc.R 
Integer vector compression time: 0.2176
==== OLE
Command: /home/louza/mm-repair/ole/encode.x /mnt/data/datasets/machine-learning-matrices-split/glove.csv.20.8.A.vc.C 
Command: /home/louza/mm-repair/ole/encode.x /mnt/data/datasets/machine-learning-matrices-split/glove.csv.20.8.B.vc 
OLE time: 1.4406
==== Ans-fold compression
Command: /home/louza/mm-repair/ans/encode.x /mnt/data/datasets/machine-learning-matrices-split/glove.csv.20.8.A.vc.C 
Command: /home/louza/mm-repair/ans/encode.x /mnt/data/datasets/machine-learning-matrices-split/glove.csv.20.8.B.vc
Ans-fold time: 21.5278
==== Integer vector .C compression
Command: /home/louza/mm-repair/sdsl/encode.x /mnt/data/datasets/machine-learning-matrices-split/glove.csv.20.9.A.vc.C 
==== Integer vector .R compression
Command: /home/louza/mm-repair/sdsl/encode.x /mnt/data/datasets/machine-learning-matrices-split/glove.csv.20.9.A.vc.R 
Integer vector compression time: 0.1908
==== OLE
Command: /home/louza/mm-repair/ole/encode.x /mnt/data/datasets/machine-learning-matrices-split/glove.csv.20.9.A.vc.C 
Command: /home/louza/mm-repair/ole/encode.x /mnt/data/datasets/machine-learning-matrices-split/glove.csv.20.9.B.vc 
OLE time: 1.3300
==== Ans-fold compression
Command: /home/louza/mm-repair/ans/encode.x /mnt/data/datasets/machine-learning-matrices-split/glove.csv.20.9.A.vc.C 
Command: /home/louza/mm-repair/ans/encode.x /mnt/data/datasets/machine-learning-matrices-split/glove.csv.20.9.B.vc
Ans-fold time: 23.5389
==== Integer vector .C compression
Command: /home/louza/mm-repair/sdsl/encode.x /mnt/data/datasets/machine-learning-matrices-split/glove.csv.20.10.A.vc.C 
==== Integer vector .R compression
Command: /home/louza/mm-repair/sdsl/encode.x /mnt/data/datasets/machine-learning-matrices-split/glove.csv.20.10.A.vc.R 
Integer vector compression time: 0.1829
==== OLE
Command: /home/louza/mm-repair/ole/encode.x /mnt/data/datasets/machine-learning-matrices-split/glove.csv.20.10.A.vc.C 
Command: /home/louza/mm-repair/ole/encode.x /mnt/data/datasets/machine-learning-matrices-split/glove.csv.20.10.B.vc 
OLE time: 2.1246
==== Ans-fold compression
Command: /home/louza/mm-repair/ans/encode.x /mnt/data/datasets/machine-learning-matrices-split/glove.csv.20.10.A.vc.C 
Command: /home/louza/mm-repair/ans/encode.x /mnt/data/datasets/machine-learning-matrices-split/glove.csv.20.10.B.vc
Ans-fold time: 26.0134
==== Integer vector .C compression
Command: /home/louza/mm-repair/sdsl/encode.x /mnt/data/datasets/machine-learning-matrices-split/glove.csv.20.11.A.vc.C 
==== Integer vector .R compression
Command: /home/louza/mm-repair/sdsl/encode.x /mnt/data/datasets/machine-learning-matrices-split/glove.csv.20.11.A.vc.R 
Integer vector compression time: 0.2374
==== OLE
Command: /home/louza/mm-repair/ole/encode.x /mnt/data/datasets/machine-learning-matrices-split/glove.csv.20.11.A.vc.C 
Command: /home/louza/mm-repair/ole/encode.x /mnt/data/datasets/machine-learning-matrices-split/glove.csv.20.11.B.vc 
OLE time: 2.2454
==== Ans-fold compression
Command: /home/louza/mm-repair/ans/encode.x /mnt/data/datasets/machine-learning-matrices-split/glove.csv.20.11.A.vc.C 
Command: /home/louza/mm-repair/ans/encode.x /mnt/data/datasets/machine-learning-matrices-split/glove.csv.20.11.B.vc
Ans-fold time: 28.3128
==== Integer vector .C compression
Command: /home/louza/mm-repair/sdsl/encode.x /mnt/data/datasets/machine-learning-matrices-split/glove.csv.20.12.A.vc.C 
==== Integer vector .R compression
Command: /home/louza/mm-repair/sdsl/encode.x /mnt/data/datasets/machine-learning-matrices-split/glove.csv.20.12.A.vc.R 
Integer vector compression time: 0.3486
==== OLE
Command: /home/louza/mm-repair/ole/encode.x /mnt/data/datasets/machine-learning-matrices-split/glove.csv.20.12.A.vc.C 
Command: /home/louza/mm-repair/ole/encode.x /mnt/data/datasets/machine-learning-matrices-split/glove.csv.20.12.B.vc 
OLE time: 1.6665
==== Ans-fold compression
Command: /home/louza/mm-repair/ans/encode.x /mnt/data/datasets/machine-learning-matrices-split/glove.csv.20.12.A.vc.C 
Command: /home/louza/mm-repair/ans/encode.x /mnt/data/datasets/machine-learning-matrices-split/glove.csv.20.12.B.vc
Ans-fold time: 30.2199
==== Integer vector .C compression
Command: /home/louza/mm-repair/sdsl/encode.x /mnt/data/datasets/machine-learning-matrices-split/glove.csv.20.13.A.vc.C 
==== Integer vector .R compression
Command: /home/louza/mm-repair/sdsl/encode.x /mnt/data/datasets/machine-learning-matrices-split/glove.csv.20.13.A.vc.R 
Integer vector compression time: 0.1929
==== OLE
Command: /home/louza/mm-repair/ole/encode.x /mnt/data/datasets/machine-learning-matrices-split/glove.csv.20.13.A.vc.C 
Command: /home/louza/mm-repair/ole/encode.x /mnt/data/datasets/machine-learning-matrices-split/glove.csv.20.13.B.vc 
OLE time: 1.0463
==== Ans-fold compression
Command: /home/louza/mm-repair/ans/encode.x /mnt/data/datasets/machine-learning-matrices-split/glove.csv.20.13.A.vc.C 
Command: /home/louza/mm-repair/ans/encode.x /mnt/data/datasets/machine-learning-matrices-split/glove.csv.20.13.B.vc
Ans-fold time: 33.5141
==== Integer vector .C compression
Command: /home/louza/mm-repair/sdsl/encode.x /mnt/data/datasets/machine-learning-matrices-split/glove.csv.20.14.A.vc.C 
==== Integer vector .R compression
Command: /home/louza/mm-repair/sdsl/encode.x /mnt/data/datasets/machine-learning-matrices-split/glove.csv.20.14.A.vc.R 
Integer vector compression time: 0.3149
==== OLE
Command: /home/louza/mm-repair/ole/encode.x /mnt/data/datasets/machine-learning-matrices-split/glove.csv.20.14.A.vc.C 
Command: /home/louza/mm-repair/ole/encode.x /mnt/data/datasets/machine-learning-matrices-split/glove.csv.20.14.B.vc 
OLE time: 2.6636
==== Ans-fold compression
Command: /home/louza/mm-repair/ans/encode.x /mnt/data/datasets/machine-learning-matrices-split/glove.csv.20.14.A.vc.C 
Command: /home/louza/mm-repair/ans/encode.x /mnt/data/datasets/machine-learning-matrices-split/glove.csv.20.14.B.vc
Ans-fold time: 35.7102
==== Integer vector .C compression
Command: /home/louza/mm-repair/sdsl/encode.x /mnt/data/datasets/machine-learning-matrices-split/glove.csv.20.15.A.vc.C 
==== Integer vector .R compression
Command: /home/louza/mm-repair/sdsl/encode.x /mnt/data/datasets/machine-learning-matrices-split/glove.csv.20.15.A.vc.R 
Integer vector compression time: 0.1883
==== OLE
Command: /home/louza/mm-repair/ole/encode.x /mnt/data/datasets/machine-learning-matrices-split/glove.csv.20.15.A.vc.C 
Command: /home/louza/mm-repair/ole/encode.x /mnt/data/datasets/machine-learning-matrices-split/glove.csv.20.15.B.vc 
OLE time: 1.6291
==== Ans-fold compression
Command: /home/louza/mm-repair/ans/encode.x /mnt/data/datasets/machine-learning-matrices-split/glove.csv.20.15.A.vc.C 
Command: /home/louza/mm-repair/ans/encode.x /mnt/data/datasets/machine-learning-matrices-split/glove.csv.20.15.B.vc
Ans-fold time: 37.9578
==== Integer vector .C compression
Command: /home/louza/mm-repair/sdsl/encode.x /mnt/data/datasets/machine-learning-matrices-split/glove.csv.20.16.A.vc.C 
==== Integer vector .R compression
Command: /home/louza/mm-repair/sdsl/encode.x /mnt/data/datasets/machine-learning-matrices-split/glove.csv.20.16.A.vc.R 
Integer vector compression time: 0.1905
==== OLE
Command: /home/louza/mm-repair/ole/encode.x /mnt/data/datasets/machine-learning-matrices-split/glove.csv.20.16.A.vc.C 
Command: /home/louza/mm-repair/ole/encode.x /mnt/data/datasets/machine-learning-matrices-split/glove.csv.20.16.B.vc 
OLE time: 1.7102
==== Ans-fold compression
Command: /home/louza/mm-repair/ans/encode.x /mnt/data/datasets/machine-learning-matrices-split/glove.csv.20.16.A.vc.C 
Command: /home/louza/mm-repair/ans/encode.x /mnt/data/datasets/machine-learning-matrices-split/glove.csv.20.16.B.vc
Ans-fold time: 41.1376
==== Integer vector .C compression
Command: /home/louza/mm-repair/sdsl/encode.x /mnt/data/datasets/machine-learning-matrices-split/glove.csv.20.17.A.vc.C 
==== Integer vector .R compression
Command: /home/louza/mm-repair/sdsl/encode.x /mnt/data/datasets/machine-learning-matrices-split/glove.csv.20.17.A.vc.R 
Integer vector compression time: 0.4721
==== OLE
Command: /home/louza/mm-repair/ole/encode.x /mnt/data/datasets/machine-learning-matrices-split/glove.csv.20.17.A.vc.C 
Command: /home/louza/mm-repair/ole/encode.x /mnt/data/datasets/machine-learning-matrices-split/glove.csv.20.17.B.vc 
OLE time: 2.2352
==== Ans-fold compression
Command: /home/louza/mm-repair/ans/encode.x /mnt/data/datasets/machine-learning-matrices-split/glove.csv.20.17.A.vc.C 
Command: /home/louza/mm-repair/ans/encode.x /mnt/data/datasets/machine-learning-matrices-split/glove.csv.20.17.B.vc
Ans-fold time: 42.7466
==== Integer vector .C compression
Command: /home/louza/mm-repair/sdsl/encode.x /mnt/data/datasets/machine-learning-matrices-split/glove.csv.20.18.A.vc.C 
==== Integer vector .R compression
Command: /home/louza/mm-repair/sdsl/encode.x /mnt/data/datasets/machine-learning-matrices-split/glove.csv.20.18.A.vc.R 
Integer vector compression time: 0.2601
==== OLE
Command: /home/louza/mm-repair/ole/encode.x /mnt/data/datasets/machine-learning-matrices-split/glove.csv.20.18.A.vc.C 
Command: /home/louza/mm-repair/ole/encode.x /mnt/data/datasets/machine-learning-matrices-split/glove.csv.20.18.B.vc 
OLE time: 0.8188
==== Ans-fold compression
Command: /home/louza/mm-repair/ans/encode.x /mnt/data/datasets/machine-learning-matrices-split/glove.csv.20.18.A.vc.C 
Command: /home/louza/mm-repair/ans/encode.x /mnt/data/datasets/machine-learning-matrices-split/glove.csv.20.18.B.vc
Ans-fold time: 45.6296
==== Integer vector .C compression
Command: /home/louza/mm-repair/sdsl/encode.x /mnt/data/datasets/machine-learning-matrices-split/glove.csv.20.19.A.vc.C 
==== Integer vector .R compression
Command: /home/louza/mm-repair/sdsl/encode.x /mnt/data/datasets/machine-learning-matrices-split/glove.csv.20.19.A.vc.R 
Integer vector compression time: 0.3677
==== OLE
Command: /home/louza/mm-repair/ole/encode.x /mnt/data/datasets/machine-learning-matrices-split/glove.csv.20.19.A.vc.C 
Command: /home/louza/mm-repair/ole/encode.x /mnt/data/datasets/machine-learning-matrices-split/glove.csv.20.19.B.vc 
OLE time: 2.2136
==== Ans-fold compression
Command: /home/louza/mm-repair/ans/encode.x /mnt/data/datasets/machine-learning-matrices-split/glove.csv.20.19.A.vc.C 
Command: /home/louza/mm-repair/ans/encode.x /mnt/data/datasets/machine-learning-matrices-split/glove.csv.20.19.B.vc
Ans-fold time: 48.0954
Elapsed time: 775.8166
==== Compression Report:
 >> matrix name: /mnt/data/datasets/machine-learning-matrices-split/glove.csv
 >> conversion time: 682.00
 >> repair time: 1.35
 >> integer vectors time: 0.37
 >> ansf time: 48.10
 >> total time: 775.82
 >> matrix log(alpha)xNumEntries size: 300000000 bytes
 >> matrix dense size: 960000000 bytes
 >> total number of nonzero: 0 (0.00%)
 >> number of distinct nonzero: 717119
 >> CRSV  size: 7336952 bytes  (0.76%)
 >> B	  size: 481600000 bytes  (50.17%)
 >> B_ans size: 303670524 bytes  (31.63%)
 >> RE32  size: 311007556 bytes  (32.40%)
 >> REIV  size: 309458076 bytes  (32.24%)
 >> REANS size: 309408736 bytes  (32.23%)
==== Done

#### 2026-09-08 10:23:51
 Command line: ./mm-repair/matrepair -r -b 20 -p 20 /mnt/data/datasets/machine-learning-matrices-split/glove.csv 400000 300 --mapping --split 
Setting memory for each repair instance to 23202 MBs
Sending logging messages to file: /mnt/data/datasets/machine-learning-matrices-split/glove.csv.log
==== Conversion bin/csv->csrv
Command: /home/louza/mm-repair/csvmat2csrv -b 20   /mnt/data/datasets/machine-learning-matrices-split/glove.csv -r 0 -m -s 400000 300
Conversion time: 1166.4019
==== Repair paralell compression
---- Executing 20 parallel processes
---- Parallel processing completed
Repair time: 0.1504
==== Integer vector .C compression
Command: /home/louza/mm-repair/sdsl/encode.x /mnt/data/datasets/machine-learning-matrices-split/glove.csv.20.0.A.vc.C 
==== Integer vector .R compression
Command: /home/louza/mm-repair/sdsl/encode.x /mnt/data/datasets/machine-learning-matrices-split/glove.csv.20.0.A.vc.R 
Integer vector compression time: 0.0258
==== Ans-fold compression
Command: /home/louza/mm-repair/ans/encode.x /mnt/data/datasets/machine-learning-matrices-split/glove.csv.20.0.A.vc.C 
Command: /home/louza/mm-repair/ans/encode.x /mnt/data/datasets/machine-learning-matrices-split/glove.csv.20.0.B.vc
Ans-fold time: 3.8997
==== Integer vector .C compression
Command: /home/louza/mm-repair/sdsl/encode.x /mnt/data/datasets/machine-learning-matrices-split/glove.csv.20.1.A.vc.C 
==== Integer vector .R compression
Command: /home/louza/mm-repair/sdsl/encode.x /mnt/data/datasets/machine-learning-matrices-split/glove.csv.20.1.A.vc.R 
Integer vector compression time: 0.1202
==== Ans-fold compression
Command: /home/louza/mm-repair/ans/encode.x /mnt/data/datasets/machine-learning-matrices-split/glove.csv.20.1.A.vc.C 
Command: /home/louza/mm-repair/ans/encode.x /mnt/data/datasets/machine-learning-matrices-split/glove.csv.20.1.B.vc
Ans-fold time: 7.3681
==== Integer vector .C compression
Command: /home/louza/mm-repair/sdsl/encode.x /mnt/data/datasets/machine-learning-matrices-split/glove.csv.20.2.A.vc.C 
==== Integer vector .R compression
Command: /home/louza/mm-repair/sdsl/encode.x /mnt/data/datasets/machine-learning-matrices-split/glove.csv.20.2.A.vc.R 
Integer vector compression time: 0.0277
==== Ans-fold compression
Command: /home/louza/mm-repair/ans/encode.x /mnt/data/datasets/machine-learning-matrices-split/glove.csv.20.2.A.vc.C 
Command: /home/louza/mm-repair/ans/encode.x /mnt/data/datasets/machine-learning-matrices-split/glove.csv.20.2.B.vc
Ans-fold time: 10.8056
==== Integer vector .C compression
Command: /home/louza/mm-repair/sdsl/encode.x /mnt/data/datasets/machine-learning-matrices-split/glove.csv.20.3.A.vc.C 
==== Integer vector .R compression
Command: /home/louza/mm-repair/sdsl/encode.x /mnt/data/datasets/machine-learning-matrices-split/glove.csv.20.3.A.vc.R 
Integer vector compression time: 0.0245
==== Ans-fold compression
Command: /home/louza/mm-repair/ans/encode.x /mnt/data/datasets/machine-learning-matrices-split/glove.csv.20.3.A.vc.C 
Command: /home/louza/mm-repair/ans/encode.x /mnt/data/datasets/machine-learning-matrices-split/glove.csv.20.3.B.vc
Ans-fold time: 14.5201
==== Integer vector .C compression
Command: /home/louza/mm-repair/sdsl/encode.x /mnt/data/datasets/machine-learning-matrices-split/glove.csv.20.4.A.vc.C 
==== Integer vector .R compression
Command: /home/louza/mm-repair/sdsl/encode.x /mnt/data/datasets/machine-learning-matrices-split/glove.csv.20.4.A.vc.R 
Integer vector compression time: 0.0604
==== Ans-fold compression
Command: /home/louza/mm-repair/ans/encode.x /mnt/data/datasets/machine-learning-matrices-split/glove.csv.20.4.A.vc.C 
Command: /home/louza/mm-repair/ans/encode.x /mnt/data/datasets/machine-learning-matrices-split/glove.csv.20.4.B.vc
Ans-fold time: 18.3138
==== Integer vector .C compression
Command: /home/louza/mm-repair/sdsl/encode.x /mnt/data/datasets/machine-learning-matrices-split/glove.csv.20.5.A.vc.C 
==== Integer vector .R compression
Command: /home/louza/mm-repair/sdsl/encode.x /mnt/data/datasets/machine-learning-matrices-split/glove.csv.20.5.A.vc.R 
Integer vector compression time: 0.0927
==== Ans-fold compression
Command: /home/louza/mm-repair/ans/encode.x /mnt/data/datasets/machine-learning-matrices-split/glove.csv.20.5.A.vc.C 
Command: /home/louza/mm-repair/ans/encode.x /mnt/data/datasets/machine-learning-matrices-split/glove.csv.20.5.B.vc
Ans-fold time: 22.6010
==== Integer vector .C compression
Command: /home/louza/mm-repair/sdsl/encode.x /mnt/data/datasets/machine-learning-matrices-split/glove.csv.20.6.A.vc.C 
==== Integer vector .R compression
Command: /home/louza/mm-repair/sdsl/encode.x /mnt/data/datasets/machine-learning-matrices-split/glove.csv.20.6.A.vc.R 
Integer vector compression time: 0.1658
==== Ans-fold compression
Command: /home/louza/mm-repair/ans/encode.x /mnt/data/datasets/machine-learning-matrices-split/glove.csv.20.6.A.vc.C 
Command: /home/louza/mm-repair/ans/encode.x /mnt/data/datasets/machine-learning-matrices-split/glove.csv.20.6.B.vc
Ans-fold time: 26.4402
==== Integer vector .C compression
Command: /home/louza/mm-repair/sdsl/encode.x /mnt/data/datasets/machine-learning-matrices-split/glove.csv.20.7.A.vc.C 
==== Integer vector .R compression
Command: /home/louza/mm-repair/sdsl/encode.x /mnt/data/datasets/machine-learning-matrices-split/glove.csv.20.7.A.vc.R 
Integer vector compression time: 0.0875
==== Ans-fold compression
Command: /home/louza/mm-repair/ans/encode.x /mnt/data/datasets/machine-learning-matrices-split/glove.csv.20.7.A.vc.C 
Command: /home/louza/mm-repair/ans/encode.x /mnt/data/datasets/machine-learning-matrices-split/glove.csv.20.7.B.vc
Ans-fold time: 29.9428
==== Integer vector .C compression
Command: /home/louza/mm-repair/sdsl/encode.x /mnt/data/datasets/machine-learning-matrices-split/glove.csv.20.8.A.vc.C 
==== Integer vector .R compression
Command: /home/louza/mm-repair/sdsl/encode.x /mnt/data/datasets/machine-learning-matrices-split/glove.csv.20.8.A.vc.R 
Integer vector compression time: 0.0270
==== Ans-fold compression
Command: /home/louza/mm-repair/ans/encode.x /mnt/data/datasets/machine-learning-matrices-split/glove.csv.20.8.A.vc.C 
Command: /home/louza/mm-repair/ans/encode.x /mnt/data/datasets/machine-learning-matrices-split/glove.csv.20.8.B.vc
Ans-fold time: 33.3310
==== Integer vector .C compression
Command: /home/louza/mm-repair/sdsl/encode.x /mnt/data/datasets/machine-learning-matrices-split/glove.csv.20.9.A.vc.C 
==== Integer vector .R compression
Command: /home/louza/mm-repair/sdsl/encode.x /mnt/data/datasets/machine-learning-matrices-split/glove.csv.20.9.A.vc.R 
Integer vector compression time: 0.0940
==== Ans-fold compression
Command: /home/louza/mm-repair/ans/encode.x /mnt/data/datasets/machine-learning-matrices-split/glove.csv.20.9.A.vc.C 
Command: /home/louza/mm-repair/ans/encode.x /mnt/data/datasets/machine-learning-matrices-split/glove.csv.20.9.B.vc
Ans-fold time: 36.7732
==== Integer vector .C compression
Command: /home/louza/mm-repair/sdsl/encode.x /mnt/data/datasets/machine-learning-matrices-split/glove.csv.20.10.A.vc.C 
==== Integer vector .R compression
Command: /home/louza/mm-repair/sdsl/encode.x /mnt/data/datasets/machine-learning-matrices-split/glove.csv.20.10.A.vc.R 
Integer vector compression time: 0.0247
==== Ans-fold compression
Command: /home/louza/mm-repair/ans/encode.x /mnt/data/datasets/machine-learning-matrices-split/glove.csv.20.10.A.vc.C 
Command: /home/louza/mm-repair/ans/encode.x /mnt/data/datasets/machine-learning-matrices-split/glove.csv.20.10.B.vc
Ans-fold time: 40.3108
==== Integer vector .C compression
Command: /home/louza/mm-repair/sdsl/encode.x /mnt/data/datasets/machine-learning-matrices-split/glove.csv.20.11.A.vc.C 
==== Integer vector .R compression
Command: /home/louza/mm-repair/sdsl/encode.x /mnt/data/datasets/machine-learning-matrices-split/glove.csv.20.11.A.vc.R 
Integer vector compression time: 0.0270
==== Ans-fold compression
Command: /home/louza/mm-repair/ans/encode.x /mnt/data/datasets/machine-learning-matrices-split/glove.csv.20.11.A.vc.C 
Command: /home/louza/mm-repair/ans/encode.x /mnt/data/datasets/machine-learning-matrices-split/glove.csv.20.11.B.vc
Ans-fold time: 43.7776
==== Integer vector .C compression
Command: /home/louza/mm-repair/sdsl/encode.x /mnt/data/datasets/machine-learning-matrices-split/glove.csv.20.12.A.vc.C 
==== Integer vector .R compression
Command: /home/louza/mm-repair/sdsl/encode.x /mnt/data/datasets/machine-learning-matrices-split/glove.csv.20.12.A.vc.R 
Integer vector compression time: 0.0962
==== Ans-fold compression
Command: /home/louza/mm-repair/ans/encode.x /mnt/data/datasets/machine-learning-matrices-split/glove.csv.20.12.A.vc.C 
Command: /home/louza/mm-repair/ans/encode.x /mnt/data/datasets/machine-learning-matrices-split/glove.csv.20.12.B.vc
Ans-fold time: 47.2540
==== Integer vector .C compression
Command: /home/louza/mm-repair/sdsl/encode.x /mnt/data/datasets/machine-learning-matrices-split/glove.csv.20.13.A.vc.C 
==== Integer vector .R compression
Command: /home/louza/mm-repair/sdsl/encode.x /mnt/data/datasets/machine-learning-matrices-split/glove.csv.20.13.A.vc.R 
Integer vector compression time: 0.0468
==== Ans-fold compression
Command: /home/louza/mm-repair/ans/encode.x /mnt/data/datasets/machine-learning-matrices-split/glove.csv.20.13.A.vc.C 
Command: /home/louza/mm-repair/ans/encode.x /mnt/data/datasets/machine-learning-matrices-split/glove.csv.20.13.B.vc
Ans-fold time: 51.1874
==== Integer vector .C compression
Command: /home/louza/mm-repair/sdsl/encode.x /mnt/data/datasets/machine-learning-matrices-split/glove.csv.20.14.A.vc.C 
==== Integer vector .R compression
Command: /home/louza/mm-repair/sdsl/encode.x /mnt/data/datasets/machine-learning-matrices-split/glove.csv.20.14.A.vc.R 
Integer vector compression time: 0.1088
==== Ans-fold compression
Command: /home/louza/mm-repair/ans/encode.x /mnt/data/datasets/machine-learning-matrices-split/glove.csv.20.14.A.vc.C 
Command: /home/louza/mm-repair/ans/encode.x /mnt/data/datasets/machine-learning-matrices-split/glove.csv.20.14.B.vc
Ans-fold time: 55.0732
==== Integer vector .C compression
Command: /home/louza/mm-repair/sdsl/encode.x /mnt/data/datasets/machine-learning-matrices-split/glove.csv.20.15.A.vc.C 
==== Integer vector .R compression
Command: /home/louza/mm-repair/sdsl/encode.x /mnt/data/datasets/machine-learning-matrices-split/glove.csv.20.15.A.vc.R 
Integer vector compression time: 0.1158
==== Ans-fold compression
Command: /home/louza/mm-repair/ans/encode.x /mnt/data/datasets/machine-learning-matrices-split/glove.csv.20.15.A.vc.C 
Command: /home/louza/mm-repair/ans/encode.x /mnt/data/datasets/machine-learning-matrices-split/glove.csv.20.15.B.vc
Ans-fold time: 58.6627
==== Integer vector .C compression
Command: /home/louza/mm-repair/sdsl/encode.x /mnt/data/datasets/machine-learning-matrices-split/glove.csv.20.16.A.vc.C 
==== Integer vector .R compression
Command: /home/louza/mm-repair/sdsl/encode.x /mnt/data/datasets/machine-learning-matrices-split/glove.csv.20.16.A.vc.R 
Integer vector compression time: 0.0983
==== Ans-fold compression
Command: /home/louza/mm-repair/ans/encode.x /mnt/data/datasets/machine-learning-matrices-split/glove.csv.20.16.A.vc.C 
Command: /home/louza/mm-repair/ans/encode.x /mnt/data/datasets/machine-learning-matrices-split/glove.csv.20.16.B.vc
Ans-fold time: 62.2481
==== Integer vector .C compression
Command: /home/louza/mm-repair/sdsl/encode.x /mnt/data/datasets/machine-learning-matrices-split/glove.csv.20.17.A.vc.C 
==== Integer vector .R compression
Command: /home/louza/mm-repair/sdsl/encode.x /mnt/data/datasets/machine-learning-matrices-split/glove.csv.20.17.A.vc.R 
Integer vector compression time: 0.0252
==== Ans-fold compression
Command: /home/louza/mm-repair/ans/encode.x /mnt/data/datasets/machine-learning-matrices-split/glove.csv.20.17.A.vc.C 
Command: /home/louza/mm-repair/ans/encode.x /mnt/data/datasets/machine-learning-matrices-split/glove.csv.20.17.B.vc
Ans-fold time: 65.6921
==== Integer vector .C compression
Command: /home/louza/mm-repair/sdsl/encode.x /mnt/data/datasets/machine-learning-matrices-split/glove.csv.20.18.A.vc.C 
==== Integer vector .R compression
Command: /home/louza/mm-repair/sdsl/encode.x /mnt/data/datasets/machine-learning-matrices-split/glove.csv.20.18.A.vc.R 
Integer vector compression time: 0.0248
==== Ans-fold compression
Command: /home/louza/mm-repair/ans/encode.x /mnt/data/datasets/machine-learning-matrices-split/glove.csv.20.18.A.vc.C 
Command: /home/louza/mm-repair/ans/encode.x /mnt/data/datasets/machine-learning-matrices-split/glove.csv.20.18.B.vc
Ans-fold time: 69.1526
==== Integer vector .C compression
Command: /home/louza/mm-repair/sdsl/encode.x /mnt/data/datasets/machine-learning-matrices-split/glove.csv.20.19.A.vc.C 
==== Integer vector .R compression
Command: /home/louza/mm-repair/sdsl/encode.x /mnt/data/datasets/machine-learning-matrices-split/glove.csv.20.19.A.vc.R 
Integer vector compression time: 0.0246
==== Ans-fold compression
Command: /home/louza/mm-repair/ans/encode.x /mnt/data/datasets/machine-learning-matrices-split/glove.csv.20.19.A.vc.C 
Command: /home/louza/mm-repair/ans/encode.x /mnt/data/datasets/machine-learning-matrices-split/glove.csv.20.19.B.vc
Ans-fold time: 73.2380
Command: /home/louza/mm-repair/ans/encode.x /mnt/data/datasets/machine-learning-matrices-split/glove.csv.wcode 
Elapsed time: 1242.8454
==== Compression Report:
 >> matrix name: /mnt/data/datasets/machine-learning-matrices-split/glove.csv
 >> conversion time: 1166.40
 >> repair time: 0.15
 >> integer vectors time: 0.02
 >> ansf time: 73.24
 >> total time: 1242.85
 >> wcode: 226590916 bytes
 >> wcode_ans: 16430594 bytes
 >> matrix log(alpha)xNumEntries size: 300000000 bytes
 >> matrix dense size: 960000000 bytes
 >> total number of nonzero: 0 (0.00%)
 >> number of distinct nonzero: 717119
 >> CRSV  size: 7336952 bytes  (0.76%)
 >> B	  size: 481600000 bytes  (50.17%)
 >> B_ans size: 387153003 bytes  (40.33%)
 >> RE32  size: 621080951 bytes  (64.70%)
 >> REIV  size: 619531471 bytes  (64.53%)
 >> REANS size: 409321809 bytes  (42.64%)
==== Done

#### 2026-09-08 10:44:34
 Command line: ./mm-repair/matrepair -r -b 20 -p 20 /mnt/data/datasets/machine-learning-matrices-split/glove.csv 400000 300 --ole --mapping --split 
Setting memory for each repair instance to 23202 MBs
Sending logging messages to file: /mnt/data/datasets/machine-learning-matrices-split/glove.csv.log
==== Conversion bin/csv->csrv
Command: /home/louza/mm-repair/csvmat2csrv -b 20   /mnt/data/datasets/machine-learning-matrices-split/glove.csv -r 0 -m -s 400000 300
Conversion time: 991.9411
==== Repair paralell compression
---- Executing 20 parallel processes
---- Parallel processing completed
Repair time: 0.0519
==== Integer vector .C compression
Command: /home/louza/mm-repair/sdsl/encode.x /mnt/data/datasets/machine-learning-matrices-split/glove.csv.20.0.A.vc.C 
==== Integer vector .R compression
Command: /home/louza/mm-repair/sdsl/encode.x /mnt/data/datasets/machine-learning-matrices-split/glove.csv.20.0.A.vc.R 
Integer vector compression time: 0.0248
==== OLE
Command: /home/louza/mm-repair/ole/encode.x /mnt/data/datasets/machine-learning-matrices-split/glove.csv.20.0.A.vc.C 
Command: /home/louza/mm-repair/ole/encode.x /mnt/data/datasets/machine-learning-matrices-split/glove.csv.20.0.B.vc 
OLE time: 0.2154
==== Ans-fold compression
Command: /home/louza/mm-repair/ans/encode.x /mnt/data/datasets/machine-learning-matrices-split/glove.csv.20.0.A.vc.C 
Command: /home/louza/mm-repair/ans/encode.x /mnt/data/datasets/machine-learning-matrices-split/glove.csv.20.0.B.vc
Ans-fold time: 0.6528
==== Integer vector .C compression
Command: /home/louza/mm-repair/sdsl/encode.x /mnt/data/datasets/machine-learning-matrices-split/glove.csv.20.1.A.vc.C 
==== Integer vector .R compression
Command: /home/louza/mm-repair/sdsl/encode.x /mnt/data/datasets/machine-learning-matrices-split/glove.csv.20.1.A.vc.R 
Integer vector compression time: 0.0252
==== OLE
Command: /home/louza/mm-repair/ole/encode.x /mnt/data/datasets/machine-learning-matrices-split/glove.csv.20.1.A.vc.C 
Command: /home/louza/mm-repair/ole/encode.x /mnt/data/datasets/machine-learning-matrices-split/glove.csv.20.1.B.vc 
OLE time: 0.2028
==== Ans-fold compression
Command: /home/louza/mm-repair/ans/encode.x /mnt/data/datasets/machine-learning-matrices-split/glove.csv.20.1.A.vc.C 
Command: /home/louza/mm-repair/ans/encode.x /mnt/data/datasets/machine-learning-matrices-split/glove.csv.20.1.B.vc
Ans-fold time: 1.6248
==== Integer vector .C compression
Command: /home/louza/mm-repair/sdsl/encode.x /mnt/data/datasets/machine-learning-matrices-split/glove.csv.20.2.A.vc.C 
==== Integer vector .R compression
Command: /home/louza/mm-repair/sdsl/encode.x /mnt/data/datasets/machine-learning-matrices-split/glove.csv.20.2.A.vc.R 
Integer vector compression time: 0.0261
==== OLE
Command: /home/louza/mm-repair/ole/encode.x /mnt/data/datasets/machine-learning-matrices-split/glove.csv.20.2.A.vc.C 
Command: /home/louza/mm-repair/ole/encode.x /mnt/data/datasets/machine-learning-matrices-split/glove.csv.20.2.B.vc 
OLE time: 0.2111
==== Ans-fold compression
Command: /home/louza/mm-repair/ans/encode.x /mnt/data/datasets/machine-learning-matrices-split/glove.csv.20.2.A.vc.C 
Command: /home/louza/mm-repair/ans/encode.x /mnt/data/datasets/machine-learning-matrices-split/glove.csv.20.2.B.vc
Ans-fold time: 2.5022
==== Integer vector .C compression
Command: /home/louza/mm-repair/sdsl/encode.x /mnt/data/datasets/machine-learning-matrices-split/glove.csv.20.3.A.vc.C 
==== Integer vector .R compression
Command: /home/louza/mm-repair/sdsl/encode.x /mnt/data/datasets/machine-learning-matrices-split/glove.csv.20.3.A.vc.R 
Integer vector compression time: 0.0235
==== OLE
Command: /home/louza/mm-repair/ole/encode.x /mnt/data/datasets/machine-learning-matrices-split/glove.csv.20.3.A.vc.C 
Command: /home/louza/mm-repair/ole/encode.x /mnt/data/datasets/machine-learning-matrices-split/glove.csv.20.3.B.vc 
OLE time: 0.1878
==== Ans-fold compression
Command: /home/louza/mm-repair/ans/encode.x /mnt/data/datasets/machine-learning-matrices-split/glove.csv.20.3.A.vc.C 
Command: /home/louza/mm-repair/ans/encode.x /mnt/data/datasets/machine-learning-matrices-split/glove.csv.20.3.B.vc
Ans-fold time: 3.2007
==== Integer vector .C compression
Command: /home/louza/mm-repair/sdsl/encode.x /mnt/data/datasets/machine-learning-matrices-split/glove.csv.20.4.A.vc.C 
==== Integer vector .R compression
Command: /home/louza/mm-repair/sdsl/encode.x /mnt/data/datasets/machine-learning-matrices-split/glove.csv.20.4.A.vc.R 
Integer vector compression time: 0.0241
==== OLE
Command: /home/louza/mm-repair/ole/encode.x /mnt/data/datasets/machine-learning-matrices-split/glove.csv.20.4.A.vc.C 
Command: /home/louza/mm-repair/ole/encode.x /mnt/data/datasets/machine-learning-matrices-split/glove.csv.20.4.B.vc 
OLE time: 0.5281
==== Ans-fold compression
Command: /home/louza/mm-repair/ans/encode.x /mnt/data/datasets/machine-learning-matrices-split/glove.csv.20.4.A.vc.C 
Command: /home/louza/mm-repair/ans/encode.x /mnt/data/datasets/machine-learning-matrices-split/glove.csv.20.4.B.vc
Ans-fold time: 4.0895
==== Integer vector .C compression
Command: /home/louza/mm-repair/sdsl/encode.x /mnt/data/datasets/machine-learning-matrices-split/glove.csv.20.5.A.vc.C 
==== Integer vector .R compression
Command: /home/louza/mm-repair/sdsl/encode.x /mnt/data/datasets/machine-learning-matrices-split/glove.csv.20.5.A.vc.R 
Integer vector compression time: 0.0262
==== OLE
Command: /home/louza/mm-repair/ole/encode.x /mnt/data/datasets/machine-learning-matrices-split/glove.csv.20.5.A.vc.C 
Command: /home/louza/mm-repair/ole/encode.x /mnt/data/datasets/machine-learning-matrices-split/glove.csv.20.5.B.vc 
OLE time: 0.3730
==== Ans-fold compression
Command: /home/louza/mm-repair/ans/encode.x /mnt/data/datasets/machine-learning-matrices-split/glove.csv.20.5.A.vc.C 
Command: /home/louza/mm-repair/ans/encode.x /mnt/data/datasets/machine-learning-matrices-split/glove.csv.20.5.B.vc
Ans-fold time: 4.9546
==== Integer vector .C compression
Command: /home/louza/mm-repair/sdsl/encode.x /mnt/data/datasets/machine-learning-matrices-split/glove.csv.20.6.A.vc.C 
==== Integer vector .R compression
Command: /home/louza/mm-repair/sdsl/encode.x /mnt/data/datasets/machine-learning-matrices-split/glove.csv.20.6.A.vc.R 
Integer vector compression time: 0.0826
==== OLE
Command: /home/louza/mm-repair/ole/encode.x /mnt/data/datasets/machine-learning-matrices-split/glove.csv.20.6.A.vc.C 
Command: /home/louza/mm-repair/ole/encode.x /mnt/data/datasets/machine-learning-matrices-split/glove.csv.20.6.B.vc 
OLE time: 0.4486
==== Ans-fold compression
Command: /home/louza/mm-repair/ans/encode.x /mnt/data/datasets/machine-learning-matrices-split/glove.csv.20.6.A.vc.C 
Command: /home/louza/mm-repair/ans/encode.x /mnt/data/datasets/machine-learning-matrices-split/glove.csv.20.6.B.vc
Ans-fold time: 5.9483
==== Integer vector .C compression
Command: /home/louza/mm-repair/sdsl/encode.x /mnt/data/datasets/machine-learning-matrices-split/glove.csv.20.7.A.vc.C 
==== Integer vector .R compression
Command: /home/louza/mm-repair/sdsl/encode.x /mnt/data/datasets/machine-learning-matrices-split/glove.csv.20.7.A.vc.R 
Integer vector compression time: 0.0775
==== OLE
Command: /home/louza/mm-repair/ole/encode.x /mnt/data/datasets/machine-learning-matrices-split/glove.csv.20.7.A.vc.C 
Command: /home/louza/mm-repair/ole/encode.x /mnt/data/datasets/machine-learning-matrices-split/glove.csv.20.7.B.vc 
OLE time: 0.4078
==== Ans-fold compression
Command: /home/louza/mm-repair/ans/encode.x /mnt/data/datasets/machine-learning-matrices-split/glove.csv.20.7.A.vc.C 
Command: /home/louza/mm-repair/ans/encode.x /mnt/data/datasets/machine-learning-matrices-split/glove.csv.20.7.B.vc
Ans-fold time: 6.9718
==== Integer vector .C compression
Command: /home/louza/mm-repair/sdsl/encode.x /mnt/data/datasets/machine-learning-matrices-split/glove.csv.20.8.A.vc.C 
==== Integer vector .R compression
Command: /home/louza/mm-repair/sdsl/encode.x /mnt/data/datasets/machine-learning-matrices-split/glove.csv.20.8.A.vc.R 
Integer vector compression time: 0.0309
==== OLE
Command: /home/louza/mm-repair/ole/encode.x /mnt/data/datasets/machine-learning-matrices-split/glove.csv.20.8.A.vc.C 
Command: /home/louza/mm-repair/ole/encode.x /mnt/data/datasets/machine-learning-matrices-split/glove.csv.20.8.B.vc 
OLE time: 0.6080
==== Ans-fold compression
Command: /home/louza/mm-repair/ans/encode.x /mnt/data/datasets/machine-learning-matrices-split/glove.csv.20.8.A.vc.C 
Command: /home/louza/mm-repair/ans/encode.x /mnt/data/datasets/machine-learning-matrices-split/glove.csv.20.8.B.vc
Ans-fold time: 8.0350
==== Integer vector .C compression
Command: /home/louza/mm-repair/sdsl/encode.x /mnt/data/datasets/machine-learning-matrices-split/glove.csv.20.9.A.vc.C 
==== Integer vector .R compression
Command: /home/louza/mm-repair/sdsl/encode.x /mnt/data/datasets/machine-learning-matrices-split/glove.csv.20.9.A.vc.R 
Integer vector compression time: 0.0766
==== OLE
Command: /home/louza/mm-repair/ole/encode.x /mnt/data/datasets/machine-learning-matrices-split/glove.csv.20.9.A.vc.C 
Command: /home/louza/mm-repair/ole/encode.x /mnt/data/datasets/machine-learning-matrices-split/glove.csv.20.9.B.vc 
OLE time: 0.4714
==== Ans-fold compression
Command: /home/louza/mm-repair/ans/encode.x /mnt/data/datasets/machine-learning-matrices-split/glove.csv.20.9.A.vc.C 
Command: /home/louza/mm-repair/ans/encode.x /mnt/data/datasets/machine-learning-matrices-split/glove.csv.20.9.B.vc
Ans-fold time: 9.0674
==== Integer vector .C compression
Command: /home/louza/mm-repair/sdsl/encode.x /mnt/data/datasets/machine-learning-matrices-split/glove.csv.20.10.A.vc.C 
==== Integer vector .R compression
Command: /home/louza/mm-repair/sdsl/encode.x /mnt/data/datasets/machine-learning-matrices-split/glove.csv.20.10.A.vc.R 
Integer vector compression time: 0.0766
==== OLE
Command: /home/louza/mm-repair/ole/encode.x /mnt/data/datasets/machine-learning-matrices-split/glove.csv.20.10.A.vc.C 
Command: /home/louza/mm-repair/ole/encode.x /mnt/data/datasets/machine-learning-matrices-split/glove.csv.20.10.B.vc 
OLE time: 0.5194
==== Ans-fold compression
Command: /home/louza/mm-repair/ans/encode.x /mnt/data/datasets/machine-learning-matrices-split/glove.csv.20.10.A.vc.C 
Command: /home/louza/mm-repair/ans/encode.x /mnt/data/datasets/machine-learning-matrices-split/glove.csv.20.10.B.vc
Ans-fold time: 10.0417
==== Integer vector .C compression
Command: /home/louza/mm-repair/sdsl/encode.x /mnt/data/datasets/machine-learning-matrices-split/glove.csv.20.11.A.vc.C 
==== Integer vector .R compression
Command: /home/louza/mm-repair/sdsl/encode.x /mnt/data/datasets/machine-learning-matrices-split/glove.csv.20.11.A.vc.R 
Integer vector compression time: 0.0414
==== OLE
Command: /home/louza/mm-repair/ole/encode.x /mnt/data/datasets/machine-learning-matrices-split/glove.csv.20.11.A.vc.C 
Command: /home/louza/mm-repair/ole/encode.x /mnt/data/datasets/machine-learning-matrices-split/glove.csv.20.11.B.vc 
OLE time: 0.6969
==== Ans-fold compression
Command: /home/louza/mm-repair/ans/encode.x /mnt/data/datasets/machine-learning-matrices-split/glove.csv.20.11.A.vc.C 
Command: /home/louza/mm-repair/ans/encode.x /mnt/data/datasets/machine-learning-matrices-split/glove.csv.20.11.B.vc
Ans-fold time: 10.9884
==== Integer vector .C compression
Command: /home/louza/mm-repair/sdsl/encode.x /mnt/data/datasets/machine-learning-matrices-split/glove.csv.20.12.A.vc.C 
==== Integer vector .R compression
Command: /home/louza/mm-repair/sdsl/encode.x /mnt/data/datasets/machine-learning-matrices-split/glove.csv.20.12.A.vc.R 
Integer vector compression time: 0.0605
==== OLE
Command: /home/louza/mm-repair/ole/encode.x /mnt/data/datasets/machine-learning-matrices-split/glove.csv.20.12.A.vc.C 
Command: /home/louza/mm-repair/ole/encode.x /mnt/data/datasets/machine-learning-matrices-split/glove.csv.20.12.B.vc 
OLE time: 0.7597
==== Ans-fold compression
Command: /home/louza/mm-repair/ans/encode.x /mnt/data/datasets/machine-learning-matrices-split/glove.csv.20.12.A.vc.C 
Command: /home/louza/mm-repair/ans/encode.x /mnt/data/datasets/machine-learning-matrices-split/glove.csv.20.12.B.vc
Ans-fold time: 12.0055
==== Integer vector .C compression
Command: /home/louza/mm-repair/sdsl/encode.x /mnt/data/datasets/machine-learning-matrices-split/glove.csv.20.13.A.vc.C 
==== Integer vector .R compression
Command: /home/louza/mm-repair/sdsl/encode.x /mnt/data/datasets/machine-learning-matrices-split/glove.csv.20.13.A.vc.R 
Integer vector compression time: 0.0857
==== OLE
Command: /home/louza/mm-repair/ole/encode.x /mnt/data/datasets/machine-learning-matrices-split/glove.csv.20.13.A.vc.C 
Command: /home/louza/mm-repair/ole/encode.x /mnt/data/datasets/machine-learning-matrices-split/glove.csv.20.13.B.vc 
OLE time: 0.6465
==== Ans-fold compression
Command: /home/louza/mm-repair/ans/encode.x /mnt/data/datasets/machine-learning-matrices-split/glove.csv.20.13.A.vc.C 
Command: /home/louza/mm-repair/ans/encode.x /mnt/data/datasets/machine-learning-matrices-split/glove.csv.20.13.B.vc
Ans-fold time: 12.8590
==== Integer vector .C compression
Command: /home/louza/mm-repair/sdsl/encode.x /mnt/data/datasets/machine-learning-matrices-split/glove.csv.20.14.A.vc.C 
==== Integer vector .R compression
Command: /home/louza/mm-repair/sdsl/encode.x /mnt/data/datasets/machine-learning-matrices-split/glove.csv.20.14.A.vc.R 
Integer vector compression time: 0.0314
==== OLE
Command: /home/louza/mm-repair/ole/encode.x /mnt/data/datasets/machine-learning-matrices-split/glove.csv.20.14.A.vc.C 
Command: /home/louza/mm-repair/ole/encode.x /mnt/data/datasets/machine-learning-matrices-split/glove.csv.20.14.B.vc 
OLE time: 0.4733
==== Ans-fold compression
Command: /home/louza/mm-repair/ans/encode.x /mnt/data/datasets/machine-learning-matrices-split/glove.csv.20.14.A.vc.C 
Command: /home/louza/mm-repair/ans/encode.x /mnt/data/datasets/machine-learning-matrices-split/glove.csv.20.14.B.vc
Ans-fold time: 13.9739
==== Integer vector .C compression
Command: /home/louza/mm-repair/sdsl/encode.x /mnt/data/datasets/machine-learning-matrices-split/glove.csv.20.15.A.vc.C 
==== Integer vector .R compression
Command: /home/louza/mm-repair/sdsl/encode.x /mnt/data/datasets/machine-learning-matrices-split/glove.csv.20.15.A.vc.R 
Integer vector compression time: 0.1230
==== OLE
Command: /home/louza/mm-repair/ole/encode.x /mnt/data/datasets/machine-learning-matrices-split/glove.csv.20.15.A.vc.C 
Command: /home/louza/mm-repair/ole/encode.x /mnt/data/datasets/machine-learning-matrices-split/glove.csv.20.15.B.vc 
OLE time: 0.6755
==== Ans-fold compression
Command: /home/louza/mm-repair/ans/encode.x /mnt/data/datasets/machine-learning-matrices-split/glove.csv.20.15.A.vc.C 
Command: /home/louza/mm-repair/ans/encode.x /mnt/data/datasets/machine-learning-matrices-split/glove.csv.20.15.B.vc
Ans-fold time: 15.2900
==== Integer vector .C compression
Command: /home/louza/mm-repair/sdsl/encode.x /mnt/data/datasets/machine-learning-matrices-split/glove.csv.20.16.A.vc.C 
==== Integer vector .R compression
Command: /home/louza/mm-repair/sdsl/encode.x /mnt/data/datasets/machine-learning-matrices-split/glove.csv.20.16.A.vc.R 
Integer vector compression time: 0.0975
==== OLE
Command: /home/louza/mm-repair/ole/encode.x /mnt/data/datasets/machine-learning-matrices-split/glove.csv.20.16.A.vc.C 
Command: /home/louza/mm-repair/ole/encode.x /mnt/data/datasets/machine-learning-matrices-split/glove.csv.20.16.B.vc 
OLE time: 0.5322
==== Ans-fold compression
Command: /home/louza/mm-repair/ans/encode.x /mnt/data/datasets/machine-learning-matrices-split/glove.csv.20.16.A.vc.C 
Command: /home/louza/mm-repair/ans/encode.x /mnt/data/datasets/machine-learning-matrices-split/glove.csv.20.16.B.vc
Ans-fold time: 16.2294
==== Integer vector .C compression
Command: /home/louza/mm-repair/sdsl/encode.x /mnt/data/datasets/machine-learning-matrices-split/glove.csv.20.17.A.vc.C 
==== Integer vector .R compression
Command: /home/louza/mm-repair/sdsl/encode.x /mnt/data/datasets/machine-learning-matrices-split/glove.csv.20.17.A.vc.R 
Integer vector compression time: 0.1056
==== OLE
Command: /home/louza/mm-repair/ole/encode.x /mnt/data/datasets/machine-learning-matrices-split/glove.csv.20.17.A.vc.C 
Command: /home/louza/mm-repair/ole/encode.x /mnt/data/datasets/machine-learning-matrices-split/glove.csv.20.17.B.vc 
OLE time: 0.7810
==== Ans-fold compression
Command: /home/louza/mm-repair/ans/encode.x /mnt/data/datasets/machine-learning-matrices-split/glove.csv.20.17.A.vc.C 
Command: /home/louza/mm-repair/ans/encode.x /mnt/data/datasets/machine-learning-matrices-split/glove.csv.20.17.B.vc
Ans-fold time: 17.2602
==== Integer vector .C compression
Command: /home/louza/mm-repair/sdsl/encode.x /mnt/data/datasets/machine-learning-matrices-split/glove.csv.20.18.A.vc.C 
==== Integer vector .R compression
Command: /home/louza/mm-repair/sdsl/encode.x /mnt/data/datasets/machine-learning-matrices-split/glove.csv.20.18.A.vc.R 
Integer vector compression time: 0.0286
==== OLE
Command: /home/louza/mm-repair/ole/encode.x /mnt/data/datasets/machine-learning-matrices-split/glove.csv.20.18.A.vc.C 
Command: /home/louza/mm-repair/ole/encode.x /mnt/data/datasets/machine-learning-matrices-split/glove.csv.20.18.B.vc 
OLE time: 0.2201
==== Ans-fold compression
Command: /home/louza/mm-repair/ans/encode.x /mnt/data/datasets/machine-learning-matrices-split/glove.csv.20.18.A.vc.C 
Command: /home/louza/mm-repair/ans/encode.x /mnt/data/datasets/machine-learning-matrices-split/glove.csv.20.18.B.vc
Ans-fold time: 18.1875
==== Integer vector .C compression
Command: /home/louza/mm-repair/sdsl/encode.x /mnt/data/datasets/machine-learning-matrices-split/glove.csv.20.19.A.vc.C 
==== Integer vector .R compression
Command: /home/louza/mm-repair/sdsl/encode.x /mnt/data/datasets/machine-learning-matrices-split/glove.csv.20.19.A.vc.R 
Integer vector compression time: 0.0359
==== OLE
Command: /home/louza/mm-repair/ole/encode.x /mnt/data/datasets/machine-learning-matrices-split/glove.csv.20.19.A.vc.C 
Command: /home/louza/mm-repair/ole/encode.x /mnt/data/datasets/machine-learning-matrices-split/glove.csv.20.19.B.vc 
OLE time: 0.3163
==== Ans-fold compression
Command: /home/louza/mm-repair/ans/encode.x /mnt/data/datasets/machine-learning-matrices-split/glove.csv.20.19.A.vc.C 
Command: /home/louza/mm-repair/ans/encode.x /mnt/data/datasets/machine-learning-matrices-split/glove.csv.20.19.B.vc
Ans-fold time: 18.8729
Command: /home/louza/mm-repair/ans/encode.x /mnt/data/datasets/machine-learning-matrices-split/glove.csv.wcode 
Elapsed time: 1023.4062
==== Compression Report:
 >> matrix name: /mnt/data/datasets/machine-learning-matrices-split/glove.csv
 >> conversion time: 991.94
 >> repair time: 0.05
 >> integer vectors time: 0.04
 >> ansf time: 18.87
 >> total time: 1023.41
 >> wcode: 226590916 bytes
 >> wcode_ans: 16430594 bytes
 >> matrix log(alpha)xNumEntries size: 300000000 bytes
 >> matrix dense size: 960000000 bytes
 >> total number of nonzero: 0 (0.00%)
 >> number of distinct nonzero: 717119
 >> CRSV  size: 7336952 bytes  (0.76%)
 >> B	  size: 481600000 bytes  (50.17%)
 >> B_ans size: 284478134 bytes  (29.63%)
 >> RE32  size: 518406082 bytes  (54.00%)
 >> REIV  size: 516856602 bytes  (53.84%)
 >> REANS size: 306646940 bytes  (31.94%)
==== Done
REANS -b 24


#### 2026-09-09 20:23:54
 Command line: ./mm-repair/matrepair -r -b 24 -p 24 /mnt/data/datasets/machine-learning-matrices-split/glove.csv 400000 300 
Setting memory for each repair instance to 19335 MBs
Sending logging messages to file: /mnt/data/datasets/machine-learning-matrices-split/glove.csv.log
==== Conversion bin/csv->csrv
Command: /home/louza/mm-repair/csvmat2csrv -b 24   /mnt/data/datasets/machine-learning-matrices-split/glove.csv -r 0   400000 300
Conversion time: 199.5236
==== Repair paralell compression
---- Executing 24 parallel processes
---- Parallel processing completed
Repair time: 23.7478
==== Integer vector .C compression
Command: /home/louza/mm-repair/sdsl/encode.x /mnt/data/datasets/machine-learning-matrices-split/glove.csv.24.0.vc.C 
==== Integer vector .R compression
Command: /home/louza/mm-repair/sdsl/encode.x /mnt/data/datasets/machine-learning-matrices-split/glove.csv.24.0.vc.R 
Integer vector compression time: 0.3126
==== Ans-fold compression
Command: /home/louza/mm-repair/ans/encode.x /mnt/data/datasets/machine-learning-matrices-split/glove.csv.24.0.vc.C 
Ans-fold time: 15.3372
==== Integer vector .C compression
Command: /home/louza/mm-repair/sdsl/encode.x /mnt/data/datasets/machine-learning-matrices-split/glove.csv.24.1.vc.C 
==== Integer vector .R compression
Command: /home/louza/mm-repair/sdsl/encode.x /mnt/data/datasets/machine-learning-matrices-split/glove.csv.24.1.vc.R 
Integer vector compression time: 0.6406
==== Ans-fold compression
Command: /home/louza/mm-repair/ans/encode.x /mnt/data/datasets/machine-learning-matrices-split/glove.csv.24.1.vc.C 
Ans-fold time: 49.3145
==== Integer vector .C compression
Command: /home/louza/mm-repair/sdsl/encode.x /mnt/data/datasets/machine-learning-matrices-split/glove.csv.24.2.vc.C 
==== Integer vector .R compression
Command: /home/louza/mm-repair/sdsl/encode.x /mnt/data/datasets/machine-learning-matrices-split/glove.csv.24.2.vc.R 
Integer vector compression time: 0.3170
==== Ans-fold compression
Command: /home/louza/mm-repair/ans/encode.x /mnt/data/datasets/machine-learning-matrices-split/glove.csv.24.2.vc.C 
Ans-fold time: 89.5066
==== Integer vector .C compression
Command: /home/louza/mm-repair/sdsl/encode.x /mnt/data/datasets/machine-learning-matrices-split/glove.csv.24.3.vc.C 
==== Integer vector .R compression
Command: /home/louza/mm-repair/sdsl/encode.x /mnt/data/datasets/machine-learning-matrices-split/glove.csv.24.3.vc.R 
Integer vector compression time: 0.7139
==== Ans-fold compression
Command: /home/louza/mm-repair/ans/encode.x /mnt/data/datasets/machine-learning-matrices-split/glove.csv.24.3.vc.C 
Ans-fold time: 122.6723
==== Integer vector .C compression
Command: /home/louza/mm-repair/sdsl/encode.x /mnt/data/datasets/machine-learning-matrices-split/glove.csv.24.4.vc.C 
==== Integer vector .R compression
Command: /home/louza/mm-repair/sdsl/encode.x /mnt/data/datasets/machine-learning-matrices-split/glove.csv.24.4.vc.R 
Integer vector compression time: 0.3249
==== Ans-fold compression
Command: /home/louza/mm-repair/ans/encode.x /mnt/data/datasets/machine-learning-matrices-split/glove.csv.24.4.vc.C 
Ans-fold time: 134.7365
==== Integer vector .C compression
Command: /home/louza/mm-repair/sdsl/encode.x /mnt/data/datasets/machine-learning-matrices-split/glove.csv.24.5.vc.C 
==== Integer vector .R compression
Command: /home/louza/mm-repair/sdsl/encode.x /mnt/data/datasets/machine-learning-matrices-split/glove.csv.24.5.vc.R 
Integer vector compression time: 0.7005
==== Ans-fold compression
Command: /home/louza/mm-repair/ans/encode.x /mnt/data/datasets/machine-learning-matrices-split/glove.csv.24.5.vc.C 
Ans-fold time: 142.7140
==== Integer vector .C compression
Command: /home/louza/mm-repair/sdsl/encode.x /mnt/data/datasets/machine-learning-matrices-split/glove.csv.24.6.vc.C 
==== Integer vector .R compression
Command: /home/louza/mm-repair/sdsl/encode.x /mnt/data/datasets/machine-learning-matrices-split/glove.csv.24.6.vc.R 
Integer vector compression time: 0.2538
==== Ans-fold compression
Command: /home/louza/mm-repair/ans/encode.x /mnt/data/datasets/machine-learning-matrices-split/glove.csv.24.6.vc.C 
Ans-fold time: 146.9854
==== Integer vector .C compression
Command: /home/louza/mm-repair/sdsl/encode.x /mnt/data/datasets/machine-learning-matrices-split/glove.csv.24.7.vc.C 
==== Integer vector .R compression
Command: /home/louza/mm-repair/sdsl/encode.x /mnt/data/datasets/machine-learning-matrices-split/glove.csv.24.7.vc.R 
Integer vector compression time: 0.2232
==== Ans-fold compression
Command: /home/louza/mm-repair/ans/encode.x /mnt/data/datasets/machine-learning-matrices-split/glove.csv.24.7.vc.C 
Ans-fold time: 152.3815
==== Integer vector .C compression
Command: /home/louza/mm-repair/sdsl/encode.x /mnt/data/datasets/machine-learning-matrices-split/glove.csv.24.8.vc.C 
==== Integer vector .R compression
Command: /home/louza/mm-repair/sdsl/encode.x /mnt/data/datasets/machine-learning-matrices-split/glove.csv.24.8.vc.R 
Integer vector compression time: 0.2521
==== Ans-fold compression
Command: /home/louza/mm-repair/ans/encode.x /mnt/data/datasets/machine-learning-matrices-split/glove.csv.24.8.vc.C 
Ans-fold time: 156.6194
==== Integer vector .C compression
Command: /home/louza/mm-repair/sdsl/encode.x /mnt/data/datasets/machine-learning-matrices-split/glove.csv.24.9.vc.C 
==== Integer vector .R compression
Command: /home/louza/mm-repair/sdsl/encode.x /mnt/data/datasets/machine-learning-matrices-split/glove.csv.24.9.vc.R 
Integer vector compression time: 0.2229
==== Ans-fold compression
Command: /home/louza/mm-repair/ans/encode.x /mnt/data/datasets/machine-learning-matrices-split/glove.csv.24.9.vc.C 
Ans-fold time: 159.9518
==== Integer vector .C compression
Command: /home/louza/mm-repair/sdsl/encode.x /mnt/data/datasets/machine-learning-matrices-split/glove.csv.24.10.vc.C 
==== Integer vector .R compression
Command: /home/louza/mm-repair/sdsl/encode.x /mnt/data/datasets/machine-learning-matrices-split/glove.csv.24.10.vc.R 
Integer vector compression time: 0.5414
==== Ans-fold compression
Command: /home/louza/mm-repair/ans/encode.x /mnt/data/datasets/machine-learning-matrices-split/glove.csv.24.10.vc.C 
Ans-fold time: 163.3274
==== Integer vector .C compression
Command: /home/louza/mm-repair/sdsl/encode.x /mnt/data/datasets/machine-learning-matrices-split/glove.csv.24.11.vc.C 
==== Integer vector .R compression
Command: /home/louza/mm-repair/sdsl/encode.x /mnt/data/datasets/machine-learning-matrices-split/glove.csv.24.11.vc.R 
Integer vector compression time: 0.2239
==== Ans-fold compression
Command: /home/louza/mm-repair/ans/encode.x /mnt/data/datasets/machine-learning-matrices-split/glove.csv.24.11.vc.C 
Ans-fold time: 166.6929
==== Integer vector .C compression
Command: /home/louza/mm-repair/sdsl/encode.x /mnt/data/datasets/machine-learning-matrices-split/glove.csv.24.12.vc.C 
==== Integer vector .R compression
Command: /home/louza/mm-repair/sdsl/encode.x /mnt/data/datasets/machine-learning-matrices-split/glove.csv.24.12.vc.R 
Integer vector compression time: 0.2079
==== Ans-fold compression
Command: /home/louza/mm-repair/ans/encode.x /mnt/data/datasets/machine-learning-matrices-split/glove.csv.24.12.vc.C 
Ans-fold time: 169.9734
==== Integer vector .C compression
Command: /home/louza/mm-repair/sdsl/encode.x /mnt/data/datasets/machine-learning-matrices-split/glove.csv.24.13.vc.C 
==== Integer vector .R compression
Command: /home/louza/mm-repair/sdsl/encode.x /mnt/data/datasets/machine-learning-matrices-split/glove.csv.24.13.vc.R 
Integer vector compression time: 0.2116
==== Ans-fold compression
Command: /home/louza/mm-repair/ans/encode.x /mnt/data/datasets/machine-learning-matrices-split/glove.csv.24.13.vc.C 
Ans-fold time: 173.1295
==== Integer vector .C compression
Command: /home/louza/mm-repair/sdsl/encode.x /mnt/data/datasets/machine-learning-matrices-split/glove.csv.24.14.vc.C 
==== Integer vector .R compression
Command: /home/louza/mm-repair/sdsl/encode.x /mnt/data/datasets/machine-learning-matrices-split/glove.csv.24.14.vc.R 
Integer vector compression time: 0.2095
==== Ans-fold compression
Command: /home/louza/mm-repair/ans/encode.x /mnt/data/datasets/machine-learning-matrices-split/glove.csv.24.14.vc.C 
Ans-fold time: 176.3041
==== Integer vector .C compression
Command: /home/louza/mm-repair/sdsl/encode.x /mnt/data/datasets/machine-learning-matrices-split/glove.csv.24.15.vc.C 
==== Integer vector .R compression
Command: /home/louza/mm-repair/sdsl/encode.x /mnt/data/datasets/machine-learning-matrices-split/glove.csv.24.15.vc.R 
Integer vector compression time: 0.2117
==== Ans-fold compression
Command: /home/louza/mm-repair/ans/encode.x /mnt/data/datasets/machine-learning-matrices-split/glove.csv.24.15.vc.C 
Ans-fold time: 179.9240
==== Integer vector .C compression
Command: /home/louza/mm-repair/sdsl/encode.x /mnt/data/datasets/machine-learning-matrices-split/glove.csv.24.16.vc.C 
==== Integer vector .R compression
Command: /home/louza/mm-repair/sdsl/encode.x /mnt/data/datasets/machine-learning-matrices-split/glove.csv.24.16.vc.R 
Integer vector compression time: 0.2113
==== Ans-fold compression
Command: /home/louza/mm-repair/ans/encode.x /mnt/data/datasets/machine-learning-matrices-split/glove.csv.24.16.vc.C 
Ans-fold time: 182.9590
==== Integer vector .C compression
Command: /home/louza/mm-repair/sdsl/encode.x /mnt/data/datasets/machine-learning-matrices-split/glove.csv.24.17.vc.C 
==== Integer vector .R compression
Command: /home/louza/mm-repair/sdsl/encode.x /mnt/data/datasets/machine-learning-matrices-split/glove.csv.24.17.vc.R 
Integer vector compression time: 0.2166
==== Ans-fold compression
Command: /home/louza/mm-repair/ans/encode.x /mnt/data/datasets/machine-learning-matrices-split/glove.csv.24.17.vc.C 
Ans-fold time: 185.8899
==== Integer vector .C compression
Command: /home/louza/mm-repair/sdsl/encode.x /mnt/data/datasets/machine-learning-matrices-split/glove.csv.24.18.vc.C 
==== Integer vector .R compression
Command: /home/louza/mm-repair/sdsl/encode.x /mnt/data/datasets/machine-learning-matrices-split/glove.csv.24.18.vc.R 
Integer vector compression time: 0.2134
==== Ans-fold compression
Command: /home/louza/mm-repair/ans/encode.x /mnt/data/datasets/machine-learning-matrices-split/glove.csv.24.18.vc.C 
Ans-fold time: 188.8769
==== Integer vector .C compression
Command: /home/louza/mm-repair/sdsl/encode.x /mnt/data/datasets/machine-learning-matrices-split/glove.csv.24.19.vc.C 
==== Integer vector .R compression
Command: /home/louza/mm-repair/sdsl/encode.x /mnt/data/datasets/machine-learning-matrices-split/glove.csv.24.19.vc.R 
Integer vector compression time: 0.2104
==== Ans-fold compression
Command: /home/louza/mm-repair/ans/encode.x /mnt/data/datasets/machine-learning-matrices-split/glove.csv.24.19.vc.C 
Ans-fold time: 191.8408
==== Integer vector .C compression
Command: /home/louza/mm-repair/sdsl/encode.x /mnt/data/datasets/machine-learning-matrices-split/glove.csv.24.20.vc.C 
==== Integer vector .R compression
Command: /home/louza/mm-repair/sdsl/encode.x /mnt/data/datasets/machine-learning-matrices-split/glove.csv.24.20.vc.R 
Integer vector compression time: 0.2117
==== Ans-fold compression
Command: /home/louza/mm-repair/ans/encode.x /mnt/data/datasets/machine-learning-matrices-split/glove.csv.24.20.vc.C 
Ans-fold time: 195.1842
==== Integer vector .C compression
Command: /home/louza/mm-repair/sdsl/encode.x /mnt/data/datasets/machine-learning-matrices-split/glove.csv.24.21.vc.C 
==== Integer vector .R compression
Command: /home/louza/mm-repair/sdsl/encode.x /mnt/data/datasets/machine-learning-matrices-split/glove.csv.24.21.vc.R 
Integer vector compression time: 0.2123
==== Ans-fold compression
Command: /home/louza/mm-repair/ans/encode.x /mnt/data/datasets/machine-learning-matrices-split/glove.csv.24.21.vc.C 
Ans-fold time: 198.1907
==== Integer vector .C compression
Command: /home/louza/mm-repair/sdsl/encode.x /mnt/data/datasets/machine-learning-matrices-split/glove.csv.24.22.vc.C 
==== Integer vector .R compression
Command: /home/louza/mm-repair/sdsl/encode.x /mnt/data/datasets/machine-learning-matrices-split/glove.csv.24.22.vc.R 
Integer vector compression time: 0.3079
==== Ans-fold compression
Command: /home/louza/mm-repair/ans/encode.x /mnt/data/datasets/machine-learning-matrices-split/glove.csv.24.22.vc.C 
Ans-fold time: 201.1222
==== Integer vector .C compression
Command: /home/louza/mm-repair/sdsl/encode.x /mnt/data/datasets/machine-learning-matrices-split/glove.csv.24.23.vc.C 
==== Integer vector .R compression
Command: /home/louza/mm-repair/sdsl/encode.x /mnt/data/datasets/machine-learning-matrices-split/glove.csv.24.23.vc.R 
Integer vector compression time: 0.2135
==== Ans-fold compression
Command: /home/louza/mm-repair/ans/encode.x /mnt/data/datasets/machine-learning-matrices-split/glove.csv.24.23.vc.C 
Ans-fold time: 204.4863
Elapsed time: 435.1239
==== Compression Report:
 >> matrix name: /mnt/data/datasets/machine-learning-matrices-split/glove.csv
 >> conversion time: 199.52
 >> repair time: 23.75
 >> integer vectors time: 0.21
 >> ansf time: 204.49
 >> total time: 435.12
 >> matrix log(alpha)xNumEntries size: 300000000 bytes
 >> matrix dense size: 960000000 bytes
 >> total number of nonzero: 120000000 (100.00%)
 >> number of distinct nonzero: 717119
 >> CRSV  size: 487336952 bytes  (50.76%)
 >> RE32  size: 487337048 bytes  (50.76%)
 >> REIV  size: 427137664 bytes  (44.49%)
 >> REANS size: 407501765 bytes  (42.45%)
==== Done

#### 2026-09-09 20:31:09
 Command line: ./mm-repair/matrepair -r -b 24 -p 24 /mnt/data/datasets/machine-learning-matrices-split/glove.csv 400000 300 --ole 
Setting memory for each repair instance to 19335 MBs
Sending logging messages to file: /mnt/data/datasets/machine-learning-matrices-split/glove.csv.log
==== Conversion bin/csv->csrv
Command: /home/louza/mm-repair/csvmat2csrv -b 24   /mnt/data/datasets/machine-learning-matrices-split/glove.csv -r 0   400000 300
Conversion time: 143.2556
==== Repair paralell compression
---- Executing 24 parallel processes
---- Parallel processing completed
Repair time: 21.8901
==== Integer vector .C compression
Command: /home/louza/mm-repair/sdsl/encode.x /mnt/data/datasets/machine-learning-matrices-split/glove.csv.24.0.vc.C 
==== Integer vector .R compression
Command: /home/louza/mm-repair/sdsl/encode.x /mnt/data/datasets/machine-learning-matrices-split/glove.csv.24.0.vc.R 
Integer vector compression time: 4.6008
==== OLE
Command: /home/louza/mm-repair/ole/encode.x /mnt/data/datasets/machine-learning-matrices-split/glove.csv.24.0.vc.C 
OLE time: 3.2607
==== Ans-fold compression
Command: /home/louza/mm-repair/ans/encode.x /mnt/data/datasets/machine-learning-matrices-split/glove.csv.24.0.vc.C 
Ans-fold time: 3.0300
==== Integer vector .C compression
Command: /home/louza/mm-repair/sdsl/encode.x /mnt/data/datasets/machine-learning-matrices-split/glove.csv.24.1.vc.C 
==== Integer vector .R compression
Command: /home/louza/mm-repair/sdsl/encode.x /mnt/data/datasets/machine-learning-matrices-split/glove.csv.24.1.vc.R 
Integer vector compression time: 4.4879
==== OLE
Command: /home/louza/mm-repair/ole/encode.x /mnt/data/datasets/machine-learning-matrices-split/glove.csv.24.1.vc.C 
OLE time: 1.8093
==== Ans-fold compression
Command: /home/louza/mm-repair/ans/encode.x /mnt/data/datasets/machine-learning-matrices-split/glove.csv.24.1.vc.C 
Ans-fold time: 5.3085
==== Integer vector .C compression
Command: /home/louza/mm-repair/sdsl/encode.x /mnt/data/datasets/machine-learning-matrices-split/glove.csv.24.2.vc.C 
==== Integer vector .R compression
Command: /home/louza/mm-repair/sdsl/encode.x /mnt/data/datasets/machine-learning-matrices-split/glove.csv.24.2.vc.R 
Integer vector compression time: 1.1175
==== OLE
Command: /home/louza/mm-repair/ole/encode.x /mnt/data/datasets/machine-learning-matrices-split/glove.csv.24.2.vc.C 
OLE time: 1.8769
==== Ans-fold compression
Command: /home/louza/mm-repair/ans/encode.x /mnt/data/datasets/machine-learning-matrices-split/glove.csv.24.2.vc.C 
Ans-fold time: 9.6947
==== Integer vector .C compression
Command: /home/louza/mm-repair/sdsl/encode.x /mnt/data/datasets/machine-learning-matrices-split/glove.csv.24.3.vc.C 
==== Integer vector .R compression
Command: /home/louza/mm-repair/sdsl/encode.x /mnt/data/datasets/machine-learning-matrices-split/glove.csv.24.3.vc.R 
Integer vector compression time: 5.1183
==== OLE
Command: /home/louza/mm-repair/ole/encode.x /mnt/data/datasets/machine-learning-matrices-split/glove.csv.24.3.vc.C 
OLE time: 4.1430
==== Ans-fold compression
Command: /home/louza/mm-repair/ans/encode.x /mnt/data/datasets/machine-learning-matrices-split/glove.csv.24.3.vc.C 
Ans-fold time: 16.0740
==== Integer vector .C compression
Command: /home/louza/mm-repair/sdsl/encode.x /mnt/data/datasets/machine-learning-matrices-split/glove.csv.24.4.vc.C 
==== Integer vector .R compression
Command: /home/louza/mm-repair/sdsl/encode.x /mnt/data/datasets/machine-learning-matrices-split/glove.csv.24.4.vc.R 
Integer vector compression time: 5.7062
==== OLE
Command: /home/louza/mm-repair/ole/encode.x /mnt/data/datasets/machine-learning-matrices-split/glove.csv.24.4.vc.C 
OLE time: 5.8757
==== Ans-fold compression
Command: /home/louza/mm-repair/ans/encode.x /mnt/data/datasets/machine-learning-matrices-split/glove.csv.24.4.vc.C 
Ans-fold time: 18.3549
==== Integer vector .C compression
Command: /home/louza/mm-repair/sdsl/encode.x /mnt/data/datasets/machine-learning-matrices-split/glove.csv.24.5.vc.C 
==== Integer vector .R compression
Command: /home/louza/mm-repair/sdsl/encode.x /mnt/data/datasets/machine-learning-matrices-split/glove.csv.24.5.vc.R 
Integer vector compression time: 3.8715
==== OLE
Command: /home/louza/mm-repair/ole/encode.x /mnt/data/datasets/machine-learning-matrices-split/glove.csv.24.5.vc.C 
OLE time: 3.4926
==== Ans-fold compression
Command: /home/louza/mm-repair/ans/encode.x /mnt/data/datasets/machine-learning-matrices-split/glove.csv.24.5.vc.C 
Ans-fold time: 21.8621
==== Integer vector .C compression
Command: /home/louza/mm-repair/sdsl/encode.x /mnt/data/datasets/machine-learning-matrices-split/glove.csv.24.6.vc.C 
==== Integer vector .R compression
Command: /home/louza/mm-repair/sdsl/encode.x /mnt/data/datasets/machine-learning-matrices-split/glove.csv.24.6.vc.R 
Integer vector compression time: 4.6524
==== OLE
Command: /home/louza/mm-repair/ole/encode.x /mnt/data/datasets/machine-learning-matrices-split/glove.csv.24.6.vc.C 
OLE time: 2.9626
==== Ans-fold compression
Command: /home/louza/mm-repair/ans/encode.x /mnt/data/datasets/machine-learning-matrices-split/glove.csv.24.6.vc.C 
Ans-fold time: 25.5138
==== Integer vector .C compression
Command: /home/louza/mm-repair/sdsl/encode.x /mnt/data/datasets/machine-learning-matrices-split/glove.csv.24.7.vc.C 
==== Integer vector .R compression
Command: /home/louza/mm-repair/sdsl/encode.x /mnt/data/datasets/machine-learning-matrices-split/glove.csv.24.7.vc.R 
Integer vector compression time: 2.2694
==== OLE
Command: /home/louza/mm-repair/ole/encode.x /mnt/data/datasets/machine-learning-matrices-split/glove.csv.24.7.vc.C 
OLE time: 2.2875
==== Ans-fold compression
Command: /home/louza/mm-repair/ans/encode.x /mnt/data/datasets/machine-learning-matrices-split/glove.csv.24.7.vc.C 
Ans-fold time: 27.5777
==== Integer vector .C compression
Command: /home/louza/mm-repair/sdsl/encode.x /mnt/data/datasets/machine-learning-matrices-split/glove.csv.24.8.vc.C 
==== Integer vector .R compression
Command: /home/louza/mm-repair/sdsl/encode.x /mnt/data/datasets/machine-learning-matrices-split/glove.csv.24.8.vc.R 
Integer vector compression time: 1.6745
==== OLE
Command: /home/louza/mm-repair/ole/encode.x /mnt/data/datasets/machine-learning-matrices-split/glove.csv.24.8.vc.C 
OLE time: 3.1290
==== Ans-fold compression
Command: /home/louza/mm-repair/ans/encode.x /mnt/data/datasets/machine-learning-matrices-split/glove.csv.24.8.vc.C 
Ans-fold time: 30.7403
==== Integer vector .C compression
Command: /home/louza/mm-repair/sdsl/encode.x /mnt/data/datasets/machine-learning-matrices-split/glove.csv.24.9.vc.C 
==== Integer vector .R compression
Command: /home/louza/mm-repair/sdsl/encode.x /mnt/data/datasets/machine-learning-matrices-split/glove.csv.24.9.vc.R 
Integer vector compression time: 2.5683
==== OLE
Command: /home/louza/mm-repair/ole/encode.x /mnt/data/datasets/machine-learning-matrices-split/glove.csv.24.9.vc.C 
OLE time: 2.8156
==== Ans-fold compression
Command: /home/louza/mm-repair/ans/encode.x /mnt/data/datasets/machine-learning-matrices-split/glove.csv.24.9.vc.C 
Ans-fold time: 32.5067
==== Integer vector .C compression
Command: /home/louza/mm-repair/sdsl/encode.x /mnt/data/datasets/machine-learning-matrices-split/glove.csv.24.10.vc.C 
==== Integer vector .R compression
Command: /home/louza/mm-repair/sdsl/encode.x /mnt/data/datasets/machine-learning-matrices-split/glove.csv.24.10.vc.R 
Integer vector compression time: 0.9895
==== OLE
Command: /home/louza/mm-repair/ole/encode.x /mnt/data/datasets/machine-learning-matrices-split/glove.csv.24.10.vc.C 
OLE time: 1.8666
==== Ans-fold compression
Command: /home/louza/mm-repair/ans/encode.x /mnt/data/datasets/machine-learning-matrices-split/glove.csv.24.10.vc.C 
Ans-fold time: 34.4794
==== Integer vector .C compression
Command: /home/louza/mm-repair/sdsl/encode.x /mnt/data/datasets/machine-learning-matrices-split/glove.csv.24.11.vc.C 
==== Integer vector .R compression
Command: /home/louza/mm-repair/sdsl/encode.x /mnt/data/datasets/machine-learning-matrices-split/glove.csv.24.11.vc.R 
Integer vector compression time: 1.3026
==== OLE
Command: /home/louza/mm-repair/ole/encode.x /mnt/data/datasets/machine-learning-matrices-split/glove.csv.24.11.vc.C 
OLE time: 1.7535
==== Ans-fold compression
Command: /home/louza/mm-repair/ans/encode.x /mnt/data/datasets/machine-learning-matrices-split/glove.csv.24.11.vc.C 
Ans-fold time: 36.6824
==== Integer vector .C compression
Command: /home/louza/mm-repair/sdsl/encode.x /mnt/data/datasets/machine-learning-matrices-split/glove.csv.24.12.vc.C 
==== Integer vector .R compression
Command: /home/louza/mm-repair/sdsl/encode.x /mnt/data/datasets/machine-learning-matrices-split/glove.csv.24.12.vc.R 
Integer vector compression time: 1.3373
==== OLE
Command: /home/louza/mm-repair/ole/encode.x /mnt/data/datasets/machine-learning-matrices-split/glove.csv.24.12.vc.C 
OLE time: 1.4119
==== Ans-fold compression
Command: /home/louza/mm-repair/ans/encode.x /mnt/data/datasets/machine-learning-matrices-split/glove.csv.24.12.vc.C 
Ans-fold time: 38.0733
==== Integer vector .C compression
Command: /home/louza/mm-repair/sdsl/encode.x /mnt/data/datasets/machine-learning-matrices-split/glove.csv.24.13.vc.C 
==== Integer vector .R compression
Command: /home/louza/mm-repair/sdsl/encode.x /mnt/data/datasets/machine-learning-matrices-split/glove.csv.24.13.vc.R 
Integer vector compression time: 0.7022
==== OLE
Command: /home/louza/mm-repair/ole/encode.x /mnt/data/datasets/machine-learning-matrices-split/glove.csv.24.13.vc.C 
OLE time: 1.9869
==== Ans-fold compression
Command: /home/louza/mm-repair/ans/encode.x /mnt/data/datasets/machine-learning-matrices-split/glove.csv.24.13.vc.C 
Ans-fold time: 40.5362
==== Integer vector .C compression
Command: /home/louza/mm-repair/sdsl/encode.x /mnt/data/datasets/machine-learning-matrices-split/glove.csv.24.14.vc.C 
==== Integer vector .R compression
Command: /home/louza/mm-repair/sdsl/encode.x /mnt/data/datasets/machine-learning-matrices-split/glove.csv.24.14.vc.R 
Integer vector compression time: 0.8159
==== OLE
Command: /home/louza/mm-repair/ole/encode.x /mnt/data/datasets/machine-learning-matrices-split/glove.csv.24.14.vc.C 
OLE time: 1.6189
==== Ans-fold compression
Command: /home/louza/mm-repair/ans/encode.x /mnt/data/datasets/machine-learning-matrices-split/glove.csv.24.14.vc.C 
Ans-fold time: 42.3715
==== Integer vector .C compression
Command: /home/louza/mm-repair/sdsl/encode.x /mnt/data/datasets/machine-learning-matrices-split/glove.csv.24.15.vc.C 
==== Integer vector .R compression
Command: /home/louza/mm-repair/sdsl/encode.x /mnt/data/datasets/machine-learning-matrices-split/glove.csv.24.15.vc.R 
Integer vector compression time: 1.4251
==== OLE
Command: /home/louza/mm-repair/ole/encode.x /mnt/data/datasets/machine-learning-matrices-split/glove.csv.24.15.vc.C 
OLE time: 1.0514
==== Ans-fold compression
Command: /home/louza/mm-repair/ans/encode.x /mnt/data/datasets/machine-learning-matrices-split/glove.csv.24.15.vc.C 
Ans-fold time: 44.3716
==== Integer vector .C compression
Command: /home/louza/mm-repair/sdsl/encode.x /mnt/data/datasets/machine-learning-matrices-split/glove.csv.24.16.vc.C 
==== Integer vector .R compression
Command: /home/louza/mm-repair/sdsl/encode.x /mnt/data/datasets/machine-learning-matrices-split/glove.csv.24.16.vc.R 
Integer vector compression time: 2.1550
==== OLE
Command: /home/louza/mm-repair/ole/encode.x /mnt/data/datasets/machine-learning-matrices-split/glove.csv.24.16.vc.C 
OLE time: 1.8471
==== Ans-fold compression
Command: /home/louza/mm-repair/ans/encode.x /mnt/data/datasets/machine-learning-matrices-split/glove.csv.24.16.vc.C 
Ans-fold time: 46.2864
==== Integer vector .C compression
Command: /home/louza/mm-repair/sdsl/encode.x /mnt/data/datasets/machine-learning-matrices-split/glove.csv.24.17.vc.C 
==== Integer vector .R compression
Command: /home/louza/mm-repair/sdsl/encode.x /mnt/data/datasets/machine-learning-matrices-split/glove.csv.24.17.vc.R 
Integer vector compression time: 1.5468
==== OLE
Command: /home/louza/mm-repair/ole/encode.x /mnt/data/datasets/machine-learning-matrices-split/glove.csv.24.17.vc.C 
OLE time: 1.6453
==== Ans-fold compression
Command: /home/louza/mm-repair/ans/encode.x /mnt/data/datasets/machine-learning-matrices-split/glove.csv.24.17.vc.C 
Ans-fold time: 48.7485
==== Integer vector .C compression
Command: /home/louza/mm-repair/sdsl/encode.x /mnt/data/datasets/machine-learning-matrices-split/glove.csv.24.18.vc.C 
==== Integer vector .R compression
Command: /home/louza/mm-repair/sdsl/encode.x /mnt/data/datasets/machine-learning-matrices-split/glove.csv.24.18.vc.R 
Integer vector compression time: 1.6220
==== OLE
Command: /home/louza/mm-repair/ole/encode.x /mnt/data/datasets/machine-learning-matrices-split/glove.csv.24.18.vc.C 
OLE time: 2.5873
==== Ans-fold compression
Command: /home/louza/mm-repair/ans/encode.x /mnt/data/datasets/machine-learning-matrices-split/glove.csv.24.18.vc.C 
Ans-fold time: 51.4123
==== Integer vector .C compression
Command: /home/louza/mm-repair/sdsl/encode.x /mnt/data/datasets/machine-learning-matrices-split/glove.csv.24.19.vc.C 
==== Integer vector .R compression
Command: /home/louza/mm-repair/sdsl/encode.x /mnt/data/datasets/machine-learning-matrices-split/glove.csv.24.19.vc.R 
Integer vector compression time: 2.4183
==== OLE
Command: /home/louza/mm-repair/ole/encode.x /mnt/data/datasets/machine-learning-matrices-split/glove.csv.24.19.vc.C 
OLE time: 1.9710
==== Ans-fold compression
Command: /home/louza/mm-repair/ans/encode.x /mnt/data/datasets/machine-learning-matrices-split/glove.csv.24.19.vc.C 
Ans-fold time: 53.1183
==== Integer vector .C compression
Command: /home/louza/mm-repair/sdsl/encode.x /mnt/data/datasets/machine-learning-matrices-split/glove.csv.24.20.vc.C 
==== Integer vector .R compression
Command: /home/louza/mm-repair/sdsl/encode.x /mnt/data/datasets/machine-learning-matrices-split/glove.csv.24.20.vc.R 
Integer vector compression time: 1.3944
==== OLE
Command: /home/louza/mm-repair/ole/encode.x /mnt/data/datasets/machine-learning-matrices-split/glove.csv.24.20.vc.C 
OLE time: 1.9832
==== Ans-fold compression
Command: /home/louza/mm-repair/ans/encode.x /mnt/data/datasets/machine-learning-matrices-split/glove.csv.24.20.vc.C 
Ans-fold time: 55.6111
==== Integer vector .C compression
Command: /home/louza/mm-repair/sdsl/encode.x /mnt/data/datasets/machine-learning-matrices-split/glove.csv.24.21.vc.C 
==== Integer vector .R compression
Command: /home/louza/mm-repair/sdsl/encode.x /mnt/data/datasets/machine-learning-matrices-split/glove.csv.24.21.vc.R 
Integer vector compression time: 2.0460
==== OLE
Command: /home/louza/mm-repair/ole/encode.x /mnt/data/datasets/machine-learning-matrices-split/glove.csv.24.21.vc.C 
OLE time: 0.9850
==== Ans-fold compression
Command: /home/louza/mm-repair/ans/encode.x /mnt/data/datasets/machine-learning-matrices-split/glove.csv.24.21.vc.C 
Ans-fold time: 57.5784
==== Integer vector .C compression
Command: /home/louza/mm-repair/sdsl/encode.x /mnt/data/datasets/machine-learning-matrices-split/glove.csv.24.22.vc.C 
==== Integer vector .R compression
Command: /home/louza/mm-repair/sdsl/encode.x /mnt/data/datasets/machine-learning-matrices-split/glove.csv.24.22.vc.R 
Integer vector compression time: 1.6326
==== OLE
Command: /home/louza/mm-repair/ole/encode.x /mnt/data/datasets/machine-learning-matrices-split/glove.csv.24.22.vc.C 
OLE time: 0.7203
==== Ans-fold compression
Command: /home/louza/mm-repair/ans/encode.x /mnt/data/datasets/machine-learning-matrices-split/glove.csv.24.22.vc.C 
Ans-fold time: 60.8143
==== Integer vector .C compression
Command: /home/louza/mm-repair/sdsl/encode.x /mnt/data/datasets/machine-learning-matrices-split/glove.csv.24.23.vc.C 
==== Integer vector .R compression
Command: /home/louza/mm-repair/sdsl/encode.x /mnt/data/datasets/machine-learning-matrices-split/glove.csv.24.23.vc.R 
Integer vector compression time: 0.8659
==== OLE
Command: /home/louza/mm-repair/ole/encode.x /mnt/data/datasets/machine-learning-matrices-split/glove.csv.24.23.vc.C 
OLE time: 1.3061
==== Ans-fold compression
Command: /home/louza/mm-repair/ans/encode.x /mnt/data/datasets/machine-learning-matrices-split/glove.csv.24.23.vc.C 
Ans-fold time: 64.9256
Elapsed time: 340.7815
==== Compression Report:
 >> matrix name: /mnt/data/datasets/machine-learning-matrices-split/glove.csv
 >> conversion time: 143.26
 >> repair time: 21.89
 >> integer vectors time: 0.87
 >> ansf time: 64.93
 >> total time: 340.78
 >> matrix log(alpha)xNumEntries size: 300000000 bytes
 >> matrix dense size: 960000000 bytes
 >> total number of nonzero: 120000000 (100.00%)
 >> number of distinct nonzero: 717119
 >> CRSV  size: 487336952 bytes  (50.76%)
 >> RE32  size: 487337048 bytes  (50.76%)
 >> REIV  size: 427137664 bytes  (44.49%)
 >> REANS size: 309399885 bytes  (32.23%)
==== Done

#### 2026-09-09 20:36:50
 Command line: ./mm-repair/matrepair -r -b 24 -p 24 /mnt/data/datasets/machine-learning-matrices-split/glove.csv 400000 300 --mapping 
Setting memory for each repair instance to 19335 MBs
Sending logging messages to file: /mnt/data/datasets/machine-learning-matrices-split/glove.csv.log
==== Conversion bin/csv->csrv
Command: /home/louza/mm-repair/csvmat2csrv -b 24   /mnt/data/datasets/machine-learning-matrices-split/glove.csv -r 0 -m  400000 300
Conversion time: 911.1598
==== Repair paralell compression
---- Executing 24 parallel processes
---- Parallel processing completed
Repair time: 31.1601
==== Integer vector .C compression
Command: /home/louza/mm-repair/sdsl/encode.x /mnt/data/datasets/machine-learning-matrices-split/glove.csv.24.0.vc.C 
==== Integer vector .R compression
Command: /home/louza/mm-repair/sdsl/encode.x /mnt/data/datasets/machine-learning-matrices-split/glove.csv.24.0.vc.R 
Integer vector compression time: 14.6302
==== Ans-fold compression
Command: /home/louza/mm-repair/ans/encode.x /mnt/data/datasets/machine-learning-matrices-split/glove.csv.24.0.vc.C 
Ans-fold time: 11.0710
==== Integer vector .C compression
Command: /home/louza/mm-repair/sdsl/encode.x /mnt/data/datasets/machine-learning-matrices-split/glove.csv.24.1.vc.C 
==== Integer vector .R compression
Command: /home/louza/mm-repair/sdsl/encode.x /mnt/data/datasets/machine-learning-matrices-split/glove.csv.24.1.vc.R 
Integer vector compression time: 16.9222
==== Ans-fold compression
Command: /home/louza/mm-repair/ans/encode.x /mnt/data/datasets/machine-learning-matrices-split/glove.csv.24.1.vc.C 
Ans-fold time: 25.6204
==== Integer vector .C compression
Command: /home/louza/mm-repair/sdsl/encode.x /mnt/data/datasets/machine-learning-matrices-split/glove.csv.24.2.vc.C 
==== Integer vector .R compression
Command: /home/louza/mm-repair/sdsl/encode.x /mnt/data/datasets/machine-learning-matrices-split/glove.csv.24.2.vc.R 
Integer vector compression time: 14.5412
==== Ans-fold compression
Command: /home/louza/mm-repair/ans/encode.x /mnt/data/datasets/machine-learning-matrices-split/glove.csv.24.2.vc.C 
Ans-fold time: 39.9962
==== Integer vector .C compression
Command: /home/louza/mm-repair/sdsl/encode.x /mnt/data/datasets/machine-learning-matrices-split/glove.csv.24.3.vc.C 
==== Integer vector .R compression
Command: /home/louza/mm-repair/sdsl/encode.x /mnt/data/datasets/machine-learning-matrices-split/glove.csv.24.3.vc.R 
Integer vector compression time: 6.0085
==== Ans-fold compression
Command: /home/louza/mm-repair/ans/encode.x /mnt/data/datasets/machine-learning-matrices-split/glove.csv.24.3.vc.C 
Ans-fold time: 50.6081
==== Integer vector .C compression
Command: /home/louza/mm-repair/sdsl/encode.x /mnt/data/datasets/machine-learning-matrices-split/glove.csv.24.4.vc.C 
==== Integer vector .R compression
Command: /home/louza/mm-repair/sdsl/encode.x /mnt/data/datasets/machine-learning-matrices-split/glove.csv.24.4.vc.R 
Integer vector compression time: 14.2513
==== Ans-fold compression
Command: /home/louza/mm-repair/ans/encode.x /mnt/data/datasets/machine-learning-matrices-split/glove.csv.24.4.vc.C 
Ans-fold time: 64.7240
==== Integer vector .C compression
Command: /home/louza/mm-repair/sdsl/encode.x /mnt/data/datasets/machine-learning-matrices-split/glove.csv.24.5.vc.C 
==== Integer vector .R compression
Command: /home/louza/mm-repair/sdsl/encode.x /mnt/data/datasets/machine-learning-matrices-split/glove.csv.24.5.vc.R 
Integer vector compression time: 12.4175
==== Ans-fold compression
Command: /home/louza/mm-repair/ans/encode.x /mnt/data/datasets/machine-learning-matrices-split/glove.csv.24.5.vc.C 
Ans-fold time: 75.0786
==== Integer vector .C compression
Command: /home/louza/mm-repair/sdsl/encode.x /mnt/data/datasets/machine-learning-matrices-split/glove.csv.24.6.vc.C 
==== Integer vector .R compression
Command: /home/louza/mm-repair/sdsl/encode.x /mnt/data/datasets/machine-learning-matrices-split/glove.csv.24.6.vc.R 
Integer vector compression time: 13.0459
==== Ans-fold compression
Command: /home/louza/mm-repair/ans/encode.x /mnt/data/datasets/machine-learning-matrices-split/glove.csv.24.6.vc.C 
Ans-fold time: 84.8894
==== Integer vector .C compression
Command: /home/louza/mm-repair/sdsl/encode.x /mnt/data/datasets/machine-learning-matrices-split/glove.csv.24.7.vc.C 
==== Integer vector .R compression
Command: /home/louza/mm-repair/sdsl/encode.x /mnt/data/datasets/machine-learning-matrices-split/glove.csv.24.7.vc.R 
Integer vector compression time: 12.9580
==== Ans-fold compression
Command: /home/louza/mm-repair/ans/encode.x /mnt/data/datasets/machine-learning-matrices-split/glove.csv.24.7.vc.C 
Ans-fold time: 94.7893
==== Integer vector .C compression
Command: /home/louza/mm-repair/sdsl/encode.x /mnt/data/datasets/machine-learning-matrices-split/glove.csv.24.8.vc.C 
==== Integer vector .R compression
Command: /home/louza/mm-repair/sdsl/encode.x /mnt/data/datasets/machine-learning-matrices-split/glove.csv.24.8.vc.R 
Integer vector compression time: 14.0117
==== Ans-fold compression
Command: /home/louza/mm-repair/ans/encode.x /mnt/data/datasets/machine-learning-matrices-split/glove.csv.24.8.vc.C 
Ans-fold time: 108.9118
==== Integer vector .C compression
Command: /home/louza/mm-repair/sdsl/encode.x /mnt/data/datasets/machine-learning-matrices-split/glove.csv.24.9.vc.C 
==== Integer vector .R compression
Command: /home/louza/mm-repair/sdsl/encode.x /mnt/data/datasets/machine-learning-matrices-split/glove.csv.24.9.vc.R 
Integer vector compression time: 13.8230
==== Ans-fold compression
Command: /home/louza/mm-repair/ans/encode.x /mnt/data/datasets/machine-learning-matrices-split/glove.csv.24.9.vc.C 
Ans-fold time: 123.6246
==== Integer vector .C compression
Command: /home/louza/mm-repair/sdsl/encode.x /mnt/data/datasets/machine-learning-matrices-split/glove.csv.24.10.vc.C 
==== Integer vector .R compression
Command: /home/louza/mm-repair/sdsl/encode.x /mnt/data/datasets/machine-learning-matrices-split/glove.csv.24.10.vc.R 
Integer vector compression time: 12.4190
==== Ans-fold compression
Command: /home/louza/mm-repair/ans/encode.x /mnt/data/datasets/machine-learning-matrices-split/glove.csv.24.10.vc.C 
Ans-fold time: 133.6595
==== Integer vector .C compression
Command: /home/louza/mm-repair/sdsl/encode.x /mnt/data/datasets/machine-learning-matrices-split/glove.csv.24.11.vc.C 
==== Integer vector .R compression
Command: /home/louza/mm-repair/sdsl/encode.x /mnt/data/datasets/machine-learning-matrices-split/glove.csv.24.11.vc.R 
Integer vector compression time: 14.7457
==== Ans-fold compression
Command: /home/louza/mm-repair/ans/encode.x /mnt/data/datasets/machine-learning-matrices-split/glove.csv.24.11.vc.C 
Ans-fold time: 147.6663
==== Integer vector .C compression
Command: /home/louza/mm-repair/sdsl/encode.x /mnt/data/datasets/machine-learning-matrices-split/glove.csv.24.12.vc.C 
==== Integer vector .R compression
Command: /home/louza/mm-repair/sdsl/encode.x /mnt/data/datasets/machine-learning-matrices-split/glove.csv.24.12.vc.R 
Integer vector compression time: 15.4129
==== Ans-fold compression
Command: /home/louza/mm-repair/ans/encode.x /mnt/data/datasets/machine-learning-matrices-split/glove.csv.24.12.vc.C 
Ans-fold time: 160.9081
==== Integer vector .C compression
Command: /home/louza/mm-repair/sdsl/encode.x /mnt/data/datasets/machine-learning-matrices-split/glove.csv.24.13.vc.C 
==== Integer vector .R compression
Command: /home/louza/mm-repair/sdsl/encode.x /mnt/data/datasets/machine-learning-matrices-split/glove.csv.24.13.vc.R 
Integer vector compression time: 12.1292
==== Ans-fold compression
Command: /home/louza/mm-repair/ans/encode.x /mnt/data/datasets/machine-learning-matrices-split/glove.csv.24.13.vc.C 
Ans-fold time: 174.0758
==== Integer vector .C compression
Command: /home/louza/mm-repair/sdsl/encode.x /mnt/data/datasets/machine-learning-matrices-split/glove.csv.24.14.vc.C 
==== Integer vector .R compression
Command: /home/louza/mm-repair/sdsl/encode.x /mnt/data/datasets/machine-learning-matrices-split/glove.csv.24.14.vc.R 
Integer vector compression time: 10.4028
==== Ans-fold compression
Command: /home/louza/mm-repair/ans/encode.x /mnt/data/datasets/machine-learning-matrices-split/glove.csv.24.14.vc.C 
Ans-fold time: 185.1431
==== Integer vector .C compression
Command: /home/louza/mm-repair/sdsl/encode.x /mnt/data/datasets/machine-learning-matrices-split/glove.csv.24.15.vc.C 
==== Integer vector .R compression
Command: /home/louza/mm-repair/sdsl/encode.x /mnt/data/datasets/machine-learning-matrices-split/glove.csv.24.15.vc.R 
Integer vector compression time: 8.3398
==== Ans-fold compression
Command: /home/louza/mm-repair/ans/encode.x /mnt/data/datasets/machine-learning-matrices-split/glove.csv.24.15.vc.C 
Ans-fold time: 193.2100
==== Integer vector .C compression
Command: /home/louza/mm-repair/sdsl/encode.x /mnt/data/datasets/machine-learning-matrices-split/glove.csv.24.16.vc.C 
==== Integer vector .R compression
Command: /home/louza/mm-repair/sdsl/encode.x /mnt/data/datasets/machine-learning-matrices-split/glove.csv.24.16.vc.R 
Integer vector compression time: 5.5817
==== Ans-fold compression
Command: /home/louza/mm-repair/ans/encode.x /mnt/data/datasets/machine-learning-matrices-split/glove.csv.24.16.vc.C 
Ans-fold time: 200.2594
==== Integer vector .C compression
Command: /home/louza/mm-repair/sdsl/encode.x /mnt/data/datasets/machine-learning-matrices-split/glove.csv.24.17.vc.C 
==== Integer vector .R compression
Command: /home/louza/mm-repair/sdsl/encode.x /mnt/data/datasets/machine-learning-matrices-split/glove.csv.24.17.vc.R 
Integer vector compression time: 3.9159
==== Ans-fold compression
Command: /home/louza/mm-repair/ans/encode.x /mnt/data/datasets/machine-learning-matrices-split/glove.csv.24.17.vc.C 
Ans-fold time: 208.9399
==== Integer vector .C compression
Command: /home/louza/mm-repair/sdsl/encode.x /mnt/data/datasets/machine-learning-matrices-split/glove.csv.24.18.vc.C 
==== Integer vector .R compression
Command: /home/louza/mm-repair/sdsl/encode.x /mnt/data/datasets/machine-learning-matrices-split/glove.csv.24.18.vc.R 
Integer vector compression time: 4.3726
==== Ans-fold compression
Command: /home/louza/mm-repair/ans/encode.x /mnt/data/datasets/machine-learning-matrices-split/glove.csv.24.18.vc.C 
Ans-fold time: 212.4297
==== Integer vector .C compression
Command: /home/louza/mm-repair/sdsl/encode.x /mnt/data/datasets/machine-learning-matrices-split/glove.csv.24.19.vc.C 
==== Integer vector .R compression
Command: /home/louza/mm-repair/sdsl/encode.x /mnt/data/datasets/machine-learning-matrices-split/glove.csv.24.19.vc.R 
Integer vector compression time: 2.5917
==== Ans-fold compression
Command: /home/louza/mm-repair/ans/encode.x /mnt/data/datasets/machine-learning-matrices-split/glove.csv.24.19.vc.C 
Ans-fold time: 216.8826
==== Integer vector .C compression
Command: /home/louza/mm-repair/sdsl/encode.x /mnt/data/datasets/machine-learning-matrices-split/glove.csv.24.20.vc.C 
==== Integer vector .R compression
Command: /home/louza/mm-repair/sdsl/encode.x /mnt/data/datasets/machine-learning-matrices-split/glove.csv.24.20.vc.R 
Integer vector compression time: 1.9208
==== Ans-fold compression
Command: /home/louza/mm-repair/ans/encode.x /mnt/data/datasets/machine-learning-matrices-split/glove.csv.24.20.vc.C 
Ans-fold time: 220.7367
==== Integer vector .C compression
Command: /home/louza/mm-repair/sdsl/encode.x /mnt/data/datasets/machine-learning-matrices-split/glove.csv.24.21.vc.C 
==== Integer vector .R compression
Command: /home/louza/mm-repair/sdsl/encode.x /mnt/data/datasets/machine-learning-matrices-split/glove.csv.24.21.vc.R 
Integer vector compression time: 0.4027
==== Ans-fold compression
Command: /home/louza/mm-repair/ans/encode.x /mnt/data/datasets/machine-learning-matrices-split/glove.csv.24.21.vc.C 
Ans-fold time: 223.7561
==== Integer vector .C compression
Command: /home/louza/mm-repair/sdsl/encode.x /mnt/data/datasets/machine-learning-matrices-split/glove.csv.24.22.vc.C 
==== Integer vector .R compression
Command: /home/louza/mm-repair/sdsl/encode.x /mnt/data/datasets/machine-learning-matrices-split/glove.csv.24.22.vc.R 
Integer vector compression time: 1.7594
==== Ans-fold compression
Command: /home/louza/mm-repair/ans/encode.x /mnt/data/datasets/machine-learning-matrices-split/glove.csv.24.22.vc.C 
Ans-fold time: 228.3382
==== Integer vector .C compression
Command: /home/louza/mm-repair/sdsl/encode.x /mnt/data/datasets/machine-learning-matrices-split/glove.csv.24.23.vc.C 
==== Integer vector .R compression
Command: /home/louza/mm-repair/sdsl/encode.x /mnt/data/datasets/machine-learning-matrices-split/glove.csv.24.23.vc.R 
Integer vector compression time: 1.6550
==== Ans-fold compression
Command: /home/louza/mm-repair/ans/encode.x /mnt/data/datasets/machine-learning-matrices-split/glove.csv.24.23.vc.C 
Ans-fold time: 232.6971
Command: /home/louza/mm-repair/ans/encode.x /mnt/data/datasets/machine-learning-matrices-split/glove.csv.wcode 
Elapsed time: 1406.1314
==== Compression Report:
 >> matrix name: /mnt/data/datasets/machine-learning-matrices-split/glove.csv
 >> conversion time: 911.16
 >> repair time: 31.16
 >> integer vectors time: 1.66
 >> ansf time: 232.70
 >> total time: 1406.13
 >> wcode: 226590916 bytes
 >> wcode_ans: 16430594 bytes
 >> matrix log(alpha)xNumEntries size: 300000000 bytes
 >> matrix dense size: 960000000 bytes
 >> total number of nonzero: 120000000 (100.00%)
 >> number of distinct nonzero: 717119
 >> CRSV  size: 487336952 bytes  (50.76%)
 >> RE32  size: 713927964 bytes  (74.37%)
 >> REIV  size: 623628564 bytes  (64.96%)
 >> REANS size: 409319933 bytes  (42.64%)
==== Done

#### 2026-09-09 21:00:16
 Command line: ./mm-repair/matrepair -r -b 24 -p 24 /mnt/data/datasets/machine-learning-matrices-split/glove.csv 400000 300 --split 
Setting memory for each repair instance to 19335 MBs
Sending logging messages to file: /mnt/data/datasets/machine-learning-matrices-split/glove.csv.log
==== Conversion bin/csv->csrv
Command: /home/louza/mm-repair/csvmat2csrv -b 24   /mnt/data/datasets/machine-learning-matrices-split/glove.csv -r 0  -s 400000 300
Conversion time: 412.6659
==== Repair paralell compression
---- Executing 24 parallel processes
---- Parallel processing completed
Repair time: 0.0400
==== Integer vector .C compression
Command: /home/louza/mm-repair/sdsl/encode.x /mnt/data/datasets/machine-learning-matrices-split/glove.csv.24.0.A.vc.C 
==== Integer vector .R compression
Command: /home/louza/mm-repair/sdsl/encode.x /mnt/data/datasets/machine-learning-matrices-split/glove.csv.24.0.A.vc.R 
Integer vector compression time: 0.0216
==== Ans-fold compression
Command: /home/louza/mm-repair/ans/encode.x /mnt/data/datasets/machine-learning-matrices-split/glove.csv.24.0.A.vc.C 
Command: /home/louza/mm-repair/ans/encode.x /mnt/data/datasets/machine-learning-matrices-split/glove.csv.24.0.B.vc
Ans-fold time: 3.2603
==== Integer vector .C compression
Command: /home/louza/mm-repair/sdsl/encode.x /mnt/data/datasets/machine-learning-matrices-split/glove.csv.24.1.A.vc.C 
==== Integer vector .R compression
Command: /home/louza/mm-repair/sdsl/encode.x /mnt/data/datasets/machine-learning-matrices-split/glove.csv.24.1.A.vc.R 
Integer vector compression time: 0.0240
==== Ans-fold compression
Command: /home/louza/mm-repair/ans/encode.x /mnt/data/datasets/machine-learning-matrices-split/glove.csv.24.1.A.vc.C 
Command: /home/louza/mm-repair/ans/encode.x /mnt/data/datasets/machine-learning-matrices-split/glove.csv.24.1.B.vc
Ans-fold time: 6.1196
==== Integer vector .C compression
Command: /home/louza/mm-repair/sdsl/encode.x /mnt/data/datasets/machine-learning-matrices-split/glove.csv.24.2.A.vc.C 
==== Integer vector .R compression
Command: /home/louza/mm-repair/sdsl/encode.x /mnt/data/datasets/machine-learning-matrices-split/glove.csv.24.2.A.vc.R 
Integer vector compression time: 0.0247
==== Ans-fold compression
Command: /home/louza/mm-repair/ans/encode.x /mnt/data/datasets/machine-learning-matrices-split/glove.csv.24.2.A.vc.C 
Command: /home/louza/mm-repair/ans/encode.x /mnt/data/datasets/machine-learning-matrices-split/glove.csv.24.2.B.vc
Ans-fold time: 8.9381
==== Integer vector .C compression
Command: /home/louza/mm-repair/sdsl/encode.x /mnt/data/datasets/machine-learning-matrices-split/glove.csv.24.3.A.vc.C 
==== Integer vector .R compression
Command: /home/louza/mm-repair/sdsl/encode.x /mnt/data/datasets/machine-learning-matrices-split/glove.csv.24.3.A.vc.R 
Integer vector compression time: 0.0246
==== Ans-fold compression
Command: /home/louza/mm-repair/ans/encode.x /mnt/data/datasets/machine-learning-matrices-split/glove.csv.24.3.A.vc.C 
Command: /home/louza/mm-repair/ans/encode.x /mnt/data/datasets/machine-learning-matrices-split/glove.csv.24.3.B.vc
Ans-fold time: 16.0583
==== Integer vector .C compression
Command: /home/louza/mm-repair/sdsl/encode.x /mnt/data/datasets/machine-learning-matrices-split/glove.csv.24.4.A.vc.C 
==== Integer vector .R compression
Command: /home/louza/mm-repair/sdsl/encode.x /mnt/data/datasets/machine-learning-matrices-split/glove.csv.24.4.A.vc.R 
Integer vector compression time: 0.0417
==== Ans-fold compression
Command: /home/louza/mm-repair/ans/encode.x /mnt/data/datasets/machine-learning-matrices-split/glove.csv.24.4.A.vc.C 
Command: /home/louza/mm-repair/ans/encode.x /mnt/data/datasets/machine-learning-matrices-split/glove.csv.24.4.B.vc
Ans-fold time: 27.3668
==== Integer vector .C compression
Command: /home/louza/mm-repair/sdsl/encode.x /mnt/data/datasets/machine-learning-matrices-split/glove.csv.24.5.A.vc.C 
==== Integer vector .R compression
Command: /home/louza/mm-repair/sdsl/encode.x /mnt/data/datasets/machine-learning-matrices-split/glove.csv.24.5.A.vc.R 
Integer vector compression time: 0.0218
==== Ans-fold compression
Command: /home/louza/mm-repair/ans/encode.x /mnt/data/datasets/machine-learning-matrices-split/glove.csv.24.5.A.vc.C 
Command: /home/louza/mm-repair/ans/encode.x /mnt/data/datasets/machine-learning-matrices-split/glove.csv.24.5.B.vc
Ans-fold time: 38.1393
==== Integer vector .C compression
Command: /home/louza/mm-repair/sdsl/encode.x /mnt/data/datasets/machine-learning-matrices-split/glove.csv.24.6.A.vc.C 
==== Integer vector .R compression
Command: /home/louza/mm-repair/sdsl/encode.x /mnt/data/datasets/machine-learning-matrices-split/glove.csv.24.6.A.vc.R 
Integer vector compression time: 0.0312
==== Ans-fold compression
Command: /home/louza/mm-repair/ans/encode.x /mnt/data/datasets/machine-learning-matrices-split/glove.csv.24.6.A.vc.C 
Command: /home/louza/mm-repair/ans/encode.x /mnt/data/datasets/machine-learning-matrices-split/glove.csv.24.6.B.vc
Ans-fold time: 51.1457
==== Integer vector .C compression
Command: /home/louza/mm-repair/sdsl/encode.x /mnt/data/datasets/machine-learning-matrices-split/glove.csv.24.7.A.vc.C 
==== Integer vector .R compression
Command: /home/louza/mm-repair/sdsl/encode.x /mnt/data/datasets/machine-learning-matrices-split/glove.csv.24.7.A.vc.R 
Integer vector compression time: 0.0253
==== Ans-fold compression
Command: /home/louza/mm-repair/ans/encode.x /mnt/data/datasets/machine-learning-matrices-split/glove.csv.24.7.A.vc.C 
Command: /home/louza/mm-repair/ans/encode.x /mnt/data/datasets/machine-learning-matrices-split/glove.csv.24.7.B.vc
Ans-fold time: 57.9546
==== Integer vector .C compression
Command: /home/louza/mm-repair/sdsl/encode.x /mnt/data/datasets/machine-learning-matrices-split/glove.csv.24.8.A.vc.C 
==== Integer vector .R compression
Command: /home/louza/mm-repair/sdsl/encode.x /mnt/data/datasets/machine-learning-matrices-split/glove.csv.24.8.A.vc.R 
Integer vector compression time: 0.0224
==== Ans-fold compression
Command: /home/louza/mm-repair/ans/encode.x /mnt/data/datasets/machine-learning-matrices-split/glove.csv.24.8.A.vc.C 
Command: /home/louza/mm-repair/ans/encode.x /mnt/data/datasets/machine-learning-matrices-split/glove.csv.24.8.B.vc
Ans-fold time: 62.5603
==== Integer vector .C compression
Command: /home/louza/mm-repair/sdsl/encode.x /mnt/data/datasets/machine-learning-matrices-split/glove.csv.24.9.A.vc.C 
==== Integer vector .R compression
Command: /home/louza/mm-repair/sdsl/encode.x /mnt/data/datasets/machine-learning-matrices-split/glove.csv.24.9.A.vc.R 
Integer vector compression time: 0.0221
==== Ans-fold compression
Command: /home/louza/mm-repair/ans/encode.x /mnt/data/datasets/machine-learning-matrices-split/glove.csv.24.9.A.vc.C 
Command: /home/louza/mm-repair/ans/encode.x /mnt/data/datasets/machine-learning-matrices-split/glove.csv.24.9.B.vc
Ans-fold time: 67.4101
==== Integer vector .C compression
Command: /home/louza/mm-repair/sdsl/encode.x /mnt/data/datasets/machine-learning-matrices-split/glove.csv.24.10.A.vc.C 
==== Integer vector .R compression
Command: /home/louza/mm-repair/sdsl/encode.x /mnt/data/datasets/machine-learning-matrices-split/glove.csv.24.10.A.vc.R 
Integer vector compression time: 0.0229
==== Ans-fold compression
Command: /home/louza/mm-repair/ans/encode.x /mnt/data/datasets/machine-learning-matrices-split/glove.csv.24.10.A.vc.C 
Command: /home/louza/mm-repair/ans/encode.x /mnt/data/datasets/machine-learning-matrices-split/glove.csv.24.10.B.vc
Ans-fold time: 72.1670
==== Integer vector .C compression
Command: /home/louza/mm-repair/sdsl/encode.x /mnt/data/datasets/machine-learning-matrices-split/glove.csv.24.11.A.vc.C 
==== Integer vector .R compression
Command: /home/louza/mm-repair/sdsl/encode.x /mnt/data/datasets/machine-learning-matrices-split/glove.csv.24.11.A.vc.R 
Integer vector compression time: 0.0234
==== Ans-fold compression
Command: /home/louza/mm-repair/ans/encode.x /mnt/data/datasets/machine-learning-matrices-split/glove.csv.24.11.A.vc.C 
Command: /home/louza/mm-repair/ans/encode.x /mnt/data/datasets/machine-learning-matrices-split/glove.csv.24.11.B.vc
Ans-fold time: 76.6471
==== Integer vector .C compression
Command: /home/louza/mm-repair/sdsl/encode.x /mnt/data/datasets/machine-learning-matrices-split/glove.csv.24.12.A.vc.C 
==== Integer vector .R compression
Command: /home/louza/mm-repair/sdsl/encode.x /mnt/data/datasets/machine-learning-matrices-split/glove.csv.24.12.A.vc.R 
Integer vector compression time: 0.0241
==== Ans-fold compression
Command: /home/louza/mm-repair/ans/encode.x /mnt/data/datasets/machine-learning-matrices-split/glove.csv.24.12.A.vc.C 
Command: /home/louza/mm-repair/ans/encode.x /mnt/data/datasets/machine-learning-matrices-split/glove.csv.24.12.B.vc
Ans-fold time: 80.9387
==== Integer vector .C compression
Command: /home/louza/mm-repair/sdsl/encode.x /mnt/data/datasets/machine-learning-matrices-split/glove.csv.24.13.A.vc.C 
==== Integer vector .R compression
Command: /home/louza/mm-repair/sdsl/encode.x /mnt/data/datasets/machine-learning-matrices-split/glove.csv.24.13.A.vc.R 
Integer vector compression time: 0.0232
==== Ans-fold compression
Command: /home/louza/mm-repair/ans/encode.x /mnt/data/datasets/machine-learning-matrices-split/glove.csv.24.13.A.vc.C 
Command: /home/louza/mm-repair/ans/encode.x /mnt/data/datasets/machine-learning-matrices-split/glove.csv.24.13.B.vc
Ans-fold time: 84.7499
==== Integer vector .C compression
Command: /home/louza/mm-repair/sdsl/encode.x /mnt/data/datasets/machine-learning-matrices-split/glove.csv.24.14.A.vc.C 
==== Integer vector .R compression
Command: /home/louza/mm-repair/sdsl/encode.x /mnt/data/datasets/machine-learning-matrices-split/glove.csv.24.14.A.vc.R 
Integer vector compression time: 0.0230
==== Ans-fold compression
Command: /home/louza/mm-repair/ans/encode.x /mnt/data/datasets/machine-learning-matrices-split/glove.csv.24.14.A.vc.C 
Command: /home/louza/mm-repair/ans/encode.x /mnt/data/datasets/machine-learning-matrices-split/glove.csv.24.14.B.vc
Ans-fold time: 88.2975
==== Integer vector .C compression
Command: /home/louza/mm-repair/sdsl/encode.x /mnt/data/datasets/machine-learning-matrices-split/glove.csv.24.15.A.vc.C 
==== Integer vector .R compression
Command: /home/louza/mm-repair/sdsl/encode.x /mnt/data/datasets/machine-learning-matrices-split/glove.csv.24.15.A.vc.R 
Integer vector compression time: 0.0238
==== Ans-fold compression
Command: /home/louza/mm-repair/ans/encode.x /mnt/data/datasets/machine-learning-matrices-split/glove.csv.24.15.A.vc.C 
Command: /home/louza/mm-repair/ans/encode.x /mnt/data/datasets/machine-learning-matrices-split/glove.csv.24.15.B.vc
Ans-fold time: 91.7939
==== Integer vector .C compression
Command: /home/louza/mm-repair/sdsl/encode.x /mnt/data/datasets/machine-learning-matrices-split/glove.csv.24.16.A.vc.C 
==== Integer vector .R compression
Command: /home/louza/mm-repair/sdsl/encode.x /mnt/data/datasets/machine-learning-matrices-split/glove.csv.24.16.A.vc.R 
Integer vector compression time: 0.0209
==== Ans-fold compression
Command: /home/louza/mm-repair/ans/encode.x /mnt/data/datasets/machine-learning-matrices-split/glove.csv.24.16.A.vc.C 
Command: /home/louza/mm-repair/ans/encode.x /mnt/data/datasets/machine-learning-matrices-split/glove.csv.24.16.B.vc
Ans-fold time: 95.4444
==== Integer vector .C compression
Command: /home/louza/mm-repair/sdsl/encode.x /mnt/data/datasets/machine-learning-matrices-split/glove.csv.24.17.A.vc.C 
==== Integer vector .R compression
Command: /home/louza/mm-repair/sdsl/encode.x /mnt/data/datasets/machine-learning-matrices-split/glove.csv.24.17.A.vc.R 
Integer vector compression time: 0.0288
==== Ans-fold compression
Command: /home/louza/mm-repair/ans/encode.x /mnt/data/datasets/machine-learning-matrices-split/glove.csv.24.17.A.vc.C 
Command: /home/louza/mm-repair/ans/encode.x /mnt/data/datasets/machine-learning-matrices-split/glove.csv.24.17.B.vc
Ans-fold time: 98.6540
==== Integer vector .C compression
Command: /home/louza/mm-repair/sdsl/encode.x /mnt/data/datasets/machine-learning-matrices-split/glove.csv.24.18.A.vc.C 
==== Integer vector .R compression
Command: /home/louza/mm-repair/sdsl/encode.x /mnt/data/datasets/machine-learning-matrices-split/glove.csv.24.18.A.vc.R 
Integer vector compression time: 0.0201
==== Ans-fold compression
Command: /home/louza/mm-repair/ans/encode.x /mnt/data/datasets/machine-learning-matrices-split/glove.csv.24.18.A.vc.C 
Command: /home/louza/mm-repair/ans/encode.x /mnt/data/datasets/machine-learning-matrices-split/glove.csv.24.18.B.vc
Ans-fold time: 101.5252
==== Integer vector .C compression
Command: /home/louza/mm-repair/sdsl/encode.x /mnt/data/datasets/machine-learning-matrices-split/glove.csv.24.19.A.vc.C 
==== Integer vector .R compression
Command: /home/louza/mm-repair/sdsl/encode.x /mnt/data/datasets/machine-learning-matrices-split/glove.csv.24.19.A.vc.R 
Integer vector compression time: 0.0237
==== Ans-fold compression
Command: /home/louza/mm-repair/ans/encode.x /mnt/data/datasets/machine-learning-matrices-split/glove.csv.24.19.A.vc.C 
Command: /home/louza/mm-repair/ans/encode.x /mnt/data/datasets/machine-learning-matrices-split/glove.csv.24.19.B.vc
Ans-fold time: 104.6452
==== Integer vector .C compression
Command: /home/louza/mm-repair/sdsl/encode.x /mnt/data/datasets/machine-learning-matrices-split/glove.csv.24.20.A.vc.C 
==== Integer vector .R compression
Command: /home/louza/mm-repair/sdsl/encode.x /mnt/data/datasets/machine-learning-matrices-split/glove.csv.24.20.A.vc.R 
Integer vector compression time: 0.0258
==== Ans-fold compression
Command: /home/louza/mm-repair/ans/encode.x /mnt/data/datasets/machine-learning-matrices-split/glove.csv.24.20.A.vc.C 
Command: /home/louza/mm-repair/ans/encode.x /mnt/data/datasets/machine-learning-matrices-split/glove.csv.24.20.B.vc
Ans-fold time: 107.8021
==== Integer vector .C compression
Command: /home/louza/mm-repair/sdsl/encode.x /mnt/data/datasets/machine-learning-matrices-split/glove.csv.24.21.A.vc.C 
==== Integer vector .R compression
Command: /home/louza/mm-repair/sdsl/encode.x /mnt/data/datasets/machine-learning-matrices-split/glove.csv.24.21.A.vc.R 
Integer vector compression time: 0.0184
==== Ans-fold compression
Command: /home/louza/mm-repair/ans/encode.x /mnt/data/datasets/machine-learning-matrices-split/glove.csv.24.21.A.vc.C 
Command: /home/louza/mm-repair/ans/encode.x /mnt/data/datasets/machine-learning-matrices-split/glove.csv.24.21.B.vc
Ans-fold time: 113.8497
==== Integer vector .C compression
Command: /home/louza/mm-repair/sdsl/encode.x /mnt/data/datasets/machine-learning-matrices-split/glove.csv.24.22.A.vc.C 
==== Integer vector .R compression
Command: /home/louza/mm-repair/sdsl/encode.x /mnt/data/datasets/machine-learning-matrices-split/glove.csv.24.22.A.vc.R 
Integer vector compression time: 0.0464
==== Ans-fold compression
Command: /home/louza/mm-repair/ans/encode.x /mnt/data/datasets/machine-learning-matrices-split/glove.csv.24.22.A.vc.C 
Command: /home/louza/mm-repair/ans/encode.x /mnt/data/datasets/machine-learning-matrices-split/glove.csv.24.22.B.vc
Ans-fold time: 125.1499
==== Integer vector .C compression
Command: /home/louza/mm-repair/sdsl/encode.x /mnt/data/datasets/machine-learning-matrices-split/glove.csv.24.23.A.vc.C 
==== Integer vector .R compression
Command: /home/louza/mm-repair/sdsl/encode.x /mnt/data/datasets/machine-learning-matrices-split/glove.csv.24.23.A.vc.R 
Integer vector compression time: 0.0596
==== Ans-fold compression
Command: /home/louza/mm-repair/ans/encode.x /mnt/data/datasets/machine-learning-matrices-split/glove.csv.24.23.A.vc.C 
Command: /home/louza/mm-repair/ans/encode.x /mnt/data/datasets/machine-learning-matrices-split/glove.csv.24.23.B.vc
Ans-fold time: 140.0183
Elapsed time: 553.3701
==== Compression Report:
 >> matrix name: /mnt/data/datasets/machine-learning-matrices-split/glove.csv
 >> conversion time: 412.67
 >> repair time: 0.04
 >> integer vectors time: 0.06
 >> ansf time: 140.02
 >> total time: 553.37
 >> matrix log(alpha)xNumEntries size: 300000000 bytes
 >> matrix dense size: 960000000 bytes
 >> total number of nonzero: 0 (0.00%)
 >> number of distinct nonzero: 717119
 >> CRSV  size: 7336952 bytes  (0.76%)
 >> B	  size: 481600000 bytes  (50.17%)
 >> B_ans size: 401764347 bytes  (41.85%)
 >> RE32  size: 409101395 bytes  (42.61%)
 >> REIV  size: 407552035 bytes  (42.45%)
 >> REANS size: 407502811 bytes  (42.45%)
==== Done

#### 2026-09-09 21:09:30
 Command line: ./mm-repair/matrepair -r -b 24 -p 24 /mnt/data/datasets/machine-learning-matrices-split/glove.csv 400000 300 --ole --mapping 
Setting memory for each repair instance to 19335 MBs
Sending logging messages to file: /mnt/data/datasets/machine-learning-matrices-split/glove.csv.log
==== Conversion bin/csv->csrv
Command: /home/louza/mm-repair/csvmat2csrv -b 24   /mnt/data/datasets/machine-learning-matrices-split/glove.csv -r 0 -m  400000 300
Conversion time: 652.5476
==== Repair paralell compression
---- Executing 24 parallel processes
---- Parallel processing completed
Repair time: 6.6223
==== Integer vector .C compression
Command: /home/louza/mm-repair/sdsl/encode.x /mnt/data/datasets/machine-learning-matrices-split/glove.csv.24.0.vc.C 
==== Integer vector .R compression
Command: /home/louza/mm-repair/sdsl/encode.x /mnt/data/datasets/machine-learning-matrices-split/glove.csv.24.0.vc.R 
Integer vector compression time: 0.6187
==== OLE
Command: /home/louza/mm-repair/ole/encode.x /mnt/data/datasets/machine-learning-matrices-split/glove.csv.24.0.vc.C 
OLE time: 0.3745
==== Ans-fold compression
Command: /home/louza/mm-repair/ans/encode.x /mnt/data/datasets/machine-learning-matrices-split/glove.csv.24.0.vc.C 
Ans-fold time: 0.5288
==== Integer vector .C compression
Command: /home/louza/mm-repair/sdsl/encode.x /mnt/data/datasets/machine-learning-matrices-split/glove.csv.24.1.vc.C 
==== Integer vector .R compression
Command: /home/louza/mm-repair/sdsl/encode.x /mnt/data/datasets/machine-learning-matrices-split/glove.csv.24.1.vc.R 
Integer vector compression time: 0.3444
==== OLE
Command: /home/louza/mm-repair/ole/encode.x /mnt/data/datasets/machine-learning-matrices-split/glove.csv.24.1.vc.C 
OLE time: 0.4031
==== Ans-fold compression
Command: /home/louza/mm-repair/ans/encode.x /mnt/data/datasets/machine-learning-matrices-split/glove.csv.24.1.vc.C 
Ans-fold time: 1.2277
==== Integer vector .C compression
Command: /home/louza/mm-repair/sdsl/encode.x /mnt/data/datasets/machine-learning-matrices-split/glove.csv.24.2.vc.C 
==== Integer vector .R compression
Command: /home/louza/mm-repair/sdsl/encode.x /mnt/data/datasets/machine-learning-matrices-split/glove.csv.24.2.vc.R 
Integer vector compression time: 0.3719
==== OLE
Command: /home/louza/mm-repair/ole/encode.x /mnt/data/datasets/machine-learning-matrices-split/glove.csv.24.2.vc.C 
OLE time: 0.3419
==== Ans-fold compression
Command: /home/louza/mm-repair/ans/encode.x /mnt/data/datasets/machine-learning-matrices-split/glove.csv.24.2.vc.C 
Ans-fold time: 1.8015
==== Integer vector .C compression
Command: /home/louza/mm-repair/sdsl/encode.x /mnt/data/datasets/machine-learning-matrices-split/glove.csv.24.3.vc.C 
==== Integer vector .R compression
Command: /home/louza/mm-repair/sdsl/encode.x /mnt/data/datasets/machine-learning-matrices-split/glove.csv.24.3.vc.R 
Integer vector compression time: 0.2606
==== OLE
Command: /home/louza/mm-repair/ole/encode.x /mnt/data/datasets/machine-learning-matrices-split/glove.csv.24.3.vc.C 
OLE time: 0.4357
==== Ans-fold compression
Command: /home/louza/mm-repair/ans/encode.x /mnt/data/datasets/machine-learning-matrices-split/glove.csv.24.3.vc.C 
Ans-fold time: 2.3169
==== Integer vector .C compression
Command: /home/louza/mm-repair/sdsl/encode.x /mnt/data/datasets/machine-learning-matrices-split/glove.csv.24.4.vc.C 
==== Integer vector .R compression
Command: /home/louza/mm-repair/sdsl/encode.x /mnt/data/datasets/machine-learning-matrices-split/glove.csv.24.4.vc.R 
Integer vector compression time: 0.5644
==== OLE
Command: /home/louza/mm-repair/ole/encode.x /mnt/data/datasets/machine-learning-matrices-split/glove.csv.24.4.vc.C 
OLE time: 0.3417
==== Ans-fold compression
Command: /home/louza/mm-repair/ans/encode.x /mnt/data/datasets/machine-learning-matrices-split/glove.csv.24.4.vc.C 
Ans-fold time: 2.9268
==== Integer vector .C compression
Command: /home/louza/mm-repair/sdsl/encode.x /mnt/data/datasets/machine-learning-matrices-split/glove.csv.24.5.vc.C 
==== Integer vector .R compression
Command: /home/louza/mm-repair/sdsl/encode.x /mnt/data/datasets/machine-learning-matrices-split/glove.csv.24.5.vc.R 
Integer vector compression time: 0.3104
==== OLE
Command: /home/louza/mm-repair/ole/encode.x /mnt/data/datasets/machine-learning-matrices-split/glove.csv.24.5.vc.C 
OLE time: 0.4498
==== Ans-fold compression
Command: /home/louza/mm-repair/ans/encode.x /mnt/data/datasets/machine-learning-matrices-split/glove.csv.24.5.vc.C 
Ans-fold time: 3.6241
==== Integer vector .C compression
Command: /home/louza/mm-repair/sdsl/encode.x /mnt/data/datasets/machine-learning-matrices-split/glove.csv.24.6.vc.C 
==== Integer vector .R compression
Command: /home/louza/mm-repair/sdsl/encode.x /mnt/data/datasets/machine-learning-matrices-split/glove.csv.24.6.vc.R 
Integer vector compression time: 0.3569
==== OLE
Command: /home/louza/mm-repair/ole/encode.x /mnt/data/datasets/machine-learning-matrices-split/glove.csv.24.6.vc.C 
OLE time: 0.5020
==== Ans-fold compression
Command: /home/louza/mm-repair/ans/encode.x /mnt/data/datasets/machine-learning-matrices-split/glove.csv.24.6.vc.C 
Ans-fold time: 4.1796
==== Integer vector .C compression
Command: /home/louza/mm-repair/sdsl/encode.x /mnt/data/datasets/machine-learning-matrices-split/glove.csv.24.7.vc.C 
==== Integer vector .R compression
Command: /home/louza/mm-repair/sdsl/encode.x /mnt/data/datasets/machine-learning-matrices-split/glove.csv.24.7.vc.R 
Integer vector compression time: 0.4546
==== OLE
Command: /home/louza/mm-repair/ole/encode.x /mnt/data/datasets/machine-learning-matrices-split/glove.csv.24.7.vc.C 
OLE time: 0.4660
==== Ans-fold compression
Command: /home/louza/mm-repair/ans/encode.x /mnt/data/datasets/machine-learning-matrices-split/glove.csv.24.7.vc.C 
Ans-fold time: 5.0940
==== Integer vector .C compression
Command: /home/louza/mm-repair/sdsl/encode.x /mnt/data/datasets/machine-learning-matrices-split/glove.csv.24.8.vc.C 
==== Integer vector .R compression
Command: /home/louza/mm-repair/sdsl/encode.x /mnt/data/datasets/machine-learning-matrices-split/glove.csv.24.8.vc.R 
Integer vector compression time: 0.6805
==== OLE
Command: /home/louza/mm-repair/ole/encode.x /mnt/data/datasets/machine-learning-matrices-split/glove.csv.24.8.vc.C 
OLE time: 0.5315
==== Ans-fold compression
Command: /home/louza/mm-repair/ans/encode.x /mnt/data/datasets/machine-learning-matrices-split/glove.csv.24.8.vc.C 
Ans-fold time: 5.8672
==== Integer vector .C compression
Command: /home/louza/mm-repair/sdsl/encode.x /mnt/data/datasets/machine-learning-matrices-split/glove.csv.24.9.vc.C 
==== Integer vector .R compression
Command: /home/louza/mm-repair/sdsl/encode.x /mnt/data/datasets/machine-learning-matrices-split/glove.csv.24.9.vc.R 
Integer vector compression time: 0.3535
==== OLE
Command: /home/louza/mm-repair/ole/encode.x /mnt/data/datasets/machine-learning-matrices-split/glove.csv.24.9.vc.C 
OLE time: 0.3369
==== Ans-fold compression
Command: /home/louza/mm-repair/ans/encode.x /mnt/data/datasets/machine-learning-matrices-split/glove.csv.24.9.vc.C 
Ans-fold time: 6.6842
==== Integer vector .C compression
Command: /home/louza/mm-repair/sdsl/encode.x /mnt/data/datasets/machine-learning-matrices-split/glove.csv.24.10.vc.C 
==== Integer vector .R compression
Command: /home/louza/mm-repair/sdsl/encode.x /mnt/data/datasets/machine-learning-matrices-split/glove.csv.24.10.vc.R 
Integer vector compression time: 0.4258
==== OLE
Command: /home/louza/mm-repair/ole/encode.x /mnt/data/datasets/machine-learning-matrices-split/glove.csv.24.10.vc.C 
OLE time: 1.1412
==== Ans-fold compression
Command: /home/louza/mm-repair/ans/encode.x /mnt/data/datasets/machine-learning-matrices-split/glove.csv.24.10.vc.C 
Ans-fold time: 7.3885
==== Integer vector .C compression
Command: /home/louza/mm-repair/sdsl/encode.x /mnt/data/datasets/machine-learning-matrices-split/glove.csv.24.11.vc.C 
==== Integer vector .R compression
Command: /home/louza/mm-repair/sdsl/encode.x /mnt/data/datasets/machine-learning-matrices-split/glove.csv.24.11.vc.R 
Integer vector compression time: 0.3262
==== OLE
Command: /home/louza/mm-repair/ole/encode.x /mnt/data/datasets/machine-learning-matrices-split/glove.csv.24.11.vc.C 
OLE time: 0.4213
==== Ans-fold compression
Command: /home/louza/mm-repair/ans/encode.x /mnt/data/datasets/machine-learning-matrices-split/glove.csv.24.11.vc.C 
Ans-fold time: 8.2764
==== Integer vector .C compression
Command: /home/louza/mm-repair/sdsl/encode.x /mnt/data/datasets/machine-learning-matrices-split/glove.csv.24.12.vc.C 
==== Integer vector .R compression
Command: /home/louza/mm-repair/sdsl/encode.x /mnt/data/datasets/machine-learning-matrices-split/glove.csv.24.12.vc.R 
Integer vector compression time: 0.4765
==== OLE
Command: /home/louza/mm-repair/ole/encode.x /mnt/data/datasets/machine-learning-matrices-split/glove.csv.24.12.vc.C 
OLE time: 0.5626
==== Ans-fold compression
Command: /home/louza/mm-repair/ans/encode.x /mnt/data/datasets/machine-learning-matrices-split/glove.csv.24.12.vc.C 
Ans-fold time: 9.0127
==== Integer vector .C compression
Command: /home/louza/mm-repair/sdsl/encode.x /mnt/data/datasets/machine-learning-matrices-split/glove.csv.24.13.vc.C 
==== Integer vector .R compression
Command: /home/louza/mm-repair/sdsl/encode.x /mnt/data/datasets/machine-learning-matrices-split/glove.csv.24.13.vc.R 
Integer vector compression time: 0.3294
==== OLE
Command: /home/louza/mm-repair/ole/encode.x /mnt/data/datasets/machine-learning-matrices-split/glove.csv.24.13.vc.C 
OLE time: 0.3341
==== Ans-fold compression
Command: /home/louza/mm-repair/ans/encode.x /mnt/data/datasets/machine-learning-matrices-split/glove.csv.24.13.vc.C 
Ans-fold time: 9.7336
==== Integer vector .C compression
Command: /home/louza/mm-repair/sdsl/encode.x /mnt/data/datasets/machine-learning-matrices-split/glove.csv.24.14.vc.C 
==== Integer vector .R compression
Command: /home/louza/mm-repair/sdsl/encode.x /mnt/data/datasets/machine-learning-matrices-split/glove.csv.24.14.vc.R 
Integer vector compression time: 0.4058
==== OLE
Command: /home/louza/mm-repair/ole/encode.x /mnt/data/datasets/machine-learning-matrices-split/glove.csv.24.14.vc.C 
OLE time: 0.6747
==== Ans-fold compression
Command: /home/louza/mm-repair/ans/encode.x /mnt/data/datasets/machine-learning-matrices-split/glove.csv.24.14.vc.C 
Ans-fold time: 10.3012
==== Integer vector .C compression
Command: /home/louza/mm-repair/sdsl/encode.x /mnt/data/datasets/machine-learning-matrices-split/glove.csv.24.15.vc.C 
==== Integer vector .R compression
Command: /home/louza/mm-repair/sdsl/encode.x /mnt/data/datasets/machine-learning-matrices-split/glove.csv.24.15.vc.R 
Integer vector compression time: 0.3173
==== OLE
Command: /home/louza/mm-repair/ole/encode.x /mnt/data/datasets/machine-learning-matrices-split/glove.csv.24.15.vc.C 
OLE time: 0.3536
==== Ans-fold compression
Command: /home/louza/mm-repair/ans/encode.x /mnt/data/datasets/machine-learning-matrices-split/glove.csv.24.15.vc.C 
Ans-fold time: 10.8872
==== Integer vector .C compression
Command: /home/louza/mm-repair/sdsl/encode.x /mnt/data/datasets/machine-learning-matrices-split/glove.csv.24.16.vc.C 
==== Integer vector .R compression
Command: /home/louza/mm-repair/sdsl/encode.x /mnt/data/datasets/machine-learning-matrices-split/glove.csv.24.16.vc.R 
Integer vector compression time: 0.4391
==== OLE
Command: /home/louza/mm-repair/ole/encode.x /mnt/data/datasets/machine-learning-matrices-split/glove.csv.24.16.vc.C 
OLE time: 0.3691
==== Ans-fold compression
Command: /home/louza/mm-repair/ans/encode.x /mnt/data/datasets/machine-learning-matrices-split/glove.csv.24.16.vc.C 
Ans-fold time: 11.6134
==== Integer vector .C compression
Command: /home/louza/mm-repair/sdsl/encode.x /mnt/data/datasets/machine-learning-matrices-split/glove.csv.24.17.vc.C 
==== Integer vector .R compression
Command: /home/louza/mm-repair/sdsl/encode.x /mnt/data/datasets/machine-learning-matrices-split/glove.csv.24.17.vc.R 
Integer vector compression time: 0.3533
==== OLE
Command: /home/louza/mm-repair/ole/encode.x /mnt/data/datasets/machine-learning-matrices-split/glove.csv.24.17.vc.C 
OLE time: 0.4813
==== Ans-fold compression
Command: /home/louza/mm-repair/ans/encode.x /mnt/data/datasets/machine-learning-matrices-split/glove.csv.24.17.vc.C 
Ans-fold time: 12.3093
==== Integer vector .C compression
Command: /home/louza/mm-repair/sdsl/encode.x /mnt/data/datasets/machine-learning-matrices-split/glove.csv.24.18.vc.C 
==== Integer vector .R compression
Command: /home/louza/mm-repair/sdsl/encode.x /mnt/data/datasets/machine-learning-matrices-split/glove.csv.24.18.vc.R 
Integer vector compression time: 0.3319
==== OLE
Command: /home/louza/mm-repair/ole/encode.x /mnt/data/datasets/machine-learning-matrices-split/glove.csv.24.18.vc.C 
OLE time: 0.4329
==== Ans-fold compression
Command: /home/louza/mm-repair/ans/encode.x /mnt/data/datasets/machine-learning-matrices-split/glove.csv.24.18.vc.C 
Ans-fold time: 13.0734
==== Integer vector .C compression
Command: /home/louza/mm-repair/sdsl/encode.x /mnt/data/datasets/machine-learning-matrices-split/glove.csv.24.19.vc.C 
==== Integer vector .R compression
Command: /home/louza/mm-repair/sdsl/encode.x /mnt/data/datasets/machine-learning-matrices-split/glove.csv.24.19.vc.R 
Integer vector compression time: 0.3707
==== OLE
Command: /home/louza/mm-repair/ole/encode.x /mnt/data/datasets/machine-learning-matrices-split/glove.csv.24.19.vc.C 
OLE time: 0.7501
==== Ans-fold compression
Command: /home/louza/mm-repair/ans/encode.x /mnt/data/datasets/machine-learning-matrices-split/glove.csv.24.19.vc.C 
Ans-fold time: 14.1504
==== Integer vector .C compression
Command: /home/louza/mm-repair/sdsl/encode.x /mnt/data/datasets/machine-learning-matrices-split/glove.csv.24.20.vc.C 
==== Integer vector .R compression
Command: /home/louza/mm-repair/sdsl/encode.x /mnt/data/datasets/machine-learning-matrices-split/glove.csv.24.20.vc.R 
Integer vector compression time: 0.5231
==== OLE
Command: /home/louza/mm-repair/ole/encode.x /mnt/data/datasets/machine-learning-matrices-split/glove.csv.24.20.vc.C 
OLE time: 0.4388
==== Ans-fold compression
Command: /home/louza/mm-repair/ans/encode.x /mnt/data/datasets/machine-learning-matrices-split/glove.csv.24.20.vc.C 
Ans-fold time: 14.9433
==== Integer vector .C compression
Command: /home/louza/mm-repair/sdsl/encode.x /mnt/data/datasets/machine-learning-matrices-split/glove.csv.24.21.vc.C 
==== Integer vector .R compression
Command: /home/louza/mm-repair/sdsl/encode.x /mnt/data/datasets/machine-learning-matrices-split/glove.csv.24.21.vc.R 
Integer vector compression time: 0.5346
==== OLE
Command: /home/louza/mm-repair/ole/encode.x /mnt/data/datasets/machine-learning-matrices-split/glove.csv.24.21.vc.C 
OLE time: 0.7293
==== Ans-fold compression
Command: /home/louza/mm-repair/ans/encode.x /mnt/data/datasets/machine-learning-matrices-split/glove.csv.24.21.vc.C 
Ans-fold time: 15.6093
==== Integer vector .C compression
Command: /home/louza/mm-repair/sdsl/encode.x /mnt/data/datasets/machine-learning-matrices-split/glove.csv.24.22.vc.C 
==== Integer vector .R compression
Command: /home/louza/mm-repair/sdsl/encode.x /mnt/data/datasets/machine-learning-matrices-split/glove.csv.24.22.vc.R 
Integer vector compression time: 0.9152
==== OLE
Command: /home/louza/mm-repair/ole/encode.x /mnt/data/datasets/machine-learning-matrices-split/glove.csv.24.22.vc.C 
OLE time: 0.4407
==== Ans-fold compression
Command: /home/louza/mm-repair/ans/encode.x /mnt/data/datasets/machine-learning-matrices-split/glove.csv.24.22.vc.C 
Ans-fold time: 16.2828
==== Integer vector .C compression
Command: /home/louza/mm-repair/sdsl/encode.x /mnt/data/datasets/machine-learning-matrices-split/glove.csv.24.23.vc.C 
==== Integer vector .R compression
Command: /home/louza/mm-repair/sdsl/encode.x /mnt/data/datasets/machine-learning-matrices-split/glove.csv.24.23.vc.R 
Integer vector compression time: 0.3756
==== OLE
Command: /home/louza/mm-repair/ole/encode.x /mnt/data/datasets/machine-learning-matrices-split/glove.csv.24.23.vc.C 
OLE time: 0.4069
==== Ans-fold compression
Command: /home/louza/mm-repair/ans/encode.x /mnt/data/datasets/machine-learning-matrices-split/glove.csv.24.23.vc.C 
Ans-fold time: 17.0871
Command: /home/louza/mm-repair/ans/encode.x /mnt/data/datasets/machine-learning-matrices-split/glove.csv.wcode 
Elapsed time: 700.3927
==== Compression Report:
 >> matrix name: /mnt/data/datasets/machine-learning-matrices-split/glove.csv
 >> conversion time: 652.55
 >> repair time: 6.62
 >> integer vectors time: 0.38
 >> ansf time: 17.09
 >> total time: 700.39
 >> wcode: 226590916 bytes
 >> wcode_ans: 16430594 bytes
 >> matrix log(alpha)xNumEntries size: 300000000 bytes
 >> matrix dense size: 960000000 bytes
 >> total number of nonzero: 120000000 (100.00%)
 >> number of distinct nonzero: 717119
 >> CRSV  size: 487336952 bytes  (50.76%)
 >> RE32  size: 713927964 bytes  (74.37%)
 >> REIV  size: 623628564 bytes  (64.96%)
 >> REANS size: 306635278 bytes  (31.94%)
==== Done

#### 2026-09-09 21:21:10
 Command line: ./mm-repair/matrepair -r -b 24 -p 24 /mnt/data/datasets/machine-learning-matrices-split/glove.csv 400000 300 --ole --split 
Setting memory for each repair instance to 19335 MBs
Sending logging messages to file: /mnt/data/datasets/machine-learning-matrices-split/glove.csv.log
==== Conversion bin/csv->csrv
Command: /home/louza/mm-repair/csvmat2csrv -b 24   /mnt/data/datasets/machine-learning-matrices-split/glove.csv -r 0  -s 400000 300
Conversion time: 501.7162
==== Repair paralell compression
---- Executing 24 parallel processes
---- Parallel processing completed
Repair time: 0.1434
==== Integer vector .C compression
Command: /home/louza/mm-repair/sdsl/encode.x /mnt/data/datasets/machine-learning-matrices-split/glove.csv.24.0.A.vc.C 
==== Integer vector .R compression
Command: /home/louza/mm-repair/sdsl/encode.x /mnt/data/datasets/machine-learning-matrices-split/glove.csv.24.0.A.vc.R 
Integer vector compression time: 0.1164
==== OLE
Command: /home/louza/mm-repair/ole/encode.x /mnt/data/datasets/machine-learning-matrices-split/glove.csv.24.0.A.vc.C 
Command: /home/louza/mm-repair/ole/encode.x /mnt/data/datasets/machine-learning-matrices-split/glove.csv.24.0.B.vc 
OLE time: 0.5125
==== Ans-fold compression
Command: /home/louza/mm-repair/ans/encode.x /mnt/data/datasets/machine-learning-matrices-split/glove.csv.24.0.A.vc.C 
Command: /home/louza/mm-repair/ans/encode.x /mnt/data/datasets/machine-learning-matrices-split/glove.csv.24.0.B.vc
Ans-fold time: 0.8038
==== Integer vector .C compression
Command: /home/louza/mm-repair/sdsl/encode.x /mnt/data/datasets/machine-learning-matrices-split/glove.csv.24.1.A.vc.C 
==== Integer vector .R compression
Command: /home/louza/mm-repair/sdsl/encode.x /mnt/data/datasets/machine-learning-matrices-split/glove.csv.24.1.A.vc.R 
Integer vector compression time: 0.0266
==== OLE
Command: /home/louza/mm-repair/ole/encode.x /mnt/data/datasets/machine-learning-matrices-split/glove.csv.24.1.A.vc.C 
Command: /home/louza/mm-repair/ole/encode.x /mnt/data/datasets/machine-learning-matrices-split/glove.csv.24.1.B.vc 
OLE time: 0.1418
==== Ans-fold compression
Command: /home/louza/mm-repair/ans/encode.x /mnt/data/datasets/machine-learning-matrices-split/glove.csv.24.1.A.vc.C 
Command: /home/louza/mm-repair/ans/encode.x /mnt/data/datasets/machine-learning-matrices-split/glove.csv.24.1.B.vc
Ans-fold time: 1.6770
==== Integer vector .C compression
Command: /home/louza/mm-repair/sdsl/encode.x /mnt/data/datasets/machine-learning-matrices-split/glove.csv.24.2.A.vc.C 
==== Integer vector .R compression
Command: /home/louza/mm-repair/sdsl/encode.x /mnt/data/datasets/machine-learning-matrices-split/glove.csv.24.2.A.vc.R 
Integer vector compression time: 0.0273
==== OLE
Command: /home/louza/mm-repair/ole/encode.x /mnt/data/datasets/machine-learning-matrices-split/glove.csv.24.2.A.vc.C 
Command: /home/louza/mm-repair/ole/encode.x /mnt/data/datasets/machine-learning-matrices-split/glove.csv.24.2.B.vc 
OLE time: 0.1797
==== Ans-fold compression
Command: /home/louza/mm-repair/ans/encode.x /mnt/data/datasets/machine-learning-matrices-split/glove.csv.24.2.A.vc.C 
Command: /home/louza/mm-repair/ans/encode.x /mnt/data/datasets/machine-learning-matrices-split/glove.csv.24.2.B.vc
Ans-fold time: 2.6137
==== Integer vector .C compression
Command: /home/louza/mm-repair/sdsl/encode.x /mnt/data/datasets/machine-learning-matrices-split/glove.csv.24.3.A.vc.C 
==== Integer vector .R compression
Command: /home/louza/mm-repair/sdsl/encode.x /mnt/data/datasets/machine-learning-matrices-split/glove.csv.24.3.A.vc.R 
Integer vector compression time: 0.0543
==== OLE
Command: /home/louza/mm-repair/ole/encode.x /mnt/data/datasets/machine-learning-matrices-split/glove.csv.24.3.A.vc.C 
Command: /home/louza/mm-repair/ole/encode.x /mnt/data/datasets/machine-learning-matrices-split/glove.csv.24.3.B.vc 
OLE time: 0.3128
==== Ans-fold compression
Command: /home/louza/mm-repair/ans/encode.x /mnt/data/datasets/machine-learning-matrices-split/glove.csv.24.3.A.vc.C 
Command: /home/louza/mm-repair/ans/encode.x /mnt/data/datasets/machine-learning-matrices-split/glove.csv.24.3.B.vc
Ans-fold time: 3.6046
==== Integer vector .C compression
Command: /home/louza/mm-repair/sdsl/encode.x /mnt/data/datasets/machine-learning-matrices-split/glove.csv.24.4.A.vc.C 
==== Integer vector .R compression
Command: /home/louza/mm-repair/sdsl/encode.x /mnt/data/datasets/machine-learning-matrices-split/glove.csv.24.4.A.vc.R 
Integer vector compression time: 0.0295
==== OLE
Command: /home/louza/mm-repair/ole/encode.x /mnt/data/datasets/machine-learning-matrices-split/glove.csv.24.4.A.vc.C 
Command: /home/louza/mm-repair/ole/encode.x /mnt/data/datasets/machine-learning-matrices-split/glove.csv.24.4.B.vc 
OLE time: 0.1405
==== Ans-fold compression
Command: /home/louza/mm-repair/ans/encode.x /mnt/data/datasets/machine-learning-matrices-split/glove.csv.24.4.A.vc.C 
Command: /home/louza/mm-repair/ans/encode.x /mnt/data/datasets/machine-learning-matrices-split/glove.csv.24.4.B.vc
Ans-fold time: 4.5425
==== Integer vector .C compression
Command: /home/louza/mm-repair/sdsl/encode.x /mnt/data/datasets/machine-learning-matrices-split/glove.csv.24.5.A.vc.C 
==== Integer vector .R compression
Command: /home/louza/mm-repair/sdsl/encode.x /mnt/data/datasets/machine-learning-matrices-split/glove.csv.24.5.A.vc.R 
Integer vector compression time: 0.0228
==== OLE
Command: /home/louza/mm-repair/ole/encode.x /mnt/data/datasets/machine-learning-matrices-split/glove.csv.24.5.A.vc.C 
Command: /home/louza/mm-repair/ole/encode.x /mnt/data/datasets/machine-learning-matrices-split/glove.csv.24.5.B.vc 
OLE time: 0.1650
==== Ans-fold compression
Command: /home/louza/mm-repair/ans/encode.x /mnt/data/datasets/machine-learning-matrices-split/glove.csv.24.5.A.vc.C 
Command: /home/louza/mm-repair/ans/encode.x /mnt/data/datasets/machine-learning-matrices-split/glove.csv.24.5.B.vc
Ans-fold time: 5.7883
==== Integer vector .C compression
Command: /home/louza/mm-repair/sdsl/encode.x /mnt/data/datasets/machine-learning-matrices-split/glove.csv.24.6.A.vc.C 
==== Integer vector .R compression
Command: /home/louza/mm-repair/sdsl/encode.x /mnt/data/datasets/machine-learning-matrices-split/glove.csv.24.6.A.vc.R 
Integer vector compression time: 0.0425
==== OLE
Command: /home/louza/mm-repair/ole/encode.x /mnt/data/datasets/machine-learning-matrices-split/glove.csv.24.6.A.vc.C 
Command: /home/louza/mm-repair/ole/encode.x /mnt/data/datasets/machine-learning-matrices-split/glove.csv.24.6.B.vc 
OLE time: 0.2085
==== Ans-fold compression
Command: /home/louza/mm-repair/ans/encode.x /mnt/data/datasets/machine-learning-matrices-split/glove.csv.24.6.A.vc.C 
Command: /home/louza/mm-repair/ans/encode.x /mnt/data/datasets/machine-learning-matrices-split/glove.csv.24.6.B.vc
Ans-fold time: 6.7879
==== Integer vector .C compression
Command: /home/louza/mm-repair/sdsl/encode.x /mnt/data/datasets/machine-learning-matrices-split/glove.csv.24.7.A.vc.C 
==== Integer vector .R compression
Command: /home/louza/mm-repair/sdsl/encode.x /mnt/data/datasets/machine-learning-matrices-split/glove.csv.24.7.A.vc.R 
Integer vector compression time: 0.0243
==== OLE
Command: /home/louza/mm-repair/ole/encode.x /mnt/data/datasets/machine-learning-matrices-split/glove.csv.24.7.A.vc.C 
Command: /home/louza/mm-repair/ole/encode.x /mnt/data/datasets/machine-learning-matrices-split/glove.csv.24.7.B.vc 
OLE time: 0.2258
==== Ans-fold compression
Command: /home/louza/mm-repair/ans/encode.x /mnt/data/datasets/machine-learning-matrices-split/glove.csv.24.7.A.vc.C 
Command: /home/louza/mm-repair/ans/encode.x /mnt/data/datasets/machine-learning-matrices-split/glove.csv.24.7.B.vc
Ans-fold time: 7.7703
==== Integer vector .C compression
Command: /home/louza/mm-repair/sdsl/encode.x /mnt/data/datasets/machine-learning-matrices-split/glove.csv.24.8.A.vc.C 
==== Integer vector .R compression
Command: /home/louza/mm-repair/sdsl/encode.x /mnt/data/datasets/machine-learning-matrices-split/glove.csv.24.8.A.vc.R 
Integer vector compression time: 0.0230
==== OLE
Command: /home/louza/mm-repair/ole/encode.x /mnt/data/datasets/machine-learning-matrices-split/glove.csv.24.8.A.vc.C 
Command: /home/louza/mm-repair/ole/encode.x /mnt/data/datasets/machine-learning-matrices-split/glove.csv.24.8.B.vc 
OLE time: 0.1279
==== Ans-fold compression
Command: /home/louza/mm-repair/ans/encode.x /mnt/data/datasets/machine-learning-matrices-split/glove.csv.24.8.A.vc.C 
Command: /home/louza/mm-repair/ans/encode.x /mnt/data/datasets/machine-learning-matrices-split/glove.csv.24.8.B.vc
Ans-fold time: 8.8785
==== Integer vector .C compression
Command: /home/louza/mm-repair/sdsl/encode.x /mnt/data/datasets/machine-learning-matrices-split/glove.csv.24.9.A.vc.C 
==== Integer vector .R compression
Command: /home/louza/mm-repair/sdsl/encode.x /mnt/data/datasets/machine-learning-matrices-split/glove.csv.24.9.A.vc.R 
Integer vector compression time: 0.0803
==== OLE
Command: /home/louza/mm-repair/ole/encode.x /mnt/data/datasets/machine-learning-matrices-split/glove.csv.24.9.A.vc.C 
Command: /home/louza/mm-repair/ole/encode.x /mnt/data/datasets/machine-learning-matrices-split/glove.csv.24.9.B.vc 
OLE time: 0.5538
==== Ans-fold compression
Command: /home/louza/mm-repair/ans/encode.x /mnt/data/datasets/machine-learning-matrices-split/glove.csv.24.9.A.vc.C 
Command: /home/louza/mm-repair/ans/encode.x /mnt/data/datasets/machine-learning-matrices-split/glove.csv.24.9.B.vc
Ans-fold time: 10.0121
==== Integer vector .C compression
Command: /home/louza/mm-repair/sdsl/encode.x /mnt/data/datasets/machine-learning-matrices-split/glove.csv.24.10.A.vc.C 
==== Integer vector .R compression
Command: /home/louza/mm-repair/sdsl/encode.x /mnt/data/datasets/machine-learning-matrices-split/glove.csv.24.10.A.vc.R 
Integer vector compression time: 0.0966
==== OLE
Command: /home/louza/mm-repair/ole/encode.x /mnt/data/datasets/machine-learning-matrices-split/glove.csv.24.10.A.vc.C 
Command: /home/louza/mm-repair/ole/encode.x /mnt/data/datasets/machine-learning-matrices-split/glove.csv.24.10.B.vc 
OLE time: 0.3656
==== Ans-fold compression
Command: /home/louza/mm-repair/ans/encode.x /mnt/data/datasets/machine-learning-matrices-split/glove.csv.24.10.A.vc.C 
Command: /home/louza/mm-repair/ans/encode.x /mnt/data/datasets/machine-learning-matrices-split/glove.csv.24.10.B.vc
Ans-fold time: 10.9155
==== Integer vector .C compression
Command: /home/louza/mm-repair/sdsl/encode.x /mnt/data/datasets/machine-learning-matrices-split/glove.csv.24.11.A.vc.C 
==== Integer vector .R compression
Command: /home/louza/mm-repair/sdsl/encode.x /mnt/data/datasets/machine-learning-matrices-split/glove.csv.24.11.A.vc.R 
Integer vector compression time: 0.0517
==== OLE
Command: /home/louza/mm-repair/ole/encode.x /mnt/data/datasets/machine-learning-matrices-split/glove.csv.24.11.A.vc.C 
Command: /home/louza/mm-repair/ole/encode.x /mnt/data/datasets/machine-learning-matrices-split/glove.csv.24.11.B.vc 
OLE time: 0.2833
==== Ans-fold compression
Command: /home/louza/mm-repair/ans/encode.x /mnt/data/datasets/machine-learning-matrices-split/glove.csv.24.11.A.vc.C 
Command: /home/louza/mm-repair/ans/encode.x /mnt/data/datasets/machine-learning-matrices-split/glove.csv.24.11.B.vc
Ans-fold time: 11.8898
==== Integer vector .C compression
Command: /home/louza/mm-repair/sdsl/encode.x /mnt/data/datasets/machine-learning-matrices-split/glove.csv.24.12.A.vc.C 
==== Integer vector .R compression
Command: /home/louza/mm-repair/sdsl/encode.x /mnt/data/datasets/machine-learning-matrices-split/glove.csv.24.12.A.vc.R 
Integer vector compression time: 0.0266
==== OLE
Command: /home/louza/mm-repair/ole/encode.x /mnt/data/datasets/machine-learning-matrices-split/glove.csv.24.12.A.vc.C 
Command: /home/louza/mm-repair/ole/encode.x /mnt/data/datasets/machine-learning-matrices-split/glove.csv.24.12.B.vc 
OLE time: 0.1319
==== Ans-fold compression
Command: /home/louza/mm-repair/ans/encode.x /mnt/data/datasets/machine-learning-matrices-split/glove.csv.24.12.A.vc.C 
Command: /home/louza/mm-repair/ans/encode.x /mnt/data/datasets/machine-learning-matrices-split/glove.csv.24.12.B.vc
Ans-fold time: 13.0027
==== Integer vector .C compression
Command: /home/louza/mm-repair/sdsl/encode.x /mnt/data/datasets/machine-learning-matrices-split/glove.csv.24.13.A.vc.C 
==== Integer vector .R compression
Command: /home/louza/mm-repair/sdsl/encode.x /mnt/data/datasets/machine-learning-matrices-split/glove.csv.24.13.A.vc.R 
Integer vector compression time: 0.0604
==== OLE
Command: /home/louza/mm-repair/ole/encode.x /mnt/data/datasets/machine-learning-matrices-split/glove.csv.24.13.A.vc.C 
Command: /home/louza/mm-repair/ole/encode.x /mnt/data/datasets/machine-learning-matrices-split/glove.csv.24.13.B.vc 
OLE time: 0.3893
==== Ans-fold compression
Command: /home/louza/mm-repair/ans/encode.x /mnt/data/datasets/machine-learning-matrices-split/glove.csv.24.13.A.vc.C 
Command: /home/louza/mm-repair/ans/encode.x /mnt/data/datasets/machine-learning-matrices-split/glove.csv.24.13.B.vc
Ans-fold time: 13.9526
==== Integer vector .C compression
Command: /home/louza/mm-repair/sdsl/encode.x /mnt/data/datasets/machine-learning-matrices-split/glove.csv.24.14.A.vc.C 
==== Integer vector .R compression
Command: /home/louza/mm-repair/sdsl/encode.x /mnt/data/datasets/machine-learning-matrices-split/glove.csv.24.14.A.vc.R 
Integer vector compression time: 0.0236
==== OLE
Command: /home/louza/mm-repair/ole/encode.x /mnt/data/datasets/machine-learning-matrices-split/glove.csv.24.14.A.vc.C 
Command: /home/louza/mm-repair/ole/encode.x /mnt/data/datasets/machine-learning-matrices-split/glove.csv.24.14.B.vc 
OLE time: 0.1393
==== Ans-fold compression
Command: /home/louza/mm-repair/ans/encode.x /mnt/data/datasets/machine-learning-matrices-split/glove.csv.24.14.A.vc.C 
Command: /home/louza/mm-repair/ans/encode.x /mnt/data/datasets/machine-learning-matrices-split/glove.csv.24.14.B.vc
Ans-fold time: 14.9969
==== Integer vector .C compression
Command: /home/louza/mm-repair/sdsl/encode.x /mnt/data/datasets/machine-learning-matrices-split/glove.csv.24.15.A.vc.C 
==== Integer vector .R compression
Command: /home/louza/mm-repair/sdsl/encode.x /mnt/data/datasets/machine-learning-matrices-split/glove.csv.24.15.A.vc.R 
Integer vector compression time: 0.0226
==== OLE
Command: /home/louza/mm-repair/ole/encode.x /mnt/data/datasets/machine-learning-matrices-split/glove.csv.24.15.A.vc.C 
Command: /home/louza/mm-repair/ole/encode.x /mnt/data/datasets/machine-learning-matrices-split/glove.csv.24.15.B.vc 
OLE time: 0.1555
==== Ans-fold compression
Command: /home/louza/mm-repair/ans/encode.x /mnt/data/datasets/machine-learning-matrices-split/glove.csv.24.15.A.vc.C 
Command: /home/louza/mm-repair/ans/encode.x /mnt/data/datasets/machine-learning-matrices-split/glove.csv.24.15.B.vc
Ans-fold time: 16.1198
==== Integer vector .C compression
Command: /home/louza/mm-repair/sdsl/encode.x /mnt/data/datasets/machine-learning-matrices-split/glove.csv.24.16.A.vc.C 
==== Integer vector .R compression
Command: /home/louza/mm-repair/sdsl/encode.x /mnt/data/datasets/machine-learning-matrices-split/glove.csv.24.16.A.vc.R 
Integer vector compression time: 0.0362
==== OLE
Command: /home/louza/mm-repair/ole/encode.x /mnt/data/datasets/machine-learning-matrices-split/glove.csv.24.16.A.vc.C 
Command: /home/louza/mm-repair/ole/encode.x /mnt/data/datasets/machine-learning-matrices-split/glove.csv.24.16.B.vc 
OLE time: 0.3819
==== Ans-fold compression
Command: /home/louza/mm-repair/ans/encode.x /mnt/data/datasets/machine-learning-matrices-split/glove.csv.24.16.A.vc.C 
Command: /home/louza/mm-repair/ans/encode.x /mnt/data/datasets/machine-learning-matrices-split/glove.csv.24.16.B.vc
Ans-fold time: 17.0931
==== Integer vector .C compression
Command: /home/louza/mm-repair/sdsl/encode.x /mnt/data/datasets/machine-learning-matrices-split/glove.csv.24.17.A.vc.C 
==== Integer vector .R compression
Command: /home/louza/mm-repair/sdsl/encode.x /mnt/data/datasets/machine-learning-matrices-split/glove.csv.24.17.A.vc.R 
Integer vector compression time: 0.0210
==== OLE
Command: /home/louza/mm-repair/ole/encode.x /mnt/data/datasets/machine-learning-matrices-split/glove.csv.24.17.A.vc.C 
Command: /home/louza/mm-repair/ole/encode.x /mnt/data/datasets/machine-learning-matrices-split/glove.csv.24.17.B.vc 
OLE time: 0.1408
==== Ans-fold compression
Command: /home/louza/mm-repair/ans/encode.x /mnt/data/datasets/machine-learning-matrices-split/glove.csv.24.17.A.vc.C 
Command: /home/louza/mm-repair/ans/encode.x /mnt/data/datasets/machine-learning-matrices-split/glove.csv.24.17.B.vc
Ans-fold time: 18.2209
==== Integer vector .C compression
Command: /home/louza/mm-repair/sdsl/encode.x /mnt/data/datasets/machine-learning-matrices-split/glove.csv.24.18.A.vc.C 
==== Integer vector .R compression
Command: /home/louza/mm-repair/sdsl/encode.x /mnt/data/datasets/machine-learning-matrices-split/glove.csv.24.18.A.vc.R 
Integer vector compression time: 0.0391
==== OLE
Command: /home/louza/mm-repair/ole/encode.x /mnt/data/datasets/machine-learning-matrices-split/glove.csv.24.18.A.vc.C 
Command: /home/louza/mm-repair/ole/encode.x /mnt/data/datasets/machine-learning-matrices-split/glove.csv.24.18.B.vc 
OLE time: 0.5316
==== Ans-fold compression
Command: /home/louza/mm-repair/ans/encode.x /mnt/data/datasets/machine-learning-matrices-split/glove.csv.24.18.A.vc.C 
Command: /home/louza/mm-repair/ans/encode.x /mnt/data/datasets/machine-learning-matrices-split/glove.csv.24.18.B.vc
Ans-fold time: 19.3800
==== Integer vector .C compression
Command: /home/louza/mm-repair/sdsl/encode.x /mnt/data/datasets/machine-learning-matrices-split/glove.csv.24.19.A.vc.C 
==== Integer vector .R compression
Command: /home/louza/mm-repair/sdsl/encode.x /mnt/data/datasets/machine-learning-matrices-split/glove.csv.24.19.A.vc.R 
Integer vector compression time: 0.1264
==== OLE
Command: /home/louza/mm-repair/ole/encode.x /mnt/data/datasets/machine-learning-matrices-split/glove.csv.24.19.A.vc.C 
Command: /home/louza/mm-repair/ole/encode.x /mnt/data/datasets/machine-learning-matrices-split/glove.csv.24.19.B.vc 
OLE time: 0.4872
==== Ans-fold compression
Command: /home/louza/mm-repair/ans/encode.x /mnt/data/datasets/machine-learning-matrices-split/glove.csv.24.19.A.vc.C 
Command: /home/louza/mm-repair/ans/encode.x /mnt/data/datasets/machine-learning-matrices-split/glove.csv.24.19.B.vc
Ans-fold time: 20.6362
==== Integer vector .C compression
Command: /home/louza/mm-repair/sdsl/encode.x /mnt/data/datasets/machine-learning-matrices-split/glove.csv.24.20.A.vc.C 
==== Integer vector .R compression
Command: /home/louza/mm-repair/sdsl/encode.x /mnt/data/datasets/machine-learning-matrices-split/glove.csv.24.20.A.vc.R 
Integer vector compression time: 0.0355
==== OLE
Command: /home/louza/mm-repair/ole/encode.x /mnt/data/datasets/machine-learning-matrices-split/glove.csv.24.20.A.vc.C 
Command: /home/louza/mm-repair/ole/encode.x /mnt/data/datasets/machine-learning-matrices-split/glove.csv.24.20.B.vc 
OLE time: 0.6653
==== Ans-fold compression
Command: /home/louza/mm-repair/ans/encode.x /mnt/data/datasets/machine-learning-matrices-split/glove.csv.24.20.A.vc.C 
Command: /home/louza/mm-repair/ans/encode.x /mnt/data/datasets/machine-learning-matrices-split/glove.csv.24.20.B.vc
Ans-fold time: 21.5038
==== Integer vector .C compression
Command: /home/louza/mm-repair/sdsl/encode.x /mnt/data/datasets/machine-learning-matrices-split/glove.csv.24.21.A.vc.C 
==== Integer vector .R compression
Command: /home/louza/mm-repair/sdsl/encode.x /mnt/data/datasets/machine-learning-matrices-split/glove.csv.24.21.A.vc.R 
Integer vector compression time: 0.0266
==== OLE
Command: /home/louza/mm-repair/ole/encode.x /mnt/data/datasets/machine-learning-matrices-split/glove.csv.24.21.A.vc.C 
Command: /home/louza/mm-repair/ole/encode.x /mnt/data/datasets/machine-learning-matrices-split/glove.csv.24.21.B.vc 
OLE time: 0.1527
==== Ans-fold compression
Command: /home/louza/mm-repair/ans/encode.x /mnt/data/datasets/machine-learning-matrices-split/glove.csv.24.21.A.vc.C 
Command: /home/louza/mm-repair/ans/encode.x /mnt/data/datasets/machine-learning-matrices-split/glove.csv.24.21.B.vc
Ans-fold time: 22.3461
==== Integer vector .C compression
Command: /home/louza/mm-repair/sdsl/encode.x /mnt/data/datasets/machine-learning-matrices-split/glove.csv.24.22.A.vc.C 
==== Integer vector .R compression
Command: /home/louza/mm-repair/sdsl/encode.x /mnt/data/datasets/machine-learning-matrices-split/glove.csv.24.22.A.vc.R 
Integer vector compression time: 0.0250
==== OLE
Command: /home/louza/mm-repair/ole/encode.x /mnt/data/datasets/machine-learning-matrices-split/glove.csv.24.22.A.vc.C 
Command: /home/louza/mm-repair/ole/encode.x /mnt/data/datasets/machine-learning-matrices-split/glove.csv.24.22.B.vc 
OLE time: 0.1837
==== Ans-fold compression
Command: /home/louza/mm-repair/ans/encode.x /mnt/data/datasets/machine-learning-matrices-split/glove.csv.24.22.A.vc.C 
Command: /home/louza/mm-repair/ans/encode.x /mnt/data/datasets/machine-learning-matrices-split/glove.csv.24.22.B.vc
Ans-fold time: 23.2741
==== Integer vector .C compression
Command: /home/louza/mm-repair/sdsl/encode.x /mnt/data/datasets/machine-learning-matrices-split/glove.csv.24.23.A.vc.C 
==== Integer vector .R compression
Command: /home/louza/mm-repair/sdsl/encode.x /mnt/data/datasets/machine-learning-matrices-split/glove.csv.24.23.A.vc.R 
Integer vector compression time: 0.0636
==== OLE
Command: /home/louza/mm-repair/ole/encode.x /mnt/data/datasets/machine-learning-matrices-split/glove.csv.24.23.A.vc.C 
Command: /home/louza/mm-repair/ole/encode.x /mnt/data/datasets/machine-learning-matrices-split/glove.csv.24.23.B.vc 
OLE time: 0.6070
==== Ans-fold compression
Command: /home/louza/mm-repair/ans/encode.x /mnt/data/datasets/machine-learning-matrices-split/glove.csv.24.23.A.vc.C 
Command: /home/louza/mm-repair/ans/encode.x /mnt/data/datasets/machine-learning-matrices-split/glove.csv.24.23.B.vc
Ans-fold time: 24.4658
Elapsed time: 534.9267
==== Compression Report:
 >> matrix name: /mnt/data/datasets/machine-learning-matrices-split/glove.csv
 >> conversion time: 501.72
 >> repair time: 0.14
 >> integer vectors time: 0.06
 >> ansf time: 24.47
 >> total time: 534.93
 >> matrix log(alpha)xNumEntries size: 300000000 bytes
 >> matrix dense size: 960000000 bytes
 >> total number of nonzero: 0 (0.00%)
 >> number of distinct nonzero: 717119
 >> CRSV  size: 7336952 bytes  (0.76%)
 >> B	  size: 481600000 bytes  (50.17%)
 >> B_ans size: 303662296 bytes  (31.63%)
 >> RE32  size: 310999344 bytes  (32.40%)
 >> REIV  size: 309449984 bytes  (32.23%)
 >> REANS size: 309400760 bytes  (32.23%)
==== Done

#### 2026-09-09 21:30:05
 Command line: ./mm-repair/matrepair -r -b 24 -p 24 /mnt/data/datasets/machine-learning-matrices-split/glove.csv 400000 300 --mapping --split 
Setting memory for each repair instance to 19335 MBs
Sending logging messages to file: /mnt/data/datasets/machine-learning-matrices-split/glove.csv.log
==== Conversion bin/csv->csrv
Command: /home/louza/mm-repair/csvmat2csrv -b 24   /mnt/data/datasets/machine-learning-matrices-split/glove.csv -r 0 -m -s 400000 300
Conversion time: 986.1132
==== Repair paralell compression
---- Executing 24 parallel processes
---- Parallel processing completed
Repair time: 0.0456
==== Integer vector .C compression
Command: /home/louza/mm-repair/sdsl/encode.x /mnt/data/datasets/machine-learning-matrices-split/glove.csv.24.0.A.vc.C 
==== Integer vector .R compression
Command: /home/louza/mm-repair/sdsl/encode.x /mnt/data/datasets/machine-learning-matrices-split/glove.csv.24.0.A.vc.R 
Integer vector compression time: 0.0248
==== Ans-fold compression
Command: /home/louza/mm-repair/ans/encode.x /mnt/data/datasets/machine-learning-matrices-split/glove.csv.24.0.A.vc.C 
Command: /home/louza/mm-repair/ans/encode.x /mnt/data/datasets/machine-learning-matrices-split/glove.csv.24.0.B.vc
Ans-fold time: 2.8975
==== Integer vector .C compression
Command: /home/louza/mm-repair/sdsl/encode.x /mnt/data/datasets/machine-learning-matrices-split/glove.csv.24.1.A.vc.C 
==== Integer vector .R compression
Command: /home/louza/mm-repair/sdsl/encode.x /mnt/data/datasets/machine-learning-matrices-split/glove.csv.24.1.A.vc.R 
Integer vector compression time: 0.0257
==== Ans-fold compression
Command: /home/louza/mm-repair/ans/encode.x /mnt/data/datasets/machine-learning-matrices-split/glove.csv.24.1.A.vc.C 
Command: /home/louza/mm-repair/ans/encode.x /mnt/data/datasets/machine-learning-matrices-split/glove.csv.24.1.B.vc
Ans-fold time: 5.7414
==== Integer vector .C compression
Command: /home/louza/mm-repair/sdsl/encode.x /mnt/data/datasets/machine-learning-matrices-split/glove.csv.24.2.A.vc.C 
==== Integer vector .R compression
Command: /home/louza/mm-repair/sdsl/encode.x /mnt/data/datasets/machine-learning-matrices-split/glove.csv.24.2.A.vc.R 
Integer vector compression time: 0.0244
==== Ans-fold compression
Command: /home/louza/mm-repair/ans/encode.x /mnt/data/datasets/machine-learning-matrices-split/glove.csv.24.2.A.vc.C 
Command: /home/louza/mm-repair/ans/encode.x /mnt/data/datasets/machine-learning-matrices-split/glove.csv.24.2.B.vc
Ans-fold time: 8.5634
==== Integer vector .C compression
Command: /home/louza/mm-repair/sdsl/encode.x /mnt/data/datasets/machine-learning-matrices-split/glove.csv.24.3.A.vc.C 
==== Integer vector .R compression
Command: /home/louza/mm-repair/sdsl/encode.x /mnt/data/datasets/machine-learning-matrices-split/glove.csv.24.3.A.vc.R 
Integer vector compression time: 0.0276
==== Ans-fold compression
Command: /home/louza/mm-repair/ans/encode.x /mnt/data/datasets/machine-learning-matrices-split/glove.csv.24.3.A.vc.C 
Command: /home/louza/mm-repair/ans/encode.x /mnt/data/datasets/machine-learning-matrices-split/glove.csv.24.3.B.vc
Ans-fold time: 11.3667
==== Integer vector .C compression
Command: /home/louza/mm-repair/sdsl/encode.x /mnt/data/datasets/machine-learning-matrices-split/glove.csv.24.4.A.vc.C 
==== Integer vector .R compression
Command: /home/louza/mm-repair/sdsl/encode.x /mnt/data/datasets/machine-learning-matrices-split/glove.csv.24.4.A.vc.R 
Integer vector compression time: 0.0256
==== Ans-fold compression
Command: /home/louza/mm-repair/ans/encode.x /mnt/data/datasets/machine-learning-matrices-split/glove.csv.24.4.A.vc.C 
Command: /home/louza/mm-repair/ans/encode.x /mnt/data/datasets/machine-learning-matrices-split/glove.csv.24.4.B.vc
Ans-fold time: 14.1345
==== Integer vector .C compression
Command: /home/louza/mm-repair/sdsl/encode.x /mnt/data/datasets/machine-learning-matrices-split/glove.csv.24.5.A.vc.C 
==== Integer vector .R compression
Command: /home/louza/mm-repair/sdsl/encode.x /mnt/data/datasets/machine-learning-matrices-split/glove.csv.24.5.A.vc.R 
Integer vector compression time: 0.0239
==== Ans-fold compression
Command: /home/louza/mm-repair/ans/encode.x /mnt/data/datasets/machine-learning-matrices-split/glove.csv.24.5.A.vc.C 
Command: /home/louza/mm-repair/ans/encode.x /mnt/data/datasets/machine-learning-matrices-split/glove.csv.24.5.B.vc
Ans-fold time: 16.9063
==== Integer vector .C compression
Command: /home/louza/mm-repair/sdsl/encode.x /mnt/data/datasets/machine-learning-matrices-split/glove.csv.24.6.A.vc.C 
==== Integer vector .R compression
Command: /home/louza/mm-repair/sdsl/encode.x /mnt/data/datasets/machine-learning-matrices-split/glove.csv.24.6.A.vc.R 
Integer vector compression time: 0.0666
==== Ans-fold compression
Command: /home/louza/mm-repair/ans/encode.x /mnt/data/datasets/machine-learning-matrices-split/glove.csv.24.6.A.vc.C 
Command: /home/louza/mm-repair/ans/encode.x /mnt/data/datasets/machine-learning-matrices-split/glove.csv.24.6.B.vc
Ans-fold time: 19.7343
==== Integer vector .C compression
Command: /home/louza/mm-repair/sdsl/encode.x /mnt/data/datasets/machine-learning-matrices-split/glove.csv.24.7.A.vc.C 
==== Integer vector .R compression
Command: /home/louza/mm-repair/sdsl/encode.x /mnt/data/datasets/machine-learning-matrices-split/glove.csv.24.7.A.vc.R 
Integer vector compression time: 0.0239
==== Ans-fold compression
Command: /home/louza/mm-repair/ans/encode.x /mnt/data/datasets/machine-learning-matrices-split/glove.csv.24.7.A.vc.C 
Command: /home/louza/mm-repair/ans/encode.x /mnt/data/datasets/machine-learning-matrices-split/glove.csv.24.7.B.vc
Ans-fold time: 23.0203
==== Integer vector .C compression
Command: /home/louza/mm-repair/sdsl/encode.x /mnt/data/datasets/machine-learning-matrices-split/glove.csv.24.8.A.vc.C 
==== Integer vector .R compression
Command: /home/louza/mm-repair/sdsl/encode.x /mnt/data/datasets/machine-learning-matrices-split/glove.csv.24.8.A.vc.R 
Integer vector compression time: 0.0254
==== Ans-fold compression
Command: /home/louza/mm-repair/ans/encode.x /mnt/data/datasets/machine-learning-matrices-split/glove.csv.24.8.A.vc.C 
Command: /home/louza/mm-repair/ans/encode.x /mnt/data/datasets/machine-learning-matrices-split/glove.csv.24.8.B.vc
Ans-fold time: 25.8653
==== Integer vector .C compression
Command: /home/louza/mm-repair/sdsl/encode.x /mnt/data/datasets/machine-learning-matrices-split/glove.csv.24.9.A.vc.C 
==== Integer vector .R compression
Command: /home/louza/mm-repair/sdsl/encode.x /mnt/data/datasets/machine-learning-matrices-split/glove.csv.24.9.A.vc.R 
Integer vector compression time: 0.0242
==== Ans-fold compression
Command: /home/louza/mm-repair/ans/encode.x /mnt/data/datasets/machine-learning-matrices-split/glove.csv.24.9.A.vc.C 
Command: /home/louza/mm-repair/ans/encode.x /mnt/data/datasets/machine-learning-matrices-split/glove.csv.24.9.B.vc
Ans-fold time: 28.7054
==== Integer vector .C compression
Command: /home/louza/mm-repair/sdsl/encode.x /mnt/data/datasets/machine-learning-matrices-split/glove.csv.24.10.A.vc.C 
==== Integer vector .R compression
Command: /home/louza/mm-repair/sdsl/encode.x /mnt/data/datasets/machine-learning-matrices-split/glove.csv.24.10.A.vc.R 
Integer vector compression time: 0.0232
==== Ans-fold compression
Command: /home/louza/mm-repair/ans/encode.x /mnt/data/datasets/machine-learning-matrices-split/glove.csv.24.10.A.vc.C 
Command: /home/louza/mm-repair/ans/encode.x /mnt/data/datasets/machine-learning-matrices-split/glove.csv.24.10.B.vc
Ans-fold time: 31.6265
==== Integer vector .C compression
Command: /home/louza/mm-repair/sdsl/encode.x /mnt/data/datasets/machine-learning-matrices-split/glove.csv.24.11.A.vc.C 
==== Integer vector .R compression
Command: /home/louza/mm-repair/sdsl/encode.x /mnt/data/datasets/machine-learning-matrices-split/glove.csv.24.11.A.vc.R 
Integer vector compression time: 0.0250
==== Ans-fold compression
Command: /home/louza/mm-repair/ans/encode.x /mnt/data/datasets/machine-learning-matrices-split/glove.csv.24.11.A.vc.C 
Command: /home/louza/mm-repair/ans/encode.x /mnt/data/datasets/machine-learning-matrices-split/glove.csv.24.11.B.vc
Ans-fold time: 34.4409
==== Integer vector .C compression
Command: /home/louza/mm-repair/sdsl/encode.x /mnt/data/datasets/machine-learning-matrices-split/glove.csv.24.12.A.vc.C 
==== Integer vector .R compression
Command: /home/louza/mm-repair/sdsl/encode.x /mnt/data/datasets/machine-learning-matrices-split/glove.csv.24.12.A.vc.R 
Integer vector compression time: 0.0269
==== Ans-fold compression
Command: /home/louza/mm-repair/ans/encode.x /mnt/data/datasets/machine-learning-matrices-split/glove.csv.24.12.A.vc.C 
Command: /home/louza/mm-repair/ans/encode.x /mnt/data/datasets/machine-learning-matrices-split/glove.csv.24.12.B.vc
Ans-fold time: 37.3098
==== Integer vector .C compression
Command: /home/louza/mm-repair/sdsl/encode.x /mnt/data/datasets/machine-learning-matrices-split/glove.csv.24.13.A.vc.C 
==== Integer vector .R compression
Command: /home/louza/mm-repair/sdsl/encode.x /mnt/data/datasets/machine-learning-matrices-split/glove.csv.24.13.A.vc.R 
Integer vector compression time: 0.0249
==== Ans-fold compression
Command: /home/louza/mm-repair/ans/encode.x /mnt/data/datasets/machine-learning-matrices-split/glove.csv.24.13.A.vc.C 
Command: /home/louza/mm-repair/ans/encode.x /mnt/data/datasets/machine-learning-matrices-split/glove.csv.24.13.B.vc
Ans-fold time: 40.1171
==== Integer vector .C compression
Command: /home/louza/mm-repair/sdsl/encode.x /mnt/data/datasets/machine-learning-matrices-split/glove.csv.24.14.A.vc.C 
==== Integer vector .R compression
Command: /home/louza/mm-repair/sdsl/encode.x /mnt/data/datasets/machine-learning-matrices-split/glove.csv.24.14.A.vc.R 
Integer vector compression time: 0.0240
==== Ans-fold compression
Command: /home/louza/mm-repair/ans/encode.x /mnt/data/datasets/machine-learning-matrices-split/glove.csv.24.14.A.vc.C 
Command: /home/louza/mm-repair/ans/encode.x /mnt/data/datasets/machine-learning-matrices-split/glove.csv.24.14.B.vc
Ans-fold time: 43.0982
==== Integer vector .C compression
Command: /home/louza/mm-repair/sdsl/encode.x /mnt/data/datasets/machine-learning-matrices-split/glove.csv.24.15.A.vc.C 
==== Integer vector .R compression
Command: /home/louza/mm-repair/sdsl/encode.x /mnt/data/datasets/machine-learning-matrices-split/glove.csv.24.15.A.vc.R 
Integer vector compression time: 0.0247
==== Ans-fold compression
Command: /home/louza/mm-repair/ans/encode.x /mnt/data/datasets/machine-learning-matrices-split/glove.csv.24.15.A.vc.C 
Command: /home/louza/mm-repair/ans/encode.x /mnt/data/datasets/machine-learning-matrices-split/glove.csv.24.15.B.vc
Ans-fold time: 45.9250
==== Integer vector .C compression
Command: /home/louza/mm-repair/sdsl/encode.x /mnt/data/datasets/machine-learning-matrices-split/glove.csv.24.16.A.vc.C 
==== Integer vector .R compression
Command: /home/louza/mm-repair/sdsl/encode.x /mnt/data/datasets/machine-learning-matrices-split/glove.csv.24.16.A.vc.R 
Integer vector compression time: 0.0269
==== Ans-fold compression
Command: /home/louza/mm-repair/ans/encode.x /mnt/data/datasets/machine-learning-matrices-split/glove.csv.24.16.A.vc.C 
Command: /home/louza/mm-repair/ans/encode.x /mnt/data/datasets/machine-learning-matrices-split/glove.csv.24.16.B.vc
Ans-fold time: 48.9093
==== Integer vector .C compression
Command: /home/louza/mm-repair/sdsl/encode.x /mnt/data/datasets/machine-learning-matrices-split/glove.csv.24.17.A.vc.C 
==== Integer vector .R compression
Command: /home/louza/mm-repair/sdsl/encode.x /mnt/data/datasets/machine-learning-matrices-split/glove.csv.24.17.A.vc.R 
Integer vector compression time: 0.0420
==== Ans-fold compression
Command: /home/louza/mm-repair/ans/encode.x /mnt/data/datasets/machine-learning-matrices-split/glove.csv.24.17.A.vc.C 
Command: /home/louza/mm-repair/ans/encode.x /mnt/data/datasets/machine-learning-matrices-split/glove.csv.24.17.B.vc
Ans-fold time: 51.7526
==== Integer vector .C compression
Command: /home/louza/mm-repair/sdsl/encode.x /mnt/data/datasets/machine-learning-matrices-split/glove.csv.24.18.A.vc.C 
==== Integer vector .R compression
Command: /home/louza/mm-repair/sdsl/encode.x /mnt/data/datasets/machine-learning-matrices-split/glove.csv.24.18.A.vc.R 
Integer vector compression time: 0.0251
==== Ans-fold compression
Command: /home/louza/mm-repair/ans/encode.x /mnt/data/datasets/machine-learning-matrices-split/glove.csv.24.18.A.vc.C 
Command: /home/louza/mm-repair/ans/encode.x /mnt/data/datasets/machine-learning-matrices-split/glove.csv.24.18.B.vc
Ans-fold time: 54.5085
==== Integer vector .C compression
Command: /home/louza/mm-repair/sdsl/encode.x /mnt/data/datasets/machine-learning-matrices-split/glove.csv.24.19.A.vc.C 
==== Integer vector .R compression
Command: /home/louza/mm-repair/sdsl/encode.x /mnt/data/datasets/machine-learning-matrices-split/glove.csv.24.19.A.vc.R 
Integer vector compression time: 0.0276
==== Ans-fold compression
Command: /home/louza/mm-repair/ans/encode.x /mnt/data/datasets/machine-learning-matrices-split/glove.csv.24.19.A.vc.C 
Command: /home/louza/mm-repair/ans/encode.x /mnt/data/datasets/machine-learning-matrices-split/glove.csv.24.19.B.vc
Ans-fold time: 57.2704
==== Integer vector .C compression
Command: /home/louza/mm-repair/sdsl/encode.x /mnt/data/datasets/machine-learning-matrices-split/glove.csv.24.20.A.vc.C 
==== Integer vector .R compression
Command: /home/louza/mm-repair/sdsl/encode.x /mnt/data/datasets/machine-learning-matrices-split/glove.csv.24.20.A.vc.R 
Integer vector compression time: 0.0259
==== Ans-fold compression
Command: /home/louza/mm-repair/ans/encode.x /mnt/data/datasets/machine-learning-matrices-split/glove.csv.24.20.A.vc.C 
Command: /home/louza/mm-repair/ans/encode.x /mnt/data/datasets/machine-learning-matrices-split/glove.csv.24.20.B.vc
Ans-fold time: 60.0899
==== Integer vector .C compression
Command: /home/louza/mm-repair/sdsl/encode.x /mnt/data/datasets/machine-learning-matrices-split/glove.csv.24.21.A.vc.C 
==== Integer vector .R compression
Command: /home/louza/mm-repair/sdsl/encode.x /mnt/data/datasets/machine-learning-matrices-split/glove.csv.24.21.A.vc.R 
Integer vector compression time: 0.0255
==== Ans-fold compression
Command: /home/louza/mm-repair/ans/encode.x /mnt/data/datasets/machine-learning-matrices-split/glove.csv.24.21.A.vc.C 
Command: /home/louza/mm-repair/ans/encode.x /mnt/data/datasets/machine-learning-matrices-split/glove.csv.24.21.B.vc
Ans-fold time: 62.8758
==== Integer vector .C compression
Command: /home/louza/mm-repair/sdsl/encode.x /mnt/data/datasets/machine-learning-matrices-split/glove.csv.24.22.A.vc.C 
==== Integer vector .R compression
Command: /home/louza/mm-repair/sdsl/encode.x /mnt/data/datasets/machine-learning-matrices-split/glove.csv.24.22.A.vc.R 
Integer vector compression time: 0.0265
==== Ans-fold compression
Command: /home/louza/mm-repair/ans/encode.x /mnt/data/datasets/machine-learning-matrices-split/glove.csv.24.22.A.vc.C 
Command: /home/louza/mm-repair/ans/encode.x /mnt/data/datasets/machine-learning-matrices-split/glove.csv.24.22.B.vc
Ans-fold time: 66.0566
==== Integer vector .C compression
Command: /home/louza/mm-repair/sdsl/encode.x /mnt/data/datasets/machine-learning-matrices-split/glove.csv.24.23.A.vc.C 
==== Integer vector .R compression
Command: /home/louza/mm-repair/sdsl/encode.x /mnt/data/datasets/machine-learning-matrices-split/glove.csv.24.23.A.vc.R 
Integer vector compression time: 0.0268
==== Ans-fold compression
Command: /home/louza/mm-repair/ans/encode.x /mnt/data/datasets/machine-learning-matrices-split/glove.csv.24.23.A.vc.C 
Command: /home/louza/mm-repair/ans/encode.x /mnt/data/datasets/machine-learning-matrices-split/glove.csv.24.23.B.vc
Ans-fold time: 69.6672
Command: /home/louza/mm-repair/ans/encode.x /mnt/data/datasets/machine-learning-matrices-split/glove.csv.wcode 
Elapsed time: 1058.0255
==== Compression Report:
 >> matrix name: /mnt/data/datasets/machine-learning-matrices-split/glove.csv
 >> conversion time: 986.11
 >> repair time: 0.05
 >> integer vectors time: 0.03
 >> ansf time: 69.67
 >> total time: 1058.03
 >> wcode: 226590916 bytes
 >> wcode_ans: 16430594 bytes
 >> matrix log(alpha)xNumEntries size: 300000000 bytes
 >> matrix dense size: 960000000 bytes
 >> total number of nonzero: 0 (0.00%)
 >> number of distinct nonzero: 717119
 >> CRSV  size: 7336952 bytes  (0.76%)
 >> B	  size: 481600000 bytes  (50.17%)
 >> B_ans size: 387151887 bytes  (40.33%)
 >> RE32  size: 621079851 bytes  (64.70%)
 >> REIV  size: 619530491 bytes  (64.53%)
 >> REANS size: 409320945 bytes  (42.64%)
==== Done

#### 2026-09-09 21:47:43
 Command line: ./mm-repair/matrepair -r -b 24 -p 24 /mnt/data/datasets/machine-learning-matrices-split/glove.csv 400000 300 --ole --mapping --split 
Setting memory for each repair instance to 19335 MBs
Sending logging messages to file: /mnt/data/datasets/machine-learning-matrices-split/glove.csv.log
==== Conversion bin/csv->csrv
Command: /home/louza/mm-repair/csvmat2csrv -b 24   /mnt/data/datasets/machine-learning-matrices-split/glove.csv -r 0 -m -s 400000 300
Conversion time: 1051.0134
==== Repair paralell compression
---- Executing 24 parallel processes
---- Parallel processing completed
Repair time: 0.0599
==== Integer vector .C compression
Command: /home/louza/mm-repair/sdsl/encode.x /mnt/data/datasets/machine-learning-matrices-split/glove.csv.24.0.A.vc.C 
==== Integer vector .R compression
Command: /home/louza/mm-repair/sdsl/encode.x /mnt/data/datasets/machine-learning-matrices-split/glove.csv.24.0.A.vc.R 
Integer vector compression time: 0.0233
==== OLE
Command: /home/louza/mm-repair/ole/encode.x /mnt/data/datasets/machine-learning-matrices-split/glove.csv.24.0.A.vc.C 
Command: /home/louza/mm-repair/ole/encode.x /mnt/data/datasets/machine-learning-matrices-split/glove.csv.24.0.B.vc 
OLE time: 0.1550
==== Ans-fold compression
Command: /home/louza/mm-repair/ans/encode.x /mnt/data/datasets/machine-learning-matrices-split/glove.csv.24.0.A.vc.C 
Command: /home/louza/mm-repair/ans/encode.x /mnt/data/datasets/machine-learning-matrices-split/glove.csv.24.0.B.vc
Ans-fold time: 0.5482
==== Integer vector .C compression
Command: /home/louza/mm-repair/sdsl/encode.x /mnt/data/datasets/machine-learning-matrices-split/glove.csv.24.1.A.vc.C 
==== Integer vector .R compression
Command: /home/louza/mm-repair/sdsl/encode.x /mnt/data/datasets/machine-learning-matrices-split/glove.csv.24.1.A.vc.R 
Integer vector compression time: 0.0242
==== OLE
Command: /home/louza/mm-repair/ole/encode.x /mnt/data/datasets/machine-learning-matrices-split/glove.csv.24.1.A.vc.C 
Command: /home/louza/mm-repair/ole/encode.x /mnt/data/datasets/machine-learning-matrices-split/glove.csv.24.1.B.vc 
OLE time: 0.2534
==== Ans-fold compression
Command: /home/louza/mm-repair/ans/encode.x /mnt/data/datasets/machine-learning-matrices-split/glove.csv.24.1.A.vc.C 
Command: /home/louza/mm-repair/ans/encode.x /mnt/data/datasets/machine-learning-matrices-split/glove.csv.24.1.B.vc
Ans-fold time: 1.2510
==== Integer vector .C compression
Command: /home/louza/mm-repair/sdsl/encode.x /mnt/data/datasets/machine-learning-matrices-split/glove.csv.24.2.A.vc.C 
==== Integer vector .R compression
Command: /home/louza/mm-repair/sdsl/encode.x /mnt/data/datasets/machine-learning-matrices-split/glove.csv.24.2.A.vc.R 
Integer vector compression time: 0.0244
==== OLE
Command: /home/louza/mm-repair/ole/encode.x /mnt/data/datasets/machine-learning-matrices-split/glove.csv.24.2.A.vc.C 
Command: /home/louza/mm-repair/ole/encode.x /mnt/data/datasets/machine-learning-matrices-split/glove.csv.24.2.B.vc 
OLE time: 0.1485
==== Ans-fold compression
Command: /home/louza/mm-repair/ans/encode.x /mnt/data/datasets/machine-learning-matrices-split/glove.csv.24.2.A.vc.C 
Command: /home/louza/mm-repair/ans/encode.x /mnt/data/datasets/machine-learning-matrices-split/glove.csv.24.2.B.vc
Ans-fold time: 1.8147
==== Integer vector .C compression
Command: /home/louza/mm-repair/sdsl/encode.x /mnt/data/datasets/machine-learning-matrices-split/glove.csv.24.3.A.vc.C 
==== Integer vector .R compression
Command: /home/louza/mm-repair/sdsl/encode.x /mnt/data/datasets/machine-learning-matrices-split/glove.csv.24.3.A.vc.R 
Integer vector compression time: 0.0212
==== OLE
Command: /home/louza/mm-repair/ole/encode.x /mnt/data/datasets/machine-learning-matrices-split/glove.csv.24.3.A.vc.C 
Command: /home/louza/mm-repair/ole/encode.x /mnt/data/datasets/machine-learning-matrices-split/glove.csv.24.3.B.vc 
OLE time: 0.1968
==== Ans-fold compression
Command: /home/louza/mm-repair/ans/encode.x /mnt/data/datasets/machine-learning-matrices-split/glove.csv.24.3.A.vc.C 
Command: /home/louza/mm-repair/ans/encode.x /mnt/data/datasets/machine-learning-matrices-split/glove.csv.24.3.B.vc
Ans-fold time: 2.5068
==== Integer vector .C compression
Command: /home/louza/mm-repair/sdsl/encode.x /mnt/data/datasets/machine-learning-matrices-split/glove.csv.24.4.A.vc.C 
==== Integer vector .R compression
Command: /home/louza/mm-repair/sdsl/encode.x /mnt/data/datasets/machine-learning-matrices-split/glove.csv.24.4.A.vc.R 
Integer vector compression time: 0.0251
==== OLE
Command: /home/louza/mm-repair/ole/encode.x /mnt/data/datasets/machine-learning-matrices-split/glove.csv.24.4.A.vc.C 
Command: /home/louza/mm-repair/ole/encode.x /mnt/data/datasets/machine-learning-matrices-split/glove.csv.24.4.B.vc 
OLE time: 0.1988
==== Ans-fold compression
Command: /home/louza/mm-repair/ans/encode.x /mnt/data/datasets/machine-learning-matrices-split/glove.csv.24.4.A.vc.C 
Command: /home/louza/mm-repair/ans/encode.x /mnt/data/datasets/machine-learning-matrices-split/glove.csv.24.4.B.vc
Ans-fold time: 3.3004
==== Integer vector .C compression
Command: /home/louza/mm-repair/sdsl/encode.x /mnt/data/datasets/machine-learning-matrices-split/glove.csv.24.5.A.vc.C 
==== Integer vector .R compression
Command: /home/louza/mm-repair/sdsl/encode.x /mnt/data/datasets/machine-learning-matrices-split/glove.csv.24.5.A.vc.R 
Integer vector compression time: 0.0269
==== OLE
Command: /home/louza/mm-repair/ole/encode.x /mnt/data/datasets/machine-learning-matrices-split/glove.csv.24.5.A.vc.C 
Command: /home/louza/mm-repair/ole/encode.x /mnt/data/datasets/machine-learning-matrices-split/glove.csv.24.5.B.vc 
OLE time: 0.1802
==== Ans-fold compression
Command: /home/louza/mm-repair/ans/encode.x /mnt/data/datasets/machine-learning-matrices-split/glove.csv.24.5.A.vc.C 
Command: /home/louza/mm-repair/ans/encode.x /mnt/data/datasets/machine-learning-matrices-split/glove.csv.24.5.B.vc
Ans-fold time: 3.8837
==== Integer vector .C compression
Command: /home/louza/mm-repair/sdsl/encode.x /mnt/data/datasets/machine-learning-matrices-split/glove.csv.24.6.A.vc.C 
==== Integer vector .R compression
Command: /home/louza/mm-repair/sdsl/encode.x /mnt/data/datasets/machine-learning-matrices-split/glove.csv.24.6.A.vc.R 
Integer vector compression time: 0.0239
==== OLE
Command: /home/louza/mm-repair/ole/encode.x /mnt/data/datasets/machine-learning-matrices-split/glove.csv.24.6.A.vc.C 
Command: /home/louza/mm-repair/ole/encode.x /mnt/data/datasets/machine-learning-matrices-split/glove.csv.24.6.B.vc 
OLE time: 0.3267
==== Ans-fold compression
Command: /home/louza/mm-repair/ans/encode.x /mnt/data/datasets/machine-learning-matrices-split/glove.csv.24.6.A.vc.C 
Command: /home/louza/mm-repair/ans/encode.x /mnt/data/datasets/machine-learning-matrices-split/glove.csv.24.6.B.vc
Ans-fold time: 4.4791
==== Integer vector .C compression
Command: /home/louza/mm-repair/sdsl/encode.x /mnt/data/datasets/machine-learning-matrices-split/glove.csv.24.7.A.vc.C 
==== Integer vector .R compression
Command: /home/louza/mm-repair/sdsl/encode.x /mnt/data/datasets/machine-learning-matrices-split/glove.csv.24.7.A.vc.R 
Integer vector compression time: 0.0316
==== OLE
Command: /home/louza/mm-repair/ole/encode.x /mnt/data/datasets/machine-learning-matrices-split/glove.csv.24.7.A.vc.C 
Command: /home/louza/mm-repair/ole/encode.x /mnt/data/datasets/machine-learning-matrices-split/glove.csv.24.7.B.vc 
OLE time: 0.1620
==== Ans-fold compression
Command: /home/louza/mm-repair/ans/encode.x /mnt/data/datasets/machine-learning-matrices-split/glove.csv.24.7.A.vc.C 
Command: /home/louza/mm-repair/ans/encode.x /mnt/data/datasets/machine-learning-matrices-split/glove.csv.24.7.B.vc
Ans-fold time: 5.1005
==== Integer vector .C compression
Command: /home/louza/mm-repair/sdsl/encode.x /mnt/data/datasets/machine-learning-matrices-split/glove.csv.24.8.A.vc.C 
==== Integer vector .R compression
Command: /home/louza/mm-repair/sdsl/encode.x /mnt/data/datasets/machine-learning-matrices-split/glove.csv.24.8.A.vc.R 
Integer vector compression time: 0.0278
==== OLE
Command: /home/louza/mm-repair/ole/encode.x /mnt/data/datasets/machine-learning-matrices-split/glove.csv.24.8.A.vc.C 
Command: /home/louza/mm-repair/ole/encode.x /mnt/data/datasets/machine-learning-matrices-split/glove.csv.24.8.B.vc 
OLE time: 0.1413
==== Ans-fold compression
Command: /home/louza/mm-repair/ans/encode.x /mnt/data/datasets/machine-learning-matrices-split/glove.csv.24.8.A.vc.C 
Command: /home/louza/mm-repair/ans/encode.x /mnt/data/datasets/machine-learning-matrices-split/glove.csv.24.8.B.vc
Ans-fold time: 5.8820
==== Integer vector .C compression
Command: /home/louza/mm-repair/sdsl/encode.x /mnt/data/datasets/machine-learning-matrices-split/glove.csv.24.9.A.vc.C 
==== Integer vector .R compression
Command: /home/louza/mm-repair/sdsl/encode.x /mnt/data/datasets/machine-learning-matrices-split/glove.csv.24.9.A.vc.R 
Integer vector compression time: 0.0276
==== OLE
Command: /home/louza/mm-repair/ole/encode.x /mnt/data/datasets/machine-learning-matrices-split/glove.csv.24.9.A.vc.C 
Command: /home/louza/mm-repair/ole/encode.x /mnt/data/datasets/machine-learning-matrices-split/glove.csv.24.9.B.vc 
OLE time: 0.1613
==== Ans-fold compression
Command: /home/louza/mm-repair/ans/encode.x /mnt/data/datasets/machine-learning-matrices-split/glove.csv.24.9.A.vc.C 
Command: /home/louza/mm-repair/ans/encode.x /mnt/data/datasets/machine-learning-matrices-split/glove.csv.24.9.B.vc
Ans-fold time: 6.4550
==== Integer vector .C compression
Command: /home/louza/mm-repair/sdsl/encode.x /mnt/data/datasets/machine-learning-matrices-split/glove.csv.24.10.A.vc.C 
==== Integer vector .R compression
Command: /home/louza/mm-repair/sdsl/encode.x /mnt/data/datasets/machine-learning-matrices-split/glove.csv.24.10.A.vc.R 
Integer vector compression time: 0.0580
==== OLE
Command: /home/louza/mm-repair/ole/encode.x /mnt/data/datasets/machine-learning-matrices-split/glove.csv.24.10.A.vc.C 
Command: /home/louza/mm-repair/ole/encode.x /mnt/data/datasets/machine-learning-matrices-split/glove.csv.24.10.B.vc 
OLE time: 0.4353
==== Ans-fold compression
Command: /home/louza/mm-repair/ans/encode.x /mnt/data/datasets/machine-learning-matrices-split/glove.csv.24.10.A.vc.C 
Command: /home/louza/mm-repair/ans/encode.x /mnt/data/datasets/machine-learning-matrices-split/glove.csv.24.10.B.vc
Ans-fold time: 7.0903
==== Integer vector .C compression
Command: /home/louza/mm-repair/sdsl/encode.x /mnt/data/datasets/machine-learning-matrices-split/glove.csv.24.11.A.vc.C 
==== Integer vector .R compression
Command: /home/louza/mm-repair/sdsl/encode.x /mnt/data/datasets/machine-learning-matrices-split/glove.csv.24.11.A.vc.R 
Integer vector compression time: 0.0260
==== OLE
Command: /home/louza/mm-repair/ole/encode.x /mnt/data/datasets/machine-learning-matrices-split/glove.csv.24.11.A.vc.C 
Command: /home/louza/mm-repair/ole/encode.x /mnt/data/datasets/machine-learning-matrices-split/glove.csv.24.11.B.vc 
OLE time: 0.1765
==== Ans-fold compression
Command: /home/louza/mm-repair/ans/encode.x /mnt/data/datasets/machine-learning-matrices-split/glove.csv.24.11.A.vc.C 
Command: /home/louza/mm-repair/ans/encode.x /mnt/data/datasets/machine-learning-matrices-split/glove.csv.24.11.B.vc
Ans-fold time: 7.7437
==== Integer vector .C compression
Command: /home/louza/mm-repair/sdsl/encode.x /mnt/data/datasets/machine-learning-matrices-split/glove.csv.24.12.A.vc.C 
==== Integer vector .R compression
Command: /home/louza/mm-repair/sdsl/encode.x /mnt/data/datasets/machine-learning-matrices-split/glove.csv.24.12.A.vc.R 
Integer vector compression time: 0.0259
==== OLE
Command: /home/louza/mm-repair/ole/encode.x /mnt/data/datasets/machine-learning-matrices-split/glove.csv.24.12.A.vc.C 
Command: /home/louza/mm-repair/ole/encode.x /mnt/data/datasets/machine-learning-matrices-split/glove.csv.24.12.B.vc 
OLE time: 0.3120
==== Ans-fold compression
Command: /home/louza/mm-repair/ans/encode.x /mnt/data/datasets/machine-learning-matrices-split/glove.csv.24.12.A.vc.C 
Command: /home/louza/mm-repair/ans/encode.x /mnt/data/datasets/machine-learning-matrices-split/glove.csv.24.12.B.vc
Ans-fold time: 8.4839
==== Integer vector .C compression
Command: /home/louza/mm-repair/sdsl/encode.x /mnt/data/datasets/machine-learning-matrices-split/glove.csv.24.13.A.vc.C 
==== Integer vector .R compression
Command: /home/louza/mm-repair/sdsl/encode.x /mnt/data/datasets/machine-learning-matrices-split/glove.csv.24.13.A.vc.R 
Integer vector compression time: 0.0395
==== OLE
Command: /home/louza/mm-repair/ole/encode.x /mnt/data/datasets/machine-learning-matrices-split/glove.csv.24.13.A.vc.C 
Command: /home/louza/mm-repair/ole/encode.x /mnt/data/datasets/machine-learning-matrices-split/glove.csv.24.13.B.vc 
OLE time: 0.1818
==== Ans-fold compression
Command: /home/louza/mm-repair/ans/encode.x /mnt/data/datasets/machine-learning-matrices-split/glove.csv.24.13.A.vc.C 
Command: /home/louza/mm-repair/ans/encode.x /mnt/data/datasets/machine-learning-matrices-split/glove.csv.24.13.B.vc
Ans-fold time: 9.1297
==== Integer vector .C compression
Command: /home/louza/mm-repair/sdsl/encode.x /mnt/data/datasets/machine-learning-matrices-split/glove.csv.24.14.A.vc.C 
==== Integer vector .R compression
Command: /home/louza/mm-repair/sdsl/encode.x /mnt/data/datasets/machine-learning-matrices-split/glove.csv.24.14.A.vc.R 
Integer vector compression time: 0.0244
==== OLE
Command: /home/louza/mm-repair/ole/encode.x /mnt/data/datasets/machine-learning-matrices-split/glove.csv.24.14.A.vc.C 
Command: /home/louza/mm-repair/ole/encode.x /mnt/data/datasets/machine-learning-matrices-split/glove.csv.24.14.B.vc 
OLE time: 0.1814
==== Ans-fold compression
Command: /home/louza/mm-repair/ans/encode.x /mnt/data/datasets/machine-learning-matrices-split/glove.csv.24.14.A.vc.C 
Command: /home/louza/mm-repair/ans/encode.x /mnt/data/datasets/machine-learning-matrices-split/glove.csv.24.14.B.vc
Ans-fold time: 9.7584
==== Integer vector .C compression
Command: /home/louza/mm-repair/sdsl/encode.x /mnt/data/datasets/machine-learning-matrices-split/glove.csv.24.15.A.vc.C 
==== Integer vector .R compression
Command: /home/louza/mm-repair/sdsl/encode.x /mnt/data/datasets/machine-learning-matrices-split/glove.csv.24.15.A.vc.R 
Integer vector compression time: 0.0275
==== OLE
Command: /home/louza/mm-repair/ole/encode.x /mnt/data/datasets/machine-learning-matrices-split/glove.csv.24.15.A.vc.C 
Command: /home/louza/mm-repair/ole/encode.x /mnt/data/datasets/machine-learning-matrices-split/glove.csv.24.15.B.vc 
OLE time: 0.1927
==== Ans-fold compression
Command: /home/louza/mm-repair/ans/encode.x /mnt/data/datasets/machine-learning-matrices-split/glove.csv.24.15.A.vc.C 
Command: /home/louza/mm-repair/ans/encode.x /mnt/data/datasets/machine-learning-matrices-split/glove.csv.24.15.B.vc
Ans-fold time: 10.5086
==== Integer vector .C compression
Command: /home/louza/mm-repair/sdsl/encode.x /mnt/data/datasets/machine-learning-matrices-split/glove.csv.24.16.A.vc.C 
==== Integer vector .R compression
Command: /home/louza/mm-repair/sdsl/encode.x /mnt/data/datasets/machine-learning-matrices-split/glove.csv.24.16.A.vc.R 
Integer vector compression time: 0.0250
==== OLE
Command: /home/louza/mm-repair/ole/encode.x /mnt/data/datasets/machine-learning-matrices-split/glove.csv.24.16.A.vc.C 
Command: /home/louza/mm-repair/ole/encode.x /mnt/data/datasets/machine-learning-matrices-split/glove.csv.24.16.B.vc 
OLE time: 0.3381
==== Ans-fold compression
Command: /home/louza/mm-repair/ans/encode.x /mnt/data/datasets/machine-learning-matrices-split/glove.csv.24.16.A.vc.C 
Command: /home/louza/mm-repair/ans/encode.x /mnt/data/datasets/machine-learning-matrices-split/glove.csv.24.16.B.vc
Ans-fold time: 11.1892
==== Integer vector .C compression
Command: /home/louza/mm-repair/sdsl/encode.x /mnt/data/datasets/machine-learning-matrices-split/glove.csv.24.17.A.vc.C 
==== Integer vector .R compression
Command: /home/louza/mm-repair/sdsl/encode.x /mnt/data/datasets/machine-learning-matrices-split/glove.csv.24.17.A.vc.R 
Integer vector compression time: 0.0268
==== OLE
Command: /home/louza/mm-repair/ole/encode.x /mnt/data/datasets/machine-learning-matrices-split/glove.csv.24.17.A.vc.C 
Command: /home/louza/mm-repair/ole/encode.x /mnt/data/datasets/machine-learning-matrices-split/glove.csv.24.17.B.vc 
OLE time: 0.1655
==== Ans-fold compression
Command: /home/louza/mm-repair/ans/encode.x /mnt/data/datasets/machine-learning-matrices-split/glove.csv.24.17.A.vc.C 
Command: /home/louza/mm-repair/ans/encode.x /mnt/data/datasets/machine-learning-matrices-split/glove.csv.24.17.B.vc
Ans-fold time: 11.8160
==== Integer vector .C compression
Command: /home/louza/mm-repair/sdsl/encode.x /mnt/data/datasets/machine-learning-matrices-split/glove.csv.24.18.A.vc.C 
==== Integer vector .R compression
Command: /home/louza/mm-repair/sdsl/encode.x /mnt/data/datasets/machine-learning-matrices-split/glove.csv.24.18.A.vc.R 
Integer vector compression time: 0.0244
==== OLE
Command: /home/louza/mm-repair/ole/encode.x /mnt/data/datasets/machine-learning-matrices-split/glove.csv.24.18.A.vc.C 
Command: /home/louza/mm-repair/ole/encode.x /mnt/data/datasets/machine-learning-matrices-split/glove.csv.24.18.B.vc 
OLE time: 0.1597
==== Ans-fold compression
Command: /home/louza/mm-repair/ans/encode.x /mnt/data/datasets/machine-learning-matrices-split/glove.csv.24.18.A.vc.C 
Command: /home/louza/mm-repair/ans/encode.x /mnt/data/datasets/machine-learning-matrices-split/glove.csv.24.18.B.vc
Ans-fold time: 12.4658
==== Integer vector .C compression
Command: /home/louza/mm-repair/sdsl/encode.x /mnt/data/datasets/machine-learning-matrices-split/glove.csv.24.19.A.vc.C 
==== Integer vector .R compression
Command: /home/louza/mm-repair/sdsl/encode.x /mnt/data/datasets/machine-learning-matrices-split/glove.csv.24.19.A.vc.R 
Integer vector compression time: 0.0241
==== OLE
Command: /home/louza/mm-repair/ole/encode.x /mnt/data/datasets/machine-learning-matrices-split/glove.csv.24.19.A.vc.C 
Command: /home/louza/mm-repair/ole/encode.x /mnt/data/datasets/machine-learning-matrices-split/glove.csv.24.19.B.vc 
OLE time: 0.1625
==== Ans-fold compression
Command: /home/louza/mm-repair/ans/encode.x /mnt/data/datasets/machine-learning-matrices-split/glove.csv.24.19.A.vc.C 
Command: /home/louza/mm-repair/ans/encode.x /mnt/data/datasets/machine-learning-matrices-split/glove.csv.24.19.B.vc
Ans-fold time: 13.0664
==== Integer vector .C compression
Command: /home/louza/mm-repair/sdsl/encode.x /mnt/data/datasets/machine-learning-matrices-split/glove.csv.24.20.A.vc.C 
==== Integer vector .R compression
Command: /home/louza/mm-repair/sdsl/encode.x /mnt/data/datasets/machine-learning-matrices-split/glove.csv.24.20.A.vc.R 
Integer vector compression time: 0.0259
==== OLE
Command: /home/louza/mm-repair/ole/encode.x /mnt/data/datasets/machine-learning-matrices-split/glove.csv.24.20.A.vc.C 
Command: /home/louza/mm-repair/ole/encode.x /mnt/data/datasets/machine-learning-matrices-split/glove.csv.24.20.B.vc 
OLE time: 0.1917
==== Ans-fold compression
Command: /home/louza/mm-repair/ans/encode.x /mnt/data/datasets/machine-learning-matrices-split/glove.csv.24.20.A.vc.C 
Command: /home/louza/mm-repair/ans/encode.x /mnt/data/datasets/machine-learning-matrices-split/glove.csv.24.20.B.vc
Ans-fold time: 13.7023
==== Integer vector .C compression
Command: /home/louza/mm-repair/sdsl/encode.x /mnt/data/datasets/machine-learning-matrices-split/glove.csv.24.21.A.vc.C 
==== Integer vector .R compression
Command: /home/louza/mm-repair/sdsl/encode.x /mnt/data/datasets/machine-learning-matrices-split/glove.csv.24.21.A.vc.R 
Integer vector compression time: 0.0277
==== OLE
Command: /home/louza/mm-repair/ole/encode.x /mnt/data/datasets/machine-learning-matrices-split/glove.csv.24.21.A.vc.C 
Command: /home/louza/mm-repair/ole/encode.x /mnt/data/datasets/machine-learning-matrices-split/glove.csv.24.21.B.vc 
OLE time: 0.1715
==== Ans-fold compression
Command: /home/louza/mm-repair/ans/encode.x /mnt/data/datasets/machine-learning-matrices-split/glove.csv.24.21.A.vc.C 
Command: /home/louza/mm-repair/ans/encode.x /mnt/data/datasets/machine-learning-matrices-split/glove.csv.24.21.B.vc
Ans-fold time: 14.4376
==== Integer vector .C compression
Command: /home/louza/mm-repair/sdsl/encode.x /mnt/data/datasets/machine-learning-matrices-split/glove.csv.24.22.A.vc.C 
==== Integer vector .R compression
Command: /home/louza/mm-repair/sdsl/encode.x /mnt/data/datasets/machine-learning-matrices-split/glove.csv.24.22.A.vc.R 
Integer vector compression time: 0.0264
==== OLE
Command: /home/louza/mm-repair/ole/encode.x /mnt/data/datasets/machine-learning-matrices-split/glove.csv.24.22.A.vc.C 
Command: /home/louza/mm-repair/ole/encode.x /mnt/data/datasets/machine-learning-matrices-split/glove.csv.24.22.B.vc 
OLE time: 0.1708
==== Ans-fold compression
Command: /home/louza/mm-repair/ans/encode.x /mnt/data/datasets/machine-learning-matrices-split/glove.csv.24.22.A.vc.C 
Command: /home/louza/mm-repair/ans/encode.x /mnt/data/datasets/machine-learning-matrices-split/glove.csv.24.22.B.vc
Ans-fold time: 15.0814
==== Integer vector .C compression
Command: /home/louza/mm-repair/sdsl/encode.x /mnt/data/datasets/machine-learning-matrices-split/glove.csv.24.23.A.vc.C 
==== Integer vector .R compression
Command: /home/louza/mm-repair/sdsl/encode.x /mnt/data/datasets/machine-learning-matrices-split/glove.csv.24.23.A.vc.R 
Integer vector compression time: 0.0287
==== OLE
Command: /home/louza/mm-repair/ole/encode.x /mnt/data/datasets/machine-learning-matrices-split/glove.csv.24.23.A.vc.C 
Command: /home/louza/mm-repair/ole/encode.x /mnt/data/datasets/machine-learning-matrices-split/glove.csv.24.23.B.vc 
OLE time: 0.3435
==== Ans-fold compression
Command: /home/louza/mm-repair/ans/encode.x /mnt/data/datasets/machine-learning-matrices-split/glove.csv.24.23.A.vc.C 
Command: /home/louza/mm-repair/ans/encode.x /mnt/data/datasets/machine-learning-matrices-split/glove.csv.24.23.B.vc
Ans-fold time: 15.8062
Command: /home/louza/mm-repair/ans/encode.x /mnt/data/datasets/machine-learning-matrices-split/glove.csv.wcode 
Elapsed time: 1074.8295
==== Compression Report:
 >> matrix name: /mnt/data/datasets/machine-learning-matrices-split/glove.csv
 >> conversion time: 1051.01
 >> repair time: 0.06
 >> integer vectors time: 0.03
 >> ansf time: 15.81
 >> total time: 1074.83
 >> wcode: 226590916 bytes
 >> wcode_ans: 16430594 bytes
 >> matrix log(alpha)xNumEntries size: 300000000 bytes
 >> matrix dense size: 960000000 bytes
 >> total number of nonzero: 0 (0.00%)
 >> number of distinct nonzero: 717119
 >> CRSV  size: 7336952 bytes  (0.76%)
 >> B	  size: 481600000 bytes  (50.17%)
 >> B_ans size: 284467006 bytes  (29.63%)
 >> RE32  size: 518394970 bytes  (54.00%)
 >> REIV  size: 516845610 bytes  (53.84%)
 >> REANS size: 306636064 bytes  (31.94%)
==== Done
