REANS -b 1

#### 2026-09-03 09:51:57
 Command line: ./mm-repair/matrepair -r -b 1 -p 1 /mnt/data/datasets/machine-learning-matrices-split/census.csv 2458285 68 
Setting memory for each repair instance to 464053 MBs
Sending logging messages to file: /mnt/data/datasets/machine-learning-matrices-split/census.csv.log
==== Conversion bin/csv->csrv
Command: /home/louza/mm-repair/csvmat2csrv -b 1   /mnt/data/datasets/machine-learning-matrices-split/census.csv -r 0   2458285 68
Conversion time: 7.8523
==== Repair compression
Command: /home/louza/mm-repair/brepair/irepair0 /mnt/data/datasets/machine-learning-matrices-split/census.csv.vc 464053
Repair time: 31.1374
==== Integer vector .C compression
Command: /home/louza/mm-repair/sdsl/encode.x /mnt/data/datasets/machine-learning-matrices-split/census.csv.vc.C 
==== Integer vector .R compression
Command: /home/louza/mm-repair/sdsl/encode.x /mnt/data/datasets/machine-learning-matrices-split/census.csv.vc.R 
Integer vector compression time: 0.4673
==== Ans-fold compression
Command: /home/louza/mm-repair/ans/encode.x /mnt/data/datasets/machine-learning-matrices-split/census.csv.vc.C 
Ans-fold time: 0.8424
Elapsed time: 40.2996
==== Compression Report:
 >> matrix name: /mnt/data/datasets/machine-learning-matrices-split/census.csv
 >> conversion time: 7.85
 >> repair time: 31.14
 >> integer vectors time: 0.47
 >> ansf time: 0.84
 >> total time: 40.30
 >> matrix log(alpha)xNumEntries size: 125372535 bytes
 >> matrix dense size: 1337307040 bytes
 >> total number of nonzero: 71928503 (43.03%)
 >> number of distinct nonzero: 45
 >> CRSV  size: 297547512 bytes  (22.25%)
 >> RE32  size: 43270068 bytes  (3.24%)
 >> REIV  size: 27043954 bytes  (2.02%)
 >> REANS size: 20413453 bytes  (1.53%)
==== Done

#### 2026-09-03 09:52:37
 Command line: ./mm-repair/matrepair -r -b 1 -p 1 /mnt/data/datasets/machine-learning-matrices-split/census.csv 2458285 68 --ole 
Setting memory for each repair instance to 464053 MBs
Sending logging messages to file: /mnt/data/datasets/machine-learning-matrices-split/census.csv.log
==== Conversion bin/csv->csrv
Command: /home/louza/mm-repair/csvmat2csrv -b 1   /mnt/data/datasets/machine-learning-matrices-split/census.csv -r 0   2458285 68
Conversion time: 12.4461
==== Repair compression
Command: /home/louza/mm-repair/brepair/irepair0 /mnt/data/datasets/machine-learning-matrices-split/census.csv.vc 464053
Repair time: 37.3880
==== Integer vector .C compression
Command: /home/louza/mm-repair/sdsl/encode.x /mnt/data/datasets/machine-learning-matrices-split/census.csv.vc.C 
==== Integer vector .R compression
Command: /home/louza/mm-repair/sdsl/encode.x /mnt/data/datasets/machine-learning-matrices-split/census.csv.vc.R 
Integer vector compression time: 0.5710
==== OLE
Command: /home/louza/mm-repair/ole/encode.x /mnt/data/datasets/machine-learning-matrices-split/census.csv.vc.C 
OLE time: 0.2795
==== Ans-fold compression
Command: /home/louza/mm-repair/ans/encode.x /mnt/data/datasets/machine-learning-matrices-split/census.csv.vc.C 
Ans-fold time: 1.0071
Elapsed time: 51.6918
==== Compression Report:
 >> matrix name: /mnt/data/datasets/machine-learning-matrices-split/census.csv
 >> conversion time: 12.45
 >> repair time: 37.39
 >> integer vectors time: 0.57
 >> ansf time: 1.01
 >> total time: 51.69
 >> matrix log(alpha)xNumEntries size: 125372535 bytes
 >> matrix dense size: 1337307040 bytes
 >> total number of nonzero: 71928503 (43.03%)
 >> number of distinct nonzero: 45
 >> CRSV  size: 297547512 bytes  (22.25%)
 >> RE32  size: 43270068 bytes  (3.24%)
 >> REIV  size: 27043954 bytes  (2.02%)
 >> REANS size: 20036112 bytes  (1.50%)
==== Done

#### 2026-09-03 09:53:29
 Command line: ./mm-repair/matrepair -r -b 1 -p 1 /mnt/data/datasets/machine-learning-matrices-split/census.csv 2458285 68 --mapping 
Setting memory for each repair instance to 464053 MBs
Sending logging messages to file: /mnt/data/datasets/machine-learning-matrices-split/census.csv.log
==== Conversion bin/csv->csrv
Command: /home/louza/mm-repair/csvmat2csrv -b 1   /mnt/data/datasets/machine-learning-matrices-split/census.csv -r 0 -m  2458285 68
Conversion time: 16.1977
==== Repair compression
Command: /home/louza/mm-repair/brepair/irepair0 /mnt/data/datasets/machine-learning-matrices-split/census.csv.vc 464053
Repair time: 37.9603
==== Integer vector .C compression
Command: /home/louza/mm-repair/sdsl/encode.x /mnt/data/datasets/machine-learning-matrices-split/census.csv.vc.C 
==== Integer vector .R compression
Command: /home/louza/mm-repair/sdsl/encode.x /mnt/data/datasets/machine-learning-matrices-split/census.csv.vc.R 
Integer vector compression time: 0.7638
==== Ans-fold compression
Command: /home/louza/mm-repair/ans/encode.x /mnt/data/datasets/machine-learning-matrices-split/census.csv.vc.C 
Ans-fold time: 1.1411
Command: /home/louza/mm-repair/ans/encode.x /mnt/data/datasets/machine-learning-matrices-split/census.csv.wcode 
Elapsed time: 56.0664
==== Compression Report:
 >> matrix name: /mnt/data/datasets/machine-learning-matrices-split/census.csv
 >> conversion time: 16.20
 >> repair time: 37.96
 >> integer vectors time: 0.76
 >> ansf time: 1.14
 >> total time: 56.07
 >> wcode: 1324 bytes
 >> wcode_ans: 178 bytes
 >> matrix log(alpha)xNumEntries size: 125372535 bytes
 >> matrix dense size: 1337307040 bytes
 >> total number of nonzero: 71928503 (43.03%)
 >> number of distinct nonzero: 45
 >> CRSV  size: 297547512 bytes  (22.25%)
 >> RE32  size: 43271392 bytes  (3.24%)
 >> REIV  size: 27045278 bytes  (2.02%)
 >> REANS size: 20407087 bytes  (1.53%)
==== Done

#### 2026-09-03 09:54:25
 Command line: ./mm-repair/matrepair -r -b 1 -p 1 /mnt/data/datasets/machine-learning-matrices-split/census.csv 2458285 68 --split 
Setting memory for each repair instance to 464053 MBs
Sending logging messages to file: /mnt/data/datasets/machine-learning-matrices-split/census.csv.log
==== Conversion bin/csv->csrv
Command: /home/louza/mm-repair/csvmat2csrv -b 1   /mnt/data/datasets/machine-learning-matrices-split/census.csv -r 0  -s 2458285 68
Conversion time: 24.4184
==== Repair compression
Command: /home/louza/mm-repair/brepair/irepair0 /mnt/data/datasets/machine-learning-matrices-split/census.csv.A.vc 464053
Repair time: 42.1563
==== Integer vector .C compression
Command: /home/louza/mm-repair/sdsl/encode.x /mnt/data/datasets/machine-learning-matrices-split/census.csv.A.vc.C 
==== Integer vector .R compression
Command: /home/louza/mm-repair/sdsl/encode.x /mnt/data/datasets/machine-learning-matrices-split/census.csv.A.vc.R 
Integer vector compression time: 0.4920
==== Ans-fold compression
Command: /home/louza/mm-repair/ans/encode.x /mnt/data/datasets/machine-learning-matrices-split/census.csv.A.vc.C 
Command: /home/louza/mm-repair/ans/encode.x /mnt/data/datasets/machine-learning-matrices-split/census.csv.B.vc
Ans-fold time: 1.0793
Elapsed time: 68.1463
==== Compression Report:
 >> matrix name: /mnt/data/datasets/machine-learning-matrices-split/census.csv
 >> conversion time: 24.42
 >> repair time: 42.16
 >> integer vectors time: 0.49
 >> ansf time: 1.08
 >> total time: 68.15
 >> matrix log(alpha)xNumEntries size: 125372535 bytes
 >> matrix dense size: 1337307040 bytes
 >> total number of nonzero: 71928459 (43.03%)
 >> number of distinct nonzero: 45
 >> CRSV  size: 297547336 bytes  (22.25%)
 >> B	  size: 9833316 bytes  (0.74%)
 >> B_ans size: 264 bytes  (0.00%)
 >> RE32  size: 43270244 bytes  (3.24%)
 >> REIV  size: 27044162 bytes  (2.02%)
 >> REANS size: 20414024 bytes  (1.53%)
==== Done

#### 2026-09-03 09:55:33
 Command line: ./mm-repair/matrepair -r -b 1 -p 1 /mnt/data/datasets/machine-learning-matrices-split/census.csv 2458285 68 --ole --mapping 
Setting memory for each repair instance to 464053 MBs
Sending logging messages to file: /mnt/data/datasets/machine-learning-matrices-split/census.csv.log
==== Conversion bin/csv->csrv
Command: /home/louza/mm-repair/csvmat2csrv -b 1   /mnt/data/datasets/machine-learning-matrices-split/census.csv -r 0 -m  2458285 68
Conversion time: 17.2090
==== Repair compression
Command: /home/louza/mm-repair/brepair/irepair0 /mnt/data/datasets/machine-learning-matrices-split/census.csv.vc 464053
Repair time: 38.0075
==== Integer vector .C compression
Command: /home/louza/mm-repair/sdsl/encode.x /mnt/data/datasets/machine-learning-matrices-split/census.csv.vc.C 
==== Integer vector .R compression
Command: /home/louza/mm-repair/sdsl/encode.x /mnt/data/datasets/machine-learning-matrices-split/census.csv.vc.R 
Integer vector compression time: 0.8495
==== OLE
Command: /home/louza/mm-repair/ole/encode.x /mnt/data/datasets/machine-learning-matrices-split/census.csv.vc.C 
OLE time: 0.6719
==== Ans-fold compression
Command: /home/louza/mm-repair/ans/encode.x /mnt/data/datasets/machine-learning-matrices-split/census.csv.vc.C 
Ans-fold time: 1.3538
Command: /home/louza/mm-repair/ans/encode.x /mnt/data/datasets/machine-learning-matrices-split/census.csv.wcode 
Elapsed time: 58.1431
==== Compression Report:
 >> matrix name: /mnt/data/datasets/machine-learning-matrices-split/census.csv
 >> conversion time: 17.21
 >> repair time: 38.01
 >> integer vectors time: 0.85
 >> ansf time: 1.35
 >> total time: 58.14
 >> wcode: 1324 bytes
 >> wcode_ans: 178 bytes
 >> matrix log(alpha)xNumEntries size: 125372535 bytes
 >> matrix dense size: 1337307040 bytes
 >> total number of nonzero: 71928503 (43.03%)
 >> number of distinct nonzero: 45
 >> CRSV  size: 297547512 bytes  (22.25%)
 >> RE32  size: 43271392 bytes  (3.24%)
 >> REIV  size: 27045278 bytes  (2.02%)
 >> REANS size: 19992086 bytes  (1.49%)
==== Done

#### 2026-09-03 09:56:31
 Command line: ./mm-repair/matrepair -r -b 1 -p 1 /mnt/data/datasets/machine-learning-matrices-split/census.csv 2458285 68 --ole --split 
Setting memory for each repair instance to 464053 MBs
Sending logging messages to file: /mnt/data/datasets/machine-learning-matrices-split/census.csv.log
==== Conversion bin/csv->csrv
Command: /home/louza/mm-repair/csvmat2csrv -b 1   /mnt/data/datasets/machine-learning-matrices-split/census.csv -r 0  -s 2458285 68
Conversion time: 43.1943
==== Repair compression
Command: /home/louza/mm-repair/brepair/irepair0 /mnt/data/datasets/machine-learning-matrices-split/census.csv.A.vc 464053
Repair time: 34.2326
==== Integer vector .C compression
Command: /home/louza/mm-repair/sdsl/encode.x /mnt/data/datasets/machine-learning-matrices-split/census.csv.A.vc.C 
==== Integer vector .R compression
Command: /home/louza/mm-repair/sdsl/encode.x /mnt/data/datasets/machine-learning-matrices-split/census.csv.A.vc.R 
Integer vector compression time: 1.0099
==== OLE
Command: /home/louza/mm-repair/ole/encode.x /mnt/data/datasets/machine-learning-matrices-split/census.csv.A.vc.C 
Command: /home/louza/mm-repair/ole/encode.x /mnt/data/datasets/machine-learning-matrices-split/census.csv.B.vc 
OLE time: 0.2089
==== Ans-fold compression
Command: /home/louza/mm-repair/ans/encode.x /mnt/data/datasets/machine-learning-matrices-split/census.csv.A.vc.C 
Command: /home/louza/mm-repair/ans/encode.x /mnt/data/datasets/machine-learning-matrices-split/census.csv.B.vc
Ans-fold time: 1.2784
Elapsed time: 80.6829
==== Compression Report:
 >> matrix name: /mnt/data/datasets/machine-learning-matrices-split/census.csv
 >> conversion time: 43.19
 >> repair time: 34.23
 >> integer vectors time: 1.01
 >> ansf time: 1.28
 >> total time: 80.68
 >> matrix log(alpha)xNumEntries size: 125372535 bytes
 >> matrix dense size: 1337307040 bytes
 >> total number of nonzero: 71928459 (43.03%)
 >> number of distinct nonzero: 45
 >> CRSV  size: 297547336 bytes  (22.25%)
 >> B	  size: 9833316 bytes  (0.74%)
 >> B_ans size: 264 bytes  (0.00%)
 >> RE32  size: 43270244 bytes  (3.24%)
 >> REIV  size: 27044162 bytes  (2.02%)
 >> REANS size: 20036824 bytes  (1.50%)
==== Done

#### 2026-09-03 09:57:52
 Command line: ./mm-repair/matrepair -r -b 1 -p 1 /mnt/data/datasets/machine-learning-matrices-split/census.csv 2458285 68 --mapping --split 
Setting memory for each repair instance to 464053 MBs
Sending logging messages to file: /mnt/data/datasets/machine-learning-matrices-split/census.csv.log
==== Conversion bin/csv->csrv
Command: /home/louza/mm-repair/csvmat2csrv -b 1   /mnt/data/datasets/machine-learning-matrices-split/census.csv -r 0 -m -s 2458285 68
Conversion time: 33.0837
==== Repair compression
Command: /home/louza/mm-repair/brepair/irepair0 /mnt/data/datasets/machine-learning-matrices-split/census.csv.A.vc 464053
Repair time: 33.3924
==== Integer vector .C compression
Command: /home/louza/mm-repair/sdsl/encode.x /mnt/data/datasets/machine-learning-matrices-split/census.csv.A.vc.C 
==== Integer vector .R compression
Command: /home/louza/mm-repair/sdsl/encode.x /mnt/data/datasets/machine-learning-matrices-split/census.csv.A.vc.R 
Integer vector compression time: 1.0827
==== Ans-fold compression
Command: /home/louza/mm-repair/ans/encode.x /mnt/data/datasets/machine-learning-matrices-split/census.csv.A.vc.C 
Command: /home/louza/mm-repair/ans/encode.x /mnt/data/datasets/machine-learning-matrices-split/census.csv.B.vc
Ans-fold time: 1.2998
Command: /home/louza/mm-repair/ans/encode.x /mnt/data/datasets/machine-learning-matrices-split/census.csv.wcode 
Elapsed time: 68.8674
==== Compression Report:
 >> matrix name: /mnt/data/datasets/machine-learning-matrices-split/census.csv
 >> conversion time: 33.08
 >> repair time: 33.39
 >> integer vectors time: 1.08
 >> ansf time: 1.30
 >> total time: 68.87
 >> wcode: 1324 bytes
 >> wcode_ans: 178 bytes
 >> matrix log(alpha)xNumEntries size: 125372535 bytes
 >> matrix dense size: 1337307040 bytes
 >> total number of nonzero: 71928459 (43.03%)
 >> number of distinct nonzero: 45
 >> CRSV  size: 297547336 bytes  (22.25%)
 >> B	  size: 9833316 bytes  (0.74%)
 >> B_ans size: 248 bytes  (0.00%)
 >> RE32  size: 43271552 bytes  (3.24%)
 >> REIV  size: 27045470 bytes  (2.02%)
 >> REANS size: 20407678 bytes  (1.53%)
==== Done

#### 2026-09-03 09:59:01
 Command line: ./mm-repair/matrepair -r -b 1 -p 1 /mnt/data/datasets/machine-learning-matrices-split/census.csv 2458285 68 --ole --mapping --split 
Setting memory for each repair instance to 464053 MBs
Sending logging messages to file: /mnt/data/datasets/machine-learning-matrices-split/census.csv.log
==== Conversion bin/csv->csrv
Command: /home/louza/mm-repair/csvmat2csrv -b 1   /mnt/data/datasets/machine-learning-matrices-split/census.csv -r 0 -m -s 2458285 68
Conversion time: 30.4907
==== Repair compression
Command: /home/louza/mm-repair/brepair/irepair0 /mnt/data/datasets/machine-learning-matrices-split/census.csv.A.vc 464053
Repair time: 35.1377
==== Integer vector .C compression
Command: /home/louza/mm-repair/sdsl/encode.x /mnt/data/datasets/machine-learning-matrices-split/census.csv.A.vc.C 
==== Integer vector .R compression
Command: /home/louza/mm-repair/sdsl/encode.x /mnt/data/datasets/machine-learning-matrices-split/census.csv.A.vc.R 
Integer vector compression time: 0.7602
==== OLE
Command: /home/louza/mm-repair/ole/encode.x /mnt/data/datasets/machine-learning-matrices-split/census.csv.A.vc.C 
Command: /home/louza/mm-repair/ole/encode.x /mnt/data/datasets/machine-learning-matrices-split/census.csv.B.vc 
OLE time: 0.2180
==== Ans-fold compression
Command: /home/louza/mm-repair/ans/encode.x /mnt/data/datasets/machine-learning-matrices-split/census.csv.A.vc.C 
Command: /home/louza/mm-repair/ans/encode.x /mnt/data/datasets/machine-learning-matrices-split/census.csv.B.vc
Ans-fold time: 1.0634
Command: /home/louza/mm-repair/ans/encode.x /mnt/data/datasets/machine-learning-matrices-split/census.csv.wcode 
Elapsed time: 68.3710
==== Compression Report:
 >> matrix name: /mnt/data/datasets/machine-learning-matrices-split/census.csv
 >> conversion time: 30.49
 >> repair time: 35.14
 >> integer vectors time: 0.76
 >> ansf time: 1.06
 >> total time: 68.37
 >> wcode: 1324 bytes
 >> wcode_ans: 178 bytes
 >> matrix log(alpha)xNumEntries size: 125372535 bytes
 >> matrix dense size: 1337307040 bytes
 >> total number of nonzero: 71928459 (43.03%)
 >> number of distinct nonzero: 45
 >> CRSV  size: 297547336 bytes  (22.25%)
 >> B	  size: 9833316 bytes  (0.74%)
 >> B_ans size: 248 bytes  (0.00%)
 >> RE32  size: 43271552 bytes  (3.24%)
 >> REIV  size: 27045470 bytes  (2.02%)
 >> REANS size: 19992824 bytes  (1.50%)
==== Done
REANS -b 16

#### 2026-09-04 08:37:27
 Command line: ./mm-repair/matrepair -r -b 16 -p 16 /mnt/data/datasets/machine-learning-matrices-split/census.csv 2458285 68 
Setting memory for each repair instance to 29003 MBs
Sending logging messages to file: /mnt/data/datasets/machine-learning-matrices-split/census.csv.log
==== Conversion bin/csv->csrv
Command: /home/louza/mm-repair/csvmat2csrv -b 16   /mnt/data/datasets/machine-learning-matrices-split/census.csv -r 0   2458285 68
Conversion time: 73.9340
==== Repair paralell compression
---- Executing 16 parallel processes
---- Parallel processing completed
Repair time: 2.6497
==== Integer vector .C compression
Command: /home/louza/mm-repair/sdsl/encode.x /mnt/data/datasets/machine-learning-matrices-split/census.csv.16.0.vc.C 
==== Integer vector .R compression
Command: /home/louza/mm-repair/sdsl/encode.x /mnt/data/datasets/machine-learning-matrices-split/census.csv.16.0.vc.R 
Integer vector compression time: 0.0583
==== Ans-fold compression
Command: /home/louza/mm-repair/ans/encode.x /mnt/data/datasets/machine-learning-matrices-split/census.csv.16.0.vc.C 
Ans-fold time: 0.0528
==== Integer vector .C compression
Command: /home/louza/mm-repair/sdsl/encode.x /mnt/data/datasets/machine-learning-matrices-split/census.csv.16.1.vc.C 
==== Integer vector .R compression
Command: /home/louza/mm-repair/sdsl/encode.x /mnt/data/datasets/machine-learning-matrices-split/census.csv.16.1.vc.R 
Integer vector compression time: 0.0579
==== Ans-fold compression
Command: /home/louza/mm-repair/ans/encode.x /mnt/data/datasets/machine-learning-matrices-split/census.csv.16.1.vc.C 
Ans-fold time: 0.0980
==== Integer vector .C compression
Command: /home/louza/mm-repair/sdsl/encode.x /mnt/data/datasets/machine-learning-matrices-split/census.csv.16.2.vc.C 
==== Integer vector .R compression
Command: /home/louza/mm-repair/sdsl/encode.x /mnt/data/datasets/machine-learning-matrices-split/census.csv.16.2.vc.R 
Integer vector compression time: 0.2793
==== Ans-fold compression
Command: /home/louza/mm-repair/ans/encode.x /mnt/data/datasets/machine-learning-matrices-split/census.csv.16.2.vc.C 
Ans-fold time: 0.1443
==== Integer vector .C compression
Command: /home/louza/mm-repair/sdsl/encode.x /mnt/data/datasets/machine-learning-matrices-split/census.csv.16.3.vc.C 
==== Integer vector .R compression
Command: /home/louza/mm-repair/sdsl/encode.x /mnt/data/datasets/machine-learning-matrices-split/census.csv.16.3.vc.R 
Integer vector compression time: 0.0457
==== Ans-fold compression
Command: /home/louza/mm-repair/ans/encode.x /mnt/data/datasets/machine-learning-matrices-split/census.csv.16.3.vc.C 
Ans-fold time: 0.1930
==== Integer vector .C compression
Command: /home/louza/mm-repair/sdsl/encode.x /mnt/data/datasets/machine-learning-matrices-split/census.csv.16.4.vc.C 
==== Integer vector .R compression
Command: /home/louza/mm-repair/sdsl/encode.x /mnt/data/datasets/machine-learning-matrices-split/census.csv.16.4.vc.R 
Integer vector compression time: 0.0466
==== Ans-fold compression
Command: /home/louza/mm-repair/ans/encode.x /mnt/data/datasets/machine-learning-matrices-split/census.csv.16.4.vc.C 
Ans-fold time: 0.2441
==== Integer vector .C compression
Command: /home/louza/mm-repair/sdsl/encode.x /mnt/data/datasets/machine-learning-matrices-split/census.csv.16.5.vc.C 
==== Integer vector .R compression
Command: /home/louza/mm-repair/sdsl/encode.x /mnt/data/datasets/machine-learning-matrices-split/census.csv.16.5.vc.R 
Integer vector compression time: 0.0529
==== Ans-fold compression
Command: /home/louza/mm-repair/ans/encode.x /mnt/data/datasets/machine-learning-matrices-split/census.csv.16.5.vc.C 
Ans-fold time: 0.2834
==== Integer vector .C compression
Command: /home/louza/mm-repair/sdsl/encode.x /mnt/data/datasets/machine-learning-matrices-split/census.csv.16.6.vc.C 
==== Integer vector .R compression
Command: /home/louza/mm-repair/sdsl/encode.x /mnt/data/datasets/machine-learning-matrices-split/census.csv.16.6.vc.R 
Integer vector compression time: 0.0575
==== Ans-fold compression
Command: /home/louza/mm-repair/ans/encode.x /mnt/data/datasets/machine-learning-matrices-split/census.csv.16.6.vc.C 
Ans-fold time: 0.3360
==== Integer vector .C compression
Command: /home/louza/mm-repair/sdsl/encode.x /mnt/data/datasets/machine-learning-matrices-split/census.csv.16.7.vc.C 
==== Integer vector .R compression
Command: /home/louza/mm-repair/sdsl/encode.x /mnt/data/datasets/machine-learning-matrices-split/census.csv.16.7.vc.R 
Integer vector compression time: 0.0574
==== Ans-fold compression
Command: /home/louza/mm-repair/ans/encode.x /mnt/data/datasets/machine-learning-matrices-split/census.csv.16.7.vc.C 
Ans-fold time: 0.3897
==== Integer vector .C compression
Command: /home/louza/mm-repair/sdsl/encode.x /mnt/data/datasets/machine-learning-matrices-split/census.csv.16.8.vc.C 
==== Integer vector .R compression
Command: /home/louza/mm-repair/sdsl/encode.x /mnt/data/datasets/machine-learning-matrices-split/census.csv.16.8.vc.R 
Integer vector compression time: 0.0573
==== Ans-fold compression
Command: /home/louza/mm-repair/ans/encode.x /mnt/data/datasets/machine-learning-matrices-split/census.csv.16.8.vc.C 
Ans-fold time: 0.4416
==== Integer vector .C compression
Command: /home/louza/mm-repair/sdsl/encode.x /mnt/data/datasets/machine-learning-matrices-split/census.csv.16.9.vc.C 
==== Integer vector .R compression
Command: /home/louza/mm-repair/sdsl/encode.x /mnt/data/datasets/machine-learning-matrices-split/census.csv.16.9.vc.R 
Integer vector compression time: 0.0536
==== Ans-fold compression
Command: /home/louza/mm-repair/ans/encode.x /mnt/data/datasets/machine-learning-matrices-split/census.csv.16.9.vc.C 
Ans-fold time: 0.4829
==== Integer vector .C compression
Command: /home/louza/mm-repair/sdsl/encode.x /mnt/data/datasets/machine-learning-matrices-split/census.csv.16.10.vc.C 
==== Integer vector .R compression
Command: /home/louza/mm-repair/sdsl/encode.x /mnt/data/datasets/machine-learning-matrices-split/census.csv.16.10.vc.R 
Integer vector compression time: 0.0566
==== Ans-fold compression
Command: /home/louza/mm-repair/ans/encode.x /mnt/data/datasets/machine-learning-matrices-split/census.csv.16.10.vc.C 
Ans-fold time: 0.5284
==== Integer vector .C compression
Command: /home/louza/mm-repair/sdsl/encode.x /mnt/data/datasets/machine-learning-matrices-split/census.csv.16.11.vc.C 
==== Integer vector .R compression
Command: /home/louza/mm-repair/sdsl/encode.x /mnt/data/datasets/machine-learning-matrices-split/census.csv.16.11.vc.R 
Integer vector compression time: 0.0530
==== Ans-fold compression
Command: /home/louza/mm-repair/ans/encode.x /mnt/data/datasets/machine-learning-matrices-split/census.csv.16.11.vc.C 
Ans-fold time: 0.5784
==== Integer vector .C compression
Command: /home/louza/mm-repair/sdsl/encode.x /mnt/data/datasets/machine-learning-matrices-split/census.csv.16.12.vc.C 
==== Integer vector .R compression
Command: /home/louza/mm-repair/sdsl/encode.x /mnt/data/datasets/machine-learning-matrices-split/census.csv.16.12.vc.R 
Integer vector compression time: 0.0566
==== Ans-fold compression
Command: /home/louza/mm-repair/ans/encode.x /mnt/data/datasets/machine-learning-matrices-split/census.csv.16.12.vc.C 
Ans-fold time: 0.6296
==== Integer vector .C compression
Command: /home/louza/mm-repair/sdsl/encode.x /mnt/data/datasets/machine-learning-matrices-split/census.csv.16.13.vc.C 
==== Integer vector .R compression
Command: /home/louza/mm-repair/sdsl/encode.x /mnt/data/datasets/machine-learning-matrices-split/census.csv.16.13.vc.R 
Integer vector compression time: 0.0534
==== Ans-fold compression
Command: /home/louza/mm-repair/ans/encode.x /mnt/data/datasets/machine-learning-matrices-split/census.csv.16.13.vc.C 
Ans-fold time: 0.6697
==== Integer vector .C compression
Command: /home/louza/mm-repair/sdsl/encode.x /mnt/data/datasets/machine-learning-matrices-split/census.csv.16.14.vc.C 
==== Integer vector .R compression
Command: /home/louza/mm-repair/sdsl/encode.x /mnt/data/datasets/machine-learning-matrices-split/census.csv.16.14.vc.R 
Integer vector compression time: 0.0568
==== Ans-fold compression
Command: /home/louza/mm-repair/ans/encode.x /mnt/data/datasets/machine-learning-matrices-split/census.csv.16.14.vc.C 
Ans-fold time: 0.7224
==== Integer vector .C compression
Command: /home/louza/mm-repair/sdsl/encode.x /mnt/data/datasets/machine-learning-matrices-split/census.csv.16.15.vc.C 
==== Integer vector .R compression
Command: /home/louza/mm-repair/sdsl/encode.x /mnt/data/datasets/machine-learning-matrices-split/census.csv.16.15.vc.R 
Integer vector compression time: 0.0535
==== Ans-fold compression
Command: /home/louza/mm-repair/ans/encode.x /mnt/data/datasets/machine-learning-matrices-split/census.csv.16.15.vc.C 
Ans-fold time: 0.7679
Elapsed time: 78.4490
==== Compression Report:
 >> matrix name: /mnt/data/datasets/machine-learning-matrices-split/census.csv
 >> conversion time: 73.93
 >> repair time: 2.65
 >> integer vectors time: 0.05
 >> ansf time: 0.77
 >> total time: 78.45
 >> matrix log(alpha)xNumEntries size: 125372535 bytes
 >> matrix dense size: 1337307040 bytes
 >> total number of nonzero: 71928503 (43.03%)
 >> number of distinct nonzero: 45
 >> CRSV  size: 297547512 bytes  (22.25%)
 >> RE32  size: 56759172 bytes  (4.24%)
 >> REIV  size: 30153848 bytes  (2.25%)
 >> REANS size: 24522212 bytes  (1.83%)
==== Done

#### 2026-09-04 08:38:46
 Command line: ./mm-repair/matrepair -r -b 16 -p 16 /mnt/data/datasets/machine-learning-matrices-split/census.csv 2458285 68 --ole 
Setting memory for each repair instance to 29003 MBs
Sending logging messages to file: /mnt/data/datasets/machine-learning-matrices-split/census.csv.log
==== Conversion bin/csv->csrv
Command: /home/louza/mm-repair/csvmat2csrv -b 16   /mnt/data/datasets/machine-learning-matrices-split/census.csv -r 0   2458285 68
Conversion time: 32.9682
==== Repair paralell compression
---- Executing 16 parallel processes
---- Parallel processing completed
Repair time: 3.3878
==== Integer vector .C compression
Command: /home/louza/mm-repair/sdsl/encode.x /mnt/data/datasets/machine-learning-matrices-split/census.csv.16.0.vc.C 
==== Integer vector .R compression
Command: /home/louza/mm-repair/sdsl/encode.x /mnt/data/datasets/machine-learning-matrices-split/census.csv.16.0.vc.R 
Integer vector compression time: 0.3709
==== OLE
Command: /home/louza/mm-repair/ole/encode.x /mnt/data/datasets/machine-learning-matrices-split/census.csv.16.0.vc.C 
OLE time: 0.6993
==== Ans-fold compression
Command: /home/louza/mm-repair/ans/encode.x /mnt/data/datasets/machine-learning-matrices-split/census.csv.16.0.vc.C 
Ans-fold time: 0.3215
==== Integer vector .C compression
Command: /home/louza/mm-repair/sdsl/encode.x /mnt/data/datasets/machine-learning-matrices-split/census.csv.16.1.vc.C 
==== Integer vector .R compression
Command: /home/louza/mm-repair/sdsl/encode.x /mnt/data/datasets/machine-learning-matrices-split/census.csv.16.1.vc.R 
Integer vector compression time: 0.7918
==== OLE
Command: /home/louza/mm-repair/ole/encode.x /mnt/data/datasets/machine-learning-matrices-split/census.csv.16.1.vc.C 
OLE time: 0.2660
==== Ans-fold compression
Command: /home/louza/mm-repair/ans/encode.x /mnt/data/datasets/machine-learning-matrices-split/census.csv.16.1.vc.C 
Ans-fold time: 0.9438
==== Integer vector .C compression
Command: /home/louza/mm-repair/sdsl/encode.x /mnt/data/datasets/machine-learning-matrices-split/census.csv.16.2.vc.C 
==== Integer vector .R compression
Command: /home/louza/mm-repair/sdsl/encode.x /mnt/data/datasets/machine-learning-matrices-split/census.csv.16.2.vc.R 
Integer vector compression time: 0.8165
==== OLE
Command: /home/louza/mm-repair/ole/encode.x /mnt/data/datasets/machine-learning-matrices-split/census.csv.16.2.vc.C 
OLE time: 0.0430
==== Ans-fold compression
Command: /home/louza/mm-repair/ans/encode.x /mnt/data/datasets/machine-learning-matrices-split/census.csv.16.2.vc.C 
Ans-fold time: 1.3161
==== Integer vector .C compression
Command: /home/louza/mm-repair/sdsl/encode.x /mnt/data/datasets/machine-learning-matrices-split/census.csv.16.3.vc.C 
==== Integer vector .R compression
Command: /home/louza/mm-repair/sdsl/encode.x /mnt/data/datasets/machine-learning-matrices-split/census.csv.16.3.vc.R 
Integer vector compression time: 0.8430
==== OLE
Command: /home/louza/mm-repair/ole/encode.x /mnt/data/datasets/machine-learning-matrices-split/census.csv.16.3.vc.C 
OLE time: 1.0554
==== Ans-fold compression
Command: /home/louza/mm-repair/ans/encode.x /mnt/data/datasets/machine-learning-matrices-split/census.csv.16.3.vc.C 
Ans-fold time: 1.5369
==== Integer vector .C compression
Command: /home/louza/mm-repair/sdsl/encode.x /mnt/data/datasets/machine-learning-matrices-split/census.csv.16.4.vc.C 
==== Integer vector .R compression
Command: /home/louza/mm-repair/sdsl/encode.x /mnt/data/datasets/machine-learning-matrices-split/census.csv.16.4.vc.R 
Integer vector compression time: 0.3031
==== OLE
Command: /home/louza/mm-repair/ole/encode.x /mnt/data/datasets/machine-learning-matrices-split/census.csv.16.4.vc.C 
OLE time: 0.3387
==== Ans-fold compression
Command: /home/louza/mm-repair/ans/encode.x /mnt/data/datasets/machine-learning-matrices-split/census.csv.16.4.vc.C 
Ans-fold time: 1.7586
==== Integer vector .C compression
Command: /home/louza/mm-repair/sdsl/encode.x /mnt/data/datasets/machine-learning-matrices-split/census.csv.16.5.vc.C 
==== Integer vector .R compression
Command: /home/louza/mm-repair/sdsl/encode.x /mnt/data/datasets/machine-learning-matrices-split/census.csv.16.5.vc.R 
Integer vector compression time: 0.5221
==== OLE
Command: /home/louza/mm-repair/ole/encode.x /mnt/data/datasets/machine-learning-matrices-split/census.csv.16.5.vc.C 
OLE time: 0.7692
==== Ans-fold compression
Command: /home/louza/mm-repair/ans/encode.x /mnt/data/datasets/machine-learning-matrices-split/census.csv.16.5.vc.C 
Ans-fold time: 2.0603
==== Integer vector .C compression
Command: /home/louza/mm-repair/sdsl/encode.x /mnt/data/datasets/machine-learning-matrices-split/census.csv.16.6.vc.C 
==== Integer vector .R compression
Command: /home/louza/mm-repair/sdsl/encode.x /mnt/data/datasets/machine-learning-matrices-split/census.csv.16.6.vc.R 
Integer vector compression time: 0.2631
==== OLE
Command: /home/louza/mm-repair/ole/encode.x /mnt/data/datasets/machine-learning-matrices-split/census.csv.16.6.vc.C 
OLE time: 0.1963
==== Ans-fold compression
Command: /home/louza/mm-repair/ans/encode.x /mnt/data/datasets/machine-learning-matrices-split/census.csv.16.6.vc.C 
Ans-fold time: 2.2242
==== Integer vector .C compression
Command: /home/louza/mm-repair/sdsl/encode.x /mnt/data/datasets/machine-learning-matrices-split/census.csv.16.7.vc.C 
==== Integer vector .R compression
Command: /home/louza/mm-repair/sdsl/encode.x /mnt/data/datasets/machine-learning-matrices-split/census.csv.16.7.vc.R 
Integer vector compression time: 0.4834
==== OLE
Command: /home/louza/mm-repair/ole/encode.x /mnt/data/datasets/machine-learning-matrices-split/census.csv.16.7.vc.C 
OLE time: 0.1959
==== Ans-fold compression
Command: /home/louza/mm-repair/ans/encode.x /mnt/data/datasets/machine-learning-matrices-split/census.csv.16.7.vc.C 
Ans-fold time: 2.5108
==== Integer vector .C compression
Command: /home/louza/mm-repair/sdsl/encode.x /mnt/data/datasets/machine-learning-matrices-split/census.csv.16.8.vc.C 
==== Integer vector .R compression
Command: /home/louza/mm-repair/sdsl/encode.x /mnt/data/datasets/machine-learning-matrices-split/census.csv.16.8.vc.R 
Integer vector compression time: 0.7554
==== OLE
Command: /home/louza/mm-repair/ole/encode.x /mnt/data/datasets/machine-learning-matrices-split/census.csv.16.8.vc.C 
OLE time: 0.3416
==== Ans-fold compression
Command: /home/louza/mm-repair/ans/encode.x /mnt/data/datasets/machine-learning-matrices-split/census.csv.16.8.vc.C 
Ans-fold time: 2.6461
==== Integer vector .C compression
Command: /home/louza/mm-repair/sdsl/encode.x /mnt/data/datasets/machine-learning-matrices-split/census.csv.16.9.vc.C 
==== Integer vector .R compression
Command: /home/louza/mm-repair/sdsl/encode.x /mnt/data/datasets/machine-learning-matrices-split/census.csv.16.9.vc.R 
Integer vector compression time: 0.3608
==== OLE
Command: /home/louza/mm-repair/ole/encode.x /mnt/data/datasets/machine-learning-matrices-split/census.csv.16.9.vc.C 
OLE time: 0.2641
==== Ans-fold compression
Command: /home/louza/mm-repair/ans/encode.x /mnt/data/datasets/machine-learning-matrices-split/census.csv.16.9.vc.C 
Ans-fold time: 2.8347
==== Integer vector .C compression
Command: /home/louza/mm-repair/sdsl/encode.x /mnt/data/datasets/machine-learning-matrices-split/census.csv.16.10.vc.C 
==== Integer vector .R compression
Command: /home/louza/mm-repair/sdsl/encode.x /mnt/data/datasets/machine-learning-matrices-split/census.csv.16.10.vc.R 
Integer vector compression time: 1.1530
==== OLE
Command: /home/louza/mm-repair/ole/encode.x /mnt/data/datasets/machine-learning-matrices-split/census.csv.16.10.vc.C 
OLE time: 0.0397
==== Ans-fold compression
Command: /home/louza/mm-repair/ans/encode.x /mnt/data/datasets/machine-learning-matrices-split/census.csv.16.10.vc.C 
Ans-fold time: 2.9151
==== Integer vector .C compression
Command: /home/louza/mm-repair/sdsl/encode.x /mnt/data/datasets/machine-learning-matrices-split/census.csv.16.11.vc.C 
==== Integer vector .R compression
Command: /home/louza/mm-repair/sdsl/encode.x /mnt/data/datasets/machine-learning-matrices-split/census.csv.16.11.vc.R 
Integer vector compression time: 0.3503
==== OLE
Command: /home/louza/mm-repair/ole/encode.x /mnt/data/datasets/machine-learning-matrices-split/census.csv.16.11.vc.C 
OLE time: 0.3616
==== Ans-fold compression
Command: /home/louza/mm-repair/ans/encode.x /mnt/data/datasets/machine-learning-matrices-split/census.csv.16.11.vc.C 
Ans-fold time: 3.2611
==== Integer vector .C compression
Command: /home/louza/mm-repair/sdsl/encode.x /mnt/data/datasets/machine-learning-matrices-split/census.csv.16.12.vc.C 
==== Integer vector .R compression
Command: /home/louza/mm-repair/sdsl/encode.x /mnt/data/datasets/machine-learning-matrices-split/census.csv.16.12.vc.R 
Integer vector compression time: 0.4705
==== OLE
Command: /home/louza/mm-repair/ole/encode.x /mnt/data/datasets/machine-learning-matrices-split/census.csv.16.12.vc.C 
OLE time: 0.2254
==== Ans-fold compression
Command: /home/louza/mm-repair/ans/encode.x /mnt/data/datasets/machine-learning-matrices-split/census.csv.16.12.vc.C 
Ans-fold time: 3.4964
==== Integer vector .C compression
Command: /home/louza/mm-repair/sdsl/encode.x /mnt/data/datasets/machine-learning-matrices-split/census.csv.16.13.vc.C 
==== Integer vector .R compression
Command: /home/louza/mm-repair/sdsl/encode.x /mnt/data/datasets/machine-learning-matrices-split/census.csv.16.13.vc.R 
Integer vector compression time: 0.4702
==== OLE
Command: /home/louza/mm-repair/ole/encode.x /mnt/data/datasets/machine-learning-matrices-split/census.csv.16.13.vc.C 
OLE time: 0.8446
==== Ans-fold compression
Command: /home/louza/mm-repair/ans/encode.x /mnt/data/datasets/machine-learning-matrices-split/census.csv.16.13.vc.C 
Ans-fold time: 4.2377
==== Integer vector .C compression
Command: /home/louza/mm-repair/sdsl/encode.x /mnt/data/datasets/machine-learning-matrices-split/census.csv.16.14.vc.C 
==== Integer vector .R compression
Command: /home/louza/mm-repair/sdsl/encode.x /mnt/data/datasets/machine-learning-matrices-split/census.csv.16.14.vc.R 
Integer vector compression time: 0.4897
==== OLE
Command: /home/louza/mm-repair/ole/encode.x /mnt/data/datasets/machine-learning-matrices-split/census.csv.16.14.vc.C 
OLE time: 0.0305
==== Ans-fold compression
Command: /home/louza/mm-repair/ans/encode.x /mnt/data/datasets/machine-learning-matrices-split/census.csv.16.14.vc.C 
Ans-fold time: 4.6108
==== Integer vector .C compression
Command: /home/louza/mm-repair/sdsl/encode.x /mnt/data/datasets/machine-learning-matrices-split/census.csv.16.15.vc.C 
==== Integer vector .R compression
Command: /home/louza/mm-repair/sdsl/encode.x /mnt/data/datasets/machine-learning-matrices-split/census.csv.16.15.vc.R 
Integer vector compression time: 0.2630
==== OLE
Command: /home/louza/mm-repair/ole/encode.x /mnt/data/datasets/machine-learning-matrices-split/census.csv.16.15.vc.C 
OLE time: 0.2604
==== Ans-fold compression
Command: /home/louza/mm-repair/ans/encode.x /mnt/data/datasets/machine-learning-matrices-split/census.csv.16.15.vc.C 
Ans-fold time: 4.9644
Elapsed time: 55.9604
==== Compression Report:
 >> matrix name: /mnt/data/datasets/machine-learning-matrices-split/census.csv
 >> conversion time: 32.97
 >> repair time: 3.39
 >> integer vectors time: 0.26
 >> ansf time: 4.96
 >> total time: 55.96
 >> matrix log(alpha)xNumEntries size: 125372535 bytes
 >> matrix dense size: 1337307040 bytes
 >> total number of nonzero: 71928503 (43.03%)
 >> number of distinct nonzero: 45
 >> CRSV  size: 297547512 bytes  (22.25%)
 >> RE32  size: 56759172 bytes  (4.24%)
 >> REIV  size: 30153848 bytes  (2.25%)
 >> REANS size: 23744612 bytes  (1.78%)
==== Done

#### 2026-09-04 08:39:42
 Command line: ./mm-repair/matrepair -r -b 16 -p 16 /mnt/data/datasets/machine-learning-matrices-split/census.csv 2458285 68 --mapping 
Setting memory for each repair instance to 29003 MBs
Sending logging messages to file: /mnt/data/datasets/machine-learning-matrices-split/census.csv.log
==== Conversion bin/csv->csrv
Command: /home/louza/mm-repair/csvmat2csrv -b 16   /mnt/data/datasets/machine-learning-matrices-split/census.csv -r 0 -m  2458285 68
Conversion time: 62.4579
==== Repair paralell compression
---- Executing 16 parallel processes
---- Parallel processing completed
Repair time: 3.4386
==== Integer vector .C compression
Command: /home/louza/mm-repair/sdsl/encode.x /mnt/data/datasets/machine-learning-matrices-split/census.csv.16.0.vc.C 
==== Integer vector .R compression
Command: /home/louza/mm-repair/sdsl/encode.x /mnt/data/datasets/machine-learning-matrices-split/census.csv.16.0.vc.R 
Integer vector compression time: 0.4312
==== Ans-fold compression
Command: /home/louza/mm-repair/ans/encode.x /mnt/data/datasets/machine-learning-matrices-split/census.csv.16.0.vc.C 
Ans-fold time: 0.0826
==== Integer vector .C compression
Command: /home/louza/mm-repair/sdsl/encode.x /mnt/data/datasets/machine-learning-matrices-split/census.csv.16.1.vc.C 
==== Integer vector .R compression
Command: /home/louza/mm-repair/sdsl/encode.x /mnt/data/datasets/machine-learning-matrices-split/census.csv.16.1.vc.R 
Integer vector compression time: 0.4807
==== Ans-fold compression
Command: /home/louza/mm-repair/ans/encode.x /mnt/data/datasets/machine-learning-matrices-split/census.csv.16.1.vc.C 
Ans-fold time: 1.1421
==== Integer vector .C compression
Command: /home/louza/mm-repair/sdsl/encode.x /mnt/data/datasets/machine-learning-matrices-split/census.csv.16.2.vc.C 
==== Integer vector .R compression
Command: /home/louza/mm-repair/sdsl/encode.x /mnt/data/datasets/machine-learning-matrices-split/census.csv.16.2.vc.R 
Integer vector compression time: 0.4027
==== Ans-fold compression
Command: /home/louza/mm-repair/ans/encode.x /mnt/data/datasets/machine-learning-matrices-split/census.csv.16.2.vc.C 
Ans-fold time: 1.9497
==== Integer vector .C compression
Command: /home/louza/mm-repair/sdsl/encode.x /mnt/data/datasets/machine-learning-matrices-split/census.csv.16.3.vc.C 
==== Integer vector .R compression
Command: /home/louza/mm-repair/sdsl/encode.x /mnt/data/datasets/machine-learning-matrices-split/census.csv.16.3.vc.R 
Integer vector compression time: 0.6222
==== Ans-fold compression
Command: /home/louza/mm-repair/ans/encode.x /mnt/data/datasets/machine-learning-matrices-split/census.csv.16.3.vc.C 
Ans-fold time: 2.1916
==== Integer vector .C compression
Command: /home/louza/mm-repair/sdsl/encode.x /mnt/data/datasets/machine-learning-matrices-split/census.csv.16.4.vc.C 
==== Integer vector .R compression
Command: /home/louza/mm-repair/sdsl/encode.x /mnt/data/datasets/machine-learning-matrices-split/census.csv.16.4.vc.R 
Integer vector compression time: 0.2621
==== Ans-fold compression
Command: /home/louza/mm-repair/ans/encode.x /mnt/data/datasets/machine-learning-matrices-split/census.csv.16.4.vc.C 
Ans-fold time: 2.2931
==== Integer vector .C compression
Command: /home/louza/mm-repair/sdsl/encode.x /mnt/data/datasets/machine-learning-matrices-split/census.csv.16.5.vc.C 
==== Integer vector .R compression
Command: /home/louza/mm-repair/sdsl/encode.x /mnt/data/datasets/machine-learning-matrices-split/census.csv.16.5.vc.R 
Integer vector compression time: 0.5178
==== Ans-fold compression
Command: /home/louza/mm-repair/ans/encode.x /mnt/data/datasets/machine-learning-matrices-split/census.csv.16.5.vc.C 
Ans-fold time: 2.4552
==== Integer vector .C compression
Command: /home/louza/mm-repair/sdsl/encode.x /mnt/data/datasets/machine-learning-matrices-split/census.csv.16.6.vc.C 
==== Integer vector .R compression
Command: /home/louza/mm-repair/sdsl/encode.x /mnt/data/datasets/machine-learning-matrices-split/census.csv.16.6.vc.R 
Integer vector compression time: 0.4888
==== Ans-fold compression
Command: /home/louza/mm-repair/ans/encode.x /mnt/data/datasets/machine-learning-matrices-split/census.csv.16.6.vc.C 
Ans-fold time: 2.9391
==== Integer vector .C compression
Command: /home/louza/mm-repair/sdsl/encode.x /mnt/data/datasets/machine-learning-matrices-split/census.csv.16.7.vc.C 
==== Integer vector .R compression
Command: /home/louza/mm-repair/sdsl/encode.x /mnt/data/datasets/machine-learning-matrices-split/census.csv.16.7.vc.R 
Integer vector compression time: 0.7371
==== Ans-fold compression
Command: /home/louza/mm-repair/ans/encode.x /mnt/data/datasets/machine-learning-matrices-split/census.csv.16.7.vc.C 
Ans-fold time: 3.2366
==== Integer vector .C compression
Command: /home/louza/mm-repair/sdsl/encode.x /mnt/data/datasets/machine-learning-matrices-split/census.csv.16.8.vc.C 
==== Integer vector .R compression
Command: /home/louza/mm-repair/sdsl/encode.x /mnt/data/datasets/machine-learning-matrices-split/census.csv.16.8.vc.R 
Integer vector compression time: 0.3853
==== Ans-fold compression
Command: /home/louza/mm-repair/ans/encode.x /mnt/data/datasets/machine-learning-matrices-split/census.csv.16.8.vc.C 
Ans-fold time: 3.3839
==== Integer vector .C compression
Command: /home/louza/mm-repair/sdsl/encode.x /mnt/data/datasets/machine-learning-matrices-split/census.csv.16.9.vc.C 
==== Integer vector .R compression
Command: /home/louza/mm-repair/sdsl/encode.x /mnt/data/datasets/machine-learning-matrices-split/census.csv.16.9.vc.R 
Integer vector compression time: 0.3509
==== Ans-fold compression
Command: /home/louza/mm-repair/ans/encode.x /mnt/data/datasets/machine-learning-matrices-split/census.csv.16.9.vc.C 
Ans-fold time: 3.5689
==== Integer vector .C compression
Command: /home/louza/mm-repair/sdsl/encode.x /mnt/data/datasets/machine-learning-matrices-split/census.csv.16.10.vc.C 
==== Integer vector .R compression
Command: /home/louza/mm-repair/sdsl/encode.x /mnt/data/datasets/machine-learning-matrices-split/census.csv.16.10.vc.R 
Integer vector compression time: 0.4075
==== Ans-fold compression
Command: /home/louza/mm-repair/ans/encode.x /mnt/data/datasets/machine-learning-matrices-split/census.csv.16.10.vc.C 
Ans-fold time: 3.6565
==== Integer vector .C compression
Command: /home/louza/mm-repair/sdsl/encode.x /mnt/data/datasets/machine-learning-matrices-split/census.csv.16.11.vc.C 
==== Integer vector .R compression
Command: /home/louza/mm-repair/sdsl/encode.x /mnt/data/datasets/machine-learning-matrices-split/census.csv.16.11.vc.R 
Integer vector compression time: 0.1623
==== Ans-fold compression
Command: /home/louza/mm-repair/ans/encode.x /mnt/data/datasets/machine-learning-matrices-split/census.csv.16.11.vc.C 
Ans-fold time: 3.9982
==== Integer vector .C compression
Command: /home/louza/mm-repair/sdsl/encode.x /mnt/data/datasets/machine-learning-matrices-split/census.csv.16.12.vc.C 
==== Integer vector .R compression
Command: /home/louza/mm-repair/sdsl/encode.x /mnt/data/datasets/machine-learning-matrices-split/census.csv.16.12.vc.R 
Integer vector compression time: 0.1786
==== Ans-fold compression
Command: /home/louza/mm-repair/ans/encode.x /mnt/data/datasets/machine-learning-matrices-split/census.csv.16.12.vc.C 
Ans-fold time: 4.1042
==== Integer vector .C compression
Command: /home/louza/mm-repair/sdsl/encode.x /mnt/data/datasets/machine-learning-matrices-split/census.csv.16.13.vc.C 
==== Integer vector .R compression
Command: /home/louza/mm-repair/sdsl/encode.x /mnt/data/datasets/machine-learning-matrices-split/census.csv.16.13.vc.R 
Integer vector compression time: 0.0754
==== Ans-fold compression
Command: /home/louza/mm-repair/ans/encode.x /mnt/data/datasets/machine-learning-matrices-split/census.csv.16.13.vc.C 
Ans-fold time: 4.4295
==== Integer vector .C compression
Command: /home/louza/mm-repair/sdsl/encode.x /mnt/data/datasets/machine-learning-matrices-split/census.csv.16.14.vc.C 
==== Integer vector .R compression
Command: /home/louza/mm-repair/sdsl/encode.x /mnt/data/datasets/machine-learning-matrices-split/census.csv.16.14.vc.R 
Integer vector compression time: 0.7019
==== Ans-fold compression
Command: /home/louza/mm-repair/ans/encode.x /mnt/data/datasets/machine-learning-matrices-split/census.csv.16.14.vc.C 
Ans-fold time: 4.9761
==== Integer vector .C compression
Command: /home/louza/mm-repair/sdsl/encode.x /mnt/data/datasets/machine-learning-matrices-split/census.csv.16.15.vc.C 
==== Integer vector .R compression
Command: /home/louza/mm-repair/sdsl/encode.x /mnt/data/datasets/machine-learning-matrices-split/census.csv.16.15.vc.R 
Integer vector compression time: 0.5664
==== Ans-fold compression
Command: /home/louza/mm-repair/ans/encode.x /mnt/data/datasets/machine-learning-matrices-split/census.csv.16.15.vc.C 
Ans-fold time: 5.1341
Command: /home/louza/mm-repair/ans/encode.x /mnt/data/datasets/machine-learning-matrices-split/census.csv.wcode 
Elapsed time: 77.9560
==== Compression Report:
 >> matrix name: /mnt/data/datasets/machine-learning-matrices-split/census.csv
 >> conversion time: 62.46
 >> repair time: 3.44
 >> integer vectors time: 0.57
 >> ansf time: 5.13
 >> total time: 77.96
 >> wcode: 1324 bytes
 >> wcode_ans: 178 bytes
 >> matrix log(alpha)xNumEntries size: 125372535 bytes
 >> matrix dense size: 1337307040 bytes
 >> total number of nonzero: 71928503 (43.03%)
 >> number of distinct nonzero: 45
 >> CRSV  size: 297547512 bytes  (22.25%)
 >> RE32  size: 56760496 bytes  (4.24%)
 >> REIV  size: 30155172 bytes  (2.25%)
 >> REANS size: 24486779 bytes  (1.83%)
==== Done

#### 2026-09-04 08:41:00
 Command line: ./mm-repair/matrepair -r -b 16 -p 16 /mnt/data/datasets/machine-learning-matrices-split/census.csv 2458285 68 --split 
Setting memory for each repair instance to 29003 MBs
Sending logging messages to file: /mnt/data/datasets/machine-learning-matrices-split/census.csv.log
==== Conversion bin/csv->csrv
Command: /home/louza/mm-repair/csvmat2csrv -b 16   /mnt/data/datasets/machine-learning-matrices-split/census.csv -r 0  -s 2458285 68
Conversion time: 78.7048
==== Repair paralell compression
---- Executing 16 parallel processes
---- Parallel processing completed
Repair time: 3.7137
==== Integer vector .C compression
Command: /home/louza/mm-repair/sdsl/encode.x /mnt/data/datasets/machine-learning-matrices-split/census.csv.16.0.A.vc.C 
==== Integer vector .R compression
Command: /home/louza/mm-repair/sdsl/encode.x /mnt/data/datasets/machine-learning-matrices-split/census.csv.16.0.A.vc.R 
Integer vector compression time: 0.0538
==== Ans-fold compression
Command: /home/louza/mm-repair/ans/encode.x /mnt/data/datasets/machine-learning-matrices-split/census.csv.16.0.A.vc.C 
Command: /home/louza/mm-repair/ans/encode.x /mnt/data/datasets/machine-learning-matrices-split/census.csv.16.0.B.vc
Ans-fold time: 0.0612
==== Integer vector .C compression
Command: /home/louza/mm-repair/sdsl/encode.x /mnt/data/datasets/machine-learning-matrices-split/census.csv.16.1.A.vc.C 
==== Integer vector .R compression
Command: /home/louza/mm-repair/sdsl/encode.x /mnt/data/datasets/machine-learning-matrices-split/census.csv.16.1.A.vc.R 
Integer vector compression time: 0.0567
==== Ans-fold compression
Command: /home/louza/mm-repair/ans/encode.x /mnt/data/datasets/machine-learning-matrices-split/census.csv.16.1.A.vc.C 
Command: /home/louza/mm-repair/ans/encode.x /mnt/data/datasets/machine-learning-matrices-split/census.csv.16.1.B.vc
Ans-fold time: 0.1190
==== Integer vector .C compression
Command: /home/louza/mm-repair/sdsl/encode.x /mnt/data/datasets/machine-learning-matrices-split/census.csv.16.2.A.vc.C 
==== Integer vector .R compression
Command: /home/louza/mm-repair/sdsl/encode.x /mnt/data/datasets/machine-learning-matrices-split/census.csv.16.2.A.vc.R 
Integer vector compression time: 0.0537
==== Ans-fold compression
Command: /home/louza/mm-repair/ans/encode.x /mnt/data/datasets/machine-learning-matrices-split/census.csv.16.2.A.vc.C 
Command: /home/louza/mm-repair/ans/encode.x /mnt/data/datasets/machine-learning-matrices-split/census.csv.16.2.B.vc
Ans-fold time: 0.1759
==== Integer vector .C compression
Command: /home/louza/mm-repair/sdsl/encode.x /mnt/data/datasets/machine-learning-matrices-split/census.csv.16.3.A.vc.C 
==== Integer vector .R compression
Command: /home/louza/mm-repair/sdsl/encode.x /mnt/data/datasets/machine-learning-matrices-split/census.csv.16.3.A.vc.R 
Integer vector compression time: 0.3201
==== Ans-fold compression
Command: /home/louza/mm-repair/ans/encode.x /mnt/data/datasets/machine-learning-matrices-split/census.csv.16.3.A.vc.C 
Command: /home/louza/mm-repair/ans/encode.x /mnt/data/datasets/machine-learning-matrices-split/census.csv.16.3.B.vc
Ans-fold time: 0.3642
==== Integer vector .C compression
Command: /home/louza/mm-repair/sdsl/encode.x /mnt/data/datasets/machine-learning-matrices-split/census.csv.16.4.A.vc.C 
==== Integer vector .R compression
Command: /home/louza/mm-repair/sdsl/encode.x /mnt/data/datasets/machine-learning-matrices-split/census.csv.16.4.A.vc.R 
Integer vector compression time: 0.0573
==== Ans-fold compression
Command: /home/louza/mm-repair/ans/encode.x /mnt/data/datasets/machine-learning-matrices-split/census.csv.16.4.A.vc.C 
Command: /home/louza/mm-repair/ans/encode.x /mnt/data/datasets/machine-learning-matrices-split/census.csv.16.4.B.vc
Ans-fold time: 0.4249
==== Integer vector .C compression
Command: /home/louza/mm-repair/sdsl/encode.x /mnt/data/datasets/machine-learning-matrices-split/census.csv.16.5.A.vc.C 
==== Integer vector .R compression
Command: /home/louza/mm-repair/sdsl/encode.x /mnt/data/datasets/machine-learning-matrices-split/census.csv.16.5.A.vc.R 
Integer vector compression time: 0.0593
==== Ans-fold compression
Command: /home/louza/mm-repair/ans/encode.x /mnt/data/datasets/machine-learning-matrices-split/census.csv.16.5.A.vc.C 
Command: /home/louza/mm-repair/ans/encode.x /mnt/data/datasets/machine-learning-matrices-split/census.csv.16.5.B.vc
Ans-fold time: 0.4879
==== Integer vector .C compression
Command: /home/louza/mm-repair/sdsl/encode.x /mnt/data/datasets/machine-learning-matrices-split/census.csv.16.6.A.vc.C 
==== Integer vector .R compression
Command: /home/louza/mm-repair/sdsl/encode.x /mnt/data/datasets/machine-learning-matrices-split/census.csv.16.6.A.vc.R 
Integer vector compression time: 0.0560
==== Ans-fold compression
Command: /home/louza/mm-repair/ans/encode.x /mnt/data/datasets/machine-learning-matrices-split/census.csv.16.6.A.vc.C 
Command: /home/louza/mm-repair/ans/encode.x /mnt/data/datasets/machine-learning-matrices-split/census.csv.16.6.B.vc
Ans-fold time: 0.5455
==== Integer vector .C compression
Command: /home/louza/mm-repair/sdsl/encode.x /mnt/data/datasets/machine-learning-matrices-split/census.csv.16.7.A.vc.C 
==== Integer vector .R compression
Command: /home/louza/mm-repair/sdsl/encode.x /mnt/data/datasets/machine-learning-matrices-split/census.csv.16.7.A.vc.R 
Integer vector compression time: 0.0582
==== Ans-fold compression
Command: /home/louza/mm-repair/ans/encode.x /mnt/data/datasets/machine-learning-matrices-split/census.csv.16.7.A.vc.C 
Command: /home/louza/mm-repair/ans/encode.x /mnt/data/datasets/machine-learning-matrices-split/census.csv.16.7.B.vc
Ans-fold time: 0.6037
==== Integer vector .C compression
Command: /home/louza/mm-repair/sdsl/encode.x /mnt/data/datasets/machine-learning-matrices-split/census.csv.16.8.A.vc.C 
==== Integer vector .R compression
Command: /home/louza/mm-repair/sdsl/encode.x /mnt/data/datasets/machine-learning-matrices-split/census.csv.16.8.A.vc.R 
Integer vector compression time: 0.0611
==== Ans-fold compression
Command: /home/louza/mm-repair/ans/encode.x /mnt/data/datasets/machine-learning-matrices-split/census.csv.16.8.A.vc.C 
Command: /home/louza/mm-repair/ans/encode.x /mnt/data/datasets/machine-learning-matrices-split/census.csv.16.8.B.vc
Ans-fold time: 0.6634
==== Integer vector .C compression
Command: /home/louza/mm-repair/sdsl/encode.x /mnt/data/datasets/machine-learning-matrices-split/census.csv.16.9.A.vc.C 
==== Integer vector .R compression
Command: /home/louza/mm-repair/sdsl/encode.x /mnt/data/datasets/machine-learning-matrices-split/census.csv.16.9.A.vc.R 
Integer vector compression time: 0.0573
==== Ans-fold compression
Command: /home/louza/mm-repair/ans/encode.x /mnt/data/datasets/machine-learning-matrices-split/census.csv.16.9.A.vc.C 
Command: /home/louza/mm-repair/ans/encode.x /mnt/data/datasets/machine-learning-matrices-split/census.csv.16.9.B.vc
Ans-fold time: 0.7250
==== Integer vector .C compression
Command: /home/louza/mm-repair/sdsl/encode.x /mnt/data/datasets/machine-learning-matrices-split/census.csv.16.10.A.vc.C 
==== Integer vector .R compression
Command: /home/louza/mm-repair/sdsl/encode.x /mnt/data/datasets/machine-learning-matrices-split/census.csv.16.10.A.vc.R 
Integer vector compression time: 0.0515
==== Ans-fold compression
Command: /home/louza/mm-repair/ans/encode.x /mnt/data/datasets/machine-learning-matrices-split/census.csv.16.10.A.vc.C 
Command: /home/louza/mm-repair/ans/encode.x /mnt/data/datasets/machine-learning-matrices-split/census.csv.16.10.B.vc
Ans-fold time: 0.7855
==== Integer vector .C compression
Command: /home/louza/mm-repair/sdsl/encode.x /mnt/data/datasets/machine-learning-matrices-split/census.csv.16.11.A.vc.C 
==== Integer vector .R compression
Command: /home/louza/mm-repair/sdsl/encode.x /mnt/data/datasets/machine-learning-matrices-split/census.csv.16.11.A.vc.R 
Integer vector compression time: 0.0584
==== Ans-fold compression
Command: /home/louza/mm-repair/ans/encode.x /mnt/data/datasets/machine-learning-matrices-split/census.csv.16.11.A.vc.C 
Command: /home/louza/mm-repair/ans/encode.x /mnt/data/datasets/machine-learning-matrices-split/census.csv.16.11.B.vc
Ans-fold time: 0.8444
==== Integer vector .C compression
Command: /home/louza/mm-repair/sdsl/encode.x /mnt/data/datasets/machine-learning-matrices-split/census.csv.16.12.A.vc.C 
==== Integer vector .R compression
Command: /home/louza/mm-repair/sdsl/encode.x /mnt/data/datasets/machine-learning-matrices-split/census.csv.16.12.A.vc.R 
Integer vector compression time: 0.0593
==== Ans-fold compression
Command: /home/louza/mm-repair/ans/encode.x /mnt/data/datasets/machine-learning-matrices-split/census.csv.16.12.A.vc.C 
Command: /home/louza/mm-repair/ans/encode.x /mnt/data/datasets/machine-learning-matrices-split/census.csv.16.12.B.vc
Ans-fold time: 0.9113
==== Integer vector .C compression
Command: /home/louza/mm-repair/sdsl/encode.x /mnt/data/datasets/machine-learning-matrices-split/census.csv.16.13.A.vc.C 
==== Integer vector .R compression
Command: /home/louza/mm-repair/sdsl/encode.x /mnt/data/datasets/machine-learning-matrices-split/census.csv.16.13.A.vc.R 
Integer vector compression time: 0.0605
==== Ans-fold compression
Command: /home/louza/mm-repair/ans/encode.x /mnt/data/datasets/machine-learning-matrices-split/census.csv.16.13.A.vc.C 
Command: /home/louza/mm-repair/ans/encode.x /mnt/data/datasets/machine-learning-matrices-split/census.csv.16.13.B.vc
Ans-fold time: 0.9727
==== Integer vector .C compression
Command: /home/louza/mm-repair/sdsl/encode.x /mnt/data/datasets/machine-learning-matrices-split/census.csv.16.14.A.vc.C 
==== Integer vector .R compression
Command: /home/louza/mm-repair/sdsl/encode.x /mnt/data/datasets/machine-learning-matrices-split/census.csv.16.14.A.vc.R 
Integer vector compression time: 0.0525
==== Ans-fold compression
Command: /home/louza/mm-repair/ans/encode.x /mnt/data/datasets/machine-learning-matrices-split/census.csv.16.14.A.vc.C 
Command: /home/louza/mm-repair/ans/encode.x /mnt/data/datasets/machine-learning-matrices-split/census.csv.16.14.B.vc
Ans-fold time: 1.0328
==== Integer vector .C compression
Command: /home/louza/mm-repair/sdsl/encode.x /mnt/data/datasets/machine-learning-matrices-split/census.csv.16.15.A.vc.C 
==== Integer vector .R compression
Command: /home/louza/mm-repair/sdsl/encode.x /mnt/data/datasets/machine-learning-matrices-split/census.csv.16.15.A.vc.R 
Integer vector compression time: 0.0574
==== Ans-fold compression
Command: /home/louza/mm-repair/ans/encode.x /mnt/data/datasets/machine-learning-matrices-split/census.csv.16.15.A.vc.C 
Command: /home/louza/mm-repair/ans/encode.x /mnt/data/datasets/machine-learning-matrices-split/census.csv.16.15.B.vc
Ans-fold time: 1.0933
Elapsed time: 84.6860
==== Compression Report:
 >> matrix name: /mnt/data/datasets/machine-learning-matrices-split/census.csv
 >> conversion time: 78.70
 >> repair time: 3.71
 >> integer vectors time: 0.06
 >> ansf time: 1.09
 >> total time: 84.69
 >> matrix log(alpha)xNumEntries size: 125372535 bytes
 >> matrix dense size: 1337307040 bytes
 >> total number of nonzero: 71927335 (43.03%)
 >> number of distinct nonzero: 45
 >> CRSV  size: 297542840 bytes  (22.25%)
 >> B	  size: 9837812 bytes  (0.74%)
 >> B_ans size: 4257 bytes  (0.00%)
 >> RE32  size: 56758477 bytes  (4.24%)
 >> REIV  size: 30155529 bytes  (2.25%)
 >> REANS size: 24524205 bytes  (1.83%)
==== Done

#### 2026-09-04 08:42:25
 Command line: ./mm-repair/matrepair -r -b 16 -p 16 /mnt/data/datasets/machine-learning-matrices-split/census.csv 2458285 68 --ole --mapping 
Setting memory for each repair instance to 29003 MBs
Sending logging messages to file: /mnt/data/datasets/machine-learning-matrices-split/census.csv.log
==== Conversion bin/csv->csrv
Command: /home/louza/mm-repair/csvmat2csrv -b 16   /mnt/data/datasets/machine-learning-matrices-split/census.csv -r 0 -m  2458285 68
Conversion time: 62.7828
==== Repair paralell compression
---- Executing 16 parallel processes
---- Parallel processing completed
Repair time: 4.0810
==== Integer vector .C compression
Command: /home/louza/mm-repair/sdsl/encode.x /mnt/data/datasets/machine-learning-matrices-split/census.csv.16.0.vc.C 
==== Integer vector .R compression
Command: /home/louza/mm-repair/sdsl/encode.x /mnt/data/datasets/machine-learning-matrices-split/census.csv.16.0.vc.R 
Integer vector compression time: 0.9987
==== OLE
Command: /home/louza/mm-repair/ole/encode.x /mnt/data/datasets/machine-learning-matrices-split/census.csv.16.0.vc.C 
OLE time: 0.3176
==== Ans-fold compression
Command: /home/louza/mm-repair/ans/encode.x /mnt/data/datasets/machine-learning-matrices-split/census.csv.16.0.vc.C 
Ans-fold time: 0.0578
==== Integer vector .C compression
Command: /home/louza/mm-repair/sdsl/encode.x /mnt/data/datasets/machine-learning-matrices-split/census.csv.16.1.vc.C 
==== Integer vector .R compression
Command: /home/louza/mm-repair/sdsl/encode.x /mnt/data/datasets/machine-learning-matrices-split/census.csv.16.1.vc.R 
Integer vector compression time: 0.6416
==== OLE
Command: /home/louza/mm-repair/ole/encode.x /mnt/data/datasets/machine-learning-matrices-split/census.csv.16.1.vc.C 
OLE time: 0.4480
==== Ans-fold compression
Command: /home/louza/mm-repair/ans/encode.x /mnt/data/datasets/machine-learning-matrices-split/census.csv.16.1.vc.C 
Ans-fold time: 0.4435
==== Integer vector .C compression
Command: /home/louza/mm-repair/sdsl/encode.x /mnt/data/datasets/machine-learning-matrices-split/census.csv.16.2.vc.C 
==== Integer vector .R compression
Command: /home/louza/mm-repair/sdsl/encode.x /mnt/data/datasets/machine-learning-matrices-split/census.csv.16.2.vc.R 
Integer vector compression time: 0.3694
==== OLE
Command: /home/louza/mm-repair/ole/encode.x /mnt/data/datasets/machine-learning-matrices-split/census.csv.16.2.vc.C 
OLE time: 0.3853
==== Ans-fold compression
Command: /home/louza/mm-repair/ans/encode.x /mnt/data/datasets/machine-learning-matrices-split/census.csv.16.2.vc.C 
Ans-fold time: 1.0063
==== Integer vector .C compression
Command: /home/louza/mm-repair/sdsl/encode.x /mnt/data/datasets/machine-learning-matrices-split/census.csv.16.3.vc.C 
==== Integer vector .R compression
Command: /home/louza/mm-repair/sdsl/encode.x /mnt/data/datasets/machine-learning-matrices-split/census.csv.16.3.vc.R 
Integer vector compression time: 0.5473
==== OLE
Command: /home/louza/mm-repair/ole/encode.x /mnt/data/datasets/machine-learning-matrices-split/census.csv.16.3.vc.C 
OLE time: 0.3707
==== Ans-fold compression
Command: /home/louza/mm-repair/ans/encode.x /mnt/data/datasets/machine-learning-matrices-split/census.csv.16.3.vc.C 
Ans-fold time: 1.4051
==== Integer vector .C compression
Command: /home/louza/mm-repair/sdsl/encode.x /mnt/data/datasets/machine-learning-matrices-split/census.csv.16.4.vc.C 
==== Integer vector .R compression
Command: /home/louza/mm-repair/sdsl/encode.x /mnt/data/datasets/machine-learning-matrices-split/census.csv.16.4.vc.R 
Integer vector compression time: 1.2177
==== OLE
Command: /home/louza/mm-repair/ole/encode.x /mnt/data/datasets/machine-learning-matrices-split/census.csv.16.4.vc.C 
OLE time: 0.0612
==== Ans-fold compression
Command: /home/louza/mm-repair/ans/encode.x /mnt/data/datasets/machine-learning-matrices-split/census.csv.16.4.vc.C 
Ans-fold time: 1.7558
==== Integer vector .C compression
Command: /home/louza/mm-repair/sdsl/encode.x /mnt/data/datasets/machine-learning-matrices-split/census.csv.16.5.vc.C 
==== Integer vector .R compression
Command: /home/louza/mm-repair/sdsl/encode.x /mnt/data/datasets/machine-learning-matrices-split/census.csv.16.5.vc.R 
Integer vector compression time: 0.3527
==== OLE
Command: /home/louza/mm-repair/ole/encode.x /mnt/data/datasets/machine-learning-matrices-split/census.csv.16.5.vc.C 
OLE time: 0.1626
==== Ans-fold compression
Command: /home/louza/mm-repair/ans/encode.x /mnt/data/datasets/machine-learning-matrices-split/census.csv.16.5.vc.C 
Ans-fold time: 2.2433
==== Integer vector .C compression
Command: /home/louza/mm-repair/sdsl/encode.x /mnt/data/datasets/machine-learning-matrices-split/census.csv.16.6.vc.C 
==== Integer vector .R compression
Command: /home/louza/mm-repair/sdsl/encode.x /mnt/data/datasets/machine-learning-matrices-split/census.csv.16.6.vc.R 
Integer vector compression time: 0.2396
==== OLE
Command: /home/louza/mm-repair/ole/encode.x /mnt/data/datasets/machine-learning-matrices-split/census.csv.16.6.vc.C 
OLE time: 0.0396
==== Ans-fold compression
Command: /home/louza/mm-repair/ans/encode.x /mnt/data/datasets/machine-learning-matrices-split/census.csv.16.6.vc.C 
Ans-fold time: 2.4316
==== Integer vector .C compression
Command: /home/louza/mm-repair/sdsl/encode.x /mnt/data/datasets/machine-learning-matrices-split/census.csv.16.7.vc.C 
==== Integer vector .R compression
Command: /home/louza/mm-repair/sdsl/encode.x /mnt/data/datasets/machine-learning-matrices-split/census.csv.16.7.vc.R 
Integer vector compression time: 0.4377
==== OLE
Command: /home/louza/mm-repair/ole/encode.x /mnt/data/datasets/machine-learning-matrices-split/census.csv.16.7.vc.C 
OLE time: 0.0349
==== Ans-fold compression
Command: /home/louza/mm-repair/ans/encode.x /mnt/data/datasets/machine-learning-matrices-split/census.csv.16.7.vc.C 
Ans-fold time: 2.5621
==== Integer vector .C compression
Command: /home/louza/mm-repair/sdsl/encode.x /mnt/data/datasets/machine-learning-matrices-split/census.csv.16.8.vc.C 
==== Integer vector .R compression
Command: /home/louza/mm-repair/sdsl/encode.x /mnt/data/datasets/machine-learning-matrices-split/census.csv.16.8.vc.R 
Integer vector compression time: 0.2508
==== OLE
Command: /home/louza/mm-repair/ole/encode.x /mnt/data/datasets/machine-learning-matrices-split/census.csv.16.8.vc.C 
OLE time: 0.0914
==== Ans-fold compression
Command: /home/louza/mm-repair/ans/encode.x /mnt/data/datasets/machine-learning-matrices-split/census.csv.16.8.vc.C 
Ans-fold time: 2.8357
==== Integer vector .C compression
Command: /home/louza/mm-repair/sdsl/encode.x /mnt/data/datasets/machine-learning-matrices-split/census.csv.16.9.vc.C 
==== Integer vector .R compression
Command: /home/louza/mm-repair/sdsl/encode.x /mnt/data/datasets/machine-learning-matrices-split/census.csv.16.9.vc.R 
Integer vector compression time: 0.2016
==== OLE
Command: /home/louza/mm-repair/ole/encode.x /mnt/data/datasets/machine-learning-matrices-split/census.csv.16.9.vc.C 
OLE time: 0.1276
==== Ans-fold compression
Command: /home/louza/mm-repair/ans/encode.x /mnt/data/datasets/machine-learning-matrices-split/census.csv.16.9.vc.C 
Ans-fold time: 3.0020
==== Integer vector .C compression
Command: /home/louza/mm-repair/sdsl/encode.x /mnt/data/datasets/machine-learning-matrices-split/census.csv.16.10.vc.C 
==== Integer vector .R compression
Command: /home/louza/mm-repair/sdsl/encode.x /mnt/data/datasets/machine-learning-matrices-split/census.csv.16.10.vc.R 
Integer vector compression time: 0.2455
==== OLE
Command: /home/louza/mm-repair/ole/encode.x /mnt/data/datasets/machine-learning-matrices-split/census.csv.16.10.vc.C 
OLE time: 0.4169
==== Ans-fold compression
Command: /home/louza/mm-repair/ans/encode.x /mnt/data/datasets/machine-learning-matrices-split/census.csv.16.10.vc.C 
Ans-fold time: 3.2564
==== Integer vector .C compression
Command: /home/louza/mm-repair/sdsl/encode.x /mnt/data/datasets/machine-learning-matrices-split/census.csv.16.11.vc.C 
==== Integer vector .R compression
Command: /home/louza/mm-repair/sdsl/encode.x /mnt/data/datasets/machine-learning-matrices-split/census.csv.16.11.vc.R 
Integer vector compression time: 0.2999
==== OLE
Command: /home/louza/mm-repair/ole/encode.x /mnt/data/datasets/machine-learning-matrices-split/census.csv.16.11.vc.C 
OLE time: 0.0505
==== Ans-fold compression
Command: /home/louza/mm-repair/ans/encode.x /mnt/data/datasets/machine-learning-matrices-split/census.csv.16.11.vc.C 
Ans-fold time: 3.3536
==== Integer vector .C compression
Command: /home/louza/mm-repair/sdsl/encode.x /mnt/data/datasets/machine-learning-matrices-split/census.csv.16.12.vc.C 
==== Integer vector .R compression
Command: /home/louza/mm-repair/sdsl/encode.x /mnt/data/datasets/machine-learning-matrices-split/census.csv.16.12.vc.R 
Integer vector compression time: 0.1911
==== OLE
Command: /home/louza/mm-repair/ole/encode.x /mnt/data/datasets/machine-learning-matrices-split/census.csv.16.12.vc.C 
OLE time: 0.1455
==== Ans-fold compression
Command: /home/louza/mm-repair/ans/encode.x /mnt/data/datasets/machine-learning-matrices-split/census.csv.16.12.vc.C 
Ans-fold time: 3.5502
==== Integer vector .C compression
Command: /home/louza/mm-repair/sdsl/encode.x /mnt/data/datasets/machine-learning-matrices-split/census.csv.16.13.vc.C 
==== Integer vector .R compression
Command: /home/louza/mm-repair/sdsl/encode.x /mnt/data/datasets/machine-learning-matrices-split/census.csv.16.13.vc.R 
Integer vector compression time: 0.1751
==== OLE
Command: /home/louza/mm-repair/ole/encode.x /mnt/data/datasets/machine-learning-matrices-split/census.csv.16.13.vc.C 
OLE time: 0.2724
==== Ans-fold compression
Command: /home/louza/mm-repair/ans/encode.x /mnt/data/datasets/machine-learning-matrices-split/census.csv.16.13.vc.C 
Ans-fold time: 3.7974
==== Integer vector .C compression
Command: /home/louza/mm-repair/sdsl/encode.x /mnt/data/datasets/machine-learning-matrices-split/census.csv.16.14.vc.C 
==== Integer vector .R compression
Command: /home/louza/mm-repair/sdsl/encode.x /mnt/data/datasets/machine-learning-matrices-split/census.csv.16.14.vc.R 
Integer vector compression time: 0.4601
==== OLE
Command: /home/louza/mm-repair/ole/encode.x /mnt/data/datasets/machine-learning-matrices-split/census.csv.16.14.vc.C 
OLE time: 0.0420
==== Ans-fold compression
Command: /home/louza/mm-repair/ans/encode.x /mnt/data/datasets/machine-learning-matrices-split/census.csv.16.14.vc.C 
Ans-fold time: 3.8522
==== Integer vector .C compression
Command: /home/louza/mm-repair/sdsl/encode.x /mnt/data/datasets/machine-learning-matrices-split/census.csv.16.15.vc.C 
==== Integer vector .R compression
Command: /home/louza/mm-repair/sdsl/encode.x /mnt/data/datasets/machine-learning-matrices-split/census.csv.16.15.vc.R 
Integer vector compression time: 0.0660
==== OLE
Command: /home/louza/mm-repair/ole/encode.x /mnt/data/datasets/machine-learning-matrices-split/census.csv.16.15.vc.C 
OLE time: 0.0357
==== Ans-fold compression
Command: /home/louza/mm-repair/ans/encode.x /mnt/data/datasets/machine-learning-matrices-split/census.csv.16.15.vc.C 
Ans-fold time: 4.2427
Command: /home/louza/mm-repair/ans/encode.x /mnt/data/datasets/machine-learning-matrices-split/census.csv.wcode 
Elapsed time: 81.0853
==== Compression Report:
 >> matrix name: /mnt/data/datasets/machine-learning-matrices-split/census.csv
 >> conversion time: 62.78
 >> repair time: 4.08
 >> integer vectors time: 0.07
 >> ansf time: 4.24
 >> total time: 81.09
 >> wcode: 1324 bytes
 >> wcode_ans: 178 bytes
 >> matrix log(alpha)xNumEntries size: 125372535 bytes
 >> matrix dense size: 1337307040 bytes
 >> total number of nonzero: 71928503 (43.03%)
 >> number of distinct nonzero: 45
 >> CRSV  size: 297547512 bytes  (22.25%)
 >> RE32  size: 56760496 bytes  (4.24%)
 >> REIV  size: 30155172 bytes  (2.25%)
 >> REANS size: 23566802 bytes  (1.76%)
==== Done

#### 2026-09-04 08:43:46
 Command line: ./mm-repair/matrepair -r -b 16 -p 16 /mnt/data/datasets/machine-learning-matrices-split/census.csv 2458285 68 --ole --split 
Setting memory for each repair instance to 29003 MBs
Sending logging messages to file: /mnt/data/datasets/machine-learning-matrices-split/census.csv.log
==== Conversion bin/csv->csrv
Command: /home/louza/mm-repair/csvmat2csrv -b 16   /mnt/data/datasets/machine-learning-matrices-split/census.csv -r 0  -s 2458285 68
Conversion time: 90.0439
==== Repair paralell compression
---- Executing 16 parallel processes
---- Parallel processing completed
Repair time: 3.6249
==== Integer vector .C compression
Command: /home/louza/mm-repair/sdsl/encode.x /mnt/data/datasets/machine-learning-matrices-split/census.csv.16.0.A.vc.C 
==== Integer vector .R compression
Command: /home/louza/mm-repair/sdsl/encode.x /mnt/data/datasets/machine-learning-matrices-split/census.csv.16.0.A.vc.R 
Integer vector compression time: 0.4279
==== OLE
Command: /home/louza/mm-repair/ole/encode.x /mnt/data/datasets/machine-learning-matrices-split/census.csv.16.0.A.vc.C 
Command: /home/louza/mm-repair/ole/encode.x /mnt/data/datasets/machine-learning-matrices-split/census.csv.16.0.B.vc 
OLE time: 0.4587
==== Ans-fold compression
Command: /home/louza/mm-repair/ans/encode.x /mnt/data/datasets/machine-learning-matrices-split/census.csv.16.0.A.vc.C 
Command: /home/louza/mm-repair/ans/encode.x /mnt/data/datasets/machine-learning-matrices-split/census.csv.16.0.B.vc
Ans-fold time: 0.2908
==== Integer vector .C compression
Command: /home/louza/mm-repair/sdsl/encode.x /mnt/data/datasets/machine-learning-matrices-split/census.csv.16.1.A.vc.C 
==== Integer vector .R compression
Command: /home/louza/mm-repair/sdsl/encode.x /mnt/data/datasets/machine-learning-matrices-split/census.csv.16.1.A.vc.R 
Integer vector compression time: 0.8573
==== OLE
Command: /home/louza/mm-repair/ole/encode.x /mnt/data/datasets/machine-learning-matrices-split/census.csv.16.1.A.vc.C 
Command: /home/louza/mm-repair/ole/encode.x /mnt/data/datasets/machine-learning-matrices-split/census.csv.16.1.B.vc 
OLE time: 0.3957
==== Ans-fold compression
Command: /home/louza/mm-repair/ans/encode.x /mnt/data/datasets/machine-learning-matrices-split/census.csv.16.1.A.vc.C 
Command: /home/louza/mm-repair/ans/encode.x /mnt/data/datasets/machine-learning-matrices-split/census.csv.16.1.B.vc
Ans-fold time: 0.6402
==== Integer vector .C compression
Command: /home/louza/mm-repair/sdsl/encode.x /mnt/data/datasets/machine-learning-matrices-split/census.csv.16.2.A.vc.C 
==== Integer vector .R compression
Command: /home/louza/mm-repair/sdsl/encode.x /mnt/data/datasets/machine-learning-matrices-split/census.csv.16.2.A.vc.R 
Integer vector compression time: 1.0062
==== OLE
Command: /home/louza/mm-repair/ole/encode.x /mnt/data/datasets/machine-learning-matrices-split/census.csv.16.2.A.vc.C 
Command: /home/louza/mm-repair/ole/encode.x /mnt/data/datasets/machine-learning-matrices-split/census.csv.16.2.B.vc 
OLE time: 0.1363
==== Ans-fold compression
Command: /home/louza/mm-repair/ans/encode.x /mnt/data/datasets/machine-learning-matrices-split/census.csv.16.2.A.vc.C 
Command: /home/louza/mm-repair/ans/encode.x /mnt/data/datasets/machine-learning-matrices-split/census.csv.16.2.B.vc
Ans-fold time: 1.1593
==== Integer vector .C compression
Command: /home/louza/mm-repair/sdsl/encode.x /mnt/data/datasets/machine-learning-matrices-split/census.csv.16.3.A.vc.C 
==== Integer vector .R compression
Command: /home/louza/mm-repair/sdsl/encode.x /mnt/data/datasets/machine-learning-matrices-split/census.csv.16.3.A.vc.R 
Integer vector compression time: 0.2827
==== OLE
Command: /home/louza/mm-repair/ole/encode.x /mnt/data/datasets/machine-learning-matrices-split/census.csv.16.3.A.vc.C 
Command: /home/louza/mm-repair/ole/encode.x /mnt/data/datasets/machine-learning-matrices-split/census.csv.16.3.B.vc 
OLE time: 0.2129
==== Ans-fold compression
Command: /home/louza/mm-repair/ans/encode.x /mnt/data/datasets/machine-learning-matrices-split/census.csv.16.3.A.vc.C 
Command: /home/louza/mm-repair/ans/encode.x /mnt/data/datasets/machine-learning-matrices-split/census.csv.16.3.B.vc
Ans-fold time: 1.4529
==== Integer vector .C compression
Command: /home/louza/mm-repair/sdsl/encode.x /mnt/data/datasets/machine-learning-matrices-split/census.csv.16.4.A.vc.C 
==== Integer vector .R compression
Command: /home/louza/mm-repair/sdsl/encode.x /mnt/data/datasets/machine-learning-matrices-split/census.csv.16.4.A.vc.R 
Integer vector compression time: 0.3516
==== OLE
Command: /home/louza/mm-repair/ole/encode.x /mnt/data/datasets/machine-learning-matrices-split/census.csv.16.4.A.vc.C 
Command: /home/louza/mm-repair/ole/encode.x /mnt/data/datasets/machine-learning-matrices-split/census.csv.16.4.B.vc 
OLE time: 0.5655
==== Ans-fold compression
Command: /home/louza/mm-repair/ans/encode.x /mnt/data/datasets/machine-learning-matrices-split/census.csv.16.4.A.vc.C 
Command: /home/louza/mm-repair/ans/encode.x /mnt/data/datasets/machine-learning-matrices-split/census.csv.16.4.B.vc
Ans-fold time: 1.8292
==== Integer vector .C compression
Command: /home/louza/mm-repair/sdsl/encode.x /mnt/data/datasets/machine-learning-matrices-split/census.csv.16.5.A.vc.C 
==== Integer vector .R compression
Command: /home/louza/mm-repair/sdsl/encode.x /mnt/data/datasets/machine-learning-matrices-split/census.csv.16.5.A.vc.R 
Integer vector compression time: 1.1139
==== OLE
Command: /home/louza/mm-repair/ole/encode.x /mnt/data/datasets/machine-learning-matrices-split/census.csv.16.5.A.vc.C 
Command: /home/louza/mm-repair/ole/encode.x /mnt/data/datasets/machine-learning-matrices-split/census.csv.16.5.B.vc 
OLE time: 0.2762
==== Ans-fold compression
Command: /home/louza/mm-repair/ans/encode.x /mnt/data/datasets/machine-learning-matrices-split/census.csv.16.5.A.vc.C 
Command: /home/louza/mm-repair/ans/encode.x /mnt/data/datasets/machine-learning-matrices-split/census.csv.16.5.B.vc
Ans-fold time: 2.2461
==== Integer vector .C compression
Command: /home/louza/mm-repair/sdsl/encode.x /mnt/data/datasets/machine-learning-matrices-split/census.csv.16.6.A.vc.C 
==== Integer vector .R compression
Command: /home/louza/mm-repair/sdsl/encode.x /mnt/data/datasets/machine-learning-matrices-split/census.csv.16.6.A.vc.R 
Integer vector compression time: 0.5132
==== OLE
Command: /home/louza/mm-repair/ole/encode.x /mnt/data/datasets/machine-learning-matrices-split/census.csv.16.6.A.vc.C 
Command: /home/louza/mm-repair/ole/encode.x /mnt/data/datasets/machine-learning-matrices-split/census.csv.16.6.B.vc 
OLE time: 0.3769
==== Ans-fold compression
Command: /home/louza/mm-repair/ans/encode.x /mnt/data/datasets/machine-learning-matrices-split/census.csv.16.6.A.vc.C 
Command: /home/louza/mm-repair/ans/encode.x /mnt/data/datasets/machine-learning-matrices-split/census.csv.16.6.B.vc
Ans-fold time: 2.7597
==== Integer vector .C compression
Command: /home/louza/mm-repair/sdsl/encode.x /mnt/data/datasets/machine-learning-matrices-split/census.csv.16.7.A.vc.C 
==== Integer vector .R compression
Command: /home/louza/mm-repair/sdsl/encode.x /mnt/data/datasets/machine-learning-matrices-split/census.csv.16.7.A.vc.R 
Integer vector compression time: 0.4566
==== OLE
Command: /home/louza/mm-repair/ole/encode.x /mnt/data/datasets/machine-learning-matrices-split/census.csv.16.7.A.vc.C 
Command: /home/louza/mm-repair/ole/encode.x /mnt/data/datasets/machine-learning-matrices-split/census.csv.16.7.B.vc 
OLE time: 0.0076
==== Ans-fold compression
Command: /home/louza/mm-repair/ans/encode.x /mnt/data/datasets/machine-learning-matrices-split/census.csv.16.7.A.vc.C 
Command: /home/louza/mm-repair/ans/encode.x /mnt/data/datasets/machine-learning-matrices-split/census.csv.16.7.B.vc
Ans-fold time: 3.5115
==== Integer vector .C compression
Command: /home/louza/mm-repair/sdsl/encode.x /mnt/data/datasets/machine-learning-matrices-split/census.csv.16.8.A.vc.C 
==== Integer vector .R compression
Command: /home/louza/mm-repair/sdsl/encode.x /mnt/data/datasets/machine-learning-matrices-split/census.csv.16.8.A.vc.R 
Integer vector compression time: 0.6910
==== OLE
Command: /home/louza/mm-repair/ole/encode.x /mnt/data/datasets/machine-learning-matrices-split/census.csv.16.8.A.vc.C 
Command: /home/louza/mm-repair/ole/encode.x /mnt/data/datasets/machine-learning-matrices-split/census.csv.16.8.B.vc 
OLE time: 0.0236
==== Ans-fold compression
Command: /home/louza/mm-repair/ans/encode.x /mnt/data/datasets/machine-learning-matrices-split/census.csv.16.8.A.vc.C 
Command: /home/louza/mm-repair/ans/encode.x /mnt/data/datasets/machine-learning-matrices-split/census.csv.16.8.B.vc
Ans-fold time: 4.1531
==== Integer vector .C compression
Command: /home/louza/mm-repair/sdsl/encode.x /mnt/data/datasets/machine-learning-matrices-split/census.csv.16.9.A.vc.C 
==== Integer vector .R compression
Command: /home/louza/mm-repair/sdsl/encode.x /mnt/data/datasets/machine-learning-matrices-split/census.csv.16.9.A.vc.R 
Integer vector compression time: 0.3796
==== OLE
Command: /home/louza/mm-repair/ole/encode.x /mnt/data/datasets/machine-learning-matrices-split/census.csv.16.9.A.vc.C 
Command: /home/louza/mm-repair/ole/encode.x /mnt/data/datasets/machine-learning-matrices-split/census.csv.16.9.B.vc 
OLE time: 0.0117
==== Ans-fold compression
Command: /home/louza/mm-repair/ans/encode.x /mnt/data/datasets/machine-learning-matrices-split/census.csv.16.9.A.vc.C 
Command: /home/louza/mm-repair/ans/encode.x /mnt/data/datasets/machine-learning-matrices-split/census.csv.16.9.B.vc
Ans-fold time: 4.6102
==== Integer vector .C compression
Command: /home/louza/mm-repair/sdsl/encode.x /mnt/data/datasets/machine-learning-matrices-split/census.csv.16.10.A.vc.C 
==== Integer vector .R compression
Command: /home/louza/mm-repair/sdsl/encode.x /mnt/data/datasets/machine-learning-matrices-split/census.csv.16.10.A.vc.R 
Integer vector compression time: 0.5828
==== OLE
Command: /home/louza/mm-repair/ole/encode.x /mnt/data/datasets/machine-learning-matrices-split/census.csv.16.10.A.vc.C 
Command: /home/louza/mm-repair/ole/encode.x /mnt/data/datasets/machine-learning-matrices-split/census.csv.16.10.B.vc 
OLE time: 0.2999
==== Ans-fold compression
Command: /home/louza/mm-repair/ans/encode.x /mnt/data/datasets/machine-learning-matrices-split/census.csv.16.10.A.vc.C 
Command: /home/louza/mm-repair/ans/encode.x /mnt/data/datasets/machine-learning-matrices-split/census.csv.16.10.B.vc
Ans-fold time: 5.0980
==== Integer vector .C compression
Command: /home/louza/mm-repair/sdsl/encode.x /mnt/data/datasets/machine-learning-matrices-split/census.csv.16.11.A.vc.C 
==== Integer vector .R compression
Command: /home/louza/mm-repair/sdsl/encode.x /mnt/data/datasets/machine-learning-matrices-split/census.csv.16.11.A.vc.R 
Integer vector compression time: 0.1954
==== OLE
Command: /home/louza/mm-repair/ole/encode.x /mnt/data/datasets/machine-learning-matrices-split/census.csv.16.11.A.vc.C 
Command: /home/louza/mm-repair/ole/encode.x /mnt/data/datasets/machine-learning-matrices-split/census.csv.16.11.B.vc 
OLE time: 0.0382
==== Ans-fold compression
Command: /home/louza/mm-repair/ans/encode.x /mnt/data/datasets/machine-learning-matrices-split/census.csv.16.11.A.vc.C 
Command: /home/louza/mm-repair/ans/encode.x /mnt/data/datasets/machine-learning-matrices-split/census.csv.16.11.B.vc
Ans-fold time: 5.4242
==== Integer vector .C compression
Command: /home/louza/mm-repair/sdsl/encode.x /mnt/data/datasets/machine-learning-matrices-split/census.csv.16.12.A.vc.C 
==== Integer vector .R compression
Command: /home/louza/mm-repair/sdsl/encode.x /mnt/data/datasets/machine-learning-matrices-split/census.csv.16.12.A.vc.R 
Integer vector compression time: 0.6247
==== OLE
Command: /home/louza/mm-repair/ole/encode.x /mnt/data/datasets/machine-learning-matrices-split/census.csv.16.12.A.vc.C 
Command: /home/louza/mm-repair/ole/encode.x /mnt/data/datasets/machine-learning-matrices-split/census.csv.16.12.B.vc 
OLE time: 0.0116
==== Ans-fold compression
Command: /home/louza/mm-repair/ans/encode.x /mnt/data/datasets/machine-learning-matrices-split/census.csv.16.12.A.vc.C 
Command: /home/louza/mm-repair/ans/encode.x /mnt/data/datasets/machine-learning-matrices-split/census.csv.16.12.B.vc
Ans-fold time: 5.8148
==== Integer vector .C compression
Command: /home/louza/mm-repair/sdsl/encode.x /mnt/data/datasets/machine-learning-matrices-split/census.csv.16.13.A.vc.C 
==== Integer vector .R compression
Command: /home/louza/mm-repair/sdsl/encode.x /mnt/data/datasets/machine-learning-matrices-split/census.csv.16.13.A.vc.R 
Integer vector compression time: 0.3503
==== OLE
Command: /home/louza/mm-repair/ole/encode.x /mnt/data/datasets/machine-learning-matrices-split/census.csv.16.13.A.vc.C 
Command: /home/louza/mm-repair/ole/encode.x /mnt/data/datasets/machine-learning-matrices-split/census.csv.16.13.B.vc 
OLE time: 0.0080
==== Ans-fold compression
Command: /home/louza/mm-repair/ans/encode.x /mnt/data/datasets/machine-learning-matrices-split/census.csv.16.13.A.vc.C 
Command: /home/louza/mm-repair/ans/encode.x /mnt/data/datasets/machine-learning-matrices-split/census.csv.16.13.B.vc
Ans-fold time: 6.4021
==== Integer vector .C compression
Command: /home/louza/mm-repair/sdsl/encode.x /mnt/data/datasets/machine-learning-matrices-split/census.csv.16.14.A.vc.C 
==== Integer vector .R compression
Command: /home/louza/mm-repair/sdsl/encode.x /mnt/data/datasets/machine-learning-matrices-split/census.csv.16.14.A.vc.R 
Integer vector compression time: 0.7627
==== OLE
Command: /home/louza/mm-repair/ole/encode.x /mnt/data/datasets/machine-learning-matrices-split/census.csv.16.14.A.vc.C 
Command: /home/louza/mm-repair/ole/encode.x /mnt/data/datasets/machine-learning-matrices-split/census.csv.16.14.B.vc 
OLE time: 0.0107
==== Ans-fold compression
Command: /home/louza/mm-repair/ans/encode.x /mnt/data/datasets/machine-learning-matrices-split/census.csv.16.14.A.vc.C 
Command: /home/louza/mm-repair/ans/encode.x /mnt/data/datasets/machine-learning-matrices-split/census.csv.16.14.B.vc
Ans-fold time: 6.7192
==== Integer vector .C compression
Command: /home/louza/mm-repair/sdsl/encode.x /mnt/data/datasets/machine-learning-matrices-split/census.csv.16.15.A.vc.C 
==== Integer vector .R compression
Command: /home/louza/mm-repair/sdsl/encode.x /mnt/data/datasets/machine-learning-matrices-split/census.csv.16.15.A.vc.R 
Integer vector compression time: 0.6592
==== OLE
Command: /home/louza/mm-repair/ole/encode.x /mnt/data/datasets/machine-learning-matrices-split/census.csv.16.15.A.vc.C 
Command: /home/louza/mm-repair/ole/encode.x /mnt/data/datasets/machine-learning-matrices-split/census.csv.16.15.B.vc 
OLE time: 0.0129
==== Ans-fold compression
Command: /home/louza/mm-repair/ans/encode.x /mnt/data/datasets/machine-learning-matrices-split/census.csv.16.15.A.vc.C 
Command: /home/louza/mm-repair/ans/encode.x /mnt/data/datasets/machine-learning-matrices-split/census.csv.16.15.B.vc
Ans-fold time: 6.9843
Elapsed time: 117.2176
==== Compression Report:
 >> matrix name: /mnt/data/datasets/machine-learning-matrices-split/census.csv
 >> conversion time: 90.04
 >> repair time: 3.62
 >> integer vectors time: 0.66
 >> ansf time: 6.98
 >> total time: 117.22
 >> matrix log(alpha)xNumEntries size: 125372535 bytes
 >> matrix dense size: 1337307040 bytes
 >> total number of nonzero: 71927335 (43.03%)
 >> number of distinct nonzero: 45
 >> CRSV  size: 297542840 bytes  (22.25%)
 >> B	  size: 9837812 bytes  (0.74%)
 >> B_ans size: 4253 bytes  (0.00%)
 >> RE32  size: 56758473 bytes  (4.24%)
 >> REIV  size: 30155525 bytes  (2.25%)
 >> REANS size: 23746674 bytes  (1.78%)
==== Done

#### 2026-09-04 08:45:43
 Command line: ./mm-repair/matrepair -r -b 16 -p 16 /mnt/data/datasets/machine-learning-matrices-split/census.csv 2458285 68 --mapping --split 
Setting memory for each repair instance to 29003 MBs
Sending logging messages to file: /mnt/data/datasets/machine-learning-matrices-split/census.csv.log
==== Conversion bin/csv->csrv
Command: /home/louza/mm-repair/csvmat2csrv -b 16   /mnt/data/datasets/machine-learning-matrices-split/census.csv -r 0 -m -s 2458285 68
Conversion time: 76.4298
==== Repair paralell compression
---- Executing 16 parallel processes
---- Parallel processing completed
Repair time: 3.3842
==== Integer vector .C compression
Command: /home/louza/mm-repair/sdsl/encode.x /mnt/data/datasets/machine-learning-matrices-split/census.csv.16.0.A.vc.C 
==== Integer vector .R compression
Command: /home/louza/mm-repair/sdsl/encode.x /mnt/data/datasets/machine-learning-matrices-split/census.csv.16.0.A.vc.R 
Integer vector compression time: 0.3805
==== Ans-fold compression
Command: /home/louza/mm-repair/ans/encode.x /mnt/data/datasets/machine-learning-matrices-split/census.csv.16.0.A.vc.C 
Command: /home/louza/mm-repair/ans/encode.x /mnt/data/datasets/machine-learning-matrices-split/census.csv.16.0.B.vc
Ans-fold time: 0.3060
==== Integer vector .C compression
Command: /home/louza/mm-repair/sdsl/encode.x /mnt/data/datasets/machine-learning-matrices-split/census.csv.16.1.A.vc.C 
==== Integer vector .R compression
Command: /home/louza/mm-repair/sdsl/encode.x /mnt/data/datasets/machine-learning-matrices-split/census.csv.16.1.A.vc.R 
Integer vector compression time: 0.3302
==== Ans-fold compression
Command: /home/louza/mm-repair/ans/encode.x /mnt/data/datasets/machine-learning-matrices-split/census.csv.16.1.A.vc.C 
Command: /home/louza/mm-repair/ans/encode.x /mnt/data/datasets/machine-learning-matrices-split/census.csv.16.1.B.vc
Ans-fold time: 0.6796
==== Integer vector .C compression
Command: /home/louza/mm-repair/sdsl/encode.x /mnt/data/datasets/machine-learning-matrices-split/census.csv.16.2.A.vc.C 
==== Integer vector .R compression
Command: /home/louza/mm-repair/sdsl/encode.x /mnt/data/datasets/machine-learning-matrices-split/census.csv.16.2.A.vc.R 
Integer vector compression time: 0.1077
==== Ans-fold compression
Command: /home/louza/mm-repair/ans/encode.x /mnt/data/datasets/machine-learning-matrices-split/census.csv.16.2.A.vc.C 
Command: /home/louza/mm-repair/ans/encode.x /mnt/data/datasets/machine-learning-matrices-split/census.csv.16.2.B.vc
Ans-fold time: 1.0543
==== Integer vector .C compression
Command: /home/louza/mm-repair/sdsl/encode.x /mnt/data/datasets/machine-learning-matrices-split/census.csv.16.3.A.vc.C 
==== Integer vector .R compression
Command: /home/louza/mm-repair/sdsl/encode.x /mnt/data/datasets/machine-learning-matrices-split/census.csv.16.3.A.vc.R 
Integer vector compression time: 0.2593
==== Ans-fold compression
Command: /home/louza/mm-repair/ans/encode.x /mnt/data/datasets/machine-learning-matrices-split/census.csv.16.3.A.vc.C 
Command: /home/louza/mm-repair/ans/encode.x /mnt/data/datasets/machine-learning-matrices-split/census.csv.16.3.B.vc
Ans-fold time: 1.1640
==== Integer vector .C compression
Command: /home/louza/mm-repair/sdsl/encode.x /mnt/data/datasets/machine-learning-matrices-split/census.csv.16.4.A.vc.C 
==== Integer vector .R compression
Command: /home/louza/mm-repair/sdsl/encode.x /mnt/data/datasets/machine-learning-matrices-split/census.csv.16.4.A.vc.R 
Integer vector compression time: 0.2641
==== Ans-fold compression
Command: /home/louza/mm-repair/ans/encode.x /mnt/data/datasets/machine-learning-matrices-split/census.csv.16.4.A.vc.C 
Command: /home/louza/mm-repair/ans/encode.x /mnt/data/datasets/machine-learning-matrices-split/census.csv.16.4.B.vc
Ans-fold time: 1.3414
==== Integer vector .C compression
Command: /home/louza/mm-repair/sdsl/encode.x /mnt/data/datasets/machine-learning-matrices-split/census.csv.16.5.A.vc.C 
==== Integer vector .R compression
Command: /home/louza/mm-repair/sdsl/encode.x /mnt/data/datasets/machine-learning-matrices-split/census.csv.16.5.A.vc.R 
Integer vector compression time: 0.5408
==== Ans-fold compression
Command: /home/louza/mm-repair/ans/encode.x /mnt/data/datasets/machine-learning-matrices-split/census.csv.16.5.A.vc.C 
Command: /home/louza/mm-repair/ans/encode.x /mnt/data/datasets/machine-learning-matrices-split/census.csv.16.5.B.vc
Ans-fold time: 1.5319
==== Integer vector .C compression
Command: /home/louza/mm-repair/sdsl/encode.x /mnt/data/datasets/machine-learning-matrices-split/census.csv.16.6.A.vc.C 
==== Integer vector .R compression
Command: /home/louza/mm-repair/sdsl/encode.x /mnt/data/datasets/machine-learning-matrices-split/census.csv.16.6.A.vc.R 
Integer vector compression time: 0.2619
==== Ans-fold compression
Command: /home/louza/mm-repair/ans/encode.x /mnt/data/datasets/machine-learning-matrices-split/census.csv.16.6.A.vc.C 
Command: /home/louza/mm-repair/ans/encode.x /mnt/data/datasets/machine-learning-matrices-split/census.csv.16.6.B.vc
Ans-fold time: 1.6391
==== Integer vector .C compression
Command: /home/louza/mm-repair/sdsl/encode.x /mnt/data/datasets/machine-learning-matrices-split/census.csv.16.7.A.vc.C 
==== Integer vector .R compression
Command: /home/louza/mm-repair/sdsl/encode.x /mnt/data/datasets/machine-learning-matrices-split/census.csv.16.7.A.vc.R 
Integer vector compression time: 0.2893
==== Ans-fold compression
Command: /home/louza/mm-repair/ans/encode.x /mnt/data/datasets/machine-learning-matrices-split/census.csv.16.7.A.vc.C 
Command: /home/louza/mm-repair/ans/encode.x /mnt/data/datasets/machine-learning-matrices-split/census.csv.16.7.B.vc
Ans-fold time: 2.0345
==== Integer vector .C compression
Command: /home/louza/mm-repair/sdsl/encode.x /mnt/data/datasets/machine-learning-matrices-split/census.csv.16.8.A.vc.C 
==== Integer vector .R compression
Command: /home/louza/mm-repair/sdsl/encode.x /mnt/data/datasets/machine-learning-matrices-split/census.csv.16.8.A.vc.R 
Integer vector compression time: 0.2916
==== Ans-fold compression
Command: /home/louza/mm-repair/ans/encode.x /mnt/data/datasets/machine-learning-matrices-split/census.csv.16.8.A.vc.C 
Command: /home/louza/mm-repair/ans/encode.x /mnt/data/datasets/machine-learning-matrices-split/census.csv.16.8.B.vc
Ans-fold time: 2.2841
==== Integer vector .C compression
Command: /home/louza/mm-repair/sdsl/encode.x /mnt/data/datasets/machine-learning-matrices-split/census.csv.16.9.A.vc.C 
==== Integer vector .R compression
Command: /home/louza/mm-repair/sdsl/encode.x /mnt/data/datasets/machine-learning-matrices-split/census.csv.16.9.A.vc.R 
Integer vector compression time: 0.4727
==== Ans-fold compression
Command: /home/louza/mm-repair/ans/encode.x /mnt/data/datasets/machine-learning-matrices-split/census.csv.16.9.A.vc.C 
Command: /home/louza/mm-repair/ans/encode.x /mnt/data/datasets/machine-learning-matrices-split/census.csv.16.9.B.vc
Ans-fold time: 2.4436
==== Integer vector .C compression
Command: /home/louza/mm-repair/sdsl/encode.x /mnt/data/datasets/machine-learning-matrices-split/census.csv.16.10.A.vc.C 
==== Integer vector .R compression
Command: /home/louza/mm-repair/sdsl/encode.x /mnt/data/datasets/machine-learning-matrices-split/census.csv.16.10.A.vc.R 
Integer vector compression time: 0.2188
==== Ans-fold compression
Command: /home/louza/mm-repair/ans/encode.x /mnt/data/datasets/machine-learning-matrices-split/census.csv.16.10.A.vc.C 
Command: /home/louza/mm-repair/ans/encode.x /mnt/data/datasets/machine-learning-matrices-split/census.csv.16.10.B.vc
Ans-fold time: 2.6583
==== Integer vector .C compression
Command: /home/louza/mm-repair/sdsl/encode.x /mnt/data/datasets/machine-learning-matrices-split/census.csv.16.11.A.vc.C 
==== Integer vector .R compression
Command: /home/louza/mm-repair/sdsl/encode.x /mnt/data/datasets/machine-learning-matrices-split/census.csv.16.11.A.vc.R 
Integer vector compression time: 0.1909
==== Ans-fold compression
Command: /home/louza/mm-repair/ans/encode.x /mnt/data/datasets/machine-learning-matrices-split/census.csv.16.11.A.vc.C 
Command: /home/louza/mm-repair/ans/encode.x /mnt/data/datasets/machine-learning-matrices-split/census.csv.16.11.B.vc
Ans-fold time: 2.7547
==== Integer vector .C compression
Command: /home/louza/mm-repair/sdsl/encode.x /mnt/data/datasets/machine-learning-matrices-split/census.csv.16.12.A.vc.C 
==== Integer vector .R compression
Command: /home/louza/mm-repair/sdsl/encode.x /mnt/data/datasets/machine-learning-matrices-split/census.csv.16.12.A.vc.R 
Integer vector compression time: 0.2324
==== Ans-fold compression
Command: /home/louza/mm-repair/ans/encode.x /mnt/data/datasets/machine-learning-matrices-split/census.csv.16.12.A.vc.C 
Command: /home/louza/mm-repair/ans/encode.x /mnt/data/datasets/machine-learning-matrices-split/census.csv.16.12.B.vc
Ans-fold time: 2.9770
==== Integer vector .C compression
Command: /home/louza/mm-repair/sdsl/encode.x /mnt/data/datasets/machine-learning-matrices-split/census.csv.16.13.A.vc.C 
==== Integer vector .R compression
Command: /home/louza/mm-repair/sdsl/encode.x /mnt/data/datasets/machine-learning-matrices-split/census.csv.16.13.A.vc.R 
Integer vector compression time: 0.7726
==== Ans-fold compression
Command: /home/louza/mm-repair/ans/encode.x /mnt/data/datasets/machine-learning-matrices-split/census.csv.16.13.A.vc.C 
Command: /home/louza/mm-repair/ans/encode.x /mnt/data/datasets/machine-learning-matrices-split/census.csv.16.13.B.vc
Ans-fold time: 3.3878
==== Integer vector .C compression
Command: /home/louza/mm-repair/sdsl/encode.x /mnt/data/datasets/machine-learning-matrices-split/census.csv.16.14.A.vc.C 
==== Integer vector .R compression
Command: /home/louza/mm-repair/sdsl/encode.x /mnt/data/datasets/machine-learning-matrices-split/census.csv.16.14.A.vc.R 
Integer vector compression time: 0.3357
==== Ans-fold compression
Command: /home/louza/mm-repair/ans/encode.x /mnt/data/datasets/machine-learning-matrices-split/census.csv.16.14.A.vc.C 
Command: /home/louza/mm-repair/ans/encode.x /mnt/data/datasets/machine-learning-matrices-split/census.csv.16.14.B.vc
Ans-fold time: 3.6576
==== Integer vector .C compression
Command: /home/louza/mm-repair/sdsl/encode.x /mnt/data/datasets/machine-learning-matrices-split/census.csv.16.15.A.vc.C 
==== Integer vector .R compression
Command: /home/louza/mm-repair/sdsl/encode.x /mnt/data/datasets/machine-learning-matrices-split/census.csv.16.15.A.vc.R 
Integer vector compression time: 0.1100
==== Ans-fold compression
Command: /home/louza/mm-repair/ans/encode.x /mnt/data/datasets/machine-learning-matrices-split/census.csv.16.15.A.vc.C 
Command: /home/louza/mm-repair/ans/encode.x /mnt/data/datasets/machine-learning-matrices-split/census.csv.16.15.B.vc
Ans-fold time: 3.8220
Command: /home/louza/mm-repair/ans/encode.x /mnt/data/datasets/machine-learning-matrices-split/census.csv.wcode 
Elapsed time: 88.8018
==== Compression Report:
 >> matrix name: /mnt/data/datasets/machine-learning-matrices-split/census.csv
 >> conversion time: 76.43
 >> repair time: 3.38
 >> integer vectors time: 0.11
 >> ansf time: 3.82
 >> total time: 88.80
 >> wcode: 1324 bytes
 >> wcode_ans: 178 bytes
 >> matrix log(alpha)xNumEntries size: 125372535 bytes
 >> matrix dense size: 1337307040 bytes
 >> total number of nonzero: 71927335 (43.03%)
 >> number of distinct nonzero: 45
 >> CRSV  size: 297542840 bytes  (22.25%)
 >> B	  size: 9837812 bytes  (0.74%)
 >> B_ans size: 3933 bytes  (0.00%)
 >> RE32  size: 56759477 bytes  (4.24%)
 >> REIV  size: 30156529 bytes  (2.26%)
 >> REANS size: 24488997 bytes  (1.83%)
==== Done

#### 2026-09-04 08:47:12
 Command line: ./mm-repair/matrepair -r -b 16 -p 16 /mnt/data/datasets/machine-learning-matrices-split/census.csv 2458285 68 --ole --mapping --split 
Setting memory for each repair instance to 29003 MBs
Sending logging messages to file: /mnt/data/datasets/machine-learning-matrices-split/census.csv.log
==== Conversion bin/csv->csrv
Command: /home/louza/mm-repair/csvmat2csrv -b 16   /mnt/data/datasets/machine-learning-matrices-split/census.csv -r 0 -m -s 2458285 68
Conversion time: 83.5086
==== Repair paralell compression
---- Executing 16 parallel processes
---- Parallel processing completed
Repair time: 5.6715
==== Integer vector .C compression
Command: /home/louza/mm-repair/sdsl/encode.x /mnt/data/datasets/machine-learning-matrices-split/census.csv.16.0.A.vc.C 
==== Integer vector .R compression
Command: /home/louza/mm-repair/sdsl/encode.x /mnt/data/datasets/machine-learning-matrices-split/census.csv.16.0.A.vc.R 
Integer vector compression time: 0.2746
==== OLE
Command: /home/louza/mm-repair/ole/encode.x /mnt/data/datasets/machine-learning-matrices-split/census.csv.16.0.A.vc.C 
Command: /home/louza/mm-repair/ole/encode.x /mnt/data/datasets/machine-learning-matrices-split/census.csv.16.0.B.vc 
OLE time: 0.2193
==== Ans-fold compression
Command: /home/louza/mm-repair/ans/encode.x /mnt/data/datasets/machine-learning-matrices-split/census.csv.16.0.A.vc.C 
Command: /home/louza/mm-repair/ans/encode.x /mnt/data/datasets/machine-learning-matrices-split/census.csv.16.0.B.vc
Ans-fold time: 0.3891
==== Integer vector .C compression
Command: /home/louza/mm-repair/sdsl/encode.x /mnt/data/datasets/machine-learning-matrices-split/census.csv.16.1.A.vc.C 
==== Integer vector .R compression
Command: /home/louza/mm-repair/sdsl/encode.x /mnt/data/datasets/machine-learning-matrices-split/census.csv.16.1.A.vc.R 
Integer vector compression time: 0.4823
==== OLE
Command: /home/louza/mm-repair/ole/encode.x /mnt/data/datasets/machine-learning-matrices-split/census.csv.16.1.A.vc.C 
Command: /home/louza/mm-repair/ole/encode.x /mnt/data/datasets/machine-learning-matrices-split/census.csv.16.1.B.vc 
OLE time: 0.1123
==== Ans-fold compression
Command: /home/louza/mm-repair/ans/encode.x /mnt/data/datasets/machine-learning-matrices-split/census.csv.16.1.A.vc.C 
Command: /home/louza/mm-repair/ans/encode.x /mnt/data/datasets/machine-learning-matrices-split/census.csv.16.1.B.vc
Ans-fold time: 0.9899
==== Integer vector .C compression
Command: /home/louza/mm-repair/sdsl/encode.x /mnt/data/datasets/machine-learning-matrices-split/census.csv.16.2.A.vc.C 
==== Integer vector .R compression
Command: /home/louza/mm-repair/sdsl/encode.x /mnt/data/datasets/machine-learning-matrices-split/census.csv.16.2.A.vc.R 
Integer vector compression time: 0.6014
==== OLE
Command: /home/louza/mm-repair/ole/encode.x /mnt/data/datasets/machine-learning-matrices-split/census.csv.16.2.A.vc.C 
Command: /home/louza/mm-repair/ole/encode.x /mnt/data/datasets/machine-learning-matrices-split/census.csv.16.2.B.vc 
OLE time: 0.4988
==== Ans-fold compression
Command: /home/louza/mm-repair/ans/encode.x /mnt/data/datasets/machine-learning-matrices-split/census.csv.16.2.A.vc.C 
Command: /home/louza/mm-repair/ans/encode.x /mnt/data/datasets/machine-learning-matrices-split/census.csv.16.2.B.vc
Ans-fold time: 1.5038
==== Integer vector .C compression
Command: /home/louza/mm-repair/sdsl/encode.x /mnt/data/datasets/machine-learning-matrices-split/census.csv.16.3.A.vc.C 
==== Integer vector .R compression
Command: /home/louza/mm-repair/sdsl/encode.x /mnt/data/datasets/machine-learning-matrices-split/census.csv.16.3.A.vc.R 
Integer vector compression time: 0.3894
==== OLE
Command: /home/louza/mm-repair/ole/encode.x /mnt/data/datasets/machine-learning-matrices-split/census.csv.16.3.A.vc.C 
Command: /home/louza/mm-repair/ole/encode.x /mnt/data/datasets/machine-learning-matrices-split/census.csv.16.3.B.vc 
OLE time: 0.1206
==== Ans-fold compression
Command: /home/louza/mm-repair/ans/encode.x /mnt/data/datasets/machine-learning-matrices-split/census.csv.16.3.A.vc.C 
Command: /home/louza/mm-repair/ans/encode.x /mnt/data/datasets/machine-learning-matrices-split/census.csv.16.3.B.vc
Ans-fold time: 2.1025
==== Integer vector .C compression
Command: /home/louza/mm-repair/sdsl/encode.x /mnt/data/datasets/machine-learning-matrices-split/census.csv.16.4.A.vc.C 
==== Integer vector .R compression
Command: /home/louza/mm-repair/sdsl/encode.x /mnt/data/datasets/machine-learning-matrices-split/census.csv.16.4.A.vc.R 
Integer vector compression time: 0.6829
==== OLE
Command: /home/louza/mm-repair/ole/encode.x /mnt/data/datasets/machine-learning-matrices-split/census.csv.16.4.A.vc.C 
Command: /home/louza/mm-repair/ole/encode.x /mnt/data/datasets/machine-learning-matrices-split/census.csv.16.4.B.vc 
OLE time: 0.1903
==== Ans-fold compression
Command: /home/louza/mm-repair/ans/encode.x /mnt/data/datasets/machine-learning-matrices-split/census.csv.16.4.A.vc.C 
Command: /home/louza/mm-repair/ans/encode.x /mnt/data/datasets/machine-learning-matrices-split/census.csv.16.4.B.vc
Ans-fold time: 2.4614
==== Integer vector .C compression
Command: /home/louza/mm-repair/sdsl/encode.x /mnt/data/datasets/machine-learning-matrices-split/census.csv.16.5.A.vc.C 
==== Integer vector .R compression
Command: /home/louza/mm-repair/sdsl/encode.x /mnt/data/datasets/machine-learning-matrices-split/census.csv.16.5.A.vc.R 
Integer vector compression time: 0.4217
==== OLE
Command: /home/louza/mm-repair/ole/encode.x /mnt/data/datasets/machine-learning-matrices-split/census.csv.16.5.A.vc.C 
Command: /home/louza/mm-repair/ole/encode.x /mnt/data/datasets/machine-learning-matrices-split/census.csv.16.5.B.vc 
OLE time: 0.0702
==== Ans-fold compression
Command: /home/louza/mm-repair/ans/encode.x /mnt/data/datasets/machine-learning-matrices-split/census.csv.16.5.A.vc.C 
Command: /home/louza/mm-repair/ans/encode.x /mnt/data/datasets/machine-learning-matrices-split/census.csv.16.5.B.vc
Ans-fold time: 2.6868
==== Integer vector .C compression
Command: /home/louza/mm-repair/sdsl/encode.x /mnt/data/datasets/machine-learning-matrices-split/census.csv.16.6.A.vc.C 
==== Integer vector .R compression
Command: /home/louza/mm-repair/sdsl/encode.x /mnt/data/datasets/machine-learning-matrices-split/census.csv.16.6.A.vc.R 
Integer vector compression time: 0.3121
==== OLE
Command: /home/louza/mm-repair/ole/encode.x /mnt/data/datasets/machine-learning-matrices-split/census.csv.16.6.A.vc.C 
Command: /home/louza/mm-repair/ole/encode.x /mnt/data/datasets/machine-learning-matrices-split/census.csv.16.6.B.vc 
OLE time: 0.2463
==== Ans-fold compression
Command: /home/louza/mm-repair/ans/encode.x /mnt/data/datasets/machine-learning-matrices-split/census.csv.16.6.A.vc.C 
Command: /home/louza/mm-repair/ans/encode.x /mnt/data/datasets/machine-learning-matrices-split/census.csv.16.6.B.vc
Ans-fold time: 3.1228
==== Integer vector .C compression
Command: /home/louza/mm-repair/sdsl/encode.x /mnt/data/datasets/machine-learning-matrices-split/census.csv.16.7.A.vc.C 
==== Integer vector .R compression
Command: /home/louza/mm-repair/sdsl/encode.x /mnt/data/datasets/machine-learning-matrices-split/census.csv.16.7.A.vc.R 
Integer vector compression time: 0.4035
==== OLE
Command: /home/louza/mm-repair/ole/encode.x /mnt/data/datasets/machine-learning-matrices-split/census.csv.16.7.A.vc.C 
Command: /home/louza/mm-repair/ole/encode.x /mnt/data/datasets/machine-learning-matrices-split/census.csv.16.7.B.vc 
OLE time: 0.0620
==== Ans-fold compression
Command: /home/louza/mm-repair/ans/encode.x /mnt/data/datasets/machine-learning-matrices-split/census.csv.16.7.A.vc.C 
Command: /home/louza/mm-repair/ans/encode.x /mnt/data/datasets/machine-learning-matrices-split/census.csv.16.7.B.vc
Ans-fold time: 3.5495
==== Integer vector .C compression
Command: /home/louza/mm-repair/sdsl/encode.x /mnt/data/datasets/machine-learning-matrices-split/census.csv.16.8.A.vc.C 
==== Integer vector .R compression
Command: /home/louza/mm-repair/sdsl/encode.x /mnt/data/datasets/machine-learning-matrices-split/census.csv.16.8.A.vc.R 
Integer vector compression time: 0.3445
==== OLE
Command: /home/louza/mm-repair/ole/encode.x /mnt/data/datasets/machine-learning-matrices-split/census.csv.16.8.A.vc.C 
Command: /home/louza/mm-repair/ole/encode.x /mnt/data/datasets/machine-learning-matrices-split/census.csv.16.8.B.vc 
OLE time: 0.1202
==== Ans-fold compression
Command: /home/louza/mm-repair/ans/encode.x /mnt/data/datasets/machine-learning-matrices-split/census.csv.16.8.A.vc.C 
Command: /home/louza/mm-repair/ans/encode.x /mnt/data/datasets/machine-learning-matrices-split/census.csv.16.8.B.vc
Ans-fold time: 4.4211
==== Integer vector .C compression
Command: /home/louza/mm-repair/sdsl/encode.x /mnt/data/datasets/machine-learning-matrices-split/census.csv.16.9.A.vc.C 
==== Integer vector .R compression
Command: /home/louza/mm-repair/sdsl/encode.x /mnt/data/datasets/machine-learning-matrices-split/census.csv.16.9.A.vc.R 
Integer vector compression time: 0.5819
==== OLE
Command: /home/louza/mm-repair/ole/encode.x /mnt/data/datasets/machine-learning-matrices-split/census.csv.16.9.A.vc.C 
Command: /home/louza/mm-repair/ole/encode.x /mnt/data/datasets/machine-learning-matrices-split/census.csv.16.9.B.vc 
OLE time: 0.0192
==== Ans-fold compression
Command: /home/louza/mm-repair/ans/encode.x /mnt/data/datasets/machine-learning-matrices-split/census.csv.16.9.A.vc.C 
Command: /home/louza/mm-repair/ans/encode.x /mnt/data/datasets/machine-learning-matrices-split/census.csv.16.9.B.vc
Ans-fold time: 4.9153
==== Integer vector .C compression
Command: /home/louza/mm-repair/sdsl/encode.x /mnt/data/datasets/machine-learning-matrices-split/census.csv.16.10.A.vc.C 
==== Integer vector .R compression
Command: /home/louza/mm-repair/sdsl/encode.x /mnt/data/datasets/machine-learning-matrices-split/census.csv.16.10.A.vc.R 
Integer vector compression time: 0.3863
==== OLE
Command: /home/louza/mm-repair/ole/encode.x /mnt/data/datasets/machine-learning-matrices-split/census.csv.16.10.A.vc.C 
Command: /home/louza/mm-repair/ole/encode.x /mnt/data/datasets/machine-learning-matrices-split/census.csv.16.10.B.vc 
OLE time: 0.2320
==== Ans-fold compression
Command: /home/louza/mm-repair/ans/encode.x /mnt/data/datasets/machine-learning-matrices-split/census.csv.16.10.A.vc.C 
Command: /home/louza/mm-repair/ans/encode.x /mnt/data/datasets/machine-learning-matrices-split/census.csv.16.10.B.vc
Ans-fold time: 5.2569
==== Integer vector .C compression
Command: /home/louza/mm-repair/sdsl/encode.x /mnt/data/datasets/machine-learning-matrices-split/census.csv.16.11.A.vc.C 
==== Integer vector .R compression
Command: /home/louza/mm-repair/sdsl/encode.x /mnt/data/datasets/machine-learning-matrices-split/census.csv.16.11.A.vc.R 
Integer vector compression time: 0.1679
==== OLE
Command: /home/louza/mm-repair/ole/encode.x /mnt/data/datasets/machine-learning-matrices-split/census.csv.16.11.A.vc.C 
Command: /home/louza/mm-repair/ole/encode.x /mnt/data/datasets/machine-learning-matrices-split/census.csv.16.11.B.vc 
OLE time: 0.2352
==== Ans-fold compression
Command: /home/louza/mm-repair/ans/encode.x /mnt/data/datasets/machine-learning-matrices-split/census.csv.16.11.A.vc.C 
Command: /home/louza/mm-repair/ans/encode.x /mnt/data/datasets/machine-learning-matrices-split/census.csv.16.11.B.vc
Ans-fold time: 5.6814
==== Integer vector .C compression
Command: /home/louza/mm-repair/sdsl/encode.x /mnt/data/datasets/machine-learning-matrices-split/census.csv.16.12.A.vc.C 
==== Integer vector .R compression
Command: /home/louza/mm-repair/sdsl/encode.x /mnt/data/datasets/machine-learning-matrices-split/census.csv.16.12.A.vc.R 
Integer vector compression time: 0.1351
==== OLE
Command: /home/louza/mm-repair/ole/encode.x /mnt/data/datasets/machine-learning-matrices-split/census.csv.16.12.A.vc.C 
Command: /home/louza/mm-repair/ole/encode.x /mnt/data/datasets/machine-learning-matrices-split/census.csv.16.12.B.vc 
OLE time: 0.0105
==== Ans-fold compression
Command: /home/louza/mm-repair/ans/encode.x /mnt/data/datasets/machine-learning-matrices-split/census.csv.16.12.A.vc.C 
Command: /home/louza/mm-repair/ans/encode.x /mnt/data/datasets/machine-learning-matrices-split/census.csv.16.12.B.vc
Ans-fold time: 6.1660
==== Integer vector .C compression
Command: /home/louza/mm-repair/sdsl/encode.x /mnt/data/datasets/machine-learning-matrices-split/census.csv.16.13.A.vc.C 
==== Integer vector .R compression
Command: /home/louza/mm-repair/sdsl/encode.x /mnt/data/datasets/machine-learning-matrices-split/census.csv.16.13.A.vc.R 
Integer vector compression time: 0.9100
==== OLE
Command: /home/louza/mm-repair/ole/encode.x /mnt/data/datasets/machine-learning-matrices-split/census.csv.16.13.A.vc.C 
Command: /home/louza/mm-repair/ole/encode.x /mnt/data/datasets/machine-learning-matrices-split/census.csv.16.13.B.vc 
OLE time: 0.0570
==== Ans-fold compression
Command: /home/louza/mm-repair/ans/encode.x /mnt/data/datasets/machine-learning-matrices-split/census.csv.16.13.A.vc.C 
Command: /home/louza/mm-repair/ans/encode.x /mnt/data/datasets/machine-learning-matrices-split/census.csv.16.13.B.vc
Ans-fold time: 6.9206
==== Integer vector .C compression
Command: /home/louza/mm-repair/sdsl/encode.x /mnt/data/datasets/machine-learning-matrices-split/census.csv.16.14.A.vc.C 
==== Integer vector .R compression
Command: /home/louza/mm-repair/sdsl/encode.x /mnt/data/datasets/machine-learning-matrices-split/census.csv.16.14.A.vc.R 
Integer vector compression time: 0.3064
==== OLE
Command: /home/louza/mm-repair/ole/encode.x /mnt/data/datasets/machine-learning-matrices-split/census.csv.16.14.A.vc.C 
Command: /home/louza/mm-repair/ole/encode.x /mnt/data/datasets/machine-learning-matrices-split/census.csv.16.14.B.vc 
OLE time: 0.0746
==== Ans-fold compression
Command: /home/louza/mm-repair/ans/encode.x /mnt/data/datasets/machine-learning-matrices-split/census.csv.16.14.A.vc.C 
Command: /home/louza/mm-repair/ans/encode.x /mnt/data/datasets/machine-learning-matrices-split/census.csv.16.14.B.vc
Ans-fold time: 7.2927
==== Integer vector .C compression
Command: /home/louza/mm-repair/sdsl/encode.x /mnt/data/datasets/machine-learning-matrices-split/census.csv.16.15.A.vc.C 
==== Integer vector .R compression
Command: /home/louza/mm-repair/sdsl/encode.x /mnt/data/datasets/machine-learning-matrices-split/census.csv.16.15.A.vc.R 
Integer vector compression time: 0.3254
==== OLE
Command: /home/louza/mm-repair/ole/encode.x /mnt/data/datasets/machine-learning-matrices-split/census.csv.16.15.A.vc.C 
Command: /home/louza/mm-repair/ole/encode.x /mnt/data/datasets/machine-learning-matrices-split/census.csv.16.15.B.vc 
OLE time: 0.1129
==== Ans-fold compression
Command: /home/louza/mm-repair/ans/encode.x /mnt/data/datasets/machine-learning-matrices-split/census.csv.16.15.A.vc.C 
Command: /home/louza/mm-repair/ans/encode.x /mnt/data/datasets/machine-learning-matrices-split/census.csv.16.15.B.vc
Ans-fold time: 7.7232
Command: /home/louza/mm-repair/ans/encode.x /mnt/data/datasets/machine-learning-matrices-split/census.csv.wcode 
Elapsed time: 110.8954
==== Compression Report:
 >> matrix name: /mnt/data/datasets/machine-learning-matrices-split/census.csv
 >> conversion time: 83.51
 >> repair time: 5.67
 >> integer vectors time: 0.33
 >> ansf time: 7.72
 >> total time: 110.90
 >> wcode: 1324 bytes
 >> wcode_ans: 178 bytes
 >> matrix log(alpha)xNumEntries size: 125372535 bytes
 >> matrix dense size: 1337307040 bytes
 >> total number of nonzero: 71927335 (43.03%)
 >> number of distinct nonzero: 45
 >> CRSV  size: 297542840 bytes  (22.25%)
 >> B	  size: 9837812 bytes  (0.74%)
 >> B_ans size: 3953 bytes  (0.00%)
 >> RE32  size: 56759497 bytes  (4.24%)
 >> REIV  size: 30156549 bytes  (2.26%)
 >> REANS size: 23568965 bytes  (1.76%)
==== Done
REANS -b 4

#### 2026-09-04 22:50:14
 Command line: ./mm-repair/matrepair -r -b 4 -p 4 /mnt/data/datasets/machine-learning-matrices-split/census.csv 2458285 68 
Setting memory for each repair instance to 116013 MBs
Sending logging messages to file: /mnt/data/datasets/machine-learning-matrices-split/census.csv.log
==== Conversion bin/csv->csrv
Command: /home/louza/mm-repair/csvmat2csrv -b 4   /mnt/data/datasets/machine-learning-matrices-split/census.csv -r 0   2458285 68
Conversion time: 83.9544
==== Repair paralell compression
---- Executing 4 parallel processes
---- Parallel processing completed
Repair time: 13.0749
==== Integer vector .C compression
Command: /home/louza/mm-repair/sdsl/encode.x /mnt/data/datasets/machine-learning-matrices-split/census.csv.4.0.vc.C 
==== Integer vector .R compression
Command: /home/louza/mm-repair/sdsl/encode.x /mnt/data/datasets/machine-learning-matrices-split/census.csv.4.0.vc.R 
Integer vector compression time: 0.1455
==== Ans-fold compression
Command: /home/louza/mm-repair/ans/encode.x /mnt/data/datasets/machine-learning-matrices-split/census.csv.4.0.vc.C 
Ans-fold time: 0.3998
==== Integer vector .C compression
Command: /home/louza/mm-repair/sdsl/encode.x /mnt/data/datasets/machine-learning-matrices-split/census.csv.4.1.vc.C 
==== Integer vector .R compression
Command: /home/louza/mm-repair/sdsl/encode.x /mnt/data/datasets/machine-learning-matrices-split/census.csv.4.1.vc.R 
Integer vector compression time: 0.1670
==== Ans-fold compression
Command: /home/louza/mm-repair/ans/encode.x /mnt/data/datasets/machine-learning-matrices-split/census.csv.4.1.vc.C 
Ans-fold time: 0.6675
==== Integer vector .C compression
Command: /home/louza/mm-repair/sdsl/encode.x /mnt/data/datasets/machine-learning-matrices-split/census.csv.4.2.vc.C 
==== Integer vector .R compression
Command: /home/louza/mm-repair/sdsl/encode.x /mnt/data/datasets/machine-learning-matrices-split/census.csv.4.2.vc.R 
Integer vector compression time: 0.2748
==== Ans-fold compression
Command: /home/louza/mm-repair/ans/encode.x /mnt/data/datasets/machine-learning-matrices-split/census.csv.4.2.vc.C 
Ans-fold time: 0.9188
==== Integer vector .C compression
Command: /home/louza/mm-repair/sdsl/encode.x /mnt/data/datasets/machine-learning-matrices-split/census.csv.4.3.vc.C 
==== Integer vector .R compression
Command: /home/louza/mm-repair/sdsl/encode.x /mnt/data/datasets/machine-learning-matrices-split/census.csv.4.3.vc.R 
Integer vector compression time: 0.1700
==== Ans-fold compression
Command: /home/louza/mm-repair/ans/encode.x /mnt/data/datasets/machine-learning-matrices-split/census.csv.4.3.vc.C 
Ans-fold time: 1.3368
Elapsed time: 99.1241
==== Compression Report:
 >> matrix name: /mnt/data/datasets/machine-learning-matrices-split/census.csv
 >> conversion time: 83.95
 >> repair time: 13.07
 >> integer vectors time: 0.17
 >> ansf time: 1.34
 >> total time: 99.12
 >> matrix log(alpha)xNumEntries size: 125372535 bytes
 >> matrix dense size: 1337307040 bytes
 >> total number of nonzero: 71928503 (43.03%)
 >> number of distinct nonzero: 45
 >> CRSV  size: 297547512 bytes  (22.25%)
 >> RE32  size: 49131868 bytes  (3.67%)
 >> REIV  size: 29172304 bytes  (2.18%)
 >> REANS size: 22372841 bytes  (1.67%)
==== Done

#### 2026-09-04 22:51:53
 Command line: ./mm-repair/matrepair -r -b 4 -p 4 /mnt/data/datasets/machine-learning-matrices-split/census.csv 2458285 68 --ole 
Setting memory for each repair instance to 116013 MBs
Sending logging messages to file: /mnt/data/datasets/machine-learning-matrices-split/census.csv.log
==== Conversion bin/csv->csrv
Command: /home/louza/mm-repair/csvmat2csrv -b 4   /mnt/data/datasets/machine-learning-matrices-split/census.csv -r 0   2458285 68
Conversion time: 24.9740
==== Repair paralell compression
---- Executing 4 parallel processes
---- Parallel processing completed
Repair time: 12.2233
==== Integer vector .C compression
Command: /home/louza/mm-repair/sdsl/encode.x /mnt/data/datasets/machine-learning-matrices-split/census.csv.4.0.vc.C 
==== Integer vector .R compression
Command: /home/louza/mm-repair/sdsl/encode.x /mnt/data/datasets/machine-learning-matrices-split/census.csv.4.0.vc.R 
Integer vector compression time: 0.9407
==== OLE
Command: /home/louza/mm-repair/ole/encode.x /mnt/data/datasets/machine-learning-matrices-split/census.csv.4.0.vc.C 
OLE time: 0.4402
==== Ans-fold compression
Command: /home/louza/mm-repair/ans/encode.x /mnt/data/datasets/machine-learning-matrices-split/census.csv.4.0.vc.C 
Ans-fold time: 0.5528
==== Integer vector .C compression
Command: /home/louza/mm-repair/sdsl/encode.x /mnt/data/datasets/machine-learning-matrices-split/census.csv.4.1.vc.C 
==== Integer vector .R compression
Command: /home/louza/mm-repair/sdsl/encode.x /mnt/data/datasets/machine-learning-matrices-split/census.csv.4.1.vc.R 
Integer vector compression time: 0.5762
==== OLE
Command: /home/louza/mm-repair/ole/encode.x /mnt/data/datasets/machine-learning-matrices-split/census.csv.4.1.vc.C 
OLE time: 0.7645
==== Ans-fold compression
Command: /home/louza/mm-repair/ans/encode.x /mnt/data/datasets/machine-learning-matrices-split/census.csv.4.1.vc.C 
Ans-fold time: 0.8226
==== Integer vector .C compression
Command: /home/louza/mm-repair/sdsl/encode.x /mnt/data/datasets/machine-learning-matrices-split/census.csv.4.2.vc.C 
==== Integer vector .R compression
Command: /home/louza/mm-repair/sdsl/encode.x /mnt/data/datasets/machine-learning-matrices-split/census.csv.4.2.vc.R 
Integer vector compression time: 0.3915
==== OLE
Command: /home/louza/mm-repair/ole/encode.x /mnt/data/datasets/machine-learning-matrices-split/census.csv.4.2.vc.C 
OLE time: 0.7622
==== Ans-fold compression
Command: /home/louza/mm-repair/ans/encode.x /mnt/data/datasets/machine-learning-matrices-split/census.csv.4.2.vc.C 
Ans-fold time: 1.3502
==== Integer vector .C compression
Command: /home/louza/mm-repair/sdsl/encode.x /mnt/data/datasets/machine-learning-matrices-split/census.csv.4.3.vc.C 
==== Integer vector .R compression
Command: /home/louza/mm-repair/sdsl/encode.x /mnt/data/datasets/machine-learning-matrices-split/census.csv.4.3.vc.R 
Integer vector compression time: 0.8020
==== OLE
Command: /home/louza/mm-repair/ole/encode.x /mnt/data/datasets/machine-learning-matrices-split/census.csv.4.3.vc.C 
OLE time: 0.7327
==== Ans-fold compression
Command: /home/louza/mm-repair/ans/encode.x /mnt/data/datasets/machine-learning-matrices-split/census.csv.4.3.vc.C 
Ans-fold time: 1.8960
Elapsed time: 44.5041
==== Compression Report:
 >> matrix name: /mnt/data/datasets/machine-learning-matrices-split/census.csv
 >> conversion time: 24.97
 >> repair time: 12.22
 >> integer vectors time: 0.80
 >> ansf time: 1.90
 >> total time: 44.50
 >> matrix log(alpha)xNumEntries size: 125372535 bytes
 >> matrix dense size: 1337307040 bytes
 >> total number of nonzero: 71928503 (43.03%)
 >> number of distinct nonzero: 45
 >> CRSV  size: 297547512 bytes  (22.25%)
 >> RE32  size: 49131868 bytes  (3.67%)
 >> REIV  size: 29172304 bytes  (2.18%)
 >> REANS size: 21845327 bytes  (1.63%)
==== Done

#### 2026-09-04 22:52:38
 Command line: ./mm-repair/matrepair -r -b 4 -p 4 /mnt/data/datasets/machine-learning-matrices-split/census.csv 2458285 68 --mapping 
Setting memory for each repair instance to 116013 MBs
Sending logging messages to file: /mnt/data/datasets/machine-learning-matrices-split/census.csv.log
==== Conversion bin/csv->csrv
Command: /home/louza/mm-repair/csvmat2csrv -b 4   /mnt/data/datasets/machine-learning-matrices-split/census.csv -r 0 -m  2458285 68
Conversion time: 28.9052
==== Repair paralell compression
---- Executing 4 parallel processes
---- Parallel processing completed
Repair time: 10.2160
==== Integer vector .C compression
Command: /home/louza/mm-repair/sdsl/encode.x /mnt/data/datasets/machine-learning-matrices-split/census.csv.4.0.vc.C 
==== Integer vector .R compression
Command: /home/louza/mm-repair/sdsl/encode.x /mnt/data/datasets/machine-learning-matrices-split/census.csv.4.0.vc.R 
Integer vector compression time: 1.0669
==== Ans-fold compression
Command: /home/louza/mm-repair/ans/encode.x /mnt/data/datasets/machine-learning-matrices-split/census.csv.4.0.vc.C 
Ans-fold time: 0.9757
==== Integer vector .C compression
Command: /home/louza/mm-repair/sdsl/encode.x /mnt/data/datasets/machine-learning-matrices-split/census.csv.4.1.vc.C 
==== Integer vector .R compression
Command: /home/louza/mm-repair/sdsl/encode.x /mnt/data/datasets/machine-learning-matrices-split/census.csv.4.1.vc.R 
Integer vector compression time: 0.3490
==== Ans-fold compression
Command: /home/louza/mm-repair/ans/encode.x /mnt/data/datasets/machine-learning-matrices-split/census.csv.4.1.vc.C 
Ans-fold time: 1.9540
==== Integer vector .C compression
Command: /home/louza/mm-repair/sdsl/encode.x /mnt/data/datasets/machine-learning-matrices-split/census.csv.4.2.vc.C 
==== Integer vector .R compression
Command: /home/louza/mm-repair/sdsl/encode.x /mnt/data/datasets/machine-learning-matrices-split/census.csv.4.2.vc.R 
Integer vector compression time: 1.0780
==== Ans-fold compression
Command: /home/louza/mm-repair/ans/encode.x /mnt/data/datasets/machine-learning-matrices-split/census.csv.4.2.vc.C 
Ans-fold time: 2.7005
==== Integer vector .C compression
Command: /home/louza/mm-repair/sdsl/encode.x /mnt/data/datasets/machine-learning-matrices-split/census.csv.4.3.vc.C 
==== Integer vector .R compression
Command: /home/louza/mm-repair/sdsl/encode.x /mnt/data/datasets/machine-learning-matrices-split/census.csv.4.3.vc.R 
Integer vector compression time: 1.5635
==== Ans-fold compression
Command: /home/louza/mm-repair/ans/encode.x /mnt/data/datasets/machine-learning-matrices-split/census.csv.4.3.vc.C 
Ans-fold time: 3.4085
Command: /home/louza/mm-repair/ans/encode.x /mnt/data/datasets/machine-learning-matrices-split/census.csv.wcode 
Elapsed time: 46.6113
==== Compression Report:
 >> matrix name: /mnt/data/datasets/machine-learning-matrices-split/census.csv
 >> conversion time: 28.91
 >> repair time: 10.22
 >> integer vectors time: 1.56
 >> ansf time: 3.41
 >> total time: 46.61
 >> wcode: 1324 bytes
 >> wcode_ans: 178 bytes
 >> matrix log(alpha)xNumEntries size: 125372535 bytes
 >> matrix dense size: 1337307040 bytes
 >> total number of nonzero: 71928503 (43.03%)
 >> number of distinct nonzero: 45
 >> CRSV  size: 297547512 bytes  (22.25%)
 >> RE32  size: 49133192 bytes  (3.67%)
 >> REIV  size: 29173628 bytes  (2.18%)
 >> REANS size: 22347304 bytes  (1.67%)
==== Done

#### 2026-09-04 22:53:24
 Command line: ./mm-repair/matrepair -r -b 4 -p 4 /mnt/data/datasets/machine-learning-matrices-split/census.csv 2458285 68 --split 
Setting memory for each repair instance to 116013 MBs
Sending logging messages to file: /mnt/data/datasets/machine-learning-matrices-split/census.csv.log
==== Conversion bin/csv->csrv
Command: /home/louza/mm-repair/csvmat2csrv -b 4   /mnt/data/datasets/machine-learning-matrices-split/census.csv -r 0  -s 2458285 68
Conversion time: 61.7905
==== Repair paralell compression
---- Executing 4 parallel processes
---- Parallel processing completed
Repair time: 10.7299
==== Integer vector .C compression
Command: /home/louza/mm-repair/sdsl/encode.x /mnt/data/datasets/machine-learning-matrices-split/census.csv.4.0.A.vc.C 
==== Integer vector .R compression
Command: /home/louza/mm-repair/sdsl/encode.x /mnt/data/datasets/machine-learning-matrices-split/census.csv.4.0.A.vc.R 
Integer vector compression time: 0.1767
==== Ans-fold compression
Command: /home/louza/mm-repair/ans/encode.x /mnt/data/datasets/machine-learning-matrices-split/census.csv.4.0.A.vc.C 
Command: /home/louza/mm-repair/ans/encode.x /mnt/data/datasets/machine-learning-matrices-split/census.csv.4.0.B.vc
Ans-fold time: 0.3664
==== Integer vector .C compression
Command: /home/louza/mm-repair/sdsl/encode.x /mnt/data/datasets/machine-learning-matrices-split/census.csv.4.1.A.vc.C 
==== Integer vector .R compression
Command: /home/louza/mm-repair/sdsl/encode.x /mnt/data/datasets/machine-learning-matrices-split/census.csv.4.1.A.vc.R 
Integer vector compression time: 0.1556
==== Ans-fold compression
Command: /home/louza/mm-repair/ans/encode.x /mnt/data/datasets/machine-learning-matrices-split/census.csv.4.1.A.vc.C 
Command: /home/louza/mm-repair/ans/encode.x /mnt/data/datasets/machine-learning-matrices-split/census.csv.4.1.B.vc
Ans-fold time: 0.8709
==== Integer vector .C compression
Command: /home/louza/mm-repair/sdsl/encode.x /mnt/data/datasets/machine-learning-matrices-split/census.csv.4.2.A.vc.C 
==== Integer vector .R compression
Command: /home/louza/mm-repair/sdsl/encode.x /mnt/data/datasets/machine-learning-matrices-split/census.csv.4.2.A.vc.R 
Integer vector compression time: 0.1711
==== Ans-fold compression
Command: /home/louza/mm-repair/ans/encode.x /mnt/data/datasets/machine-learning-matrices-split/census.csv.4.2.A.vc.C 
Command: /home/louza/mm-repair/ans/encode.x /mnt/data/datasets/machine-learning-matrices-split/census.csv.4.2.B.vc
Ans-fold time: 1.2815
==== Integer vector .C compression
Command: /home/louza/mm-repair/sdsl/encode.x /mnt/data/datasets/machine-learning-matrices-split/census.csv.4.3.A.vc.C 
==== Integer vector .R compression
Command: /home/louza/mm-repair/sdsl/encode.x /mnt/data/datasets/machine-learning-matrices-split/census.csv.4.3.A.vc.R 
Integer vector compression time: 0.1306
==== Ans-fold compression
Command: /home/louza/mm-repair/ans/encode.x /mnt/data/datasets/machine-learning-matrices-split/census.csv.4.3.A.vc.C 
Command: /home/louza/mm-repair/ans/encode.x /mnt/data/datasets/machine-learning-matrices-split/census.csv.4.3.B.vc
Ans-fold time: 1.5650
Elapsed time: 74.7200
==== Compression Report:
 >> matrix name: /mnt/data/datasets/machine-learning-matrices-split/census.csv
 >> conversion time: 61.79
 >> repair time: 10.73
 >> integer vectors time: 0.13
 >> ansf time: 1.56
 >> total time: 74.72
 >> matrix log(alpha)xNumEntries size: 125372535 bytes
 >> matrix dense size: 1337307040 bytes
 >> total number of nonzero: 71928280 (43.03%)
 >> number of distinct nonzero: 45
 >> CRSV  size: 297546620 bytes  (22.25%)
 >> B	  size: 9834032 bytes  (0.74%)
 >> B_ans size: 948 bytes  (0.00%)
 >> RE32  size: 49129748 bytes  (3.67%)
 >> REIV  size: 29171428 bytes  (2.18%)
 >> REANS size: 22371785 bytes  (1.67%)
==== Done

#### 2026-09-04 22:54:39
 Command line: ./mm-repair/matrepair -r -b 4 -p 4 /mnt/data/datasets/machine-learning-matrices-split/census.csv 2458285 68 --ole --mapping 
Setting memory for each repair instance to 116013 MBs
Sending logging messages to file: /mnt/data/datasets/machine-learning-matrices-split/census.csv.log
==== Conversion bin/csv->csrv
Command: /home/louza/mm-repair/csvmat2csrv -b 4   /mnt/data/datasets/machine-learning-matrices-split/census.csv -r 0 -m  2458285 68
Conversion time: 47.9183
==== Repair paralell compression
---- Executing 4 parallel processes
---- Parallel processing completed
Repair time: 11.7401
==== Integer vector .C compression
Command: /home/louza/mm-repair/sdsl/encode.x /mnt/data/datasets/machine-learning-matrices-split/census.csv.4.0.vc.C 
==== Integer vector .R compression
Command: /home/louza/mm-repair/sdsl/encode.x /mnt/data/datasets/machine-learning-matrices-split/census.csv.4.0.vc.R 
Integer vector compression time: 0.8134
==== OLE
Command: /home/louza/mm-repair/ole/encode.x /mnt/data/datasets/machine-learning-matrices-split/census.csv.4.0.vc.C 
OLE time: 0.9077
==== Ans-fold compression
Command: /home/louza/mm-repair/ans/encode.x /mnt/data/datasets/machine-learning-matrices-split/census.csv.4.0.vc.C 
Ans-fold time: 0.5982
==== Integer vector .C compression
Command: /home/louza/mm-repair/sdsl/encode.x /mnt/data/datasets/machine-learning-matrices-split/census.csv.4.1.vc.C 
==== Integer vector .R compression
Command: /home/louza/mm-repair/sdsl/encode.x /mnt/data/datasets/machine-learning-matrices-split/census.csv.4.1.vc.R 
Integer vector compression time: 0.5204
==== OLE
Command: /home/louza/mm-repair/ole/encode.x /mnt/data/datasets/machine-learning-matrices-split/census.csv.4.1.vc.C 
OLE time: 0.4520
==== Ans-fold compression
Command: /home/louza/mm-repair/ans/encode.x /mnt/data/datasets/machine-learning-matrices-split/census.csv.4.1.vc.C 
Ans-fold time: 0.9694
==== Integer vector .C compression
Command: /home/louza/mm-repair/sdsl/encode.x /mnt/data/datasets/machine-learning-matrices-split/census.csv.4.2.vc.C 
==== Integer vector .R compression
Command: /home/louza/mm-repair/sdsl/encode.x /mnt/data/datasets/machine-learning-matrices-split/census.csv.4.2.vc.R 
Integer vector compression time: 0.2700
==== OLE
Command: /home/louza/mm-repair/ole/encode.x /mnt/data/datasets/machine-learning-matrices-split/census.csv.4.2.vc.C 
OLE time: 0.8691
==== Ans-fold compression
Command: /home/louza/mm-repair/ans/encode.x /mnt/data/datasets/machine-learning-matrices-split/census.csv.4.2.vc.C 
Ans-fold time: 1.5348
==== Integer vector .C compression
Command: /home/louza/mm-repair/sdsl/encode.x /mnt/data/datasets/machine-learning-matrices-split/census.csv.4.3.vc.C 
==== Integer vector .R compression
Command: /home/louza/mm-repair/sdsl/encode.x /mnt/data/datasets/machine-learning-matrices-split/census.csv.4.3.vc.R 
Integer vector compression time: 0.5306
==== OLE
Command: /home/louza/mm-repair/ole/encode.x /mnt/data/datasets/machine-learning-matrices-split/census.csv.4.3.vc.C 
OLE time: 0.5395
==== Ans-fold compression
Command: /home/louza/mm-repair/ans/encode.x /mnt/data/datasets/machine-learning-matrices-split/census.csv.4.3.vc.C 
Ans-fold time: 1.8269
Command: /home/louza/mm-repair/ans/encode.x /mnt/data/datasets/machine-learning-matrices-split/census.csv.wcode 
Elapsed time: 66.4665
==== Compression Report:
 >> matrix name: /mnt/data/datasets/machine-learning-matrices-split/census.csv
 >> conversion time: 47.92
 >> repair time: 11.74
 >> integer vectors time: 0.53
 >> ansf time: 1.83
 >> total time: 66.47
 >> wcode: 1324 bytes
 >> wcode_ans: 178 bytes
 >> matrix log(alpha)xNumEntries size: 125372535 bytes
 >> matrix dense size: 1337307040 bytes
 >> total number of nonzero: 71928503 (43.03%)
 >> number of distinct nonzero: 45
 >> CRSV  size: 297547512 bytes  (22.25%)
 >> RE32  size: 49133192 bytes  (3.67%)
 >> REIV  size: 29173628 bytes  (2.18%)
 >> REANS size: 21753486 bytes  (1.63%)
==== Done

#### 2026-09-04 22:55:46
 Command line: ./mm-repair/matrepair -r -b 4 -p 4 /mnt/data/datasets/machine-learning-matrices-split/census.csv 2458285 68 --ole --split 
Setting memory for each repair instance to 116013 MBs
Sending logging messages to file: /mnt/data/datasets/machine-learning-matrices-split/census.csv.log
==== Conversion bin/csv->csrv
Command: /home/louza/mm-repair/csvmat2csrv -b 4   /mnt/data/datasets/machine-learning-matrices-split/census.csv -r 0  -s 2458285 68
Conversion time: 65.6318
==== Repair paralell compression
---- Executing 4 parallel processes
---- Parallel processing completed
Repair time: 13.5280
==== Integer vector .C compression
Command: /home/louza/mm-repair/sdsl/encode.x /mnt/data/datasets/machine-learning-matrices-split/census.csv.4.0.A.vc.C 
==== Integer vector .R compression
Command: /home/louza/mm-repair/sdsl/encode.x /mnt/data/datasets/machine-learning-matrices-split/census.csv.4.0.A.vc.R 
Integer vector compression time: 0.4816
==== OLE
Command: /home/louza/mm-repair/ole/encode.x /mnt/data/datasets/machine-learning-matrices-split/census.csv.4.0.A.vc.C 
Command: /home/louza/mm-repair/ole/encode.x /mnt/data/datasets/machine-learning-matrices-split/census.csv.4.0.B.vc 
OLE time: 0.0149
==== Ans-fold compression
Command: /home/louza/mm-repair/ans/encode.x /mnt/data/datasets/machine-learning-matrices-split/census.csv.4.0.A.vc.C 
Command: /home/louza/mm-repair/ans/encode.x /mnt/data/datasets/machine-learning-matrices-split/census.csv.4.0.B.vc
Ans-fold time: 0.4225
==== Integer vector .C compression
Command: /home/louza/mm-repair/sdsl/encode.x /mnt/data/datasets/machine-learning-matrices-split/census.csv.4.1.A.vc.C 
==== Integer vector .R compression
Command: /home/louza/mm-repair/sdsl/encode.x /mnt/data/datasets/machine-learning-matrices-split/census.csv.4.1.A.vc.R 
Integer vector compression time: 0.2187
==== OLE
Command: /home/louza/mm-repair/ole/encode.x /mnt/data/datasets/machine-learning-matrices-split/census.csv.4.1.A.vc.C 
Command: /home/louza/mm-repair/ole/encode.x /mnt/data/datasets/machine-learning-matrices-split/census.csv.4.1.B.vc 
OLE time: 0.0197
==== Ans-fold compression
Command: /home/louza/mm-repair/ans/encode.x /mnt/data/datasets/machine-learning-matrices-split/census.csv.4.1.A.vc.C 
Command: /home/louza/mm-repair/ans/encode.x /mnt/data/datasets/machine-learning-matrices-split/census.csv.4.1.B.vc
Ans-fold time: 1.1662
==== Integer vector .C compression
Command: /home/louza/mm-repair/sdsl/encode.x /mnt/data/datasets/machine-learning-matrices-split/census.csv.4.2.A.vc.C 
==== Integer vector .R compression
Command: /home/louza/mm-repair/sdsl/encode.x /mnt/data/datasets/machine-learning-matrices-split/census.csv.4.2.A.vc.R 
Integer vector compression time: 0.5670
==== OLE
Command: /home/louza/mm-repair/ole/encode.x /mnt/data/datasets/machine-learning-matrices-split/census.csv.4.2.A.vc.C 
Command: /home/louza/mm-repair/ole/encode.x /mnt/data/datasets/machine-learning-matrices-split/census.csv.4.2.B.vc 
OLE time: 0.0216
==== Ans-fold compression
Command: /home/louza/mm-repair/ans/encode.x /mnt/data/datasets/machine-learning-matrices-split/census.csv.4.2.A.vc.C 
Command: /home/louza/mm-repair/ans/encode.x /mnt/data/datasets/machine-learning-matrices-split/census.csv.4.2.B.vc
Ans-fold time: 1.5236
==== Integer vector .C compression
Command: /home/louza/mm-repair/sdsl/encode.x /mnt/data/datasets/machine-learning-matrices-split/census.csv.4.3.A.vc.C 
==== Integer vector .R compression
Command: /home/louza/mm-repair/sdsl/encode.x /mnt/data/datasets/machine-learning-matrices-split/census.csv.4.3.A.vc.R 
Integer vector compression time: 0.2222
==== OLE
Command: /home/louza/mm-repair/ole/encode.x /mnt/data/datasets/machine-learning-matrices-split/census.csv.4.3.A.vc.C 
Command: /home/louza/mm-repair/ole/encode.x /mnt/data/datasets/machine-learning-matrices-split/census.csv.4.3.B.vc 
OLE time: 0.0409
==== Ans-fold compression
Command: /home/louza/mm-repair/ans/encode.x /mnt/data/datasets/machine-learning-matrices-split/census.csv.4.3.A.vc.C 
Command: /home/louza/mm-repair/ans/encode.x /mnt/data/datasets/machine-learning-matrices-split/census.csv.4.3.B.vc
Ans-fold time: 1.9449
Elapsed time: 84.4064
==== Compression Report:
 >> matrix name: /mnt/data/datasets/machine-learning-matrices-split/census.csv
 >> conversion time: 65.63
 >> repair time: 13.53
 >> integer vectors time: 0.22
 >> ansf time: 1.94
 >> total time: 84.41
 >> matrix log(alpha)xNumEntries size: 125372535 bytes
 >> matrix dense size: 1337307040 bytes
 >> total number of nonzero: 71928280 (43.03%)
 >> number of distinct nonzero: 45
 >> CRSV  size: 297546620 bytes  (22.25%)
 >> B	  size: 9834032 bytes  (0.74%)
 >> B_ans size: 948 bytes  (0.00%)
 >> RE32  size: 49129748 bytes  (3.67%)
 >> REIV  size: 29171428 bytes  (2.18%)
 >> REANS size: 21844421 bytes  (1.63%)
==== Done

#### 2026-09-04 22:57:10
 Command line: ./mm-repair/matrepair -r -b 4 -p 4 /mnt/data/datasets/machine-learning-matrices-split/census.csv 2458285 68 --mapping --split 
Setting memory for each repair instance to 116013 MBs
Sending logging messages to file: /mnt/data/datasets/machine-learning-matrices-split/census.csv.log
==== Conversion bin/csv->csrv
Command: /home/louza/mm-repair/csvmat2csrv -b 4   /mnt/data/datasets/machine-learning-matrices-split/census.csv -r 0 -m -s 2458285 68
Conversion time: 154.9836
==== Repair paralell compression
---- Executing 4 parallel processes
---- Parallel processing completed
Repair time: 10.4165
==== Integer vector .C compression
Command: /home/louza/mm-repair/sdsl/encode.x /mnt/data/datasets/machine-learning-matrices-split/census.csv.4.0.A.vc.C 
==== Integer vector .R compression
Command: /home/louza/mm-repair/sdsl/encode.x /mnt/data/datasets/machine-learning-matrices-split/census.csv.4.0.A.vc.R 
Integer vector compression time: 0.7001
==== Ans-fold compression
Command: /home/louza/mm-repair/ans/encode.x /mnt/data/datasets/machine-learning-matrices-split/census.csv.4.0.A.vc.C 
Command: /home/louza/mm-repair/ans/encode.x /mnt/data/datasets/machine-learning-matrices-split/census.csv.4.0.B.vc
Ans-fold time: 0.8641
==== Integer vector .C compression
Command: /home/louza/mm-repair/sdsl/encode.x /mnt/data/datasets/machine-learning-matrices-split/census.csv.4.1.A.vc.C 
==== Integer vector .R compression
Command: /home/louza/mm-repair/sdsl/encode.x /mnt/data/datasets/machine-learning-matrices-split/census.csv.4.1.A.vc.R 
Integer vector compression time: 1.1022
==== Ans-fold compression
Command: /home/louza/mm-repair/ans/encode.x /mnt/data/datasets/machine-learning-matrices-split/census.csv.4.1.A.vc.C 
Command: /home/louza/mm-repair/ans/encode.x /mnt/data/datasets/machine-learning-matrices-split/census.csv.4.1.B.vc
Ans-fold time: 1.6704
==== Integer vector .C compression
Command: /home/louza/mm-repair/sdsl/encode.x /mnt/data/datasets/machine-learning-matrices-split/census.csv.4.2.A.vc.C 
==== Integer vector .R compression
Command: /home/louza/mm-repair/sdsl/encode.x /mnt/data/datasets/machine-learning-matrices-split/census.csv.4.2.A.vc.R 
Integer vector compression time: 0.7382
==== Ans-fold compression
Command: /home/louza/mm-repair/ans/encode.x /mnt/data/datasets/machine-learning-matrices-split/census.csv.4.2.A.vc.C 
Command: /home/louza/mm-repair/ans/encode.x /mnt/data/datasets/machine-learning-matrices-split/census.csv.4.2.B.vc
Ans-fold time: 2.1506
==== Integer vector .C compression
Command: /home/louza/mm-repair/sdsl/encode.x /mnt/data/datasets/machine-learning-matrices-split/census.csv.4.3.A.vc.C 
==== Integer vector .R compression
Command: /home/louza/mm-repair/sdsl/encode.x /mnt/data/datasets/machine-learning-matrices-split/census.csv.4.3.A.vc.R 
Integer vector compression time: 0.3548
==== Ans-fold compression
Command: /home/louza/mm-repair/ans/encode.x /mnt/data/datasets/machine-learning-matrices-split/census.csv.4.3.A.vc.C 
Command: /home/louza/mm-repair/ans/encode.x /mnt/data/datasets/machine-learning-matrices-split/census.csv.4.3.B.vc
Ans-fold time: 3.4608
Command: /home/louza/mm-repair/ans/encode.x /mnt/data/datasets/machine-learning-matrices-split/census.csv.wcode 
Elapsed time: 171.9541
==== Compression Report:
 >> matrix name: /mnt/data/datasets/machine-learning-matrices-split/census.csv
 >> conversion time: 154.98
 >> repair time: 10.42
 >> integer vectors time: 0.35
 >> ansf time: 3.46
 >> total time: 171.95
 >> wcode: 1324 bytes
 >> wcode_ans: 178 bytes
 >> matrix log(alpha)xNumEntries size: 125372535 bytes
 >> matrix dense size: 1337307040 bytes
 >> total number of nonzero: 71928280 (43.03%)
 >> number of distinct nonzero: 45
 >> CRSV  size: 297546620 bytes  (22.25%)
 >> B	  size: 9834032 bytes  (0.74%)
 >> B_ans size: 908 bytes  (0.00%)
 >> RE32  size: 49131032 bytes  (3.67%)
 >> REIV  size: 29172712 bytes  (2.18%)
 >> REANS size: 22346100 bytes  (1.67%)
==== Done

#### 2026-09-04 23:00:02
 Command line: ./mm-repair/matrepair -r -b 4 -p 4 /mnt/data/datasets/machine-learning-matrices-split/census.csv 2458285 68 --ole --mapping --split 
Setting memory for each repair instance to 116013 MBs
Sending logging messages to file: /mnt/data/datasets/machine-learning-matrices-split/census.csv.log
==== Conversion bin/csv->csrv
Command: /home/louza/mm-repair/csvmat2csrv -b 4   /mnt/data/datasets/machine-learning-matrices-split/census.csv -r 0 -m -s 2458285 68
Conversion time: 69.1648
==== Repair paralell compression
---- Executing 4 parallel processes
---- Parallel processing completed
Repair time: 10.4306
==== Integer vector .C compression
Command: /home/louza/mm-repair/sdsl/encode.x /mnt/data/datasets/machine-learning-matrices-split/census.csv.4.0.A.vc.C 
==== Integer vector .R compression
Command: /home/louza/mm-repair/sdsl/encode.x /mnt/data/datasets/machine-learning-matrices-split/census.csv.4.0.A.vc.R 
Integer vector compression time: 1.4439
==== OLE
Command: /home/louza/mm-repair/ole/encode.x /mnt/data/datasets/machine-learning-matrices-split/census.csv.4.0.A.vc.C 
Command: /home/louza/mm-repair/ole/encode.x /mnt/data/datasets/machine-learning-matrices-split/census.csv.4.0.B.vc 
OLE time: 0.5705
==== Ans-fold compression
Command: /home/louza/mm-repair/ans/encode.x /mnt/data/datasets/machine-learning-matrices-split/census.csv.4.0.A.vc.C 
Command: /home/louza/mm-repair/ans/encode.x /mnt/data/datasets/machine-learning-matrices-split/census.csv.4.0.B.vc
Ans-fold time: 1.2451
==== Integer vector .C compression
Command: /home/louza/mm-repair/sdsl/encode.x /mnt/data/datasets/machine-learning-matrices-split/census.csv.4.1.A.vc.C 
==== Integer vector .R compression
Command: /home/louza/mm-repair/sdsl/encode.x /mnt/data/datasets/machine-learning-matrices-split/census.csv.4.1.A.vc.R 
Integer vector compression time: 1.4457
==== OLE
Command: /home/louza/mm-repair/ole/encode.x /mnt/data/datasets/machine-learning-matrices-split/census.csv.4.1.A.vc.C 
Command: /home/louza/mm-repair/ole/encode.x /mnt/data/datasets/machine-learning-matrices-split/census.csv.4.1.B.vc 
OLE time: 0.1849
==== Ans-fold compression
Command: /home/louza/mm-repair/ans/encode.x /mnt/data/datasets/machine-learning-matrices-split/census.csv.4.1.A.vc.C 
Command: /home/louza/mm-repair/ans/encode.x /mnt/data/datasets/machine-learning-matrices-split/census.csv.4.1.B.vc
Ans-fold time: 2.1840
==== Integer vector .C compression
Command: /home/louza/mm-repair/sdsl/encode.x /mnt/data/datasets/machine-learning-matrices-split/census.csv.4.2.A.vc.C 
==== Integer vector .R compression
Command: /home/louza/mm-repair/sdsl/encode.x /mnt/data/datasets/machine-learning-matrices-split/census.csv.4.2.A.vc.R 
Integer vector compression time: 1.2679
==== OLE
Command: /home/louza/mm-repair/ole/encode.x /mnt/data/datasets/machine-learning-matrices-split/census.csv.4.2.A.vc.C 
Command: /home/louza/mm-repair/ole/encode.x /mnt/data/datasets/machine-learning-matrices-split/census.csv.4.2.B.vc 
OLE time: 0.2384
==== Ans-fold compression
Command: /home/louza/mm-repair/ans/encode.x /mnt/data/datasets/machine-learning-matrices-split/census.csv.4.2.A.vc.C 
Command: /home/louza/mm-repair/ans/encode.x /mnt/data/datasets/machine-learning-matrices-split/census.csv.4.2.B.vc
Ans-fold time: 3.4781
==== Integer vector .C compression
Command: /home/louza/mm-repair/sdsl/encode.x /mnt/data/datasets/machine-learning-matrices-split/census.csv.4.3.A.vc.C 
==== Integer vector .R compression
Command: /home/louza/mm-repair/sdsl/encode.x /mnt/data/datasets/machine-learning-matrices-split/census.csv.4.3.A.vc.R 
Integer vector compression time: 1.4882
==== OLE
Command: /home/louza/mm-repair/ole/encode.x /mnt/data/datasets/machine-learning-matrices-split/census.csv.4.3.A.vc.C 
Command: /home/louza/mm-repair/ole/encode.x /mnt/data/datasets/machine-learning-matrices-split/census.csv.4.3.B.vc 
OLE time: 0.5317
==== Ans-fold compression
Command: /home/louza/mm-repair/ans/encode.x /mnt/data/datasets/machine-learning-matrices-split/census.csv.4.3.A.vc.C 
Command: /home/louza/mm-repair/ans/encode.x /mnt/data/datasets/machine-learning-matrices-split/census.csv.4.3.B.vc
Ans-fold time: 4.6663
Command: /home/louza/mm-repair/ans/encode.x /mnt/data/datasets/machine-learning-matrices-split/census.csv.wcode 
Elapsed time: 98.1962
==== Compression Report:
 >> matrix name: /mnt/data/datasets/machine-learning-matrices-split/census.csv
 >> conversion time: 69.16
 >> repair time: 10.43
 >> integer vectors time: 1.49
 >> ansf time: 4.67
 >> total time: 98.20
 >> wcode: 1324 bytes
 >> wcode_ans: 178 bytes
 >> matrix log(alpha)xNumEntries size: 125372535 bytes
 >> matrix dense size: 1337307040 bytes
 >> total number of nonzero: 71928280 (43.03%)
 >> number of distinct nonzero: 45
 >> CRSV  size: 297546620 bytes  (22.25%)
 >> B	  size: 9834032 bytes  (0.74%)
 >> B_ans size: 906 bytes  (0.00%)
 >> RE32  size: 49131030 bytes  (3.67%)
 >> REIV  size: 29172710 bytes  (2.18%)
 >> REANS size: 21752608 bytes  (1.63%)
==== Done
REANS -b 8

#### 2026-09-05 13:56:06
 Command line: ./mm-repair/matrepair -r -b 8 -p 8 /mnt/data/datasets/machine-learning-matrices-split/census.csv 2458285 68 
Setting memory for each repair instance to 58006 MBs
Sending logging messages to file: /mnt/data/datasets/machine-learning-matrices-split/census.csv.log
==== Conversion bin/csv->csrv
Command: /home/louza/mm-repair/csvmat2csrv -b 8   /mnt/data/datasets/machine-learning-matrices-split/census.csv -r 0   2458285 68
Conversion time: 7.9886
==== Repair paralell compression
---- Executing 8 parallel processes
---- Parallel processing completed
Repair time: 4.6836
==== Integer vector .C compression
Command: /home/louza/mm-repair/sdsl/encode.x /mnt/data/datasets/machine-learning-matrices-split/census.csv.8.0.vc.C 
==== Integer vector .R compression
Command: /home/louza/mm-repair/sdsl/encode.x /mnt/data/datasets/machine-learning-matrices-split/census.csv.8.0.vc.R 
Integer vector compression time: 0.0800
==== Ans-fold compression
Command: /home/louza/mm-repair/ans/encode.x /mnt/data/datasets/machine-learning-matrices-split/census.csv.8.0.vc.C 
Ans-fold time: 0.1000
==== Integer vector .C compression
Command: /home/louza/mm-repair/sdsl/encode.x /mnt/data/datasets/machine-learning-matrices-split/census.csv.8.1.vc.C 
==== Integer vector .R compression
Command: /home/louza/mm-repair/sdsl/encode.x /mnt/data/datasets/machine-learning-matrices-split/census.csv.8.1.vc.R 
Integer vector compression time: 0.0687
==== Ans-fold compression
Command: /home/louza/mm-repair/ans/encode.x /mnt/data/datasets/machine-learning-matrices-split/census.csv.8.1.vc.C 
Ans-fold time: 0.1977
==== Integer vector .C compression
Command: /home/louza/mm-repair/sdsl/encode.x /mnt/data/datasets/machine-learning-matrices-split/census.csv.8.2.vc.C 
==== Integer vector .R compression
Command: /home/louza/mm-repair/sdsl/encode.x /mnt/data/datasets/machine-learning-matrices-split/census.csv.8.2.vc.R 
Integer vector compression time: 0.0770
==== Ans-fold compression
Command: /home/louza/mm-repair/ans/encode.x /mnt/data/datasets/machine-learning-matrices-split/census.csv.8.2.vc.C 
Ans-fold time: 0.3091
==== Integer vector .C compression
Command: /home/louza/mm-repair/sdsl/encode.x /mnt/data/datasets/machine-learning-matrices-split/census.csv.8.3.vc.C 
==== Integer vector .R compression
Command: /home/louza/mm-repair/sdsl/encode.x /mnt/data/datasets/machine-learning-matrices-split/census.csv.8.3.vc.R 
Integer vector compression time: 0.0728
==== Ans-fold compression
Command: /home/louza/mm-repair/ans/encode.x /mnt/data/datasets/machine-learning-matrices-split/census.csv.8.3.vc.C 
Ans-fold time: 0.4141
==== Integer vector .C compression
Command: /home/louza/mm-repair/sdsl/encode.x /mnt/data/datasets/machine-learning-matrices-split/census.csv.8.4.vc.C 
==== Integer vector .R compression
Command: /home/louza/mm-repair/sdsl/encode.x /mnt/data/datasets/machine-learning-matrices-split/census.csv.8.4.vc.R 
Integer vector compression time: 0.0738
==== Ans-fold compression
Command: /home/louza/mm-repair/ans/encode.x /mnt/data/datasets/machine-learning-matrices-split/census.csv.8.4.vc.C 
Ans-fold time: 0.5195
==== Integer vector .C compression
Command: /home/louza/mm-repair/sdsl/encode.x /mnt/data/datasets/machine-learning-matrices-split/census.csv.8.5.vc.C 
==== Integer vector .R compression
Command: /home/louza/mm-repair/sdsl/encode.x /mnt/data/datasets/machine-learning-matrices-split/census.csv.8.5.vc.R 
Integer vector compression time: 0.0687
==== Ans-fold compression
Command: /home/louza/mm-repair/ans/encode.x /mnt/data/datasets/machine-learning-matrices-split/census.csv.8.5.vc.C 
Ans-fold time: 0.6180
==== Integer vector .C compression
Command: /home/louza/mm-repair/sdsl/encode.x /mnt/data/datasets/machine-learning-matrices-split/census.csv.8.6.vc.C 
==== Integer vector .R compression
Command: /home/louza/mm-repair/sdsl/encode.x /mnt/data/datasets/machine-learning-matrices-split/census.csv.8.6.vc.R 
Integer vector compression time: 0.0743
==== Ans-fold compression
Command: /home/louza/mm-repair/ans/encode.x /mnt/data/datasets/machine-learning-matrices-split/census.csv.8.6.vc.C 
Ans-fold time: 0.7143
==== Integer vector .C compression
Command: /home/louza/mm-repair/sdsl/encode.x /mnt/data/datasets/machine-learning-matrices-split/census.csv.8.7.vc.C 
==== Integer vector .R compression
Command: /home/louza/mm-repair/sdsl/encode.x /mnt/data/datasets/machine-learning-matrices-split/census.csv.8.7.vc.R 
Integer vector compression time: 0.0742
==== Ans-fold compression
Command: /home/louza/mm-repair/ans/encode.x /mnt/data/datasets/machine-learning-matrices-split/census.csv.8.7.vc.C 
Ans-fold time: 0.8187
Elapsed time: 14.0813
==== Compression Report:
 >> matrix name: /mnt/data/datasets/machine-learning-matrices-split/census.csv
 >> conversion time: 7.99
 >> repair time: 4.68
 >> integer vectors time: 0.07
 >> ansf time: 0.82
 >> total time: 14.08
 >> matrix log(alpha)xNumEntries size: 125372535 bytes
 >> matrix dense size: 1337307040 bytes
 >> total number of nonzero: 71928503 (43.03%)
 >> number of distinct nonzero: 45
 >> CRSV  size: 297547512 bytes  (22.25%)
 >> RE32  size: 52697880 bytes  (3.94%)
 >> REIV  size: 29642920 bytes  (2.22%)
 >> REANS size: 23395591 bytes  (1.75%)
==== Done

#### 2026-09-05 13:56:20
 Command line: ./mm-repair/matrepair -r -b 8 -p 8 /mnt/data/datasets/machine-learning-matrices-split/census.csv 2458285 68 --ole 
Setting memory for each repair instance to 58006 MBs
Sending logging messages to file: /mnt/data/datasets/machine-learning-matrices-split/census.csv.log
==== Conversion bin/csv->csrv
Command: /home/louza/mm-repair/csvmat2csrv -b 8   /mnt/data/datasets/machine-learning-matrices-split/census.csv -r 0   2458285 68
Conversion time: 13.5846
==== Repair paralell compression
---- Executing 8 parallel processes
---- Parallel processing completed
Repair time: 32.8944
==== Integer vector .C compression
Command: /home/louza/mm-repair/sdsl/encode.x /mnt/data/datasets/machine-learning-matrices-split/census.csv.8.0.vc.C 
==== Integer vector .R compression
Command: /home/louza/mm-repair/sdsl/encode.x /mnt/data/datasets/machine-learning-matrices-split/census.csv.8.0.vc.R 
Integer vector compression time: 0.1220
==== OLE
Command: /home/louza/mm-repair/ole/encode.x /mnt/data/datasets/machine-learning-matrices-split/census.csv.8.0.vc.C 
OLE time: 0.1626
==== Ans-fold compression
Command: /home/louza/mm-repair/ans/encode.x /mnt/data/datasets/machine-learning-matrices-split/census.csv.8.0.vc.C 
Ans-fold time: 0.1882
==== Integer vector .C compression
Command: /home/louza/mm-repair/sdsl/encode.x /mnt/data/datasets/machine-learning-matrices-split/census.csv.8.1.vc.C 
==== Integer vector .R compression
Command: /home/louza/mm-repair/sdsl/encode.x /mnt/data/datasets/machine-learning-matrices-split/census.csv.8.1.vc.R 
Integer vector compression time: 0.1468
==== OLE
Command: /home/louza/mm-repair/ole/encode.x /mnt/data/datasets/machine-learning-matrices-split/census.csv.8.1.vc.C 
OLE time: 0.0963
==== Ans-fold compression
Command: /home/louza/mm-repair/ans/encode.x /mnt/data/datasets/machine-learning-matrices-split/census.csv.8.1.vc.C 
Ans-fold time: 0.4886
==== Integer vector .C compression
Command: /home/louza/mm-repair/sdsl/encode.x /mnt/data/datasets/machine-learning-matrices-split/census.csv.8.2.vc.C 
==== Integer vector .R compression
Command: /home/louza/mm-repair/sdsl/encode.x /mnt/data/datasets/machine-learning-matrices-split/census.csv.8.2.vc.R 
Integer vector compression time: 0.1669
==== OLE
Command: /home/louza/mm-repair/ole/encode.x /mnt/data/datasets/machine-learning-matrices-split/census.csv.8.2.vc.C 
OLE time: 0.1422
==== Ans-fold compression
Command: /home/louza/mm-repair/ans/encode.x /mnt/data/datasets/machine-learning-matrices-split/census.csv.8.2.vc.C 
Ans-fold time: 0.7124
==== Integer vector .C compression
Command: /home/louza/mm-repair/sdsl/encode.x /mnt/data/datasets/machine-learning-matrices-split/census.csv.8.3.vc.C 
==== Integer vector .R compression
Command: /home/louza/mm-repair/sdsl/encode.x /mnt/data/datasets/machine-learning-matrices-split/census.csv.8.3.vc.R 
Integer vector compression time: 0.1906
==== OLE
Command: /home/louza/mm-repair/ole/encode.x /mnt/data/datasets/machine-learning-matrices-split/census.csv.8.3.vc.C 
OLE time: 0.1578
==== Ans-fold compression
Command: /home/louza/mm-repair/ans/encode.x /mnt/data/datasets/machine-learning-matrices-split/census.csv.8.3.vc.C 
Ans-fold time: 0.8786
==== Integer vector .C compression
Command: /home/louza/mm-repair/sdsl/encode.x /mnt/data/datasets/machine-learning-matrices-split/census.csv.8.4.vc.C 
==== Integer vector .R compression
Command: /home/louza/mm-repair/sdsl/encode.x /mnt/data/datasets/machine-learning-matrices-split/census.csv.8.4.vc.R 
Integer vector compression time: 0.1729
==== OLE
Command: /home/louza/mm-repair/ole/encode.x /mnt/data/datasets/machine-learning-matrices-split/census.csv.8.4.vc.C 
OLE time: 0.1467
==== Ans-fold compression
Command: /home/louza/mm-repair/ans/encode.x /mnt/data/datasets/machine-learning-matrices-split/census.csv.8.4.vc.C 
Ans-fold time: 1.2119
==== Integer vector .C compression
Command: /home/louza/mm-repair/sdsl/encode.x /mnt/data/datasets/machine-learning-matrices-split/census.csv.8.5.vc.C 
==== Integer vector .R compression
Command: /home/louza/mm-repair/sdsl/encode.x /mnt/data/datasets/machine-learning-matrices-split/census.csv.8.5.vc.R 
Integer vector compression time: 0.2236
==== OLE
Command: /home/louza/mm-repair/ole/encode.x /mnt/data/datasets/machine-learning-matrices-split/census.csv.8.5.vc.C 
OLE time: 0.1503
==== Ans-fold compression
Command: /home/louza/mm-repair/ans/encode.x /mnt/data/datasets/machine-learning-matrices-split/census.csv.8.5.vc.C 
Ans-fold time: 1.5445
==== Integer vector .C compression
Command: /home/louza/mm-repair/sdsl/encode.x /mnt/data/datasets/machine-learning-matrices-split/census.csv.8.6.vc.C 
==== Integer vector .R compression
Command: /home/louza/mm-repair/sdsl/encode.x /mnt/data/datasets/machine-learning-matrices-split/census.csv.8.6.vc.R 
Integer vector compression time: 0.1499
==== OLE
Command: /home/louza/mm-repair/ole/encode.x /mnt/data/datasets/machine-learning-matrices-split/census.csv.8.6.vc.C 
OLE time: 0.0941
==== Ans-fold compression
Command: /home/louza/mm-repair/ans/encode.x /mnt/data/datasets/machine-learning-matrices-split/census.csv.8.6.vc.C 
Ans-fold time: 1.7401
==== Integer vector .C compression
Command: /home/louza/mm-repair/sdsl/encode.x /mnt/data/datasets/machine-learning-matrices-split/census.csv.8.7.vc.C 
==== Integer vector .R compression
Command: /home/louza/mm-repair/sdsl/encode.x /mnt/data/datasets/machine-learning-matrices-split/census.csv.8.7.vc.R 
Integer vector compression time: 0.1468
==== OLE
Command: /home/louza/mm-repair/ole/encode.x /mnt/data/datasets/machine-learning-matrices-split/census.csv.8.7.vc.C 
OLE time: 0.1053
==== Ans-fold compression
Command: /home/louza/mm-repair/ans/encode.x /mnt/data/datasets/machine-learning-matrices-split/census.csv.8.7.vc.C 
Ans-fold time: 1.8380
Elapsed time: 50.6954
==== Compression Report:
 >> matrix name: /mnt/data/datasets/machine-learning-matrices-split/census.csv
 >> conversion time: 13.58
 >> repair time: 32.89
 >> integer vectors time: 0.15
 >> ansf time: 1.84
 >> total time: 50.70
 >> matrix log(alpha)xNumEntries size: 125372535 bytes
 >> matrix dense size: 1337307040 bytes
 >> total number of nonzero: 71928503 (43.03%)
 >> number of distinct nonzero: 45
 >> CRSV  size: 297547512 bytes  (22.25%)
 >> RE32  size: 52697880 bytes  (3.94%)
 >> REIV  size: 29642920 bytes  (2.22%)
 >> REANS size: 22765104 bytes  (1.70%)
==== Done

#### 2026-09-05 13:57:11
 Command line: ./mm-repair/matrepair -r -b 8 -p 8 /mnt/data/datasets/machine-learning-matrices-split/census.csv 2458285 68 --mapping 
Setting memory for each repair instance to 58006 MBs
Sending logging messages to file: /mnt/data/datasets/machine-learning-matrices-split/census.csv.log
==== Conversion bin/csv->csrv
Command: /home/louza/mm-repair/csvmat2csrv -b 8   /mnt/data/datasets/machine-learning-matrices-split/census.csv -r 0 -m  2458285 68
Conversion time: 21.5330
==== Repair paralell compression
---- Executing 8 parallel processes
---- Parallel processing completed
Repair time: 13.1990
==== Integer vector .C compression
Command: /home/louza/mm-repair/sdsl/encode.x /mnt/data/datasets/machine-learning-matrices-split/census.csv.8.0.vc.C 
==== Integer vector .R compression
Command: /home/louza/mm-repair/sdsl/encode.x /mnt/data/datasets/machine-learning-matrices-split/census.csv.8.0.vc.R 
Integer vector compression time: 0.1917
==== Ans-fold compression
Command: /home/louza/mm-repair/ans/encode.x /mnt/data/datasets/machine-learning-matrices-split/census.csv.8.0.vc.C 
Ans-fold time: 0.2306
==== Integer vector .C compression
Command: /home/louza/mm-repair/sdsl/encode.x /mnt/data/datasets/machine-learning-matrices-split/census.csv.8.1.vc.C 
==== Integer vector .R compression
Command: /home/louza/mm-repair/sdsl/encode.x /mnt/data/datasets/machine-learning-matrices-split/census.csv.8.1.vc.R 
Integer vector compression time: 0.1656
==== Ans-fold compression
Command: /home/louza/mm-repair/ans/encode.x /mnt/data/datasets/machine-learning-matrices-split/census.csv.8.1.vc.C 
Ans-fold time: 0.5478
==== Integer vector .C compression
Command: /home/louza/mm-repair/sdsl/encode.x /mnt/data/datasets/machine-learning-matrices-split/census.csv.8.2.vc.C 
==== Integer vector .R compression
Command: /home/louza/mm-repair/sdsl/encode.x /mnt/data/datasets/machine-learning-matrices-split/census.csv.8.2.vc.R 
Integer vector compression time: 0.1710
==== Ans-fold compression
Command: /home/louza/mm-repair/ans/encode.x /mnt/data/datasets/machine-learning-matrices-split/census.csv.8.2.vc.C 
Ans-fold time: 1.0544
==== Integer vector .C compression
Command: /home/louza/mm-repair/sdsl/encode.x /mnt/data/datasets/machine-learning-matrices-split/census.csv.8.3.vc.C 
==== Integer vector .R compression
Command: /home/louza/mm-repair/sdsl/encode.x /mnt/data/datasets/machine-learning-matrices-split/census.csv.8.3.vc.R 
Integer vector compression time: 0.1834
==== Ans-fold compression
Command: /home/louza/mm-repair/ans/encode.x /mnt/data/datasets/machine-learning-matrices-split/census.csv.8.3.vc.C 
Ans-fold time: 1.2916
==== Integer vector .C compression
Command: /home/louza/mm-repair/sdsl/encode.x /mnt/data/datasets/machine-learning-matrices-split/census.csv.8.4.vc.C 
==== Integer vector .R compression
Command: /home/louza/mm-repair/sdsl/encode.x /mnt/data/datasets/machine-learning-matrices-split/census.csv.8.4.vc.R 
Integer vector compression time: 0.1190
==== Ans-fold compression
Command: /home/louza/mm-repair/ans/encode.x /mnt/data/datasets/machine-learning-matrices-split/census.csv.8.4.vc.C 
Ans-fold time: 1.4319
==== Integer vector .C compression
Command: /home/louza/mm-repair/sdsl/encode.x /mnt/data/datasets/machine-learning-matrices-split/census.csv.8.5.vc.C 
==== Integer vector .R compression
Command: /home/louza/mm-repair/sdsl/encode.x /mnt/data/datasets/machine-learning-matrices-split/census.csv.8.5.vc.R 
Integer vector compression time: 0.2025
==== Ans-fold compression
Command: /home/louza/mm-repair/ans/encode.x /mnt/data/datasets/machine-learning-matrices-split/census.csv.8.5.vc.C 
Ans-fold time: 1.9385
==== Integer vector .C compression
Command: /home/louza/mm-repair/sdsl/encode.x /mnt/data/datasets/machine-learning-matrices-split/census.csv.8.6.vc.C 
==== Integer vector .R compression
Command: /home/louza/mm-repair/sdsl/encode.x /mnt/data/datasets/machine-learning-matrices-split/census.csv.8.6.vc.R 
Integer vector compression time: 0.1372
==== Ans-fold compression
Command: /home/louza/mm-repair/ans/encode.x /mnt/data/datasets/machine-learning-matrices-split/census.csv.8.6.vc.C 
Ans-fold time: 2.3433
==== Integer vector .C compression
Command: /home/louza/mm-repair/sdsl/encode.x /mnt/data/datasets/machine-learning-matrices-split/census.csv.8.7.vc.C 
==== Integer vector .R compression
Command: /home/louza/mm-repair/sdsl/encode.x /mnt/data/datasets/machine-learning-matrices-split/census.csv.8.7.vc.R 
Integer vector compression time: 0.1441
==== Ans-fold compression
Command: /home/louza/mm-repair/ans/encode.x /mnt/data/datasets/machine-learning-matrices-split/census.csv.8.7.vc.C 
Ans-fold time: 2.7779
Command: /home/louza/mm-repair/ans/encode.x /mnt/data/datasets/machine-learning-matrices-split/census.csv.wcode 
Elapsed time: 38.8525
==== Compression Report:
 >> matrix name: /mnt/data/datasets/machine-learning-matrices-split/census.csv
 >> conversion time: 21.53
 >> repair time: 13.20
 >> integer vectors time: 0.14
 >> ansf time: 2.78
 >> total time: 38.85
 >> wcode: 1324 bytes
 >> wcode_ans: 178 bytes
 >> matrix log(alpha)xNumEntries size: 125372535 bytes
 >> matrix dense size: 1337307040 bytes
 >> total number of nonzero: 71928503 (43.03%)
 >> number of distinct nonzero: 45
 >> CRSV  size: 297547512 bytes  (22.25%)
 >> RE32  size: 52699204 bytes  (3.94%)
 >> REIV  size: 29644244 bytes  (2.22%)
 >> REANS size: 23365645 bytes  (1.75%)
==== Done

#### 2026-09-05 13:57:50
 Command line: ./mm-repair/matrepair -r -b 8 -p 8 /mnt/data/datasets/machine-learning-matrices-split/census.csv 2458285 68 --split 
Setting memory for each repair instance to 58006 MBs
Sending logging messages to file: /mnt/data/datasets/machine-learning-matrices-split/census.csv.log
==== Conversion bin/csv->csrv
Command: /home/louza/mm-repair/csvmat2csrv -b 8   /mnt/data/datasets/machine-learning-matrices-split/census.csv -r 0  -s 2458285 68
Conversion time: 34.4749
==== Repair paralell compression
---- Executing 8 parallel processes
---- Parallel processing completed
Repair time: 18.9523
==== Integer vector .C compression
Command: /home/louza/mm-repair/sdsl/encode.x /mnt/data/datasets/machine-learning-matrices-split/census.csv.8.0.A.vc.C 
==== Integer vector .R compression
Command: /home/louza/mm-repair/sdsl/encode.x /mnt/data/datasets/machine-learning-matrices-split/census.csv.8.0.A.vc.R 
Integer vector compression time: 0.1123
==== Ans-fold compression
Command: /home/louza/mm-repair/ans/encode.x /mnt/data/datasets/machine-learning-matrices-split/census.csv.8.0.A.vc.C 
Command: /home/louza/mm-repair/ans/encode.x /mnt/data/datasets/machine-learning-matrices-split/census.csv.8.0.B.vc
Ans-fold time: 0.1309
==== Integer vector .C compression
Command: /home/louza/mm-repair/sdsl/encode.x /mnt/data/datasets/machine-learning-matrices-split/census.csv.8.1.A.vc.C 
==== Integer vector .R compression
Command: /home/louza/mm-repair/sdsl/encode.x /mnt/data/datasets/machine-learning-matrices-split/census.csv.8.1.A.vc.R 
Integer vector compression time: 0.0892
==== Ans-fold compression
Command: /home/louza/mm-repair/ans/encode.x /mnt/data/datasets/machine-learning-matrices-split/census.csv.8.1.A.vc.C 
Command: /home/louza/mm-repair/ans/encode.x /mnt/data/datasets/machine-learning-matrices-split/census.csv.8.1.B.vc
Ans-fold time: 0.2414
==== Integer vector .C compression
Command: /home/louza/mm-repair/sdsl/encode.x /mnt/data/datasets/machine-learning-matrices-split/census.csv.8.2.A.vc.C 
==== Integer vector .R compression
Command: /home/louza/mm-repair/sdsl/encode.x /mnt/data/datasets/machine-learning-matrices-split/census.csv.8.2.A.vc.R 
Integer vector compression time: 0.0845
==== Ans-fold compression
Command: /home/louza/mm-repair/ans/encode.x /mnt/data/datasets/machine-learning-matrices-split/census.csv.8.2.A.vc.C 
Command: /home/louza/mm-repair/ans/encode.x /mnt/data/datasets/machine-learning-matrices-split/census.csv.8.2.B.vc
Ans-fold time: 0.3549
==== Integer vector .C compression
Command: /home/louza/mm-repair/sdsl/encode.x /mnt/data/datasets/machine-learning-matrices-split/census.csv.8.3.A.vc.C 
==== Integer vector .R compression
Command: /home/louza/mm-repair/sdsl/encode.x /mnt/data/datasets/machine-learning-matrices-split/census.csv.8.3.A.vc.R 
Integer vector compression time: 0.0838
==== Ans-fold compression
Command: /home/louza/mm-repair/ans/encode.x /mnt/data/datasets/machine-learning-matrices-split/census.csv.8.3.A.vc.C 
Command: /home/louza/mm-repair/ans/encode.x /mnt/data/datasets/machine-learning-matrices-split/census.csv.8.3.B.vc
Ans-fold time: 0.4689
==== Integer vector .C compression
Command: /home/louza/mm-repair/sdsl/encode.x /mnt/data/datasets/machine-learning-matrices-split/census.csv.8.4.A.vc.C 
==== Integer vector .R compression
Command: /home/louza/mm-repair/sdsl/encode.x /mnt/data/datasets/machine-learning-matrices-split/census.csv.8.4.A.vc.R 
Integer vector compression time: 0.0880
==== Ans-fold compression
Command: /home/louza/mm-repair/ans/encode.x /mnt/data/datasets/machine-learning-matrices-split/census.csv.8.4.A.vc.C 
Command: /home/louza/mm-repair/ans/encode.x /mnt/data/datasets/machine-learning-matrices-split/census.csv.8.4.B.vc
Ans-fold time: 0.5818
==== Integer vector .C compression
Command: /home/louza/mm-repair/sdsl/encode.x /mnt/data/datasets/machine-learning-matrices-split/census.csv.8.5.A.vc.C 
==== Integer vector .R compression
Command: /home/louza/mm-repair/sdsl/encode.x /mnt/data/datasets/machine-learning-matrices-split/census.csv.8.5.A.vc.R 
Integer vector compression time: 0.0841
==== Ans-fold compression
Command: /home/louza/mm-repair/ans/encode.x /mnt/data/datasets/machine-learning-matrices-split/census.csv.8.5.A.vc.C 
Command: /home/louza/mm-repair/ans/encode.x /mnt/data/datasets/machine-learning-matrices-split/census.csv.8.5.B.vc
Ans-fold time: 0.6961
==== Integer vector .C compression
Command: /home/louza/mm-repair/sdsl/encode.x /mnt/data/datasets/machine-learning-matrices-split/census.csv.8.6.A.vc.C 
==== Integer vector .R compression
Command: /home/louza/mm-repair/sdsl/encode.x /mnt/data/datasets/machine-learning-matrices-split/census.csv.8.6.A.vc.R 
Integer vector compression time: 0.1331
==== Ans-fold compression
Command: /home/louza/mm-repair/ans/encode.x /mnt/data/datasets/machine-learning-matrices-split/census.csv.8.6.A.vc.C 
Command: /home/louza/mm-repair/ans/encode.x /mnt/data/datasets/machine-learning-matrices-split/census.csv.8.6.B.vc
Ans-fold time: 0.8535
==== Integer vector .C compression
Command: /home/louza/mm-repair/sdsl/encode.x /mnt/data/datasets/machine-learning-matrices-split/census.csv.8.7.A.vc.C 
==== Integer vector .R compression
Command: /home/louza/mm-repair/sdsl/encode.x /mnt/data/datasets/machine-learning-matrices-split/census.csv.8.7.A.vc.R 
Integer vector compression time: 0.1149
==== Ans-fold compression
Command: /home/louza/mm-repair/ans/encode.x /mnt/data/datasets/machine-learning-matrices-split/census.csv.8.7.A.vc.C 
Command: /home/louza/mm-repair/ans/encode.x /mnt/data/datasets/machine-learning-matrices-split/census.csv.8.7.B.vc
Ans-fold time: 1.0180
Elapsed time: 55.2367
==== Compression Report:
 >> matrix name: /mnt/data/datasets/machine-learning-matrices-split/census.csv
 >> conversion time: 34.47
 >> repair time: 18.95
 >> integer vectors time: 0.11
 >> ansf time: 1.02
 >> total time: 55.24
 >> matrix log(alpha)xNumEntries size: 125372535 bytes
 >> matrix dense size: 1337307040 bytes
 >> total number of nonzero: 71928002 (43.03%)
 >> number of distinct nonzero: 45
 >> CRSV  size: 297545508 bytes  (22.25%)
 >> B	  size: 9835144 bytes  (0.74%)
 >> B_ans size: 1948 bytes  (0.00%)
 >> RE32  size: 52697332 bytes  (3.94%)
 >> REIV  size: 29643460 bytes  (2.22%)
 >> REANS size: 23395749 bytes  (1.75%)
==== Done

#### 2026-09-05 13:58:45
 Command line: ./mm-repair/matrepair -r -b 8 -p 8 /mnt/data/datasets/machine-learning-matrices-split/census.csv 2458285 68 --ole --mapping 
Setting memory for each repair instance to 58006 MBs
Sending logging messages to file: /mnt/data/datasets/machine-learning-matrices-split/census.csv.log
==== Conversion bin/csv->csrv
Command: /home/louza/mm-repair/csvmat2csrv -b 8   /mnt/data/datasets/machine-learning-matrices-split/census.csv -r 0 -m  2458285 68
Conversion time: 25.7135
==== Repair paralell compression
---- Executing 8 parallel processes
---- Parallel processing completed
Repair time: 12.6783
==== Integer vector .C compression
Command: /home/louza/mm-repair/sdsl/encode.x /mnt/data/datasets/machine-learning-matrices-split/census.csv.8.0.vc.C 
==== Integer vector .R compression
Command: /home/louza/mm-repair/sdsl/encode.x /mnt/data/datasets/machine-learning-matrices-split/census.csv.8.0.vc.R 
Integer vector compression time: 0.1911
==== OLE
Command: /home/louza/mm-repair/ole/encode.x /mnt/data/datasets/machine-learning-matrices-split/census.csv.8.0.vc.C 
OLE time: 0.1700
==== Ans-fold compression
Command: /home/louza/mm-repair/ans/encode.x /mnt/data/datasets/machine-learning-matrices-split/census.csv.8.0.vc.C 
Ans-fold time: 0.2220
==== Integer vector .C compression
Command: /home/louza/mm-repair/sdsl/encode.x /mnt/data/datasets/machine-learning-matrices-split/census.csv.8.1.vc.C 
==== Integer vector .R compression
Command: /home/louza/mm-repair/sdsl/encode.x /mnt/data/datasets/machine-learning-matrices-split/census.csv.8.1.vc.R 
Integer vector compression time: 0.2414
==== OLE
Command: /home/louza/mm-repair/ole/encode.x /mnt/data/datasets/machine-learning-matrices-split/census.csv.8.1.vc.C 
OLE time: 0.1109
==== Ans-fold compression
Command: /home/louza/mm-repair/ans/encode.x /mnt/data/datasets/machine-learning-matrices-split/census.csv.8.1.vc.C 
Ans-fold time: 0.3665
==== Integer vector .C compression
Command: /home/louza/mm-repair/sdsl/encode.x /mnt/data/datasets/machine-learning-matrices-split/census.csv.8.2.vc.C 
==== Integer vector .R compression
Command: /home/louza/mm-repair/sdsl/encode.x /mnt/data/datasets/machine-learning-matrices-split/census.csv.8.2.vc.R 
Integer vector compression time: 0.1669
==== OLE
Command: /home/louza/mm-repair/ole/encode.x /mnt/data/datasets/machine-learning-matrices-split/census.csv.8.2.vc.C 
OLE time: 0.1029
==== Ans-fold compression
Command: /home/louza/mm-repair/ans/encode.x /mnt/data/datasets/machine-learning-matrices-split/census.csv.8.2.vc.C 
Ans-fold time: 0.7439
==== Integer vector .C compression
Command: /home/louza/mm-repair/sdsl/encode.x /mnt/data/datasets/machine-learning-matrices-split/census.csv.8.3.vc.C 
==== Integer vector .R compression
Command: /home/louza/mm-repair/sdsl/encode.x /mnt/data/datasets/machine-learning-matrices-split/census.csv.8.3.vc.R 
Integer vector compression time: 0.1660
==== OLE
Command: /home/louza/mm-repair/ole/encode.x /mnt/data/datasets/machine-learning-matrices-split/census.csv.8.3.vc.C 
OLE time: 0.1261
==== Ans-fold compression
Command: /home/louza/mm-repair/ans/encode.x /mnt/data/datasets/machine-learning-matrices-split/census.csv.8.3.vc.C 
Ans-fold time: 0.9056
==== Integer vector .C compression
Command: /home/louza/mm-repair/sdsl/encode.x /mnt/data/datasets/machine-learning-matrices-split/census.csv.8.4.vc.C 
==== Integer vector .R compression
Command: /home/louza/mm-repair/sdsl/encode.x /mnt/data/datasets/machine-learning-matrices-split/census.csv.8.4.vc.R 
Integer vector compression time: 0.1334
==== OLE
Command: /home/louza/mm-repair/ole/encode.x /mnt/data/datasets/machine-learning-matrices-split/census.csv.8.4.vc.C 
OLE time: 0.0459
==== Ans-fold compression
Command: /home/louza/mm-repair/ans/encode.x /mnt/data/datasets/machine-learning-matrices-split/census.csv.8.4.vc.C 
Ans-fold time: 1.2800
==== Integer vector .C compression
Command: /home/louza/mm-repair/sdsl/encode.x /mnt/data/datasets/machine-learning-matrices-split/census.csv.8.5.vc.C 
==== Integer vector .R compression
Command: /home/louza/mm-repair/sdsl/encode.x /mnt/data/datasets/machine-learning-matrices-split/census.csv.8.5.vc.R 
Integer vector compression time: 0.1557
==== OLE
Command: /home/louza/mm-repair/ole/encode.x /mnt/data/datasets/machine-learning-matrices-split/census.csv.8.5.vc.C 
OLE time: 0.0952
==== Ans-fold compression
Command: /home/louza/mm-repair/ans/encode.x /mnt/data/datasets/machine-learning-matrices-split/census.csv.8.5.vc.C 
Ans-fold time: 1.5783
==== Integer vector .C compression
Command: /home/louza/mm-repair/sdsl/encode.x /mnt/data/datasets/machine-learning-matrices-split/census.csv.8.6.vc.C 
==== Integer vector .R compression
Command: /home/louza/mm-repair/sdsl/encode.x /mnt/data/datasets/machine-learning-matrices-split/census.csv.8.6.vc.R 
Integer vector compression time: 0.1156
==== OLE
Command: /home/louza/mm-repair/ole/encode.x /mnt/data/datasets/machine-learning-matrices-split/census.csv.8.6.vc.C 
OLE time: 0.0414
==== Ans-fold compression
Command: /home/louza/mm-repair/ans/encode.x /mnt/data/datasets/machine-learning-matrices-split/census.csv.8.6.vc.C 
Ans-fold time: 1.8576
==== Integer vector .C compression
Command: /home/louza/mm-repair/sdsl/encode.x /mnt/data/datasets/machine-learning-matrices-split/census.csv.8.7.vc.C 
==== Integer vector .R compression
Command: /home/louza/mm-repair/sdsl/encode.x /mnt/data/datasets/machine-learning-matrices-split/census.csv.8.7.vc.R 
Integer vector compression time: 0.1261
==== OLE
Command: /home/louza/mm-repair/ole/encode.x /mnt/data/datasets/machine-learning-matrices-split/census.csv.8.7.vc.C 
OLE time: 0.0428
==== Ans-fold compression
Command: /home/louza/mm-repair/ans/encode.x /mnt/data/datasets/machine-learning-matrices-split/census.csv.8.7.vc.C 
Ans-fold time: 2.2077
Command: /home/louza/mm-repair/ans/encode.x /mnt/data/datasets/machine-learning-matrices-split/census.csv.wcode 
Elapsed time: 42.6937
==== Compression Report:
 >> matrix name: /mnt/data/datasets/machine-learning-matrices-split/census.csv
 >> conversion time: 25.71
 >> repair time: 12.68
 >> integer vectors time: 0.13
 >> ansf time: 2.21
 >> total time: 42.69
 >> wcode: 1324 bytes
 >> wcode_ans: 178 bytes
 >> matrix log(alpha)xNumEntries size: 125372535 bytes
 >> matrix dense size: 1337307040 bytes
 >> total number of nonzero: 71928503 (43.03%)
 >> number of distinct nonzero: 45
 >> CRSV  size: 297547512 bytes  (22.25%)
 >> RE32  size: 52699204 bytes  (3.94%)
 >> REIV  size: 29644244 bytes  (2.22%)
 >> REANS size: 22635277 bytes  (1.69%)
==== Done

#### 2026-09-05 13:59:28
 Command line: ./mm-repair/matrepair -r -b 8 -p 8 /mnt/data/datasets/machine-learning-matrices-split/census.csv 2458285 68 --ole --split 
Setting memory for each repair instance to 58006 MBs
Sending logging messages to file: /mnt/data/datasets/machine-learning-matrices-split/census.csv.log
==== Conversion bin/csv->csrv
Command: /home/louza/mm-repair/csvmat2csrv -b 8   /mnt/data/datasets/machine-learning-matrices-split/census.csv -r 0  -s 2458285 68
Conversion time: 43.2388
==== Repair paralell compression
---- Executing 8 parallel processes
---- Parallel processing completed
Repair time: 6.2594
==== Integer vector .C compression
Command: /home/louza/mm-repair/sdsl/encode.x /mnt/data/datasets/machine-learning-matrices-split/census.csv.8.0.A.vc.C 
==== Integer vector .R compression
Command: /home/louza/mm-repair/sdsl/encode.x /mnt/data/datasets/machine-learning-matrices-split/census.csv.8.0.A.vc.R 
Integer vector compression time: 0.1195
==== OLE
Command: /home/louza/mm-repair/ole/encode.x /mnt/data/datasets/machine-learning-matrices-split/census.csv.8.0.A.vc.C 
Command: /home/louza/mm-repair/ole/encode.x /mnt/data/datasets/machine-learning-matrices-split/census.csv.8.0.B.vc 
OLE time: 0.0340
==== Ans-fold compression
Command: /home/louza/mm-repair/ans/encode.x /mnt/data/datasets/machine-learning-matrices-split/census.csv.8.0.A.vc.C 
Command: /home/louza/mm-repair/ans/encode.x /mnt/data/datasets/machine-learning-matrices-split/census.csv.8.0.B.vc
Ans-fold time: 0.1291
==== Integer vector .C compression
Command: /home/louza/mm-repair/sdsl/encode.x /mnt/data/datasets/machine-learning-matrices-split/census.csv.8.1.A.vc.C 
==== Integer vector .R compression
Command: /home/louza/mm-repair/sdsl/encode.x /mnt/data/datasets/machine-learning-matrices-split/census.csv.8.1.A.vc.R 
Integer vector compression time: 0.1563
==== OLE
Command: /home/louza/mm-repair/ole/encode.x /mnt/data/datasets/machine-learning-matrices-split/census.csv.8.1.A.vc.C 
Command: /home/louza/mm-repair/ole/encode.x /mnt/data/datasets/machine-learning-matrices-split/census.csv.8.1.B.vc 
OLE time: 0.0468
==== Ans-fold compression
Command: /home/louza/mm-repair/ans/encode.x /mnt/data/datasets/machine-learning-matrices-split/census.csv.8.1.A.vc.C 
Command: /home/louza/mm-repair/ans/encode.x /mnt/data/datasets/machine-learning-matrices-split/census.csv.8.1.B.vc
Ans-fold time: 0.3047
==== Integer vector .C compression
Command: /home/louza/mm-repair/sdsl/encode.x /mnt/data/datasets/machine-learning-matrices-split/census.csv.8.2.A.vc.C 
==== Integer vector .R compression
Command: /home/louza/mm-repair/sdsl/encode.x /mnt/data/datasets/machine-learning-matrices-split/census.csv.8.2.A.vc.R 
Integer vector compression time: 0.1165
==== OLE
Command: /home/louza/mm-repair/ole/encode.x /mnt/data/datasets/machine-learning-matrices-split/census.csv.8.2.A.vc.C 
Command: /home/louza/mm-repair/ole/encode.x /mnt/data/datasets/machine-learning-matrices-split/census.csv.8.2.B.vc 
OLE time: 0.0072
==== Ans-fold compression
Command: /home/louza/mm-repair/ans/encode.x /mnt/data/datasets/machine-learning-matrices-split/census.csv.8.2.A.vc.C 
Command: /home/louza/mm-repair/ans/encode.x /mnt/data/datasets/machine-learning-matrices-split/census.csv.8.2.B.vc
Ans-fold time: 0.4484
==== Integer vector .C compression
Command: /home/louza/mm-repair/sdsl/encode.x /mnt/data/datasets/machine-learning-matrices-split/census.csv.8.3.A.vc.C 
==== Integer vector .R compression
Command: /home/louza/mm-repair/sdsl/encode.x /mnt/data/datasets/machine-learning-matrices-split/census.csv.8.3.A.vc.R 
Integer vector compression time: 0.0800
==== OLE
Command: /home/louza/mm-repair/ole/encode.x /mnt/data/datasets/machine-learning-matrices-split/census.csv.8.3.A.vc.C 
Command: /home/louza/mm-repair/ole/encode.x /mnt/data/datasets/machine-learning-matrices-split/census.csv.8.3.B.vc 
OLE time: 0.0055
==== Ans-fold compression
Command: /home/louza/mm-repair/ans/encode.x /mnt/data/datasets/machine-learning-matrices-split/census.csv.8.3.A.vc.C 
Command: /home/louza/mm-repair/ans/encode.x /mnt/data/datasets/machine-learning-matrices-split/census.csv.8.3.B.vc
Ans-fold time: 0.5635
==== Integer vector .C compression
Command: /home/louza/mm-repair/sdsl/encode.x /mnt/data/datasets/machine-learning-matrices-split/census.csv.8.4.A.vc.C 
==== Integer vector .R compression
Command: /home/louza/mm-repair/sdsl/encode.x /mnt/data/datasets/machine-learning-matrices-split/census.csv.8.4.A.vc.R 
Integer vector compression time: 0.0793
==== OLE
Command: /home/louza/mm-repair/ole/encode.x /mnt/data/datasets/machine-learning-matrices-split/census.csv.8.4.A.vc.C 
Command: /home/louza/mm-repair/ole/encode.x /mnt/data/datasets/machine-learning-matrices-split/census.csv.8.4.B.vc 
OLE time: 0.0052
==== Ans-fold compression
Command: /home/louza/mm-repair/ans/encode.x /mnt/data/datasets/machine-learning-matrices-split/census.csv.8.4.A.vc.C 
Command: /home/louza/mm-repair/ans/encode.x /mnt/data/datasets/machine-learning-matrices-split/census.csv.8.4.B.vc
Ans-fold time: 0.7486
==== Integer vector .C compression
Command: /home/louza/mm-repair/sdsl/encode.x /mnt/data/datasets/machine-learning-matrices-split/census.csv.8.5.A.vc.C 
==== Integer vector .R compression
Command: /home/louza/mm-repair/sdsl/encode.x /mnt/data/datasets/machine-learning-matrices-split/census.csv.8.5.A.vc.R 
Integer vector compression time: 0.1762
==== OLE
Command: /home/louza/mm-repair/ole/encode.x /mnt/data/datasets/machine-learning-matrices-split/census.csv.8.5.A.vc.C 
Command: /home/louza/mm-repair/ole/encode.x /mnt/data/datasets/machine-learning-matrices-split/census.csv.8.5.B.vc 
OLE time: 0.0566
==== Ans-fold compression
Command: /home/louza/mm-repair/ans/encode.x /mnt/data/datasets/machine-learning-matrices-split/census.csv.8.5.A.vc.C 
Command: /home/louza/mm-repair/ans/encode.x /mnt/data/datasets/machine-learning-matrices-split/census.csv.8.5.B.vc
Ans-fold time: 0.9643
==== Integer vector .C compression
Command: /home/louza/mm-repair/sdsl/encode.x /mnt/data/datasets/machine-learning-matrices-split/census.csv.8.6.A.vc.C 
==== Integer vector .R compression
Command: /home/louza/mm-repair/sdsl/encode.x /mnt/data/datasets/machine-learning-matrices-split/census.csv.8.6.A.vc.R 
Integer vector compression time: 0.1921
==== OLE
Command: /home/louza/mm-repair/ole/encode.x /mnt/data/datasets/machine-learning-matrices-split/census.csv.8.6.A.vc.C 
Command: /home/louza/mm-repair/ole/encode.x /mnt/data/datasets/machine-learning-matrices-split/census.csv.8.6.B.vc 
OLE time: 0.0476
==== Ans-fold compression
Command: /home/louza/mm-repair/ans/encode.x /mnt/data/datasets/machine-learning-matrices-split/census.csv.8.6.A.vc.C 
Command: /home/louza/mm-repair/ans/encode.x /mnt/data/datasets/machine-learning-matrices-split/census.csv.8.6.B.vc
Ans-fold time: 1.1825
==== Integer vector .C compression
Command: /home/louza/mm-repair/sdsl/encode.x /mnt/data/datasets/machine-learning-matrices-split/census.csv.8.7.A.vc.C 
==== Integer vector .R compression
Command: /home/louza/mm-repair/sdsl/encode.x /mnt/data/datasets/machine-learning-matrices-split/census.csv.8.7.A.vc.R 
Integer vector compression time: 0.1372
==== OLE
Command: /home/louza/mm-repair/ole/encode.x /mnt/data/datasets/machine-learning-matrices-split/census.csv.8.7.A.vc.C 
Command: /home/louza/mm-repair/ole/encode.x /mnt/data/datasets/machine-learning-matrices-split/census.csv.8.7.B.vc 
OLE time: 0.0269
==== Ans-fold compression
Command: /home/louza/mm-repair/ans/encode.x /mnt/data/datasets/machine-learning-matrices-split/census.csv.8.7.A.vc.C 
Command: /home/louza/mm-repair/ans/encode.x /mnt/data/datasets/machine-learning-matrices-split/census.csv.8.7.B.vc
Ans-fold time: 1.3755
Elapsed time: 53.9362
==== Compression Report:
 >> matrix name: /mnt/data/datasets/machine-learning-matrices-split/census.csv
 >> conversion time: 43.24
 >> repair time: 6.26
 >> integer vectors time: 0.14
 >> ansf time: 1.38
 >> total time: 53.94
 >> matrix log(alpha)xNumEntries size: 125372535 bytes
 >> matrix dense size: 1337307040 bytes
 >> total number of nonzero: 71928002 (43.03%)
 >> number of distinct nonzero: 45
 >> CRSV  size: 297545508 bytes  (22.25%)
 >> B	  size: 9835144 bytes  (0.74%)
 >> B_ans size: 1950 bytes  (0.00%)
 >> RE32  size: 52697334 bytes  (3.94%)
 >> REIV  size: 29643462 bytes  (2.22%)
 >> REANS size: 22765540 bytes  (1.70%)
==== Done

#### 2026-09-05 14:00:22
 Command line: ./mm-repair/matrepair -r -b 8 -p 8 /mnt/data/datasets/machine-learning-matrices-split/census.csv 2458285 68 --mapping --split 
Setting memory for each repair instance to 58006 MBs
Sending logging messages to file: /mnt/data/datasets/machine-learning-matrices-split/census.csv.log
==== Conversion bin/csv->csrv
Command: /home/louza/mm-repair/csvmat2csrv -b 8   /mnt/data/datasets/machine-learning-matrices-split/census.csv -r 0 -m -s 2458285 68
Conversion time: 50.0354
==== Repair paralell compression
---- Executing 8 parallel processes
---- Parallel processing completed
Repair time: 21.0893
==== Integer vector .C compression
Command: /home/louza/mm-repair/sdsl/encode.x /mnt/data/datasets/machine-learning-matrices-split/census.csv.8.0.A.vc.C 
==== Integer vector .R compression
Command: /home/louza/mm-repair/sdsl/encode.x /mnt/data/datasets/machine-learning-matrices-split/census.csv.8.0.A.vc.R 
Integer vector compression time: 0.2370
==== Ans-fold compression
Command: /home/louza/mm-repair/ans/encode.x /mnt/data/datasets/machine-learning-matrices-split/census.csv.8.0.A.vc.C 
Command: /home/louza/mm-repair/ans/encode.x /mnt/data/datasets/machine-learning-matrices-split/census.csv.8.0.B.vc
Ans-fold time: 0.5989
==== Integer vector .C compression
Command: /home/louza/mm-repair/sdsl/encode.x /mnt/data/datasets/machine-learning-matrices-split/census.csv.8.1.A.vc.C 
==== Integer vector .R compression
Command: /home/louza/mm-repair/sdsl/encode.x /mnt/data/datasets/machine-learning-matrices-split/census.csv.8.1.A.vc.R 
Integer vector compression time: 0.6895
==== Ans-fold compression
Command: /home/louza/mm-repair/ans/encode.x /mnt/data/datasets/machine-learning-matrices-split/census.csv.8.1.A.vc.C 
Command: /home/louza/mm-repair/ans/encode.x /mnt/data/datasets/machine-learning-matrices-split/census.csv.8.1.B.vc
Ans-fold time: 1.9986
==== Integer vector .C compression
Command: /home/louza/mm-repair/sdsl/encode.x /mnt/data/datasets/machine-learning-matrices-split/census.csv.8.2.A.vc.C 
==== Integer vector .R compression
Command: /home/louza/mm-repair/sdsl/encode.x /mnt/data/datasets/machine-learning-matrices-split/census.csv.8.2.A.vc.R 
Integer vector compression time: 0.2532
==== Ans-fold compression
Command: /home/louza/mm-repair/ans/encode.x /mnt/data/datasets/machine-learning-matrices-split/census.csv.8.2.A.vc.C 
Command: /home/louza/mm-repair/ans/encode.x /mnt/data/datasets/machine-learning-matrices-split/census.csv.8.2.B.vc
Ans-fold time: 2.4350
==== Integer vector .C compression
Command: /home/louza/mm-repair/sdsl/encode.x /mnt/data/datasets/machine-learning-matrices-split/census.csv.8.3.A.vc.C 
==== Integer vector .R compression
Command: /home/louza/mm-repair/sdsl/encode.x /mnt/data/datasets/machine-learning-matrices-split/census.csv.8.3.A.vc.R 
Integer vector compression time: 0.2262
==== Ans-fold compression
Command: /home/louza/mm-repair/ans/encode.x /mnt/data/datasets/machine-learning-matrices-split/census.csv.8.3.A.vc.C 
Command: /home/louza/mm-repair/ans/encode.x /mnt/data/datasets/machine-learning-matrices-split/census.csv.8.3.B.vc
Ans-fold time: 2.7444
==== Integer vector .C compression
Command: /home/louza/mm-repair/sdsl/encode.x /mnt/data/datasets/machine-learning-matrices-split/census.csv.8.4.A.vc.C 
==== Integer vector .R compression
Command: /home/louza/mm-repair/sdsl/encode.x /mnt/data/datasets/machine-learning-matrices-split/census.csv.8.4.A.vc.R 
Integer vector compression time: 0.3005
==== Ans-fold compression
Command: /home/louza/mm-repair/ans/encode.x /mnt/data/datasets/machine-learning-matrices-split/census.csv.8.4.A.vc.C 
Command: /home/louza/mm-repair/ans/encode.x /mnt/data/datasets/machine-learning-matrices-split/census.csv.8.4.B.vc
Ans-fold time: 3.1466
==== Integer vector .C compression
Command: /home/louza/mm-repair/sdsl/encode.x /mnt/data/datasets/machine-learning-matrices-split/census.csv.8.5.A.vc.C 
==== Integer vector .R compression
Command: /home/louza/mm-repair/sdsl/encode.x /mnt/data/datasets/machine-learning-matrices-split/census.csv.8.5.A.vc.R 
Integer vector compression time: 0.2773
==== Ans-fold compression
Command: /home/louza/mm-repair/ans/encode.x /mnt/data/datasets/machine-learning-matrices-split/census.csv.8.5.A.vc.C 
Command: /home/louza/mm-repair/ans/encode.x /mnt/data/datasets/machine-learning-matrices-split/census.csv.8.5.B.vc
Ans-fold time: 3.4723
==== Integer vector .C compression
Command: /home/louza/mm-repair/sdsl/encode.x /mnt/data/datasets/machine-learning-matrices-split/census.csv.8.6.A.vc.C 
==== Integer vector .R compression
Command: /home/louza/mm-repair/sdsl/encode.x /mnt/data/datasets/machine-learning-matrices-split/census.csv.8.6.A.vc.R 
Integer vector compression time: 0.3745
==== Ans-fold compression
Command: /home/louza/mm-repair/ans/encode.x /mnt/data/datasets/machine-learning-matrices-split/census.csv.8.6.A.vc.C 
Command: /home/louza/mm-repair/ans/encode.x /mnt/data/datasets/machine-learning-matrices-split/census.csv.8.6.B.vc
Ans-fold time: 3.7656
==== Integer vector .C compression
Command: /home/louza/mm-repair/sdsl/encode.x /mnt/data/datasets/machine-learning-matrices-split/census.csv.8.7.A.vc.C 
==== Integer vector .R compression
Command: /home/louza/mm-repair/sdsl/encode.x /mnt/data/datasets/machine-learning-matrices-split/census.csv.8.7.A.vc.R 
Integer vector compression time: 0.2840
==== Ans-fold compression
Command: /home/louza/mm-repair/ans/encode.x /mnt/data/datasets/machine-learning-matrices-split/census.csv.8.7.A.vc.C 
Command: /home/louza/mm-repair/ans/encode.x /mnt/data/datasets/machine-learning-matrices-split/census.csv.8.7.B.vc
Ans-fold time: 4.1380
Command: /home/louza/mm-repair/ans/encode.x /mnt/data/datasets/machine-learning-matrices-split/census.csv.wcode 
Elapsed time: 77.9473
==== Compression Report:
 >> matrix name: /mnt/data/datasets/machine-learning-matrices-split/census.csv
 >> conversion time: 50.04
 >> repair time: 21.09
 >> integer vectors time: 0.28
 >> ansf time: 4.14
 >> total time: 77.95
 >> wcode: 1324 bytes
 >> wcode_ans: 178 bytes
 >> matrix log(alpha)xNumEntries size: 125372535 bytes
 >> matrix dense size: 1337307040 bytes
 >> total number of nonzero: 71928002 (43.03%)
 >> number of distinct nonzero: 45
 >> CRSV  size: 297545508 bytes  (22.25%)
 >> B	  size: 9835144 bytes  (0.74%)
 >> B_ans size: 1823 bytes  (0.00%)
 >> RE32  size: 52698531 bytes  (3.94%)
 >> REIV  size: 29644659 bytes  (2.22%)
 >> REANS size: 23365703 bytes  (1.75%)
==== Done

#### 2026-09-05 14:01:40
 Command line: ./mm-repair/matrepair -r -b 8 -p 8 /mnt/data/datasets/machine-learning-matrices-split/census.csv 2458285 68 --ole --mapping --split 
Setting memory for each repair instance to 58006 MBs
Sending logging messages to file: /mnt/data/datasets/machine-learning-matrices-split/census.csv.log
==== Conversion bin/csv->csrv
Command: /home/louza/mm-repair/csvmat2csrv -b 8   /mnt/data/datasets/machine-learning-matrices-split/census.csv -r 0 -m -s 2458285 68
Conversion time: 60.4419
==== Repair paralell compression
---- Executing 8 parallel processes
---- Parallel processing completed
Repair time: 10.6952
==== Integer vector .C compression
Command: /home/louza/mm-repair/sdsl/encode.x /mnt/data/datasets/machine-learning-matrices-split/census.csv.8.0.A.vc.C 
==== Integer vector .R compression
Command: /home/louza/mm-repair/sdsl/encode.x /mnt/data/datasets/machine-learning-matrices-split/census.csv.8.0.A.vc.R 
Integer vector compression time: 0.3266
==== OLE
Command: /home/louza/mm-repair/ole/encode.x /mnt/data/datasets/machine-learning-matrices-split/census.csv.8.0.A.vc.C 
Command: /home/louza/mm-repair/ole/encode.x /mnt/data/datasets/machine-learning-matrices-split/census.csv.8.0.B.vc 
OLE time: 0.2502
==== Ans-fold compression
Command: /home/louza/mm-repair/ans/encode.x /mnt/data/datasets/machine-learning-matrices-split/census.csv.8.0.A.vc.C 
Command: /home/louza/mm-repair/ans/encode.x /mnt/data/datasets/machine-learning-matrices-split/census.csv.8.0.B.vc
Ans-fold time: 0.3728
==== Integer vector .C compression
Command: /home/louza/mm-repair/sdsl/encode.x /mnt/data/datasets/machine-learning-matrices-split/census.csv.8.1.A.vc.C 
==== Integer vector .R compression
Command: /home/louza/mm-repair/sdsl/encode.x /mnt/data/datasets/machine-learning-matrices-split/census.csv.8.1.A.vc.R 
Integer vector compression time: 0.3945
==== OLE
Command: /home/louza/mm-repair/ole/encode.x /mnt/data/datasets/machine-learning-matrices-split/census.csv.8.1.A.vc.C 
Command: /home/louza/mm-repair/ole/encode.x /mnt/data/datasets/machine-learning-matrices-split/census.csv.8.1.B.vc 
OLE time: 0.1906
==== Ans-fold compression
Command: /home/louza/mm-repair/ans/encode.x /mnt/data/datasets/machine-learning-matrices-split/census.csv.8.1.A.vc.C 
Command: /home/louza/mm-repair/ans/encode.x /mnt/data/datasets/machine-learning-matrices-split/census.csv.8.1.B.vc
Ans-fold time: 0.7126
==== Integer vector .C compression
Command: /home/louza/mm-repair/sdsl/encode.x /mnt/data/datasets/machine-learning-matrices-split/census.csv.8.2.A.vc.C 
==== Integer vector .R compression
Command: /home/louza/mm-repair/sdsl/encode.x /mnt/data/datasets/machine-learning-matrices-split/census.csv.8.2.A.vc.R 
Integer vector compression time: 0.3550
==== OLE
Command: /home/louza/mm-repair/ole/encode.x /mnt/data/datasets/machine-learning-matrices-split/census.csv.8.2.A.vc.C 
Command: /home/louza/mm-repair/ole/encode.x /mnt/data/datasets/machine-learning-matrices-split/census.csv.8.2.B.vc 
OLE time: 0.1453
==== Ans-fold compression
Command: /home/louza/mm-repair/ans/encode.x /mnt/data/datasets/machine-learning-matrices-split/census.csv.8.2.A.vc.C 
Command: /home/louza/mm-repair/ans/encode.x /mnt/data/datasets/machine-learning-matrices-split/census.csv.8.2.B.vc
Ans-fold time: 0.9947
==== Integer vector .C compression
Command: /home/louza/mm-repair/sdsl/encode.x /mnt/data/datasets/machine-learning-matrices-split/census.csv.8.3.A.vc.C 
==== Integer vector .R compression
Command: /home/louza/mm-repair/sdsl/encode.x /mnt/data/datasets/machine-learning-matrices-split/census.csv.8.3.A.vc.R 
Integer vector compression time: 0.2538
==== OLE
Command: /home/louza/mm-repair/ole/encode.x /mnt/data/datasets/machine-learning-matrices-split/census.csv.8.3.A.vc.C 
Command: /home/louza/mm-repair/ole/encode.x /mnt/data/datasets/machine-learning-matrices-split/census.csv.8.3.B.vc 
OLE time: 0.0882
==== Ans-fold compression
Command: /home/louza/mm-repair/ans/encode.x /mnt/data/datasets/machine-learning-matrices-split/census.csv.8.3.A.vc.C 
Command: /home/louza/mm-repair/ans/encode.x /mnt/data/datasets/machine-learning-matrices-split/census.csv.8.3.B.vc
Ans-fold time: 1.2968
==== Integer vector .C compression
Command: /home/louza/mm-repair/sdsl/encode.x /mnt/data/datasets/machine-learning-matrices-split/census.csv.8.4.A.vc.C 
==== Integer vector .R compression
Command: /home/louza/mm-repair/sdsl/encode.x /mnt/data/datasets/machine-learning-matrices-split/census.csv.8.4.A.vc.R 
Integer vector compression time: 0.4499
==== OLE
Command: /home/louza/mm-repair/ole/encode.x /mnt/data/datasets/machine-learning-matrices-split/census.csv.8.4.A.vc.C 
Command: /home/louza/mm-repair/ole/encode.x /mnt/data/datasets/machine-learning-matrices-split/census.csv.8.4.B.vc 
OLE time: 0.2443
==== Ans-fold compression
Command: /home/louza/mm-repair/ans/encode.x /mnt/data/datasets/machine-learning-matrices-split/census.csv.8.4.A.vc.C 
Command: /home/louza/mm-repair/ans/encode.x /mnt/data/datasets/machine-learning-matrices-split/census.csv.8.4.B.vc
Ans-fold time: 2.0174
==== Integer vector .C compression
Command: /home/louza/mm-repair/sdsl/encode.x /mnt/data/datasets/machine-learning-matrices-split/census.csv.8.5.A.vc.C 
==== Integer vector .R compression
Command: /home/louza/mm-repair/sdsl/encode.x /mnt/data/datasets/machine-learning-matrices-split/census.csv.8.5.A.vc.R 
Integer vector compression time: 0.6346
==== OLE
Command: /home/louza/mm-repair/ole/encode.x /mnt/data/datasets/machine-learning-matrices-split/census.csv.8.5.A.vc.C 
Command: /home/louza/mm-repair/ole/encode.x /mnt/data/datasets/machine-learning-matrices-split/census.csv.8.5.B.vc 
OLE time: 0.2900
==== Ans-fold compression
Command: /home/louza/mm-repair/ans/encode.x /mnt/data/datasets/machine-learning-matrices-split/census.csv.8.5.A.vc.C 
Command: /home/louza/mm-repair/ans/encode.x /mnt/data/datasets/machine-learning-matrices-split/census.csv.8.5.B.vc
Ans-fold time: 2.3758
==== Integer vector .C compression
Command: /home/louza/mm-repair/sdsl/encode.x /mnt/data/datasets/machine-learning-matrices-split/census.csv.8.6.A.vc.C 
==== Integer vector .R compression
Command: /home/louza/mm-repair/sdsl/encode.x /mnt/data/datasets/machine-learning-matrices-split/census.csv.8.6.A.vc.R 
Integer vector compression time: 0.4597
==== OLE
Command: /home/louza/mm-repair/ole/encode.x /mnt/data/datasets/machine-learning-matrices-split/census.csv.8.6.A.vc.C 
Command: /home/louza/mm-repair/ole/encode.x /mnt/data/datasets/machine-learning-matrices-split/census.csv.8.6.B.vc 
OLE time: 0.1807
==== Ans-fold compression
Command: /home/louza/mm-repair/ans/encode.x /mnt/data/datasets/machine-learning-matrices-split/census.csv.8.6.A.vc.C 
Command: /home/louza/mm-repair/ans/encode.x /mnt/data/datasets/machine-learning-matrices-split/census.csv.8.6.B.vc
Ans-fold time: 2.7111
==== Integer vector .C compression
Command: /home/louza/mm-repair/sdsl/encode.x /mnt/data/datasets/machine-learning-matrices-split/census.csv.8.7.A.vc.C 
==== Integer vector .R compression
Command: /home/louza/mm-repair/sdsl/encode.x /mnt/data/datasets/machine-learning-matrices-split/census.csv.8.7.A.vc.R 
Integer vector compression time: 0.2247
==== OLE
Command: /home/louza/mm-repair/ole/encode.x /mnt/data/datasets/machine-learning-matrices-split/census.csv.8.7.A.vc.C 
Command: /home/louza/mm-repair/ole/encode.x /mnt/data/datasets/machine-learning-matrices-split/census.csv.8.7.B.vc 
OLE time: 0.1138
==== Ans-fold compression
Command: /home/louza/mm-repair/ans/encode.x /mnt/data/datasets/machine-learning-matrices-split/census.csv.8.7.A.vc.C 
Command: /home/louza/mm-repair/ans/encode.x /mnt/data/datasets/machine-learning-matrices-split/census.csv.8.7.B.vc
Ans-fold time: 3.2968
Command: /home/louza/mm-repair/ans/encode.x /mnt/data/datasets/machine-learning-matrices-split/census.csv.wcode 
Elapsed time: 83.2662
==== Compression Report:
 >> matrix name: /mnt/data/datasets/machine-learning-matrices-split/census.csv
 >> conversion time: 60.44
 >> repair time: 10.70
 >> integer vectors time: 0.22
 >> ansf time: 3.30
 >> total time: 83.27
 >> wcode: 1324 bytes
 >> wcode_ans: 178 bytes
 >> matrix log(alpha)xNumEntries size: 125372535 bytes
 >> matrix dense size: 1337307040 bytes
 >> total number of nonzero: 71928002 (43.03%)
 >> number of distinct nonzero: 45
 >> CRSV  size: 297545508 bytes  (22.25%)
 >> B	  size: 9835144 bytes  (0.74%)
 >> B_ans size: 1827 bytes  (0.00%)
 >> RE32  size: 52698535 bytes  (3.94%)
 >> REIV  size: 29644663 bytes  (2.22%)
 >> REANS size: 22635756 bytes  (1.69%)
==== Done
REANS -b 12

#### 2026-09-06 07:29:24
 Command line: ./mm-repair/matrepair -r -b 12 -p 12 /mnt/data/datasets/machine-learning-matrices-split/census.csv 2458285 68 
Setting memory for each repair instance to 38671 MBs
Sending logging messages to file: /mnt/data/datasets/machine-learning-matrices-split/census.csv.log
==== Conversion bin/csv->csrv
Command: /home/louza/mm-repair/csvmat2csrv -b 12   /mnt/data/datasets/machine-learning-matrices-split/census.csv -r 0   2458285 68
Conversion time: 8.8722
==== Repair paralell compression
---- Executing 12 parallel processes
---- Parallel processing completed
Repair time: 4.1216
==== Integer vector .C compression
Command: /home/louza/mm-repair/sdsl/encode.x /mnt/data/datasets/machine-learning-matrices-split/census.csv.12.0.vc.C 
==== Integer vector .R compression
Command: /home/louza/mm-repair/sdsl/encode.x /mnt/data/datasets/machine-learning-matrices-split/census.csv.12.0.vc.R 
Integer vector compression time: 0.0586
==== Ans-fold compression
Command: /home/louza/mm-repair/ans/encode.x /mnt/data/datasets/machine-learning-matrices-split/census.csv.12.0.vc.C 
Ans-fold time: 0.0558
==== Integer vector .C compression
Command: /home/louza/mm-repair/sdsl/encode.x /mnt/data/datasets/machine-learning-matrices-split/census.csv.12.1.vc.C 
==== Integer vector .R compression
Command: /home/louza/mm-repair/sdsl/encode.x /mnt/data/datasets/machine-learning-matrices-split/census.csv.12.1.vc.R 
Integer vector compression time: 0.0614
==== Ans-fold compression
Command: /home/louza/mm-repair/ans/encode.x /mnt/data/datasets/machine-learning-matrices-split/census.csv.12.1.vc.C 
Ans-fold time: 0.1139
==== Integer vector .C compression
Command: /home/louza/mm-repair/sdsl/encode.x /mnt/data/datasets/machine-learning-matrices-split/census.csv.12.2.vc.C 
==== Integer vector .R compression
Command: /home/louza/mm-repair/sdsl/encode.x /mnt/data/datasets/machine-learning-matrices-split/census.csv.12.2.vc.R 
Integer vector compression time: 0.0625
==== Ans-fold compression
Command: /home/louza/mm-repair/ans/encode.x /mnt/data/datasets/machine-learning-matrices-split/census.csv.12.2.vc.C 
Ans-fold time: 0.1715
==== Integer vector .C compression
Command: /home/louza/mm-repair/sdsl/encode.x /mnt/data/datasets/machine-learning-matrices-split/census.csv.12.3.vc.C 
==== Integer vector .R compression
Command: /home/louza/mm-repair/sdsl/encode.x /mnt/data/datasets/machine-learning-matrices-split/census.csv.12.3.vc.R 
Integer vector compression time: 0.0620
==== Ans-fold compression
Command: /home/louza/mm-repair/ans/encode.x /mnt/data/datasets/machine-learning-matrices-split/census.csv.12.3.vc.C 
Ans-fold time: 0.2226
==== Integer vector .C compression
Command: /home/louza/mm-repair/sdsl/encode.x /mnt/data/datasets/machine-learning-matrices-split/census.csv.12.4.vc.C 
==== Integer vector .R compression
Command: /home/louza/mm-repair/sdsl/encode.x /mnt/data/datasets/machine-learning-matrices-split/census.csv.12.4.vc.R 
Integer vector compression time: 0.0581
==== Ans-fold compression
Command: /home/louza/mm-repair/ans/encode.x /mnt/data/datasets/machine-learning-matrices-split/census.csv.12.4.vc.C 
Ans-fold time: 0.2796
==== Integer vector .C compression
Command: /home/louza/mm-repair/sdsl/encode.x /mnt/data/datasets/machine-learning-matrices-split/census.csv.12.5.vc.C 
==== Integer vector .R compression
Command: /home/louza/mm-repair/sdsl/encode.x /mnt/data/datasets/machine-learning-matrices-split/census.csv.12.5.vc.R 
Integer vector compression time: 0.0616
==== Ans-fold compression
Command: /home/louza/mm-repair/ans/encode.x /mnt/data/datasets/machine-learning-matrices-split/census.csv.12.5.vc.C 
Ans-fold time: 0.3367
==== Integer vector .C compression
Command: /home/louza/mm-repair/sdsl/encode.x /mnt/data/datasets/machine-learning-matrices-split/census.csv.12.6.vc.C 
==== Integer vector .R compression
Command: /home/louza/mm-repair/sdsl/encode.x /mnt/data/datasets/machine-learning-matrices-split/census.csv.12.6.vc.R 
Integer vector compression time: 0.0629
==== Ans-fold compression
Command: /home/louza/mm-repair/ans/encode.x /mnt/data/datasets/machine-learning-matrices-split/census.csv.12.6.vc.C 
Ans-fold time: 0.3941
==== Integer vector .C compression
Command: /home/louza/mm-repair/sdsl/encode.x /mnt/data/datasets/machine-learning-matrices-split/census.csv.12.7.vc.C 
==== Integer vector .R compression
Command: /home/louza/mm-repair/sdsl/encode.x /mnt/data/datasets/machine-learning-matrices-split/census.csv.12.7.vc.R 
Integer vector compression time: 0.0583
==== Ans-fold compression
Command: /home/louza/mm-repair/ans/encode.x /mnt/data/datasets/machine-learning-matrices-split/census.csv.12.7.vc.C 
Ans-fold time: 0.4521
==== Integer vector .C compression
Command: /home/louza/mm-repair/sdsl/encode.x /mnt/data/datasets/machine-learning-matrices-split/census.csv.12.8.vc.C 
==== Integer vector .R compression
Command: /home/louza/mm-repair/sdsl/encode.x /mnt/data/datasets/machine-learning-matrices-split/census.csv.12.8.vc.R 
Integer vector compression time: 0.0591
==== Ans-fold compression
Command: /home/louza/mm-repair/ans/encode.x /mnt/data/datasets/machine-learning-matrices-split/census.csv.12.8.vc.C 
Ans-fold time: 0.5077
==== Integer vector .C compression
Command: /home/louza/mm-repair/sdsl/encode.x /mnt/data/datasets/machine-learning-matrices-split/census.csv.12.9.vc.C 
==== Integer vector .R compression
Command: /home/louza/mm-repair/sdsl/encode.x /mnt/data/datasets/machine-learning-matrices-split/census.csv.12.9.vc.R 
Integer vector compression time: 0.0603
==== Ans-fold compression
Command: /home/louza/mm-repair/ans/encode.x /mnt/data/datasets/machine-learning-matrices-split/census.csv.12.9.vc.C 
Ans-fold time: 0.5658
==== Integer vector .C compression
Command: /home/louza/mm-repair/sdsl/encode.x /mnt/data/datasets/machine-learning-matrices-split/census.csv.12.10.vc.C 
==== Integer vector .R compression
Command: /home/louza/mm-repair/sdsl/encode.x /mnt/data/datasets/machine-learning-matrices-split/census.csv.12.10.vc.R 
Integer vector compression time: 0.0611
==== Ans-fold compression
Command: /home/louza/mm-repair/ans/encode.x /mnt/data/datasets/machine-learning-matrices-split/census.csv.12.10.vc.C 
Ans-fold time: 0.6226
==== Integer vector .C compression
Command: /home/louza/mm-repair/sdsl/encode.x /mnt/data/datasets/machine-learning-matrices-split/census.csv.12.11.vc.C 
==== Integer vector .R compression
Command: /home/louza/mm-repair/sdsl/encode.x /mnt/data/datasets/machine-learning-matrices-split/census.csv.12.11.vc.R 
Integer vector compression time: 0.0622
==== Ans-fold compression
Command: /home/louza/mm-repair/ans/encode.x /mnt/data/datasets/machine-learning-matrices-split/census.csv.12.11.vc.C 
Ans-fold time: 0.6800
Elapsed time: 14.4028
==== Compression Report:
 >> matrix name: /mnt/data/datasets/machine-learning-matrices-split/census.csv
 >> conversion time: 8.87
 >> repair time: 4.12
 >> integer vectors time: 0.06
 >> ansf time: 0.68
 >> total time: 14.40
 >> matrix log(alpha)xNumEntries size: 125372535 bytes
 >> matrix dense size: 1337307040 bytes
 >> total number of nonzero: 71928503 (43.03%)
 >> number of distinct nonzero: 45
 >> CRSV  size: 297547512 bytes  (22.25%)
 >> RE32  size: 55009976 bytes  (4.11%)
 >> REIV  size: 29224520 bytes  (2.19%)
 >> REANS size: 23860773 bytes  (1.78%)
==== Done

#### 2026-09-06 07:29:39
 Command line: ./mm-repair/matrepair -r -b 12 -p 12 /mnt/data/datasets/machine-learning-matrices-split/census.csv 2458285 68 --ole 
Setting memory for each repair instance to 38671 MBs
Sending logging messages to file: /mnt/data/datasets/machine-learning-matrices-split/census.csv.log
==== Conversion bin/csv->csrv
Command: /home/louza/mm-repair/csvmat2csrv -b 12   /mnt/data/datasets/machine-learning-matrices-split/census.csv -r 0   2458285 68
Conversion time: 11.4364
==== Repair paralell compression
---- Executing 12 parallel processes
---- Parallel processing completed
Repair time: 15.0615
==== Integer vector .C compression
Command: /home/louza/mm-repair/sdsl/encode.x /mnt/data/datasets/machine-learning-matrices-split/census.csv.12.0.vc.C 
==== Integer vector .R compression
Command: /home/louza/mm-repair/sdsl/encode.x /mnt/data/datasets/machine-learning-matrices-split/census.csv.12.0.vc.R 
Integer vector compression time: 0.1414
==== OLE
Command: /home/louza/mm-repair/ole/encode.x /mnt/data/datasets/machine-learning-matrices-split/census.csv.12.0.vc.C 
OLE time: 0.0836
==== Ans-fold compression
Command: /home/louza/mm-repair/ans/encode.x /mnt/data/datasets/machine-learning-matrices-split/census.csv.12.0.vc.C 
Ans-fold time: 0.1265
==== Integer vector .C compression
Command: /home/louza/mm-repair/sdsl/encode.x /mnt/data/datasets/machine-learning-matrices-split/census.csv.12.1.vc.C 
==== Integer vector .R compression
Command: /home/louza/mm-repair/sdsl/encode.x /mnt/data/datasets/machine-learning-matrices-split/census.csv.12.1.vc.R 
Integer vector compression time: 0.1418
==== OLE
Command: /home/louza/mm-repair/ole/encode.x /mnt/data/datasets/machine-learning-matrices-split/census.csv.12.1.vc.C 
OLE time: 0.0591
==== Ans-fold compression
Command: /home/louza/mm-repair/ans/encode.x /mnt/data/datasets/machine-learning-matrices-split/census.csv.12.1.vc.C 
Ans-fold time: 0.2731
==== Integer vector .C compression
Command: /home/louza/mm-repair/sdsl/encode.x /mnt/data/datasets/machine-learning-matrices-split/census.csv.12.2.vc.C 
==== Integer vector .R compression
Command: /home/louza/mm-repair/sdsl/encode.x /mnt/data/datasets/machine-learning-matrices-split/census.csv.12.2.vc.R 
Integer vector compression time: 0.1319
==== OLE
Command: /home/louza/mm-repair/ole/encode.x /mnt/data/datasets/machine-learning-matrices-split/census.csv.12.2.vc.C 
OLE time: 0.0648
==== Ans-fold compression
Command: /home/louza/mm-repair/ans/encode.x /mnt/data/datasets/machine-learning-matrices-split/census.csv.12.2.vc.C 
Ans-fold time: 0.4302
==== Integer vector .C compression
Command: /home/louza/mm-repair/sdsl/encode.x /mnt/data/datasets/machine-learning-matrices-split/census.csv.12.3.vc.C 
==== Integer vector .R compression
Command: /home/louza/mm-repair/sdsl/encode.x /mnt/data/datasets/machine-learning-matrices-split/census.csv.12.3.vc.R 
Integer vector compression time: 0.1548
==== OLE
Command: /home/louza/mm-repair/ole/encode.x /mnt/data/datasets/machine-learning-matrices-split/census.csv.12.3.vc.C 
OLE time: 0.0687
==== Ans-fold compression
Command: /home/louza/mm-repair/ans/encode.x /mnt/data/datasets/machine-learning-matrices-split/census.csv.12.3.vc.C 
Ans-fold time: 0.5778
==== Integer vector .C compression
Command: /home/louza/mm-repair/sdsl/encode.x /mnt/data/datasets/machine-learning-matrices-split/census.csv.12.4.vc.C 
==== Integer vector .R compression
Command: /home/louza/mm-repair/sdsl/encode.x /mnt/data/datasets/machine-learning-matrices-split/census.csv.12.4.vc.R 
Integer vector compression time: 0.1324
==== OLE
Command: /home/louza/mm-repair/ole/encode.x /mnt/data/datasets/machine-learning-matrices-split/census.csv.12.4.vc.C 
OLE time: 0.0640
==== Ans-fold compression
Command: /home/louza/mm-repair/ans/encode.x /mnt/data/datasets/machine-learning-matrices-split/census.csv.12.4.vc.C 
Ans-fold time: 0.7384
==== Integer vector .C compression
Command: /home/louza/mm-repair/sdsl/encode.x /mnt/data/datasets/machine-learning-matrices-split/census.csv.12.5.vc.C 
==== Integer vector .R compression
Command: /home/louza/mm-repair/sdsl/encode.x /mnt/data/datasets/machine-learning-matrices-split/census.csv.12.5.vc.R 
Integer vector compression time: 0.1543
==== OLE
Command: /home/louza/mm-repair/ole/encode.x /mnt/data/datasets/machine-learning-matrices-split/census.csv.12.5.vc.C 
OLE time: 0.0762
==== Ans-fold compression
Command: /home/louza/mm-repair/ans/encode.x /mnt/data/datasets/machine-learning-matrices-split/census.csv.12.5.vc.C 
Ans-fold time: 0.9114
==== Integer vector .C compression
Command: /home/louza/mm-repair/sdsl/encode.x /mnt/data/datasets/machine-learning-matrices-split/census.csv.12.6.vc.C 
==== Integer vector .R compression
Command: /home/louza/mm-repair/sdsl/encode.x /mnt/data/datasets/machine-learning-matrices-split/census.csv.12.6.vc.R 
Integer vector compression time: 0.1471
==== OLE
Command: /home/louza/mm-repair/ole/encode.x /mnt/data/datasets/machine-learning-matrices-split/census.csv.12.6.vc.C 
OLE time: 0.0659
==== Ans-fold compression
Command: /home/louza/mm-repair/ans/encode.x /mnt/data/datasets/machine-learning-matrices-split/census.csv.12.6.vc.C 
Ans-fold time: 1.0553
==== Integer vector .C compression
Command: /home/louza/mm-repair/sdsl/encode.x /mnt/data/datasets/machine-learning-matrices-split/census.csv.12.7.vc.C 
==== Integer vector .R compression
Command: /home/louza/mm-repair/sdsl/encode.x /mnt/data/datasets/machine-learning-matrices-split/census.csv.12.7.vc.R 
Integer vector compression time: 0.1296
==== OLE
Command: /home/louza/mm-repair/ole/encode.x /mnt/data/datasets/machine-learning-matrices-split/census.csv.12.7.vc.C 
OLE time: 0.0543
==== Ans-fold compression
Command: /home/louza/mm-repair/ans/encode.x /mnt/data/datasets/machine-learning-matrices-split/census.csv.12.7.vc.C 
Ans-fold time: 1.1925
==== Integer vector .C compression
Command: /home/louza/mm-repair/sdsl/encode.x /mnt/data/datasets/machine-learning-matrices-split/census.csv.12.8.vc.C 
==== Integer vector .R compression
Command: /home/louza/mm-repair/sdsl/encode.x /mnt/data/datasets/machine-learning-matrices-split/census.csv.12.8.vc.R 
Integer vector compression time: 0.1298
==== OLE
Command: /home/louza/mm-repair/ole/encode.x /mnt/data/datasets/machine-learning-matrices-split/census.csv.12.8.vc.C 
OLE time: 0.0683
==== Ans-fold compression
Command: /home/louza/mm-repair/ans/encode.x /mnt/data/datasets/machine-learning-matrices-split/census.csv.12.8.vc.C 
Ans-fold time: 1.3693
==== Integer vector .C compression
Command: /home/louza/mm-repair/sdsl/encode.x /mnt/data/datasets/machine-learning-matrices-split/census.csv.12.9.vc.C 
==== Integer vector .R compression
Command: /home/louza/mm-repair/sdsl/encode.x /mnt/data/datasets/machine-learning-matrices-split/census.csv.12.9.vc.R 
Integer vector compression time: 0.1422
==== OLE
Command: /home/louza/mm-repair/ole/encode.x /mnt/data/datasets/machine-learning-matrices-split/census.csv.12.9.vc.C 
OLE time: 0.0552
==== Ans-fold compression
Command: /home/louza/mm-repair/ans/encode.x /mnt/data/datasets/machine-learning-matrices-split/census.csv.12.9.vc.C 
Ans-fold time: 1.5403
==== Integer vector .C compression
Command: /home/louza/mm-repair/sdsl/encode.x /mnt/data/datasets/machine-learning-matrices-split/census.csv.12.10.vc.C 
==== Integer vector .R compression
Command: /home/louza/mm-repair/sdsl/encode.x /mnt/data/datasets/machine-learning-matrices-split/census.csv.12.10.vc.R 
Integer vector compression time: 0.1464
==== OLE
Command: /home/louza/mm-repair/ole/encode.x /mnt/data/datasets/machine-learning-matrices-split/census.csv.12.10.vc.C 
OLE time: 0.0655
==== Ans-fold compression
Command: /home/louza/mm-repair/ans/encode.x /mnt/data/datasets/machine-learning-matrices-split/census.csv.12.10.vc.C 
Ans-fold time: 1.6877
==== Integer vector .C compression
Command: /home/louza/mm-repair/sdsl/encode.x /mnt/data/datasets/machine-learning-matrices-split/census.csv.12.11.vc.C 
==== Integer vector .R compression
Command: /home/louza/mm-repair/sdsl/encode.x /mnt/data/datasets/machine-learning-matrices-split/census.csv.12.11.vc.R 
Integer vector compression time: 0.1344
==== OLE
Command: /home/louza/mm-repair/ole/encode.x /mnt/data/datasets/machine-learning-matrices-split/census.csv.12.11.vc.C 
OLE time: 0.0656
==== Ans-fold compression
Command: /home/louza/mm-repair/ans/encode.x /mnt/data/datasets/machine-learning-matrices-split/census.csv.12.11.vc.C 
Ans-fold time: 1.8385
Elapsed time: 30.8165
==== Compression Report:
 >> matrix name: /mnt/data/datasets/machine-learning-matrices-split/census.csv
 >> conversion time: 11.44
 >> repair time: 15.06
 >> integer vectors time: 0.13
 >> ansf time: 1.84
 >> total time: 30.82
 >> matrix log(alpha)xNumEntries size: 125372535 bytes
 >> matrix dense size: 1337307040 bytes
 >> total number of nonzero: 71928503 (43.03%)
 >> number of distinct nonzero: 45
 >> CRSV  size: 297547512 bytes  (22.25%)
 >> RE32  size: 55009976 bytes  (4.11%)
 >> REIV  size: 29224520 bytes  (2.19%)
 >> REANS size: 23195862 bytes  (1.73%)
==== Done

#### 2026-09-06 07:30:10
 Command line: ./mm-repair/matrepair -r -b 12 -p 12 /mnt/data/datasets/machine-learning-matrices-split/census.csv 2458285 68 --mapping 
Setting memory for each repair instance to 38671 MBs
Sending logging messages to file: /mnt/data/datasets/machine-learning-matrices-split/census.csv.log
==== Conversion bin/csv->csrv
Command: /home/louza/mm-repair/csvmat2csrv -b 12   /mnt/data/datasets/machine-learning-matrices-split/census.csv -r 0 -m  2458285 68
Conversion time: 23.0436
==== Repair paralell compression
---- Executing 12 parallel processes
---- Parallel processing completed
Repair time: 15.5382
==== Integer vector .C compression
Command: /home/louza/mm-repair/sdsl/encode.x /mnt/data/datasets/machine-learning-matrices-split/census.csv.12.0.vc.C 
==== Integer vector .R compression
Command: /home/louza/mm-repair/sdsl/encode.x /mnt/data/datasets/machine-learning-matrices-split/census.csv.12.0.vc.R 
Integer vector compression time: 0.1898
==== Ans-fold compression
Command: /home/louza/mm-repair/ans/encode.x /mnt/data/datasets/machine-learning-matrices-split/census.csv.12.0.vc.C 
Ans-fold time: 0.1619
==== Integer vector .C compression
Command: /home/louza/mm-repair/sdsl/encode.x /mnt/data/datasets/machine-learning-matrices-split/census.csv.12.1.vc.C 
==== Integer vector .R compression
Command: /home/louza/mm-repair/sdsl/encode.x /mnt/data/datasets/machine-learning-matrices-split/census.csv.12.1.vc.R 
Integer vector compression time: 0.2444
==== Ans-fold compression
Command: /home/louza/mm-repair/ans/encode.x /mnt/data/datasets/machine-learning-matrices-split/census.csv.12.1.vc.C 
Ans-fold time: 0.3174
==== Integer vector .C compression
Command: /home/louza/mm-repair/sdsl/encode.x /mnt/data/datasets/machine-learning-matrices-split/census.csv.12.2.vc.C 
==== Integer vector .R compression
Command: /home/louza/mm-repair/sdsl/encode.x /mnt/data/datasets/machine-learning-matrices-split/census.csv.12.2.vc.R 
Integer vector compression time: 0.2746
==== Ans-fold compression
Command: /home/louza/mm-repair/ans/encode.x /mnt/data/datasets/machine-learning-matrices-split/census.csv.12.2.vc.C 
Ans-fold time: 0.4330
==== Integer vector .C compression
Command: /home/louza/mm-repair/sdsl/encode.x /mnt/data/datasets/machine-learning-matrices-split/census.csv.12.3.vc.C 
==== Integer vector .R compression
Command: /home/louza/mm-repair/sdsl/encode.x /mnt/data/datasets/machine-learning-matrices-split/census.csv.12.3.vc.R 
Integer vector compression time: 0.2450
==== Ans-fold compression
Command: /home/louza/mm-repair/ans/encode.x /mnt/data/datasets/machine-learning-matrices-split/census.csv.12.3.vc.C 
Ans-fold time: 0.5960
==== Integer vector .C compression
Command: /home/louza/mm-repair/sdsl/encode.x /mnt/data/datasets/machine-learning-matrices-split/census.csv.12.4.vc.C 
==== Integer vector .R compression
Command: /home/louza/mm-repair/sdsl/encode.x /mnt/data/datasets/machine-learning-matrices-split/census.csv.12.4.vc.R 
Integer vector compression time: 0.1542
==== Ans-fold compression
Command: /home/louza/mm-repair/ans/encode.x /mnt/data/datasets/machine-learning-matrices-split/census.csv.12.4.vc.C 
Ans-fold time: 0.7363
==== Integer vector .C compression
Command: /home/louza/mm-repair/sdsl/encode.x /mnt/data/datasets/machine-learning-matrices-split/census.csv.12.5.vc.C 
==== Integer vector .R compression
Command: /home/louza/mm-repair/sdsl/encode.x /mnt/data/datasets/machine-learning-matrices-split/census.csv.12.5.vc.R 
Integer vector compression time: 0.1486
==== Ans-fold compression
Command: /home/louza/mm-repair/ans/encode.x /mnt/data/datasets/machine-learning-matrices-split/census.csv.12.5.vc.C 
Ans-fold time: 0.8579
==== Integer vector .C compression
Command: /home/louza/mm-repair/sdsl/encode.x /mnt/data/datasets/machine-learning-matrices-split/census.csv.12.6.vc.C 
==== Integer vector .R compression
Command: /home/louza/mm-repair/sdsl/encode.x /mnt/data/datasets/machine-learning-matrices-split/census.csv.12.6.vc.R 
Integer vector compression time: 0.1348
==== Ans-fold compression
Command: /home/louza/mm-repair/ans/encode.x /mnt/data/datasets/machine-learning-matrices-split/census.csv.12.6.vc.C 
Ans-fold time: 1.1258
==== Integer vector .C compression
Command: /home/louza/mm-repair/sdsl/encode.x /mnt/data/datasets/machine-learning-matrices-split/census.csv.12.7.vc.C 
==== Integer vector .R compression
Command: /home/louza/mm-repair/sdsl/encode.x /mnt/data/datasets/machine-learning-matrices-split/census.csv.12.7.vc.R 
Integer vector compression time: 0.1599
==== Ans-fold compression
Command: /home/louza/mm-repair/ans/encode.x /mnt/data/datasets/machine-learning-matrices-split/census.csv.12.7.vc.C 
Ans-fold time: 1.2570
==== Integer vector .C compression
Command: /home/louza/mm-repair/sdsl/encode.x /mnt/data/datasets/machine-learning-matrices-split/census.csv.12.8.vc.C 
==== Integer vector .R compression
Command: /home/louza/mm-repair/sdsl/encode.x /mnt/data/datasets/machine-learning-matrices-split/census.csv.12.8.vc.R 
Integer vector compression time: 0.1807
==== Ans-fold compression
Command: /home/louza/mm-repair/ans/encode.x /mnt/data/datasets/machine-learning-matrices-split/census.csv.12.8.vc.C 
Ans-fold time: 1.4575
==== Integer vector .C compression
Command: /home/louza/mm-repair/sdsl/encode.x /mnt/data/datasets/machine-learning-matrices-split/census.csv.12.9.vc.C 
==== Integer vector .R compression
Command: /home/louza/mm-repair/sdsl/encode.x /mnt/data/datasets/machine-learning-matrices-split/census.csv.12.9.vc.R 
Integer vector compression time: 0.2106
==== Ans-fold compression
Command: /home/louza/mm-repair/ans/encode.x /mnt/data/datasets/machine-learning-matrices-split/census.csv.12.9.vc.C 
Ans-fold time: 1.6946
==== Integer vector .C compression
Command: /home/louza/mm-repair/sdsl/encode.x /mnt/data/datasets/machine-learning-matrices-split/census.csv.12.10.vc.C 
==== Integer vector .R compression
Command: /home/louza/mm-repair/sdsl/encode.x /mnt/data/datasets/machine-learning-matrices-split/census.csv.12.10.vc.R 
Integer vector compression time: 0.2385
==== Ans-fold compression
Command: /home/louza/mm-repair/ans/encode.x /mnt/data/datasets/machine-learning-matrices-split/census.csv.12.10.vc.C 
Ans-fold time: 1.9130
==== Integer vector .C compression
Command: /home/louza/mm-repair/sdsl/encode.x /mnt/data/datasets/machine-learning-matrices-split/census.csv.12.11.vc.C 
==== Integer vector .R compression
Command: /home/louza/mm-repair/sdsl/encode.x /mnt/data/datasets/machine-learning-matrices-split/census.csv.12.11.vc.R 
Integer vector compression time: 0.1592
==== Ans-fold compression
Command: /home/louza/mm-repair/ans/encode.x /mnt/data/datasets/machine-learning-matrices-split/census.csv.12.11.vc.C 
Ans-fold time: 2.0422
Command: /home/louza/mm-repair/ans/encode.x /mnt/data/datasets/machine-learning-matrices-split/census.csv.wcode 
Elapsed time: 42.9909
==== Compression Report:
 >> matrix name: /mnt/data/datasets/machine-learning-matrices-split/census.csv
 >> conversion time: 23.04
 >> repair time: 15.54
 >> integer vectors time: 0.16
 >> ansf time: 2.04
 >> total time: 42.99
 >> wcode: 1324 bytes
 >> wcode_ans: 178 bytes
 >> matrix log(alpha)xNumEntries size: 125372535 bytes
 >> matrix dense size: 1337307040 bytes
 >> total number of nonzero: 71928503 (43.03%)
 >> number of distinct nonzero: 45
 >> CRSV  size: 297547512 bytes  (22.25%)
 >> RE32  size: 55011300 bytes  (4.11%)
 >> REIV  size: 29225844 bytes  (2.19%)
 >> REANS size: 23831592 bytes  (1.78%)
==== Done

#### 2026-09-06 07:30:53
 Command line: ./mm-repair/matrepair -r -b 12 -p 12 /mnt/data/datasets/machine-learning-matrices-split/census.csv 2458285 68 --split 
Setting memory for each repair instance to 38671 MBs
Sending logging messages to file: /mnt/data/datasets/machine-learning-matrices-split/census.csv.log
==== Conversion bin/csv->csrv
Command: /home/louza/mm-repair/csvmat2csrv -b 12   /mnt/data/datasets/machine-learning-matrices-split/census.csv -r 0  -s 2458285 68
Conversion time: 38.3995
==== Repair paralell compression
---- Executing 12 parallel processes
---- Parallel processing completed
Repair time: 33.5323
==== Integer vector .C compression
Command: /home/louza/mm-repair/sdsl/encode.x /mnt/data/datasets/machine-learning-matrices-split/census.csv.12.0.A.vc.C 
==== Integer vector .R compression
Command: /home/louza/mm-repair/sdsl/encode.x /mnt/data/datasets/machine-learning-matrices-split/census.csv.12.0.A.vc.R 
Integer vector compression time: 0.0884
==== Ans-fold compression
Command: /home/louza/mm-repair/ans/encode.x /mnt/data/datasets/machine-learning-matrices-split/census.csv.12.0.A.vc.C 
Command: /home/louza/mm-repair/ans/encode.x /mnt/data/datasets/machine-learning-matrices-split/census.csv.12.0.B.vc
Ans-fold time: 0.1351
==== Integer vector .C compression
Command: /home/louza/mm-repair/sdsl/encode.x /mnt/data/datasets/machine-learning-matrices-split/census.csv.12.1.A.vc.C 
==== Integer vector .R compression
Command: /home/louza/mm-repair/sdsl/encode.x /mnt/data/datasets/machine-learning-matrices-split/census.csv.12.1.A.vc.R 
Integer vector compression time: 0.1058
==== Ans-fold compression
Command: /home/louza/mm-repair/ans/encode.x /mnt/data/datasets/machine-learning-matrices-split/census.csv.12.1.A.vc.C 
Command: /home/louza/mm-repair/ans/encode.x /mnt/data/datasets/machine-learning-matrices-split/census.csv.12.1.B.vc
Ans-fold time: 0.2881
==== Integer vector .C compression
Command: /home/louza/mm-repair/sdsl/encode.x /mnt/data/datasets/machine-learning-matrices-split/census.csv.12.2.A.vc.C 
==== Integer vector .R compression
Command: /home/louza/mm-repair/sdsl/encode.x /mnt/data/datasets/machine-learning-matrices-split/census.csv.12.2.A.vc.R 
Integer vector compression time: 0.0906
==== Ans-fold compression
Command: /home/louza/mm-repair/ans/encode.x /mnt/data/datasets/machine-learning-matrices-split/census.csv.12.2.A.vc.C 
Command: /home/louza/mm-repair/ans/encode.x /mnt/data/datasets/machine-learning-matrices-split/census.csv.12.2.B.vc
Ans-fold time: 0.4562
==== Integer vector .C compression
Command: /home/louza/mm-repair/sdsl/encode.x /mnt/data/datasets/machine-learning-matrices-split/census.csv.12.3.A.vc.C 
==== Integer vector .R compression
Command: /home/louza/mm-repair/sdsl/encode.x /mnt/data/datasets/machine-learning-matrices-split/census.csv.12.3.A.vc.R 
Integer vector compression time: 0.0939
==== Ans-fold compression
Command: /home/louza/mm-repair/ans/encode.x /mnt/data/datasets/machine-learning-matrices-split/census.csv.12.3.A.vc.C 
Command: /home/louza/mm-repair/ans/encode.x /mnt/data/datasets/machine-learning-matrices-split/census.csv.12.3.B.vc
Ans-fold time: 0.6224
==== Integer vector .C compression
Command: /home/louza/mm-repair/sdsl/encode.x /mnt/data/datasets/machine-learning-matrices-split/census.csv.12.4.A.vc.C 
==== Integer vector .R compression
Command: /home/louza/mm-repair/sdsl/encode.x /mnt/data/datasets/machine-learning-matrices-split/census.csv.12.4.A.vc.R 
Integer vector compression time: 0.0987
==== Ans-fold compression
Command: /home/louza/mm-repair/ans/encode.x /mnt/data/datasets/machine-learning-matrices-split/census.csv.12.4.A.vc.C 
Command: /home/louza/mm-repair/ans/encode.x /mnt/data/datasets/machine-learning-matrices-split/census.csv.12.4.B.vc
Ans-fold time: 0.7706
==== Integer vector .C compression
Command: /home/louza/mm-repair/sdsl/encode.x /mnt/data/datasets/machine-learning-matrices-split/census.csv.12.5.A.vc.C 
==== Integer vector .R compression
Command: /home/louza/mm-repair/sdsl/encode.x /mnt/data/datasets/machine-learning-matrices-split/census.csv.12.5.A.vc.R 
Integer vector compression time: 0.1027
==== Ans-fold compression
Command: /home/louza/mm-repair/ans/encode.x /mnt/data/datasets/machine-learning-matrices-split/census.csv.12.5.A.vc.C 
Command: /home/louza/mm-repair/ans/encode.x /mnt/data/datasets/machine-learning-matrices-split/census.csv.12.5.B.vc
Ans-fold time: 0.9358
==== Integer vector .C compression
Command: /home/louza/mm-repair/sdsl/encode.x /mnt/data/datasets/machine-learning-matrices-split/census.csv.12.6.A.vc.C 
==== Integer vector .R compression
Command: /home/louza/mm-repair/sdsl/encode.x /mnt/data/datasets/machine-learning-matrices-split/census.csv.12.6.A.vc.R 
Integer vector compression time: 0.1867
==== Ans-fold compression
Command: /home/louza/mm-repair/ans/encode.x /mnt/data/datasets/machine-learning-matrices-split/census.csv.12.6.A.vc.C 
Command: /home/louza/mm-repair/ans/encode.x /mnt/data/datasets/machine-learning-matrices-split/census.csv.12.6.B.vc
Ans-fold time: 1.0665
==== Integer vector .C compression
Command: /home/louza/mm-repair/sdsl/encode.x /mnt/data/datasets/machine-learning-matrices-split/census.csv.12.7.A.vc.C 
==== Integer vector .R compression
Command: /home/louza/mm-repair/sdsl/encode.x /mnt/data/datasets/machine-learning-matrices-split/census.csv.12.7.A.vc.R 
Integer vector compression time: 0.0943
==== Ans-fold compression
Command: /home/louza/mm-repair/ans/encode.x /mnt/data/datasets/machine-learning-matrices-split/census.csv.12.7.A.vc.C 
Command: /home/louza/mm-repair/ans/encode.x /mnt/data/datasets/machine-learning-matrices-split/census.csv.12.7.B.vc
Ans-fold time: 1.1946
==== Integer vector .C compression
Command: /home/louza/mm-repair/sdsl/encode.x /mnt/data/datasets/machine-learning-matrices-split/census.csv.12.8.A.vc.C 
==== Integer vector .R compression
Command: /home/louza/mm-repair/sdsl/encode.x /mnt/data/datasets/machine-learning-matrices-split/census.csv.12.8.A.vc.R 
Integer vector compression time: 0.0926
==== Ans-fold compression
Command: /home/louza/mm-repair/ans/encode.x /mnt/data/datasets/machine-learning-matrices-split/census.csv.12.8.A.vc.C 
Command: /home/louza/mm-repair/ans/encode.x /mnt/data/datasets/machine-learning-matrices-split/census.csv.12.8.B.vc
Ans-fold time: 1.3357
==== Integer vector .C compression
Command: /home/louza/mm-repair/sdsl/encode.x /mnt/data/datasets/machine-learning-matrices-split/census.csv.12.9.A.vc.C 
==== Integer vector .R compression
Command: /home/louza/mm-repair/sdsl/encode.x /mnt/data/datasets/machine-learning-matrices-split/census.csv.12.9.A.vc.R 
Integer vector compression time: 0.0984
==== Ans-fold compression
Command: /home/louza/mm-repair/ans/encode.x /mnt/data/datasets/machine-learning-matrices-split/census.csv.12.9.A.vc.C 
Command: /home/louza/mm-repair/ans/encode.x /mnt/data/datasets/machine-learning-matrices-split/census.csv.12.9.B.vc
Ans-fold time: 1.4827
==== Integer vector .C compression
Command: /home/louza/mm-repair/sdsl/encode.x /mnt/data/datasets/machine-learning-matrices-split/census.csv.12.10.A.vc.C 
==== Integer vector .R compression
Command: /home/louza/mm-repair/sdsl/encode.x /mnt/data/datasets/machine-learning-matrices-split/census.csv.12.10.A.vc.R 
Integer vector compression time: 0.0944
==== Ans-fold compression
Command: /home/louza/mm-repair/ans/encode.x /mnt/data/datasets/machine-learning-matrices-split/census.csv.12.10.A.vc.C 
Command: /home/louza/mm-repair/ans/encode.x /mnt/data/datasets/machine-learning-matrices-split/census.csv.12.10.B.vc
Ans-fold time: 1.6149
==== Integer vector .C compression
Command: /home/louza/mm-repair/sdsl/encode.x /mnt/data/datasets/machine-learning-matrices-split/census.csv.12.11.A.vc.C 
==== Integer vector .R compression
Command: /home/louza/mm-repair/sdsl/encode.x /mnt/data/datasets/machine-learning-matrices-split/census.csv.12.11.A.vc.R 
Integer vector compression time: 0.1059
==== Ans-fold compression
Command: /home/louza/mm-repair/ans/encode.x /mnt/data/datasets/machine-learning-matrices-split/census.csv.12.11.A.vc.C 
Command: /home/louza/mm-repair/ans/encode.x /mnt/data/datasets/machine-learning-matrices-split/census.csv.12.11.B.vc
Ans-fold time: 1.8291
Elapsed time: 75.0154
==== Compression Report:
 >> matrix name: /mnt/data/datasets/machine-learning-matrices-split/census.csv
 >> conversion time: 38.40
 >> repair time: 33.53
 >> integer vectors time: 0.11
 >> ansf time: 1.83
 >> total time: 75.02
 >> matrix log(alpha)xNumEntries size: 125372535 bytes
 >> matrix dense size: 1337307040 bytes
 >> total number of nonzero: 71927665 (43.03%)
 >> number of distinct nonzero: 45
 >> CRSV  size: 297544160 bytes  (22.25%)
 >> B	  size: 9836492 bytes  (0.74%)
 >> B_ans size: 3150 bytes  (0.00%)
 >> RE32  size: 55009274 bytes  (4.11%)
 >> REIV  size: 29225646 bytes  (2.19%)
 >> REANS size: 23862740 bytes  (1.78%)
==== Done

#### 2026-09-06 07:32:08
 Command line: ./mm-repair/matrepair -r -b 12 -p 12 /mnt/data/datasets/machine-learning-matrices-split/census.csv 2458285 68 --ole --mapping 
Setting memory for each repair instance to 38671 MBs
Sending logging messages to file: /mnt/data/datasets/machine-learning-matrices-split/census.csv.log
==== Conversion bin/csv->csrv
Command: /home/louza/mm-repair/csvmat2csrv -b 12   /mnt/data/datasets/machine-learning-matrices-split/census.csv -r 0 -m  2458285 68
Conversion time: 39.6446
==== Repair paralell compression
---- Executing 12 parallel processes
---- Parallel processing completed
Repair time: 8.6209
==== Integer vector .C compression
Command: /home/louza/mm-repair/sdsl/encode.x /mnt/data/datasets/machine-learning-matrices-split/census.csv.12.0.vc.C 
==== Integer vector .R compression
Command: /home/louza/mm-repair/sdsl/encode.x /mnt/data/datasets/machine-learning-matrices-split/census.csv.12.0.vc.R 
Integer vector compression time: 0.2508
==== OLE
Command: /home/louza/mm-repair/ole/encode.x /mnt/data/datasets/machine-learning-matrices-split/census.csv.12.0.vc.C 
OLE time: 0.1339
==== Ans-fold compression
Command: /home/louza/mm-repair/ans/encode.x /mnt/data/datasets/machine-learning-matrices-split/census.csv.12.0.vc.C 
Ans-fold time: 0.5227
==== Integer vector .C compression
Command: /home/louza/mm-repair/sdsl/encode.x /mnt/data/datasets/machine-learning-matrices-split/census.csv.12.1.vc.C 
==== Integer vector .R compression
Command: /home/louza/mm-repair/sdsl/encode.x /mnt/data/datasets/machine-learning-matrices-split/census.csv.12.1.vc.R 
Integer vector compression time: 0.1906
==== OLE
Command: /home/louza/mm-repair/ole/encode.x /mnt/data/datasets/machine-learning-matrices-split/census.csv.12.1.vc.C 
OLE time: 0.7330
==== Ans-fold compression
Command: /home/louza/mm-repair/ans/encode.x /mnt/data/datasets/machine-learning-matrices-split/census.csv.12.1.vc.C 
Ans-fold time: 0.6596
==== Integer vector .C compression
Command: /home/louza/mm-repair/sdsl/encode.x /mnt/data/datasets/machine-learning-matrices-split/census.csv.12.2.vc.C 
==== Integer vector .R compression
Command: /home/louza/mm-repair/sdsl/encode.x /mnt/data/datasets/machine-learning-matrices-split/census.csv.12.2.vc.R 
Integer vector compression time: 0.2499
==== OLE
Command: /home/louza/mm-repair/ole/encode.x /mnt/data/datasets/machine-learning-matrices-split/census.csv.12.2.vc.C 
OLE time: 0.2959
==== Ans-fold compression
Command: /home/louza/mm-repair/ans/encode.x /mnt/data/datasets/machine-learning-matrices-split/census.csv.12.2.vc.C 
Ans-fold time: 0.8524
==== Integer vector .C compression
Command: /home/louza/mm-repair/sdsl/encode.x /mnt/data/datasets/machine-learning-matrices-split/census.csv.12.3.vc.C 
==== Integer vector .R compression
Command: /home/louza/mm-repair/sdsl/encode.x /mnt/data/datasets/machine-learning-matrices-split/census.csv.12.3.vc.R 
Integer vector compression time: 0.2541
==== OLE
Command: /home/louza/mm-repair/ole/encode.x /mnt/data/datasets/machine-learning-matrices-split/census.csv.12.3.vc.C 
OLE time: 0.1117
==== Ans-fold compression
Command: /home/louza/mm-repair/ans/encode.x /mnt/data/datasets/machine-learning-matrices-split/census.csv.12.3.vc.C 
Ans-fold time: 1.2328
==== Integer vector .C compression
Command: /home/louza/mm-repair/sdsl/encode.x /mnt/data/datasets/machine-learning-matrices-split/census.csv.12.4.vc.C 
==== Integer vector .R compression
Command: /home/louza/mm-repair/sdsl/encode.x /mnt/data/datasets/machine-learning-matrices-split/census.csv.12.4.vc.R 
Integer vector compression time: 0.2920
==== OLE
Command: /home/louza/mm-repair/ole/encode.x /mnt/data/datasets/machine-learning-matrices-split/census.csv.12.4.vc.C 
OLE time: 0.8993
==== Ans-fold compression
Command: /home/louza/mm-repair/ans/encode.x /mnt/data/datasets/machine-learning-matrices-split/census.csv.12.4.vc.C 
Ans-fold time: 1.8949
==== Integer vector .C compression
Command: /home/louza/mm-repair/sdsl/encode.x /mnt/data/datasets/machine-learning-matrices-split/census.csv.12.5.vc.C 
==== Integer vector .R compression
Command: /home/louza/mm-repair/sdsl/encode.x /mnt/data/datasets/machine-learning-matrices-split/census.csv.12.5.vc.R 
Integer vector compression time: 0.5884
==== OLE
Command: /home/louza/mm-repair/ole/encode.x /mnt/data/datasets/machine-learning-matrices-split/census.csv.12.5.vc.C 
OLE time: 0.7531
==== Ans-fold compression
Command: /home/louza/mm-repair/ans/encode.x /mnt/data/datasets/machine-learning-matrices-split/census.csv.12.5.vc.C 
Ans-fold time: 2.4866
==== Integer vector .C compression
Command: /home/louza/mm-repair/sdsl/encode.x /mnt/data/datasets/machine-learning-matrices-split/census.csv.12.6.vc.C 
==== Integer vector .R compression
Command: /home/louza/mm-repair/sdsl/encode.x /mnt/data/datasets/machine-learning-matrices-split/census.csv.12.6.vc.R 
Integer vector compression time: 1.4479
==== OLE
Command: /home/louza/mm-repair/ole/encode.x /mnt/data/datasets/machine-learning-matrices-split/census.csv.12.6.vc.C 
OLE time: 0.8718
==== Ans-fold compression
Command: /home/louza/mm-repair/ans/encode.x /mnt/data/datasets/machine-learning-matrices-split/census.csv.12.6.vc.C 
Ans-fold time: 2.8068
==== Integer vector .C compression
Command: /home/louza/mm-repair/sdsl/encode.x /mnt/data/datasets/machine-learning-matrices-split/census.csv.12.7.vc.C 
==== Integer vector .R compression
Command: /home/louza/mm-repair/sdsl/encode.x /mnt/data/datasets/machine-learning-matrices-split/census.csv.12.7.vc.R 
Integer vector compression time: 0.3822
==== OLE
Command: /home/louza/mm-repair/ole/encode.x /mnt/data/datasets/machine-learning-matrices-split/census.csv.12.7.vc.C 
OLE time: 0.3814
==== Ans-fold compression
Command: /home/louza/mm-repair/ans/encode.x /mnt/data/datasets/machine-learning-matrices-split/census.csv.12.7.vc.C 
Ans-fold time: 3.0243
==== Integer vector .C compression
Command: /home/louza/mm-repair/sdsl/encode.x /mnt/data/datasets/machine-learning-matrices-split/census.csv.12.8.vc.C 
==== Integer vector .R compression
Command: /home/louza/mm-repair/sdsl/encode.x /mnt/data/datasets/machine-learning-matrices-split/census.csv.12.8.vc.R 
Integer vector compression time: 0.2432
==== OLE
Command: /home/louza/mm-repair/ole/encode.x /mnt/data/datasets/machine-learning-matrices-split/census.csv.12.8.vc.C 
OLE time: 0.2242
==== Ans-fold compression
Command: /home/louza/mm-repair/ans/encode.x /mnt/data/datasets/machine-learning-matrices-split/census.csv.12.8.vc.C 
Ans-fold time: 3.1218
==== Integer vector .C compression
Command: /home/louza/mm-repair/sdsl/encode.x /mnt/data/datasets/machine-learning-matrices-split/census.csv.12.9.vc.C 
==== Integer vector .R compression
Command: /home/louza/mm-repair/sdsl/encode.x /mnt/data/datasets/machine-learning-matrices-split/census.csv.12.9.vc.R 
Integer vector compression time: 0.2309
==== OLE
Command: /home/louza/mm-repair/ole/encode.x /mnt/data/datasets/machine-learning-matrices-split/census.csv.12.9.vc.C 
OLE time: 0.2670
==== Ans-fold compression
Command: /home/louza/mm-repair/ans/encode.x /mnt/data/datasets/machine-learning-matrices-split/census.csv.12.9.vc.C 
Ans-fold time: 3.3009
==== Integer vector .C compression
Command: /home/louza/mm-repair/sdsl/encode.x /mnt/data/datasets/machine-learning-matrices-split/census.csv.12.10.vc.C 
==== Integer vector .R compression
Command: /home/louza/mm-repair/sdsl/encode.x /mnt/data/datasets/machine-learning-matrices-split/census.csv.12.10.vc.R 
Integer vector compression time: 0.1734
==== OLE
Command: /home/louza/mm-repair/ole/encode.x /mnt/data/datasets/machine-learning-matrices-split/census.csv.12.10.vc.C 
OLE time: 0.1449
==== Ans-fold compression
Command: /home/louza/mm-repair/ans/encode.x /mnt/data/datasets/machine-learning-matrices-split/census.csv.12.10.vc.C 
Ans-fold time: 3.4804
==== Integer vector .C compression
Command: /home/louza/mm-repair/sdsl/encode.x /mnt/data/datasets/machine-learning-matrices-split/census.csv.12.11.vc.C 
==== Integer vector .R compression
Command: /home/louza/mm-repair/sdsl/encode.x /mnt/data/datasets/machine-learning-matrices-split/census.csv.12.11.vc.R 
Integer vector compression time: 0.1174
==== OLE
Command: /home/louza/mm-repair/ole/encode.x /mnt/data/datasets/machine-learning-matrices-split/census.csv.12.11.vc.C 
OLE time: 0.1930
==== Ans-fold compression
Command: /home/louza/mm-repair/ans/encode.x /mnt/data/datasets/machine-learning-matrices-split/census.csv.12.11.vc.C 
Ans-fold time: 3.5814
Command: /home/louza/mm-repair/ans/encode.x /mnt/data/datasets/machine-learning-matrices-split/census.csv.wcode 
Elapsed time: 61.3427
==== Compression Report:
 >> matrix name: /mnt/data/datasets/machine-learning-matrices-split/census.csv
 >> conversion time: 39.64
 >> repair time: 8.62
 >> integer vectors time: 0.12
 >> ansf time: 3.58
 >> total time: 61.34
 >> wcode: 1324 bytes
 >> wcode_ans: 178 bytes
 >> matrix log(alpha)xNumEntries size: 125372535 bytes
 >> matrix dense size: 1337307040 bytes
 >> total number of nonzero: 71928503 (43.03%)
 >> number of distinct nonzero: 45
 >> CRSV  size: 297547512 bytes  (22.25%)
 >> RE32  size: 55011300 bytes  (4.11%)
 >> REIV  size: 29225844 bytes  (2.19%)
 >> REANS size: 23040308 bytes  (1.72%)
==== Done

#### 2026-09-06 07:33:09
 Command line: ./mm-repair/matrepair -r -b 12 -p 12 /mnt/data/datasets/machine-learning-matrices-split/census.csv 2458285 68 --ole --split 
Setting memory for each repair instance to 38671 MBs
Sending logging messages to file: /mnt/data/datasets/machine-learning-matrices-split/census.csv.log
==== Conversion bin/csv->csrv
Command: /home/louza/mm-repair/csvmat2csrv -b 12   /mnt/data/datasets/machine-learning-matrices-split/census.csv -r 0  -s 2458285 68
Conversion time: 50.9686
==== Repair paralell compression
---- Executing 12 parallel processes
---- Parallel processing completed
Repair time: 11.4125
==== Integer vector .C compression
Command: /home/louza/mm-repair/sdsl/encode.x /mnt/data/datasets/machine-learning-matrices-split/census.csv.12.0.A.vc.C 
==== Integer vector .R compression
Command: /home/louza/mm-repair/sdsl/encode.x /mnt/data/datasets/machine-learning-matrices-split/census.csv.12.0.A.vc.R 
Integer vector compression time: 0.1430
==== OLE
Command: /home/louza/mm-repair/ole/encode.x /mnt/data/datasets/machine-learning-matrices-split/census.csv.12.0.A.vc.C 
Command: /home/louza/mm-repair/ole/encode.x /mnt/data/datasets/machine-learning-matrices-split/census.csv.12.0.B.vc 
OLE time: 0.0428
==== Ans-fold compression
Command: /home/louza/mm-repair/ans/encode.x /mnt/data/datasets/machine-learning-matrices-split/census.csv.12.0.A.vc.C 
Command: /home/louza/mm-repair/ans/encode.x /mnt/data/datasets/machine-learning-matrices-split/census.csv.12.0.B.vc
Ans-fold time: 0.3659
==== Integer vector .C compression
Command: /home/louza/mm-repair/sdsl/encode.x /mnt/data/datasets/machine-learning-matrices-split/census.csv.12.1.A.vc.C 
==== Integer vector .R compression
Command: /home/louza/mm-repair/sdsl/encode.x /mnt/data/datasets/machine-learning-matrices-split/census.csv.12.1.A.vc.R 
Integer vector compression time: 0.3197
==== OLE
Command: /home/louza/mm-repair/ole/encode.x /mnt/data/datasets/machine-learning-matrices-split/census.csv.12.1.A.vc.C 
Command: /home/louza/mm-repair/ole/encode.x /mnt/data/datasets/machine-learning-matrices-split/census.csv.12.1.B.vc 
OLE time: 0.0356
==== Ans-fold compression
Command: /home/louza/mm-repair/ans/encode.x /mnt/data/datasets/machine-learning-matrices-split/census.csv.12.1.A.vc.C 
Command: /home/louza/mm-repair/ans/encode.x /mnt/data/datasets/machine-learning-matrices-split/census.csv.12.1.B.vc
Ans-fold time: 0.7461
==== Integer vector .C compression
Command: /home/louza/mm-repair/sdsl/encode.x /mnt/data/datasets/machine-learning-matrices-split/census.csv.12.2.A.vc.C 
==== Integer vector .R compression
Command: /home/louza/mm-repair/sdsl/encode.x /mnt/data/datasets/machine-learning-matrices-split/census.csv.12.2.A.vc.R 
Integer vector compression time: 0.2194
==== OLE
Command: /home/louza/mm-repair/ole/encode.x /mnt/data/datasets/machine-learning-matrices-split/census.csv.12.2.A.vc.C 
Command: /home/louza/mm-repair/ole/encode.x /mnt/data/datasets/machine-learning-matrices-split/census.csv.12.2.B.vc 
OLE time: 0.0599
==== Ans-fold compression
Command: /home/louza/mm-repair/ans/encode.x /mnt/data/datasets/machine-learning-matrices-split/census.csv.12.2.A.vc.C 
Command: /home/louza/mm-repair/ans/encode.x /mnt/data/datasets/machine-learning-matrices-split/census.csv.12.2.B.vc
Ans-fold time: 1.1069
==== Integer vector .C compression
Command: /home/louza/mm-repair/sdsl/encode.x /mnt/data/datasets/machine-learning-matrices-split/census.csv.12.3.A.vc.C 
==== Integer vector .R compression
Command: /home/louza/mm-repair/sdsl/encode.x /mnt/data/datasets/machine-learning-matrices-split/census.csv.12.3.A.vc.R 
Integer vector compression time: 0.1147
==== OLE
Command: /home/louza/mm-repair/ole/encode.x /mnt/data/datasets/machine-learning-matrices-split/census.csv.12.3.A.vc.C 
Command: /home/louza/mm-repair/ole/encode.x /mnt/data/datasets/machine-learning-matrices-split/census.csv.12.3.B.vc 
OLE time: 0.0253
==== Ans-fold compression
Command: /home/louza/mm-repair/ans/encode.x /mnt/data/datasets/machine-learning-matrices-split/census.csv.12.3.A.vc.C 
Command: /home/louza/mm-repair/ans/encode.x /mnt/data/datasets/machine-learning-matrices-split/census.csv.12.3.B.vc
Ans-fold time: 1.2410
==== Integer vector .C compression
Command: /home/louza/mm-repair/sdsl/encode.x /mnt/data/datasets/machine-learning-matrices-split/census.csv.12.4.A.vc.C 
==== Integer vector .R compression
Command: /home/louza/mm-repair/sdsl/encode.x /mnt/data/datasets/machine-learning-matrices-split/census.csv.12.4.A.vc.R 
Integer vector compression time: 0.1820
==== OLE
Command: /home/louza/mm-repair/ole/encode.x /mnt/data/datasets/machine-learning-matrices-split/census.csv.12.4.A.vc.C 
Command: /home/louza/mm-repair/ole/encode.x /mnt/data/datasets/machine-learning-matrices-split/census.csv.12.4.B.vc 
OLE time: 0.0456
==== Ans-fold compression
Command: /home/louza/mm-repair/ans/encode.x /mnt/data/datasets/machine-learning-matrices-split/census.csv.12.4.A.vc.C 
Command: /home/louza/mm-repair/ans/encode.x /mnt/data/datasets/machine-learning-matrices-split/census.csv.12.4.B.vc
Ans-fold time: 1.3649
==== Integer vector .C compression
Command: /home/louza/mm-repair/sdsl/encode.x /mnt/data/datasets/machine-learning-matrices-split/census.csv.12.5.A.vc.C 
==== Integer vector .R compression
Command: /home/louza/mm-repair/sdsl/encode.x /mnt/data/datasets/machine-learning-matrices-split/census.csv.12.5.A.vc.R 
Integer vector compression time: 0.1310
==== OLE
Command: /home/louza/mm-repair/ole/encode.x /mnt/data/datasets/machine-learning-matrices-split/census.csv.12.5.A.vc.C 
Command: /home/louza/mm-repair/ole/encode.x /mnt/data/datasets/machine-learning-matrices-split/census.csv.12.5.B.vc 
OLE time: 0.0324
==== Ans-fold compression
Command: /home/louza/mm-repair/ans/encode.x /mnt/data/datasets/machine-learning-matrices-split/census.csv.12.5.A.vc.C 
Command: /home/louza/mm-repair/ans/encode.x /mnt/data/datasets/machine-learning-matrices-split/census.csv.12.5.B.vc
Ans-fold time: 1.5479
==== Integer vector .C compression
Command: /home/louza/mm-repair/sdsl/encode.x /mnt/data/datasets/machine-learning-matrices-split/census.csv.12.6.A.vc.C 
==== Integer vector .R compression
Command: /home/louza/mm-repair/sdsl/encode.x /mnt/data/datasets/machine-learning-matrices-split/census.csv.12.6.A.vc.R 
Integer vector compression time: 0.1234
==== OLE
Command: /home/louza/mm-repair/ole/encode.x /mnt/data/datasets/machine-learning-matrices-split/census.csv.12.6.A.vc.C 
Command: /home/louza/mm-repair/ole/encode.x /mnt/data/datasets/machine-learning-matrices-split/census.csv.12.6.B.vc 
OLE time: 0.0207
==== Ans-fold compression
Command: /home/louza/mm-repair/ans/encode.x /mnt/data/datasets/machine-learning-matrices-split/census.csv.12.6.A.vc.C 
Command: /home/louza/mm-repair/ans/encode.x /mnt/data/datasets/machine-learning-matrices-split/census.csv.12.6.B.vc
Ans-fold time: 1.7386
==== Integer vector .C compression
Command: /home/louza/mm-repair/sdsl/encode.x /mnt/data/datasets/machine-learning-matrices-split/census.csv.12.7.A.vc.C 
==== Integer vector .R compression
Command: /home/louza/mm-repair/sdsl/encode.x /mnt/data/datasets/machine-learning-matrices-split/census.csv.12.7.A.vc.R 
Integer vector compression time: 0.1888
==== OLE
Command: /home/louza/mm-repair/ole/encode.x /mnt/data/datasets/machine-learning-matrices-split/census.csv.12.7.A.vc.C 
Command: /home/louza/mm-repair/ole/encode.x /mnt/data/datasets/machine-learning-matrices-split/census.csv.12.7.B.vc 
OLE time: 0.0572
==== Ans-fold compression
Command: /home/louza/mm-repair/ans/encode.x /mnt/data/datasets/machine-learning-matrices-split/census.csv.12.7.A.vc.C 
Command: /home/louza/mm-repair/ans/encode.x /mnt/data/datasets/machine-learning-matrices-split/census.csv.12.7.B.vc
Ans-fold time: 1.9053
==== Integer vector .C compression
Command: /home/louza/mm-repair/sdsl/encode.x /mnt/data/datasets/machine-learning-matrices-split/census.csv.12.8.A.vc.C 
==== Integer vector .R compression
Command: /home/louza/mm-repair/sdsl/encode.x /mnt/data/datasets/machine-learning-matrices-split/census.csv.12.8.A.vc.R 
Integer vector compression time: 0.1439
==== OLE
Command: /home/louza/mm-repair/ole/encode.x /mnt/data/datasets/machine-learning-matrices-split/census.csv.12.8.A.vc.C 
Command: /home/louza/mm-repair/ole/encode.x /mnt/data/datasets/machine-learning-matrices-split/census.csv.12.8.B.vc 
OLE time: 0.0533
==== Ans-fold compression
Command: /home/louza/mm-repair/ans/encode.x /mnt/data/datasets/machine-learning-matrices-split/census.csv.12.8.A.vc.C 
Command: /home/louza/mm-repair/ans/encode.x /mnt/data/datasets/machine-learning-matrices-split/census.csv.12.8.B.vc
Ans-fold time: 2.2300
==== Integer vector .C compression
Command: /home/louza/mm-repair/sdsl/encode.x /mnt/data/datasets/machine-learning-matrices-split/census.csv.12.9.A.vc.C 
==== Integer vector .R compression
Command: /home/louza/mm-repair/sdsl/encode.x /mnt/data/datasets/machine-learning-matrices-split/census.csv.12.9.A.vc.R 
Integer vector compression time: 0.2002
==== OLE
Command: /home/louza/mm-repair/ole/encode.x /mnt/data/datasets/machine-learning-matrices-split/census.csv.12.9.A.vc.C 
Command: /home/louza/mm-repair/ole/encode.x /mnt/data/datasets/machine-learning-matrices-split/census.csv.12.9.B.vc 
OLE time: 0.0472
==== Ans-fold compression
Command: /home/louza/mm-repair/ans/encode.x /mnt/data/datasets/machine-learning-matrices-split/census.csv.12.9.A.vc.C 
Command: /home/louza/mm-repair/ans/encode.x /mnt/data/datasets/machine-learning-matrices-split/census.csv.12.9.B.vc
Ans-fold time: 2.5817
==== Integer vector .C compression
Command: /home/louza/mm-repair/sdsl/encode.x /mnt/data/datasets/machine-learning-matrices-split/census.csv.12.10.A.vc.C 
==== Integer vector .R compression
Command: /home/louza/mm-repair/sdsl/encode.x /mnt/data/datasets/machine-learning-matrices-split/census.csv.12.10.A.vc.R 
Integer vector compression time: 0.1633
==== OLE
Command: /home/louza/mm-repair/ole/encode.x /mnt/data/datasets/machine-learning-matrices-split/census.csv.12.10.A.vc.C 
Command: /home/louza/mm-repair/ole/encode.x /mnt/data/datasets/machine-learning-matrices-split/census.csv.12.10.B.vc 
OLE time: 0.0245
==== Ans-fold compression
Command: /home/louza/mm-repair/ans/encode.x /mnt/data/datasets/machine-learning-matrices-split/census.csv.12.10.A.vc.C 
Command: /home/louza/mm-repair/ans/encode.x /mnt/data/datasets/machine-learning-matrices-split/census.csv.12.10.B.vc
Ans-fold time: 2.9971
==== Integer vector .C compression
Command: /home/louza/mm-repair/sdsl/encode.x /mnt/data/datasets/machine-learning-matrices-split/census.csv.12.11.A.vc.C 
==== Integer vector .R compression
Command: /home/louza/mm-repair/sdsl/encode.x /mnt/data/datasets/machine-learning-matrices-split/census.csv.12.11.A.vc.R 
Integer vector compression time: 0.2592
==== OLE
Command: /home/louza/mm-repair/ole/encode.x /mnt/data/datasets/machine-learning-matrices-split/census.csv.12.11.A.vc.C 
Command: /home/louza/mm-repair/ole/encode.x /mnt/data/datasets/machine-learning-matrices-split/census.csv.12.11.B.vc 
OLE time: 0.0651
==== Ans-fold compression
Command: /home/louza/mm-repair/ans/encode.x /mnt/data/datasets/machine-learning-matrices-split/census.csv.12.11.A.vc.C 
Command: /home/louza/mm-repair/ans/encode.x /mnt/data/datasets/machine-learning-matrices-split/census.csv.12.11.B.vc
Ans-fold time: 3.3009
Elapsed time: 69.8211
==== Compression Report:
 >> matrix name: /mnt/data/datasets/machine-learning-matrices-split/census.csv
 >> conversion time: 50.97
 >> repair time: 11.41
 >> integer vectors time: 0.26
 >> ansf time: 3.30
 >> total time: 69.82
 >> matrix log(alpha)xNumEntries size: 125372535 bytes
 >> matrix dense size: 1337307040 bytes
 >> total number of nonzero: 71927665 (43.03%)
 >> number of distinct nonzero: 45
 >> CRSV  size: 297544160 bytes  (22.25%)
 >> B	  size: 9836492 bytes  (0.74%)
 >> B_ans size: 3151 bytes  (0.00%)
 >> RE32  size: 55009275 bytes  (4.11%)
 >> REIV  size: 29225647 bytes  (2.19%)
 >> REANS size: 23197866 bytes  (1.73%)
==== Done

#### 2026-09-06 07:34:19
 Command line: ./mm-repair/matrepair -r -b 12 -p 12 /mnt/data/datasets/machine-learning-matrices-split/census.csv 2458285 68 --mapping --split 
Setting memory for each repair instance to 38671 MBs
Sending logging messages to file: /mnt/data/datasets/machine-learning-matrices-split/census.csv.log
==== Conversion bin/csv->csrv
Command: /home/louza/mm-repair/csvmat2csrv -b 12   /mnt/data/datasets/machine-learning-matrices-split/census.csv -r 0 -m -s 2458285 68
Conversion time: 62.5009
==== Repair paralell compression
---- Executing 12 parallel processes
---- Parallel processing completed
Repair time: 13.6676
==== Integer vector .C compression
Command: /home/louza/mm-repair/sdsl/encode.x /mnt/data/datasets/machine-learning-matrices-split/census.csv.12.0.A.vc.C 
==== Integer vector .R compression
Command: /home/louza/mm-repair/sdsl/encode.x /mnt/data/datasets/machine-learning-matrices-split/census.csv.12.0.A.vc.R 
Integer vector compression time: 0.2089
==== Ans-fold compression
Command: /home/louza/mm-repair/ans/encode.x /mnt/data/datasets/machine-learning-matrices-split/census.csv.12.0.A.vc.C 
Command: /home/louza/mm-repair/ans/encode.x /mnt/data/datasets/machine-learning-matrices-split/census.csv.12.0.B.vc
Ans-fold time: 0.3284
==== Integer vector .C compression
Command: /home/louza/mm-repair/sdsl/encode.x /mnt/data/datasets/machine-learning-matrices-split/census.csv.12.1.A.vc.C 
==== Integer vector .R compression
Command: /home/louza/mm-repair/sdsl/encode.x /mnt/data/datasets/machine-learning-matrices-split/census.csv.12.1.A.vc.R 
Integer vector compression time: 0.2078
==== Ans-fold compression
Command: /home/louza/mm-repair/ans/encode.x /mnt/data/datasets/machine-learning-matrices-split/census.csv.12.1.A.vc.C 
Command: /home/louza/mm-repair/ans/encode.x /mnt/data/datasets/machine-learning-matrices-split/census.csv.12.1.B.vc
Ans-fold time: 0.6997
==== Integer vector .C compression
Command: /home/louza/mm-repair/sdsl/encode.x /mnt/data/datasets/machine-learning-matrices-split/census.csv.12.2.A.vc.C 
==== Integer vector .R compression
Command: /home/louza/mm-repair/sdsl/encode.x /mnt/data/datasets/machine-learning-matrices-split/census.csv.12.2.A.vc.R 
Integer vector compression time: 0.2239
==== Ans-fold compression
Command: /home/louza/mm-repair/ans/encode.x /mnt/data/datasets/machine-learning-matrices-split/census.csv.12.2.A.vc.C 
Command: /home/louza/mm-repair/ans/encode.x /mnt/data/datasets/machine-learning-matrices-split/census.csv.12.2.B.vc
Ans-fold time: 1.0223
==== Integer vector .C compression
Command: /home/louza/mm-repair/sdsl/encode.x /mnt/data/datasets/machine-learning-matrices-split/census.csv.12.3.A.vc.C 
==== Integer vector .R compression
Command: /home/louza/mm-repair/sdsl/encode.x /mnt/data/datasets/machine-learning-matrices-split/census.csv.12.3.A.vc.R 
Integer vector compression time: 0.1954
==== Ans-fold compression
Command: /home/louza/mm-repair/ans/encode.x /mnt/data/datasets/machine-learning-matrices-split/census.csv.12.3.A.vc.C 
Command: /home/louza/mm-repair/ans/encode.x /mnt/data/datasets/machine-learning-matrices-split/census.csv.12.3.B.vc
Ans-fold time: 1.2925
==== Integer vector .C compression
Command: /home/louza/mm-repair/sdsl/encode.x /mnt/data/datasets/machine-learning-matrices-split/census.csv.12.4.A.vc.C 
==== Integer vector .R compression
Command: /home/louza/mm-repair/sdsl/encode.x /mnt/data/datasets/machine-learning-matrices-split/census.csv.12.4.A.vc.R 
Integer vector compression time: 0.2172
==== Ans-fold compression
Command: /home/louza/mm-repair/ans/encode.x /mnt/data/datasets/machine-learning-matrices-split/census.csv.12.4.A.vc.C 
Command: /home/louza/mm-repair/ans/encode.x /mnt/data/datasets/machine-learning-matrices-split/census.csv.12.4.B.vc
Ans-fold time: 1.5333
==== Integer vector .C compression
Command: /home/louza/mm-repair/sdsl/encode.x /mnt/data/datasets/machine-learning-matrices-split/census.csv.12.5.A.vc.C 
==== Integer vector .R compression
Command: /home/louza/mm-repair/sdsl/encode.x /mnt/data/datasets/machine-learning-matrices-split/census.csv.12.5.A.vc.R 
Integer vector compression time: 0.1819
==== Ans-fold compression
Command: /home/louza/mm-repair/ans/encode.x /mnt/data/datasets/machine-learning-matrices-split/census.csv.12.5.A.vc.C 
Command: /home/louza/mm-repair/ans/encode.x /mnt/data/datasets/machine-learning-matrices-split/census.csv.12.5.B.vc
Ans-fold time: 1.8882
==== Integer vector .C compression
Command: /home/louza/mm-repair/sdsl/encode.x /mnt/data/datasets/machine-learning-matrices-split/census.csv.12.6.A.vc.C 
==== Integer vector .R compression
Command: /home/louza/mm-repair/sdsl/encode.x /mnt/data/datasets/machine-learning-matrices-split/census.csv.12.6.A.vc.R 
Integer vector compression time: 0.1669
==== Ans-fold compression
Command: /home/louza/mm-repair/ans/encode.x /mnt/data/datasets/machine-learning-matrices-split/census.csv.12.6.A.vc.C 
Command: /home/louza/mm-repair/ans/encode.x /mnt/data/datasets/machine-learning-matrices-split/census.csv.12.6.B.vc
Ans-fold time: 2.1498
==== Integer vector .C compression
Command: /home/louza/mm-repair/sdsl/encode.x /mnt/data/datasets/machine-learning-matrices-split/census.csv.12.7.A.vc.C 
==== Integer vector .R compression
Command: /home/louza/mm-repair/sdsl/encode.x /mnt/data/datasets/machine-learning-matrices-split/census.csv.12.7.A.vc.R 
Integer vector compression time: 0.1581
==== Ans-fold compression
Command: /home/louza/mm-repair/ans/encode.x /mnt/data/datasets/machine-learning-matrices-split/census.csv.12.7.A.vc.C 
Command: /home/louza/mm-repair/ans/encode.x /mnt/data/datasets/machine-learning-matrices-split/census.csv.12.7.B.vc
Ans-fold time: 2.4047
==== Integer vector .C compression
Command: /home/louza/mm-repair/sdsl/encode.x /mnt/data/datasets/machine-learning-matrices-split/census.csv.12.8.A.vc.C 
==== Integer vector .R compression
Command: /home/louza/mm-repair/sdsl/encode.x /mnt/data/datasets/machine-learning-matrices-split/census.csv.12.8.A.vc.R 
Integer vector compression time: 0.1703
==== Ans-fold compression
Command: /home/louza/mm-repair/ans/encode.x /mnt/data/datasets/machine-learning-matrices-split/census.csv.12.8.A.vc.C 
Command: /home/louza/mm-repair/ans/encode.x /mnt/data/datasets/machine-learning-matrices-split/census.csv.12.8.B.vc
Ans-fold time: 2.7089
==== Integer vector .C compression
Command: /home/louza/mm-repair/sdsl/encode.x /mnt/data/datasets/machine-learning-matrices-split/census.csv.12.9.A.vc.C 
==== Integer vector .R compression
Command: /home/louza/mm-repair/sdsl/encode.x /mnt/data/datasets/machine-learning-matrices-split/census.csv.12.9.A.vc.R 
Integer vector compression time: 0.1358
==== Ans-fold compression
Command: /home/louza/mm-repair/ans/encode.x /mnt/data/datasets/machine-learning-matrices-split/census.csv.12.9.A.vc.C 
Command: /home/louza/mm-repair/ans/encode.x /mnt/data/datasets/machine-learning-matrices-split/census.csv.12.9.B.vc
Ans-fold time: 2.9825
==== Integer vector .C compression
Command: /home/louza/mm-repair/sdsl/encode.x /mnt/data/datasets/machine-learning-matrices-split/census.csv.12.10.A.vc.C 
==== Integer vector .R compression
Command: /home/louza/mm-repair/sdsl/encode.x /mnt/data/datasets/machine-learning-matrices-split/census.csv.12.10.A.vc.R 
Integer vector compression time: 0.1832
==== Ans-fold compression
Command: /home/louza/mm-repair/ans/encode.x /mnt/data/datasets/machine-learning-matrices-split/census.csv.12.10.A.vc.C 
Command: /home/louza/mm-repair/ans/encode.x /mnt/data/datasets/machine-learning-matrices-split/census.csv.12.10.B.vc
Ans-fold time: 3.2289
==== Integer vector .C compression
Command: /home/louza/mm-repair/sdsl/encode.x /mnt/data/datasets/machine-learning-matrices-split/census.csv.12.11.A.vc.C 
==== Integer vector .R compression
Command: /home/louza/mm-repair/sdsl/encode.x /mnt/data/datasets/machine-learning-matrices-split/census.csv.12.11.A.vc.R 
Integer vector compression time: 0.1497
==== Ans-fold compression
Command: /home/louza/mm-repair/ans/encode.x /mnt/data/datasets/machine-learning-matrices-split/census.csv.12.11.A.vc.C 
Command: /home/louza/mm-repair/ans/encode.x /mnt/data/datasets/machine-learning-matrices-split/census.csv.12.11.B.vc
Ans-fold time: 3.5162
Command: /home/louza/mm-repair/ans/encode.x /mnt/data/datasets/machine-learning-matrices-split/census.csv.wcode 
Elapsed time: 81.9332
==== Compression Report:
 >> matrix name: /mnt/data/datasets/machine-learning-matrices-split/census.csv
 >> conversion time: 62.50
 >> repair time: 13.67
 >> integer vectors time: 0.15
 >> ansf time: 3.52
 >> total time: 81.93
 >> wcode: 1324 bytes
 >> wcode_ans: 178 bytes
 >> matrix log(alpha)xNumEntries size: 125372535 bytes
 >> matrix dense size: 1337307040 bytes
 >> total number of nonzero: 71927665 (43.03%)
 >> number of distinct nonzero: 45
 >> CRSV  size: 297544160 bytes  (22.25%)
 >> B	  size: 9836492 bytes  (0.74%)
 >> B_ans size: 2918 bytes  (0.00%)
 >> RE32  size: 55010366 bytes  (4.11%)
 >> REIV  size: 29226738 bytes  (2.19%)
 >> REANS size: 23834526 bytes  (1.78%)
==== Done

#### 2026-09-06 07:35:41
 Command line: ./mm-repair/matrepair -r -b 12 -p 12 /mnt/data/datasets/machine-learning-matrices-split/census.csv 2458285 68 --ole --mapping --split 
Setting memory for each repair instance to 38671 MBs
Sending logging messages to file: /mnt/data/datasets/machine-learning-matrices-split/census.csv.log
==== Conversion bin/csv->csrv
Command: /home/louza/mm-repair/csvmat2csrv -b 12   /mnt/data/datasets/machine-learning-matrices-split/census.csv -r 0 -m -s 2458285 68
Conversion time: 52.5796
==== Repair paralell compression
---- Executing 12 parallel processes
---- Parallel processing completed
Repair time: 15.1727
==== Integer vector .C compression
Command: /home/louza/mm-repair/sdsl/encode.x /mnt/data/datasets/machine-learning-matrices-split/census.csv.12.0.A.vc.C 
==== Integer vector .R compression
Command: /home/louza/mm-repair/sdsl/encode.x /mnt/data/datasets/machine-learning-matrices-split/census.csv.12.0.A.vc.R 
Integer vector compression time: 0.2180
==== OLE
Command: /home/louza/mm-repair/ole/encode.x /mnt/data/datasets/machine-learning-matrices-split/census.csv.12.0.A.vc.C 
Command: /home/louza/mm-repair/ole/encode.x /mnt/data/datasets/machine-learning-matrices-split/census.csv.12.0.B.vc 
OLE time: 0.0498
==== Ans-fold compression
Command: /home/louza/mm-repair/ans/encode.x /mnt/data/datasets/machine-learning-matrices-split/census.csv.12.0.A.vc.C 
Command: /home/louza/mm-repair/ans/encode.x /mnt/data/datasets/machine-learning-matrices-split/census.csv.12.0.B.vc
Ans-fold time: 0.2110
==== Integer vector .C compression
Command: /home/louza/mm-repair/sdsl/encode.x /mnt/data/datasets/machine-learning-matrices-split/census.csv.12.1.A.vc.C 
==== Integer vector .R compression
Command: /home/louza/mm-repair/sdsl/encode.x /mnt/data/datasets/machine-learning-matrices-split/census.csv.12.1.A.vc.R 
Integer vector compression time: 0.1623
==== OLE
Command: /home/louza/mm-repair/ole/encode.x /mnt/data/datasets/machine-learning-matrices-split/census.csv.12.1.A.vc.C 
Command: /home/louza/mm-repair/ole/encode.x /mnt/data/datasets/machine-learning-matrices-split/census.csv.12.1.B.vc 
OLE time: 0.0320
==== Ans-fold compression
Command: /home/louza/mm-repair/ans/encode.x /mnt/data/datasets/machine-learning-matrices-split/census.csv.12.1.A.vc.C 
Command: /home/louza/mm-repair/ans/encode.x /mnt/data/datasets/machine-learning-matrices-split/census.csv.12.1.B.vc
Ans-fold time: 0.4818
==== Integer vector .C compression
Command: /home/louza/mm-repair/sdsl/encode.x /mnt/data/datasets/machine-learning-matrices-split/census.csv.12.2.A.vc.C 
==== Integer vector .R compression
Command: /home/louza/mm-repair/sdsl/encode.x /mnt/data/datasets/machine-learning-matrices-split/census.csv.12.2.A.vc.R 
Integer vector compression time: 0.1814
==== OLE
Command: /home/louza/mm-repair/ole/encode.x /mnt/data/datasets/machine-learning-matrices-split/census.csv.12.2.A.vc.C 
Command: /home/louza/mm-repair/ole/encode.x /mnt/data/datasets/machine-learning-matrices-split/census.csv.12.2.B.vc 
OLE time: 0.0119
==== Ans-fold compression
Command: /home/louza/mm-repair/ans/encode.x /mnt/data/datasets/machine-learning-matrices-split/census.csv.12.2.A.vc.C 
Command: /home/louza/mm-repair/ans/encode.x /mnt/data/datasets/machine-learning-matrices-split/census.csv.12.2.B.vc
Ans-fold time: 0.6731
==== Integer vector .C compression
Command: /home/louza/mm-repair/sdsl/encode.x /mnt/data/datasets/machine-learning-matrices-split/census.csv.12.3.A.vc.C 
==== Integer vector .R compression
Command: /home/louza/mm-repair/sdsl/encode.x /mnt/data/datasets/machine-learning-matrices-split/census.csv.12.3.A.vc.R 
Integer vector compression time: 0.1745
==== OLE
Command: /home/louza/mm-repair/ole/encode.x /mnt/data/datasets/machine-learning-matrices-split/census.csv.12.3.A.vc.C 
Command: /home/louza/mm-repair/ole/encode.x /mnt/data/datasets/machine-learning-matrices-split/census.csv.12.3.B.vc 
OLE time: 0.0171
==== Ans-fold compression
Command: /home/louza/mm-repair/ans/encode.x /mnt/data/datasets/machine-learning-matrices-split/census.csv.12.3.A.vc.C 
Command: /home/louza/mm-repair/ans/encode.x /mnt/data/datasets/machine-learning-matrices-split/census.csv.12.3.B.vc
Ans-fold time: 0.8833
==== Integer vector .C compression
Command: /home/louza/mm-repair/sdsl/encode.x /mnt/data/datasets/machine-learning-matrices-split/census.csv.12.4.A.vc.C 
==== Integer vector .R compression
Command: /home/louza/mm-repair/sdsl/encode.x /mnt/data/datasets/machine-learning-matrices-split/census.csv.12.4.A.vc.R 
Integer vector compression time: 0.2032
==== OLE
Command: /home/louza/mm-repair/ole/encode.x /mnt/data/datasets/machine-learning-matrices-split/census.csv.12.4.A.vc.C 
Command: /home/louza/mm-repair/ole/encode.x /mnt/data/datasets/machine-learning-matrices-split/census.csv.12.4.B.vc 
OLE time: 0.0337
==== Ans-fold compression
Command: /home/louza/mm-repair/ans/encode.x /mnt/data/datasets/machine-learning-matrices-split/census.csv.12.4.A.vc.C 
Command: /home/louza/mm-repair/ans/encode.x /mnt/data/datasets/machine-learning-matrices-split/census.csv.12.4.B.vc
Ans-fold time: 1.1363
==== Integer vector .C compression
Command: /home/louza/mm-repair/sdsl/encode.x /mnt/data/datasets/machine-learning-matrices-split/census.csv.12.5.A.vc.C 
==== Integer vector .R compression
Command: /home/louza/mm-repair/sdsl/encode.x /mnt/data/datasets/machine-learning-matrices-split/census.csv.12.5.A.vc.R 
Integer vector compression time: 0.1628
==== OLE
Command: /home/louza/mm-repair/ole/encode.x /mnt/data/datasets/machine-learning-matrices-split/census.csv.12.5.A.vc.C 
Command: /home/louza/mm-repair/ole/encode.x /mnt/data/datasets/machine-learning-matrices-split/census.csv.12.5.B.vc 
OLE time: 0.0399
==== Ans-fold compression
Command: /home/louza/mm-repair/ans/encode.x /mnt/data/datasets/machine-learning-matrices-split/census.csv.12.5.A.vc.C 
Command: /home/louza/mm-repair/ans/encode.x /mnt/data/datasets/machine-learning-matrices-split/census.csv.12.5.B.vc
Ans-fold time: 1.4433
==== Integer vector .C compression
Command: /home/louza/mm-repair/sdsl/encode.x /mnt/data/datasets/machine-learning-matrices-split/census.csv.12.6.A.vc.C 
==== Integer vector .R compression
Command: /home/louza/mm-repair/sdsl/encode.x /mnt/data/datasets/machine-learning-matrices-split/census.csv.12.6.A.vc.R 
Integer vector compression time: 0.1549
==== OLE
Command: /home/louza/mm-repair/ole/encode.x /mnt/data/datasets/machine-learning-matrices-split/census.csv.12.6.A.vc.C 
Command: /home/louza/mm-repair/ole/encode.x /mnt/data/datasets/machine-learning-matrices-split/census.csv.12.6.B.vc 
OLE time: 0.0131
==== Ans-fold compression
Command: /home/louza/mm-repair/ans/encode.x /mnt/data/datasets/machine-learning-matrices-split/census.csv.12.6.A.vc.C 
Command: /home/louza/mm-repair/ans/encode.x /mnt/data/datasets/machine-learning-matrices-split/census.csv.12.6.B.vc
Ans-fold time: 1.6703
==== Integer vector .C compression
Command: /home/louza/mm-repair/sdsl/encode.x /mnt/data/datasets/machine-learning-matrices-split/census.csv.12.7.A.vc.C 
==== Integer vector .R compression
Command: /home/louza/mm-repair/sdsl/encode.x /mnt/data/datasets/machine-learning-matrices-split/census.csv.12.7.A.vc.R 
Integer vector compression time: 0.1598
==== OLE
Command: /home/louza/mm-repair/ole/encode.x /mnt/data/datasets/machine-learning-matrices-split/census.csv.12.7.A.vc.C 
Command: /home/louza/mm-repair/ole/encode.x /mnt/data/datasets/machine-learning-matrices-split/census.csv.12.7.B.vc 
OLE time: 0.0511
==== Ans-fold compression
Command: /home/louza/mm-repair/ans/encode.x /mnt/data/datasets/machine-learning-matrices-split/census.csv.12.7.A.vc.C 
Command: /home/louza/mm-repair/ans/encode.x /mnt/data/datasets/machine-learning-matrices-split/census.csv.12.7.B.vc
Ans-fold time: 1.9447
==== Integer vector .C compression
Command: /home/louza/mm-repair/sdsl/encode.x /mnt/data/datasets/machine-learning-matrices-split/census.csv.12.8.A.vc.C 
==== Integer vector .R compression
Command: /home/louza/mm-repair/sdsl/encode.x /mnt/data/datasets/machine-learning-matrices-split/census.csv.12.8.A.vc.R 
Integer vector compression time: 0.1543
==== OLE
Command: /home/louza/mm-repair/ole/encode.x /mnt/data/datasets/machine-learning-matrices-split/census.csv.12.8.A.vc.C 
Command: /home/louza/mm-repair/ole/encode.x /mnt/data/datasets/machine-learning-matrices-split/census.csv.12.8.B.vc 
OLE time: 0.0275
==== Ans-fold compression
Command: /home/louza/mm-repair/ans/encode.x /mnt/data/datasets/machine-learning-matrices-split/census.csv.12.8.A.vc.C 
Command: /home/louza/mm-repair/ans/encode.x /mnt/data/datasets/machine-learning-matrices-split/census.csv.12.8.B.vc
Ans-fold time: 2.2310
==== Integer vector .C compression
Command: /home/louza/mm-repair/sdsl/encode.x /mnt/data/datasets/machine-learning-matrices-split/census.csv.12.9.A.vc.C 
==== Integer vector .R compression
Command: /home/louza/mm-repair/sdsl/encode.x /mnt/data/datasets/machine-learning-matrices-split/census.csv.12.9.A.vc.R 
Integer vector compression time: 0.1718
==== OLE
Command: /home/louza/mm-repair/ole/encode.x /mnt/data/datasets/machine-learning-matrices-split/census.csv.12.9.A.vc.C 
Command: /home/louza/mm-repair/ole/encode.x /mnt/data/datasets/machine-learning-matrices-split/census.csv.12.9.B.vc 
OLE time: 0.0377
==== Ans-fold compression
Command: /home/louza/mm-repair/ans/encode.x /mnt/data/datasets/machine-learning-matrices-split/census.csv.12.9.A.vc.C 
Command: /home/louza/mm-repair/ans/encode.x /mnt/data/datasets/machine-learning-matrices-split/census.csv.12.9.B.vc
Ans-fold time: 2.4938
==== Integer vector .C compression
Command: /home/louza/mm-repair/sdsl/encode.x /mnt/data/datasets/machine-learning-matrices-split/census.csv.12.10.A.vc.C 
==== Integer vector .R compression
Command: /home/louza/mm-repair/sdsl/encode.x /mnt/data/datasets/machine-learning-matrices-split/census.csv.12.10.A.vc.R 
Integer vector compression time: 0.1698
==== OLE
Command: /home/louza/mm-repair/ole/encode.x /mnt/data/datasets/machine-learning-matrices-split/census.csv.12.10.A.vc.C 
Command: /home/louza/mm-repair/ole/encode.x /mnt/data/datasets/machine-learning-matrices-split/census.csv.12.10.B.vc 
OLE time: 0.0154
==== Ans-fold compression
Command: /home/louza/mm-repair/ans/encode.x /mnt/data/datasets/machine-learning-matrices-split/census.csv.12.10.A.vc.C 
Command: /home/louza/mm-repair/ans/encode.x /mnt/data/datasets/machine-learning-matrices-split/census.csv.12.10.B.vc
Ans-fold time: 2.8005
==== Integer vector .C compression
Command: /home/louza/mm-repair/sdsl/encode.x /mnt/data/datasets/machine-learning-matrices-split/census.csv.12.11.A.vc.C 
==== Integer vector .R compression
Command: /home/louza/mm-repair/sdsl/encode.x /mnt/data/datasets/machine-learning-matrices-split/census.csv.12.11.A.vc.R 
Integer vector compression time: 0.1716
==== OLE
Command: /home/louza/mm-repair/ole/encode.x /mnt/data/datasets/machine-learning-matrices-split/census.csv.12.11.A.vc.C 
Command: /home/louza/mm-repair/ole/encode.x /mnt/data/datasets/machine-learning-matrices-split/census.csv.12.11.B.vc 
OLE time: 0.0684
==== Ans-fold compression
Command: /home/louza/mm-repair/ans/encode.x /mnt/data/datasets/machine-learning-matrices-split/census.csv.12.11.A.vc.C 
Command: /home/louza/mm-repair/ans/encode.x /mnt/data/datasets/machine-learning-matrices-split/census.csv.12.11.B.vc
Ans-fold time: 2.9988
Command: /home/louza/mm-repair/ans/encode.x /mnt/data/datasets/machine-learning-matrices-split/census.csv.wcode 
Elapsed time: 74.2175
==== Compression Report:
 >> matrix name: /mnt/data/datasets/machine-learning-matrices-split/census.csv
 >> conversion time: 52.58
 >> repair time: 15.17
 >> integer vectors time: 0.17
 >> ansf time: 3.00
 >> total time: 74.22
 >> wcode: 1324 bytes
 >> wcode_ans: 178 bytes
 >> matrix log(alpha)xNumEntries size: 125372535 bytes
 >> matrix dense size: 1337307040 bytes
 >> total number of nonzero: 71927665 (43.03%)
 >> number of distinct nonzero: 45
 >> CRSV  size: 297544160 bytes  (22.25%)
 >> B	  size: 9836492 bytes  (0.74%)
 >> B_ans size: 2913 bytes  (0.00%)
 >> RE32  size: 55010361 bytes  (4.11%)
 >> REIV  size: 29226733 bytes  (2.19%)
 >> REANS size: 23042494 bytes  (1.72%)
==== Done
REANS -b 32

#### 2026-09-07 10:48:48
 Command line: ./mm-repair/matrepair -r -b 32 -p 32 /mnt/data/datasets/machine-learning-matrices-split/census.csv 2458285 68 
Setting memory for each repair instance to 14501 MBs
Sending logging messages to file: /mnt/data/datasets/machine-learning-matrices-split/census.csv.log
==== Conversion bin/csv->csrv
Command: /home/louza/mm-repair/csvmat2csrv -b 32   /mnt/data/datasets/machine-learning-matrices-split/census.csv -r 0   2458285 68
Conversion time: 117.9420
==== Repair paralell compression
---- Executing 32 parallel processes
---- Parallel processing completed
Repair time: 2.0706
==== Integer vector .C compression
Command: /home/louza/mm-repair/sdsl/encode.x /mnt/data/datasets/machine-learning-matrices-split/census.csv.32.0.vc.C 
==== Integer vector .R compression
Command: /home/louza/mm-repair/sdsl/encode.x /mnt/data/datasets/machine-learning-matrices-split/census.csv.32.0.vc.R 
Integer vector compression time: 0.0405
==== Ans-fold compression
Command: /home/louza/mm-repair/ans/encode.x /mnt/data/datasets/machine-learning-matrices-split/census.csv.32.0.vc.C 
Ans-fold time: 0.0228
==== Integer vector .C compression
Command: /home/louza/mm-repair/sdsl/encode.x /mnt/data/datasets/machine-learning-matrices-split/census.csv.32.1.vc.C 
==== Integer vector .R compression
Command: /home/louza/mm-repair/sdsl/encode.x /mnt/data/datasets/machine-learning-matrices-split/census.csv.32.1.vc.R 
Integer vector compression time: 0.0437
==== Ans-fold compression
Command: /home/louza/mm-repair/ans/encode.x /mnt/data/datasets/machine-learning-matrices-split/census.csv.32.1.vc.C 
Ans-fold time: 0.0472
==== Integer vector .C compression
Command: /home/louza/mm-repair/sdsl/encode.x /mnt/data/datasets/machine-learning-matrices-split/census.csv.32.2.vc.C 
==== Integer vector .R compression
Command: /home/louza/mm-repair/sdsl/encode.x /mnt/data/datasets/machine-learning-matrices-split/census.csv.32.2.vc.R 
Integer vector compression time: 0.0382
==== Ans-fold compression
Command: /home/louza/mm-repair/ans/encode.x /mnt/data/datasets/machine-learning-matrices-split/census.csv.32.2.vc.C 
Ans-fold time: 0.0702
==== Integer vector .C compression
Command: /home/louza/mm-repair/sdsl/encode.x /mnt/data/datasets/machine-learning-matrices-split/census.csv.32.3.vc.C 
==== Integer vector .R compression
Command: /home/louza/mm-repair/sdsl/encode.x /mnt/data/datasets/machine-learning-matrices-split/census.csv.32.3.vc.R 
Integer vector compression time: 0.0354
==== Ans-fold compression
Command: /home/louza/mm-repair/ans/encode.x /mnt/data/datasets/machine-learning-matrices-split/census.csv.32.3.vc.C 
Ans-fold time: 0.0919
==== Integer vector .C compression
Command: /home/louza/mm-repair/sdsl/encode.x /mnt/data/datasets/machine-learning-matrices-split/census.csv.32.4.vc.C 
==== Integer vector .R compression
Command: /home/louza/mm-repair/sdsl/encode.x /mnt/data/datasets/machine-learning-matrices-split/census.csv.32.4.vc.R 
Integer vector compression time: 0.0363
==== Ans-fold compression
Command: /home/louza/mm-repair/ans/encode.x /mnt/data/datasets/machine-learning-matrices-split/census.csv.32.4.vc.C 
Ans-fold time: 0.1147
==== Integer vector .C compression
Command: /home/louza/mm-repair/sdsl/encode.x /mnt/data/datasets/machine-learning-matrices-split/census.csv.32.5.vc.C 
==== Integer vector .R compression
Command: /home/louza/mm-repair/sdsl/encode.x /mnt/data/datasets/machine-learning-matrices-split/census.csv.32.5.vc.R 
Integer vector compression time: 0.0393
==== Ans-fold compression
Command: /home/louza/mm-repair/ans/encode.x /mnt/data/datasets/machine-learning-matrices-split/census.csv.32.5.vc.C 
Ans-fold time: 0.1375
==== Integer vector .C compression
Command: /home/louza/mm-repair/sdsl/encode.x /mnt/data/datasets/machine-learning-matrices-split/census.csv.32.6.vc.C 
==== Integer vector .R compression
Command: /home/louza/mm-repair/sdsl/encode.x /mnt/data/datasets/machine-learning-matrices-split/census.csv.32.6.vc.R 
Integer vector compression time: 0.0405
==== Ans-fold compression
Command: /home/louza/mm-repair/ans/encode.x /mnt/data/datasets/machine-learning-matrices-split/census.csv.32.6.vc.C 
Ans-fold time: 0.1637
==== Integer vector .C compression
Command: /home/louza/mm-repair/sdsl/encode.x /mnt/data/datasets/machine-learning-matrices-split/census.csv.32.7.vc.C 
==== Integer vector .R compression
Command: /home/louza/mm-repair/sdsl/encode.x /mnt/data/datasets/machine-learning-matrices-split/census.csv.32.7.vc.R 
Integer vector compression time: 0.0417
==== Ans-fold compression
Command: /home/louza/mm-repair/ans/encode.x /mnt/data/datasets/machine-learning-matrices-split/census.csv.32.7.vc.C 
Ans-fold time: 0.1895
==== Integer vector .C compression
Command: /home/louza/mm-repair/sdsl/encode.x /mnt/data/datasets/machine-learning-matrices-split/census.csv.32.8.vc.C 
==== Integer vector .R compression
Command: /home/louza/mm-repair/sdsl/encode.x /mnt/data/datasets/machine-learning-matrices-split/census.csv.32.8.vc.R 
Integer vector compression time: 0.0393
==== Ans-fold compression
Command: /home/louza/mm-repair/ans/encode.x /mnt/data/datasets/machine-learning-matrices-split/census.csv.32.8.vc.C 
Ans-fold time: 0.2121
==== Integer vector .C compression
Command: /home/louza/mm-repair/sdsl/encode.x /mnt/data/datasets/machine-learning-matrices-split/census.csv.32.9.vc.C 
==== Integer vector .R compression
Command: /home/louza/mm-repair/sdsl/encode.x /mnt/data/datasets/machine-learning-matrices-split/census.csv.32.9.vc.R 
Integer vector compression time: 0.0386
==== Ans-fold compression
Command: /home/louza/mm-repair/ans/encode.x /mnt/data/datasets/machine-learning-matrices-split/census.csv.32.9.vc.C 
Ans-fold time: 0.2388
==== Integer vector .C compression
Command: /home/louza/mm-repair/sdsl/encode.x /mnt/data/datasets/machine-learning-matrices-split/census.csv.32.10.vc.C 
==== Integer vector .R compression
Command: /home/louza/mm-repair/sdsl/encode.x /mnt/data/datasets/machine-learning-matrices-split/census.csv.32.10.vc.R 
Integer vector compression time: 0.0406
==== Ans-fold compression
Command: /home/louza/mm-repair/ans/encode.x /mnt/data/datasets/machine-learning-matrices-split/census.csv.32.10.vc.C 
Ans-fold time: 0.2615
==== Integer vector .C compression
Command: /home/louza/mm-repair/sdsl/encode.x /mnt/data/datasets/machine-learning-matrices-split/census.csv.32.11.vc.C 
==== Integer vector .R compression
Command: /home/louza/mm-repair/sdsl/encode.x /mnt/data/datasets/machine-learning-matrices-split/census.csv.32.11.vc.R 
Integer vector compression time: 0.0376
==== Ans-fold compression
Command: /home/louza/mm-repair/ans/encode.x /mnt/data/datasets/machine-learning-matrices-split/census.csv.32.11.vc.C 
Ans-fold time: 0.2894
==== Integer vector .C compression
Command: /home/louza/mm-repair/sdsl/encode.x /mnt/data/datasets/machine-learning-matrices-split/census.csv.32.12.vc.C 
==== Integer vector .R compression
Command: /home/louza/mm-repair/sdsl/encode.x /mnt/data/datasets/machine-learning-matrices-split/census.csv.32.12.vc.R 
Integer vector compression time: 0.0390
==== Ans-fold compression
Command: /home/louza/mm-repair/ans/encode.x /mnt/data/datasets/machine-learning-matrices-split/census.csv.32.12.vc.C 
Ans-fold time: 0.3122
==== Integer vector .C compression
Command: /home/louza/mm-repair/sdsl/encode.x /mnt/data/datasets/machine-learning-matrices-split/census.csv.32.13.vc.C 
==== Integer vector .R compression
Command: /home/louza/mm-repair/sdsl/encode.x /mnt/data/datasets/machine-learning-matrices-split/census.csv.32.13.vc.R 
Integer vector compression time: 0.0384
==== Ans-fold compression
Command: /home/louza/mm-repair/ans/encode.x /mnt/data/datasets/machine-learning-matrices-split/census.csv.32.13.vc.C 
Ans-fold time: 0.3394
==== Integer vector .C compression
Command: /home/louza/mm-repair/sdsl/encode.x /mnt/data/datasets/machine-learning-matrices-split/census.csv.32.14.vc.C 
==== Integer vector .R compression
Command: /home/louza/mm-repair/sdsl/encode.x /mnt/data/datasets/machine-learning-matrices-split/census.csv.32.14.vc.R 
Integer vector compression time: 0.0417
==== Ans-fold compression
Command: /home/louza/mm-repair/ans/encode.x /mnt/data/datasets/machine-learning-matrices-split/census.csv.32.14.vc.C 
Ans-fold time: 0.3655
==== Integer vector .C compression
Command: /home/louza/mm-repair/sdsl/encode.x /mnt/data/datasets/machine-learning-matrices-split/census.csv.32.15.vc.C 
==== Integer vector .R compression
Command: /home/louza/mm-repair/sdsl/encode.x /mnt/data/datasets/machine-learning-matrices-split/census.csv.32.15.vc.R 
Integer vector compression time: 0.0384
==== Ans-fold compression
Command: /home/louza/mm-repair/ans/encode.x /mnt/data/datasets/machine-learning-matrices-split/census.csv.32.15.vc.C 
Ans-fold time: 0.3929
==== Integer vector .C compression
Command: /home/louza/mm-repair/sdsl/encode.x /mnt/data/datasets/machine-learning-matrices-split/census.csv.32.16.vc.C 
==== Integer vector .R compression
Command: /home/louza/mm-repair/sdsl/encode.x /mnt/data/datasets/machine-learning-matrices-split/census.csv.32.16.vc.R 
Integer vector compression time: 0.0391
==== Ans-fold compression
Command: /home/louza/mm-repair/ans/encode.x /mnt/data/datasets/machine-learning-matrices-split/census.csv.32.16.vc.C 
Ans-fold time: 0.4197
==== Integer vector .C compression
Command: /home/louza/mm-repair/sdsl/encode.x /mnt/data/datasets/machine-learning-matrices-split/census.csv.32.17.vc.C 
==== Integer vector .R compression
Command: /home/louza/mm-repair/sdsl/encode.x /mnt/data/datasets/machine-learning-matrices-split/census.csv.32.17.vc.R 
Integer vector compression time: 0.0401
==== Ans-fold compression
Command: /home/louza/mm-repair/ans/encode.x /mnt/data/datasets/machine-learning-matrices-split/census.csv.32.17.vc.C 
Ans-fold time: 0.4420
==== Integer vector .C compression
Command: /home/louza/mm-repair/sdsl/encode.x /mnt/data/datasets/machine-learning-matrices-split/census.csv.32.18.vc.C 
==== Integer vector .R compression
Command: /home/louza/mm-repair/sdsl/encode.x /mnt/data/datasets/machine-learning-matrices-split/census.csv.32.18.vc.R 
Integer vector compression time: 0.0438
==== Ans-fold compression
Command: /home/louza/mm-repair/ans/encode.x /mnt/data/datasets/machine-learning-matrices-split/census.csv.32.18.vc.C 
Ans-fold time: 0.4692
==== Integer vector .C compression
Command: /home/louza/mm-repair/sdsl/encode.x /mnt/data/datasets/machine-learning-matrices-split/census.csv.32.19.vc.C 
==== Integer vector .R compression
Command: /home/louza/mm-repair/sdsl/encode.x /mnt/data/datasets/machine-learning-matrices-split/census.csv.32.19.vc.R 
Integer vector compression time: 0.0426
==== Ans-fold compression
Command: /home/louza/mm-repair/ans/encode.x /mnt/data/datasets/machine-learning-matrices-split/census.csv.32.19.vc.C 
Ans-fold time: 0.4960
==== Integer vector .C compression
Command: /home/louza/mm-repair/sdsl/encode.x /mnt/data/datasets/machine-learning-matrices-split/census.csv.32.20.vc.C 
==== Integer vector .R compression
Command: /home/louza/mm-repair/sdsl/encode.x /mnt/data/datasets/machine-learning-matrices-split/census.csv.32.20.vc.R 
Integer vector compression time: 0.0393
==== Ans-fold compression
Command: /home/louza/mm-repair/ans/encode.x /mnt/data/datasets/machine-learning-matrices-split/census.csv.32.20.vc.C 
Ans-fold time: 0.5189
==== Integer vector .C compression
Command: /home/louza/mm-repair/sdsl/encode.x /mnt/data/datasets/machine-learning-matrices-split/census.csv.32.21.vc.C 
==== Integer vector .R compression
Command: /home/louza/mm-repair/sdsl/encode.x /mnt/data/datasets/machine-learning-matrices-split/census.csv.32.21.vc.R 
Integer vector compression time: 0.0407
==== Ans-fold compression
Command: /home/louza/mm-repair/ans/encode.x /mnt/data/datasets/machine-learning-matrices-split/census.csv.32.21.vc.C 
Ans-fold time: 0.5461
==== Integer vector .C compression
Command: /home/louza/mm-repair/sdsl/encode.x /mnt/data/datasets/machine-learning-matrices-split/census.csv.32.22.vc.C 
==== Integer vector .R compression
Command: /home/louza/mm-repair/sdsl/encode.x /mnt/data/datasets/machine-learning-matrices-split/census.csv.32.22.vc.R 
Integer vector compression time: 0.0416
==== Ans-fold compression
Command: /home/louza/mm-repair/ans/encode.x /mnt/data/datasets/machine-learning-matrices-split/census.csv.32.22.vc.C 
Ans-fold time: 0.5749
==== Integer vector .C compression
Command: /home/louza/mm-repair/sdsl/encode.x /mnt/data/datasets/machine-learning-matrices-split/census.csv.32.23.vc.C 
==== Integer vector .R compression
Command: /home/louza/mm-repair/sdsl/encode.x /mnt/data/datasets/machine-learning-matrices-split/census.csv.32.23.vc.R 
Integer vector compression time: 0.0347
==== Ans-fold compression
Command: /home/louza/mm-repair/ans/encode.x /mnt/data/datasets/machine-learning-matrices-split/census.csv.32.23.vc.C 
Ans-fold time: 0.5984
==== Integer vector .C compression
Command: /home/louza/mm-repair/sdsl/encode.x /mnt/data/datasets/machine-learning-matrices-split/census.csv.32.24.vc.C 
==== Integer vector .R compression
Command: /home/louza/mm-repair/sdsl/encode.x /mnt/data/datasets/machine-learning-matrices-split/census.csv.32.24.vc.R 
Integer vector compression time: 0.0424
==== Ans-fold compression
Command: /home/louza/mm-repair/ans/encode.x /mnt/data/datasets/machine-learning-matrices-split/census.csv.32.24.vc.C 
Ans-fold time: 0.6260
==== Integer vector .C compression
Command: /home/louza/mm-repair/sdsl/encode.x /mnt/data/datasets/machine-learning-matrices-split/census.csv.32.25.vc.C 
==== Integer vector .R compression
Command: /home/louza/mm-repair/sdsl/encode.x /mnt/data/datasets/machine-learning-matrices-split/census.csv.32.25.vc.R 
Integer vector compression time: 0.0400
==== Ans-fold compression
Command: /home/louza/mm-repair/ans/encode.x /mnt/data/datasets/machine-learning-matrices-split/census.csv.32.25.vc.C 
Ans-fold time: 0.6528
==== Integer vector .C compression
Command: /home/louza/mm-repair/sdsl/encode.x /mnt/data/datasets/machine-learning-matrices-split/census.csv.32.26.vc.C 
==== Integer vector .R compression
Command: /home/louza/mm-repair/sdsl/encode.x /mnt/data/datasets/machine-learning-matrices-split/census.csv.32.26.vc.R 
Integer vector compression time: 0.0416
==== Ans-fold compression
Command: /home/louza/mm-repair/ans/encode.x /mnt/data/datasets/machine-learning-matrices-split/census.csv.32.26.vc.C 
Ans-fold time: 0.6796
==== Integer vector .C compression
Command: /home/louza/mm-repair/sdsl/encode.x /mnt/data/datasets/machine-learning-matrices-split/census.csv.32.27.vc.C 
==== Integer vector .R compression
Command: /home/louza/mm-repair/sdsl/encode.x /mnt/data/datasets/machine-learning-matrices-split/census.csv.32.27.vc.R 
Integer vector compression time: 0.0368
==== Ans-fold compression
Command: /home/louza/mm-repair/ans/encode.x /mnt/data/datasets/machine-learning-matrices-split/census.csv.32.27.vc.C 
Ans-fold time: 0.7070
==== Integer vector .C compression
Command: /home/louza/mm-repair/sdsl/encode.x /mnt/data/datasets/machine-learning-matrices-split/census.csv.32.28.vc.C 
==== Integer vector .R compression
Command: /home/louza/mm-repair/sdsl/encode.x /mnt/data/datasets/machine-learning-matrices-split/census.csv.32.28.vc.R 
Integer vector compression time: 0.0361
==== Ans-fold compression
Command: /home/louza/mm-repair/ans/encode.x /mnt/data/datasets/machine-learning-matrices-split/census.csv.32.28.vc.C 
Ans-fold time: 0.7346
==== Integer vector .C compression
Command: /home/louza/mm-repair/sdsl/encode.x /mnt/data/datasets/machine-learning-matrices-split/census.csv.32.29.vc.C 
==== Integer vector .R compression
Command: /home/louza/mm-repair/sdsl/encode.x /mnt/data/datasets/machine-learning-matrices-split/census.csv.32.29.vc.R 
Integer vector compression time: 0.0404
==== Ans-fold compression
Command: /home/louza/mm-repair/ans/encode.x /mnt/data/datasets/machine-learning-matrices-split/census.csv.32.29.vc.C 
Ans-fold time: 0.7601
==== Integer vector .C compression
Command: /home/louza/mm-repair/sdsl/encode.x /mnt/data/datasets/machine-learning-matrices-split/census.csv.32.30.vc.C 
==== Integer vector .R compression
Command: /home/louza/mm-repair/sdsl/encode.x /mnt/data/datasets/machine-learning-matrices-split/census.csv.32.30.vc.R 
Integer vector compression time: 0.0426
==== Ans-fold compression
Command: /home/louza/mm-repair/ans/encode.x /mnt/data/datasets/machine-learning-matrices-split/census.csv.32.30.vc.C 
Ans-fold time: 0.7875
==== Integer vector .C compression
Command: /home/louza/mm-repair/sdsl/encode.x /mnt/data/datasets/machine-learning-matrices-split/census.csv.32.31.vc.C 
==== Integer vector .R compression
Command: /home/louza/mm-repair/sdsl/encode.x /mnt/data/datasets/machine-learning-matrices-split/census.csv.32.31.vc.R 
Integer vector compression time: 0.0426
==== Ans-fold compression
Command: /home/louza/mm-repair/ans/encode.x /mnt/data/datasets/machine-learning-matrices-split/census.csv.32.31.vc.C 
Ans-fold time: 0.8145
Elapsed time: 122.1019
==== Compression Report:
 >> matrix name: /mnt/data/datasets/machine-learning-matrices-split/census.csv
 >> conversion time: 117.94
 >> repair time: 2.07
 >> integer vectors time: 0.04
 >> ansf time: 0.81
 >> total time: 122.10
 >> matrix log(alpha)xNumEntries size: 125372535 bytes
 >> matrix dense size: 1337307040 bytes
 >> total number of nonzero: 71928503 (43.03%)
 >> number of distinct nonzero: 45
 >> CRSV  size: 297547512 bytes  (22.25%)
 >> RE32  size: 61459232 bytes  (4.60%)
 >> REIV  size: 30730592 bytes  (2.30%)
 >> REANS size: 25574889 bytes  (1.91%)
==== Done

#### 2026-09-07 10:50:51
 Command line: ./mm-repair/matrepair -r -b 32 -p 32 /mnt/data/datasets/machine-learning-matrices-split/census.csv 2458285 68 --ole 
Setting memory for each repair instance to 14501 MBs
Sending logging messages to file: /mnt/data/datasets/machine-learning-matrices-split/census.csv.log
==== Conversion bin/csv->csrv
Command: /home/louza/mm-repair/csvmat2csrv -b 32   /mnt/data/datasets/machine-learning-matrices-split/census.csv -r 0   2458285 68
Conversion time: 32.0051
==== Repair paralell compression
---- Executing 32 parallel processes
---- Parallel processing completed
Repair time: 3.4871
==== Integer vector .C compression
Command: /home/louza/mm-repair/sdsl/encode.x /mnt/data/datasets/machine-learning-matrices-split/census.csv.32.0.vc.C 
==== Integer vector .R compression
Command: /home/louza/mm-repair/sdsl/encode.x /mnt/data/datasets/machine-learning-matrices-split/census.csv.32.0.vc.R 
Integer vector compression time: 1.0099
==== OLE
Command: /home/louza/mm-repair/ole/encode.x /mnt/data/datasets/machine-learning-matrices-split/census.csv.32.0.vc.C 
OLE time: 0.1263
==== Ans-fold compression
Command: /home/louza/mm-repair/ans/encode.x /mnt/data/datasets/machine-learning-matrices-split/census.csv.32.0.vc.C 
Ans-fold time: 0.1045
==== Integer vector .C compression
Command: /home/louza/mm-repair/sdsl/encode.x /mnt/data/datasets/machine-learning-matrices-split/census.csv.32.1.vc.C 
==== Integer vector .R compression
Command: /home/louza/mm-repair/sdsl/encode.x /mnt/data/datasets/machine-learning-matrices-split/census.csv.32.1.vc.R 
Integer vector compression time: 0.4877
==== OLE
Command: /home/louza/mm-repair/ole/encode.x /mnt/data/datasets/machine-learning-matrices-split/census.csv.32.1.vc.C 
OLE time: 0.2032
==== Ans-fold compression
Command: /home/louza/mm-repair/ans/encode.x /mnt/data/datasets/machine-learning-matrices-split/census.csv.32.1.vc.C 
Ans-fold time: 0.5532
==== Integer vector .C compression
Command: /home/louza/mm-repair/sdsl/encode.x /mnt/data/datasets/machine-learning-matrices-split/census.csv.32.2.vc.C 
==== Integer vector .R compression
Command: /home/louza/mm-repair/sdsl/encode.x /mnt/data/datasets/machine-learning-matrices-split/census.csv.32.2.vc.R 
Integer vector compression time: 0.3829
==== OLE
Command: /home/louza/mm-repair/ole/encode.x /mnt/data/datasets/machine-learning-matrices-split/census.csv.32.2.vc.C 
OLE time: 0.2854
==== Ans-fold compression
Command: /home/louza/mm-repair/ans/encode.x /mnt/data/datasets/machine-learning-matrices-split/census.csv.32.2.vc.C 
Ans-fold time: 0.7585
==== Integer vector .C compression
Command: /home/louza/mm-repair/sdsl/encode.x /mnt/data/datasets/machine-learning-matrices-split/census.csv.32.3.vc.C 
==== Integer vector .R compression
Command: /home/louza/mm-repair/sdsl/encode.x /mnt/data/datasets/machine-learning-matrices-split/census.csv.32.3.vc.R 
Integer vector compression time: 0.6121
==== OLE
Command: /home/louza/mm-repair/ole/encode.x /mnt/data/datasets/machine-learning-matrices-split/census.csv.32.3.vc.C 
OLE time: 0.1095
==== Ans-fold compression
Command: /home/louza/mm-repair/ans/encode.x /mnt/data/datasets/machine-learning-matrices-split/census.csv.32.3.vc.C 
Ans-fold time: 0.8850
==== Integer vector .C compression
Command: /home/louza/mm-repair/sdsl/encode.x /mnt/data/datasets/machine-learning-matrices-split/census.csv.32.4.vc.C 
==== Integer vector .R compression
Command: /home/louza/mm-repair/sdsl/encode.x /mnt/data/datasets/machine-learning-matrices-split/census.csv.32.4.vc.R 
Integer vector compression time: 0.9714
==== OLE
Command: /home/louza/mm-repair/ole/encode.x /mnt/data/datasets/machine-learning-matrices-split/census.csv.32.4.vc.C 
OLE time: 0.0454
==== Ans-fold compression
Command: /home/louza/mm-repair/ans/encode.x /mnt/data/datasets/machine-learning-matrices-split/census.csv.32.4.vc.C 
Ans-fold time: 1.0615
==== Integer vector .C compression
Command: /home/louza/mm-repair/sdsl/encode.x /mnt/data/datasets/machine-learning-matrices-split/census.csv.32.5.vc.C 
==== Integer vector .R compression
Command: /home/louza/mm-repair/sdsl/encode.x /mnt/data/datasets/machine-learning-matrices-split/census.csv.32.5.vc.R 
Integer vector compression time: 0.3138
==== OLE
Command: /home/louza/mm-repair/ole/encode.x /mnt/data/datasets/machine-learning-matrices-split/census.csv.32.5.vc.C 
OLE time: 0.3376
==== Ans-fold compression
Command: /home/louza/mm-repair/ans/encode.x /mnt/data/datasets/machine-learning-matrices-split/census.csv.32.5.vc.C 
Ans-fold time: 1.2701
==== Integer vector .C compression
Command: /home/louza/mm-repair/sdsl/encode.x /mnt/data/datasets/machine-learning-matrices-split/census.csv.32.6.vc.C 
==== Integer vector .R compression
Command: /home/louza/mm-repair/sdsl/encode.x /mnt/data/datasets/machine-learning-matrices-split/census.csv.32.6.vc.R 
Integer vector compression time: 0.2670
==== OLE
Command: /home/louza/mm-repair/ole/encode.x /mnt/data/datasets/machine-learning-matrices-split/census.csv.32.6.vc.C 
OLE time: 0.4342
==== Ans-fold compression
Command: /home/louza/mm-repair/ans/encode.x /mnt/data/datasets/machine-learning-matrices-split/census.csv.32.6.vc.C 
Ans-fold time: 1.5896
==== Integer vector .C compression
Command: /home/louza/mm-repair/sdsl/encode.x /mnt/data/datasets/machine-learning-matrices-split/census.csv.32.7.vc.C 
==== Integer vector .R compression
Command: /home/louza/mm-repair/sdsl/encode.x /mnt/data/datasets/machine-learning-matrices-split/census.csv.32.7.vc.R 
Integer vector compression time: 0.4715
==== OLE
Command: /home/louza/mm-repair/ole/encode.x /mnt/data/datasets/machine-learning-matrices-split/census.csv.32.7.vc.C 
OLE time: 0.3994
==== Ans-fold compression
Command: /home/louza/mm-repair/ans/encode.x /mnt/data/datasets/machine-learning-matrices-split/census.csv.32.7.vc.C 
Ans-fold time: 1.7157
==== Integer vector .C compression
Command: /home/louza/mm-repair/sdsl/encode.x /mnt/data/datasets/machine-learning-matrices-split/census.csv.32.8.vc.C 
==== Integer vector .R compression
Command: /home/louza/mm-repair/sdsl/encode.x /mnt/data/datasets/machine-learning-matrices-split/census.csv.32.8.vc.R 
Integer vector compression time: 0.3811
==== OLE
Command: /home/louza/mm-repair/ole/encode.x /mnt/data/datasets/machine-learning-matrices-split/census.csv.32.8.vc.C 
OLE time: 0.2905
==== Ans-fold compression
Command: /home/louza/mm-repair/ans/encode.x /mnt/data/datasets/machine-learning-matrices-split/census.csv.32.8.vc.C 
Ans-fold time: 1.9259
==== Integer vector .C compression
Command: /home/louza/mm-repair/sdsl/encode.x /mnt/data/datasets/machine-learning-matrices-split/census.csv.32.9.vc.C 
==== Integer vector .R compression
Command: /home/louza/mm-repair/sdsl/encode.x /mnt/data/datasets/machine-learning-matrices-split/census.csv.32.9.vc.R 
Integer vector compression time: 0.3597
==== OLE
Command: /home/louza/mm-repair/ole/encode.x /mnt/data/datasets/machine-learning-matrices-split/census.csv.32.9.vc.C 
OLE time: 0.2804
==== Ans-fold compression
Command: /home/louza/mm-repair/ans/encode.x /mnt/data/datasets/machine-learning-matrices-split/census.csv.32.9.vc.C 
Ans-fold time: 2.0596
==== Integer vector .C compression
Command: /home/louza/mm-repair/sdsl/encode.x /mnt/data/datasets/machine-learning-matrices-split/census.csv.32.10.vc.C 
==== Integer vector .R compression
Command: /home/louza/mm-repair/sdsl/encode.x /mnt/data/datasets/machine-learning-matrices-split/census.csv.32.10.vc.R 
Integer vector compression time: 0.5160
==== OLE
Command: /home/louza/mm-repair/ole/encode.x /mnt/data/datasets/machine-learning-matrices-split/census.csv.32.10.vc.C 
OLE time: 0.3153
==== Ans-fold compression
Command: /home/louza/mm-repair/ans/encode.x /mnt/data/datasets/machine-learning-matrices-split/census.csv.32.10.vc.C 
Ans-fold time: 2.3259
==== Integer vector .C compression
Command: /home/louza/mm-repair/sdsl/encode.x /mnt/data/datasets/machine-learning-matrices-split/census.csv.32.11.vc.C 
==== Integer vector .R compression
Command: /home/louza/mm-repair/sdsl/encode.x /mnt/data/datasets/machine-learning-matrices-split/census.csv.32.11.vc.R 
Integer vector compression time: 0.7498
==== OLE
Command: /home/louza/mm-repair/ole/encode.x /mnt/data/datasets/machine-learning-matrices-split/census.csv.32.11.vc.C 
OLE time: 0.3822
==== Ans-fold compression
Command: /home/louza/mm-repair/ans/encode.x /mnt/data/datasets/machine-learning-matrices-split/census.csv.32.11.vc.C 
Ans-fold time: 2.7647
==== Integer vector .C compression
Command: /home/louza/mm-repair/sdsl/encode.x /mnt/data/datasets/machine-learning-matrices-split/census.csv.32.12.vc.C 
==== Integer vector .R compression
Command: /home/louza/mm-repair/sdsl/encode.x /mnt/data/datasets/machine-learning-matrices-split/census.csv.32.12.vc.R 
Integer vector compression time: 0.2863
==== OLE
Command: /home/louza/mm-repair/ole/encode.x /mnt/data/datasets/machine-learning-matrices-split/census.csv.32.12.vc.C 
OLE time: 0.3890
==== Ans-fold compression
Command: /home/louza/mm-repair/ans/encode.x /mnt/data/datasets/machine-learning-matrices-split/census.csv.32.12.vc.C 
Ans-fold time: 3.1397
==== Integer vector .C compression
Command: /home/louza/mm-repair/sdsl/encode.x /mnt/data/datasets/machine-learning-matrices-split/census.csv.32.13.vc.C 
==== Integer vector .R compression
Command: /home/louza/mm-repair/sdsl/encode.x /mnt/data/datasets/machine-learning-matrices-split/census.csv.32.13.vc.R 
Integer vector compression time: 0.2466
==== OLE
Command: /home/louza/mm-repair/ole/encode.x /mnt/data/datasets/machine-learning-matrices-split/census.csv.32.13.vc.C 
OLE time: 0.4590
==== Ans-fold compression
Command: /home/louza/mm-repair/ans/encode.x /mnt/data/datasets/machine-learning-matrices-split/census.csv.32.13.vc.C 
Ans-fold time: 3.5324
==== Integer vector .C compression
Command: /home/louza/mm-repair/sdsl/encode.x /mnt/data/datasets/machine-learning-matrices-split/census.csv.32.14.vc.C 
==== Integer vector .R compression
Command: /home/louza/mm-repair/sdsl/encode.x /mnt/data/datasets/machine-learning-matrices-split/census.csv.32.14.vc.R 
Integer vector compression time: 0.4171
==== OLE
Command: /home/louza/mm-repair/ole/encode.x /mnt/data/datasets/machine-learning-matrices-split/census.csv.32.14.vc.C 
OLE time: 0.2872
==== Ans-fold compression
Command: /home/louza/mm-repair/ans/encode.x /mnt/data/datasets/machine-learning-matrices-split/census.csv.32.14.vc.C 
Ans-fold time: 3.7578
==== Integer vector .C compression
Command: /home/louza/mm-repair/sdsl/encode.x /mnt/data/datasets/machine-learning-matrices-split/census.csv.32.15.vc.C 
==== Integer vector .R compression
Command: /home/louza/mm-repair/sdsl/encode.x /mnt/data/datasets/machine-learning-matrices-split/census.csv.32.15.vc.R 
Integer vector compression time: 0.4049
==== OLE
Command: /home/louza/mm-repair/ole/encode.x /mnt/data/datasets/machine-learning-matrices-split/census.csv.32.15.vc.C 
OLE time: 0.0596
==== Ans-fold compression
Command: /home/louza/mm-repair/ans/encode.x /mnt/data/datasets/machine-learning-matrices-split/census.csv.32.15.vc.C 
Ans-fold time: 3.8020
==== Integer vector .C compression
Command: /home/louza/mm-repair/sdsl/encode.x /mnt/data/datasets/machine-learning-matrices-split/census.csv.32.16.vc.C 
==== Integer vector .R compression
Command: /home/louza/mm-repair/sdsl/encode.x /mnt/data/datasets/machine-learning-matrices-split/census.csv.32.16.vc.R 
Integer vector compression time: 0.8095
==== OLE
Command: /home/louza/mm-repair/ole/encode.x /mnt/data/datasets/machine-learning-matrices-split/census.csv.32.16.vc.C 
OLE time: 0.5205
==== Ans-fold compression
Command: /home/louza/mm-repair/ans/encode.x /mnt/data/datasets/machine-learning-matrices-split/census.csv.32.16.vc.C 
Ans-fold time: 4.0965
==== Integer vector .C compression
Command: /home/louza/mm-repair/sdsl/encode.x /mnt/data/datasets/machine-learning-matrices-split/census.csv.32.17.vc.C 
==== Integer vector .R compression
Command: /home/louza/mm-repair/sdsl/encode.x /mnt/data/datasets/machine-learning-matrices-split/census.csv.32.17.vc.R 
Integer vector compression time: 0.4548
==== OLE
Command: /home/louza/mm-repair/ole/encode.x /mnt/data/datasets/machine-learning-matrices-split/census.csv.32.17.vc.C 
OLE time: 0.0564
==== Ans-fold compression
Command: /home/louza/mm-repair/ans/encode.x /mnt/data/datasets/machine-learning-matrices-split/census.csv.32.17.vc.C 
Ans-fold time: 4.1868
==== Integer vector .C compression
Command: /home/louza/mm-repair/sdsl/encode.x /mnt/data/datasets/machine-learning-matrices-split/census.csv.32.18.vc.C 
==== Integer vector .R compression
Command: /home/louza/mm-repair/sdsl/encode.x /mnt/data/datasets/machine-learning-matrices-split/census.csv.32.18.vc.R 
Integer vector compression time: 0.3769
==== OLE
Command: /home/louza/mm-repair/ole/encode.x /mnt/data/datasets/machine-learning-matrices-split/census.csv.32.18.vc.C 
OLE time: 0.1685
==== Ans-fold compression
Command: /home/louza/mm-repair/ans/encode.x /mnt/data/datasets/machine-learning-matrices-split/census.csv.32.18.vc.C 
Ans-fold time: 4.4488
==== Integer vector .C compression
Command: /home/louza/mm-repair/sdsl/encode.x /mnt/data/datasets/machine-learning-matrices-split/census.csv.32.19.vc.C 
==== Integer vector .R compression
Command: /home/louza/mm-repair/sdsl/encode.x /mnt/data/datasets/machine-learning-matrices-split/census.csv.32.19.vc.R 
Integer vector compression time: 0.3730
==== OLE
Command: /home/louza/mm-repair/ole/encode.x /mnt/data/datasets/machine-learning-matrices-split/census.csv.32.19.vc.C 
OLE time: 0.0756
==== Ans-fold compression
Command: /home/louza/mm-repair/ans/encode.x /mnt/data/datasets/machine-learning-matrices-split/census.csv.32.19.vc.C 
Ans-fold time: 4.5533
==== Integer vector .C compression
Command: /home/louza/mm-repair/sdsl/encode.x /mnt/data/datasets/machine-learning-matrices-split/census.csv.32.20.vc.C 
==== Integer vector .R compression
Command: /home/louza/mm-repair/sdsl/encode.x /mnt/data/datasets/machine-learning-matrices-split/census.csv.32.20.vc.R 
Integer vector compression time: 0.2082
==== OLE
Command: /home/louza/mm-repair/ole/encode.x /mnt/data/datasets/machine-learning-matrices-split/census.csv.32.20.vc.C 
OLE time: 0.0953
==== Ans-fold compression
Command: /home/louza/mm-repair/ans/encode.x /mnt/data/datasets/machine-learning-matrices-split/census.csv.32.20.vc.C 
Ans-fold time: 4.9177
==== Integer vector .C compression
Command: /home/louza/mm-repair/sdsl/encode.x /mnt/data/datasets/machine-learning-matrices-split/census.csv.32.21.vc.C 
==== Integer vector .R compression
Command: /home/louza/mm-repair/sdsl/encode.x /mnt/data/datasets/machine-learning-matrices-split/census.csv.32.21.vc.R 
Integer vector compression time: 0.3239
==== OLE
Command: /home/louza/mm-repair/ole/encode.x /mnt/data/datasets/machine-learning-matrices-split/census.csv.32.21.vc.C 
OLE time: 0.2530
==== Ans-fold compression
Command: /home/louza/mm-repair/ans/encode.x /mnt/data/datasets/machine-learning-matrices-split/census.csv.32.21.vc.C 
Ans-fold time: 5.0989
==== Integer vector .C compression
Command: /home/louza/mm-repair/sdsl/encode.x /mnt/data/datasets/machine-learning-matrices-split/census.csv.32.22.vc.C 
==== Integer vector .R compression
Command: /home/louza/mm-repair/sdsl/encode.x /mnt/data/datasets/machine-learning-matrices-split/census.csv.32.22.vc.R 
Integer vector compression time: 0.2398
==== OLE
Command: /home/louza/mm-repair/ole/encode.x /mnt/data/datasets/machine-learning-matrices-split/census.csv.32.22.vc.C 
OLE time: 0.1850
==== Ans-fold compression
Command: /home/louza/mm-repair/ans/encode.x /mnt/data/datasets/machine-learning-matrices-split/census.csv.32.22.vc.C 
Ans-fold time: 5.2420
==== Integer vector .C compression
Command: /home/louza/mm-repair/sdsl/encode.x /mnt/data/datasets/machine-learning-matrices-split/census.csv.32.23.vc.C 
==== Integer vector .R compression
Command: /home/louza/mm-repair/sdsl/encode.x /mnt/data/datasets/machine-learning-matrices-split/census.csv.32.23.vc.R 
Integer vector compression time: 0.4466
==== OLE
Command: /home/louza/mm-repair/ole/encode.x /mnt/data/datasets/machine-learning-matrices-split/census.csv.32.23.vc.C 
OLE time: 0.1206
==== Ans-fold compression
Command: /home/louza/mm-repair/ans/encode.x /mnt/data/datasets/machine-learning-matrices-split/census.csv.32.23.vc.C 
Ans-fold time: 5.3908
==== Integer vector .C compression
Command: /home/louza/mm-repair/sdsl/encode.x /mnt/data/datasets/machine-learning-matrices-split/census.csv.32.24.vc.C 
==== Integer vector .R compression
Command: /home/louza/mm-repair/sdsl/encode.x /mnt/data/datasets/machine-learning-matrices-split/census.csv.32.24.vc.R 
Integer vector compression time: 0.5997
==== OLE
Command: /home/louza/mm-repair/ole/encode.x /mnt/data/datasets/machine-learning-matrices-split/census.csv.32.24.vc.C 
OLE time: 0.0388
==== Ans-fold compression
Command: /home/louza/mm-repair/ans/encode.x /mnt/data/datasets/machine-learning-matrices-split/census.csv.32.24.vc.C 
Ans-fold time: 5.7546
==== Integer vector .C compression
Command: /home/louza/mm-repair/sdsl/encode.x /mnt/data/datasets/machine-learning-matrices-split/census.csv.32.25.vc.C 
==== Integer vector .R compression
Command: /home/louza/mm-repair/sdsl/encode.x /mnt/data/datasets/machine-learning-matrices-split/census.csv.32.25.vc.R 
Integer vector compression time: 0.4211
==== OLE
Command: /home/louza/mm-repair/ole/encode.x /mnt/data/datasets/machine-learning-matrices-split/census.csv.32.25.vc.C 
OLE time: 0.0227
==== Ans-fold compression
Command: /home/louza/mm-repair/ans/encode.x /mnt/data/datasets/machine-learning-matrices-split/census.csv.32.25.vc.C 
Ans-fold time: 6.0628
==== Integer vector .C compression
Command: /home/louza/mm-repair/sdsl/encode.x /mnt/data/datasets/machine-learning-matrices-split/census.csv.32.26.vc.C 
==== Integer vector .R compression
Command: /home/louza/mm-repair/sdsl/encode.x /mnt/data/datasets/machine-learning-matrices-split/census.csv.32.26.vc.R 
Integer vector compression time: 0.5011
==== OLE
Command: /home/louza/mm-repair/ole/encode.x /mnt/data/datasets/machine-learning-matrices-split/census.csv.32.26.vc.C 
OLE time: 0.1374
==== Ans-fold compression
Command: /home/louza/mm-repair/ans/encode.x /mnt/data/datasets/machine-learning-matrices-split/census.csv.32.26.vc.C 
Ans-fold time: 6.1812
==== Integer vector .C compression
Command: /home/louza/mm-repair/sdsl/encode.x /mnt/data/datasets/machine-learning-matrices-split/census.csv.32.27.vc.C 
==== Integer vector .R compression
Command: /home/louza/mm-repair/sdsl/encode.x /mnt/data/datasets/machine-learning-matrices-split/census.csv.32.27.vc.R 
Integer vector compression time: 0.3656
==== OLE
Command: /home/louza/mm-repair/ole/encode.x /mnt/data/datasets/machine-learning-matrices-split/census.csv.32.27.vc.C 
OLE time: 0.4411
==== Ans-fold compression
Command: /home/louza/mm-repair/ans/encode.x /mnt/data/datasets/machine-learning-matrices-split/census.csv.32.27.vc.C 
Ans-fold time: 6.4142
==== Integer vector .C compression
Command: /home/louza/mm-repair/sdsl/encode.x /mnt/data/datasets/machine-learning-matrices-split/census.csv.32.28.vc.C 
==== Integer vector .R compression
Command: /home/louza/mm-repair/sdsl/encode.x /mnt/data/datasets/machine-learning-matrices-split/census.csv.32.28.vc.R 
Integer vector compression time: 0.4320
==== OLE
Command: /home/louza/mm-repair/ole/encode.x /mnt/data/datasets/machine-learning-matrices-split/census.csv.32.28.vc.C 
OLE time: 0.5194
==== Ans-fold compression
Command: /home/louza/mm-repair/ans/encode.x /mnt/data/datasets/machine-learning-matrices-split/census.csv.32.28.vc.C 
Ans-fold time: 6.6282
==== Integer vector .C compression
Command: /home/louza/mm-repair/sdsl/encode.x /mnt/data/datasets/machine-learning-matrices-split/census.csv.32.29.vc.C 
==== Integer vector .R compression
Command: /home/louza/mm-repair/sdsl/encode.x /mnt/data/datasets/machine-learning-matrices-split/census.csv.32.29.vc.R 
Integer vector compression time: 0.3824
==== OLE
Command: /home/louza/mm-repair/ole/encode.x /mnt/data/datasets/machine-learning-matrices-split/census.csv.32.29.vc.C 
OLE time: 0.2219
==== Ans-fold compression
Command: /home/louza/mm-repair/ans/encode.x /mnt/data/datasets/machine-learning-matrices-split/census.csv.32.29.vc.C 
Ans-fold time: 6.8568
==== Integer vector .C compression
Command: /home/louza/mm-repair/sdsl/encode.x /mnt/data/datasets/machine-learning-matrices-split/census.csv.32.30.vc.C 
==== Integer vector .R compression
Command: /home/louza/mm-repair/sdsl/encode.x /mnt/data/datasets/machine-learning-matrices-split/census.csv.32.30.vc.R 
Integer vector compression time: 0.1608
==== OLE
Command: /home/louza/mm-repair/ole/encode.x /mnt/data/datasets/machine-learning-matrices-split/census.csv.32.30.vc.C 
OLE time: 0.1878
==== Ans-fold compression
Command: /home/louza/mm-repair/ans/encode.x /mnt/data/datasets/machine-learning-matrices-split/census.csv.32.30.vc.C 
Ans-fold time: 6.9914
==== Integer vector .C compression
Command: /home/louza/mm-repair/sdsl/encode.x /mnt/data/datasets/machine-learning-matrices-split/census.csv.32.31.vc.C 
==== Integer vector .R compression
Command: /home/louza/mm-repair/sdsl/encode.x /mnt/data/datasets/machine-learning-matrices-split/census.csv.32.31.vc.R 
Integer vector compression time: 0.8375
==== OLE
Command: /home/louza/mm-repair/ole/encode.x /mnt/data/datasets/machine-learning-matrices-split/census.csv.32.31.vc.C 
OLE time: 0.2456
==== Ans-fold compression
Command: /home/louza/mm-repair/ans/encode.x /mnt/data/datasets/machine-learning-matrices-split/census.csv.32.31.vc.C 
Ans-fold time: 7.0973
Elapsed time: 65.0976
==== Compression Report:
 >> matrix name: /mnt/data/datasets/machine-learning-matrices-split/census.csv
 >> conversion time: 32.01
 >> repair time: 3.49
 >> integer vectors time: 0.84
 >> ansf time: 7.10
 >> total time: 65.10
 >> matrix log(alpha)xNumEntries size: 125372535 bytes
 >> matrix dense size: 1337307040 bytes
 >> total number of nonzero: 71928503 (43.03%)
 >> number of distinct nonzero: 45
 >> CRSV  size: 297547512 bytes  (22.25%)
 >> RE32  size: 61459232 bytes  (4.60%)
 >> REIV  size: 30730592 bytes  (2.30%)
 >> REANS size: 24780632 bytes  (1.85%)
==== Done

#### 2026-09-07 10:51:56
 Command line: ./mm-repair/matrepair -r -b 32 -p 32 /mnt/data/datasets/machine-learning-matrices-split/census.csv 2458285 68 --mapping 
Setting memory for each repair instance to 14501 MBs
Sending logging messages to file: /mnt/data/datasets/machine-learning-matrices-split/census.csv.log
==== Conversion bin/csv->csrv
Command: /home/louza/mm-repair/csvmat2csrv -b 32   /mnt/data/datasets/machine-learning-matrices-split/census.csv -r 0 -m  2458285 68
Conversion time: 37.7738
==== Repair paralell compression
---- Executing 32 parallel processes
---- Parallel processing completed
Repair time: 3.2348
==== Integer vector .C compression
Command: /home/louza/mm-repair/sdsl/encode.x /mnt/data/datasets/machine-learning-matrices-split/census.csv.32.0.vc.C 
==== Integer vector .R compression
Command: /home/louza/mm-repair/sdsl/encode.x /mnt/data/datasets/machine-learning-matrices-split/census.csv.32.0.vc.R 
Integer vector compression time: 0.5507
==== Ans-fold compression
Command: /home/louza/mm-repair/ans/encode.x /mnt/data/datasets/machine-learning-matrices-split/census.csv.32.0.vc.C 
Ans-fold time: 0.2308
==== Integer vector .C compression
Command: /home/louza/mm-repair/sdsl/encode.x /mnt/data/datasets/machine-learning-matrices-split/census.csv.32.1.vc.C 
==== Integer vector .R compression
Command: /home/louza/mm-repair/sdsl/encode.x /mnt/data/datasets/machine-learning-matrices-split/census.csv.32.1.vc.R 
Integer vector compression time: 0.2658
==== Ans-fold compression
Command: /home/louza/mm-repair/ans/encode.x /mnt/data/datasets/machine-learning-matrices-split/census.csv.32.1.vc.C 
Ans-fold time: 0.4822
==== Integer vector .C compression
Command: /home/louza/mm-repair/sdsl/encode.x /mnt/data/datasets/machine-learning-matrices-split/census.csv.32.2.vc.C 
==== Integer vector .R compression
Command: /home/louza/mm-repair/sdsl/encode.x /mnt/data/datasets/machine-learning-matrices-split/census.csv.32.2.vc.R 
Integer vector compression time: 0.3378
==== Ans-fold compression
Command: /home/louza/mm-repair/ans/encode.x /mnt/data/datasets/machine-learning-matrices-split/census.csv.32.2.vc.C 
Ans-fold time: 0.5909
==== Integer vector .C compression
Command: /home/louza/mm-repair/sdsl/encode.x /mnt/data/datasets/machine-learning-matrices-split/census.csv.32.3.vc.C 
==== Integer vector .R compression
Command: /home/louza/mm-repair/sdsl/encode.x /mnt/data/datasets/machine-learning-matrices-split/census.csv.32.3.vc.R 
Integer vector compression time: 0.2557
==== Ans-fold compression
Command: /home/louza/mm-repair/ans/encode.x /mnt/data/datasets/machine-learning-matrices-split/census.csv.32.3.vc.C 
Ans-fold time: 0.6373
==== Integer vector .C compression
Command: /home/louza/mm-repair/sdsl/encode.x /mnt/data/datasets/machine-learning-matrices-split/census.csv.32.4.vc.C 
==== Integer vector .R compression
Command: /home/louza/mm-repair/sdsl/encode.x /mnt/data/datasets/machine-learning-matrices-split/census.csv.32.4.vc.R 
Integer vector compression time: 0.1879
==== Ans-fold compression
Command: /home/louza/mm-repair/ans/encode.x /mnt/data/datasets/machine-learning-matrices-split/census.csv.32.4.vc.C 
Ans-fold time: 0.7706
==== Integer vector .C compression
Command: /home/louza/mm-repair/sdsl/encode.x /mnt/data/datasets/machine-learning-matrices-split/census.csv.32.5.vc.C 
==== Integer vector .R compression
Command: /home/louza/mm-repair/sdsl/encode.x /mnt/data/datasets/machine-learning-matrices-split/census.csv.32.5.vc.R 
Integer vector compression time: 0.1366
==== Ans-fold compression
Command: /home/louza/mm-repair/ans/encode.x /mnt/data/datasets/machine-learning-matrices-split/census.csv.32.5.vc.C 
Ans-fold time: 0.8417
==== Integer vector .C compression
Command: /home/louza/mm-repair/sdsl/encode.x /mnt/data/datasets/machine-learning-matrices-split/census.csv.32.6.vc.C 
==== Integer vector .R compression
Command: /home/louza/mm-repair/sdsl/encode.x /mnt/data/datasets/machine-learning-matrices-split/census.csv.32.6.vc.R 
Integer vector compression time: 0.2658
==== Ans-fold compression
Command: /home/louza/mm-repair/ans/encode.x /mnt/data/datasets/machine-learning-matrices-split/census.csv.32.6.vc.C 
Ans-fold time: 0.9693
==== Integer vector .C compression
Command: /home/louza/mm-repair/sdsl/encode.x /mnt/data/datasets/machine-learning-matrices-split/census.csv.32.7.vc.C 
==== Integer vector .R compression
Command: /home/louza/mm-repair/sdsl/encode.x /mnt/data/datasets/machine-learning-matrices-split/census.csv.32.7.vc.R 
Integer vector compression time: 0.1539
==== Ans-fold compression
Command: /home/louza/mm-repair/ans/encode.x /mnt/data/datasets/machine-learning-matrices-split/census.csv.32.7.vc.C 
Ans-fold time: 1.1037
==== Integer vector .C compression
Command: /home/louza/mm-repair/sdsl/encode.x /mnt/data/datasets/machine-learning-matrices-split/census.csv.32.8.vc.C 
==== Integer vector .R compression
Command: /home/louza/mm-repair/sdsl/encode.x /mnt/data/datasets/machine-learning-matrices-split/census.csv.32.8.vc.R 
Integer vector compression time: 0.4175
==== Ans-fold compression
Command: /home/louza/mm-repair/ans/encode.x /mnt/data/datasets/machine-learning-matrices-split/census.csv.32.8.vc.C 
Ans-fold time: 1.4665
==== Integer vector .C compression
Command: /home/louza/mm-repair/sdsl/encode.x /mnt/data/datasets/machine-learning-matrices-split/census.csv.32.9.vc.C 
==== Integer vector .R compression
Command: /home/louza/mm-repair/sdsl/encode.x /mnt/data/datasets/machine-learning-matrices-split/census.csv.32.9.vc.R 
Integer vector compression time: 0.3118
==== Ans-fold compression
Command: /home/louza/mm-repair/ans/encode.x /mnt/data/datasets/machine-learning-matrices-split/census.csv.32.9.vc.C 
Ans-fold time: 1.6836
==== Integer vector .C compression
Command: /home/louza/mm-repair/sdsl/encode.x /mnt/data/datasets/machine-learning-matrices-split/census.csv.32.10.vc.C 
==== Integer vector .R compression
Command: /home/louza/mm-repair/sdsl/encode.x /mnt/data/datasets/machine-learning-matrices-split/census.csv.32.10.vc.R 
Integer vector compression time: 0.2611
==== Ans-fold compression
Command: /home/louza/mm-repair/ans/encode.x /mnt/data/datasets/machine-learning-matrices-split/census.csv.32.10.vc.C 
Ans-fold time: 1.7733
==== Integer vector .C compression
Command: /home/louza/mm-repair/sdsl/encode.x /mnt/data/datasets/machine-learning-matrices-split/census.csv.32.11.vc.C 
==== Integer vector .R compression
Command: /home/louza/mm-repair/sdsl/encode.x /mnt/data/datasets/machine-learning-matrices-split/census.csv.32.11.vc.R 
Integer vector compression time: 0.1959
==== Ans-fold compression
Command: /home/louza/mm-repair/ans/encode.x /mnt/data/datasets/machine-learning-matrices-split/census.csv.32.11.vc.C 
Ans-fold time: 2.0814
==== Integer vector .C compression
Command: /home/louza/mm-repair/sdsl/encode.x /mnt/data/datasets/machine-learning-matrices-split/census.csv.32.12.vc.C 
==== Integer vector .R compression
Command: /home/louza/mm-repair/sdsl/encode.x /mnt/data/datasets/machine-learning-matrices-split/census.csv.32.12.vc.R 
Integer vector compression time: 0.5337
==== Ans-fold compression
Command: /home/louza/mm-repair/ans/encode.x /mnt/data/datasets/machine-learning-matrices-split/census.csv.32.12.vc.C 
Ans-fold time: 2.2901
==== Integer vector .C compression
Command: /home/louza/mm-repair/sdsl/encode.x /mnt/data/datasets/machine-learning-matrices-split/census.csv.32.13.vc.C 
==== Integer vector .R compression
Command: /home/louza/mm-repair/sdsl/encode.x /mnt/data/datasets/machine-learning-matrices-split/census.csv.32.13.vc.R 
Integer vector compression time: 0.5027
==== Ans-fold compression
Command: /home/louza/mm-repair/ans/encode.x /mnt/data/datasets/machine-learning-matrices-split/census.csv.32.13.vc.C 
Ans-fold time: 2.3525
==== Integer vector .C compression
Command: /home/louza/mm-repair/sdsl/encode.x /mnt/data/datasets/machine-learning-matrices-split/census.csv.32.14.vc.C 
==== Integer vector .R compression
Command: /home/louza/mm-repair/sdsl/encode.x /mnt/data/datasets/machine-learning-matrices-split/census.csv.32.14.vc.R 
Integer vector compression time: 0.3497
==== Ans-fold compression
Command: /home/louza/mm-repair/ans/encode.x /mnt/data/datasets/machine-learning-matrices-split/census.csv.32.14.vc.C 
Ans-fold time: 2.5291
==== Integer vector .C compression
Command: /home/louza/mm-repair/sdsl/encode.x /mnt/data/datasets/machine-learning-matrices-split/census.csv.32.15.vc.C 
==== Integer vector .R compression
Command: /home/louza/mm-repair/sdsl/encode.x /mnt/data/datasets/machine-learning-matrices-split/census.csv.32.15.vc.R 
Integer vector compression time: 0.5138
==== Ans-fold compression
Command: /home/louza/mm-repair/ans/encode.x /mnt/data/datasets/machine-learning-matrices-split/census.csv.32.15.vc.C 
Ans-fold time: 2.7196
==== Integer vector .C compression
Command: /home/louza/mm-repair/sdsl/encode.x /mnt/data/datasets/machine-learning-matrices-split/census.csv.32.16.vc.C 
==== Integer vector .R compression
Command: /home/louza/mm-repair/sdsl/encode.x /mnt/data/datasets/machine-learning-matrices-split/census.csv.32.16.vc.R 
Integer vector compression time: 0.1086
==== Ans-fold compression
Command: /home/louza/mm-repair/ans/encode.x /mnt/data/datasets/machine-learning-matrices-split/census.csv.32.16.vc.C 
Ans-fold time: 2.7542
==== Integer vector .C compression
Command: /home/louza/mm-repair/sdsl/encode.x /mnt/data/datasets/machine-learning-matrices-split/census.csv.32.17.vc.C 
==== Integer vector .R compression
Command: /home/louza/mm-repair/sdsl/encode.x /mnt/data/datasets/machine-learning-matrices-split/census.csv.32.17.vc.R 
Integer vector compression time: 0.1055
==== Ans-fold compression
Command: /home/louza/mm-repair/ans/encode.x /mnt/data/datasets/machine-learning-matrices-split/census.csv.32.17.vc.C 
Ans-fold time: 2.9127
==== Integer vector .C compression
Command: /home/louza/mm-repair/sdsl/encode.x /mnt/data/datasets/machine-learning-matrices-split/census.csv.32.18.vc.C 
==== Integer vector .R compression
Command: /home/louza/mm-repair/sdsl/encode.x /mnt/data/datasets/machine-learning-matrices-split/census.csv.32.18.vc.R 
Integer vector compression time: 0.3292
==== Ans-fold compression
Command: /home/louza/mm-repair/ans/encode.x /mnt/data/datasets/machine-learning-matrices-split/census.csv.32.18.vc.C 
Ans-fold time: 3.1037
==== Integer vector .C compression
Command: /home/louza/mm-repair/sdsl/encode.x /mnt/data/datasets/machine-learning-matrices-split/census.csv.32.19.vc.C 
==== Integer vector .R compression
Command: /home/louza/mm-repair/sdsl/encode.x /mnt/data/datasets/machine-learning-matrices-split/census.csv.32.19.vc.R 
Integer vector compression time: 0.3866
==== Ans-fold compression
Command: /home/louza/mm-repair/ans/encode.x /mnt/data/datasets/machine-learning-matrices-split/census.csv.32.19.vc.C 
Ans-fold time: 3.3038
==== Integer vector .C compression
Command: /home/louza/mm-repair/sdsl/encode.x /mnt/data/datasets/machine-learning-matrices-split/census.csv.32.20.vc.C 
==== Integer vector .R compression
Command: /home/louza/mm-repair/sdsl/encode.x /mnt/data/datasets/machine-learning-matrices-split/census.csv.32.20.vc.R 
Integer vector compression time: 0.1974
==== Ans-fold compression
Command: /home/louza/mm-repair/ans/encode.x /mnt/data/datasets/machine-learning-matrices-split/census.csv.32.20.vc.C 
Ans-fold time: 3.3674
==== Integer vector .C compression
Command: /home/louza/mm-repair/sdsl/encode.x /mnt/data/datasets/machine-learning-matrices-split/census.csv.32.21.vc.C 
==== Integer vector .R compression
Command: /home/louza/mm-repair/sdsl/encode.x /mnt/data/datasets/machine-learning-matrices-split/census.csv.32.21.vc.R 
Integer vector compression time: 0.0651
==== Ans-fold compression
Command: /home/louza/mm-repair/ans/encode.x /mnt/data/datasets/machine-learning-matrices-split/census.csv.32.21.vc.C 
Ans-fold time: 3.4191
==== Integer vector .C compression
Command: /home/louza/mm-repair/sdsl/encode.x /mnt/data/datasets/machine-learning-matrices-split/census.csv.32.22.vc.C 
==== Integer vector .R compression
Command: /home/louza/mm-repair/sdsl/encode.x /mnt/data/datasets/machine-learning-matrices-split/census.csv.32.22.vc.R 
Integer vector compression time: 0.4541
==== Ans-fold compression
Command: /home/louza/mm-repair/ans/encode.x /mnt/data/datasets/machine-learning-matrices-split/census.csv.32.22.vc.C 
Ans-fold time: 3.6303
==== Integer vector .C compression
Command: /home/louza/mm-repair/sdsl/encode.x /mnt/data/datasets/machine-learning-matrices-split/census.csv.32.23.vc.C 
==== Integer vector .R compression
Command: /home/louza/mm-repair/sdsl/encode.x /mnt/data/datasets/machine-learning-matrices-split/census.csv.32.23.vc.R 
Integer vector compression time: 0.4438
==== Ans-fold compression
Command: /home/louza/mm-repair/ans/encode.x /mnt/data/datasets/machine-learning-matrices-split/census.csv.32.23.vc.C 
Ans-fold time: 3.9141
==== Integer vector .C compression
Command: /home/louza/mm-repair/sdsl/encode.x /mnt/data/datasets/machine-learning-matrices-split/census.csv.32.24.vc.C 
==== Integer vector .R compression
Command: /home/louza/mm-repair/sdsl/encode.x /mnt/data/datasets/machine-learning-matrices-split/census.csv.32.24.vc.R 
Integer vector compression time: 0.2591
==== Ans-fold compression
Command: /home/louza/mm-repair/ans/encode.x /mnt/data/datasets/machine-learning-matrices-split/census.csv.32.24.vc.C 
Ans-fold time: 4.2292
==== Integer vector .C compression
Command: /home/louza/mm-repair/sdsl/encode.x /mnt/data/datasets/machine-learning-matrices-split/census.csv.32.25.vc.C 
==== Integer vector .R compression
Command: /home/louza/mm-repair/sdsl/encode.x /mnt/data/datasets/machine-learning-matrices-split/census.csv.32.25.vc.R 
Integer vector compression time: 0.6352
==== Ans-fold compression
Command: /home/louza/mm-repair/ans/encode.x /mnt/data/datasets/machine-learning-matrices-split/census.csv.32.25.vc.C 
Ans-fold time: 4.4312
==== Integer vector .C compression
Command: /home/louza/mm-repair/sdsl/encode.x /mnt/data/datasets/machine-learning-matrices-split/census.csv.32.26.vc.C 
==== Integer vector .R compression
Command: /home/louza/mm-repair/sdsl/encode.x /mnt/data/datasets/machine-learning-matrices-split/census.csv.32.26.vc.R 
Integer vector compression time: 0.4297
==== Ans-fold compression
Command: /home/louza/mm-repair/ans/encode.x /mnt/data/datasets/machine-learning-matrices-split/census.csv.32.26.vc.C 
Ans-fold time: 4.6072
==== Integer vector .C compression
Command: /home/louza/mm-repair/sdsl/encode.x /mnt/data/datasets/machine-learning-matrices-split/census.csv.32.27.vc.C 
==== Integer vector .R compression
Command: /home/louza/mm-repair/sdsl/encode.x /mnt/data/datasets/machine-learning-matrices-split/census.csv.32.27.vc.R 
Integer vector compression time: 0.2670
==== Ans-fold compression
Command: /home/louza/mm-repair/ans/encode.x /mnt/data/datasets/machine-learning-matrices-split/census.csv.32.27.vc.C 
Ans-fold time: 4.6617
==== Integer vector .C compression
Command: /home/louza/mm-repair/sdsl/encode.x /mnt/data/datasets/machine-learning-matrices-split/census.csv.32.28.vc.C 
==== Integer vector .R compression
Command: /home/louza/mm-repair/sdsl/encode.x /mnt/data/datasets/machine-learning-matrices-split/census.csv.32.28.vc.R 
Integer vector compression time: 0.0976
==== Ans-fold compression
Command: /home/louza/mm-repair/ans/encode.x /mnt/data/datasets/machine-learning-matrices-split/census.csv.32.28.vc.C 
Ans-fold time: 4.6956
==== Integer vector .C compression
Command: /home/louza/mm-repair/sdsl/encode.x /mnt/data/datasets/machine-learning-matrices-split/census.csv.32.29.vc.C 
==== Integer vector .R compression
Command: /home/louza/mm-repair/sdsl/encode.x /mnt/data/datasets/machine-learning-matrices-split/census.csv.32.29.vc.R 
Integer vector compression time: 0.0941
==== Ans-fold compression
Command: /home/louza/mm-repair/ans/encode.x /mnt/data/datasets/machine-learning-matrices-split/census.csv.32.29.vc.C 
Ans-fold time: 4.7777
==== Integer vector .C compression
Command: /home/louza/mm-repair/sdsl/encode.x /mnt/data/datasets/machine-learning-matrices-split/census.csv.32.30.vc.C 
==== Integer vector .R compression
Command: /home/louza/mm-repair/sdsl/encode.x /mnt/data/datasets/machine-learning-matrices-split/census.csv.32.30.vc.R 
Integer vector compression time: 0.0753
==== Ans-fold compression
Command: /home/louza/mm-repair/ans/encode.x /mnt/data/datasets/machine-learning-matrices-split/census.csv.32.30.vc.C 
Ans-fold time: 4.8121
==== Integer vector .C compression
Command: /home/louza/mm-repair/sdsl/encode.x /mnt/data/datasets/machine-learning-matrices-split/census.csv.32.31.vc.C 
==== Integer vector .R compression
Command: /home/louza/mm-repair/sdsl/encode.x /mnt/data/datasets/machine-learning-matrices-split/census.csv.32.31.vc.R 
Integer vector compression time: 0.0680
==== Ans-fold compression
Command: /home/louza/mm-repair/ans/encode.x /mnt/data/datasets/machine-learning-matrices-split/census.csv.32.31.vc.C 
Ans-fold time: 4.8546
Command: /home/louza/mm-repair/ans/encode.x /mnt/data/datasets/machine-learning-matrices-split/census.csv.wcode 
Elapsed time: 55.1688
==== Compression Report:
 >> matrix name: /mnt/data/datasets/machine-learning-matrices-split/census.csv
 >> conversion time: 37.77
 >> repair time: 3.23
 >> integer vectors time: 0.07
 >> ansf time: 4.85
 >> total time: 55.17
 >> wcode: 1324 bytes
 >> wcode_ans: 178 bytes
 >> matrix log(alpha)xNumEntries size: 125372535 bytes
 >> matrix dense size: 1337307040 bytes
 >> total number of nonzero: 71928503 (43.03%)
 >> number of distinct nonzero: 45
 >> CRSV  size: 297547512 bytes  (22.25%)
 >> RE32  size: 61460556 bytes  (4.60%)
 >> REIV  size: 30731916 bytes  (2.30%)
 >> REANS size: 25522458 bytes  (1.91%)
==== Done

#### 2026-09-07 10:52:51
 Command line: ./mm-repair/matrepair -r -b 32 -p 32 /mnt/data/datasets/machine-learning-matrices-split/census.csv 2458285 68 --split 
Setting memory for each repair instance to 14501 MBs
Sending logging messages to file: /mnt/data/datasets/machine-learning-matrices-split/census.csv.log
==== Conversion bin/csv->csrv
Command: /home/louza/mm-repair/csvmat2csrv -b 32   /mnt/data/datasets/machine-learning-matrices-split/census.csv -r 0  -s 2458285 68
Conversion time: 66.8163
==== Repair paralell compression
---- Executing 32 parallel processes
---- Parallel processing completed
Repair time: 2.2236
==== Integer vector .C compression
Command: /home/louza/mm-repair/sdsl/encode.x /mnt/data/datasets/machine-learning-matrices-split/census.csv.32.0.A.vc.C 
==== Integer vector .R compression
Command: /home/louza/mm-repair/sdsl/encode.x /mnt/data/datasets/machine-learning-matrices-split/census.csv.32.0.A.vc.R 
Integer vector compression time: 0.0454
==== Ans-fold compression
Command: /home/louza/mm-repair/ans/encode.x /mnt/data/datasets/machine-learning-matrices-split/census.csv.32.0.A.vc.C 
Command: /home/louza/mm-repair/ans/encode.x /mnt/data/datasets/machine-learning-matrices-split/census.csv.32.0.B.vc
Ans-fold time: 0.0335
==== Integer vector .C compression
Command: /home/louza/mm-repair/sdsl/encode.x /mnt/data/datasets/machine-learning-matrices-split/census.csv.32.1.A.vc.C 
==== Integer vector .R compression
Command: /home/louza/mm-repair/sdsl/encode.x /mnt/data/datasets/machine-learning-matrices-split/census.csv.32.1.A.vc.R 
Integer vector compression time: 0.0363
==== Ans-fold compression
Command: /home/louza/mm-repair/ans/encode.x /mnt/data/datasets/machine-learning-matrices-split/census.csv.32.1.A.vc.C 
Command: /home/louza/mm-repair/ans/encode.x /mnt/data/datasets/machine-learning-matrices-split/census.csv.32.1.B.vc
Ans-fold time: 0.0666
==== Integer vector .C compression
Command: /home/louza/mm-repair/sdsl/encode.x /mnt/data/datasets/machine-learning-matrices-split/census.csv.32.2.A.vc.C 
==== Integer vector .R compression
Command: /home/louza/mm-repair/sdsl/encode.x /mnt/data/datasets/machine-learning-matrices-split/census.csv.32.2.A.vc.R 
Integer vector compression time: 0.0377
==== Ans-fold compression
Command: /home/louza/mm-repair/ans/encode.x /mnt/data/datasets/machine-learning-matrices-split/census.csv.32.2.A.vc.C 
Command: /home/louza/mm-repair/ans/encode.x /mnt/data/datasets/machine-learning-matrices-split/census.csv.32.2.B.vc
Ans-fold time: 0.0990
==== Integer vector .C compression
Command: /home/louza/mm-repair/sdsl/encode.x /mnt/data/datasets/machine-learning-matrices-split/census.csv.32.3.A.vc.C 
==== Integer vector .R compression
Command: /home/louza/mm-repair/sdsl/encode.x /mnt/data/datasets/machine-learning-matrices-split/census.csv.32.3.A.vc.R 
Integer vector compression time: 0.0398
==== Ans-fold compression
Command: /home/louza/mm-repair/ans/encode.x /mnt/data/datasets/machine-learning-matrices-split/census.csv.32.3.A.vc.C 
Command: /home/louza/mm-repair/ans/encode.x /mnt/data/datasets/machine-learning-matrices-split/census.csv.32.3.B.vc
Ans-fold time: 0.1293
==== Integer vector .C compression
Command: /home/louza/mm-repair/sdsl/encode.x /mnt/data/datasets/machine-learning-matrices-split/census.csv.32.4.A.vc.C 
==== Integer vector .R compression
Command: /home/louza/mm-repair/sdsl/encode.x /mnt/data/datasets/machine-learning-matrices-split/census.csv.32.4.A.vc.R 
Integer vector compression time: 0.0358
==== Ans-fold compression
Command: /home/louza/mm-repair/ans/encode.x /mnt/data/datasets/machine-learning-matrices-split/census.csv.32.4.A.vc.C 
Command: /home/louza/mm-repair/ans/encode.x /mnt/data/datasets/machine-learning-matrices-split/census.csv.32.4.B.vc
Ans-fold time: 0.1610
==== Integer vector .C compression
Command: /home/louza/mm-repair/sdsl/encode.x /mnt/data/datasets/machine-learning-matrices-split/census.csv.32.5.A.vc.C 
==== Integer vector .R compression
Command: /home/louza/mm-repair/sdsl/encode.x /mnt/data/datasets/machine-learning-matrices-split/census.csv.32.5.A.vc.R 
Integer vector compression time: 0.0364
==== Ans-fold compression
Command: /home/louza/mm-repair/ans/encode.x /mnt/data/datasets/machine-learning-matrices-split/census.csv.32.5.A.vc.C 
Command: /home/louza/mm-repair/ans/encode.x /mnt/data/datasets/machine-learning-matrices-split/census.csv.32.5.B.vc
Ans-fold time: 0.1885
==== Integer vector .C compression
Command: /home/louza/mm-repair/sdsl/encode.x /mnt/data/datasets/machine-learning-matrices-split/census.csv.32.6.A.vc.C 
==== Integer vector .R compression
Command: /home/louza/mm-repair/sdsl/encode.x /mnt/data/datasets/machine-learning-matrices-split/census.csv.32.6.A.vc.R 
Integer vector compression time: 0.0371
==== Ans-fold compression
Command: /home/louza/mm-repair/ans/encode.x /mnt/data/datasets/machine-learning-matrices-split/census.csv.32.6.A.vc.C 
Command: /home/louza/mm-repair/ans/encode.x /mnt/data/datasets/machine-learning-matrices-split/census.csv.32.6.B.vc
Ans-fold time: 0.2210
==== Integer vector .C compression
Command: /home/louza/mm-repair/sdsl/encode.x /mnt/data/datasets/machine-learning-matrices-split/census.csv.32.7.A.vc.C 
==== Integer vector .R compression
Command: /home/louza/mm-repair/sdsl/encode.x /mnt/data/datasets/machine-learning-matrices-split/census.csv.32.7.A.vc.R 
Integer vector compression time: 0.0405
==== Ans-fold compression
Command: /home/louza/mm-repair/ans/encode.x /mnt/data/datasets/machine-learning-matrices-split/census.csv.32.7.A.vc.C 
Command: /home/louza/mm-repair/ans/encode.x /mnt/data/datasets/machine-learning-matrices-split/census.csv.32.7.B.vc
Ans-fold time: 0.2517
==== Integer vector .C compression
Command: /home/louza/mm-repair/sdsl/encode.x /mnt/data/datasets/machine-learning-matrices-split/census.csv.32.8.A.vc.C 
==== Integer vector .R compression
Command: /home/louza/mm-repair/sdsl/encode.x /mnt/data/datasets/machine-learning-matrices-split/census.csv.32.8.A.vc.R 
Integer vector compression time: 0.0389
==== Ans-fold compression
Command: /home/louza/mm-repair/ans/encode.x /mnt/data/datasets/machine-learning-matrices-split/census.csv.32.8.A.vc.C 
Command: /home/louza/mm-repair/ans/encode.x /mnt/data/datasets/machine-learning-matrices-split/census.csv.32.8.B.vc
Ans-fold time: 0.2839
==== Integer vector .C compression
Command: /home/louza/mm-repair/sdsl/encode.x /mnt/data/datasets/machine-learning-matrices-split/census.csv.32.9.A.vc.C 
==== Integer vector .R compression
Command: /home/louza/mm-repair/sdsl/encode.x /mnt/data/datasets/machine-learning-matrices-split/census.csv.32.9.A.vc.R 
Integer vector compression time: 0.0425
==== Ans-fold compression
Command: /home/louza/mm-repair/ans/encode.x /mnt/data/datasets/machine-learning-matrices-split/census.csv.32.9.A.vc.C 
Command: /home/louza/mm-repair/ans/encode.x /mnt/data/datasets/machine-learning-matrices-split/census.csv.32.9.B.vc
Ans-fold time: 0.3235
==== Integer vector .C compression
Command: /home/louza/mm-repair/sdsl/encode.x /mnt/data/datasets/machine-learning-matrices-split/census.csv.32.10.A.vc.C 
==== Integer vector .R compression
Command: /home/louza/mm-repair/sdsl/encode.x /mnt/data/datasets/machine-learning-matrices-split/census.csv.32.10.A.vc.R 
Integer vector compression time: 0.0395
==== Ans-fold compression
Command: /home/louza/mm-repair/ans/encode.x /mnt/data/datasets/machine-learning-matrices-split/census.csv.32.10.A.vc.C 
Command: /home/louza/mm-repair/ans/encode.x /mnt/data/datasets/machine-learning-matrices-split/census.csv.32.10.B.vc
Ans-fold time: 0.3518
==== Integer vector .C compression
Command: /home/louza/mm-repair/sdsl/encode.x /mnt/data/datasets/machine-learning-matrices-split/census.csv.32.11.A.vc.C 
==== Integer vector .R compression
Command: /home/louza/mm-repair/sdsl/encode.x /mnt/data/datasets/machine-learning-matrices-split/census.csv.32.11.A.vc.R 
Integer vector compression time: 0.0392
==== Ans-fold compression
Command: /home/louza/mm-repair/ans/encode.x /mnt/data/datasets/machine-learning-matrices-split/census.csv.32.11.A.vc.C 
Command: /home/louza/mm-repair/ans/encode.x /mnt/data/datasets/machine-learning-matrices-split/census.csv.32.11.B.vc
Ans-fold time: 0.3835
==== Integer vector .C compression
Command: /home/louza/mm-repair/sdsl/encode.x /mnt/data/datasets/machine-learning-matrices-split/census.csv.32.12.A.vc.C 
==== Integer vector .R compression
Command: /home/louza/mm-repair/sdsl/encode.x /mnt/data/datasets/machine-learning-matrices-split/census.csv.32.12.A.vc.R 
Integer vector compression time: 0.0399
==== Ans-fold compression
Command: /home/louza/mm-repair/ans/encode.x /mnt/data/datasets/machine-learning-matrices-split/census.csv.32.12.A.vc.C 
Command: /home/louza/mm-repair/ans/encode.x /mnt/data/datasets/machine-learning-matrices-split/census.csv.32.12.B.vc
Ans-fold time: 0.4123
==== Integer vector .C compression
Command: /home/louza/mm-repair/sdsl/encode.x /mnt/data/datasets/machine-learning-matrices-split/census.csv.32.13.A.vc.C 
==== Integer vector .R compression
Command: /home/louza/mm-repair/sdsl/encode.x /mnt/data/datasets/machine-learning-matrices-split/census.csv.32.13.A.vc.R 
Integer vector compression time: 0.0366
==== Ans-fold compression
Command: /home/louza/mm-repair/ans/encode.x /mnt/data/datasets/machine-learning-matrices-split/census.csv.32.13.A.vc.C 
Command: /home/louza/mm-repair/ans/encode.x /mnt/data/datasets/machine-learning-matrices-split/census.csv.32.13.B.vc
Ans-fold time: 0.4451
==== Integer vector .C compression
Command: /home/louza/mm-repair/sdsl/encode.x /mnt/data/datasets/machine-learning-matrices-split/census.csv.32.14.A.vc.C 
==== Integer vector .R compression
Command: /home/louza/mm-repair/sdsl/encode.x /mnt/data/datasets/machine-learning-matrices-split/census.csv.32.14.A.vc.R 
Integer vector compression time: 0.0403
==== Ans-fold compression
Command: /home/louza/mm-repair/ans/encode.x /mnt/data/datasets/machine-learning-matrices-split/census.csv.32.14.A.vc.C 
Command: /home/louza/mm-repair/ans/encode.x /mnt/data/datasets/machine-learning-matrices-split/census.csv.32.14.B.vc
Ans-fold time: 0.4765
==== Integer vector .C compression
Command: /home/louza/mm-repair/sdsl/encode.x /mnt/data/datasets/machine-learning-matrices-split/census.csv.32.15.A.vc.C 
==== Integer vector .R compression
Command: /home/louza/mm-repair/sdsl/encode.x /mnt/data/datasets/machine-learning-matrices-split/census.csv.32.15.A.vc.R 
Integer vector compression time: 0.0409
==== Ans-fold compression
Command: /home/louza/mm-repair/ans/encode.x /mnt/data/datasets/machine-learning-matrices-split/census.csv.32.15.A.vc.C 
Command: /home/louza/mm-repair/ans/encode.x /mnt/data/datasets/machine-learning-matrices-split/census.csv.32.15.B.vc
Ans-fold time: 0.5063
==== Integer vector .C compression
Command: /home/louza/mm-repair/sdsl/encode.x /mnt/data/datasets/machine-learning-matrices-split/census.csv.32.16.A.vc.C 
==== Integer vector .R compression
Command: /home/louza/mm-repair/sdsl/encode.x /mnt/data/datasets/machine-learning-matrices-split/census.csv.32.16.A.vc.R 
Integer vector compression time: 0.0404
==== Ans-fold compression
Command: /home/louza/mm-repair/ans/encode.x /mnt/data/datasets/machine-learning-matrices-split/census.csv.32.16.A.vc.C 
Command: /home/louza/mm-repair/ans/encode.x /mnt/data/datasets/machine-learning-matrices-split/census.csv.32.16.B.vc
Ans-fold time: 0.5372
==== Integer vector .C compression
Command: /home/louza/mm-repair/sdsl/encode.x /mnt/data/datasets/machine-learning-matrices-split/census.csv.32.17.A.vc.C 
==== Integer vector .R compression
Command: /home/louza/mm-repair/sdsl/encode.x /mnt/data/datasets/machine-learning-matrices-split/census.csv.32.17.A.vc.R 
Integer vector compression time: 0.0414
==== Ans-fold compression
Command: /home/louza/mm-repair/ans/encode.x /mnt/data/datasets/machine-learning-matrices-split/census.csv.32.17.A.vc.C 
Command: /home/louza/mm-repair/ans/encode.x /mnt/data/datasets/machine-learning-matrices-split/census.csv.32.17.B.vc
Ans-fold time: 0.5676
==== Integer vector .C compression
Command: /home/louza/mm-repair/sdsl/encode.x /mnt/data/datasets/machine-learning-matrices-split/census.csv.32.18.A.vc.C 
==== Integer vector .R compression
Command: /home/louza/mm-repair/sdsl/encode.x /mnt/data/datasets/machine-learning-matrices-split/census.csv.32.18.A.vc.R 
Integer vector compression time: 0.0398
==== Ans-fold compression
Command: /home/louza/mm-repair/ans/encode.x /mnt/data/datasets/machine-learning-matrices-split/census.csv.32.18.A.vc.C 
Command: /home/louza/mm-repair/ans/encode.x /mnt/data/datasets/machine-learning-matrices-split/census.csv.32.18.B.vc
Ans-fold time: 0.5999
==== Integer vector .C compression
Command: /home/louza/mm-repair/sdsl/encode.x /mnt/data/datasets/machine-learning-matrices-split/census.csv.32.19.A.vc.C 
==== Integer vector .R compression
Command: /home/louza/mm-repair/sdsl/encode.x /mnt/data/datasets/machine-learning-matrices-split/census.csv.32.19.A.vc.R 
Integer vector compression time: 0.0409
==== Ans-fold compression
Command: /home/louza/mm-repair/ans/encode.x /mnt/data/datasets/machine-learning-matrices-split/census.csv.32.19.A.vc.C 
Command: /home/louza/mm-repair/ans/encode.x /mnt/data/datasets/machine-learning-matrices-split/census.csv.32.19.B.vc
Ans-fold time: 0.6308
==== Integer vector .C compression
Command: /home/louza/mm-repair/sdsl/encode.x /mnt/data/datasets/machine-learning-matrices-split/census.csv.32.20.A.vc.C 
==== Integer vector .R compression
Command: /home/louza/mm-repair/sdsl/encode.x /mnt/data/datasets/machine-learning-matrices-split/census.csv.32.20.A.vc.R 
Integer vector compression time: 0.0397
==== Ans-fold compression
Command: /home/louza/mm-repair/ans/encode.x /mnt/data/datasets/machine-learning-matrices-split/census.csv.32.20.A.vc.C 
Command: /home/louza/mm-repair/ans/encode.x /mnt/data/datasets/machine-learning-matrices-split/census.csv.32.20.B.vc
Ans-fold time: 0.6616
==== Integer vector .C compression
Command: /home/louza/mm-repair/sdsl/encode.x /mnt/data/datasets/machine-learning-matrices-split/census.csv.32.21.A.vc.C 
==== Integer vector .R compression
Command: /home/louza/mm-repair/sdsl/encode.x /mnt/data/datasets/machine-learning-matrices-split/census.csv.32.21.A.vc.R 
Integer vector compression time: 0.0369
==== Ans-fold compression
Command: /home/louza/mm-repair/ans/encode.x /mnt/data/datasets/machine-learning-matrices-split/census.csv.32.21.A.vc.C 
Command: /home/louza/mm-repair/ans/encode.x /mnt/data/datasets/machine-learning-matrices-split/census.csv.32.21.B.vc
Ans-fold time: 0.6907
==== Integer vector .C compression
Command: /home/louza/mm-repair/sdsl/encode.x /mnt/data/datasets/machine-learning-matrices-split/census.csv.32.22.A.vc.C 
==== Integer vector .R compression
Command: /home/louza/mm-repair/sdsl/encode.x /mnt/data/datasets/machine-learning-matrices-split/census.csv.32.22.A.vc.R 
Integer vector compression time: 0.0365
==== Ans-fold compression
Command: /home/louza/mm-repair/ans/encode.x /mnt/data/datasets/machine-learning-matrices-split/census.csv.32.22.A.vc.C 
Command: /home/louza/mm-repair/ans/encode.x /mnt/data/datasets/machine-learning-matrices-split/census.csv.32.22.B.vc
Ans-fold time: 0.7244
==== Integer vector .C compression
Command: /home/louza/mm-repair/sdsl/encode.x /mnt/data/datasets/machine-learning-matrices-split/census.csv.32.23.A.vc.C 
==== Integer vector .R compression
Command: /home/louza/mm-repair/sdsl/encode.x /mnt/data/datasets/machine-learning-matrices-split/census.csv.32.23.A.vc.R 
Integer vector compression time: 0.0395
==== Ans-fold compression
Command: /home/louza/mm-repair/ans/encode.x /mnt/data/datasets/machine-learning-matrices-split/census.csv.32.23.A.vc.C 
Command: /home/louza/mm-repair/ans/encode.x /mnt/data/datasets/machine-learning-matrices-split/census.csv.32.23.B.vc
Ans-fold time: 0.7520
==== Integer vector .C compression
Command: /home/louza/mm-repair/sdsl/encode.x /mnt/data/datasets/machine-learning-matrices-split/census.csv.32.24.A.vc.C 
==== Integer vector .R compression
Command: /home/louza/mm-repair/sdsl/encode.x /mnt/data/datasets/machine-learning-matrices-split/census.csv.32.24.A.vc.R 
Integer vector compression time: 0.0366
==== Ans-fold compression
Command: /home/louza/mm-repair/ans/encode.x /mnt/data/datasets/machine-learning-matrices-split/census.csv.32.24.A.vc.C 
Command: /home/louza/mm-repair/ans/encode.x /mnt/data/datasets/machine-learning-matrices-split/census.csv.32.24.B.vc
Ans-fold time: 0.7807
==== Integer vector .C compression
Command: /home/louza/mm-repair/sdsl/encode.x /mnt/data/datasets/machine-learning-matrices-split/census.csv.32.25.A.vc.C 
==== Integer vector .R compression
Command: /home/louza/mm-repair/sdsl/encode.x /mnt/data/datasets/machine-learning-matrices-split/census.csv.32.25.A.vc.R 
Integer vector compression time: 0.0399
==== Ans-fold compression
Command: /home/louza/mm-repair/ans/encode.x /mnt/data/datasets/machine-learning-matrices-split/census.csv.32.25.A.vc.C 
Command: /home/louza/mm-repair/ans/encode.x /mnt/data/datasets/machine-learning-matrices-split/census.csv.32.25.B.vc
Ans-fold time: 0.8136
==== Integer vector .C compression
Command: /home/louza/mm-repair/sdsl/encode.x /mnt/data/datasets/machine-learning-matrices-split/census.csv.32.26.A.vc.C 
==== Integer vector .R compression
Command: /home/louza/mm-repair/sdsl/encode.x /mnt/data/datasets/machine-learning-matrices-split/census.csv.32.26.A.vc.R 
Integer vector compression time: 0.0412
==== Ans-fold compression
Command: /home/louza/mm-repair/ans/encode.x /mnt/data/datasets/machine-learning-matrices-split/census.csv.32.26.A.vc.C 
Command: /home/louza/mm-repair/ans/encode.x /mnt/data/datasets/machine-learning-matrices-split/census.csv.32.26.B.vc
Ans-fold time: 0.8444
==== Integer vector .C compression
Command: /home/louza/mm-repair/sdsl/encode.x /mnt/data/datasets/machine-learning-matrices-split/census.csv.32.27.A.vc.C 
==== Integer vector .R compression
Command: /home/louza/mm-repair/sdsl/encode.x /mnt/data/datasets/machine-learning-matrices-split/census.csv.32.27.A.vc.R 
Integer vector compression time: 0.0360
==== Ans-fold compression
Command: /home/louza/mm-repair/ans/encode.x /mnt/data/datasets/machine-learning-matrices-split/census.csv.32.27.A.vc.C 
Command: /home/louza/mm-repair/ans/encode.x /mnt/data/datasets/machine-learning-matrices-split/census.csv.32.27.B.vc
Ans-fold time: 0.8745
==== Integer vector .C compression
Command: /home/louza/mm-repair/sdsl/encode.x /mnt/data/datasets/machine-learning-matrices-split/census.csv.32.28.A.vc.C 
==== Integer vector .R compression
Command: /home/louza/mm-repair/sdsl/encode.x /mnt/data/datasets/machine-learning-matrices-split/census.csv.32.28.A.vc.R 
Integer vector compression time: 0.0343
==== Ans-fold compression
Command: /home/louza/mm-repair/ans/encode.x /mnt/data/datasets/machine-learning-matrices-split/census.csv.32.28.A.vc.C 
Command: /home/louza/mm-repair/ans/encode.x /mnt/data/datasets/machine-learning-matrices-split/census.csv.32.28.B.vc
Ans-fold time: 0.9018
==== Integer vector .C compression
Command: /home/louza/mm-repair/sdsl/encode.x /mnt/data/datasets/machine-learning-matrices-split/census.csv.32.29.A.vc.C 
==== Integer vector .R compression
Command: /home/louza/mm-repair/sdsl/encode.x /mnt/data/datasets/machine-learning-matrices-split/census.csv.32.29.A.vc.R 
Integer vector compression time: 0.0365
==== Ans-fold compression
Command: /home/louza/mm-repair/ans/encode.x /mnt/data/datasets/machine-learning-matrices-split/census.csv.32.29.A.vc.C 
Command: /home/louza/mm-repair/ans/encode.x /mnt/data/datasets/machine-learning-matrices-split/census.csv.32.29.B.vc
Ans-fold time: 0.9311
==== Integer vector .C compression
Command: /home/louza/mm-repair/sdsl/encode.x /mnt/data/datasets/machine-learning-matrices-split/census.csv.32.30.A.vc.C 
==== Integer vector .R compression
Command: /home/louza/mm-repair/sdsl/encode.x /mnt/data/datasets/machine-learning-matrices-split/census.csv.32.30.A.vc.R 
Integer vector compression time: 0.0424
==== Ans-fold compression
Command: /home/louza/mm-repair/ans/encode.x /mnt/data/datasets/machine-learning-matrices-split/census.csv.32.30.A.vc.C 
Command: /home/louza/mm-repair/ans/encode.x /mnt/data/datasets/machine-learning-matrices-split/census.csv.32.30.B.vc
Ans-fold time: 0.9607
==== Integer vector .C compression
Command: /home/louza/mm-repair/sdsl/encode.x /mnt/data/datasets/machine-learning-matrices-split/census.csv.32.31.A.vc.C 
==== Integer vector .R compression
Command: /home/louza/mm-repair/sdsl/encode.x /mnt/data/datasets/machine-learning-matrices-split/census.csv.32.31.A.vc.R 
Integer vector compression time: 0.0422
==== Ans-fold compression
Command: /home/louza/mm-repair/ans/encode.x /mnt/data/datasets/machine-learning-matrices-split/census.csv.32.31.A.vc.C 
Command: /home/louza/mm-repair/ans/encode.x /mnt/data/datasets/machine-learning-matrices-split/census.csv.32.31.B.vc
Ans-fold time: 0.9931
Elapsed time: 71.2856
==== Compression Report:
 >> matrix name: /mnt/data/datasets/machine-learning-matrices-split/census.csv
 >> conversion time: 66.82
 >> repair time: 2.22
 >> integer vectors time: 0.04
 >> ansf time: 0.99
 >> total time: 71.29
 >> matrix log(alpha)xNumEntries size: 125372535 bytes
 >> matrix dense size: 1337307040 bytes
 >> total number of nonzero: 71925670 (43.03%)
 >> number of distinct nonzero: 45
 >> CRSV  size: 297536180 bytes  (22.25%)
 >> B	  size: 9844472 bytes  (0.74%)
 >> B_ans size: 9641 bytes  (0.00%)
 >> RE32  size: 61455113 bytes  (4.60%)
 >> REIV  size: 30733361 bytes  (2.30%)
 >> REANS size: 25580439 bytes  (1.91%)
==== Done

#### 2026-09-07 10:54:02
 Command line: ./mm-repair/matrepair -r -b 32 -p 32 /mnt/data/datasets/machine-learning-matrices-split/census.csv 2458285 68 --ole --mapping 
Setting memory for each repair instance to 14501 MBs
Sending logging messages to file: /mnt/data/datasets/machine-learning-matrices-split/census.csv.log
==== Conversion bin/csv->csrv
Command: /home/louza/mm-repair/csvmat2csrv -b 32   /mnt/data/datasets/machine-learning-matrices-split/census.csv -r 0 -m  2458285 68
Conversion time: 41.4578
==== Repair paralell compression
---- Executing 32 parallel processes
---- Parallel processing completed
Repair time: 2.7787
==== Integer vector .C compression
Command: /home/louza/mm-repair/sdsl/encode.x /mnt/data/datasets/machine-learning-matrices-split/census.csv.32.0.vc.C 
==== Integer vector .R compression
Command: /home/louza/mm-repair/sdsl/encode.x /mnt/data/datasets/machine-learning-matrices-split/census.csv.32.0.vc.R 
Integer vector compression time: 0.1519
==== OLE
Command: /home/louza/mm-repair/ole/encode.x /mnt/data/datasets/machine-learning-matrices-split/census.csv.32.0.vc.C 
OLE time: 0.1035
==== Ans-fold compression
Command: /home/louza/mm-repair/ans/encode.x /mnt/data/datasets/machine-learning-matrices-split/census.csv.32.0.vc.C 
Ans-fold time: 0.2824
==== Integer vector .C compression
Command: /home/louza/mm-repair/sdsl/encode.x /mnt/data/datasets/machine-learning-matrices-split/census.csv.32.1.vc.C 
==== Integer vector .R compression
Command: /home/louza/mm-repair/sdsl/encode.x /mnt/data/datasets/machine-learning-matrices-split/census.csv.32.1.vc.R 
Integer vector compression time: 0.1936
==== OLE
Command: /home/louza/mm-repair/ole/encode.x /mnt/data/datasets/machine-learning-matrices-split/census.csv.32.1.vc.C 
OLE time: 0.1732
==== Ans-fold compression
Command: /home/louza/mm-repair/ans/encode.x /mnt/data/datasets/machine-learning-matrices-split/census.csv.32.1.vc.C 
Ans-fold time: 0.3921
==== Integer vector .C compression
Command: /home/louza/mm-repair/sdsl/encode.x /mnt/data/datasets/machine-learning-matrices-split/census.csv.32.2.vc.C 
==== Integer vector .R compression
Command: /home/louza/mm-repair/sdsl/encode.x /mnt/data/datasets/machine-learning-matrices-split/census.csv.32.2.vc.R 
Integer vector compression time: 0.0709
==== OLE
Command: /home/louza/mm-repair/ole/encode.x /mnt/data/datasets/machine-learning-matrices-split/census.csv.32.2.vc.C 
OLE time: 0.0782
==== Ans-fold compression
Command: /home/louza/mm-repair/ans/encode.x /mnt/data/datasets/machine-learning-matrices-split/census.csv.32.2.vc.C 
Ans-fold time: 0.5710
==== Integer vector .C compression
Command: /home/louza/mm-repair/sdsl/encode.x /mnt/data/datasets/machine-learning-matrices-split/census.csv.32.3.vc.C 
==== Integer vector .R compression
Command: /home/louza/mm-repair/sdsl/encode.x /mnt/data/datasets/machine-learning-matrices-split/census.csv.32.3.vc.R 
Integer vector compression time: 0.2032
==== OLE
Command: /home/louza/mm-repair/ole/encode.x /mnt/data/datasets/machine-learning-matrices-split/census.csv.32.3.vc.C 
OLE time: 0.0957
==== Ans-fold compression
Command: /home/louza/mm-repair/ans/encode.x /mnt/data/datasets/machine-learning-matrices-split/census.csv.32.3.vc.C 
Ans-fold time: 0.6319
==== Integer vector .C compression
Command: /home/louza/mm-repair/sdsl/encode.x /mnt/data/datasets/machine-learning-matrices-split/census.csv.32.4.vc.C 
==== Integer vector .R compression
Command: /home/louza/mm-repair/sdsl/encode.x /mnt/data/datasets/machine-learning-matrices-split/census.csv.32.4.vc.R 
Integer vector compression time: 0.1069
==== OLE
Command: /home/louza/mm-repair/ole/encode.x /mnt/data/datasets/machine-learning-matrices-split/census.csv.32.4.vc.C 
OLE time: 0.0975
==== Ans-fold compression
Command: /home/louza/mm-repair/ans/encode.x /mnt/data/datasets/machine-learning-matrices-split/census.csv.32.4.vc.C 
Ans-fold time: 0.7676
==== Integer vector .C compression
Command: /home/louza/mm-repair/sdsl/encode.x /mnt/data/datasets/machine-learning-matrices-split/census.csv.32.5.vc.C 
==== Integer vector .R compression
Command: /home/louza/mm-repair/sdsl/encode.x /mnt/data/datasets/machine-learning-matrices-split/census.csv.32.5.vc.R 
Integer vector compression time: 0.2354
==== OLE
Command: /home/louza/mm-repair/ole/encode.x /mnt/data/datasets/machine-learning-matrices-split/census.csv.32.5.vc.C 
OLE time: 0.3513
==== Ans-fold compression
Command: /home/louza/mm-repair/ans/encode.x /mnt/data/datasets/machine-learning-matrices-split/census.csv.32.5.vc.C 
Ans-fold time: 0.8754
==== Integer vector .C compression
Command: /home/louza/mm-repair/sdsl/encode.x /mnt/data/datasets/machine-learning-matrices-split/census.csv.32.6.vc.C 
==== Integer vector .R compression
Command: /home/louza/mm-repair/sdsl/encode.x /mnt/data/datasets/machine-learning-matrices-split/census.csv.32.6.vc.R 
Integer vector compression time: 0.1444
==== OLE
Command: /home/louza/mm-repair/ole/encode.x /mnt/data/datasets/machine-learning-matrices-split/census.csv.32.6.vc.C 
OLE time: 0.0533
==== Ans-fold compression
Command: /home/louza/mm-repair/ans/encode.x /mnt/data/datasets/machine-learning-matrices-split/census.csv.32.6.vc.C 
Ans-fold time: 0.9352
==== Integer vector .C compression
Command: /home/louza/mm-repair/sdsl/encode.x /mnt/data/datasets/machine-learning-matrices-split/census.csv.32.7.vc.C 
==== Integer vector .R compression
Command: /home/louza/mm-repair/sdsl/encode.x /mnt/data/datasets/machine-learning-matrices-split/census.csv.32.7.vc.R 
Integer vector compression time: 0.2729
==== OLE
Command: /home/louza/mm-repair/ole/encode.x /mnt/data/datasets/machine-learning-matrices-split/census.csv.32.7.vc.C 
OLE time: 0.1861
==== Ans-fold compression
Command: /home/louza/mm-repair/ans/encode.x /mnt/data/datasets/machine-learning-matrices-split/census.csv.32.7.vc.C 
Ans-fold time: 0.9703
==== Integer vector .C compression
Command: /home/louza/mm-repair/sdsl/encode.x /mnt/data/datasets/machine-learning-matrices-split/census.csv.32.8.vc.C 
==== Integer vector .R compression
Command: /home/louza/mm-repair/sdsl/encode.x /mnt/data/datasets/machine-learning-matrices-split/census.csv.32.8.vc.R 
Integer vector compression time: 0.1016
==== OLE
Command: /home/louza/mm-repair/ole/encode.x /mnt/data/datasets/machine-learning-matrices-split/census.csv.32.8.vc.C 
OLE time: 0.0419
==== Ans-fold compression
Command: /home/louza/mm-repair/ans/encode.x /mnt/data/datasets/machine-learning-matrices-split/census.csv.32.8.vc.C 
Ans-fold time: 1.0225
==== Integer vector .C compression
Command: /home/louza/mm-repair/sdsl/encode.x /mnt/data/datasets/machine-learning-matrices-split/census.csv.32.9.vc.C 
==== Integer vector .R compression
Command: /home/louza/mm-repair/sdsl/encode.x /mnt/data/datasets/machine-learning-matrices-split/census.csv.32.9.vc.R 
Integer vector compression time: 0.1399
==== OLE
Command: /home/louza/mm-repair/ole/encode.x /mnt/data/datasets/machine-learning-matrices-split/census.csv.32.9.vc.C 
OLE time: 0.4375
==== Ans-fold compression
Command: /home/louza/mm-repair/ans/encode.x /mnt/data/datasets/machine-learning-matrices-split/census.csv.32.9.vc.C 
Ans-fold time: 1.0928
==== Integer vector .C compression
Command: /home/louza/mm-repair/sdsl/encode.x /mnt/data/datasets/machine-learning-matrices-split/census.csv.32.10.vc.C 
==== Integer vector .R compression
Command: /home/louza/mm-repair/sdsl/encode.x /mnt/data/datasets/machine-learning-matrices-split/census.csv.32.10.vc.R 
Integer vector compression time: 0.1947
==== OLE
Command: /home/louza/mm-repair/ole/encode.x /mnt/data/datasets/machine-learning-matrices-split/census.csv.32.10.vc.C 
OLE time: 0.0808
==== Ans-fold compression
Command: /home/louza/mm-repair/ans/encode.x /mnt/data/datasets/machine-learning-matrices-split/census.csv.32.10.vc.C 
Ans-fold time: 1.1329
==== Integer vector .C compression
Command: /home/louza/mm-repair/sdsl/encode.x /mnt/data/datasets/machine-learning-matrices-split/census.csv.32.11.vc.C 
==== Integer vector .R compression
Command: /home/louza/mm-repair/sdsl/encode.x /mnt/data/datasets/machine-learning-matrices-split/census.csv.32.11.vc.R 
Integer vector compression time: 0.5544
==== OLE
Command: /home/louza/mm-repair/ole/encode.x /mnt/data/datasets/machine-learning-matrices-split/census.csv.32.11.vc.C 
OLE time: 0.2008
==== Ans-fold compression
Command: /home/louza/mm-repair/ans/encode.x /mnt/data/datasets/machine-learning-matrices-split/census.csv.32.11.vc.C 
Ans-fold time: 1.7966
==== Integer vector .C compression
Command: /home/louza/mm-repair/sdsl/encode.x /mnt/data/datasets/machine-learning-matrices-split/census.csv.32.12.vc.C 
==== Integer vector .R compression
Command: /home/louza/mm-repair/sdsl/encode.x /mnt/data/datasets/machine-learning-matrices-split/census.csv.32.12.vc.R 
Integer vector compression time: 0.3933
==== OLE
Command: /home/louza/mm-repair/ole/encode.x /mnt/data/datasets/machine-learning-matrices-split/census.csv.32.12.vc.C 
OLE time: 0.1787
==== Ans-fold compression
Command: /home/louza/mm-repair/ans/encode.x /mnt/data/datasets/machine-learning-matrices-split/census.csv.32.12.vc.C 
Ans-fold time: 1.9009
==== Integer vector .C compression
Command: /home/louza/mm-repair/sdsl/encode.x /mnt/data/datasets/machine-learning-matrices-split/census.csv.32.13.vc.C 
==== Integer vector .R compression
Command: /home/louza/mm-repair/sdsl/encode.x /mnt/data/datasets/machine-learning-matrices-split/census.csv.32.13.vc.R 
Integer vector compression time: 0.3483
==== OLE
Command: /home/louza/mm-repair/ole/encode.x /mnt/data/datasets/machine-learning-matrices-split/census.csv.32.13.vc.C 
OLE time: 0.2467
==== Ans-fold compression
Command: /home/louza/mm-repair/ans/encode.x /mnt/data/datasets/machine-learning-matrices-split/census.csv.32.13.vc.C 
Ans-fold time: 2.0428
==== Integer vector .C compression
Command: /home/louza/mm-repair/sdsl/encode.x /mnt/data/datasets/machine-learning-matrices-split/census.csv.32.14.vc.C 
==== Integer vector .R compression
Command: /home/louza/mm-repair/sdsl/encode.x /mnt/data/datasets/machine-learning-matrices-split/census.csv.32.14.vc.R 
Integer vector compression time: 0.1677
==== OLE
Command: /home/louza/mm-repair/ole/encode.x /mnt/data/datasets/machine-learning-matrices-split/census.csv.32.14.vc.C 
OLE time: 0.0593
==== Ans-fold compression
Command: /home/louza/mm-repair/ans/encode.x /mnt/data/datasets/machine-learning-matrices-split/census.csv.32.14.vc.C 
Ans-fold time: 2.1128
==== Integer vector .C compression
Command: /home/louza/mm-repair/sdsl/encode.x /mnt/data/datasets/machine-learning-matrices-split/census.csv.32.15.vc.C 
==== Integer vector .R compression
Command: /home/louza/mm-repair/sdsl/encode.x /mnt/data/datasets/machine-learning-matrices-split/census.csv.32.15.vc.R 
Integer vector compression time: 0.1239
==== OLE
Command: /home/louza/mm-repair/ole/encode.x /mnt/data/datasets/machine-learning-matrices-split/census.csv.32.15.vc.C 
OLE time: 0.0763
==== Ans-fold compression
Command: /home/louza/mm-repair/ans/encode.x /mnt/data/datasets/machine-learning-matrices-split/census.csv.32.15.vc.C 
Ans-fold time: 2.3793
==== Integer vector .C compression
Command: /home/louza/mm-repair/sdsl/encode.x /mnt/data/datasets/machine-learning-matrices-split/census.csv.32.16.vc.C 
==== Integer vector .R compression
Command: /home/louza/mm-repair/sdsl/encode.x /mnt/data/datasets/machine-learning-matrices-split/census.csv.32.16.vc.R 
Integer vector compression time: 0.2495
==== OLE
Command: /home/louza/mm-repair/ole/encode.x /mnt/data/datasets/machine-learning-matrices-split/census.csv.32.16.vc.C 
OLE time: 0.0587
==== Ans-fold compression
Command: /home/louza/mm-repair/ans/encode.x /mnt/data/datasets/machine-learning-matrices-split/census.csv.32.16.vc.C 
Ans-fold time: 2.4534
==== Integer vector .C compression
Command: /home/louza/mm-repair/sdsl/encode.x /mnt/data/datasets/machine-learning-matrices-split/census.csv.32.17.vc.C 
==== Integer vector .R compression
Command: /home/louza/mm-repair/sdsl/encode.x /mnt/data/datasets/machine-learning-matrices-split/census.csv.32.17.vc.R 
Integer vector compression time: 0.1260
==== OLE
Command: /home/louza/mm-repair/ole/encode.x /mnt/data/datasets/machine-learning-matrices-split/census.csv.32.17.vc.C 
OLE time: 0.1188
==== Ans-fold compression
Command: /home/louza/mm-repair/ans/encode.x /mnt/data/datasets/machine-learning-matrices-split/census.csv.32.17.vc.C 
Ans-fold time: 2.8747
==== Integer vector .C compression
Command: /home/louza/mm-repair/sdsl/encode.x /mnt/data/datasets/machine-learning-matrices-split/census.csv.32.18.vc.C 
==== Integer vector .R compression
Command: /home/louza/mm-repair/sdsl/encode.x /mnt/data/datasets/machine-learning-matrices-split/census.csv.32.18.vc.R 
Integer vector compression time: 0.5185
==== OLE
Command: /home/louza/mm-repair/ole/encode.x /mnt/data/datasets/machine-learning-matrices-split/census.csv.32.18.vc.C 
OLE time: 0.2295
==== Ans-fold compression
Command: /home/louza/mm-repair/ans/encode.x /mnt/data/datasets/machine-learning-matrices-split/census.csv.32.18.vc.C 
Ans-fold time: 2.9288
==== Integer vector .C compression
Command: /home/louza/mm-repair/sdsl/encode.x /mnt/data/datasets/machine-learning-matrices-split/census.csv.32.19.vc.C 
==== Integer vector .R compression
Command: /home/louza/mm-repair/sdsl/encode.x /mnt/data/datasets/machine-learning-matrices-split/census.csv.32.19.vc.R 
Integer vector compression time: 0.1733
==== OLE
Command: /home/louza/mm-repair/ole/encode.x /mnt/data/datasets/machine-learning-matrices-split/census.csv.32.19.vc.C 
OLE time: 0.0675
==== Ans-fold compression
Command: /home/louza/mm-repair/ans/encode.x /mnt/data/datasets/machine-learning-matrices-split/census.csv.32.19.vc.C 
Ans-fold time: 2.9701
==== Integer vector .C compression
Command: /home/louza/mm-repair/sdsl/encode.x /mnt/data/datasets/machine-learning-matrices-split/census.csv.32.20.vc.C 
==== Integer vector .R compression
Command: /home/louza/mm-repair/sdsl/encode.x /mnt/data/datasets/machine-learning-matrices-split/census.csv.32.20.vc.R 
Integer vector compression time: 0.1059
==== OLE
Command: /home/louza/mm-repair/ole/encode.x /mnt/data/datasets/machine-learning-matrices-split/census.csv.32.20.vc.C 
OLE time: 0.0717
==== Ans-fold compression
Command: /home/louza/mm-repair/ans/encode.x /mnt/data/datasets/machine-learning-matrices-split/census.csv.32.20.vc.C 
Ans-fold time: 3.0541
==== Integer vector .C compression
Command: /home/louza/mm-repair/sdsl/encode.x /mnt/data/datasets/machine-learning-matrices-split/census.csv.32.21.vc.C 
==== Integer vector .R compression
Command: /home/louza/mm-repair/sdsl/encode.x /mnt/data/datasets/machine-learning-matrices-split/census.csv.32.21.vc.R 
Integer vector compression time: 0.0912
==== OLE
Command: /home/louza/mm-repair/ole/encode.x /mnt/data/datasets/machine-learning-matrices-split/census.csv.32.21.vc.C 
OLE time: 0.0994
==== Ans-fold compression
Command: /home/louza/mm-repair/ans/encode.x /mnt/data/datasets/machine-learning-matrices-split/census.csv.32.21.vc.C 
Ans-fold time: 3.1062
==== Integer vector .C compression
Command: /home/louza/mm-repair/sdsl/encode.x /mnt/data/datasets/machine-learning-matrices-split/census.csv.32.22.vc.C 
==== Integer vector .R compression
Command: /home/louza/mm-repair/sdsl/encode.x /mnt/data/datasets/machine-learning-matrices-split/census.csv.32.22.vc.R 
Integer vector compression time: 0.4642
==== OLE
Command: /home/louza/mm-repair/ole/encode.x /mnt/data/datasets/machine-learning-matrices-split/census.csv.32.22.vc.C 
OLE time: 0.2879
==== Ans-fold compression
Command: /home/louza/mm-repair/ans/encode.x /mnt/data/datasets/machine-learning-matrices-split/census.csv.32.22.vc.C 
Ans-fold time: 3.4999
==== Integer vector .C compression
Command: /home/louza/mm-repair/sdsl/encode.x /mnt/data/datasets/machine-learning-matrices-split/census.csv.32.23.vc.C 
==== Integer vector .R compression
Command: /home/louza/mm-repair/sdsl/encode.x /mnt/data/datasets/machine-learning-matrices-split/census.csv.32.23.vc.R 
Integer vector compression time: 0.3398
==== OLE
Command: /home/louza/mm-repair/ole/encode.x /mnt/data/datasets/machine-learning-matrices-split/census.csv.32.23.vc.C 
OLE time: 0.0673
==== Ans-fold compression
Command: /home/louza/mm-repair/ans/encode.x /mnt/data/datasets/machine-learning-matrices-split/census.csv.32.23.vc.C 
Ans-fold time: 3.6679
==== Integer vector .C compression
Command: /home/louza/mm-repair/sdsl/encode.x /mnt/data/datasets/machine-learning-matrices-split/census.csv.32.24.vc.C 
==== Integer vector .R compression
Command: /home/louza/mm-repair/sdsl/encode.x /mnt/data/datasets/machine-learning-matrices-split/census.csv.32.24.vc.R 
Integer vector compression time: 0.1013
==== OLE
Command: /home/louza/mm-repair/ole/encode.x /mnt/data/datasets/machine-learning-matrices-split/census.csv.32.24.vc.C 
OLE time: 0.0433
==== Ans-fold compression
Command: /home/louza/mm-repair/ans/encode.x /mnt/data/datasets/machine-learning-matrices-split/census.csv.32.24.vc.C 
Ans-fold time: 3.7303
==== Integer vector .C compression
Command: /home/louza/mm-repair/sdsl/encode.x /mnt/data/datasets/machine-learning-matrices-split/census.csv.32.25.vc.C 
==== Integer vector .R compression
Command: /home/louza/mm-repair/sdsl/encode.x /mnt/data/datasets/machine-learning-matrices-split/census.csv.32.25.vc.R 
Integer vector compression time: 0.0739
==== OLE
Command: /home/louza/mm-repair/ole/encode.x /mnt/data/datasets/machine-learning-matrices-split/census.csv.32.25.vc.C 
OLE time: 0.0436
==== Ans-fold compression
Command: /home/louza/mm-repair/ans/encode.x /mnt/data/datasets/machine-learning-matrices-split/census.csv.32.25.vc.C 
Ans-fold time: 3.7791
==== Integer vector .C compression
Command: /home/louza/mm-repair/sdsl/encode.x /mnt/data/datasets/machine-learning-matrices-split/census.csv.32.26.vc.C 
==== Integer vector .R compression
Command: /home/louza/mm-repair/sdsl/encode.x /mnt/data/datasets/machine-learning-matrices-split/census.csv.32.26.vc.R 
Integer vector compression time: 0.3335
==== OLE
Command: /home/louza/mm-repair/ole/encode.x /mnt/data/datasets/machine-learning-matrices-split/census.csv.32.26.vc.C 
OLE time: 0.0499
==== Ans-fold compression
Command: /home/louza/mm-repair/ans/encode.x /mnt/data/datasets/machine-learning-matrices-split/census.csv.32.26.vc.C 
Ans-fold time: 3.8757
==== Integer vector .C compression
Command: /home/louza/mm-repair/sdsl/encode.x /mnt/data/datasets/machine-learning-matrices-split/census.csv.32.27.vc.C 
==== Integer vector .R compression
Command: /home/louza/mm-repair/sdsl/encode.x /mnt/data/datasets/machine-learning-matrices-split/census.csv.32.27.vc.R 
Integer vector compression time: 0.1221
==== OLE
Command: /home/louza/mm-repair/ole/encode.x /mnt/data/datasets/machine-learning-matrices-split/census.csv.32.27.vc.C 
OLE time: 0.0765
==== Ans-fold compression
Command: /home/louza/mm-repair/ans/encode.x /mnt/data/datasets/machine-learning-matrices-split/census.csv.32.27.vc.C 
Ans-fold time: 3.9435
==== Integer vector .C compression
Command: /home/louza/mm-repair/sdsl/encode.x /mnt/data/datasets/machine-learning-matrices-split/census.csv.32.28.vc.C 
==== Integer vector .R compression
Command: /home/louza/mm-repair/sdsl/encode.x /mnt/data/datasets/machine-learning-matrices-split/census.csv.32.28.vc.R 
Integer vector compression time: 0.4369
==== OLE
Command: /home/louza/mm-repair/ole/encode.x /mnt/data/datasets/machine-learning-matrices-split/census.csv.32.28.vc.C 
OLE time: 0.1642
==== Ans-fold compression
Command: /home/louza/mm-repair/ans/encode.x /mnt/data/datasets/machine-learning-matrices-split/census.csv.32.28.vc.C 
Ans-fold time: 4.0481
==== Integer vector .C compression
Command: /home/louza/mm-repair/sdsl/encode.x /mnt/data/datasets/machine-learning-matrices-split/census.csv.32.29.vc.C 
==== Integer vector .R compression
Command: /home/louza/mm-repair/sdsl/encode.x /mnt/data/datasets/machine-learning-matrices-split/census.csv.32.29.vc.R 
Integer vector compression time: 0.1170
==== OLE
Command: /home/louza/mm-repair/ole/encode.x /mnt/data/datasets/machine-learning-matrices-split/census.csv.32.29.vc.C 
OLE time: 0.0665
==== Ans-fold compression
Command: /home/louza/mm-repair/ans/encode.x /mnt/data/datasets/machine-learning-matrices-split/census.csv.32.29.vc.C 
Ans-fold time: 4.1005
==== Integer vector .C compression
Command: /home/louza/mm-repair/sdsl/encode.x /mnt/data/datasets/machine-learning-matrices-split/census.csv.32.30.vc.C 
==== Integer vector .R compression
Command: /home/louza/mm-repair/sdsl/encode.x /mnt/data/datasets/machine-learning-matrices-split/census.csv.32.30.vc.R 
Integer vector compression time: 0.1243
==== OLE
Command: /home/louza/mm-repair/ole/encode.x /mnt/data/datasets/machine-learning-matrices-split/census.csv.32.30.vc.C 
OLE time: 0.5998
==== Ans-fold compression
Command: /home/louza/mm-repair/ans/encode.x /mnt/data/datasets/machine-learning-matrices-split/census.csv.32.30.vc.C 
Ans-fold time: 4.3723
==== Integer vector .C compression
Command: /home/louza/mm-repair/sdsl/encode.x /mnt/data/datasets/machine-learning-matrices-split/census.csv.32.31.vc.C 
==== Integer vector .R compression
Command: /home/louza/mm-repair/sdsl/encode.x /mnt/data/datasets/machine-learning-matrices-split/census.csv.32.31.vc.R 
Integer vector compression time: 0.2167
==== OLE
Command: /home/louza/mm-repair/ole/encode.x /mnt/data/datasets/machine-learning-matrices-split/census.csv.32.31.vc.C 
OLE time: 0.1291
==== Ans-fold compression
Command: /home/louza/mm-repair/ans/encode.x /mnt/data/datasets/machine-learning-matrices-split/census.csv.32.31.vc.C 
Ans-fold time: 4.5925
Command: /home/louza/mm-repair/ans/encode.x /mnt/data/datasets/machine-learning-matrices-split/census.csv.wcode 
Elapsed time: 60.4763
==== Compression Report:
 >> matrix name: /mnt/data/datasets/machine-learning-matrices-split/census.csv
 >> conversion time: 41.46
 >> repair time: 2.78
 >> integer vectors time: 0.22
 >> ansf time: 4.59
 >> total time: 60.48
 >> wcode: 1324 bytes
 >> wcode_ans: 178 bytes
 >> matrix log(alpha)xNumEntries size: 125372535 bytes
 >> matrix dense size: 1337307040 bytes
 >> total number of nonzero: 71928503 (43.03%)
 >> number of distinct nonzero: 45
 >> CRSV  size: 297547512 bytes  (22.25%)
 >> RE32  size: 61460556 bytes  (4.60%)
 >> REIV  size: 30731916 bytes  (2.30%)
 >> REANS size: 24537370 bytes  (1.83%)
==== Done

#### 2026-09-07 10:55:03
 Command line: ./mm-repair/matrepair -r -b 32 -p 32 /mnt/data/datasets/machine-learning-matrices-split/census.csv 2458285 68 --ole --split 
Setting memory for each repair instance to 14501 MBs
Sending logging messages to file: /mnt/data/datasets/machine-learning-matrices-split/census.csv.log
==== Conversion bin/csv->csrv
Command: /home/louza/mm-repair/csvmat2csrv -b 32   /mnt/data/datasets/machine-learning-matrices-split/census.csv -r 0  -s 2458285 68
Conversion time: 75.3932
==== Repair paralell compression
---- Executing 32 parallel processes
---- Parallel processing completed
Repair time: 3.0237
==== Integer vector .C compression
Command: /home/louza/mm-repair/sdsl/encode.x /mnt/data/datasets/machine-learning-matrices-split/census.csv.32.0.A.vc.C 
==== Integer vector .R compression
Command: /home/louza/mm-repair/sdsl/encode.x /mnt/data/datasets/machine-learning-matrices-split/census.csv.32.0.A.vc.R 
Integer vector compression time: 0.1426
==== OLE
Command: /home/louza/mm-repair/ole/encode.x /mnt/data/datasets/machine-learning-matrices-split/census.csv.32.0.A.vc.C 
Command: /home/louza/mm-repair/ole/encode.x /mnt/data/datasets/machine-learning-matrices-split/census.csv.32.0.B.vc 
OLE time: 0.2069
==== Ans-fold compression
Command: /home/louza/mm-repair/ans/encode.x /mnt/data/datasets/machine-learning-matrices-split/census.csv.32.0.A.vc.C 
Command: /home/louza/mm-repair/ans/encode.x /mnt/data/datasets/machine-learning-matrices-split/census.csv.32.0.B.vc
Ans-fold time: 0.3145
==== Integer vector .C compression
Command: /home/louza/mm-repair/sdsl/encode.x /mnt/data/datasets/machine-learning-matrices-split/census.csv.32.1.A.vc.C 
==== Integer vector .R compression
Command: /home/louza/mm-repair/sdsl/encode.x /mnt/data/datasets/machine-learning-matrices-split/census.csv.32.1.A.vc.R 
Integer vector compression time: 0.1525
==== OLE
Command: /home/louza/mm-repair/ole/encode.x /mnt/data/datasets/machine-learning-matrices-split/census.csv.32.1.A.vc.C 
Command: /home/louza/mm-repair/ole/encode.x /mnt/data/datasets/machine-learning-matrices-split/census.csv.32.1.B.vc 
OLE time: 0.0160
==== Ans-fold compression
Command: /home/louza/mm-repair/ans/encode.x /mnt/data/datasets/machine-learning-matrices-split/census.csv.32.1.A.vc.C 
Command: /home/louza/mm-repair/ans/encode.x /mnt/data/datasets/machine-learning-matrices-split/census.csv.32.1.B.vc
Ans-fold time: 0.4256
==== Integer vector .C compression
Command: /home/louza/mm-repair/sdsl/encode.x /mnt/data/datasets/machine-learning-matrices-split/census.csv.32.2.A.vc.C 
==== Integer vector .R compression
Command: /home/louza/mm-repair/sdsl/encode.x /mnt/data/datasets/machine-learning-matrices-split/census.csv.32.2.A.vc.R 
Integer vector compression time: 0.2700
==== OLE
Command: /home/louza/mm-repair/ole/encode.x /mnt/data/datasets/machine-learning-matrices-split/census.csv.32.2.A.vc.C 
Command: /home/louza/mm-repair/ole/encode.x /mnt/data/datasets/machine-learning-matrices-split/census.csv.32.2.B.vc 
OLE time: 0.0329
==== Ans-fold compression
Command: /home/louza/mm-repair/ans/encode.x /mnt/data/datasets/machine-learning-matrices-split/census.csv.32.2.A.vc.C 
Command: /home/louza/mm-repair/ans/encode.x /mnt/data/datasets/machine-learning-matrices-split/census.csv.32.2.B.vc
Ans-fold time: 0.5718
==== Integer vector .C compression
Command: /home/louza/mm-repair/sdsl/encode.x /mnt/data/datasets/machine-learning-matrices-split/census.csv.32.3.A.vc.C 
==== Integer vector .R compression
Command: /home/louza/mm-repair/sdsl/encode.x /mnt/data/datasets/machine-learning-matrices-split/census.csv.32.3.A.vc.R 
Integer vector compression time: 0.1030
==== OLE
Command: /home/louza/mm-repair/ole/encode.x /mnt/data/datasets/machine-learning-matrices-split/census.csv.32.3.A.vc.C 
Command: /home/louza/mm-repair/ole/encode.x /mnt/data/datasets/machine-learning-matrices-split/census.csv.32.3.B.vc 
OLE time: 0.0176
==== Ans-fold compression
Command: /home/louza/mm-repair/ans/encode.x /mnt/data/datasets/machine-learning-matrices-split/census.csv.32.3.A.vc.C 
Command: /home/louza/mm-repair/ans/encode.x /mnt/data/datasets/machine-learning-matrices-split/census.csv.32.3.B.vc
Ans-fold time: 0.7978
==== Integer vector .C compression
Command: /home/louza/mm-repair/sdsl/encode.x /mnt/data/datasets/machine-learning-matrices-split/census.csv.32.4.A.vc.C 
==== Integer vector .R compression
Command: /home/louza/mm-repair/sdsl/encode.x /mnt/data/datasets/machine-learning-matrices-split/census.csv.32.4.A.vc.R 
Integer vector compression time: 0.1046
==== OLE
Command: /home/louza/mm-repair/ole/encode.x /mnt/data/datasets/machine-learning-matrices-split/census.csv.32.4.A.vc.C 
Command: /home/louza/mm-repair/ole/encode.x /mnt/data/datasets/machine-learning-matrices-split/census.csv.32.4.B.vc 
OLE time: 0.0306
==== Ans-fold compression
Command: /home/louza/mm-repair/ans/encode.x /mnt/data/datasets/machine-learning-matrices-split/census.csv.32.4.A.vc.C 
Command: /home/louza/mm-repair/ans/encode.x /mnt/data/datasets/machine-learning-matrices-split/census.csv.32.4.B.vc
Ans-fold time: 0.9007
==== Integer vector .C compression
Command: /home/louza/mm-repair/sdsl/encode.x /mnt/data/datasets/machine-learning-matrices-split/census.csv.32.5.A.vc.C 
==== Integer vector .R compression
Command: /home/louza/mm-repair/sdsl/encode.x /mnt/data/datasets/machine-learning-matrices-split/census.csv.32.5.A.vc.R 
Integer vector compression time: 0.1388
==== OLE
Command: /home/louza/mm-repair/ole/encode.x /mnt/data/datasets/machine-learning-matrices-split/census.csv.32.5.A.vc.C 
Command: /home/louza/mm-repair/ole/encode.x /mnt/data/datasets/machine-learning-matrices-split/census.csv.32.5.B.vc 
OLE time: 0.0113
==== Ans-fold compression
Command: /home/louza/mm-repair/ans/encode.x /mnt/data/datasets/machine-learning-matrices-split/census.csv.32.5.A.vc.C 
Command: /home/louza/mm-repair/ans/encode.x /mnt/data/datasets/machine-learning-matrices-split/census.csv.32.5.B.vc
Ans-fold time: 1.1759
==== Integer vector .C compression
Command: /home/louza/mm-repair/sdsl/encode.x /mnt/data/datasets/machine-learning-matrices-split/census.csv.32.6.A.vc.C 
==== Integer vector .R compression
Command: /home/louza/mm-repair/sdsl/encode.x /mnt/data/datasets/machine-learning-matrices-split/census.csv.32.6.A.vc.R 
Integer vector compression time: 0.1951
==== OLE
Command: /home/louza/mm-repair/ole/encode.x /mnt/data/datasets/machine-learning-matrices-split/census.csv.32.6.A.vc.C 
Command: /home/louza/mm-repair/ole/encode.x /mnt/data/datasets/machine-learning-matrices-split/census.csv.32.6.B.vc 
OLE time: 0.0118
==== Ans-fold compression
Command: /home/louza/mm-repair/ans/encode.x /mnt/data/datasets/machine-learning-matrices-split/census.csv.32.6.A.vc.C 
Command: /home/louza/mm-repair/ans/encode.x /mnt/data/datasets/machine-learning-matrices-split/census.csv.32.6.B.vc
Ans-fold time: 1.3339
==== Integer vector .C compression
Command: /home/louza/mm-repair/sdsl/encode.x /mnt/data/datasets/machine-learning-matrices-split/census.csv.32.7.A.vc.C 
==== Integer vector .R compression
Command: /home/louza/mm-repair/sdsl/encode.x /mnt/data/datasets/machine-learning-matrices-split/census.csv.32.7.A.vc.R 
Integer vector compression time: 0.1927
==== OLE
Command: /home/louza/mm-repair/ole/encode.x /mnt/data/datasets/machine-learning-matrices-split/census.csv.32.7.A.vc.C 
Command: /home/louza/mm-repair/ole/encode.x /mnt/data/datasets/machine-learning-matrices-split/census.csv.32.7.B.vc 
OLE time: 0.0140
==== Ans-fold compression
Command: /home/louza/mm-repair/ans/encode.x /mnt/data/datasets/machine-learning-matrices-split/census.csv.32.7.A.vc.C 
Command: /home/louza/mm-repair/ans/encode.x /mnt/data/datasets/machine-learning-matrices-split/census.csv.32.7.B.vc
Ans-fold time: 1.6002
==== Integer vector .C compression
Command: /home/louza/mm-repair/sdsl/encode.x /mnt/data/datasets/machine-learning-matrices-split/census.csv.32.8.A.vc.C 
==== Integer vector .R compression
Command: /home/louza/mm-repair/sdsl/encode.x /mnt/data/datasets/machine-learning-matrices-split/census.csv.32.8.A.vc.R 
Integer vector compression time: 0.1336
==== OLE
Command: /home/louza/mm-repair/ole/encode.x /mnt/data/datasets/machine-learning-matrices-split/census.csv.32.8.A.vc.C 
Command: /home/louza/mm-repair/ole/encode.x /mnt/data/datasets/machine-learning-matrices-split/census.csv.32.8.B.vc 
OLE time: 0.0167
==== Ans-fold compression
Command: /home/louza/mm-repair/ans/encode.x /mnt/data/datasets/machine-learning-matrices-split/census.csv.32.8.A.vc.C 
Command: /home/louza/mm-repair/ans/encode.x /mnt/data/datasets/machine-learning-matrices-split/census.csv.32.8.B.vc
Ans-fold time: 2.1306
==== Integer vector .C compression
Command: /home/louza/mm-repair/sdsl/encode.x /mnt/data/datasets/machine-learning-matrices-split/census.csv.32.9.A.vc.C 
==== Integer vector .R compression
Command: /home/louza/mm-repair/sdsl/encode.x /mnt/data/datasets/machine-learning-matrices-split/census.csv.32.9.A.vc.R 
Integer vector compression time: 0.2469
==== OLE
Command: /home/louza/mm-repair/ole/encode.x /mnt/data/datasets/machine-learning-matrices-split/census.csv.32.9.A.vc.C 
Command: /home/louza/mm-repair/ole/encode.x /mnt/data/datasets/machine-learning-matrices-split/census.csv.32.9.B.vc 
OLE time: 0.0180
==== Ans-fold compression
Command: /home/louza/mm-repair/ans/encode.x /mnt/data/datasets/machine-learning-matrices-split/census.csv.32.9.A.vc.C 
Command: /home/louza/mm-repair/ans/encode.x /mnt/data/datasets/machine-learning-matrices-split/census.csv.32.9.B.vc
Ans-fold time: 2.5506
==== Integer vector .C compression
Command: /home/louza/mm-repair/sdsl/encode.x /mnt/data/datasets/machine-learning-matrices-split/census.csv.32.10.A.vc.C 
==== Integer vector .R compression
Command: /home/louza/mm-repair/sdsl/encode.x /mnt/data/datasets/machine-learning-matrices-split/census.csv.32.10.A.vc.R 
Integer vector compression time: 0.1806
==== OLE
Command: /home/louza/mm-repair/ole/encode.x /mnt/data/datasets/machine-learning-matrices-split/census.csv.32.10.A.vc.C 
Command: /home/louza/mm-repair/ole/encode.x /mnt/data/datasets/machine-learning-matrices-split/census.csv.32.10.B.vc 
OLE time: 0.0723
==== Ans-fold compression
Command: /home/louza/mm-repair/ans/encode.x /mnt/data/datasets/machine-learning-matrices-split/census.csv.32.10.A.vc.C 
Command: /home/louza/mm-repair/ans/encode.x /mnt/data/datasets/machine-learning-matrices-split/census.csv.32.10.B.vc
Ans-fold time: 2.7193
==== Integer vector .C compression
Command: /home/louza/mm-repair/sdsl/encode.x /mnt/data/datasets/machine-learning-matrices-split/census.csv.32.11.A.vc.C 
==== Integer vector .R compression
Command: /home/louza/mm-repair/sdsl/encode.x /mnt/data/datasets/machine-learning-matrices-split/census.csv.32.11.A.vc.R 
Integer vector compression time: 0.1650
==== OLE
Command: /home/louza/mm-repair/ole/encode.x /mnt/data/datasets/machine-learning-matrices-split/census.csv.32.11.A.vc.C 
Command: /home/louza/mm-repair/ole/encode.x /mnt/data/datasets/machine-learning-matrices-split/census.csv.32.11.B.vc 
OLE time: 0.0396
==== Ans-fold compression
Command: /home/louza/mm-repair/ans/encode.x /mnt/data/datasets/machine-learning-matrices-split/census.csv.32.11.A.vc.C 
Command: /home/louza/mm-repair/ans/encode.x /mnt/data/datasets/machine-learning-matrices-split/census.csv.32.11.B.vc
Ans-fold time: 2.7961
==== Integer vector .C compression
Command: /home/louza/mm-repair/sdsl/encode.x /mnt/data/datasets/machine-learning-matrices-split/census.csv.32.12.A.vc.C 
==== Integer vector .R compression
Command: /home/louza/mm-repair/sdsl/encode.x /mnt/data/datasets/machine-learning-matrices-split/census.csv.32.12.A.vc.R 
Integer vector compression time: 0.1849
==== OLE
Command: /home/louza/mm-repair/ole/encode.x /mnt/data/datasets/machine-learning-matrices-split/census.csv.32.12.A.vc.C 
Command: /home/louza/mm-repair/ole/encode.x /mnt/data/datasets/machine-learning-matrices-split/census.csv.32.12.B.vc 
OLE time: 0.0488
==== Ans-fold compression
Command: /home/louza/mm-repair/ans/encode.x /mnt/data/datasets/machine-learning-matrices-split/census.csv.32.12.A.vc.C 
Command: /home/louza/mm-repair/ans/encode.x /mnt/data/datasets/machine-learning-matrices-split/census.csv.32.12.B.vc
Ans-fold time: 2.9045
==== Integer vector .C compression
Command: /home/louza/mm-repair/sdsl/encode.x /mnt/data/datasets/machine-learning-matrices-split/census.csv.32.13.A.vc.C 
==== Integer vector .R compression
Command: /home/louza/mm-repair/sdsl/encode.x /mnt/data/datasets/machine-learning-matrices-split/census.csv.32.13.A.vc.R 
Integer vector compression time: 0.6520
==== OLE
Command: /home/louza/mm-repair/ole/encode.x /mnt/data/datasets/machine-learning-matrices-split/census.csv.32.13.A.vc.C 
Command: /home/louza/mm-repair/ole/encode.x /mnt/data/datasets/machine-learning-matrices-split/census.csv.32.13.B.vc 
OLE time: 0.0183
==== Ans-fold compression
Command: /home/louza/mm-repair/ans/encode.x /mnt/data/datasets/machine-learning-matrices-split/census.csv.32.13.A.vc.C 
Command: /home/louza/mm-repair/ans/encode.x /mnt/data/datasets/machine-learning-matrices-split/census.csv.32.13.B.vc
Ans-fold time: 3.3106
==== Integer vector .C compression
Command: /home/louza/mm-repair/sdsl/encode.x /mnt/data/datasets/machine-learning-matrices-split/census.csv.32.14.A.vc.C 
==== Integer vector .R compression
Command: /home/louza/mm-repair/sdsl/encode.x /mnt/data/datasets/machine-learning-matrices-split/census.csv.32.14.A.vc.R 
Integer vector compression time: 0.4569
==== OLE
Command: /home/louza/mm-repair/ole/encode.x /mnt/data/datasets/machine-learning-matrices-split/census.csv.32.14.A.vc.C 
Command: /home/louza/mm-repair/ole/encode.x /mnt/data/datasets/machine-learning-matrices-split/census.csv.32.14.B.vc 
OLE time: 0.0120
==== Ans-fold compression
Command: /home/louza/mm-repair/ans/encode.x /mnt/data/datasets/machine-learning-matrices-split/census.csv.32.14.A.vc.C 
Command: /home/louza/mm-repair/ans/encode.x /mnt/data/datasets/machine-learning-matrices-split/census.csv.32.14.B.vc
Ans-fold time: 3.7197
==== Integer vector .C compression
Command: /home/louza/mm-repair/sdsl/encode.x /mnt/data/datasets/machine-learning-matrices-split/census.csv.32.15.A.vc.C 
==== Integer vector .R compression
Command: /home/louza/mm-repair/sdsl/encode.x /mnt/data/datasets/machine-learning-matrices-split/census.csv.32.15.A.vc.R 
Integer vector compression time: 0.5588
==== OLE
Command: /home/louza/mm-repair/ole/encode.x /mnt/data/datasets/machine-learning-matrices-split/census.csv.32.15.A.vc.C 
Command: /home/louza/mm-repair/ole/encode.x /mnt/data/datasets/machine-learning-matrices-split/census.csv.32.15.B.vc 
OLE time: 0.0161
==== Ans-fold compression
Command: /home/louza/mm-repair/ans/encode.x /mnt/data/datasets/machine-learning-matrices-split/census.csv.32.15.A.vc.C 
Command: /home/louza/mm-repair/ans/encode.x /mnt/data/datasets/machine-learning-matrices-split/census.csv.32.15.B.vc
Ans-fold time: 3.9299
==== Integer vector .C compression
Command: /home/louza/mm-repair/sdsl/encode.x /mnt/data/datasets/machine-learning-matrices-split/census.csv.32.16.A.vc.C 
==== Integer vector .R compression
Command: /home/louza/mm-repair/sdsl/encode.x /mnt/data/datasets/machine-learning-matrices-split/census.csv.32.16.A.vc.R 
Integer vector compression time: 0.1133
==== OLE
Command: /home/louza/mm-repair/ole/encode.x /mnt/data/datasets/machine-learning-matrices-split/census.csv.32.16.A.vc.C 
Command: /home/louza/mm-repair/ole/encode.x /mnt/data/datasets/machine-learning-matrices-split/census.csv.32.16.B.vc 
OLE time: 0.0235
==== Ans-fold compression
Command: /home/louza/mm-repair/ans/encode.x /mnt/data/datasets/machine-learning-matrices-split/census.csv.32.16.A.vc.C 
Command: /home/louza/mm-repair/ans/encode.x /mnt/data/datasets/machine-learning-matrices-split/census.csv.32.16.B.vc
Ans-fold time: 4.1489
==== Integer vector .C compression
Command: /home/louza/mm-repair/sdsl/encode.x /mnt/data/datasets/machine-learning-matrices-split/census.csv.32.17.A.vc.C 
==== Integer vector .R compression
Command: /home/louza/mm-repair/sdsl/encode.x /mnt/data/datasets/machine-learning-matrices-split/census.csv.32.17.A.vc.R 
Integer vector compression time: 0.1877
==== OLE
Command: /home/louza/mm-repair/ole/encode.x /mnt/data/datasets/machine-learning-matrices-split/census.csv.32.17.A.vc.C 
Command: /home/louza/mm-repair/ole/encode.x /mnt/data/datasets/machine-learning-matrices-split/census.csv.32.17.B.vc 
OLE time: 0.0148
==== Ans-fold compression
Command: /home/louza/mm-repair/ans/encode.x /mnt/data/datasets/machine-learning-matrices-split/census.csv.32.17.A.vc.C 
Command: /home/louza/mm-repair/ans/encode.x /mnt/data/datasets/machine-learning-matrices-split/census.csv.32.17.B.vc
Ans-fold time: 4.2578
==== Integer vector .C compression
Command: /home/louza/mm-repair/sdsl/encode.x /mnt/data/datasets/machine-learning-matrices-split/census.csv.32.18.A.vc.C 
==== Integer vector .R compression
Command: /home/louza/mm-repair/sdsl/encode.x /mnt/data/datasets/machine-learning-matrices-split/census.csv.32.18.A.vc.R 
Integer vector compression time: 1.2068
==== OLE
Command: /home/louza/mm-repair/ole/encode.x /mnt/data/datasets/machine-learning-matrices-split/census.csv.32.18.A.vc.C 
Command: /home/louza/mm-repair/ole/encode.x /mnt/data/datasets/machine-learning-matrices-split/census.csv.32.18.B.vc 
OLE time: 0.0697
==== Ans-fold compression
Command: /home/louza/mm-repair/ans/encode.x /mnt/data/datasets/machine-learning-matrices-split/census.csv.32.18.A.vc.C 
Command: /home/louza/mm-repair/ans/encode.x /mnt/data/datasets/machine-learning-matrices-split/census.csv.32.18.B.vc
Ans-fold time: 4.3961
==== Integer vector .C compression
Command: /home/louza/mm-repair/sdsl/encode.x /mnt/data/datasets/machine-learning-matrices-split/census.csv.32.19.A.vc.C 
==== Integer vector .R compression
Command: /home/louza/mm-repair/sdsl/encode.x /mnt/data/datasets/machine-learning-matrices-split/census.csv.32.19.A.vc.R 
Integer vector compression time: 0.1410
==== OLE
Command: /home/louza/mm-repair/ole/encode.x /mnt/data/datasets/machine-learning-matrices-split/census.csv.32.19.A.vc.C 
Command: /home/louza/mm-repair/ole/encode.x /mnt/data/datasets/machine-learning-matrices-split/census.csv.32.19.B.vc 
OLE time: 0.0129
==== Ans-fold compression
Command: /home/louza/mm-repair/ans/encode.x /mnt/data/datasets/machine-learning-matrices-split/census.csv.32.19.A.vc.C 
Command: /home/louza/mm-repair/ans/encode.x /mnt/data/datasets/machine-learning-matrices-split/census.csv.32.19.B.vc
Ans-fold time: 4.5829
==== Integer vector .C compression
Command: /home/louza/mm-repair/sdsl/encode.x /mnt/data/datasets/machine-learning-matrices-split/census.csv.32.20.A.vc.C 
==== Integer vector .R compression
Command: /home/louza/mm-repair/sdsl/encode.x /mnt/data/datasets/machine-learning-matrices-split/census.csv.32.20.A.vc.R 
Integer vector compression time: 0.2489
==== OLE
Command: /home/louza/mm-repair/ole/encode.x /mnt/data/datasets/machine-learning-matrices-split/census.csv.32.20.A.vc.C 
Command: /home/louza/mm-repair/ole/encode.x /mnt/data/datasets/machine-learning-matrices-split/census.csv.32.20.B.vc 
OLE time: 0.0112
==== Ans-fold compression
Command: /home/louza/mm-repair/ans/encode.x /mnt/data/datasets/machine-learning-matrices-split/census.csv.32.20.A.vc.C 
Command: /home/louza/mm-repair/ans/encode.x /mnt/data/datasets/machine-learning-matrices-split/census.csv.32.20.B.vc
Ans-fold time: 4.8451
==== Integer vector .C compression
Command: /home/louza/mm-repair/sdsl/encode.x /mnt/data/datasets/machine-learning-matrices-split/census.csv.32.21.A.vc.C 
==== Integer vector .R compression
Command: /home/louza/mm-repair/sdsl/encode.x /mnt/data/datasets/machine-learning-matrices-split/census.csv.32.21.A.vc.R 
Integer vector compression time: 0.3324
==== OLE
Command: /home/louza/mm-repair/ole/encode.x /mnt/data/datasets/machine-learning-matrices-split/census.csv.32.21.A.vc.C 
Command: /home/louza/mm-repair/ole/encode.x /mnt/data/datasets/machine-learning-matrices-split/census.csv.32.21.B.vc 
OLE time: 0.0315
==== Ans-fold compression
Command: /home/louza/mm-repair/ans/encode.x /mnt/data/datasets/machine-learning-matrices-split/census.csv.32.21.A.vc.C 
Command: /home/louza/mm-repair/ans/encode.x /mnt/data/datasets/machine-learning-matrices-split/census.csv.32.21.B.vc
Ans-fold time: 4.9778
==== Integer vector .C compression
Command: /home/louza/mm-repair/sdsl/encode.x /mnt/data/datasets/machine-learning-matrices-split/census.csv.32.22.A.vc.C 
==== Integer vector .R compression
Command: /home/louza/mm-repair/sdsl/encode.x /mnt/data/datasets/machine-learning-matrices-split/census.csv.32.22.A.vc.R 
Integer vector compression time: 0.2787
==== OLE
Command: /home/louza/mm-repair/ole/encode.x /mnt/data/datasets/machine-learning-matrices-split/census.csv.32.22.A.vc.C 
Command: /home/louza/mm-repair/ole/encode.x /mnt/data/datasets/machine-learning-matrices-split/census.csv.32.22.B.vc 
OLE time: 0.0152
==== Ans-fold compression
Command: /home/louza/mm-repair/ans/encode.x /mnt/data/datasets/machine-learning-matrices-split/census.csv.32.22.A.vc.C 
Command: /home/louza/mm-repair/ans/encode.x /mnt/data/datasets/machine-learning-matrices-split/census.csv.32.22.B.vc
Ans-fold time: 5.1297
==== Integer vector .C compression
Command: /home/louza/mm-repair/sdsl/encode.x /mnt/data/datasets/machine-learning-matrices-split/census.csv.32.23.A.vc.C 
==== Integer vector .R compression
Command: /home/louza/mm-repair/sdsl/encode.x /mnt/data/datasets/machine-learning-matrices-split/census.csv.32.23.A.vc.R 
Integer vector compression time: 0.1258
==== OLE
Command: /home/louza/mm-repair/ole/encode.x /mnt/data/datasets/machine-learning-matrices-split/census.csv.32.23.A.vc.C 
Command: /home/louza/mm-repair/ole/encode.x /mnt/data/datasets/machine-learning-matrices-split/census.csv.32.23.B.vc 
OLE time: 0.0154
==== Ans-fold compression
Command: /home/louza/mm-repair/ans/encode.x /mnt/data/datasets/machine-learning-matrices-split/census.csv.32.23.A.vc.C 
Command: /home/louza/mm-repair/ans/encode.x /mnt/data/datasets/machine-learning-matrices-split/census.csv.32.23.B.vc
Ans-fold time: 5.2062
==== Integer vector .C compression
Command: /home/louza/mm-repair/sdsl/encode.x /mnt/data/datasets/machine-learning-matrices-split/census.csv.32.24.A.vc.C 
==== Integer vector .R compression
Command: /home/louza/mm-repair/sdsl/encode.x /mnt/data/datasets/machine-learning-matrices-split/census.csv.32.24.A.vc.R 
Integer vector compression time: 0.1211
==== OLE
Command: /home/louza/mm-repair/ole/encode.x /mnt/data/datasets/machine-learning-matrices-split/census.csv.32.24.A.vc.C 
Command: /home/louza/mm-repair/ole/encode.x /mnt/data/datasets/machine-learning-matrices-split/census.csv.32.24.B.vc 
OLE time: 0.1845
==== Ans-fold compression
Command: /home/louza/mm-repair/ans/encode.x /mnt/data/datasets/machine-learning-matrices-split/census.csv.32.24.A.vc.C 
Command: /home/louza/mm-repair/ans/encode.x /mnt/data/datasets/machine-learning-matrices-split/census.csv.32.24.B.vc
Ans-fold time: 5.3995
==== Integer vector .C compression
Command: /home/louza/mm-repair/sdsl/encode.x /mnt/data/datasets/machine-learning-matrices-split/census.csv.32.25.A.vc.C 
==== Integer vector .R compression
Command: /home/louza/mm-repair/sdsl/encode.x /mnt/data/datasets/machine-learning-matrices-split/census.csv.32.25.A.vc.R 
Integer vector compression time: 0.3150
==== OLE
Command: /home/louza/mm-repair/ole/encode.x /mnt/data/datasets/machine-learning-matrices-split/census.csv.32.25.A.vc.C 
Command: /home/louza/mm-repair/ole/encode.x /mnt/data/datasets/machine-learning-matrices-split/census.csv.32.25.B.vc 
OLE time: 0.0207
==== Ans-fold compression
Command: /home/louza/mm-repair/ans/encode.x /mnt/data/datasets/machine-learning-matrices-split/census.csv.32.25.A.vc.C 
Command: /home/louza/mm-repair/ans/encode.x /mnt/data/datasets/machine-learning-matrices-split/census.csv.32.25.B.vc
Ans-fold time: 5.4860
==== Integer vector .C compression
Command: /home/louza/mm-repair/sdsl/encode.x /mnt/data/datasets/machine-learning-matrices-split/census.csv.32.26.A.vc.C 
==== Integer vector .R compression
Command: /home/louza/mm-repair/sdsl/encode.x /mnt/data/datasets/machine-learning-matrices-split/census.csv.32.26.A.vc.R 
Integer vector compression time: 0.1183
==== OLE
Command: /home/louza/mm-repair/ole/encode.x /mnt/data/datasets/machine-learning-matrices-split/census.csv.32.26.A.vc.C 
Command: /home/louza/mm-repair/ole/encode.x /mnt/data/datasets/machine-learning-matrices-split/census.csv.32.26.B.vc 
OLE time: 0.0156
==== Ans-fold compression
Command: /home/louza/mm-repair/ans/encode.x /mnt/data/datasets/machine-learning-matrices-split/census.csv.32.26.A.vc.C 
Command: /home/louza/mm-repair/ans/encode.x /mnt/data/datasets/machine-learning-matrices-split/census.csv.32.26.B.vc
Ans-fold time: 5.6650
==== Integer vector .C compression
Command: /home/louza/mm-repair/sdsl/encode.x /mnt/data/datasets/machine-learning-matrices-split/census.csv.32.27.A.vc.C 
==== Integer vector .R compression
Command: /home/louza/mm-repair/sdsl/encode.x /mnt/data/datasets/machine-learning-matrices-split/census.csv.32.27.A.vc.R 
Integer vector compression time: 0.2447
==== OLE
Command: /home/louza/mm-repair/ole/encode.x /mnt/data/datasets/machine-learning-matrices-split/census.csv.32.27.A.vc.C 
Command: /home/louza/mm-repair/ole/encode.x /mnt/data/datasets/machine-learning-matrices-split/census.csv.32.27.B.vc 
OLE time: 0.0201
==== Ans-fold compression
Command: /home/louza/mm-repair/ans/encode.x /mnt/data/datasets/machine-learning-matrices-split/census.csv.32.27.A.vc.C 
Command: /home/louza/mm-repair/ans/encode.x /mnt/data/datasets/machine-learning-matrices-split/census.csv.32.27.B.vc
Ans-fold time: 5.7328
==== Integer vector .C compression
Command: /home/louza/mm-repair/sdsl/encode.x /mnt/data/datasets/machine-learning-matrices-split/census.csv.32.28.A.vc.C 
==== Integer vector .R compression
Command: /home/louza/mm-repair/sdsl/encode.x /mnt/data/datasets/machine-learning-matrices-split/census.csv.32.28.A.vc.R 
Integer vector compression time: 0.1582
==== OLE
Command: /home/louza/mm-repair/ole/encode.x /mnt/data/datasets/machine-learning-matrices-split/census.csv.32.28.A.vc.C 
Command: /home/louza/mm-repair/ole/encode.x /mnt/data/datasets/machine-learning-matrices-split/census.csv.32.28.B.vc 
OLE time: 0.0117
==== Ans-fold compression
Command: /home/louza/mm-repair/ans/encode.x /mnt/data/datasets/machine-learning-matrices-split/census.csv.32.28.A.vc.C 
Command: /home/louza/mm-repair/ans/encode.x /mnt/data/datasets/machine-learning-matrices-split/census.csv.32.28.B.vc
Ans-fold time: 5.8110
==== Integer vector .C compression
Command: /home/louza/mm-repair/sdsl/encode.x /mnt/data/datasets/machine-learning-matrices-split/census.csv.32.29.A.vc.C 
==== Integer vector .R compression
Command: /home/louza/mm-repair/sdsl/encode.x /mnt/data/datasets/machine-learning-matrices-split/census.csv.32.29.A.vc.R 
Integer vector compression time: 0.1171
==== OLE
Command: /home/louza/mm-repair/ole/encode.x /mnt/data/datasets/machine-learning-matrices-split/census.csv.32.29.A.vc.C 
Command: /home/louza/mm-repair/ole/encode.x /mnt/data/datasets/machine-learning-matrices-split/census.csv.32.29.B.vc 
OLE time: 0.0481
==== Ans-fold compression
Command: /home/louza/mm-repair/ans/encode.x /mnt/data/datasets/machine-learning-matrices-split/census.csv.32.29.A.vc.C 
Command: /home/louza/mm-repair/ans/encode.x /mnt/data/datasets/machine-learning-matrices-split/census.csv.32.29.B.vc
Ans-fold time: 5.8941
==== Integer vector .C compression
Command: /home/louza/mm-repair/sdsl/encode.x /mnt/data/datasets/machine-learning-matrices-split/census.csv.32.30.A.vc.C 
==== Integer vector .R compression
Command: /home/louza/mm-repair/sdsl/encode.x /mnt/data/datasets/machine-learning-matrices-split/census.csv.32.30.A.vc.R 
Integer vector compression time: 0.1181
==== OLE
Command: /home/louza/mm-repair/ole/encode.x /mnt/data/datasets/machine-learning-matrices-split/census.csv.32.30.A.vc.C 
Command: /home/louza/mm-repair/ole/encode.x /mnt/data/datasets/machine-learning-matrices-split/census.csv.32.30.B.vc 
OLE time: 0.0633
==== Ans-fold compression
Command: /home/louza/mm-repair/ans/encode.x /mnt/data/datasets/machine-learning-matrices-split/census.csv.32.30.A.vc.C 
Command: /home/louza/mm-repair/ans/encode.x /mnt/data/datasets/machine-learning-matrices-split/census.csv.32.30.B.vc
Ans-fold time: 6.0020
==== Integer vector .C compression
Command: /home/louza/mm-repair/sdsl/encode.x /mnt/data/datasets/machine-learning-matrices-split/census.csv.32.31.A.vc.C 
==== Integer vector .R compression
Command: /home/louza/mm-repair/sdsl/encode.x /mnt/data/datasets/machine-learning-matrices-split/census.csv.32.31.A.vc.R 
Integer vector compression time: 0.2218
==== OLE
Command: /home/louza/mm-repair/ole/encode.x /mnt/data/datasets/machine-learning-matrices-split/census.csv.32.31.A.vc.C 
Command: /home/louza/mm-repair/ole/encode.x /mnt/data/datasets/machine-learning-matrices-split/census.csv.32.31.B.vc 
OLE time: 0.0244
==== Ans-fold compression
Command: /home/louza/mm-repair/ans/encode.x /mnt/data/datasets/machine-learning-matrices-split/census.csv.32.31.A.vc.C 
Command: /home/louza/mm-repair/ans/encode.x /mnt/data/datasets/machine-learning-matrices-split/census.csv.32.31.B.vc
Ans-fold time: 6.1231
Elapsed time: 99.9899
==== Compression Report:
 >> matrix name: /mnt/data/datasets/machine-learning-matrices-split/census.csv
 >> conversion time: 75.39
 >> repair time: 3.02
 >> integer vectors time: 0.22
 >> ansf time: 6.12
 >> total time: 99.99
 >> matrix log(alpha)xNumEntries size: 125372535 bytes
 >> matrix dense size: 1337307040 bytes
 >> total number of nonzero: 71925670 (43.03%)
 >> number of distinct nonzero: 45
 >> CRSV  size: 297536180 bytes  (22.25%)
 >> B	  size: 9844472 bytes  (0.74%)
 >> B_ans size: 9630 bytes  (0.00%)
 >> RE32  size: 61455102 bytes  (4.60%)
 >> REIV  size: 30733350 bytes  (2.30%)
 >> REANS size: 24781431 bytes  (1.85%)
==== Done

#### 2026-09-07 10:56:43
 Command line: ./mm-repair/matrepair -r -b 32 -p 32 /mnt/data/datasets/machine-learning-matrices-split/census.csv 2458285 68 --mapping --split 
Setting memory for each repair instance to 14501 MBs
Sending logging messages to file: /mnt/data/datasets/machine-learning-matrices-split/census.csv.log
==== Conversion bin/csv->csrv
Command: /home/louza/mm-repair/csvmat2csrv -b 32   /mnt/data/datasets/machine-learning-matrices-split/census.csv -r 0 -m -s 2458285 68
Conversion time: 108.3875
==== Repair paralell compression
---- Executing 32 parallel processes
---- Parallel processing completed
Repair time: 3.5449
==== Integer vector .C compression
Command: /home/louza/mm-repair/sdsl/encode.x /mnt/data/datasets/machine-learning-matrices-split/census.csv.32.0.A.vc.C 
==== Integer vector .R compression
Command: /home/louza/mm-repair/sdsl/encode.x /mnt/data/datasets/machine-learning-matrices-split/census.csv.32.0.A.vc.R 
Integer vector compression time: 0.3172
==== Ans-fold compression
Command: /home/louza/mm-repair/ans/encode.x /mnt/data/datasets/machine-learning-matrices-split/census.csv.32.0.A.vc.C 
Command: /home/louza/mm-repair/ans/encode.x /mnt/data/datasets/machine-learning-matrices-split/census.csv.32.0.B.vc
Ans-fold time: 0.3875
==== Integer vector .C compression
Command: /home/louza/mm-repair/sdsl/encode.x /mnt/data/datasets/machine-learning-matrices-split/census.csv.32.1.A.vc.C 
==== Integer vector .R compression
Command: /home/louza/mm-repair/sdsl/encode.x /mnt/data/datasets/machine-learning-matrices-split/census.csv.32.1.A.vc.R 
Integer vector compression time: 0.5901
==== Ans-fold compression
Command: /home/louza/mm-repair/ans/encode.x /mnt/data/datasets/machine-learning-matrices-split/census.csv.32.1.A.vc.C 
Command: /home/louza/mm-repair/ans/encode.x /mnt/data/datasets/machine-learning-matrices-split/census.csv.32.1.B.vc
Ans-fold time: 0.7268
==== Integer vector .C compression
Command: /home/louza/mm-repair/sdsl/encode.x /mnt/data/datasets/machine-learning-matrices-split/census.csv.32.2.A.vc.C 
==== Integer vector .R compression
Command: /home/louza/mm-repair/sdsl/encode.x /mnt/data/datasets/machine-learning-matrices-split/census.csv.32.2.A.vc.R 
Integer vector compression time: 0.1530
==== Ans-fold compression
Command: /home/louza/mm-repair/ans/encode.x /mnt/data/datasets/machine-learning-matrices-split/census.csv.32.2.A.vc.C 
Command: /home/louza/mm-repair/ans/encode.x /mnt/data/datasets/machine-learning-matrices-split/census.csv.32.2.B.vc
Ans-fold time: 0.8250
==== Integer vector .C compression
Command: /home/louza/mm-repair/sdsl/encode.x /mnt/data/datasets/machine-learning-matrices-split/census.csv.32.3.A.vc.C 
==== Integer vector .R compression
Command: /home/louza/mm-repair/sdsl/encode.x /mnt/data/datasets/machine-learning-matrices-split/census.csv.32.3.A.vc.R 
Integer vector compression time: 0.0838
==== Ans-fold compression
Command: /home/louza/mm-repair/ans/encode.x /mnt/data/datasets/machine-learning-matrices-split/census.csv.32.3.A.vc.C 
Command: /home/louza/mm-repair/ans/encode.x /mnt/data/datasets/machine-learning-matrices-split/census.csv.32.3.B.vc
Ans-fold time: 0.9475
==== Integer vector .C compression
Command: /home/louza/mm-repair/sdsl/encode.x /mnt/data/datasets/machine-learning-matrices-split/census.csv.32.4.A.vc.C 
==== Integer vector .R compression
Command: /home/louza/mm-repair/sdsl/encode.x /mnt/data/datasets/machine-learning-matrices-split/census.csv.32.4.A.vc.R 
Integer vector compression time: 0.0824
==== Ans-fold compression
Command: /home/louza/mm-repair/ans/encode.x /mnt/data/datasets/machine-learning-matrices-split/census.csv.32.4.A.vc.C 
Command: /home/louza/mm-repair/ans/encode.x /mnt/data/datasets/machine-learning-matrices-split/census.csv.32.4.B.vc
Ans-fold time: 1.0277
==== Integer vector .C compression
Command: /home/louza/mm-repair/sdsl/encode.x /mnt/data/datasets/machine-learning-matrices-split/census.csv.32.5.A.vc.C 
==== Integer vector .R compression
Command: /home/louza/mm-repair/sdsl/encode.x /mnt/data/datasets/machine-learning-matrices-split/census.csv.32.5.A.vc.R 
Integer vector compression time: 0.1078
==== Ans-fold compression
Command: /home/louza/mm-repair/ans/encode.x /mnt/data/datasets/machine-learning-matrices-split/census.csv.32.5.A.vc.C 
Command: /home/louza/mm-repair/ans/encode.x /mnt/data/datasets/machine-learning-matrices-split/census.csv.32.5.B.vc
Ans-fold time: 1.9106
==== Integer vector .C compression
Command: /home/louza/mm-repair/sdsl/encode.x /mnt/data/datasets/machine-learning-matrices-split/census.csv.32.6.A.vc.C 
==== Integer vector .R compression
Command: /home/louza/mm-repair/sdsl/encode.x /mnt/data/datasets/machine-learning-matrices-split/census.csv.32.6.A.vc.R 
Integer vector compression time: 0.3874
==== Ans-fold compression
Command: /home/louza/mm-repair/ans/encode.x /mnt/data/datasets/machine-learning-matrices-split/census.csv.32.6.A.vc.C 
Command: /home/louza/mm-repair/ans/encode.x /mnt/data/datasets/machine-learning-matrices-split/census.csv.32.6.B.vc
Ans-fold time: 2.3029
==== Integer vector .C compression
Command: /home/louza/mm-repair/sdsl/encode.x /mnt/data/datasets/machine-learning-matrices-split/census.csv.32.7.A.vc.C 
==== Integer vector .R compression
Command: /home/louza/mm-repair/sdsl/encode.x /mnt/data/datasets/machine-learning-matrices-split/census.csv.32.7.A.vc.R 
Integer vector compression time: 0.1393
==== Ans-fold compression
Command: /home/louza/mm-repair/ans/encode.x /mnt/data/datasets/machine-learning-matrices-split/census.csv.32.7.A.vc.C 
Command: /home/louza/mm-repair/ans/encode.x /mnt/data/datasets/machine-learning-matrices-split/census.csv.32.7.B.vc
Ans-fold time: 2.3556
==== Integer vector .C compression
Command: /home/louza/mm-repair/sdsl/encode.x /mnt/data/datasets/machine-learning-matrices-split/census.csv.32.8.A.vc.C 
==== Integer vector .R compression
Command: /home/louza/mm-repair/sdsl/encode.x /mnt/data/datasets/machine-learning-matrices-split/census.csv.32.8.A.vc.R 
Integer vector compression time: 0.2651
==== Ans-fold compression
Command: /home/louza/mm-repair/ans/encode.x /mnt/data/datasets/machine-learning-matrices-split/census.csv.32.8.A.vc.C 
Command: /home/louza/mm-repair/ans/encode.x /mnt/data/datasets/machine-learning-matrices-split/census.csv.32.8.B.vc
Ans-fold time: 2.6266
==== Integer vector .C compression
Command: /home/louza/mm-repair/sdsl/encode.x /mnt/data/datasets/machine-learning-matrices-split/census.csv.32.9.A.vc.C 
==== Integer vector .R compression
Command: /home/louza/mm-repair/sdsl/encode.x /mnt/data/datasets/machine-learning-matrices-split/census.csv.32.9.A.vc.R 
Integer vector compression time: 0.2427
==== Ans-fold compression
Command: /home/louza/mm-repair/ans/encode.x /mnt/data/datasets/machine-learning-matrices-split/census.csv.32.9.A.vc.C 
Command: /home/louza/mm-repair/ans/encode.x /mnt/data/datasets/machine-learning-matrices-split/census.csv.32.9.B.vc
Ans-fold time: 2.8605
==== Integer vector .C compression
Command: /home/louza/mm-repair/sdsl/encode.x /mnt/data/datasets/machine-learning-matrices-split/census.csv.32.10.A.vc.C 
==== Integer vector .R compression
Command: /home/louza/mm-repair/sdsl/encode.x /mnt/data/datasets/machine-learning-matrices-split/census.csv.32.10.A.vc.R 
Integer vector compression time: 0.2947
==== Ans-fold compression
Command: /home/louza/mm-repair/ans/encode.x /mnt/data/datasets/machine-learning-matrices-split/census.csv.32.10.A.vc.C 
Command: /home/louza/mm-repair/ans/encode.x /mnt/data/datasets/machine-learning-matrices-split/census.csv.32.10.B.vc
Ans-fold time: 2.9301
==== Integer vector .C compression
Command: /home/louza/mm-repair/sdsl/encode.x /mnt/data/datasets/machine-learning-matrices-split/census.csv.32.11.A.vc.C 
==== Integer vector .R compression
Command: /home/louza/mm-repair/sdsl/encode.x /mnt/data/datasets/machine-learning-matrices-split/census.csv.32.11.A.vc.R 
Integer vector compression time: 0.2713
==== Ans-fold compression
Command: /home/louza/mm-repair/ans/encode.x /mnt/data/datasets/machine-learning-matrices-split/census.csv.32.11.A.vc.C 
Command: /home/louza/mm-repair/ans/encode.x /mnt/data/datasets/machine-learning-matrices-split/census.csv.32.11.B.vc
Ans-fold time: 3.1156
==== Integer vector .C compression
Command: /home/louza/mm-repair/sdsl/encode.x /mnt/data/datasets/machine-learning-matrices-split/census.csv.32.12.A.vc.C 
==== Integer vector .R compression
Command: /home/louza/mm-repair/sdsl/encode.x /mnt/data/datasets/machine-learning-matrices-split/census.csv.32.12.A.vc.R 
Integer vector compression time: 0.7902
==== Ans-fold compression
Command: /home/louza/mm-repair/ans/encode.x /mnt/data/datasets/machine-learning-matrices-split/census.csv.32.12.A.vc.C 
Command: /home/louza/mm-repair/ans/encode.x /mnt/data/datasets/machine-learning-matrices-split/census.csv.32.12.B.vc
Ans-fold time: 3.7949
==== Integer vector .C compression
Command: /home/louza/mm-repair/sdsl/encode.x /mnt/data/datasets/machine-learning-matrices-split/census.csv.32.13.A.vc.C 
==== Integer vector .R compression
Command: /home/louza/mm-repair/sdsl/encode.x /mnt/data/datasets/machine-learning-matrices-split/census.csv.32.13.A.vc.R 
Integer vector compression time: 0.1245
==== Ans-fold compression
Command: /home/louza/mm-repair/ans/encode.x /mnt/data/datasets/machine-learning-matrices-split/census.csv.32.13.A.vc.C 
Command: /home/louza/mm-repair/ans/encode.x /mnt/data/datasets/machine-learning-matrices-split/census.csv.32.13.B.vc
Ans-fold time: 4.1684
==== Integer vector .C compression
Command: /home/louza/mm-repair/sdsl/encode.x /mnt/data/datasets/machine-learning-matrices-split/census.csv.32.14.A.vc.C 
==== Integer vector .R compression
Command: /home/louza/mm-repair/sdsl/encode.x /mnt/data/datasets/machine-learning-matrices-split/census.csv.32.14.A.vc.R 
Integer vector compression time: 0.3701
==== Ans-fold compression
Command: /home/louza/mm-repair/ans/encode.x /mnt/data/datasets/machine-learning-matrices-split/census.csv.32.14.A.vc.C 
Command: /home/louza/mm-repair/ans/encode.x /mnt/data/datasets/machine-learning-matrices-split/census.csv.32.14.B.vc
Ans-fold time: 4.4916
==== Integer vector .C compression
Command: /home/louza/mm-repair/sdsl/encode.x /mnt/data/datasets/machine-learning-matrices-split/census.csv.32.15.A.vc.C 
==== Integer vector .R compression
Command: /home/louza/mm-repair/sdsl/encode.x /mnt/data/datasets/machine-learning-matrices-split/census.csv.32.15.A.vc.R 
Integer vector compression time: 0.5159
==== Ans-fold compression
Command: /home/louza/mm-repair/ans/encode.x /mnt/data/datasets/machine-learning-matrices-split/census.csv.32.15.A.vc.C 
Command: /home/louza/mm-repair/ans/encode.x /mnt/data/datasets/machine-learning-matrices-split/census.csv.32.15.B.vc
Ans-fold time: 4.6694
==== Integer vector .C compression
Command: /home/louza/mm-repair/sdsl/encode.x /mnt/data/datasets/machine-learning-matrices-split/census.csv.32.16.A.vc.C 
==== Integer vector .R compression
Command: /home/louza/mm-repair/sdsl/encode.x /mnt/data/datasets/machine-learning-matrices-split/census.csv.32.16.A.vc.R 
Integer vector compression time: 0.4637
==== Ans-fold compression
Command: /home/louza/mm-repair/ans/encode.x /mnt/data/datasets/machine-learning-matrices-split/census.csv.32.16.A.vc.C 
Command: /home/louza/mm-repair/ans/encode.x /mnt/data/datasets/machine-learning-matrices-split/census.csv.32.16.B.vc
Ans-fold time: 4.7825
==== Integer vector .C compression
Command: /home/louza/mm-repair/sdsl/encode.x /mnt/data/datasets/machine-learning-matrices-split/census.csv.32.17.A.vc.C 
==== Integer vector .R compression
Command: /home/louza/mm-repair/sdsl/encode.x /mnt/data/datasets/machine-learning-matrices-split/census.csv.32.17.A.vc.R 
Integer vector compression time: 0.1301
==== Ans-fold compression
Command: /home/louza/mm-repair/ans/encode.x /mnt/data/datasets/machine-learning-matrices-split/census.csv.32.17.A.vc.C 
Command: /home/louza/mm-repair/ans/encode.x /mnt/data/datasets/machine-learning-matrices-split/census.csv.32.17.B.vc
Ans-fold time: 5.2257
==== Integer vector .C compression
Command: /home/louza/mm-repair/sdsl/encode.x /mnt/data/datasets/machine-learning-matrices-split/census.csv.32.18.A.vc.C 
==== Integer vector .R compression
Command: /home/louza/mm-repair/sdsl/encode.x /mnt/data/datasets/machine-learning-matrices-split/census.csv.32.18.A.vc.R 
Integer vector compression time: 0.3746
==== Ans-fold compression
Command: /home/louza/mm-repair/ans/encode.x /mnt/data/datasets/machine-learning-matrices-split/census.csv.32.18.A.vc.C 
Command: /home/louza/mm-repair/ans/encode.x /mnt/data/datasets/machine-learning-matrices-split/census.csv.32.18.B.vc
Ans-fold time: 5.7707
==== Integer vector .C compression
Command: /home/louza/mm-repair/sdsl/encode.x /mnt/data/datasets/machine-learning-matrices-split/census.csv.32.19.A.vc.C 
==== Integer vector .R compression
Command: /home/louza/mm-repair/sdsl/encode.x /mnt/data/datasets/machine-learning-matrices-split/census.csv.32.19.A.vc.R 
Integer vector compression time: 0.3533
==== Ans-fold compression
Command: /home/louza/mm-repair/ans/encode.x /mnt/data/datasets/machine-learning-matrices-split/census.csv.32.19.A.vc.C 
Command: /home/louza/mm-repair/ans/encode.x /mnt/data/datasets/machine-learning-matrices-split/census.csv.32.19.B.vc
Ans-fold time: 6.0898
==== Integer vector .C compression
Command: /home/louza/mm-repair/sdsl/encode.x /mnt/data/datasets/machine-learning-matrices-split/census.csv.32.20.A.vc.C 
==== Integer vector .R compression
Command: /home/louza/mm-repair/sdsl/encode.x /mnt/data/datasets/machine-learning-matrices-split/census.csv.32.20.A.vc.R 
Integer vector compression time: 0.1740
==== Ans-fold compression
Command: /home/louza/mm-repair/ans/encode.x /mnt/data/datasets/machine-learning-matrices-split/census.csv.32.20.A.vc.C 
Command: /home/louza/mm-repair/ans/encode.x /mnt/data/datasets/machine-learning-matrices-split/census.csv.32.20.B.vc
Ans-fold time: 6.4744
==== Integer vector .C compression
Command: /home/louza/mm-repair/sdsl/encode.x /mnt/data/datasets/machine-learning-matrices-split/census.csv.32.21.A.vc.C 
==== Integer vector .R compression
Command: /home/louza/mm-repair/sdsl/encode.x /mnt/data/datasets/machine-learning-matrices-split/census.csv.32.21.A.vc.R 
Integer vector compression time: 0.3030
==== Ans-fold compression
Command: /home/louza/mm-repair/ans/encode.x /mnt/data/datasets/machine-learning-matrices-split/census.csv.32.21.A.vc.C 
Command: /home/louza/mm-repair/ans/encode.x /mnt/data/datasets/machine-learning-matrices-split/census.csv.32.21.B.vc
Ans-fold time: 6.9605
==== Integer vector .C compression
Command: /home/louza/mm-repair/sdsl/encode.x /mnt/data/datasets/machine-learning-matrices-split/census.csv.32.22.A.vc.C 
==== Integer vector .R compression
Command: /home/louza/mm-repair/sdsl/encode.x /mnt/data/datasets/machine-learning-matrices-split/census.csv.32.22.A.vc.R 
Integer vector compression time: 0.3524
==== Ans-fold compression
Command: /home/louza/mm-repair/ans/encode.x /mnt/data/datasets/machine-learning-matrices-split/census.csv.32.22.A.vc.C 
Command: /home/louza/mm-repair/ans/encode.x /mnt/data/datasets/machine-learning-matrices-split/census.csv.32.22.B.vc
Ans-fold time: 7.1978
==== Integer vector .C compression
Command: /home/louza/mm-repair/sdsl/encode.x /mnt/data/datasets/machine-learning-matrices-split/census.csv.32.23.A.vc.C 
==== Integer vector .R compression
Command: /home/louza/mm-repair/sdsl/encode.x /mnt/data/datasets/machine-learning-matrices-split/census.csv.32.23.A.vc.R 
Integer vector compression time: 0.3301
==== Ans-fold compression
Command: /home/louza/mm-repair/ans/encode.x /mnt/data/datasets/machine-learning-matrices-split/census.csv.32.23.A.vc.C 
Command: /home/louza/mm-repair/ans/encode.x /mnt/data/datasets/machine-learning-matrices-split/census.csv.32.23.B.vc
Ans-fold time: 7.3842
==== Integer vector .C compression
Command: /home/louza/mm-repair/sdsl/encode.x /mnt/data/datasets/machine-learning-matrices-split/census.csv.32.24.A.vc.C 
==== Integer vector .R compression
Command: /home/louza/mm-repair/sdsl/encode.x /mnt/data/datasets/machine-learning-matrices-split/census.csv.32.24.A.vc.R 
Integer vector compression time: 0.5520
==== Ans-fold compression
Command: /home/louza/mm-repair/ans/encode.x /mnt/data/datasets/machine-learning-matrices-split/census.csv.32.24.A.vc.C 
Command: /home/louza/mm-repair/ans/encode.x /mnt/data/datasets/machine-learning-matrices-split/census.csv.32.24.B.vc
Ans-fold time: 7.7200
==== Integer vector .C compression
Command: /home/louza/mm-repair/sdsl/encode.x /mnt/data/datasets/machine-learning-matrices-split/census.csv.32.25.A.vc.C 
==== Integer vector .R compression
Command: /home/louza/mm-repair/sdsl/encode.x /mnt/data/datasets/machine-learning-matrices-split/census.csv.32.25.A.vc.R 
Integer vector compression time: 0.3915
==== Ans-fold compression
Command: /home/louza/mm-repair/ans/encode.x /mnt/data/datasets/machine-learning-matrices-split/census.csv.32.25.A.vc.C 
Command: /home/louza/mm-repair/ans/encode.x /mnt/data/datasets/machine-learning-matrices-split/census.csv.32.25.B.vc
Ans-fold time: 8.2386
==== Integer vector .C compression
Command: /home/louza/mm-repair/sdsl/encode.x /mnt/data/datasets/machine-learning-matrices-split/census.csv.32.26.A.vc.C 
==== Integer vector .R compression
Command: /home/louza/mm-repair/sdsl/encode.x /mnt/data/datasets/machine-learning-matrices-split/census.csv.32.26.A.vc.R 
Integer vector compression time: 0.4419
==== Ans-fold compression
Command: /home/louza/mm-repair/ans/encode.x /mnt/data/datasets/machine-learning-matrices-split/census.csv.32.26.A.vc.C 
Command: /home/louza/mm-repair/ans/encode.x /mnt/data/datasets/machine-learning-matrices-split/census.csv.32.26.B.vc
Ans-fold time: 8.5230
==== Integer vector .C compression
Command: /home/louza/mm-repair/sdsl/encode.x /mnt/data/datasets/machine-learning-matrices-split/census.csv.32.27.A.vc.C 
==== Integer vector .R compression
Command: /home/louza/mm-repair/sdsl/encode.x /mnt/data/datasets/machine-learning-matrices-split/census.csv.32.27.A.vc.R 
Integer vector compression time: 0.0755
==== Ans-fold compression
Command: /home/louza/mm-repair/ans/encode.x /mnt/data/datasets/machine-learning-matrices-split/census.csv.32.27.A.vc.C 
Command: /home/louza/mm-repair/ans/encode.x /mnt/data/datasets/machine-learning-matrices-split/census.csv.32.27.B.vc
Ans-fold time: 8.6407
==== Integer vector .C compression
Command: /home/louza/mm-repair/sdsl/encode.x /mnt/data/datasets/machine-learning-matrices-split/census.csv.32.28.A.vc.C 
==== Integer vector .R compression
Command: /home/louza/mm-repair/sdsl/encode.x /mnt/data/datasets/machine-learning-matrices-split/census.csv.32.28.A.vc.R 
Integer vector compression time: 0.1340
==== Ans-fold compression
Command: /home/louza/mm-repair/ans/encode.x /mnt/data/datasets/machine-learning-matrices-split/census.csv.32.28.A.vc.C 
Command: /home/louza/mm-repair/ans/encode.x /mnt/data/datasets/machine-learning-matrices-split/census.csv.32.28.B.vc
Ans-fold time: 8.7360
==== Integer vector .C compression
Command: /home/louza/mm-repair/sdsl/encode.x /mnt/data/datasets/machine-learning-matrices-split/census.csv.32.29.A.vc.C 
==== Integer vector .R compression
Command: /home/louza/mm-repair/sdsl/encode.x /mnt/data/datasets/machine-learning-matrices-split/census.csv.32.29.A.vc.R 
Integer vector compression time: 0.3820
==== Ans-fold compression
Command: /home/louza/mm-repair/ans/encode.x /mnt/data/datasets/machine-learning-matrices-split/census.csv.32.29.A.vc.C 
Command: /home/louza/mm-repair/ans/encode.x /mnt/data/datasets/machine-learning-matrices-split/census.csv.32.29.B.vc
Ans-fold time: 8.9471
==== Integer vector .C compression
Command: /home/louza/mm-repair/sdsl/encode.x /mnt/data/datasets/machine-learning-matrices-split/census.csv.32.30.A.vc.C 
==== Integer vector .R compression
Command: /home/louza/mm-repair/sdsl/encode.x /mnt/data/datasets/machine-learning-matrices-split/census.csv.32.30.A.vc.R 
Integer vector compression time: 0.7557
==== Ans-fold compression
Command: /home/louza/mm-repair/ans/encode.x /mnt/data/datasets/machine-learning-matrices-split/census.csv.32.30.A.vc.C 
Command: /home/louza/mm-repair/ans/encode.x /mnt/data/datasets/machine-learning-matrices-split/census.csv.32.30.B.vc
Ans-fold time: 9.3764
==== Integer vector .C compression
Command: /home/louza/mm-repair/sdsl/encode.x /mnt/data/datasets/machine-learning-matrices-split/census.csv.32.31.A.vc.C 
==== Integer vector .R compression
Command: /home/louza/mm-repair/sdsl/encode.x /mnt/data/datasets/machine-learning-matrices-split/census.csv.32.31.A.vc.R 
Integer vector compression time: 0.4892
==== Ans-fold compression
Command: /home/louza/mm-repair/ans/encode.x /mnt/data/datasets/machine-learning-matrices-split/census.csv.32.31.A.vc.C 
Command: /home/louza/mm-repair/ans/encode.x /mnt/data/datasets/machine-learning-matrices-split/census.csv.32.31.B.vc
Ans-fold time: 9.6707
Command: /home/louza/mm-repair/ans/encode.x /mnt/data/datasets/machine-learning-matrices-split/census.csv.wcode 
Elapsed time: 132.0594
==== Compression Report:
 >> matrix name: /mnt/data/datasets/machine-learning-matrices-split/census.csv
 >> conversion time: 108.39
 >> repair time: 3.54
 >> integer vectors time: 0.49
 >> ansf time: 9.67
 >> total time: 132.06
 >> wcode: 1324 bytes
 >> wcode_ans: 178 bytes
 >> matrix log(alpha)xNumEntries size: 125372535 bytes
 >> matrix dense size: 1337307040 bytes
 >> total number of nonzero: 71925670 (43.03%)
 >> number of distinct nonzero: 45
 >> CRSV  size: 297536180 bytes  (22.25%)
 >> B	  size: 9844472 bytes  (0.74%)
 >> B_ans size: 8921 bytes  (0.00%)
 >> RE32  size: 61455717 bytes  (4.60%)
 >> REIV  size: 30733965 bytes  (2.30%)
 >> REANS size: 25523894 bytes  (1.91%)
==== Done

#### 2026-09-07 10:58:55
 Command line: ./mm-repair/matrepair -r -b 32 -p 32 /mnt/data/datasets/machine-learning-matrices-split/census.csv 2458285 68 --ole --mapping --split 
Setting memory for each repair instance to 14501 MBs
Sending logging messages to file: /mnt/data/datasets/machine-learning-matrices-split/census.csv.log
==== Conversion bin/csv->csrv
Command: /home/louza/mm-repair/csvmat2csrv -b 32   /mnt/data/datasets/machine-learning-matrices-split/census.csv -r 0 -m -s 2458285 68
Conversion time: 124.1049
==== Repair paralell compression
---- Executing 32 parallel processes
---- Parallel processing completed
Repair time: 3.5224
==== Integer vector .C compression
Command: /home/louza/mm-repair/sdsl/encode.x /mnt/data/datasets/machine-learning-matrices-split/census.csv.32.0.A.vc.C 
==== Integer vector .R compression
Command: /home/louza/mm-repair/sdsl/encode.x /mnt/data/datasets/machine-learning-matrices-split/census.csv.32.0.A.vc.R 
Integer vector compression time: 0.4512
==== OLE
Command: /home/louza/mm-repair/ole/encode.x /mnt/data/datasets/machine-learning-matrices-split/census.csv.32.0.A.vc.C 
Command: /home/louza/mm-repair/ole/encode.x /mnt/data/datasets/machine-learning-matrices-split/census.csv.32.0.B.vc 
OLE time: 0.0551
==== Ans-fold compression
Command: /home/louza/mm-repair/ans/encode.x /mnt/data/datasets/machine-learning-matrices-split/census.csv.32.0.A.vc.C 
Command: /home/louza/mm-repair/ans/encode.x /mnt/data/datasets/machine-learning-matrices-split/census.csv.32.0.B.vc
Ans-fold time: 0.2975
==== Integer vector .C compression
Command: /home/louza/mm-repair/sdsl/encode.x /mnt/data/datasets/machine-learning-matrices-split/census.csv.32.1.A.vc.C 
==== Integer vector .R compression
Command: /home/louza/mm-repair/sdsl/encode.x /mnt/data/datasets/machine-learning-matrices-split/census.csv.32.1.A.vc.R 
Integer vector compression time: 0.3901
==== OLE
Command: /home/louza/mm-repair/ole/encode.x /mnt/data/datasets/machine-learning-matrices-split/census.csv.32.1.A.vc.C 
Command: /home/louza/mm-repair/ole/encode.x /mnt/data/datasets/machine-learning-matrices-split/census.csv.32.1.B.vc 
OLE time: 0.0162
==== Ans-fold compression
Command: /home/louza/mm-repair/ans/encode.x /mnt/data/datasets/machine-learning-matrices-split/census.csv.32.1.A.vc.C 
Command: /home/louza/mm-repair/ans/encode.x /mnt/data/datasets/machine-learning-matrices-split/census.csv.32.1.B.vc
Ans-fold time: 0.5808
==== Integer vector .C compression
Command: /home/louza/mm-repair/sdsl/encode.x /mnt/data/datasets/machine-learning-matrices-split/census.csv.32.2.A.vc.C 
==== Integer vector .R compression
Command: /home/louza/mm-repair/sdsl/encode.x /mnt/data/datasets/machine-learning-matrices-split/census.csv.32.2.A.vc.R 
Integer vector compression time: 0.3766
==== OLE
Command: /home/louza/mm-repair/ole/encode.x /mnt/data/datasets/machine-learning-matrices-split/census.csv.32.2.A.vc.C 
Command: /home/louza/mm-repair/ole/encode.x /mnt/data/datasets/machine-learning-matrices-split/census.csv.32.2.B.vc 
OLE time: 0.2438
==== Ans-fold compression
Command: /home/louza/mm-repair/ans/encode.x /mnt/data/datasets/machine-learning-matrices-split/census.csv.32.2.A.vc.C 
Command: /home/louza/mm-repair/ans/encode.x /mnt/data/datasets/machine-learning-matrices-split/census.csv.32.2.B.vc
Ans-fold time: 0.9081
==== Integer vector .C compression
Command: /home/louza/mm-repair/sdsl/encode.x /mnt/data/datasets/machine-learning-matrices-split/census.csv.32.3.A.vc.C 
==== Integer vector .R compression
Command: /home/louza/mm-repair/sdsl/encode.x /mnt/data/datasets/machine-learning-matrices-split/census.csv.32.3.A.vc.R 
Integer vector compression time: 0.3352
==== OLE
Command: /home/louza/mm-repair/ole/encode.x /mnt/data/datasets/machine-learning-matrices-split/census.csv.32.3.A.vc.C 
Command: /home/louza/mm-repair/ole/encode.x /mnt/data/datasets/machine-learning-matrices-split/census.csv.32.3.B.vc 
OLE time: 0.0251
==== Ans-fold compression
Command: /home/louza/mm-repair/ans/encode.x /mnt/data/datasets/machine-learning-matrices-split/census.csv.32.3.A.vc.C 
Command: /home/louza/mm-repair/ans/encode.x /mnt/data/datasets/machine-learning-matrices-split/census.csv.32.3.B.vc
Ans-fold time: 1.2709
==== Integer vector .C compression
Command: /home/louza/mm-repair/sdsl/encode.x /mnt/data/datasets/machine-learning-matrices-split/census.csv.32.4.A.vc.C 
==== Integer vector .R compression
Command: /home/louza/mm-repair/sdsl/encode.x /mnt/data/datasets/machine-learning-matrices-split/census.csv.32.4.A.vc.R 
Integer vector compression time: 0.7412
==== OLE
Command: /home/louza/mm-repair/ole/encode.x /mnt/data/datasets/machine-learning-matrices-split/census.csv.32.4.A.vc.C 
Command: /home/louza/mm-repair/ole/encode.x /mnt/data/datasets/machine-learning-matrices-split/census.csv.32.4.B.vc 
OLE time: 0.1892
==== Ans-fold compression
Command: /home/louza/mm-repair/ans/encode.x /mnt/data/datasets/machine-learning-matrices-split/census.csv.32.4.A.vc.C 
Command: /home/louza/mm-repair/ans/encode.x /mnt/data/datasets/machine-learning-matrices-split/census.csv.32.4.B.vc
Ans-fold time: 1.5742
==== Integer vector .C compression
Command: /home/louza/mm-repair/sdsl/encode.x /mnt/data/datasets/machine-learning-matrices-split/census.csv.32.5.A.vc.C 
==== Integer vector .R compression
Command: /home/louza/mm-repair/sdsl/encode.x /mnt/data/datasets/machine-learning-matrices-split/census.csv.32.5.A.vc.R 
Integer vector compression time: 0.4339
==== OLE
Command: /home/louza/mm-repair/ole/encode.x /mnt/data/datasets/machine-learning-matrices-split/census.csv.32.5.A.vc.C 
Command: /home/louza/mm-repair/ole/encode.x /mnt/data/datasets/machine-learning-matrices-split/census.csv.32.5.B.vc 
OLE time: 0.1533
==== Ans-fold compression
Command: /home/louza/mm-repair/ans/encode.x /mnt/data/datasets/machine-learning-matrices-split/census.csv.32.5.A.vc.C 
Command: /home/louza/mm-repair/ans/encode.x /mnt/data/datasets/machine-learning-matrices-split/census.csv.32.5.B.vc
Ans-fold time: 2.0669
==== Integer vector .C compression
Command: /home/louza/mm-repair/sdsl/encode.x /mnt/data/datasets/machine-learning-matrices-split/census.csv.32.6.A.vc.C 
==== Integer vector .R compression
Command: /home/louza/mm-repair/sdsl/encode.x /mnt/data/datasets/machine-learning-matrices-split/census.csv.32.6.A.vc.R 
Integer vector compression time: 0.3591
==== OLE
Command: /home/louza/mm-repair/ole/encode.x /mnt/data/datasets/machine-learning-matrices-split/census.csv.32.6.A.vc.C 
Command: /home/louza/mm-repair/ole/encode.x /mnt/data/datasets/machine-learning-matrices-split/census.csv.32.6.B.vc 
OLE time: 0.1676
==== Ans-fold compression
Command: /home/louza/mm-repair/ans/encode.x /mnt/data/datasets/machine-learning-matrices-split/census.csv.32.6.A.vc.C 
Command: /home/louza/mm-repair/ans/encode.x /mnt/data/datasets/machine-learning-matrices-split/census.csv.32.6.B.vc
Ans-fold time: 2.7300
==== Integer vector .C compression
Command: /home/louza/mm-repair/sdsl/encode.x /mnt/data/datasets/machine-learning-matrices-split/census.csv.32.7.A.vc.C 
==== Integer vector .R compression
Command: /home/louza/mm-repair/sdsl/encode.x /mnt/data/datasets/machine-learning-matrices-split/census.csv.32.7.A.vc.R 
Integer vector compression time: 0.2488
==== OLE
Command: /home/louza/mm-repair/ole/encode.x /mnt/data/datasets/machine-learning-matrices-split/census.csv.32.7.A.vc.C 
Command: /home/louza/mm-repair/ole/encode.x /mnt/data/datasets/machine-learning-matrices-split/census.csv.32.7.B.vc 
OLE time: 0.2162
==== Ans-fold compression
Command: /home/louza/mm-repair/ans/encode.x /mnt/data/datasets/machine-learning-matrices-split/census.csv.32.7.A.vc.C 
Command: /home/louza/mm-repair/ans/encode.x /mnt/data/datasets/machine-learning-matrices-split/census.csv.32.7.B.vc
Ans-fold time: 3.4008
==== Integer vector .C compression
Command: /home/louza/mm-repair/sdsl/encode.x /mnt/data/datasets/machine-learning-matrices-split/census.csv.32.8.A.vc.C 
==== Integer vector .R compression
Command: /home/louza/mm-repair/sdsl/encode.x /mnt/data/datasets/machine-learning-matrices-split/census.csv.32.8.A.vc.R 
Integer vector compression time: 0.3353
==== OLE
Command: /home/louza/mm-repair/ole/encode.x /mnt/data/datasets/machine-learning-matrices-split/census.csv.32.8.A.vc.C 
Command: /home/louza/mm-repair/ole/encode.x /mnt/data/datasets/machine-learning-matrices-split/census.csv.32.8.B.vc 
OLE time: 0.1308
==== Ans-fold compression
Command: /home/louza/mm-repair/ans/encode.x /mnt/data/datasets/machine-learning-matrices-split/census.csv.32.8.A.vc.C 
Command: /home/louza/mm-repair/ans/encode.x /mnt/data/datasets/machine-learning-matrices-split/census.csv.32.8.B.vc
Ans-fold time: 3.9252
==== Integer vector .C compression
Command: /home/louza/mm-repair/sdsl/encode.x /mnt/data/datasets/machine-learning-matrices-split/census.csv.32.9.A.vc.C 
==== Integer vector .R compression
Command: /home/louza/mm-repair/sdsl/encode.x /mnt/data/datasets/machine-learning-matrices-split/census.csv.32.9.A.vc.R 
Integer vector compression time: 0.6446
==== OLE
Command: /home/louza/mm-repair/ole/encode.x /mnt/data/datasets/machine-learning-matrices-split/census.csv.32.9.A.vc.C 
Command: /home/louza/mm-repair/ole/encode.x /mnt/data/datasets/machine-learning-matrices-split/census.csv.32.9.B.vc 
OLE time: 0.1940
==== Ans-fold compression
Command: /home/louza/mm-repair/ans/encode.x /mnt/data/datasets/machine-learning-matrices-split/census.csv.32.9.A.vc.C 
Command: /home/louza/mm-repair/ans/encode.x /mnt/data/datasets/machine-learning-matrices-split/census.csv.32.9.B.vc
Ans-fold time: 4.6869
==== Integer vector .C compression
Command: /home/louza/mm-repair/sdsl/encode.x /mnt/data/datasets/machine-learning-matrices-split/census.csv.32.10.A.vc.C 
==== Integer vector .R compression
Command: /home/louza/mm-repair/sdsl/encode.x /mnt/data/datasets/machine-learning-matrices-split/census.csv.32.10.A.vc.R 
Integer vector compression time: 0.5036
==== OLE
Command: /home/louza/mm-repair/ole/encode.x /mnt/data/datasets/machine-learning-matrices-split/census.csv.32.10.A.vc.C 
Command: /home/louza/mm-repair/ole/encode.x /mnt/data/datasets/machine-learning-matrices-split/census.csv.32.10.B.vc 
OLE time: 0.0198
==== Ans-fold compression
Command: /home/louza/mm-repair/ans/encode.x /mnt/data/datasets/machine-learning-matrices-split/census.csv.32.10.A.vc.C 
Command: /home/louza/mm-repair/ans/encode.x /mnt/data/datasets/machine-learning-matrices-split/census.csv.32.10.B.vc
Ans-fold time: 4.7525
==== Integer vector .C compression
Command: /home/louza/mm-repair/sdsl/encode.x /mnt/data/datasets/machine-learning-matrices-split/census.csv.32.11.A.vc.C 
==== Integer vector .R compression
Command: /home/louza/mm-repair/sdsl/encode.x /mnt/data/datasets/machine-learning-matrices-split/census.csv.32.11.A.vc.R 
Integer vector compression time: 0.1948
==== OLE
Command: /home/louza/mm-repair/ole/encode.x /mnt/data/datasets/machine-learning-matrices-split/census.csv.32.11.A.vc.C 
Command: /home/louza/mm-repair/ole/encode.x /mnt/data/datasets/machine-learning-matrices-split/census.csv.32.11.B.vc 
OLE time: 0.0198
==== Ans-fold compression
Command: /home/louza/mm-repair/ans/encode.x /mnt/data/datasets/machine-learning-matrices-split/census.csv.32.11.A.vc.C 
Command: /home/louza/mm-repair/ans/encode.x /mnt/data/datasets/machine-learning-matrices-split/census.csv.32.11.B.vc
Ans-fold time: 5.2476
==== Integer vector .C compression
Command: /home/louza/mm-repair/sdsl/encode.x /mnt/data/datasets/machine-learning-matrices-split/census.csv.32.12.A.vc.C 
==== Integer vector .R compression
Command: /home/louza/mm-repair/sdsl/encode.x /mnt/data/datasets/machine-learning-matrices-split/census.csv.32.12.A.vc.R 
Integer vector compression time: 0.2863
==== OLE
Command: /home/louza/mm-repair/ole/encode.x /mnt/data/datasets/machine-learning-matrices-split/census.csv.32.12.A.vc.C 
Command: /home/louza/mm-repair/ole/encode.x /mnt/data/datasets/machine-learning-matrices-split/census.csv.32.12.B.vc 
OLE time: 0.0116
==== Ans-fold compression
Command: /home/louza/mm-repair/ans/encode.x /mnt/data/datasets/machine-learning-matrices-split/census.csv.32.12.A.vc.C 
Command: /home/louza/mm-repair/ans/encode.x /mnt/data/datasets/machine-learning-matrices-split/census.csv.32.12.B.vc
Ans-fold time: 5.5338
==== Integer vector .C compression
Command: /home/louza/mm-repair/sdsl/encode.x /mnt/data/datasets/machine-learning-matrices-split/census.csv.32.13.A.vc.C 
==== Integer vector .R compression
Command: /home/louza/mm-repair/sdsl/encode.x /mnt/data/datasets/machine-learning-matrices-split/census.csv.32.13.A.vc.R 
Integer vector compression time: 0.4482
==== OLE
Command: /home/louza/mm-repair/ole/encode.x /mnt/data/datasets/machine-learning-matrices-split/census.csv.32.13.A.vc.C 
Command: /home/louza/mm-repair/ole/encode.x /mnt/data/datasets/machine-learning-matrices-split/census.csv.32.13.B.vc 
OLE time: 0.1248
==== Ans-fold compression
Command: /home/louza/mm-repair/ans/encode.x /mnt/data/datasets/machine-learning-matrices-split/census.csv.32.13.A.vc.C 
Command: /home/louza/mm-repair/ans/encode.x /mnt/data/datasets/machine-learning-matrices-split/census.csv.32.13.B.vc
Ans-fold time: 5.8691
==== Integer vector .C compression
Command: /home/louza/mm-repair/sdsl/encode.x /mnt/data/datasets/machine-learning-matrices-split/census.csv.32.14.A.vc.C 
==== Integer vector .R compression
Command: /home/louza/mm-repair/sdsl/encode.x /mnt/data/datasets/machine-learning-matrices-split/census.csv.32.14.A.vc.R 
Integer vector compression time: 0.6342
==== OLE
Command: /home/louza/mm-repair/ole/encode.x /mnt/data/datasets/machine-learning-matrices-split/census.csv.32.14.A.vc.C 
Command: /home/louza/mm-repair/ole/encode.x /mnt/data/datasets/machine-learning-matrices-split/census.csv.32.14.B.vc 
OLE time: 0.0150
==== Ans-fold compression
Command: /home/louza/mm-repair/ans/encode.x /mnt/data/datasets/machine-learning-matrices-split/census.csv.32.14.A.vc.C 
Command: /home/louza/mm-repair/ans/encode.x /mnt/data/datasets/machine-learning-matrices-split/census.csv.32.14.B.vc
Ans-fold time: 6.2848
==== Integer vector .C compression
Command: /home/louza/mm-repair/sdsl/encode.x /mnt/data/datasets/machine-learning-matrices-split/census.csv.32.15.A.vc.C 
==== Integer vector .R compression
Command: /home/louza/mm-repair/sdsl/encode.x /mnt/data/datasets/machine-learning-matrices-split/census.csv.32.15.A.vc.R 
Integer vector compression time: 0.2954
==== OLE
Command: /home/louza/mm-repair/ole/encode.x /mnt/data/datasets/machine-learning-matrices-split/census.csv.32.15.A.vc.C 
Command: /home/louza/mm-repair/ole/encode.x /mnt/data/datasets/machine-learning-matrices-split/census.csv.32.15.B.vc 
OLE time: 0.2675
==== Ans-fold compression
Command: /home/louza/mm-repair/ans/encode.x /mnt/data/datasets/machine-learning-matrices-split/census.csv.32.15.A.vc.C 
Command: /home/louza/mm-repair/ans/encode.x /mnt/data/datasets/machine-learning-matrices-split/census.csv.32.15.B.vc
Ans-fold time: 6.7127
==== Integer vector .C compression
Command: /home/louza/mm-repair/sdsl/encode.x /mnt/data/datasets/machine-learning-matrices-split/census.csv.32.16.A.vc.C 
==== Integer vector .R compression
Command: /home/louza/mm-repair/sdsl/encode.x /mnt/data/datasets/machine-learning-matrices-split/census.csv.32.16.A.vc.R 
Integer vector compression time: 0.6362
==== OLE
Command: /home/louza/mm-repair/ole/encode.x /mnt/data/datasets/machine-learning-matrices-split/census.csv.32.16.A.vc.C 
Command: /home/louza/mm-repair/ole/encode.x /mnt/data/datasets/machine-learning-matrices-split/census.csv.32.16.B.vc 
OLE time: 0.3252
==== Ans-fold compression
Command: /home/louza/mm-repair/ans/encode.x /mnt/data/datasets/machine-learning-matrices-split/census.csv.32.16.A.vc.C 
Command: /home/louza/mm-repair/ans/encode.x /mnt/data/datasets/machine-learning-matrices-split/census.csv.32.16.B.vc
Ans-fold time: 7.2797
==== Integer vector .C compression
Command: /home/louza/mm-repair/sdsl/encode.x /mnt/data/datasets/machine-learning-matrices-split/census.csv.32.17.A.vc.C 
==== Integer vector .R compression
Command: /home/louza/mm-repair/sdsl/encode.x /mnt/data/datasets/machine-learning-matrices-split/census.csv.32.17.A.vc.R 
Integer vector compression time: 0.3545
==== OLE
Command: /home/louza/mm-repair/ole/encode.x /mnt/data/datasets/machine-learning-matrices-split/census.csv.32.17.A.vc.C 
Command: /home/louza/mm-repair/ole/encode.x /mnt/data/datasets/machine-learning-matrices-split/census.csv.32.17.B.vc 
OLE time: 0.0276
==== Ans-fold compression
Command: /home/louza/mm-repair/ans/encode.x /mnt/data/datasets/machine-learning-matrices-split/census.csv.32.17.A.vc.C 
Command: /home/louza/mm-repair/ans/encode.x /mnt/data/datasets/machine-learning-matrices-split/census.csv.32.17.B.vc
Ans-fold time: 7.5769
==== Integer vector .C compression
Command: /home/louza/mm-repair/sdsl/encode.x /mnt/data/datasets/machine-learning-matrices-split/census.csv.32.18.A.vc.C 
==== Integer vector .R compression
Command: /home/louza/mm-repair/sdsl/encode.x /mnt/data/datasets/machine-learning-matrices-split/census.csv.32.18.A.vc.R 
Integer vector compression time: 0.3683
==== OLE
Command: /home/louza/mm-repair/ole/encode.x /mnt/data/datasets/machine-learning-matrices-split/census.csv.32.18.A.vc.C 
Command: /home/louza/mm-repair/ole/encode.x /mnt/data/datasets/machine-learning-matrices-split/census.csv.32.18.B.vc 
OLE time: 0.0546
==== Ans-fold compression
Command: /home/louza/mm-repair/ans/encode.x /mnt/data/datasets/machine-learning-matrices-split/census.csv.32.18.A.vc.C 
Command: /home/louza/mm-repair/ans/encode.x /mnt/data/datasets/machine-learning-matrices-split/census.csv.32.18.B.vc
Ans-fold time: 7.6392
==== Integer vector .C compression
Command: /home/louza/mm-repair/sdsl/encode.x /mnt/data/datasets/machine-learning-matrices-split/census.csv.32.19.A.vc.C 
==== Integer vector .R compression
Command: /home/louza/mm-repair/sdsl/encode.x /mnt/data/datasets/machine-learning-matrices-split/census.csv.32.19.A.vc.R 
Integer vector compression time: 0.0828
==== OLE
Command: /home/louza/mm-repair/ole/encode.x /mnt/data/datasets/machine-learning-matrices-split/census.csv.32.19.A.vc.C 
Command: /home/louza/mm-repair/ole/encode.x /mnt/data/datasets/machine-learning-matrices-split/census.csv.32.19.B.vc 
OLE time: 0.0137
==== Ans-fold compression
Command: /home/louza/mm-repair/ans/encode.x /mnt/data/datasets/machine-learning-matrices-split/census.csv.32.19.A.vc.C 
Command: /home/louza/mm-repair/ans/encode.x /mnt/data/datasets/machine-learning-matrices-split/census.csv.32.19.B.vc
Ans-fold time: 7.7624
==== Integer vector .C compression
Command: /home/louza/mm-repair/sdsl/encode.x /mnt/data/datasets/machine-learning-matrices-split/census.csv.32.20.A.vc.C 
==== Integer vector .R compression
Command: /home/louza/mm-repair/sdsl/encode.x /mnt/data/datasets/machine-learning-matrices-split/census.csv.32.20.A.vc.R 
Integer vector compression time: 0.4919
==== OLE
Command: /home/louza/mm-repair/ole/encode.x /mnt/data/datasets/machine-learning-matrices-split/census.csv.32.20.A.vc.C 
Command: /home/louza/mm-repair/ole/encode.x /mnt/data/datasets/machine-learning-matrices-split/census.csv.32.20.B.vc 
OLE time: 0.0850
==== Ans-fold compression
Command: /home/louza/mm-repair/ans/encode.x /mnt/data/datasets/machine-learning-matrices-split/census.csv.32.20.A.vc.C 
Command: /home/louza/mm-repair/ans/encode.x /mnt/data/datasets/machine-learning-matrices-split/census.csv.32.20.B.vc
Ans-fold time: 8.1591
==== Integer vector .C compression
Command: /home/louza/mm-repair/sdsl/encode.x /mnt/data/datasets/machine-learning-matrices-split/census.csv.32.21.A.vc.C 
==== Integer vector .R compression
Command: /home/louza/mm-repair/sdsl/encode.x /mnt/data/datasets/machine-learning-matrices-split/census.csv.32.21.A.vc.R 
Integer vector compression time: 0.4200
==== OLE
Command: /home/louza/mm-repair/ole/encode.x /mnt/data/datasets/machine-learning-matrices-split/census.csv.32.21.A.vc.C 
Command: /home/louza/mm-repair/ole/encode.x /mnt/data/datasets/machine-learning-matrices-split/census.csv.32.21.B.vc 
OLE time: 0.0773
==== Ans-fold compression
Command: /home/louza/mm-repair/ans/encode.x /mnt/data/datasets/machine-learning-matrices-split/census.csv.32.21.A.vc.C 
Command: /home/louza/mm-repair/ans/encode.x /mnt/data/datasets/machine-learning-matrices-split/census.csv.32.21.B.vc
Ans-fold time: 8.4782
==== Integer vector .C compression
Command: /home/louza/mm-repair/sdsl/encode.x /mnt/data/datasets/machine-learning-matrices-split/census.csv.32.22.A.vc.C 
==== Integer vector .R compression
Command: /home/louza/mm-repair/sdsl/encode.x /mnt/data/datasets/machine-learning-matrices-split/census.csv.32.22.A.vc.R 
Integer vector compression time: 0.0706
==== OLE
Command: /home/louza/mm-repair/ole/encode.x /mnt/data/datasets/machine-learning-matrices-split/census.csv.32.22.A.vc.C 
Command: /home/louza/mm-repair/ole/encode.x /mnt/data/datasets/machine-learning-matrices-split/census.csv.32.22.B.vc 
OLE time: 0.0167
==== Ans-fold compression
Command: /home/louza/mm-repair/ans/encode.x /mnt/data/datasets/machine-learning-matrices-split/census.csv.32.22.A.vc.C 
Command: /home/louza/mm-repair/ans/encode.x /mnt/data/datasets/machine-learning-matrices-split/census.csv.32.22.B.vc
Ans-fold time: 8.7186
==== Integer vector .C compression
Command: /home/louza/mm-repair/sdsl/encode.x /mnt/data/datasets/machine-learning-matrices-split/census.csv.32.23.A.vc.C 
==== Integer vector .R compression
Command: /home/louza/mm-repair/sdsl/encode.x /mnt/data/datasets/machine-learning-matrices-split/census.csv.32.23.A.vc.R 
Integer vector compression time: 0.2826
==== OLE
Command: /home/louza/mm-repair/ole/encode.x /mnt/data/datasets/machine-learning-matrices-split/census.csv.32.23.A.vc.C 
Command: /home/louza/mm-repair/ole/encode.x /mnt/data/datasets/machine-learning-matrices-split/census.csv.32.23.B.vc 
OLE time: 0.2684
==== Ans-fold compression
Command: /home/louza/mm-repair/ans/encode.x /mnt/data/datasets/machine-learning-matrices-split/census.csv.32.23.A.vc.C 
Command: /home/louza/mm-repair/ans/encode.x /mnt/data/datasets/machine-learning-matrices-split/census.csv.32.23.B.vc
Ans-fold time: 9.0683
==== Integer vector .C compression
Command: /home/louza/mm-repair/sdsl/encode.x /mnt/data/datasets/machine-learning-matrices-split/census.csv.32.24.A.vc.C 
==== Integer vector .R compression
Command: /home/louza/mm-repair/sdsl/encode.x /mnt/data/datasets/machine-learning-matrices-split/census.csv.32.24.A.vc.R 
Integer vector compression time: 0.4183
==== OLE
Command: /home/louza/mm-repair/ole/encode.x /mnt/data/datasets/machine-learning-matrices-split/census.csv.32.24.A.vc.C 
Command: /home/louza/mm-repair/ole/encode.x /mnt/data/datasets/machine-learning-matrices-split/census.csv.32.24.B.vc 
OLE time: 0.0212
==== Ans-fold compression
Command: /home/louza/mm-repair/ans/encode.x /mnt/data/datasets/machine-learning-matrices-split/census.csv.32.24.A.vc.C 
Command: /home/louza/mm-repair/ans/encode.x /mnt/data/datasets/machine-learning-matrices-split/census.csv.32.24.B.vc
Ans-fold time: 9.4152
==== Integer vector .C compression
Command: /home/louza/mm-repair/sdsl/encode.x /mnt/data/datasets/machine-learning-matrices-split/census.csv.32.25.A.vc.C 
==== Integer vector .R compression
Command: /home/louza/mm-repair/sdsl/encode.x /mnt/data/datasets/machine-learning-matrices-split/census.csv.32.25.A.vc.R 
Integer vector compression time: 0.3702
==== OLE
Command: /home/louza/mm-repair/ole/encode.x /mnt/data/datasets/machine-learning-matrices-split/census.csv.32.25.A.vc.C 
Command: /home/louza/mm-repair/ole/encode.x /mnt/data/datasets/machine-learning-matrices-split/census.csv.32.25.B.vc 
OLE time: 0.1307
==== Ans-fold compression
Command: /home/louza/mm-repair/ans/encode.x /mnt/data/datasets/machine-learning-matrices-split/census.csv.32.25.A.vc.C 
Command: /home/louza/mm-repair/ans/encode.x /mnt/data/datasets/machine-learning-matrices-split/census.csv.32.25.B.vc
Ans-fold time: 9.8667
==== Integer vector .C compression
Command: /home/louza/mm-repair/sdsl/encode.x /mnt/data/datasets/machine-learning-matrices-split/census.csv.32.26.A.vc.C 
==== Integer vector .R compression
Command: /home/louza/mm-repair/sdsl/encode.x /mnt/data/datasets/machine-learning-matrices-split/census.csv.32.26.A.vc.R 
Integer vector compression time: 0.2029
==== OLE
Command: /home/louza/mm-repair/ole/encode.x /mnt/data/datasets/machine-learning-matrices-split/census.csv.32.26.A.vc.C 
Command: /home/louza/mm-repair/ole/encode.x /mnt/data/datasets/machine-learning-matrices-split/census.csv.32.26.B.vc 
OLE time: 0.0156
==== Ans-fold compression
Command: /home/louza/mm-repair/ans/encode.x /mnt/data/datasets/machine-learning-matrices-split/census.csv.32.26.A.vc.C 
Command: /home/louza/mm-repair/ans/encode.x /mnt/data/datasets/machine-learning-matrices-split/census.csv.32.26.B.vc
Ans-fold time: 10.1760
==== Integer vector .C compression
Command: /home/louza/mm-repair/sdsl/encode.x /mnt/data/datasets/machine-learning-matrices-split/census.csv.32.27.A.vc.C 
==== Integer vector .R compression
Command: /home/louza/mm-repair/sdsl/encode.x /mnt/data/datasets/machine-learning-matrices-split/census.csv.32.27.A.vc.R 
Integer vector compression time: 0.5675
==== OLE
Command: /home/louza/mm-repair/ole/encode.x /mnt/data/datasets/machine-learning-matrices-split/census.csv.32.27.A.vc.C 
Command: /home/louza/mm-repair/ole/encode.x /mnt/data/datasets/machine-learning-matrices-split/census.csv.32.27.B.vc 
OLE time: 0.0136
==== Ans-fold compression
Command: /home/louza/mm-repair/ans/encode.x /mnt/data/datasets/machine-learning-matrices-split/census.csv.32.27.A.vc.C 
Command: /home/louza/mm-repair/ans/encode.x /mnt/data/datasets/machine-learning-matrices-split/census.csv.32.27.B.vc
Ans-fold time: 10.3858
==== Integer vector .C compression
Command: /home/louza/mm-repair/sdsl/encode.x /mnt/data/datasets/machine-learning-matrices-split/census.csv.32.28.A.vc.C 
==== Integer vector .R compression
Command: /home/louza/mm-repair/sdsl/encode.x /mnt/data/datasets/machine-learning-matrices-split/census.csv.32.28.A.vc.R 
Integer vector compression time: 0.1706
==== OLE
Command: /home/louza/mm-repair/ole/encode.x /mnt/data/datasets/machine-learning-matrices-split/census.csv.32.28.A.vc.C 
Command: /home/louza/mm-repair/ole/encode.x /mnt/data/datasets/machine-learning-matrices-split/census.csv.32.28.B.vc 
OLE time: 0.0479
==== Ans-fold compression
Command: /home/louza/mm-repair/ans/encode.x /mnt/data/datasets/machine-learning-matrices-split/census.csv.32.28.A.vc.C 
Command: /home/louza/mm-repair/ans/encode.x /mnt/data/datasets/machine-learning-matrices-split/census.csv.32.28.B.vc
Ans-fold time: 10.9644
==== Integer vector .C compression
Command: /home/louza/mm-repair/sdsl/encode.x /mnt/data/datasets/machine-learning-matrices-split/census.csv.32.29.A.vc.C 
==== Integer vector .R compression
Command: /home/louza/mm-repair/sdsl/encode.x /mnt/data/datasets/machine-learning-matrices-split/census.csv.32.29.A.vc.R 
Integer vector compression time: 0.4377
==== OLE
Command: /home/louza/mm-repair/ole/encode.x /mnt/data/datasets/machine-learning-matrices-split/census.csv.32.29.A.vc.C 
Command: /home/louza/mm-repair/ole/encode.x /mnt/data/datasets/machine-learning-matrices-split/census.csv.32.29.B.vc 
OLE time: 0.2458
==== Ans-fold compression
Command: /home/louza/mm-repair/ans/encode.x /mnt/data/datasets/machine-learning-matrices-split/census.csv.32.29.A.vc.C 
Command: /home/louza/mm-repair/ans/encode.x /mnt/data/datasets/machine-learning-matrices-split/census.csv.32.29.B.vc
Ans-fold time: 11.3443
==== Integer vector .C compression
Command: /home/louza/mm-repair/sdsl/encode.x /mnt/data/datasets/machine-learning-matrices-split/census.csv.32.30.A.vc.C 
==== Integer vector .R compression
Command: /home/louza/mm-repair/sdsl/encode.x /mnt/data/datasets/machine-learning-matrices-split/census.csv.32.30.A.vc.R 
Integer vector compression time: 0.3704
==== OLE
Command: /home/louza/mm-repair/ole/encode.x /mnt/data/datasets/machine-learning-matrices-split/census.csv.32.30.A.vc.C 
Command: /home/louza/mm-repair/ole/encode.x /mnt/data/datasets/machine-learning-matrices-split/census.csv.32.30.B.vc 
OLE time: 0.0231
==== Ans-fold compression
Command: /home/louza/mm-repair/ans/encode.x /mnt/data/datasets/machine-learning-matrices-split/census.csv.32.30.A.vc.C 
Command: /home/louza/mm-repair/ans/encode.x /mnt/data/datasets/machine-learning-matrices-split/census.csv.32.30.B.vc
Ans-fold time: 11.7117
==== Integer vector .C compression
Command: /home/louza/mm-repair/sdsl/encode.x /mnt/data/datasets/machine-learning-matrices-split/census.csv.32.31.A.vc.C 
==== Integer vector .R compression
Command: /home/louza/mm-repair/sdsl/encode.x /mnt/data/datasets/machine-learning-matrices-split/census.csv.32.31.A.vc.R 
Integer vector compression time: 0.3047
==== OLE
Command: /home/louza/mm-repair/ole/encode.x /mnt/data/datasets/machine-learning-matrices-split/census.csv.32.31.A.vc.C 
Command: /home/louza/mm-repair/ole/encode.x /mnt/data/datasets/machine-learning-matrices-split/census.csv.32.31.B.vc 
OLE time: 0.0175
==== Ans-fold compression
Command: /home/louza/mm-repair/ans/encode.x /mnt/data/datasets/machine-learning-matrices-split/census.csv.32.31.A.vc.C 
Command: /home/louza/mm-repair/ans/encode.x /mnt/data/datasets/machine-learning-matrices-split/census.csv.32.31.B.vc
Ans-fold time: 12.1131
Command: /home/louza/mm-repair/ans/encode.x /mnt/data/datasets/machine-learning-matrices-split/census.csv.wcode 
Elapsed time: 164.0908
==== Compression Report:
 >> matrix name: /mnt/data/datasets/machine-learning-matrices-split/census.csv
 >> conversion time: 124.10
 >> repair time: 3.52
 >> integer vectors time: 0.30
 >> ansf time: 12.11
 >> total time: 164.09
 >> wcode: 1324 bytes
 >> wcode_ans: 178 bytes
 >> matrix log(alpha)xNumEntries size: 125372535 bytes
 >> matrix dense size: 1337307040 bytes
 >> total number of nonzero: 71925670 (43.03%)
 >> number of distinct nonzero: 45
 >> CRSV  size: 297536180 bytes  (22.25%)
 >> B	  size: 9844472 bytes  (0.74%)
 >> B_ans size: 8922 bytes  (0.00%)
 >> RE32  size: 61455718 bytes  (4.60%)
 >> REIV  size: 30733966 bytes  (2.30%)
 >> REANS size: 24540075 bytes  (1.84%)
==== Done
REANS -b 20

#### 2026-09-08 08:51:11
 Command line: ./mm-repair/matrepair -r -b 20 -p 20 /mnt/data/datasets/machine-learning-matrices-split/census.csv 2458285 68 
Setting memory for each repair instance to 23202 MBs
Sending logging messages to file: /mnt/data/datasets/machine-learning-matrices-split/census.csv.log
==== Conversion bin/csv->csrv
Command: /home/louza/mm-repair/csvmat2csrv -b 20   /mnt/data/datasets/machine-learning-matrices-split/census.csv -r 0   2458285 68
Conversion time: 112.4854
==== Repair paralell compression
---- Executing 20 parallel processes
---- Parallel processing completed
Repair time: 3.1560
==== Integer vector .C compression
Command: /home/louza/mm-repair/sdsl/encode.x /mnt/data/datasets/machine-learning-matrices-split/census.csv.20.0.vc.C 
==== Integer vector .R compression
Command: /home/louza/mm-repair/sdsl/encode.x /mnt/data/datasets/machine-learning-matrices-split/census.csv.20.0.vc.R 
Integer vector compression time: 0.1234
==== Ans-fold compression
Command: /home/louza/mm-repair/ans/encode.x /mnt/data/datasets/machine-learning-matrices-split/census.csv.20.0.vc.C 
Ans-fold time: 0.0451
==== Integer vector .C compression
Command: /home/louza/mm-repair/sdsl/encode.x /mnt/data/datasets/machine-learning-matrices-split/census.csv.20.1.vc.C 
==== Integer vector .R compression
Command: /home/louza/mm-repair/sdsl/encode.x /mnt/data/datasets/machine-learning-matrices-split/census.csv.20.1.vc.R 
Integer vector compression time: 0.0524
==== Ans-fold compression
Command: /home/louza/mm-repair/ans/encode.x /mnt/data/datasets/machine-learning-matrices-split/census.csv.20.1.vc.C 
Ans-fold time: 0.0917
==== Integer vector .C compression
Command: /home/louza/mm-repair/sdsl/encode.x /mnt/data/datasets/machine-learning-matrices-split/census.csv.20.2.vc.C 
==== Integer vector .R compression
Command: /home/louza/mm-repair/sdsl/encode.x /mnt/data/datasets/machine-learning-matrices-split/census.csv.20.2.vc.R 
Integer vector compression time: 0.0467
==== Ans-fold compression
Command: /home/louza/mm-repair/ans/encode.x /mnt/data/datasets/machine-learning-matrices-split/census.csv.20.2.vc.C 
Ans-fold time: 0.1422
==== Integer vector .C compression
Command: /home/louza/mm-repair/sdsl/encode.x /mnt/data/datasets/machine-learning-matrices-split/census.csv.20.3.vc.C 
==== Integer vector .R compression
Command: /home/louza/mm-repair/sdsl/encode.x /mnt/data/datasets/machine-learning-matrices-split/census.csv.20.3.vc.R 
Integer vector compression time: 0.1353
==== Ans-fold compression
Command: /home/louza/mm-repair/ans/encode.x /mnt/data/datasets/machine-learning-matrices-split/census.csv.20.3.vc.C 
Ans-fold time: 0.1877
==== Integer vector .C compression
Command: /home/louza/mm-repair/sdsl/encode.x /mnt/data/datasets/machine-learning-matrices-split/census.csv.20.4.vc.C 
==== Integer vector .R compression
Command: /home/louza/mm-repair/sdsl/encode.x /mnt/data/datasets/machine-learning-matrices-split/census.csv.20.4.vc.R 
Integer vector compression time: 0.0462
==== Ans-fold compression
Command: /home/louza/mm-repair/ans/encode.x /mnt/data/datasets/machine-learning-matrices-split/census.csv.20.4.vc.C 
Ans-fold time: 0.2205
==== Integer vector .C compression
Command: /home/louza/mm-repair/sdsl/encode.x /mnt/data/datasets/machine-learning-matrices-split/census.csv.20.5.vc.C 
==== Integer vector .R compression
Command: /home/louza/mm-repair/sdsl/encode.x /mnt/data/datasets/machine-learning-matrices-split/census.csv.20.5.vc.R 
Integer vector compression time: 0.0413
==== Ans-fold compression
Command: /home/louza/mm-repair/ans/encode.x /mnt/data/datasets/machine-learning-matrices-split/census.csv.20.5.vc.C 
Ans-fold time: 0.2616
==== Integer vector .C compression
Command: /home/louza/mm-repair/sdsl/encode.x /mnt/data/datasets/machine-learning-matrices-split/census.csv.20.6.vc.C 
==== Integer vector .R compression
Command: /home/louza/mm-repair/sdsl/encode.x /mnt/data/datasets/machine-learning-matrices-split/census.csv.20.6.vc.R 
Integer vector compression time: 0.4617
==== Ans-fold compression
Command: /home/louza/mm-repair/ans/encode.x /mnt/data/datasets/machine-learning-matrices-split/census.csv.20.6.vc.C 
Ans-fold time: 0.2977
==== Integer vector .C compression
Command: /home/louza/mm-repair/sdsl/encode.x /mnt/data/datasets/machine-learning-matrices-split/census.csv.20.7.vc.C 
==== Integer vector .R compression
Command: /home/louza/mm-repair/sdsl/encode.x /mnt/data/datasets/machine-learning-matrices-split/census.csv.20.7.vc.R 
Integer vector compression time: 0.0540
==== Ans-fold compression
Command: /home/louza/mm-repair/ans/encode.x /mnt/data/datasets/machine-learning-matrices-split/census.csv.20.7.vc.C 
Ans-fold time: 0.3372
==== Integer vector .C compression
Command: /home/louza/mm-repair/sdsl/encode.x /mnt/data/datasets/machine-learning-matrices-split/census.csv.20.8.vc.C 
==== Integer vector .R compression
Command: /home/louza/mm-repair/sdsl/encode.x /mnt/data/datasets/machine-learning-matrices-split/census.csv.20.8.vc.R 
Integer vector compression time: 0.0537
==== Ans-fold compression
Command: /home/louza/mm-repair/ans/encode.x /mnt/data/datasets/machine-learning-matrices-split/census.csv.20.8.vc.C 
Ans-fold time: 0.3826
==== Integer vector .C compression
Command: /home/louza/mm-repair/sdsl/encode.x /mnt/data/datasets/machine-learning-matrices-split/census.csv.20.9.vc.C 
==== Integer vector .R compression
Command: /home/louza/mm-repair/sdsl/encode.x /mnt/data/datasets/machine-learning-matrices-split/census.csv.20.9.vc.R 
Integer vector compression time: 0.3086
==== Ans-fold compression
Command: /home/louza/mm-repair/ans/encode.x /mnt/data/datasets/machine-learning-matrices-split/census.csv.20.9.vc.C 
Ans-fold time: 0.7988
==== Integer vector .C compression
Command: /home/louza/mm-repair/sdsl/encode.x /mnt/data/datasets/machine-learning-matrices-split/census.csv.20.10.vc.C 
==== Integer vector .R compression
Command: /home/louza/mm-repair/sdsl/encode.x /mnt/data/datasets/machine-learning-matrices-split/census.csv.20.10.vc.R 
Integer vector compression time: 0.0413
==== Ans-fold compression
Command: /home/louza/mm-repair/ans/encode.x /mnt/data/datasets/machine-learning-matrices-split/census.csv.20.10.vc.C 
Ans-fold time: 0.8442
==== Integer vector .C compression
Command: /home/louza/mm-repair/sdsl/encode.x /mnt/data/datasets/machine-learning-matrices-split/census.csv.20.11.vc.C 
==== Integer vector .R compression
Command: /home/louza/mm-repair/sdsl/encode.x /mnt/data/datasets/machine-learning-matrices-split/census.csv.20.11.vc.R 
Integer vector compression time: 0.0525
==== Ans-fold compression
Command: /home/louza/mm-repair/ans/encode.x /mnt/data/datasets/machine-learning-matrices-split/census.csv.20.11.vc.C 
Ans-fold time: 0.8797
==== Integer vector .C compression
Command: /home/louza/mm-repair/sdsl/encode.x /mnt/data/datasets/machine-learning-matrices-split/census.csv.20.12.vc.C 
==== Integer vector .R compression
Command: /home/louza/mm-repair/sdsl/encode.x /mnt/data/datasets/machine-learning-matrices-split/census.csv.20.12.vc.R 
Integer vector compression time: 0.0566
==== Ans-fold compression
Command: /home/louza/mm-repair/ans/encode.x /mnt/data/datasets/machine-learning-matrices-split/census.csv.20.12.vc.C 
Ans-fold time: 0.9244
==== Integer vector .C compression
Command: /home/louza/mm-repair/sdsl/encode.x /mnt/data/datasets/machine-learning-matrices-split/census.csv.20.13.vc.C 
==== Integer vector .R compression
Command: /home/louza/mm-repair/sdsl/encode.x /mnt/data/datasets/machine-learning-matrices-split/census.csv.20.13.vc.R 
Integer vector compression time: 0.0527
==== Ans-fold compression
Command: /home/louza/mm-repair/ans/encode.x /mnt/data/datasets/machine-learning-matrices-split/census.csv.20.13.vc.C 
Ans-fold time: 0.9687
==== Integer vector .C compression
Command: /home/louza/mm-repair/sdsl/encode.x /mnt/data/datasets/machine-learning-matrices-split/census.csv.20.14.vc.C 
==== Integer vector .R compression
Command: /home/louza/mm-repair/sdsl/encode.x /mnt/data/datasets/machine-learning-matrices-split/census.csv.20.14.vc.R 
Integer vector compression time: 0.0527
==== Ans-fold compression
Command: /home/louza/mm-repair/ans/encode.x /mnt/data/datasets/machine-learning-matrices-split/census.csv.20.14.vc.C 
Ans-fold time: 1.0129
==== Integer vector .C compression
Command: /home/louza/mm-repair/sdsl/encode.x /mnt/data/datasets/machine-learning-matrices-split/census.csv.20.15.vc.C 
==== Integer vector .R compression
Command: /home/louza/mm-repair/sdsl/encode.x /mnt/data/datasets/machine-learning-matrices-split/census.csv.20.15.vc.R 
Integer vector compression time: 0.0452
==== Ans-fold compression
Command: /home/louza/mm-repair/ans/encode.x /mnt/data/datasets/machine-learning-matrices-split/census.csv.20.15.vc.C 
Ans-fold time: 1.0572
==== Integer vector .C compression
Command: /home/louza/mm-repair/sdsl/encode.x /mnt/data/datasets/machine-learning-matrices-split/census.csv.20.16.vc.C 
==== Integer vector .R compression
Command: /home/louza/mm-repair/sdsl/encode.x /mnt/data/datasets/machine-learning-matrices-split/census.csv.20.16.vc.R 
Integer vector compression time: 0.0551
==== Ans-fold compression
Command: /home/louza/mm-repair/ans/encode.x /mnt/data/datasets/machine-learning-matrices-split/census.csv.20.16.vc.C 
Ans-fold time: 1.2688
==== Integer vector .C compression
Command: /home/louza/mm-repair/sdsl/encode.x /mnt/data/datasets/machine-learning-matrices-split/census.csv.20.17.vc.C 
==== Integer vector .R compression
Command: /home/louza/mm-repair/sdsl/encode.x /mnt/data/datasets/machine-learning-matrices-split/census.csv.20.17.vc.R 
Integer vector compression time: 0.0539
==== Ans-fold compression
Command: /home/louza/mm-repair/ans/encode.x /mnt/data/datasets/machine-learning-matrices-split/census.csv.20.17.vc.C 
Ans-fold time: 1.9465
==== Integer vector .C compression
Command: /home/louza/mm-repair/sdsl/encode.x /mnt/data/datasets/machine-learning-matrices-split/census.csv.20.18.vc.C 
==== Integer vector .R compression
Command: /home/louza/mm-repair/sdsl/encode.x /mnt/data/datasets/machine-learning-matrices-split/census.csv.20.18.vc.R 
Integer vector compression time: 0.0556
==== Ans-fold compression
Command: /home/louza/mm-repair/ans/encode.x /mnt/data/datasets/machine-learning-matrices-split/census.csv.20.18.vc.C 
Ans-fold time: 1.9775
==== Integer vector .C compression
Command: /home/louza/mm-repair/sdsl/encode.x /mnt/data/datasets/machine-learning-matrices-split/census.csv.20.19.vc.C 
==== Integer vector .R compression
Command: /home/louza/mm-repair/sdsl/encode.x /mnt/data/datasets/machine-learning-matrices-split/census.csv.20.19.vc.R 
Integer vector compression time: 0.0550
==== Ans-fold compression
Command: /home/louza/mm-repair/ans/encode.x /mnt/data/datasets/machine-learning-matrices-split/census.csv.20.19.vc.C 
Ans-fold time: 2.0238
Elapsed time: 119.5103
==== Compression Report:
 >> matrix name: /mnt/data/datasets/machine-learning-matrices-split/census.csv
 >> conversion time: 112.49
 >> repair time: 3.16
 >> integer vectors time: 0.05
 >> ansf time: 2.02
 >> total time: 119.51
 >> matrix log(alpha)xNumEntries size: 125372535 bytes
 >> matrix dense size: 1337307040 bytes
 >> total number of nonzero: 71928503 (43.03%)
 >> number of distinct nonzero: 45
 >> CRSV  size: 297547512 bytes  (22.25%)
 >> RE32  size: 58211112 bytes  (4.35%)
 >> REIV  size: 30925312 bytes  (2.31%)
 >> REANS size: 25019319 bytes  (1.87%)
==== Done

#### 2026-09-08 08:53:10
 Command line: ./mm-repair/matrepair -r -b 20 -p 20 /mnt/data/datasets/machine-learning-matrices-split/census.csv 2458285 68 --ole 
Setting memory for each repair instance to 23202 MBs
Sending logging messages to file: /mnt/data/datasets/machine-learning-matrices-split/census.csv.log
==== Conversion bin/csv->csrv
Command: /home/louza/mm-repair/csvmat2csrv -b 20   /mnt/data/datasets/machine-learning-matrices-split/census.csv -r 0   2458285 68
Conversion time: 21.4612
==== Repair paralell compression
---- Executing 20 parallel processes
---- Parallel processing completed
Repair time: 3.4683
==== Integer vector .C compression
Command: /home/louza/mm-repair/sdsl/encode.x /mnt/data/datasets/machine-learning-matrices-split/census.csv.20.0.vc.C 
==== Integer vector .R compression
Command: /home/louza/mm-repair/sdsl/encode.x /mnt/data/datasets/machine-learning-matrices-split/census.csv.20.0.vc.R 
Integer vector compression time: 0.0472
==== OLE
Command: /home/louza/mm-repair/ole/encode.x /mnt/data/datasets/machine-learning-matrices-split/census.csv.20.0.vc.C 
OLE time: 0.0174
==== Ans-fold compression
Command: /home/louza/mm-repair/ans/encode.x /mnt/data/datasets/machine-learning-matrices-split/census.csv.20.0.vc.C 
Ans-fold time: 0.0730
==== Integer vector .C compression
Command: /home/louza/mm-repair/sdsl/encode.x /mnt/data/datasets/machine-learning-matrices-split/census.csv.20.1.vc.C 
==== Integer vector .R compression
Command: /home/louza/mm-repair/sdsl/encode.x /mnt/data/datasets/machine-learning-matrices-split/census.csv.20.1.vc.R 
Integer vector compression time: 0.0471
==== OLE
Command: /home/louza/mm-repair/ole/encode.x /mnt/data/datasets/machine-learning-matrices-split/census.csv.20.1.vc.C 
OLE time: 0.0114
==== Ans-fold compression
Command: /home/louza/mm-repair/ans/encode.x /mnt/data/datasets/machine-learning-matrices-split/census.csv.20.1.vc.C 
Ans-fold time: 0.1040
==== Integer vector .C compression
Command: /home/louza/mm-repair/sdsl/encode.x /mnt/data/datasets/machine-learning-matrices-split/census.csv.20.2.vc.C 
==== Integer vector .R compression
Command: /home/louza/mm-repair/sdsl/encode.x /mnt/data/datasets/machine-learning-matrices-split/census.csv.20.2.vc.R 
Integer vector compression time: 0.0417
==== OLE
Command: /home/louza/mm-repair/ole/encode.x /mnt/data/datasets/machine-learning-matrices-split/census.csv.20.2.vc.C 
OLE time: 0.0223
==== Ans-fold compression
Command: /home/louza/mm-repair/ans/encode.x /mnt/data/datasets/machine-learning-matrices-split/census.csv.20.2.vc.C 
Ans-fold time: 0.1459
==== Integer vector .C compression
Command: /home/louza/mm-repair/sdsl/encode.x /mnt/data/datasets/machine-learning-matrices-split/census.csv.20.3.vc.C 
==== Integer vector .R compression
Command: /home/louza/mm-repair/sdsl/encode.x /mnt/data/datasets/machine-learning-matrices-split/census.csv.20.3.vc.R 
Integer vector compression time: 0.0507
==== OLE
Command: /home/louza/mm-repair/ole/encode.x /mnt/data/datasets/machine-learning-matrices-split/census.csv.20.3.vc.C 
OLE time: 0.0341
==== Ans-fold compression
Command: /home/louza/mm-repair/ans/encode.x /mnt/data/datasets/machine-learning-matrices-split/census.csv.20.3.vc.C 
Ans-fold time: 0.2502
==== Integer vector .C compression
Command: /home/louza/mm-repair/sdsl/encode.x /mnt/data/datasets/machine-learning-matrices-split/census.csv.20.4.vc.C 
==== Integer vector .R compression
Command: /home/louza/mm-repair/sdsl/encode.x /mnt/data/datasets/machine-learning-matrices-split/census.csv.20.4.vc.R 
Integer vector compression time: 0.0602
==== OLE
Command: /home/louza/mm-repair/ole/encode.x /mnt/data/datasets/machine-learning-matrices-split/census.csv.20.4.vc.C 
OLE time: 0.0217
==== Ans-fold compression
Command: /home/louza/mm-repair/ans/encode.x /mnt/data/datasets/machine-learning-matrices-split/census.csv.20.4.vc.C 
Ans-fold time: 0.2870
==== Integer vector .C compression
Command: /home/louza/mm-repair/sdsl/encode.x /mnt/data/datasets/machine-learning-matrices-split/census.csv.20.5.vc.C 
==== Integer vector .R compression
Command: /home/louza/mm-repair/sdsl/encode.x /mnt/data/datasets/machine-learning-matrices-split/census.csv.20.5.vc.R 
Integer vector compression time: 0.1508
==== OLE
Command: /home/louza/mm-repair/ole/encode.x /mnt/data/datasets/machine-learning-matrices-split/census.csv.20.5.vc.C 
OLE time: 0.0184
==== Ans-fold compression
Command: /home/louza/mm-repair/ans/encode.x /mnt/data/datasets/machine-learning-matrices-split/census.csv.20.5.vc.C 
Ans-fold time: 0.3221
==== Integer vector .C compression
Command: /home/louza/mm-repair/sdsl/encode.x /mnt/data/datasets/machine-learning-matrices-split/census.csv.20.6.vc.C 
==== Integer vector .R compression
Command: /home/louza/mm-repair/sdsl/encode.x /mnt/data/datasets/machine-learning-matrices-split/census.csv.20.6.vc.R 
Integer vector compression time: 0.2183
==== OLE
Command: /home/louza/mm-repair/ole/encode.x /mnt/data/datasets/machine-learning-matrices-split/census.csv.20.6.vc.C 
OLE time: 0.0577
==== Ans-fold compression
Command: /home/louza/mm-repair/ans/encode.x /mnt/data/datasets/machine-learning-matrices-split/census.csv.20.6.vc.C 
Ans-fold time: 0.4512
==== Integer vector .C compression
Command: /home/louza/mm-repair/sdsl/encode.x /mnt/data/datasets/machine-learning-matrices-split/census.csv.20.7.vc.C 
==== Integer vector .R compression
Command: /home/louza/mm-repair/sdsl/encode.x /mnt/data/datasets/machine-learning-matrices-split/census.csv.20.7.vc.R 
Integer vector compression time: 0.1368
==== OLE
Command: /home/louza/mm-repair/ole/encode.x /mnt/data/datasets/machine-learning-matrices-split/census.csv.20.7.vc.C 
OLE time: 0.0821
==== Ans-fold compression
Command: /home/louza/mm-repair/ans/encode.x /mnt/data/datasets/machine-learning-matrices-split/census.csv.20.7.vc.C 
Ans-fold time: 0.5418
==== Integer vector .C compression
Command: /home/louza/mm-repair/sdsl/encode.x /mnt/data/datasets/machine-learning-matrices-split/census.csv.20.8.vc.C 
==== Integer vector .R compression
Command: /home/louza/mm-repair/sdsl/encode.x /mnt/data/datasets/machine-learning-matrices-split/census.csv.20.8.vc.R 
Integer vector compression time: 0.0979
==== OLE
Command: /home/louza/mm-repair/ole/encode.x /mnt/data/datasets/machine-learning-matrices-split/census.csv.20.8.vc.C 
OLE time: 0.4209
==== Ans-fold compression
Command: /home/louza/mm-repair/ans/encode.x /mnt/data/datasets/machine-learning-matrices-split/census.csv.20.8.vc.C 
Ans-fold time: 0.6460
==== Integer vector .C compression
Command: /home/louza/mm-repair/sdsl/encode.x /mnt/data/datasets/machine-learning-matrices-split/census.csv.20.9.vc.C 
==== Integer vector .R compression
Command: /home/louza/mm-repair/sdsl/encode.x /mnt/data/datasets/machine-learning-matrices-split/census.csv.20.9.vc.R 
Integer vector compression time: 0.2380
==== OLE
Command: /home/louza/mm-repair/ole/encode.x /mnt/data/datasets/machine-learning-matrices-split/census.csv.20.9.vc.C 
OLE time: 0.0485
==== Ans-fold compression
Command: /home/louza/mm-repair/ans/encode.x /mnt/data/datasets/machine-learning-matrices-split/census.csv.20.9.vc.C 
Ans-fold time: 0.7991
==== Integer vector .C compression
Command: /home/louza/mm-repair/sdsl/encode.x /mnt/data/datasets/machine-learning-matrices-split/census.csv.20.10.vc.C 
==== Integer vector .R compression
Command: /home/louza/mm-repair/sdsl/encode.x /mnt/data/datasets/machine-learning-matrices-split/census.csv.20.10.vc.R 
Integer vector compression time: 0.2811
==== OLE
Command: /home/louza/mm-repair/ole/encode.x /mnt/data/datasets/machine-learning-matrices-split/census.csv.20.10.vc.C 
OLE time: 0.1139
==== Ans-fold compression
Command: /home/louza/mm-repair/ans/encode.x /mnt/data/datasets/machine-learning-matrices-split/census.csv.20.10.vc.C 
Ans-fold time: 0.9313
==== Integer vector .C compression
Command: /home/louza/mm-repair/sdsl/encode.x /mnt/data/datasets/machine-learning-matrices-split/census.csv.20.11.vc.C 
==== Integer vector .R compression
Command: /home/louza/mm-repair/sdsl/encode.x /mnt/data/datasets/machine-learning-matrices-split/census.csv.20.11.vc.R 
Integer vector compression time: 0.1179
==== OLE
Command: /home/louza/mm-repair/ole/encode.x /mnt/data/datasets/machine-learning-matrices-split/census.csv.20.11.vc.C 
OLE time: 0.1601
==== Ans-fold compression
Command: /home/louza/mm-repair/ans/encode.x /mnt/data/datasets/machine-learning-matrices-split/census.csv.20.11.vc.C 
Ans-fold time: 1.0675
==== Integer vector .C compression
Command: /home/louza/mm-repair/sdsl/encode.x /mnt/data/datasets/machine-learning-matrices-split/census.csv.20.12.vc.C 
==== Integer vector .R compression
Command: /home/louza/mm-repair/sdsl/encode.x /mnt/data/datasets/machine-learning-matrices-split/census.csv.20.12.vc.R 
Integer vector compression time: 0.1583
==== OLE
Command: /home/louza/mm-repair/ole/encode.x /mnt/data/datasets/machine-learning-matrices-split/census.csv.20.12.vc.C 
OLE time: 0.0747
==== Ans-fold compression
Command: /home/louza/mm-repair/ans/encode.x /mnt/data/datasets/machine-learning-matrices-split/census.csv.20.12.vc.C 
Ans-fold time: 1.1537
==== Integer vector .C compression
Command: /home/louza/mm-repair/sdsl/encode.x /mnt/data/datasets/machine-learning-matrices-split/census.csv.20.13.vc.C 
==== Integer vector .R compression
Command: /home/louza/mm-repair/sdsl/encode.x /mnt/data/datasets/machine-learning-matrices-split/census.csv.20.13.vc.R 
Integer vector compression time: 0.2650
==== OLE
Command: /home/louza/mm-repair/ole/encode.x /mnt/data/datasets/machine-learning-matrices-split/census.csv.20.13.vc.C 
OLE time: 0.0822
==== Ans-fold compression
Command: /home/louza/mm-repair/ans/encode.x /mnt/data/datasets/machine-learning-matrices-split/census.csv.20.13.vc.C 
Ans-fold time: 1.2211
==== Integer vector .C compression
Command: /home/louza/mm-repair/sdsl/encode.x /mnt/data/datasets/machine-learning-matrices-split/census.csv.20.14.vc.C 
==== Integer vector .R compression
Command: /home/louza/mm-repair/sdsl/encode.x /mnt/data/datasets/machine-learning-matrices-split/census.csv.20.14.vc.R 
Integer vector compression time: 0.2970
==== OLE
Command: /home/louza/mm-repair/ole/encode.x /mnt/data/datasets/machine-learning-matrices-split/census.csv.20.14.vc.C 
OLE time: 0.1397
==== Ans-fold compression
Command: /home/louza/mm-repair/ans/encode.x /mnt/data/datasets/machine-learning-matrices-split/census.csv.20.14.vc.C 
Ans-fold time: 1.3510
==== Integer vector .C compression
Command: /home/louza/mm-repair/sdsl/encode.x /mnt/data/datasets/machine-learning-matrices-split/census.csv.20.15.vc.C 
==== Integer vector .R compression
Command: /home/louza/mm-repair/sdsl/encode.x /mnt/data/datasets/machine-learning-matrices-split/census.csv.20.15.vc.R 
Integer vector compression time: 0.1813
==== OLE
Command: /home/louza/mm-repair/ole/encode.x /mnt/data/datasets/machine-learning-matrices-split/census.csv.20.15.vc.C 
OLE time: 0.0903
==== Ans-fold compression
Command: /home/louza/mm-repair/ans/encode.x /mnt/data/datasets/machine-learning-matrices-split/census.csv.20.15.vc.C 
Ans-fold time: 1.3941
==== Integer vector .C compression
Command: /home/louza/mm-repair/sdsl/encode.x /mnt/data/datasets/machine-learning-matrices-split/census.csv.20.16.vc.C 
==== Integer vector .R compression
Command: /home/louza/mm-repair/sdsl/encode.x /mnt/data/datasets/machine-learning-matrices-split/census.csv.20.16.vc.R 
Integer vector compression time: 0.1789
==== OLE
Command: /home/louza/mm-repair/ole/encode.x /mnt/data/datasets/machine-learning-matrices-split/census.csv.20.16.vc.C 
OLE time: 0.0586
==== Ans-fold compression
Command: /home/louza/mm-repair/ans/encode.x /mnt/data/datasets/machine-learning-matrices-split/census.csv.20.16.vc.C 
Ans-fold time: 1.4317
==== Integer vector .C compression
Command: /home/louza/mm-repair/sdsl/encode.x /mnt/data/datasets/machine-learning-matrices-split/census.csv.20.17.vc.C 
==== Integer vector .R compression
Command: /home/louza/mm-repair/sdsl/encode.x /mnt/data/datasets/machine-learning-matrices-split/census.csv.20.17.vc.R 
Integer vector compression time: 0.1033
==== OLE
Command: /home/louza/mm-repair/ole/encode.x /mnt/data/datasets/machine-learning-matrices-split/census.csv.20.17.vc.C 
OLE time: 0.0964
==== Ans-fold compression
Command: /home/louza/mm-repair/ans/encode.x /mnt/data/datasets/machine-learning-matrices-split/census.csv.20.17.vc.C 
Ans-fold time: 1.5079
==== Integer vector .C compression
Command: /home/louza/mm-repair/sdsl/encode.x /mnt/data/datasets/machine-learning-matrices-split/census.csv.20.18.vc.C 
==== Integer vector .R compression
Command: /home/louza/mm-repair/sdsl/encode.x /mnt/data/datasets/machine-learning-matrices-split/census.csv.20.18.vc.R 
Integer vector compression time: 0.0633
==== OLE
Command: /home/louza/mm-repair/ole/encode.x /mnt/data/datasets/machine-learning-matrices-split/census.csv.20.18.vc.C 
OLE time: 0.1036
==== Ans-fold compression
Command: /home/louza/mm-repair/ans/encode.x /mnt/data/datasets/machine-learning-matrices-split/census.csv.20.18.vc.C 
Ans-fold time: 1.5437
==== Integer vector .C compression
Command: /home/louza/mm-repair/sdsl/encode.x /mnt/data/datasets/machine-learning-matrices-split/census.csv.20.19.vc.C 
==== Integer vector .R compression
Command: /home/louza/mm-repair/sdsl/encode.x /mnt/data/datasets/machine-learning-matrices-split/census.csv.20.19.vc.R 
Integer vector compression time: 0.0748
==== OLE
Command: /home/louza/mm-repair/ole/encode.x /mnt/data/datasets/machine-learning-matrices-split/census.csv.20.19.vc.C 
OLE time: 0.0907
==== Ans-fold compression
Command: /home/louza/mm-repair/ans/encode.x /mnt/data/datasets/machine-learning-matrices-split/census.csv.20.19.vc.C 
Ans-fold time: 1.5887
Elapsed time: 31.0746
==== Compression Report:
 >> matrix name: /mnt/data/datasets/machine-learning-matrices-split/census.csv
 >> conversion time: 21.46
 >> repair time: 3.47
 >> integer vectors time: 0.07
 >> ansf time: 1.59
 >> total time: 31.07
 >> matrix log(alpha)xNumEntries size: 125372535 bytes
 >> matrix dense size: 1337307040 bytes
 >> total number of nonzero: 71928503 (43.03%)
 >> number of distinct nonzero: 45
 >> CRSV  size: 297547512 bytes  (22.25%)
 >> RE32  size: 58211112 bytes  (4.35%)
 >> REIV  size: 30925312 bytes  (2.31%)
 >> REANS size: 24182654 bytes  (1.81%)
==== Done

#### 2026-09-08 08:53:41
 Command line: ./mm-repair/matrepair -r -b 20 -p 20 /mnt/data/datasets/machine-learning-matrices-split/census.csv 2458285 68 --mapping 
Setting memory for each repair instance to 23202 MBs
Sending logging messages to file: /mnt/data/datasets/machine-learning-matrices-split/census.csv.log
==== Conversion bin/csv->csrv
Command: /home/louza/mm-repair/csvmat2csrv -b 20   /mnt/data/datasets/machine-learning-matrices-split/census.csv -r 0 -m  2458285 68
Conversion time: 21.3268
==== Repair paralell compression
---- Executing 20 parallel processes
---- Parallel processing completed
Repair time: 3.1794
==== Integer vector .C compression
Command: /home/louza/mm-repair/sdsl/encode.x /mnt/data/datasets/machine-learning-matrices-split/census.csv.20.0.vc.C 
==== Integer vector .R compression
Command: /home/louza/mm-repair/sdsl/encode.x /mnt/data/datasets/machine-learning-matrices-split/census.csv.20.0.vc.R 
Integer vector compression time: 0.3111
==== Ans-fold compression
Command: /home/louza/mm-repair/ans/encode.x /mnt/data/datasets/machine-learning-matrices-split/census.csv.20.0.vc.C 
Ans-fold time: 0.0493
==== Integer vector .C compression
Command: /home/louza/mm-repair/sdsl/encode.x /mnt/data/datasets/machine-learning-matrices-split/census.csv.20.1.vc.C 
==== Integer vector .R compression
Command: /home/louza/mm-repair/sdsl/encode.x /mnt/data/datasets/machine-learning-matrices-split/census.csv.20.1.vc.R 
Integer vector compression time: 0.4578
==== Ans-fold compression
Command: /home/louza/mm-repair/ans/encode.x /mnt/data/datasets/machine-learning-matrices-split/census.csv.20.1.vc.C 
Ans-fold time: 0.2678
==== Integer vector .C compression
Command: /home/louza/mm-repair/sdsl/encode.x /mnt/data/datasets/machine-learning-matrices-split/census.csv.20.2.vc.C 
==== Integer vector .R compression
Command: /home/louza/mm-repair/sdsl/encode.x /mnt/data/datasets/machine-learning-matrices-split/census.csv.20.2.vc.R 
Integer vector compression time: 0.4893
==== Ans-fold compression
Command: /home/louza/mm-repair/ans/encode.x /mnt/data/datasets/machine-learning-matrices-split/census.csv.20.2.vc.C 
Ans-fold time: 0.4501
==== Integer vector .C compression
Command: /home/louza/mm-repair/sdsl/encode.x /mnt/data/datasets/machine-learning-matrices-split/census.csv.20.3.vc.C 
==== Integer vector .R compression
Command: /home/louza/mm-repair/sdsl/encode.x /mnt/data/datasets/machine-learning-matrices-split/census.csv.20.3.vc.R 
Integer vector compression time: 0.5857
==== Ans-fold compression
Command: /home/louza/mm-repair/ans/encode.x /mnt/data/datasets/machine-learning-matrices-split/census.csv.20.3.vc.C 
Ans-fold time: 0.4931
==== Integer vector .C compression
Command: /home/louza/mm-repair/sdsl/encode.x /mnt/data/datasets/machine-learning-matrices-split/census.csv.20.4.vc.C 
==== Integer vector .R compression
Command: /home/louza/mm-repair/sdsl/encode.x /mnt/data/datasets/machine-learning-matrices-split/census.csv.20.4.vc.R 
Integer vector compression time: 0.0547
==== Ans-fold compression
Command: /home/louza/mm-repair/ans/encode.x /mnt/data/datasets/machine-learning-matrices-split/census.csv.20.4.vc.C 
Ans-fold time: 0.5323
==== Integer vector .C compression
Command: /home/louza/mm-repair/sdsl/encode.x /mnt/data/datasets/machine-learning-matrices-split/census.csv.20.5.vc.C 
==== Integer vector .R compression
Command: /home/louza/mm-repair/sdsl/encode.x /mnt/data/datasets/machine-learning-matrices-split/census.csv.20.5.vc.R 
Integer vector compression time: 0.0509
==== Ans-fold compression
Command: /home/louza/mm-repair/ans/encode.x /mnt/data/datasets/machine-learning-matrices-split/census.csv.20.5.vc.C 
Ans-fold time: 0.5711
==== Integer vector .C compression
Command: /home/louza/mm-repair/sdsl/encode.x /mnt/data/datasets/machine-learning-matrices-split/census.csv.20.6.vc.C 
==== Integer vector .R compression
Command: /home/louza/mm-repair/sdsl/encode.x /mnt/data/datasets/machine-learning-matrices-split/census.csv.20.6.vc.R 
Integer vector compression time: 0.0612
==== Ans-fold compression
Command: /home/louza/mm-repair/ans/encode.x /mnt/data/datasets/machine-learning-matrices-split/census.csv.20.6.vc.C 
Ans-fold time: 0.6126
==== Integer vector .C compression
Command: /home/louza/mm-repair/sdsl/encode.x /mnt/data/datasets/machine-learning-matrices-split/census.csv.20.7.vc.C 
==== Integer vector .R compression
Command: /home/louza/mm-repair/sdsl/encode.x /mnt/data/datasets/machine-learning-matrices-split/census.csv.20.7.vc.R 
Integer vector compression time: 0.0498
==== Ans-fold compression
Command: /home/louza/mm-repair/ans/encode.x /mnt/data/datasets/machine-learning-matrices-split/census.csv.20.7.vc.C 
Ans-fold time: 0.6444
==== Integer vector .C compression
Command: /home/louza/mm-repair/sdsl/encode.x /mnt/data/datasets/machine-learning-matrices-split/census.csv.20.8.vc.C 
==== Integer vector .R compression
Command: /home/louza/mm-repair/sdsl/encode.x /mnt/data/datasets/machine-learning-matrices-split/census.csv.20.8.vc.R 
Integer vector compression time: 0.0480
==== Ans-fold compression
Command: /home/louza/mm-repair/ans/encode.x /mnt/data/datasets/machine-learning-matrices-split/census.csv.20.8.vc.C 
Ans-fold time: 0.7387
==== Integer vector .C compression
Command: /home/louza/mm-repair/sdsl/encode.x /mnt/data/datasets/machine-learning-matrices-split/census.csv.20.9.vc.C 
==== Integer vector .R compression
Command: /home/louza/mm-repair/sdsl/encode.x /mnt/data/datasets/machine-learning-matrices-split/census.csv.20.9.vc.R 
Integer vector compression time: 0.0490
==== Ans-fold compression
Command: /home/louza/mm-repair/ans/encode.x /mnt/data/datasets/machine-learning-matrices-split/census.csv.20.9.vc.C 
Ans-fold time: 0.7763
==== Integer vector .C compression
Command: /home/louza/mm-repair/sdsl/encode.x /mnt/data/datasets/machine-learning-matrices-split/census.csv.20.10.vc.C 
==== Integer vector .R compression
Command: /home/louza/mm-repair/sdsl/encode.x /mnt/data/datasets/machine-learning-matrices-split/census.csv.20.10.vc.R 
Integer vector compression time: 0.0527
==== Ans-fold compression
Command: /home/louza/mm-repair/ans/encode.x /mnt/data/datasets/machine-learning-matrices-split/census.csv.20.10.vc.C 
Ans-fold time: 0.8146
==== Integer vector .C compression
Command: /home/louza/mm-repair/sdsl/encode.x /mnt/data/datasets/machine-learning-matrices-split/census.csv.20.11.vc.C 
==== Integer vector .R compression
Command: /home/louza/mm-repair/sdsl/encode.x /mnt/data/datasets/machine-learning-matrices-split/census.csv.20.11.vc.R 
Integer vector compression time: 0.0497
==== Ans-fold compression
Command: /home/louza/mm-repair/ans/encode.x /mnt/data/datasets/machine-learning-matrices-split/census.csv.20.11.vc.C 
Ans-fold time: 0.8493
==== Integer vector .C compression
Command: /home/louza/mm-repair/sdsl/encode.x /mnt/data/datasets/machine-learning-matrices-split/census.csv.20.12.vc.C 
==== Integer vector .R compression
Command: /home/louza/mm-repair/sdsl/encode.x /mnt/data/datasets/machine-learning-matrices-split/census.csv.20.12.vc.R 
Integer vector compression time: 0.0526
==== Ans-fold compression
Command: /home/louza/mm-repair/ans/encode.x /mnt/data/datasets/machine-learning-matrices-split/census.csv.20.12.vc.C 
Ans-fold time: 0.8887
==== Integer vector .C compression
Command: /home/louza/mm-repair/sdsl/encode.x /mnt/data/datasets/machine-learning-matrices-split/census.csv.20.13.vc.C 
==== Integer vector .R compression
Command: /home/louza/mm-repair/sdsl/encode.x /mnt/data/datasets/machine-learning-matrices-split/census.csv.20.13.vc.R 
Integer vector compression time: 0.1974
==== Ans-fold compression
Command: /home/louza/mm-repair/ans/encode.x /mnt/data/datasets/machine-learning-matrices-split/census.csv.20.13.vc.C 
Ans-fold time: 0.9202
==== Integer vector .C compression
Command: /home/louza/mm-repair/sdsl/encode.x /mnt/data/datasets/machine-learning-matrices-split/census.csv.20.14.vc.C 
==== Integer vector .R compression
Command: /home/louza/mm-repair/sdsl/encode.x /mnt/data/datasets/machine-learning-matrices-split/census.csv.20.14.vc.R 
Integer vector compression time: 0.0477
==== Ans-fold compression
Command: /home/louza/mm-repair/ans/encode.x /mnt/data/datasets/machine-learning-matrices-split/census.csv.20.14.vc.C 
Ans-fold time: 0.9591
==== Integer vector .C compression
Command: /home/louza/mm-repair/sdsl/encode.x /mnt/data/datasets/machine-learning-matrices-split/census.csv.20.15.vc.C 
==== Integer vector .R compression
Command: /home/louza/mm-repair/sdsl/encode.x /mnt/data/datasets/machine-learning-matrices-split/census.csv.20.15.vc.R 
Integer vector compression time: 0.1182
==== Ans-fold compression
Command: /home/louza/mm-repair/ans/encode.x /mnt/data/datasets/machine-learning-matrices-split/census.csv.20.15.vc.C 
Ans-fold time: 0.9945
==== Integer vector .C compression
Command: /home/louza/mm-repair/sdsl/encode.x /mnt/data/datasets/machine-learning-matrices-split/census.csv.20.16.vc.C 
==== Integer vector .R compression
Command: /home/louza/mm-repair/sdsl/encode.x /mnt/data/datasets/machine-learning-matrices-split/census.csv.20.16.vc.R 
Integer vector compression time: 0.0447
==== Ans-fold compression
Command: /home/louza/mm-repair/ans/encode.x /mnt/data/datasets/machine-learning-matrices-split/census.csv.20.16.vc.C 
Ans-fold time: 1.0369
==== Integer vector .C compression
Command: /home/louza/mm-repair/sdsl/encode.x /mnt/data/datasets/machine-learning-matrices-split/census.csv.20.17.vc.C 
==== Integer vector .R compression
Command: /home/louza/mm-repair/sdsl/encode.x /mnt/data/datasets/machine-learning-matrices-split/census.csv.20.17.vc.R 
Integer vector compression time: 0.0503
==== Ans-fold compression
Command: /home/louza/mm-repair/ans/encode.x /mnt/data/datasets/machine-learning-matrices-split/census.csv.20.17.vc.C 
Ans-fold time: 1.0720
==== Integer vector .C compression
Command: /home/louza/mm-repair/sdsl/encode.x /mnt/data/datasets/machine-learning-matrices-split/census.csv.20.18.vc.C 
==== Integer vector .R compression
Command: /home/louza/mm-repair/sdsl/encode.x /mnt/data/datasets/machine-learning-matrices-split/census.csv.20.18.vc.R 
Integer vector compression time: 0.0395
==== Ans-fold compression
Command: /home/louza/mm-repair/ans/encode.x /mnt/data/datasets/machine-learning-matrices-split/census.csv.20.18.vc.C 
Ans-fold time: 1.1028
==== Integer vector .C compression
Command: /home/louza/mm-repair/sdsl/encode.x /mnt/data/datasets/machine-learning-matrices-split/census.csv.20.19.vc.C 
==== Integer vector .R compression
Command: /home/louza/mm-repair/sdsl/encode.x /mnt/data/datasets/machine-learning-matrices-split/census.csv.20.19.vc.R 
Integer vector compression time: 0.0395
==== Ans-fold compression
Command: /home/louza/mm-repair/ans/encode.x /mnt/data/datasets/machine-learning-matrices-split/census.csv.20.19.vc.C 
Ans-fold time: 1.1437
Command: /home/louza/mm-repair/ans/encode.x /mnt/data/datasets/machine-learning-matrices-split/census.csv.wcode 
Elapsed time: 28.5051
==== Compression Report:
 >> matrix name: /mnt/data/datasets/machine-learning-matrices-split/census.csv
 >> conversion time: 21.33
 >> repair time: 3.18
 >> integer vectors time: 0.04
 >> ansf time: 1.14
 >> total time: 28.51
 >> wcode: 1324 bytes
 >> wcode_ans: 178 bytes
 >> matrix log(alpha)xNumEntries size: 125372535 bytes
 >> matrix dense size: 1337307040 bytes
 >> total number of nonzero: 71928503 (43.03%)
 >> number of distinct nonzero: 45
 >> CRSV  size: 297547512 bytes  (22.25%)
 >> RE32  size: 58212436 bytes  (4.35%)
 >> REIV  size: 30926636 bytes  (2.31%)
 >> REANS size: 24962581 bytes  (1.87%)
==== Done

#### 2026-09-08 08:54:10
 Command line: ./mm-repair/matrepair -r -b 20 -p 20 /mnt/data/datasets/machine-learning-matrices-split/census.csv 2458285 68 --split 
Setting memory for each repair instance to 23202 MBs
Sending logging messages to file: /mnt/data/datasets/machine-learning-matrices-split/census.csv.log
==== Conversion bin/csv->csrv
Command: /home/louza/mm-repair/csvmat2csrv -b 20   /mnt/data/datasets/machine-learning-matrices-split/census.csv -r 0  -s 2458285 68
Conversion time: 40.8335
==== Repair paralell compression
---- Executing 20 parallel processes
---- Parallel processing completed
Repair time: 2.8227
==== Integer vector .C compression
Command: /home/louza/mm-repair/sdsl/encode.x /mnt/data/datasets/machine-learning-matrices-split/census.csv.20.0.A.vc.C 
==== Integer vector .R compression
Command: /home/louza/mm-repair/sdsl/encode.x /mnt/data/datasets/machine-learning-matrices-split/census.csv.20.0.A.vc.R 
Integer vector compression time: 0.0521
==== Ans-fold compression
Command: /home/louza/mm-repair/ans/encode.x /mnt/data/datasets/machine-learning-matrices-split/census.csv.20.0.A.vc.C 
Command: /home/louza/mm-repair/ans/encode.x /mnt/data/datasets/machine-learning-matrices-split/census.csv.20.0.B.vc
Ans-fold time: 0.0500
==== Integer vector .C compression
Command: /home/louza/mm-repair/sdsl/encode.x /mnt/data/datasets/machine-learning-matrices-split/census.csv.20.1.A.vc.C 
==== Integer vector .R compression
Command: /home/louza/mm-repair/sdsl/encode.x /mnt/data/datasets/machine-learning-matrices-split/census.csv.20.1.A.vc.R 
Integer vector compression time: 0.0482
==== Ans-fold compression
Command: /home/louza/mm-repair/ans/encode.x /mnt/data/datasets/machine-learning-matrices-split/census.csv.20.1.A.vc.C 
Command: /home/louza/mm-repair/ans/encode.x /mnt/data/datasets/machine-learning-matrices-split/census.csv.20.1.B.vc
Ans-fold time: 0.1002
==== Integer vector .C compression
Command: /home/louza/mm-repair/sdsl/encode.x /mnt/data/datasets/machine-learning-matrices-split/census.csv.20.2.A.vc.C 
==== Integer vector .R compression
Command: /home/louza/mm-repair/sdsl/encode.x /mnt/data/datasets/machine-learning-matrices-split/census.csv.20.2.A.vc.R 
Integer vector compression time: 0.0535
==== Ans-fold compression
Command: /home/louza/mm-repair/ans/encode.x /mnt/data/datasets/machine-learning-matrices-split/census.csv.20.2.A.vc.C 
Command: /home/louza/mm-repair/ans/encode.x /mnt/data/datasets/machine-learning-matrices-split/census.csv.20.2.B.vc
Ans-fold time: 0.1564
==== Integer vector .C compression
Command: /home/louza/mm-repair/sdsl/encode.x /mnt/data/datasets/machine-learning-matrices-split/census.csv.20.3.A.vc.C 
==== Integer vector .R compression
Command: /home/louza/mm-repair/sdsl/encode.x /mnt/data/datasets/machine-learning-matrices-split/census.csv.20.3.A.vc.R 
Integer vector compression time: 0.0487
==== Ans-fold compression
Command: /home/louza/mm-repair/ans/encode.x /mnt/data/datasets/machine-learning-matrices-split/census.csv.20.3.A.vc.C 
Command: /home/louza/mm-repair/ans/encode.x /mnt/data/datasets/machine-learning-matrices-split/census.csv.20.3.B.vc
Ans-fold time: 0.2011
==== Integer vector .C compression
Command: /home/louza/mm-repair/sdsl/encode.x /mnt/data/datasets/machine-learning-matrices-split/census.csv.20.4.A.vc.C 
==== Integer vector .R compression
Command: /home/louza/mm-repair/sdsl/encode.x /mnt/data/datasets/machine-learning-matrices-split/census.csv.20.4.A.vc.R 
Integer vector compression time: 0.2019
==== Ans-fold compression
Command: /home/louza/mm-repair/ans/encode.x /mnt/data/datasets/machine-learning-matrices-split/census.csv.20.4.A.vc.C 
Command: /home/louza/mm-repair/ans/encode.x /mnt/data/datasets/machine-learning-matrices-split/census.csv.20.4.B.vc
Ans-fold time: 0.2451
==== Integer vector .C compression
Command: /home/louza/mm-repair/sdsl/encode.x /mnt/data/datasets/machine-learning-matrices-split/census.csv.20.5.A.vc.C 
==== Integer vector .R compression
Command: /home/louza/mm-repair/sdsl/encode.x /mnt/data/datasets/machine-learning-matrices-split/census.csv.20.5.A.vc.R 
Integer vector compression time: 0.0419
==== Ans-fold compression
Command: /home/louza/mm-repair/ans/encode.x /mnt/data/datasets/machine-learning-matrices-split/census.csv.20.5.A.vc.C 
Command: /home/louza/mm-repair/ans/encode.x /mnt/data/datasets/machine-learning-matrices-split/census.csv.20.5.B.vc
Ans-fold time: 0.2807
==== Integer vector .C compression
Command: /home/louza/mm-repair/sdsl/encode.x /mnt/data/datasets/machine-learning-matrices-split/census.csv.20.6.A.vc.C 
==== Integer vector .R compression
Command: /home/louza/mm-repair/sdsl/encode.x /mnt/data/datasets/machine-learning-matrices-split/census.csv.20.6.A.vc.R 
Integer vector compression time: 0.0499
==== Ans-fold compression
Command: /home/louza/mm-repair/ans/encode.x /mnt/data/datasets/machine-learning-matrices-split/census.csv.20.6.A.vc.C 
Command: /home/louza/mm-repair/ans/encode.x /mnt/data/datasets/machine-learning-matrices-split/census.csv.20.6.B.vc
Ans-fold time: 0.3260
==== Integer vector .C compression
Command: /home/louza/mm-repair/sdsl/encode.x /mnt/data/datasets/machine-learning-matrices-split/census.csv.20.7.A.vc.C 
==== Integer vector .R compression
Command: /home/louza/mm-repair/sdsl/encode.x /mnt/data/datasets/machine-learning-matrices-split/census.csv.20.7.A.vc.R 
Integer vector compression time: 0.0513
==== Ans-fold compression
Command: /home/louza/mm-repair/ans/encode.x /mnt/data/datasets/machine-learning-matrices-split/census.csv.20.7.A.vc.C 
Command: /home/louza/mm-repair/ans/encode.x /mnt/data/datasets/machine-learning-matrices-split/census.csv.20.7.B.vc
Ans-fold time: 0.3675
==== Integer vector .C compression
Command: /home/louza/mm-repair/sdsl/encode.x /mnt/data/datasets/machine-learning-matrices-split/census.csv.20.8.A.vc.C 
==== Integer vector .R compression
Command: /home/louza/mm-repair/sdsl/encode.x /mnt/data/datasets/machine-learning-matrices-split/census.csv.20.8.A.vc.R 
Integer vector compression time: 0.0417
==== Ans-fold compression
Command: /home/louza/mm-repair/ans/encode.x /mnt/data/datasets/machine-learning-matrices-split/census.csv.20.8.A.vc.C 
Command: /home/louza/mm-repair/ans/encode.x /mnt/data/datasets/machine-learning-matrices-split/census.csv.20.8.B.vc
Ans-fold time: 0.4042
==== Integer vector .C compression
Command: /home/louza/mm-repair/sdsl/encode.x /mnt/data/datasets/machine-learning-matrices-split/census.csv.20.9.A.vc.C 
==== Integer vector .R compression
Command: /home/louza/mm-repair/sdsl/encode.x /mnt/data/datasets/machine-learning-matrices-split/census.csv.20.9.A.vc.R 
Integer vector compression time: 0.0524
==== Ans-fold compression
Command: /home/louza/mm-repair/ans/encode.x /mnt/data/datasets/machine-learning-matrices-split/census.csv.20.9.A.vc.C 
Command: /home/louza/mm-repair/ans/encode.x /mnt/data/datasets/machine-learning-matrices-split/census.csv.20.9.B.vc
Ans-fold time: 0.4496
==== Integer vector .C compression
Command: /home/louza/mm-repair/sdsl/encode.x /mnt/data/datasets/machine-learning-matrices-split/census.csv.20.10.A.vc.C 
==== Integer vector .R compression
Command: /home/louza/mm-repair/sdsl/encode.x /mnt/data/datasets/machine-learning-matrices-split/census.csv.20.10.A.vc.R 
Integer vector compression time: 0.0508
==== Ans-fold compression
Command: /home/louza/mm-repair/ans/encode.x /mnt/data/datasets/machine-learning-matrices-split/census.csv.20.10.A.vc.C 
Command: /home/louza/mm-repair/ans/encode.x /mnt/data/datasets/machine-learning-matrices-split/census.csv.20.10.B.vc
Ans-fold time: 0.4937
==== Integer vector .C compression
Command: /home/louza/mm-repair/sdsl/encode.x /mnt/data/datasets/machine-learning-matrices-split/census.csv.20.11.A.vc.C 
==== Integer vector .R compression
Command: /home/louza/mm-repair/sdsl/encode.x /mnt/data/datasets/machine-learning-matrices-split/census.csv.20.11.A.vc.R 
Integer vector compression time: 0.0509
==== Ans-fold compression
Command: /home/louza/mm-repair/ans/encode.x /mnt/data/datasets/machine-learning-matrices-split/census.csv.20.11.A.vc.C 
Command: /home/louza/mm-repair/ans/encode.x /mnt/data/datasets/machine-learning-matrices-split/census.csv.20.11.B.vc
Ans-fold time: 0.5466
==== Integer vector .C compression
Command: /home/louza/mm-repair/sdsl/encode.x /mnt/data/datasets/machine-learning-matrices-split/census.csv.20.12.A.vc.C 
==== Integer vector .R compression
Command: /home/louza/mm-repair/sdsl/encode.x /mnt/data/datasets/machine-learning-matrices-split/census.csv.20.12.A.vc.R 
Integer vector compression time: 0.0546
==== Ans-fold compression
Command: /home/louza/mm-repair/ans/encode.x /mnt/data/datasets/machine-learning-matrices-split/census.csv.20.12.A.vc.C 
Command: /home/louza/mm-repair/ans/encode.x /mnt/data/datasets/machine-learning-matrices-split/census.csv.20.12.B.vc
Ans-fold time: 0.5991
==== Integer vector .C compression
Command: /home/louza/mm-repair/sdsl/encode.x /mnt/data/datasets/machine-learning-matrices-split/census.csv.20.13.A.vc.C 
==== Integer vector .R compression
Command: /home/louza/mm-repair/sdsl/encode.x /mnt/data/datasets/machine-learning-matrices-split/census.csv.20.13.A.vc.R 
Integer vector compression time: 0.0477
==== Ans-fold compression
Command: /home/louza/mm-repair/ans/encode.x /mnt/data/datasets/machine-learning-matrices-split/census.csv.20.13.A.vc.C 
Command: /home/louza/mm-repair/ans/encode.x /mnt/data/datasets/machine-learning-matrices-split/census.csv.20.13.B.vc
Ans-fold time: 0.6426
==== Integer vector .C compression
Command: /home/louza/mm-repair/sdsl/encode.x /mnt/data/datasets/machine-learning-matrices-split/census.csv.20.14.A.vc.C 
==== Integer vector .R compression
Command: /home/louza/mm-repair/sdsl/encode.x /mnt/data/datasets/machine-learning-matrices-split/census.csv.20.14.A.vc.R 
Integer vector compression time: 0.0465
==== Ans-fold compression
Command: /home/louza/mm-repair/ans/encode.x /mnt/data/datasets/machine-learning-matrices-split/census.csv.20.14.A.vc.C 
Command: /home/louza/mm-repair/ans/encode.x /mnt/data/datasets/machine-learning-matrices-split/census.csv.20.14.B.vc
Ans-fold time: 0.6909
==== Integer vector .C compression
Command: /home/louza/mm-repair/sdsl/encode.x /mnt/data/datasets/machine-learning-matrices-split/census.csv.20.15.A.vc.C 
==== Integer vector .R compression
Command: /home/louza/mm-repair/sdsl/encode.x /mnt/data/datasets/machine-learning-matrices-split/census.csv.20.15.A.vc.R 
Integer vector compression time: 0.0413
==== Ans-fold compression
Command: /home/louza/mm-repair/ans/encode.x /mnt/data/datasets/machine-learning-matrices-split/census.csv.20.15.A.vc.C 
Command: /home/louza/mm-repair/ans/encode.x /mnt/data/datasets/machine-learning-matrices-split/census.csv.20.15.B.vc
Ans-fold time: 0.7408
==== Integer vector .C compression
Command: /home/louza/mm-repair/sdsl/encode.x /mnt/data/datasets/machine-learning-matrices-split/census.csv.20.16.A.vc.C 
==== Integer vector .R compression
Command: /home/louza/mm-repair/sdsl/encode.x /mnt/data/datasets/machine-learning-matrices-split/census.csv.20.16.A.vc.R 
Integer vector compression time: 0.0523
==== Ans-fold compression
Command: /home/louza/mm-repair/ans/encode.x /mnt/data/datasets/machine-learning-matrices-split/census.csv.20.16.A.vc.C 
Command: /home/louza/mm-repair/ans/encode.x /mnt/data/datasets/machine-learning-matrices-split/census.csv.20.16.B.vc
Ans-fold time: 0.8815
==== Integer vector .C compression
Command: /home/louza/mm-repair/sdsl/encode.x /mnt/data/datasets/machine-learning-matrices-split/census.csv.20.17.A.vc.C 
==== Integer vector .R compression
Command: /home/louza/mm-repair/sdsl/encode.x /mnt/data/datasets/machine-learning-matrices-split/census.csv.20.17.A.vc.R 
Integer vector compression time: 0.0529
==== Ans-fold compression
Command: /home/louza/mm-repair/ans/encode.x /mnt/data/datasets/machine-learning-matrices-split/census.csv.20.17.A.vc.C 
Command: /home/louza/mm-repair/ans/encode.x /mnt/data/datasets/machine-learning-matrices-split/census.csv.20.17.B.vc
Ans-fold time: 0.9364
==== Integer vector .C compression
Command: /home/louza/mm-repair/sdsl/encode.x /mnt/data/datasets/machine-learning-matrices-split/census.csv.20.18.A.vc.C 
==== Integer vector .R compression
Command: /home/louza/mm-repair/sdsl/encode.x /mnt/data/datasets/machine-learning-matrices-split/census.csv.20.18.A.vc.R 
Integer vector compression time: 0.0524
==== Ans-fold compression
Command: /home/louza/mm-repair/ans/encode.x /mnt/data/datasets/machine-learning-matrices-split/census.csv.20.18.A.vc.C 
Command: /home/louza/mm-repair/ans/encode.x /mnt/data/datasets/machine-learning-matrices-split/census.csv.20.18.B.vc
Ans-fold time: 0.9891
==== Integer vector .C compression
Command: /home/louza/mm-repair/sdsl/encode.x /mnt/data/datasets/machine-learning-matrices-split/census.csv.20.19.A.vc.C 
==== Integer vector .R compression
Command: /home/louza/mm-repair/sdsl/encode.x /mnt/data/datasets/machine-learning-matrices-split/census.csv.20.19.A.vc.R 
Integer vector compression time: 0.0494
==== Ans-fold compression
Command: /home/louza/mm-repair/ans/encode.x /mnt/data/datasets/machine-learning-matrices-split/census.csv.20.19.A.vc.C 
Command: /home/louza/mm-repair/ans/encode.x /mnt/data/datasets/machine-learning-matrices-split/census.csv.20.19.B.vc
Ans-fold time: 1.0364
Elapsed time: 45.8339
==== Compression Report:
 >> matrix name: /mnt/data/datasets/machine-learning-matrices-split/census.csv
 >> conversion time: 40.83
 >> repair time: 2.82
 >> integer vectors time: 0.05
 >> ansf time: 1.04
 >> total time: 45.83
 >> matrix log(alpha)xNumEntries size: 125372535 bytes
 >> matrix dense size: 1337307040 bytes
 >> total number of nonzero: 71926934 (43.03%)
 >> number of distinct nonzero: 45
 >> CRSV  size: 297541236 bytes  (22.25%)
 >> B	  size: 9839416 bytes  (0.74%)
 >> B_ans size: 5572 bytes  (0.00%)
 >> RE32  size: 58211064 bytes  (4.35%)
 >> REIV  size: 30927916 bytes  (2.31%)
 >> REANS size: 25021909 bytes  (1.87%)
==== Done

#### 2026-09-08 08:54:56
 Command line: ./mm-repair/matrepair -r -b 20 -p 20 /mnt/data/datasets/machine-learning-matrices-split/census.csv 2458285 68 --ole --mapping 
Setting memory for each repair instance to 23202 MBs
Sending logging messages to file: /mnt/data/datasets/machine-learning-matrices-split/census.csv.log
==== Conversion bin/csv->csrv
Command: /home/louza/mm-repair/csvmat2csrv -b 20   /mnt/data/datasets/machine-learning-matrices-split/census.csv -r 0 -m  2458285 68
Conversion time: 46.1233
==== Repair paralell compression
---- Executing 20 parallel processes
---- Parallel processing completed
Repair time: 4.8413
==== Integer vector .C compression
Command: /home/louza/mm-repair/sdsl/encode.x /mnt/data/datasets/machine-learning-matrices-split/census.csv.20.0.vc.C 
==== Integer vector .R compression
Command: /home/louza/mm-repair/sdsl/encode.x /mnt/data/datasets/machine-learning-matrices-split/census.csv.20.0.vc.R 
Integer vector compression time: 0.2938
==== OLE
Command: /home/louza/mm-repair/ole/encode.x /mnt/data/datasets/machine-learning-matrices-split/census.csv.20.0.vc.C 
OLE time: 0.0318
==== Ans-fold compression
Command: /home/louza/mm-repair/ans/encode.x /mnt/data/datasets/machine-learning-matrices-split/census.csv.20.0.vc.C 
Ans-fold time: 0.0923
==== Integer vector .C compression
Command: /home/louza/mm-repair/sdsl/encode.x /mnt/data/datasets/machine-learning-matrices-split/census.csv.20.1.vc.C 
==== Integer vector .R compression
Command: /home/louza/mm-repair/sdsl/encode.x /mnt/data/datasets/machine-learning-matrices-split/census.csv.20.1.vc.R 
Integer vector compression time: 0.0558
==== OLE
Command: /home/louza/mm-repair/ole/encode.x /mnt/data/datasets/machine-learning-matrices-split/census.csv.20.1.vc.C 
OLE time: 0.0195
==== Ans-fold compression
Command: /home/louza/mm-repair/ans/encode.x /mnt/data/datasets/machine-learning-matrices-split/census.csv.20.1.vc.C 
Ans-fold time: 0.1287
==== Integer vector .C compression
Command: /home/louza/mm-repair/sdsl/encode.x /mnt/data/datasets/machine-learning-matrices-split/census.csv.20.2.vc.C 
==== Integer vector .R compression
Command: /home/louza/mm-repair/sdsl/encode.x /mnt/data/datasets/machine-learning-matrices-split/census.csv.20.2.vc.R 
Integer vector compression time: 0.1881
==== OLE
Command: /home/louza/mm-repair/ole/encode.x /mnt/data/datasets/machine-learning-matrices-split/census.csv.20.2.vc.C 
OLE time: 0.0842
==== Ans-fold compression
Command: /home/louza/mm-repair/ans/encode.x /mnt/data/datasets/machine-learning-matrices-split/census.csv.20.2.vc.C 
Ans-fold time: 0.1842
==== Integer vector .C compression
Command: /home/louza/mm-repair/sdsl/encode.x /mnt/data/datasets/machine-learning-matrices-split/census.csv.20.3.vc.C 
==== Integer vector .R compression
Command: /home/louza/mm-repair/sdsl/encode.x /mnt/data/datasets/machine-learning-matrices-split/census.csv.20.3.vc.R 
Integer vector compression time: 0.0505
==== OLE
Command: /home/louza/mm-repair/ole/encode.x /mnt/data/datasets/machine-learning-matrices-split/census.csv.20.3.vc.C 
OLE time: 0.0153
==== Ans-fold compression
Command: /home/louza/mm-repair/ans/encode.x /mnt/data/datasets/machine-learning-matrices-split/census.csv.20.3.vc.C 
Ans-fold time: 0.2226
==== Integer vector .C compression
Command: /home/louza/mm-repair/sdsl/encode.x /mnt/data/datasets/machine-learning-matrices-split/census.csv.20.4.vc.C 
==== Integer vector .R compression
Command: /home/louza/mm-repair/sdsl/encode.x /mnt/data/datasets/machine-learning-matrices-split/census.csv.20.4.vc.R 
Integer vector compression time: 0.0511
==== OLE
Command: /home/louza/mm-repair/ole/encode.x /mnt/data/datasets/machine-learning-matrices-split/census.csv.20.4.vc.C 
OLE time: 0.0154
==== Ans-fold compression
Command: /home/louza/mm-repair/ans/encode.x /mnt/data/datasets/machine-learning-matrices-split/census.csv.20.4.vc.C 
Ans-fold time: 0.2612
==== Integer vector .C compression
Command: /home/louza/mm-repair/sdsl/encode.x /mnt/data/datasets/machine-learning-matrices-split/census.csv.20.5.vc.C 
==== Integer vector .R compression
Command: /home/louza/mm-repair/sdsl/encode.x /mnt/data/datasets/machine-learning-matrices-split/census.csv.20.5.vc.R 
Integer vector compression time: 0.0516
==== OLE
Command: /home/louza/mm-repair/ole/encode.x /mnt/data/datasets/machine-learning-matrices-split/census.csv.20.5.vc.C 
OLE time: 0.0226
==== Ans-fold compression
Command: /home/louza/mm-repair/ans/encode.x /mnt/data/datasets/machine-learning-matrices-split/census.csv.20.5.vc.C 
Ans-fold time: 0.2990
==== Integer vector .C compression
Command: /home/louza/mm-repair/sdsl/encode.x /mnt/data/datasets/machine-learning-matrices-split/census.csv.20.6.vc.C 
==== Integer vector .R compression
Command: /home/louza/mm-repair/sdsl/encode.x /mnt/data/datasets/machine-learning-matrices-split/census.csv.20.6.vc.R 
Integer vector compression time: 0.0477
==== OLE
Command: /home/louza/mm-repair/ole/encode.x /mnt/data/datasets/machine-learning-matrices-split/census.csv.20.6.vc.C 
OLE time: 0.0151
==== Ans-fold compression
Command: /home/louza/mm-repair/ans/encode.x /mnt/data/datasets/machine-learning-matrices-split/census.csv.20.6.vc.C 
Ans-fold time: 0.3376
==== Integer vector .C compression
Command: /home/louza/mm-repair/sdsl/encode.x /mnt/data/datasets/machine-learning-matrices-split/census.csv.20.7.vc.C 
==== Integer vector .R compression
Command: /home/louza/mm-repair/sdsl/encode.x /mnt/data/datasets/machine-learning-matrices-split/census.csv.20.7.vc.R 
Integer vector compression time: 0.0505
==== OLE
Command: /home/louza/mm-repair/ole/encode.x /mnt/data/datasets/machine-learning-matrices-split/census.csv.20.7.vc.C 
OLE time: 0.0124
==== Ans-fold compression
Command: /home/louza/mm-repair/ans/encode.x /mnt/data/datasets/machine-learning-matrices-split/census.csv.20.7.vc.C 
Ans-fold time: 0.3757
==== Integer vector .C compression
Command: /home/louza/mm-repair/sdsl/encode.x /mnt/data/datasets/machine-learning-matrices-split/census.csv.20.8.vc.C 
==== Integer vector .R compression
Command: /home/louza/mm-repair/sdsl/encode.x /mnt/data/datasets/machine-learning-matrices-split/census.csv.20.8.vc.R 
Integer vector compression time: 0.0509
==== OLE
Command: /home/louza/mm-repair/ole/encode.x /mnt/data/datasets/machine-learning-matrices-split/census.csv.20.8.vc.C 
OLE time: 0.0542
==== Ans-fold compression
Command: /home/louza/mm-repair/ans/encode.x /mnt/data/datasets/machine-learning-matrices-split/census.csv.20.8.vc.C 
Ans-fold time: 0.4131
==== Integer vector .C compression
Command: /home/louza/mm-repair/sdsl/encode.x /mnt/data/datasets/machine-learning-matrices-split/census.csv.20.9.vc.C 
==== Integer vector .R compression
Command: /home/louza/mm-repair/sdsl/encode.x /mnt/data/datasets/machine-learning-matrices-split/census.csv.20.9.vc.R 
Integer vector compression time: 0.0723
==== OLE
Command: /home/louza/mm-repair/ole/encode.x /mnt/data/datasets/machine-learning-matrices-split/census.csv.20.9.vc.C 
OLE time: 0.0487
==== Ans-fold compression
Command: /home/louza/mm-repair/ans/encode.x /mnt/data/datasets/machine-learning-matrices-split/census.csv.20.9.vc.C 
Ans-fold time: 0.4508
==== Integer vector .C compression
Command: /home/louza/mm-repair/sdsl/encode.x /mnt/data/datasets/machine-learning-matrices-split/census.csv.20.10.vc.C 
==== Integer vector .R compression
Command: /home/louza/mm-repair/sdsl/encode.x /mnt/data/datasets/machine-learning-matrices-split/census.csv.20.10.vc.R 
Integer vector compression time: 0.0678
==== OLE
Command: /home/louza/mm-repair/ole/encode.x /mnt/data/datasets/machine-learning-matrices-split/census.csv.20.10.vc.C 
OLE time: 0.0656
==== Ans-fold compression
Command: /home/louza/mm-repair/ans/encode.x /mnt/data/datasets/machine-learning-matrices-split/census.csv.20.10.vc.C 
Ans-fold time: 0.4886
==== Integer vector .C compression
Command: /home/louza/mm-repair/sdsl/encode.x /mnt/data/datasets/machine-learning-matrices-split/census.csv.20.11.vc.C 
==== Integer vector .R compression
Command: /home/louza/mm-repair/sdsl/encode.x /mnt/data/datasets/machine-learning-matrices-split/census.csv.20.11.vc.R 
Integer vector compression time: 0.0808
==== OLE
Command: /home/louza/mm-repair/ole/encode.x /mnt/data/datasets/machine-learning-matrices-split/census.csv.20.11.vc.C 
OLE time: 0.1416
==== Ans-fold compression
Command: /home/louza/mm-repair/ans/encode.x /mnt/data/datasets/machine-learning-matrices-split/census.csv.20.11.vc.C 
Ans-fold time: 0.5562
==== Integer vector .C compression
Command: /home/louza/mm-repair/sdsl/encode.x /mnt/data/datasets/machine-learning-matrices-split/census.csv.20.12.vc.C 
==== Integer vector .R compression
Command: /home/louza/mm-repair/sdsl/encode.x /mnt/data/datasets/machine-learning-matrices-split/census.csv.20.12.vc.R 
Integer vector compression time: 0.0835
==== OLE
Command: /home/louza/mm-repair/ole/encode.x /mnt/data/datasets/machine-learning-matrices-split/census.csv.20.12.vc.C 
OLE time: 0.0349
==== Ans-fold compression
Command: /home/louza/mm-repair/ans/encode.x /mnt/data/datasets/machine-learning-matrices-split/census.csv.20.12.vc.C 
Ans-fold time: 0.5909
==== Integer vector .C compression
Command: /home/louza/mm-repair/sdsl/encode.x /mnt/data/datasets/machine-learning-matrices-split/census.csv.20.13.vc.C 
==== Integer vector .R compression
Command: /home/louza/mm-repair/sdsl/encode.x /mnt/data/datasets/machine-learning-matrices-split/census.csv.20.13.vc.R 
Integer vector compression time: 0.3508
==== OLE
Command: /home/louza/mm-repair/ole/encode.x /mnt/data/datasets/machine-learning-matrices-split/census.csv.20.13.vc.C 
OLE time: 0.2780
==== Ans-fold compression
Command: /home/louza/mm-repair/ans/encode.x /mnt/data/datasets/machine-learning-matrices-split/census.csv.20.13.vc.C 
Ans-fold time: 0.6732
==== Integer vector .C compression
Command: /home/louza/mm-repair/sdsl/encode.x /mnt/data/datasets/machine-learning-matrices-split/census.csv.20.14.vc.C 
==== Integer vector .R compression
Command: /home/louza/mm-repair/sdsl/encode.x /mnt/data/datasets/machine-learning-matrices-split/census.csv.20.14.vc.R 
Integer vector compression time: 0.3513
==== OLE
Command: /home/louza/mm-repair/ole/encode.x /mnt/data/datasets/machine-learning-matrices-split/census.csv.20.14.vc.C 
OLE time: 0.7335
==== Ans-fold compression
Command: /home/louza/mm-repair/ans/encode.x /mnt/data/datasets/machine-learning-matrices-split/census.csv.20.14.vc.C 
Ans-fold time: 1.2205
==== Integer vector .C compression
Command: /home/louza/mm-repair/sdsl/encode.x /mnt/data/datasets/machine-learning-matrices-split/census.csv.20.15.vc.C 
==== Integer vector .R compression
Command: /home/louza/mm-repair/sdsl/encode.x /mnt/data/datasets/machine-learning-matrices-split/census.csv.20.15.vc.R 
Integer vector compression time: 1.2538
==== OLE
Command: /home/louza/mm-repair/ole/encode.x /mnt/data/datasets/machine-learning-matrices-split/census.csv.20.15.vc.C 
OLE time: 0.0552
==== Ans-fold compression
Command: /home/louza/mm-repair/ans/encode.x /mnt/data/datasets/machine-learning-matrices-split/census.csv.20.15.vc.C 
Ans-fold time: 1.4040
==== Integer vector .C compression
Command: /home/louza/mm-repair/sdsl/encode.x /mnt/data/datasets/machine-learning-matrices-split/census.csv.20.16.vc.C 
==== Integer vector .R compression
Command: /home/louza/mm-repair/sdsl/encode.x /mnt/data/datasets/machine-learning-matrices-split/census.csv.20.16.vc.R 
Integer vector compression time: 0.0576
==== OLE
Command: /home/louza/mm-repair/ole/encode.x /mnt/data/datasets/machine-learning-matrices-split/census.csv.20.16.vc.C 
OLE time: 0.0199
==== Ans-fold compression
Command: /home/louza/mm-repair/ans/encode.x /mnt/data/datasets/machine-learning-matrices-split/census.csv.20.16.vc.C 
Ans-fold time: 1.4443
==== Integer vector .C compression
Command: /home/louza/mm-repair/sdsl/encode.x /mnt/data/datasets/machine-learning-matrices-split/census.csv.20.17.vc.C 
==== Integer vector .R compression
Command: /home/louza/mm-repair/sdsl/encode.x /mnt/data/datasets/machine-learning-matrices-split/census.csv.20.17.vc.R 
Integer vector compression time: 0.0785
==== OLE
Command: /home/louza/mm-repair/ole/encode.x /mnt/data/datasets/machine-learning-matrices-split/census.csv.20.17.vc.C 
OLE time: 0.2286
==== Ans-fold compression
Command: /home/louza/mm-repair/ans/encode.x /mnt/data/datasets/machine-learning-matrices-split/census.csv.20.17.vc.C 
Ans-fold time: 1.4824
==== Integer vector .C compression
Command: /home/louza/mm-repair/sdsl/encode.x /mnt/data/datasets/machine-learning-matrices-split/census.csv.20.18.vc.C 
==== Integer vector .R compression
Command: /home/louza/mm-repair/sdsl/encode.x /mnt/data/datasets/machine-learning-matrices-split/census.csv.20.18.vc.R 
Integer vector compression time: 0.0539
==== OLE
Command: /home/louza/mm-repair/ole/encode.x /mnt/data/datasets/machine-learning-matrices-split/census.csv.20.18.vc.C 
OLE time: 0.0344
==== Ans-fold compression
Command: /home/louza/mm-repair/ans/encode.x /mnt/data/datasets/machine-learning-matrices-split/census.csv.20.18.vc.C 
Ans-fold time: 1.5206
==== Integer vector .C compression
Command: /home/louza/mm-repair/sdsl/encode.x /mnt/data/datasets/machine-learning-matrices-split/census.csv.20.19.vc.C 
==== Integer vector .R compression
Command: /home/louza/mm-repair/sdsl/encode.x /mnt/data/datasets/machine-learning-matrices-split/census.csv.20.19.vc.R 
Integer vector compression time: 0.0626
==== OLE
Command: /home/louza/mm-repair/ole/encode.x /mnt/data/datasets/machine-learning-matrices-split/census.csv.20.19.vc.C 
OLE time: 0.0230
==== Ans-fold compression
Command: /home/louza/mm-repair/ans/encode.x /mnt/data/datasets/machine-learning-matrices-split/census.csv.20.19.vc.C 
Ans-fold time: 1.5620
Command: /home/louza/mm-repair/ans/encode.x /mnt/data/datasets/machine-learning-matrices-split/census.csv.wcode 
Elapsed time: 59.0905
==== Compression Report:
 >> matrix name: /mnt/data/datasets/machine-learning-matrices-split/census.csv
 >> conversion time: 46.12
 >> repair time: 4.84
 >> integer vectors time: 0.06
 >> ansf time: 1.56
 >> total time: 59.09
 >> wcode: 1324 bytes
 >> wcode_ans: 178 bytes
 >> matrix log(alpha)xNumEntries size: 125372535 bytes
 >> matrix dense size: 1337307040 bytes
 >> total number of nonzero: 71928503 (43.03%)
 >> number of distinct nonzero: 45
 >> CRSV  size: 297547512 bytes  (22.25%)
 >> RE32  size: 58212436 bytes  (4.35%)
 >> REIV  size: 30926636 bytes  (2.31%)
 >> REANS size: 23984427 bytes  (1.79%)
==== Done

#### 2026-09-08 08:55:55
 Command line: ./mm-repair/matrepair -r -b 20 -p 20 /mnt/data/datasets/machine-learning-matrices-split/census.csv 2458285 68 --ole --split 
Setting memory for each repair instance to 23202 MBs
Sending logging messages to file: /mnt/data/datasets/machine-learning-matrices-split/census.csv.log
==== Conversion bin/csv->csrv
Command: /home/louza/mm-repair/csvmat2csrv -b 20   /mnt/data/datasets/machine-learning-matrices-split/census.csv -r 0  -s 2458285 68
Conversion time: 120.1855
==== Repair paralell compression
---- Executing 20 parallel processes
---- Parallel processing completed
Repair time: 5.5538
==== Integer vector .C compression
Command: /home/louza/mm-repair/sdsl/encode.x /mnt/data/datasets/machine-learning-matrices-split/census.csv.20.0.A.vc.C 
==== Integer vector .R compression
Command: /home/louza/mm-repair/sdsl/encode.x /mnt/data/datasets/machine-learning-matrices-split/census.csv.20.0.A.vc.R 
Integer vector compression time: 0.6010
==== OLE
Command: /home/louza/mm-repair/ole/encode.x /mnt/data/datasets/machine-learning-matrices-split/census.csv.20.0.A.vc.C 
Command: /home/louza/mm-repair/ole/encode.x /mnt/data/datasets/machine-learning-matrices-split/census.csv.20.0.B.vc 
OLE time: 0.0195
==== Ans-fold compression
Command: /home/louza/mm-repair/ans/encode.x /mnt/data/datasets/machine-learning-matrices-split/census.csv.20.0.A.vc.C 
Command: /home/louza/mm-repair/ans/encode.x /mnt/data/datasets/machine-learning-matrices-split/census.csv.20.0.B.vc
Ans-fold time: 0.3819
==== Integer vector .C compression
Command: /home/louza/mm-repair/sdsl/encode.x /mnt/data/datasets/machine-learning-matrices-split/census.csv.20.1.A.vc.C 
==== Integer vector .R compression
Command: /home/louza/mm-repair/sdsl/encode.x /mnt/data/datasets/machine-learning-matrices-split/census.csv.20.1.A.vc.R 
Integer vector compression time: 0.5978
==== OLE
Command: /home/louza/mm-repair/ole/encode.x /mnt/data/datasets/machine-learning-matrices-split/census.csv.20.1.A.vc.C 
Command: /home/louza/mm-repair/ole/encode.x /mnt/data/datasets/machine-learning-matrices-split/census.csv.20.1.B.vc 
OLE time: 0.0060
==== Ans-fold compression
Command: /home/louza/mm-repair/ans/encode.x /mnt/data/datasets/machine-learning-matrices-split/census.csv.20.1.A.vc.C 
Command: /home/louza/mm-repair/ans/encode.x /mnt/data/datasets/machine-learning-matrices-split/census.csv.20.1.B.vc
Ans-fold time: 0.7791
==== Integer vector .C compression
Command: /home/louza/mm-repair/sdsl/encode.x /mnt/data/datasets/machine-learning-matrices-split/census.csv.20.2.A.vc.C 
==== Integer vector .R compression
Command: /home/louza/mm-repair/sdsl/encode.x /mnt/data/datasets/machine-learning-matrices-split/census.csv.20.2.A.vc.R 
Integer vector compression time: 0.2491
==== OLE
Command: /home/louza/mm-repair/ole/encode.x /mnt/data/datasets/machine-learning-matrices-split/census.csv.20.2.A.vc.C 
Command: /home/louza/mm-repair/ole/encode.x /mnt/data/datasets/machine-learning-matrices-split/census.csv.20.2.B.vc 
OLE time: 0.1011
==== Ans-fold compression
Command: /home/louza/mm-repair/ans/encode.x /mnt/data/datasets/machine-learning-matrices-split/census.csv.20.2.A.vc.C 
Command: /home/louza/mm-repair/ans/encode.x /mnt/data/datasets/machine-learning-matrices-split/census.csv.20.2.B.vc
Ans-fold time: 1.1251
==== Integer vector .C compression
Command: /home/louza/mm-repair/sdsl/encode.x /mnt/data/datasets/machine-learning-matrices-split/census.csv.20.3.A.vc.C 
==== Integer vector .R compression
Command: /home/louza/mm-repair/sdsl/encode.x /mnt/data/datasets/machine-learning-matrices-split/census.csv.20.3.A.vc.R 
Integer vector compression time: 0.5727
==== OLE
Command: /home/louza/mm-repair/ole/encode.x /mnt/data/datasets/machine-learning-matrices-split/census.csv.20.3.A.vc.C 
Command: /home/louza/mm-repair/ole/encode.x /mnt/data/datasets/machine-learning-matrices-split/census.csv.20.3.B.vc 
OLE time: 0.1009
==== Ans-fold compression
Command: /home/louza/mm-repair/ans/encode.x /mnt/data/datasets/machine-learning-matrices-split/census.csv.20.3.A.vc.C 
Command: /home/louza/mm-repair/ans/encode.x /mnt/data/datasets/machine-learning-matrices-split/census.csv.20.3.B.vc
Ans-fold time: 1.7994
==== Integer vector .C compression
Command: /home/louza/mm-repair/sdsl/encode.x /mnt/data/datasets/machine-learning-matrices-split/census.csv.20.4.A.vc.C 
==== Integer vector .R compression
Command: /home/louza/mm-repair/sdsl/encode.x /mnt/data/datasets/machine-learning-matrices-split/census.csv.20.4.A.vc.R 
Integer vector compression time: 0.3051
==== OLE
Command: /home/louza/mm-repair/ole/encode.x /mnt/data/datasets/machine-learning-matrices-split/census.csv.20.4.A.vc.C 
Command: /home/louza/mm-repair/ole/encode.x /mnt/data/datasets/machine-learning-matrices-split/census.csv.20.4.B.vc 
OLE time: 0.0593
==== Ans-fold compression
Command: /home/louza/mm-repair/ans/encode.x /mnt/data/datasets/machine-learning-matrices-split/census.csv.20.4.A.vc.C 
Command: /home/louza/mm-repair/ans/encode.x /mnt/data/datasets/machine-learning-matrices-split/census.csv.20.4.B.vc
Ans-fold time: 1.9672
==== Integer vector .C compression
Command: /home/louza/mm-repair/sdsl/encode.x /mnt/data/datasets/machine-learning-matrices-split/census.csv.20.5.A.vc.C 
==== Integer vector .R compression
Command: /home/louza/mm-repair/sdsl/encode.x /mnt/data/datasets/machine-learning-matrices-split/census.csv.20.5.A.vc.R 
Integer vector compression time: 0.4175
==== OLE
Command: /home/louza/mm-repair/ole/encode.x /mnt/data/datasets/machine-learning-matrices-split/census.csv.20.5.A.vc.C 
Command: /home/louza/mm-repair/ole/encode.x /mnt/data/datasets/machine-learning-matrices-split/census.csv.20.5.B.vc 
OLE time: 0.0672
==== Ans-fold compression
Command: /home/louza/mm-repair/ans/encode.x /mnt/data/datasets/machine-learning-matrices-split/census.csv.20.5.A.vc.C 
Command: /home/louza/mm-repair/ans/encode.x /mnt/data/datasets/machine-learning-matrices-split/census.csv.20.5.B.vc
Ans-fold time: 2.1031
==== Integer vector .C compression
Command: /home/louza/mm-repair/sdsl/encode.x /mnt/data/datasets/machine-learning-matrices-split/census.csv.20.6.A.vc.C 
==== Integer vector .R compression
Command: /home/louza/mm-repair/sdsl/encode.x /mnt/data/datasets/machine-learning-matrices-split/census.csv.20.6.A.vc.R 
Integer vector compression time: 0.6058
==== OLE
Command: /home/louza/mm-repair/ole/encode.x /mnt/data/datasets/machine-learning-matrices-split/census.csv.20.6.A.vc.C 
Command: /home/louza/mm-repair/ole/encode.x /mnt/data/datasets/machine-learning-matrices-split/census.csv.20.6.B.vc 
OLE time: 0.0113
==== Ans-fold compression
Command: /home/louza/mm-repair/ans/encode.x /mnt/data/datasets/machine-learning-matrices-split/census.csv.20.6.A.vc.C 
Command: /home/louza/mm-repair/ans/encode.x /mnt/data/datasets/machine-learning-matrices-split/census.csv.20.6.B.vc
Ans-fold time: 2.1620
==== Integer vector .C compression
Command: /home/louza/mm-repair/sdsl/encode.x /mnt/data/datasets/machine-learning-matrices-split/census.csv.20.7.A.vc.C 
==== Integer vector .R compression
Command: /home/louza/mm-repair/sdsl/encode.x /mnt/data/datasets/machine-learning-matrices-split/census.csv.20.7.A.vc.R 
Integer vector compression time: 0.7293
==== OLE
Command: /home/louza/mm-repair/ole/encode.x /mnt/data/datasets/machine-learning-matrices-split/census.csv.20.7.A.vc.C 
Command: /home/louza/mm-repair/ole/encode.x /mnt/data/datasets/machine-learning-matrices-split/census.csv.20.7.B.vc 
OLE time: 0.0823
==== Ans-fold compression
Command: /home/louza/mm-repair/ans/encode.x /mnt/data/datasets/machine-learning-matrices-split/census.csv.20.7.A.vc.C 
Command: /home/louza/mm-repair/ans/encode.x /mnt/data/datasets/machine-learning-matrices-split/census.csv.20.7.B.vc
Ans-fold time: 2.9016
==== Integer vector .C compression
Command: /home/louza/mm-repair/sdsl/encode.x /mnt/data/datasets/machine-learning-matrices-split/census.csv.20.8.A.vc.C 
==== Integer vector .R compression
Command: /home/louza/mm-repair/sdsl/encode.x /mnt/data/datasets/machine-learning-matrices-split/census.csv.20.8.A.vc.R 
Integer vector compression time: 1.1415
==== OLE
Command: /home/louza/mm-repair/ole/encode.x /mnt/data/datasets/machine-learning-matrices-split/census.csv.20.8.A.vc.C 
Command: /home/louza/mm-repair/ole/encode.x /mnt/data/datasets/machine-learning-matrices-split/census.csv.20.8.B.vc 
OLE time: 0.0693
==== Ans-fold compression
Command: /home/louza/mm-repair/ans/encode.x /mnt/data/datasets/machine-learning-matrices-split/census.csv.20.8.A.vc.C 
Command: /home/louza/mm-repair/ans/encode.x /mnt/data/datasets/machine-learning-matrices-split/census.csv.20.8.B.vc
Ans-fold time: 3.2131
==== Integer vector .C compression
Command: /home/louza/mm-repair/sdsl/encode.x /mnt/data/datasets/machine-learning-matrices-split/census.csv.20.9.A.vc.C 
==== Integer vector .R compression
Command: /home/louza/mm-repair/sdsl/encode.x /mnt/data/datasets/machine-learning-matrices-split/census.csv.20.9.A.vc.R 
Integer vector compression time: 0.2092
==== OLE
Command: /home/louza/mm-repair/ole/encode.x /mnt/data/datasets/machine-learning-matrices-split/census.csv.20.9.A.vc.C 
Command: /home/louza/mm-repair/ole/encode.x /mnt/data/datasets/machine-learning-matrices-split/census.csv.20.9.B.vc 
OLE time: 0.3403
==== Ans-fold compression
Command: /home/louza/mm-repair/ans/encode.x /mnt/data/datasets/machine-learning-matrices-split/census.csv.20.9.A.vc.C 
Command: /home/louza/mm-repair/ans/encode.x /mnt/data/datasets/machine-learning-matrices-split/census.csv.20.9.B.vc
Ans-fold time: 3.6755
==== Integer vector .C compression
Command: /home/louza/mm-repair/sdsl/encode.x /mnt/data/datasets/machine-learning-matrices-split/census.csv.20.10.A.vc.C 
==== Integer vector .R compression
Command: /home/louza/mm-repair/sdsl/encode.x /mnt/data/datasets/machine-learning-matrices-split/census.csv.20.10.A.vc.R 
Integer vector compression time: 0.1477
==== OLE
Command: /home/louza/mm-repair/ole/encode.x /mnt/data/datasets/machine-learning-matrices-split/census.csv.20.10.A.vc.C 
Command: /home/louza/mm-repair/ole/encode.x /mnt/data/datasets/machine-learning-matrices-split/census.csv.20.10.B.vc 
OLE time: 0.4659
==== Ans-fold compression
Command: /home/louza/mm-repair/ans/encode.x /mnt/data/datasets/machine-learning-matrices-split/census.csv.20.10.A.vc.C 
Command: /home/louza/mm-repair/ans/encode.x /mnt/data/datasets/machine-learning-matrices-split/census.csv.20.10.B.vc
Ans-fold time: 3.9706
==== Integer vector .C compression
Command: /home/louza/mm-repair/sdsl/encode.x /mnt/data/datasets/machine-learning-matrices-split/census.csv.20.11.A.vc.C 
==== Integer vector .R compression
Command: /home/louza/mm-repair/sdsl/encode.x /mnt/data/datasets/machine-learning-matrices-split/census.csv.20.11.A.vc.R 
Integer vector compression time: 1.0341
==== OLE
Command: /home/louza/mm-repair/ole/encode.x /mnt/data/datasets/machine-learning-matrices-split/census.csv.20.11.A.vc.C 
Command: /home/louza/mm-repair/ole/encode.x /mnt/data/datasets/machine-learning-matrices-split/census.csv.20.11.B.vc 
OLE time: 0.5118
==== Ans-fold compression
Command: /home/louza/mm-repair/ans/encode.x /mnt/data/datasets/machine-learning-matrices-split/census.csv.20.11.A.vc.C 
Command: /home/louza/mm-repair/ans/encode.x /mnt/data/datasets/machine-learning-matrices-split/census.csv.20.11.B.vc
Ans-fold time: 4.4576
==== Integer vector .C compression
Command: /home/louza/mm-repair/sdsl/encode.x /mnt/data/datasets/machine-learning-matrices-split/census.csv.20.12.A.vc.C 
==== Integer vector .R compression
Command: /home/louza/mm-repair/sdsl/encode.x /mnt/data/datasets/machine-learning-matrices-split/census.csv.20.12.A.vc.R 
Integer vector compression time: 0.5725
==== OLE
Command: /home/louza/mm-repair/ole/encode.x /mnt/data/datasets/machine-learning-matrices-split/census.csv.20.12.A.vc.C 
Command: /home/louza/mm-repair/ole/encode.x /mnt/data/datasets/machine-learning-matrices-split/census.csv.20.12.B.vc 
OLE time: 0.1068
==== Ans-fold compression
Command: /home/louza/mm-repair/ans/encode.x /mnt/data/datasets/machine-learning-matrices-split/census.csv.20.12.A.vc.C 
Command: /home/louza/mm-repair/ans/encode.x /mnt/data/datasets/machine-learning-matrices-split/census.csv.20.12.B.vc
Ans-fold time: 4.7881
==== Integer vector .C compression
Command: /home/louza/mm-repair/sdsl/encode.x /mnt/data/datasets/machine-learning-matrices-split/census.csv.20.13.A.vc.C 
==== Integer vector .R compression
Command: /home/louza/mm-repair/sdsl/encode.x /mnt/data/datasets/machine-learning-matrices-split/census.csv.20.13.A.vc.R 
Integer vector compression time: 0.5919
==== OLE
Command: /home/louza/mm-repair/ole/encode.x /mnt/data/datasets/machine-learning-matrices-split/census.csv.20.13.A.vc.C 
Command: /home/louza/mm-repair/ole/encode.x /mnt/data/datasets/machine-learning-matrices-split/census.csv.20.13.B.vc 
OLE time: 0.1533
==== Ans-fold compression
Command: /home/louza/mm-repair/ans/encode.x /mnt/data/datasets/machine-learning-matrices-split/census.csv.20.13.A.vc.C 
Command: /home/louza/mm-repair/ans/encode.x /mnt/data/datasets/machine-learning-matrices-split/census.csv.20.13.B.vc
Ans-fold time: 6.1398
==== Integer vector .C compression
Command: /home/louza/mm-repair/sdsl/encode.x /mnt/data/datasets/machine-learning-matrices-split/census.csv.20.14.A.vc.C 
==== Integer vector .R compression
Command: /home/louza/mm-repair/sdsl/encode.x /mnt/data/datasets/machine-learning-matrices-split/census.csv.20.14.A.vc.R 
Integer vector compression time: 0.0718
==== OLE
Command: /home/louza/mm-repair/ole/encode.x /mnt/data/datasets/machine-learning-matrices-split/census.csv.20.14.A.vc.C 
Command: /home/louza/mm-repair/ole/encode.x /mnt/data/datasets/machine-learning-matrices-split/census.csv.20.14.B.vc 
OLE time: 0.0027
==== Ans-fold compression
Command: /home/louza/mm-repair/ans/encode.x /mnt/data/datasets/machine-learning-matrices-split/census.csv.20.14.A.vc.C 
Command: /home/louza/mm-repair/ans/encode.x /mnt/data/datasets/machine-learning-matrices-split/census.csv.20.14.B.vc
Ans-fold time: 6.1809
==== Integer vector .C compression
Command: /home/louza/mm-repair/sdsl/encode.x /mnt/data/datasets/machine-learning-matrices-split/census.csv.20.15.A.vc.C 
==== Integer vector .R compression
Command: /home/louza/mm-repair/sdsl/encode.x /mnt/data/datasets/machine-learning-matrices-split/census.csv.20.15.A.vc.R 
Integer vector compression time: 0.0542
==== OLE
Command: /home/louza/mm-repair/ole/encode.x /mnt/data/datasets/machine-learning-matrices-split/census.csv.20.15.A.vc.C 
Command: /home/louza/mm-repair/ole/encode.x /mnt/data/datasets/machine-learning-matrices-split/census.csv.20.15.B.vc 
OLE time: 0.0077
==== Ans-fold compression
Command: /home/louza/mm-repair/ans/encode.x /mnt/data/datasets/machine-learning-matrices-split/census.csv.20.15.A.vc.C 
Command: /home/louza/mm-repair/ans/encode.x /mnt/data/datasets/machine-learning-matrices-split/census.csv.20.15.B.vc
Ans-fold time: 6.2314
==== Integer vector .C compression
Command: /home/louza/mm-repair/sdsl/encode.x /mnt/data/datasets/machine-learning-matrices-split/census.csv.20.16.A.vc.C 
==== Integer vector .R compression
Command: /home/louza/mm-repair/sdsl/encode.x /mnt/data/datasets/machine-learning-matrices-split/census.csv.20.16.A.vc.R 
Integer vector compression time: 0.0774
==== OLE
Command: /home/louza/mm-repair/ole/encode.x /mnt/data/datasets/machine-learning-matrices-split/census.csv.20.16.A.vc.C 
Command: /home/louza/mm-repair/ole/encode.x /mnt/data/datasets/machine-learning-matrices-split/census.csv.20.16.B.vc 
OLE time: 0.0502
==== Ans-fold compression
Command: /home/louza/mm-repair/ans/encode.x /mnt/data/datasets/machine-learning-matrices-split/census.csv.20.16.A.vc.C 
Command: /home/louza/mm-repair/ans/encode.x /mnt/data/datasets/machine-learning-matrices-split/census.csv.20.16.B.vc
Ans-fold time: 6.3344
==== Integer vector .C compression
Command: /home/louza/mm-repair/sdsl/encode.x /mnt/data/datasets/machine-learning-matrices-split/census.csv.20.17.A.vc.C 
==== Integer vector .R compression
Command: /home/louza/mm-repair/sdsl/encode.x /mnt/data/datasets/machine-learning-matrices-split/census.csv.20.17.A.vc.R 
Integer vector compression time: 0.1048
==== OLE
Command: /home/louza/mm-repair/ole/encode.x /mnt/data/datasets/machine-learning-matrices-split/census.csv.20.17.A.vc.C 
Command: /home/louza/mm-repair/ole/encode.x /mnt/data/datasets/machine-learning-matrices-split/census.csv.20.17.B.vc 
OLE time: 0.0081
==== Ans-fold compression
Command: /home/louza/mm-repair/ans/encode.x /mnt/data/datasets/machine-learning-matrices-split/census.csv.20.17.A.vc.C 
Command: /home/louza/mm-repair/ans/encode.x /mnt/data/datasets/machine-learning-matrices-split/census.csv.20.17.B.vc
Ans-fold time: 7.1659
==== Integer vector .C compression
Command: /home/louza/mm-repair/sdsl/encode.x /mnt/data/datasets/machine-learning-matrices-split/census.csv.20.18.A.vc.C 
==== Integer vector .R compression
Command: /home/louza/mm-repair/sdsl/encode.x /mnt/data/datasets/machine-learning-matrices-split/census.csv.20.18.A.vc.R 
Integer vector compression time: 0.6333
==== OLE
Command: /home/louza/mm-repair/ole/encode.x /mnt/data/datasets/machine-learning-matrices-split/census.csv.20.18.A.vc.C 
Command: /home/louza/mm-repair/ole/encode.x /mnt/data/datasets/machine-learning-matrices-split/census.csv.20.18.B.vc 
OLE time: 0.3350
==== Ans-fold compression
Command: /home/louza/mm-repair/ans/encode.x /mnt/data/datasets/machine-learning-matrices-split/census.csv.20.18.A.vc.C 
Command: /home/louza/mm-repair/ans/encode.x /mnt/data/datasets/machine-learning-matrices-split/census.csv.20.18.B.vc
Ans-fold time: 7.2265
==== Integer vector .C compression
Command: /home/louza/mm-repair/sdsl/encode.x /mnt/data/datasets/machine-learning-matrices-split/census.csv.20.19.A.vc.C 
==== Integer vector .R compression
Command: /home/louza/mm-repair/sdsl/encode.x /mnt/data/datasets/machine-learning-matrices-split/census.csv.20.19.A.vc.R 
Integer vector compression time: 1.0373
==== OLE
Command: /home/louza/mm-repair/ole/encode.x /mnt/data/datasets/machine-learning-matrices-split/census.csv.20.19.A.vc.C 
Command: /home/louza/mm-repair/ole/encode.x /mnt/data/datasets/machine-learning-matrices-split/census.csv.20.19.B.vc 
OLE time: 0.6405
==== Ans-fold compression
Command: /home/louza/mm-repair/ans/encode.x /mnt/data/datasets/machine-learning-matrices-split/census.csv.20.19.A.vc.C 
Command: /home/louza/mm-repair/ans/encode.x /mnt/data/datasets/machine-learning-matrices-split/census.csv.20.19.B.vc
Ans-fold time: 7.3892
Elapsed time: 152.5323
==== Compression Report:
 >> matrix name: /mnt/data/datasets/machine-learning-matrices-split/census.csv
 >> conversion time: 120.19
 >> repair time: 5.55
 >> integer vectors time: 1.04
 >> ansf time: 7.39
 >> total time: 152.53
 >> matrix log(alpha)xNumEntries size: 125372535 bytes
 >> matrix dense size: 1337307040 bytes
 >> total number of nonzero: 71926934 (43.03%)
 >> number of distinct nonzero: 45
 >> CRSV  size: 297541236 bytes  (22.25%)
 >> B	  size: 9839416 bytes  (0.74%)
 >> B_ans size: 5566 bytes  (0.00%)
 >> RE32  size: 58211058 bytes  (4.35%)
 >> REIV  size: 30927910 bytes  (2.31%)
 >> REANS size: 24184695 bytes  (1.81%)
==== Done

#### 2026-09-08 08:58:28
 Command line: ./mm-repair/matrepair -r -b 20 -p 20 /mnt/data/datasets/machine-learning-matrices-split/census.csv 2458285 68 --mapping --split 
Setting memory for each repair instance to 23202 MBs
Sending logging messages to file: /mnt/data/datasets/machine-learning-matrices-split/census.csv.log
==== Conversion bin/csv->csrv
Command: /home/louza/mm-repair/csvmat2csrv -b 20   /mnt/data/datasets/machine-learning-matrices-split/census.csv -r 0 -m -s 2458285 68
Conversion time: 129.3578
==== Repair paralell compression
---- Executing 20 parallel processes
---- Parallel processing completed
Repair time: 5.2918
==== Integer vector .C compression
Command: /home/louza/mm-repair/sdsl/encode.x /mnt/data/datasets/machine-learning-matrices-split/census.csv.20.0.A.vc.C 
==== Integer vector .R compression
Command: /home/louza/mm-repair/sdsl/encode.x /mnt/data/datasets/machine-learning-matrices-split/census.csv.20.0.A.vc.R 
Integer vector compression time: 0.4542
==== Ans-fold compression
Command: /home/louza/mm-repair/ans/encode.x /mnt/data/datasets/machine-learning-matrices-split/census.csv.20.0.A.vc.C 
Command: /home/louza/mm-repair/ans/encode.x /mnt/data/datasets/machine-learning-matrices-split/census.csv.20.0.B.vc
Ans-fold time: 0.4159
==== Integer vector .C compression
Command: /home/louza/mm-repair/sdsl/encode.x /mnt/data/datasets/machine-learning-matrices-split/census.csv.20.1.A.vc.C 
==== Integer vector .R compression
Command: /home/louza/mm-repair/sdsl/encode.x /mnt/data/datasets/machine-learning-matrices-split/census.csv.20.1.A.vc.R 
Integer vector compression time: 0.6518
==== Ans-fold compression
Command: /home/louza/mm-repair/ans/encode.x /mnt/data/datasets/machine-learning-matrices-split/census.csv.20.1.A.vc.C 
Command: /home/louza/mm-repair/ans/encode.x /mnt/data/datasets/machine-learning-matrices-split/census.csv.20.1.B.vc
Ans-fold time: 0.7338
==== Integer vector .C compression
Command: /home/louza/mm-repair/sdsl/encode.x /mnt/data/datasets/machine-learning-matrices-split/census.csv.20.2.A.vc.C 
==== Integer vector .R compression
Command: /home/louza/mm-repair/sdsl/encode.x /mnt/data/datasets/machine-learning-matrices-split/census.csv.20.2.A.vc.R 
Integer vector compression time: 0.9704
==== Ans-fold compression
Command: /home/louza/mm-repair/ans/encode.x /mnt/data/datasets/machine-learning-matrices-split/census.csv.20.2.A.vc.C 
Command: /home/louza/mm-repair/ans/encode.x /mnt/data/datasets/machine-learning-matrices-split/census.csv.20.2.B.vc
Ans-fold time: 1.2655
==== Integer vector .C compression
Command: /home/louza/mm-repair/sdsl/encode.x /mnt/data/datasets/machine-learning-matrices-split/census.csv.20.3.A.vc.C 
==== Integer vector .R compression
Command: /home/louza/mm-repair/sdsl/encode.x /mnt/data/datasets/machine-learning-matrices-split/census.csv.20.3.A.vc.R 
Integer vector compression time: 0.6412
==== Ans-fold compression
Command: /home/louza/mm-repair/ans/encode.x /mnt/data/datasets/machine-learning-matrices-split/census.csv.20.3.A.vc.C 
Command: /home/louza/mm-repair/ans/encode.x /mnt/data/datasets/machine-learning-matrices-split/census.csv.20.3.B.vc
Ans-fold time: 2.2209
==== Integer vector .C compression
Command: /home/louza/mm-repair/sdsl/encode.x /mnt/data/datasets/machine-learning-matrices-split/census.csv.20.4.A.vc.C 
==== Integer vector .R compression
Command: /home/louza/mm-repair/sdsl/encode.x /mnt/data/datasets/machine-learning-matrices-split/census.csv.20.4.A.vc.R 
Integer vector compression time: 0.5009
==== Ans-fold compression
Command: /home/louza/mm-repair/ans/encode.x /mnt/data/datasets/machine-learning-matrices-split/census.csv.20.4.A.vc.C 
Command: /home/louza/mm-repair/ans/encode.x /mnt/data/datasets/machine-learning-matrices-split/census.csv.20.4.B.vc
Ans-fold time: 2.3091
==== Integer vector .C compression
Command: /home/louza/mm-repair/sdsl/encode.x /mnt/data/datasets/machine-learning-matrices-split/census.csv.20.5.A.vc.C 
==== Integer vector .R compression
Command: /home/louza/mm-repair/sdsl/encode.x /mnt/data/datasets/machine-learning-matrices-split/census.csv.20.5.A.vc.R 
Integer vector compression time: 0.6294
==== Ans-fold compression
Command: /home/louza/mm-repair/ans/encode.x /mnt/data/datasets/machine-learning-matrices-split/census.csv.20.5.A.vc.C 
Command: /home/louza/mm-repair/ans/encode.x /mnt/data/datasets/machine-learning-matrices-split/census.csv.20.5.B.vc
Ans-fold time: 2.6303
==== Integer vector .C compression
Command: /home/louza/mm-repair/sdsl/encode.x /mnt/data/datasets/machine-learning-matrices-split/census.csv.20.6.A.vc.C 
==== Integer vector .R compression
Command: /home/louza/mm-repair/sdsl/encode.x /mnt/data/datasets/machine-learning-matrices-split/census.csv.20.6.A.vc.R 
Integer vector compression time: 0.1082
==== Ans-fold compression
Command: /home/louza/mm-repair/ans/encode.x /mnt/data/datasets/machine-learning-matrices-split/census.csv.20.6.A.vc.C 
Command: /home/louza/mm-repair/ans/encode.x /mnt/data/datasets/machine-learning-matrices-split/census.csv.20.6.B.vc
Ans-fold time: 2.7459
==== Integer vector .C compression
Command: /home/louza/mm-repair/sdsl/encode.x /mnt/data/datasets/machine-learning-matrices-split/census.csv.20.7.A.vc.C 
==== Integer vector .R compression
Command: /home/louza/mm-repair/sdsl/encode.x /mnt/data/datasets/machine-learning-matrices-split/census.csv.20.7.A.vc.R 
Integer vector compression time: 0.1925
==== Ans-fold compression
Command: /home/louza/mm-repair/ans/encode.x /mnt/data/datasets/machine-learning-matrices-split/census.csv.20.7.A.vc.C 
Command: /home/louza/mm-repair/ans/encode.x /mnt/data/datasets/machine-learning-matrices-split/census.csv.20.7.B.vc
Ans-fold time: 2.9134
==== Integer vector .C compression
Command: /home/louza/mm-repair/sdsl/encode.x /mnt/data/datasets/machine-learning-matrices-split/census.csv.20.8.A.vc.C 
==== Integer vector .R compression
Command: /home/louza/mm-repair/sdsl/encode.x /mnt/data/datasets/machine-learning-matrices-split/census.csv.20.8.A.vc.R 
Integer vector compression time: 0.2419
==== Ans-fold compression
Command: /home/louza/mm-repair/ans/encode.x /mnt/data/datasets/machine-learning-matrices-split/census.csv.20.8.A.vc.C 
Command: /home/louza/mm-repair/ans/encode.x /mnt/data/datasets/machine-learning-matrices-split/census.csv.20.8.B.vc
Ans-fold time: 3.0960
==== Integer vector .C compression
Command: /home/louza/mm-repair/sdsl/encode.x /mnt/data/datasets/machine-learning-matrices-split/census.csv.20.9.A.vc.C 
==== Integer vector .R compression
Command: /home/louza/mm-repair/sdsl/encode.x /mnt/data/datasets/machine-learning-matrices-split/census.csv.20.9.A.vc.R 
Integer vector compression time: 0.5567
==== Ans-fold compression
Command: /home/louza/mm-repair/ans/encode.x /mnt/data/datasets/machine-learning-matrices-split/census.csv.20.9.A.vc.C 
Command: /home/louza/mm-repair/ans/encode.x /mnt/data/datasets/machine-learning-matrices-split/census.csv.20.9.B.vc
Ans-fold time: 3.4044
==== Integer vector .C compression
Command: /home/louza/mm-repair/sdsl/encode.x /mnt/data/datasets/machine-learning-matrices-split/census.csv.20.10.A.vc.C 
==== Integer vector .R compression
Command: /home/louza/mm-repair/sdsl/encode.x /mnt/data/datasets/machine-learning-matrices-split/census.csv.20.10.A.vc.R 
Integer vector compression time: 1.0132
==== Ans-fold compression
Command: /home/louza/mm-repair/ans/encode.x /mnt/data/datasets/machine-learning-matrices-split/census.csv.20.10.A.vc.C 
Command: /home/louza/mm-repair/ans/encode.x /mnt/data/datasets/machine-learning-matrices-split/census.csv.20.10.B.vc
Ans-fold time: 3.8872
==== Integer vector .C compression
Command: /home/louza/mm-repair/sdsl/encode.x /mnt/data/datasets/machine-learning-matrices-split/census.csv.20.11.A.vc.C 
==== Integer vector .R compression
Command: /home/louza/mm-repair/sdsl/encode.x /mnt/data/datasets/machine-learning-matrices-split/census.csv.20.11.A.vc.R 
Integer vector compression time: 1.0172
==== Ans-fold compression
Command: /home/louza/mm-repair/ans/encode.x /mnt/data/datasets/machine-learning-matrices-split/census.csv.20.11.A.vc.C 
Command: /home/louza/mm-repair/ans/encode.x /mnt/data/datasets/machine-learning-matrices-split/census.csv.20.11.B.vc
Ans-fold time: 4.2510
==== Integer vector .C compression
Command: /home/louza/mm-repair/sdsl/encode.x /mnt/data/datasets/machine-learning-matrices-split/census.csv.20.12.A.vc.C 
==== Integer vector .R compression
Command: /home/louza/mm-repair/sdsl/encode.x /mnt/data/datasets/machine-learning-matrices-split/census.csv.20.12.A.vc.R 
Integer vector compression time: 0.8060
==== Ans-fold compression
Command: /home/louza/mm-repair/ans/encode.x /mnt/data/datasets/machine-learning-matrices-split/census.csv.20.12.A.vc.C 
Command: /home/louza/mm-repair/ans/encode.x /mnt/data/datasets/machine-learning-matrices-split/census.csv.20.12.B.vc
Ans-fold time: 4.6715
==== Integer vector .C compression
Command: /home/louza/mm-repair/sdsl/encode.x /mnt/data/datasets/machine-learning-matrices-split/census.csv.20.13.A.vc.C 
==== Integer vector .R compression
Command: /home/louza/mm-repair/sdsl/encode.x /mnt/data/datasets/machine-learning-matrices-split/census.csv.20.13.A.vc.R 
Integer vector compression time: 0.6939
==== Ans-fold compression
Command: /home/louza/mm-repair/ans/encode.x /mnt/data/datasets/machine-learning-matrices-split/census.csv.20.13.A.vc.C 
Command: /home/louza/mm-repair/ans/encode.x /mnt/data/datasets/machine-learning-matrices-split/census.csv.20.13.B.vc
Ans-fold time: 4.8659
==== Integer vector .C compression
Command: /home/louza/mm-repair/sdsl/encode.x /mnt/data/datasets/machine-learning-matrices-split/census.csv.20.14.A.vc.C 
==== Integer vector .R compression
Command: /home/louza/mm-repair/sdsl/encode.x /mnt/data/datasets/machine-learning-matrices-split/census.csv.20.14.A.vc.R 
Integer vector compression time: 0.3529
==== Ans-fold compression
Command: /home/louza/mm-repair/ans/encode.x /mnt/data/datasets/machine-learning-matrices-split/census.csv.20.14.A.vc.C 
Command: /home/louza/mm-repair/ans/encode.x /mnt/data/datasets/machine-learning-matrices-split/census.csv.20.14.B.vc
Ans-fold time: 5.5072
==== Integer vector .C compression
Command: /home/louza/mm-repair/sdsl/encode.x /mnt/data/datasets/machine-learning-matrices-split/census.csv.20.15.A.vc.C 
==== Integer vector .R compression
Command: /home/louza/mm-repair/sdsl/encode.x /mnt/data/datasets/machine-learning-matrices-split/census.csv.20.15.A.vc.R 
Integer vector compression time: 0.8720
==== Ans-fold compression
Command: /home/louza/mm-repair/ans/encode.x /mnt/data/datasets/machine-learning-matrices-split/census.csv.20.15.A.vc.C 
Command: /home/louza/mm-repair/ans/encode.x /mnt/data/datasets/machine-learning-matrices-split/census.csv.20.15.B.vc
Ans-fold time: 5.9836
==== Integer vector .C compression
Command: /home/louza/mm-repair/sdsl/encode.x /mnt/data/datasets/machine-learning-matrices-split/census.csv.20.16.A.vc.C 
==== Integer vector .R compression
Command: /home/louza/mm-repair/sdsl/encode.x /mnt/data/datasets/machine-learning-matrices-split/census.csv.20.16.A.vc.R 
Integer vector compression time: 0.5437
==== Ans-fold compression
Command: /home/louza/mm-repair/ans/encode.x /mnt/data/datasets/machine-learning-matrices-split/census.csv.20.16.A.vc.C 
Command: /home/louza/mm-repair/ans/encode.x /mnt/data/datasets/machine-learning-matrices-split/census.csv.20.16.B.vc
Ans-fold time: 6.6350
==== Integer vector .C compression
Command: /home/louza/mm-repair/sdsl/encode.x /mnt/data/datasets/machine-learning-matrices-split/census.csv.20.17.A.vc.C 
==== Integer vector .R compression
Command: /home/louza/mm-repair/sdsl/encode.x /mnt/data/datasets/machine-learning-matrices-split/census.csv.20.17.A.vc.R 
Integer vector compression time: 0.8213
==== Ans-fold compression
Command: /home/louza/mm-repair/ans/encode.x /mnt/data/datasets/machine-learning-matrices-split/census.csv.20.17.A.vc.C 
Command: /home/louza/mm-repair/ans/encode.x /mnt/data/datasets/machine-learning-matrices-split/census.csv.20.17.B.vc
Ans-fold time: 7.1054
==== Integer vector .C compression
Command: /home/louza/mm-repair/sdsl/encode.x /mnt/data/datasets/machine-learning-matrices-split/census.csv.20.18.A.vc.C 
==== Integer vector .R compression
Command: /home/louza/mm-repair/sdsl/encode.x /mnt/data/datasets/machine-learning-matrices-split/census.csv.20.18.A.vc.R 
Integer vector compression time: 0.7043
==== Ans-fold compression
Command: /home/louza/mm-repair/ans/encode.x /mnt/data/datasets/machine-learning-matrices-split/census.csv.20.18.A.vc.C 
Command: /home/louza/mm-repair/ans/encode.x /mnt/data/datasets/machine-learning-matrices-split/census.csv.20.18.B.vc
Ans-fold time: 8.2224
==== Integer vector .C compression
Command: /home/louza/mm-repair/sdsl/encode.x /mnt/data/datasets/machine-learning-matrices-split/census.csv.20.19.A.vc.C 
==== Integer vector .R compression
Command: /home/louza/mm-repair/sdsl/encode.x /mnt/data/datasets/machine-learning-matrices-split/census.csv.20.19.A.vc.R 
Integer vector compression time: 1.5092
==== Ans-fold compression
Command: /home/louza/mm-repair/ans/encode.x /mnt/data/datasets/machine-learning-matrices-split/census.csv.20.19.A.vc.C 
Command: /home/louza/mm-repair/ans/encode.x /mnt/data/datasets/machine-learning-matrices-split/census.csv.20.19.B.vc
Ans-fold time: 8.7350
Command: /home/louza/mm-repair/ans/encode.x /mnt/data/datasets/machine-learning-matrices-split/census.csv.wcode 
Elapsed time: 156.6956
==== Compression Report:
 >> matrix name: /mnt/data/datasets/machine-learning-matrices-split/census.csv
 >> conversion time: 129.36
 >> repair time: 5.29
 >> integer vectors time: 1.51
 >> ansf time: 8.74
 >> total time: 156.70
 >> wcode: 1324 bytes
 >> wcode_ans: 178 bytes
 >> matrix log(alpha)xNumEntries size: 125372535 bytes
 >> matrix dense size: 1337307040 bytes
 >> total number of nonzero: 71926934 (43.03%)
 >> number of distinct nonzero: 45
 >> CRSV  size: 297541236 bytes  (22.25%)
 >> B	  size: 9839416 bytes  (0.74%)
 >> B_ans size: 5180 bytes  (0.00%)
 >> RE32  size: 58211996 bytes  (4.35%)
 >> REIV  size: 30928848 bytes  (2.31%)
 >> REANS size: 24963861 bytes  (1.87%)
==== Done

#### 2026-09-08 09:01:05
 Command line: ./mm-repair/matrepair -r -b 20 -p 20 /mnt/data/datasets/machine-learning-matrices-split/census.csv 2458285 68 --ole --mapping --split 
Setting memory for each repair instance to 23202 MBs
Sending logging messages to file: /mnt/data/datasets/machine-learning-matrices-split/census.csv.log
==== Conversion bin/csv->csrv
Command: /home/louza/mm-repair/csvmat2csrv -b 20   /mnt/data/datasets/machine-learning-matrices-split/census.csv -r 0 -m -s 2458285 68
Conversion time: 118.9094
==== Repair paralell compression
---- Executing 20 parallel processes
---- Parallel processing completed
Repair time: 7.2310
==== Integer vector .C compression
Command: /home/louza/mm-repair/sdsl/encode.x /mnt/data/datasets/machine-learning-matrices-split/census.csv.20.0.A.vc.C 
==== Integer vector .R compression
Command: /home/louza/mm-repair/sdsl/encode.x /mnt/data/datasets/machine-learning-matrices-split/census.csv.20.0.A.vc.R 
Integer vector compression time: 0.4435
==== OLE
Command: /home/louza/mm-repair/ole/encode.x /mnt/data/datasets/machine-learning-matrices-split/census.csv.20.0.A.vc.C 
Command: /home/louza/mm-repair/ole/encode.x /mnt/data/datasets/machine-learning-matrices-split/census.csv.20.0.B.vc 
OLE time: 0.0080
==== Ans-fold compression
Command: /home/louza/mm-repair/ans/encode.x /mnt/data/datasets/machine-learning-matrices-split/census.csv.20.0.A.vc.C 
Command: /home/louza/mm-repair/ans/encode.x /mnt/data/datasets/machine-learning-matrices-split/census.csv.20.0.B.vc
Ans-fold time: 0.5510
==== Integer vector .C compression
Command: /home/louza/mm-repair/sdsl/encode.x /mnt/data/datasets/machine-learning-matrices-split/census.csv.20.1.A.vc.C 
==== Integer vector .R compression
Command: /home/louza/mm-repair/sdsl/encode.x /mnt/data/datasets/machine-learning-matrices-split/census.csv.20.1.A.vc.R 
Integer vector compression time: 0.8216
==== OLE
Command: /home/louza/mm-repair/ole/encode.x /mnt/data/datasets/machine-learning-matrices-split/census.csv.20.1.A.vc.C 
Command: /home/louza/mm-repair/ole/encode.x /mnt/data/datasets/machine-learning-matrices-split/census.csv.20.1.B.vc 
OLE time: 0.0478
==== Ans-fold compression
Command: /home/louza/mm-repair/ans/encode.x /mnt/data/datasets/machine-learning-matrices-split/census.csv.20.1.A.vc.C 
Command: /home/louza/mm-repair/ans/encode.x /mnt/data/datasets/machine-learning-matrices-split/census.csv.20.1.B.vc
Ans-fold time: 1.0158
==== Integer vector .C compression
Command: /home/louza/mm-repair/sdsl/encode.x /mnt/data/datasets/machine-learning-matrices-split/census.csv.20.2.A.vc.C 
==== Integer vector .R compression
Command: /home/louza/mm-repair/sdsl/encode.x /mnt/data/datasets/machine-learning-matrices-split/census.csv.20.2.A.vc.R 
Integer vector compression time: 0.9279
==== OLE
Command: /home/louza/mm-repair/ole/encode.x /mnt/data/datasets/machine-learning-matrices-split/census.csv.20.2.A.vc.C 
Command: /home/louza/mm-repair/ole/encode.x /mnt/data/datasets/machine-learning-matrices-split/census.csv.20.2.B.vc 
OLE time: 0.3241
==== Ans-fold compression
Command: /home/louza/mm-repair/ans/encode.x /mnt/data/datasets/machine-learning-matrices-split/census.csv.20.2.A.vc.C 
Command: /home/louza/mm-repair/ans/encode.x /mnt/data/datasets/machine-learning-matrices-split/census.csv.20.2.B.vc
Ans-fold time: 1.6554
==== Integer vector .C compression
Command: /home/louza/mm-repair/sdsl/encode.x /mnt/data/datasets/machine-learning-matrices-split/census.csv.20.3.A.vc.C 
==== Integer vector .R compression
Command: /home/louza/mm-repair/sdsl/encode.x /mnt/data/datasets/machine-learning-matrices-split/census.csv.20.3.A.vc.R 
Integer vector compression time: 1.0612
==== OLE
Command: /home/louza/mm-repair/ole/encode.x /mnt/data/datasets/machine-learning-matrices-split/census.csv.20.3.A.vc.C 
Command: /home/louza/mm-repair/ole/encode.x /mnt/data/datasets/machine-learning-matrices-split/census.csv.20.3.B.vc 
OLE time: 0.0167
==== Ans-fold compression
Command: /home/louza/mm-repair/ans/encode.x /mnt/data/datasets/machine-learning-matrices-split/census.csv.20.3.A.vc.C 
Command: /home/louza/mm-repair/ans/encode.x /mnt/data/datasets/machine-learning-matrices-split/census.csv.20.3.B.vc
Ans-fold time: 2.3681
==== Integer vector .C compression
Command: /home/louza/mm-repair/sdsl/encode.x /mnt/data/datasets/machine-learning-matrices-split/census.csv.20.4.A.vc.C 
==== Integer vector .R compression
Command: /home/louza/mm-repair/sdsl/encode.x /mnt/data/datasets/machine-learning-matrices-split/census.csv.20.4.A.vc.R 
Integer vector compression time: 0.4006
==== OLE
Command: /home/louza/mm-repair/ole/encode.x /mnt/data/datasets/machine-learning-matrices-split/census.csv.20.4.A.vc.C 
Command: /home/louza/mm-repair/ole/encode.x /mnt/data/datasets/machine-learning-matrices-split/census.csv.20.4.B.vc 
OLE time: 0.3461
==== Ans-fold compression
Command: /home/louza/mm-repair/ans/encode.x /mnt/data/datasets/machine-learning-matrices-split/census.csv.20.4.A.vc.C 
Command: /home/louza/mm-repair/ans/encode.x /mnt/data/datasets/machine-learning-matrices-split/census.csv.20.4.B.vc
Ans-fold time: 3.3898
==== Integer vector .C compression
Command: /home/louza/mm-repair/sdsl/encode.x /mnt/data/datasets/machine-learning-matrices-split/census.csv.20.5.A.vc.C 
==== Integer vector .R compression
Command: /home/louza/mm-repair/sdsl/encode.x /mnt/data/datasets/machine-learning-matrices-split/census.csv.20.5.A.vc.R 
Integer vector compression time: 1.0444
==== OLE
Command: /home/louza/mm-repair/ole/encode.x /mnt/data/datasets/machine-learning-matrices-split/census.csv.20.5.A.vc.C 
Command: /home/louza/mm-repair/ole/encode.x /mnt/data/datasets/machine-learning-matrices-split/census.csv.20.5.B.vc 
OLE time: 0.0254
==== Ans-fold compression
Command: /home/louza/mm-repair/ans/encode.x /mnt/data/datasets/machine-learning-matrices-split/census.csv.20.5.A.vc.C 
Command: /home/louza/mm-repair/ans/encode.x /mnt/data/datasets/machine-learning-matrices-split/census.csv.20.5.B.vc
Ans-fold time: 3.5230
==== Integer vector .C compression
Command: /home/louza/mm-repair/sdsl/encode.x /mnt/data/datasets/machine-learning-matrices-split/census.csv.20.6.A.vc.C 
==== Integer vector .R compression
Command: /home/louza/mm-repair/sdsl/encode.x /mnt/data/datasets/machine-learning-matrices-split/census.csv.20.6.A.vc.R 
Integer vector compression time: 0.7351
==== OLE
Command: /home/louza/mm-repair/ole/encode.x /mnt/data/datasets/machine-learning-matrices-split/census.csv.20.6.A.vc.C 
Command: /home/louza/mm-repair/ole/encode.x /mnt/data/datasets/machine-learning-matrices-split/census.csv.20.6.B.vc 
OLE time: 0.0070
==== Ans-fold compression
Command: /home/louza/mm-repair/ans/encode.x /mnt/data/datasets/machine-learning-matrices-split/census.csv.20.6.A.vc.C 
Command: /home/louza/mm-repair/ans/encode.x /mnt/data/datasets/machine-learning-matrices-split/census.csv.20.6.B.vc
Ans-fold time: 4.1887
==== Integer vector .C compression
Command: /home/louza/mm-repair/sdsl/encode.x /mnt/data/datasets/machine-learning-matrices-split/census.csv.20.7.A.vc.C 
==== Integer vector .R compression
Command: /home/louza/mm-repair/sdsl/encode.x /mnt/data/datasets/machine-learning-matrices-split/census.csv.20.7.A.vc.R 
Integer vector compression time: 0.6952
==== OLE
Command: /home/louza/mm-repair/ole/encode.x /mnt/data/datasets/machine-learning-matrices-split/census.csv.20.7.A.vc.C 
Command: /home/louza/mm-repair/ole/encode.x /mnt/data/datasets/machine-learning-matrices-split/census.csv.20.7.B.vc 
OLE time: 0.0128
==== Ans-fold compression
Command: /home/louza/mm-repair/ans/encode.x /mnt/data/datasets/machine-learning-matrices-split/census.csv.20.7.A.vc.C 
Command: /home/louza/mm-repair/ans/encode.x /mnt/data/datasets/machine-learning-matrices-split/census.csv.20.7.B.vc
Ans-fold time: 4.2557
==== Integer vector .C compression
Command: /home/louza/mm-repair/sdsl/encode.x /mnt/data/datasets/machine-learning-matrices-split/census.csv.20.8.A.vc.C 
==== Integer vector .R compression
Command: /home/louza/mm-repair/sdsl/encode.x /mnt/data/datasets/machine-learning-matrices-split/census.csv.20.8.A.vc.R 
Integer vector compression time: 0.9171
==== OLE
Command: /home/louza/mm-repair/ole/encode.x /mnt/data/datasets/machine-learning-matrices-split/census.csv.20.8.A.vc.C 
Command: /home/louza/mm-repair/ole/encode.x /mnt/data/datasets/machine-learning-matrices-split/census.csv.20.8.B.vc 
OLE time: 0.9692
==== Ans-fold compression
Command: /home/louza/mm-repair/ans/encode.x /mnt/data/datasets/machine-learning-matrices-split/census.csv.20.8.A.vc.C 
Command: /home/louza/mm-repair/ans/encode.x /mnt/data/datasets/machine-learning-matrices-split/census.csv.20.8.B.vc
Ans-fold time: 4.4539
==== Integer vector .C compression
Command: /home/louza/mm-repair/sdsl/encode.x /mnt/data/datasets/machine-learning-matrices-split/census.csv.20.9.A.vc.C 
==== Integer vector .R compression
Command: /home/louza/mm-repair/sdsl/encode.x /mnt/data/datasets/machine-learning-matrices-split/census.csv.20.9.A.vc.R 
Integer vector compression time: 1.5784
==== OLE
Command: /home/louza/mm-repair/ole/encode.x /mnt/data/datasets/machine-learning-matrices-split/census.csv.20.9.A.vc.C 
Command: /home/louza/mm-repair/ole/encode.x /mnt/data/datasets/machine-learning-matrices-split/census.csv.20.9.B.vc 
OLE time: 0.4512
==== Ans-fold compression
Command: /home/louza/mm-repair/ans/encode.x /mnt/data/datasets/machine-learning-matrices-split/census.csv.20.9.A.vc.C 
Command: /home/louza/mm-repair/ans/encode.x /mnt/data/datasets/machine-learning-matrices-split/census.csv.20.9.B.vc
Ans-fold time: 4.9528
==== Integer vector .C compression
Command: /home/louza/mm-repair/sdsl/encode.x /mnt/data/datasets/machine-learning-matrices-split/census.csv.20.10.A.vc.C 
==== Integer vector .R compression
Command: /home/louza/mm-repair/sdsl/encode.x /mnt/data/datasets/machine-learning-matrices-split/census.csv.20.10.A.vc.R 
Integer vector compression time: 0.5879
==== OLE
Command: /home/louza/mm-repair/ole/encode.x /mnt/data/datasets/machine-learning-matrices-split/census.csv.20.10.A.vc.C 
Command: /home/louza/mm-repair/ole/encode.x /mnt/data/datasets/machine-learning-matrices-split/census.csv.20.10.B.vc 
OLE time: 0.0334
==== Ans-fold compression
Command: /home/louza/mm-repair/ans/encode.x /mnt/data/datasets/machine-learning-matrices-split/census.csv.20.10.A.vc.C 
Command: /home/louza/mm-repair/ans/encode.x /mnt/data/datasets/machine-learning-matrices-split/census.csv.20.10.B.vc
Ans-fold time: 5.5003
==== Integer vector .C compression
Command: /home/louza/mm-repair/sdsl/encode.x /mnt/data/datasets/machine-learning-matrices-split/census.csv.20.11.A.vc.C 
==== Integer vector .R compression
Command: /home/louza/mm-repair/sdsl/encode.x /mnt/data/datasets/machine-learning-matrices-split/census.csv.20.11.A.vc.R 
Integer vector compression time: 0.4022
==== OLE
Command: /home/louza/mm-repair/ole/encode.x /mnt/data/datasets/machine-learning-matrices-split/census.csv.20.11.A.vc.C 
Command: /home/louza/mm-repair/ole/encode.x /mnt/data/datasets/machine-learning-matrices-split/census.csv.20.11.B.vc 
OLE time: 0.1104
==== Ans-fold compression
Command: /home/louza/mm-repair/ans/encode.x /mnt/data/datasets/machine-learning-matrices-split/census.csv.20.11.A.vc.C 
Command: /home/louza/mm-repair/ans/encode.x /mnt/data/datasets/machine-learning-matrices-split/census.csv.20.11.B.vc
Ans-fold time: 5.6570
==== Integer vector .C compression
Command: /home/louza/mm-repair/sdsl/encode.x /mnt/data/datasets/machine-learning-matrices-split/census.csv.20.12.A.vc.C 
==== Integer vector .R compression
Command: /home/louza/mm-repair/sdsl/encode.x /mnt/data/datasets/machine-learning-matrices-split/census.csv.20.12.A.vc.R 
Integer vector compression time: 0.3252
==== OLE
Command: /home/louza/mm-repair/ole/encode.x /mnt/data/datasets/machine-learning-matrices-split/census.csv.20.12.A.vc.C 
Command: /home/louza/mm-repair/ole/encode.x /mnt/data/datasets/machine-learning-matrices-split/census.csv.20.12.B.vc 
OLE time: 0.6855
==== Ans-fold compression
Command: /home/louza/mm-repair/ans/encode.x /mnt/data/datasets/machine-learning-matrices-split/census.csv.20.12.A.vc.C 
Command: /home/louza/mm-repair/ans/encode.x /mnt/data/datasets/machine-learning-matrices-split/census.csv.20.12.B.vc
Ans-fold time: 5.7557
==== Integer vector .C compression
Command: /home/louza/mm-repair/sdsl/encode.x /mnt/data/datasets/machine-learning-matrices-split/census.csv.20.13.A.vc.C 
==== Integer vector .R compression
Command: /home/louza/mm-repair/sdsl/encode.x /mnt/data/datasets/machine-learning-matrices-split/census.csv.20.13.A.vc.R 
Integer vector compression time: 1.0960
==== OLE
Command: /home/louza/mm-repair/ole/encode.x /mnt/data/datasets/machine-learning-matrices-split/census.csv.20.13.A.vc.C 
Command: /home/louza/mm-repair/ole/encode.x /mnt/data/datasets/machine-learning-matrices-split/census.csv.20.13.B.vc 
OLE time: 0.0561
==== Ans-fold compression
Command: /home/louza/mm-repair/ans/encode.x /mnt/data/datasets/machine-learning-matrices-split/census.csv.20.13.A.vc.C 
Command: /home/louza/mm-repair/ans/encode.x /mnt/data/datasets/machine-learning-matrices-split/census.csv.20.13.B.vc
Ans-fold time: 6.6347
==== Integer vector .C compression
Command: /home/louza/mm-repair/sdsl/encode.x /mnt/data/datasets/machine-learning-matrices-split/census.csv.20.14.A.vc.C 
==== Integer vector .R compression
Command: /home/louza/mm-repair/sdsl/encode.x /mnt/data/datasets/machine-learning-matrices-split/census.csv.20.14.A.vc.R 
Integer vector compression time: 0.6483
==== OLE
Command: /home/louza/mm-repair/ole/encode.x /mnt/data/datasets/machine-learning-matrices-split/census.csv.20.14.A.vc.C 
Command: /home/louza/mm-repair/ole/encode.x /mnt/data/datasets/machine-learning-matrices-split/census.csv.20.14.B.vc 
OLE time: 0.3401
==== Ans-fold compression
Command: /home/louza/mm-repair/ans/encode.x /mnt/data/datasets/machine-learning-matrices-split/census.csv.20.14.A.vc.C 
Command: /home/louza/mm-repair/ans/encode.x /mnt/data/datasets/machine-learning-matrices-split/census.csv.20.14.B.vc
Ans-fold time: 6.7368
==== Integer vector .C compression
Command: /home/louza/mm-repair/sdsl/encode.x /mnt/data/datasets/machine-learning-matrices-split/census.csv.20.15.A.vc.C 
==== Integer vector .R compression
Command: /home/louza/mm-repair/sdsl/encode.x /mnt/data/datasets/machine-learning-matrices-split/census.csv.20.15.A.vc.R 
Integer vector compression time: 0.8871
==== OLE
Command: /home/louza/mm-repair/ole/encode.x /mnt/data/datasets/machine-learning-matrices-split/census.csv.20.15.A.vc.C 
Command: /home/louza/mm-repair/ole/encode.x /mnt/data/datasets/machine-learning-matrices-split/census.csv.20.15.B.vc 
OLE time: 0.4466
==== Ans-fold compression
Command: /home/louza/mm-repair/ans/encode.x /mnt/data/datasets/machine-learning-matrices-split/census.csv.20.15.A.vc.C 
Command: /home/louza/mm-repair/ans/encode.x /mnt/data/datasets/machine-learning-matrices-split/census.csv.20.15.B.vc
Ans-fold time: 7.2527
==== Integer vector .C compression
Command: /home/louza/mm-repair/sdsl/encode.x /mnt/data/datasets/machine-learning-matrices-split/census.csv.20.16.A.vc.C 
==== Integer vector .R compression
Command: /home/louza/mm-repair/sdsl/encode.x /mnt/data/datasets/machine-learning-matrices-split/census.csv.20.16.A.vc.R 
Integer vector compression time: 0.6590
==== OLE
Command: /home/louza/mm-repair/ole/encode.x /mnt/data/datasets/machine-learning-matrices-split/census.csv.20.16.A.vc.C 
Command: /home/louza/mm-repair/ole/encode.x /mnt/data/datasets/machine-learning-matrices-split/census.csv.20.16.B.vc 
OLE time: 0.3102
==== Ans-fold compression
Command: /home/louza/mm-repair/ans/encode.x /mnt/data/datasets/machine-learning-matrices-split/census.csv.20.16.A.vc.C 
Command: /home/louza/mm-repair/ans/encode.x /mnt/data/datasets/machine-learning-matrices-split/census.csv.20.16.B.vc
Ans-fold time: 7.9228
==== Integer vector .C compression
Command: /home/louza/mm-repair/sdsl/encode.x /mnt/data/datasets/machine-learning-matrices-split/census.csv.20.17.A.vc.C 
==== Integer vector .R compression
Command: /home/louza/mm-repair/sdsl/encode.x /mnt/data/datasets/machine-learning-matrices-split/census.csv.20.17.A.vc.R 
Integer vector compression time: 0.8681
==== OLE
Command: /home/louza/mm-repair/ole/encode.x /mnt/data/datasets/machine-learning-matrices-split/census.csv.20.17.A.vc.C 
Command: /home/louza/mm-repair/ole/encode.x /mnt/data/datasets/machine-learning-matrices-split/census.csv.20.17.B.vc 
OLE time: 0.0737
==== Ans-fold compression
Command: /home/louza/mm-repair/ans/encode.x /mnt/data/datasets/machine-learning-matrices-split/census.csv.20.17.A.vc.C 
Command: /home/louza/mm-repair/ans/encode.x /mnt/data/datasets/machine-learning-matrices-split/census.csv.20.17.B.vc
Ans-fold time: 8.6157
==== Integer vector .C compression
Command: /home/louza/mm-repair/sdsl/encode.x /mnt/data/datasets/machine-learning-matrices-split/census.csv.20.18.A.vc.C 
==== Integer vector .R compression
Command: /home/louza/mm-repair/sdsl/encode.x /mnt/data/datasets/machine-learning-matrices-split/census.csv.20.18.A.vc.R 
Integer vector compression time: 0.6536
==== OLE
Command: /home/louza/mm-repair/ole/encode.x /mnt/data/datasets/machine-learning-matrices-split/census.csv.20.18.A.vc.C 
Command: /home/louza/mm-repair/ole/encode.x /mnt/data/datasets/machine-learning-matrices-split/census.csv.20.18.B.vc 
OLE time: 0.5816
==== Ans-fold compression
Command: /home/louza/mm-repair/ans/encode.x /mnt/data/datasets/machine-learning-matrices-split/census.csv.20.18.A.vc.C 
Command: /home/louza/mm-repair/ans/encode.x /mnt/data/datasets/machine-learning-matrices-split/census.csv.20.18.B.vc
Ans-fold time: 9.0629
==== Integer vector .C compression
Command: /home/louza/mm-repair/sdsl/encode.x /mnt/data/datasets/machine-learning-matrices-split/census.csv.20.19.A.vc.C 
==== Integer vector .R compression
Command: /home/louza/mm-repair/sdsl/encode.x /mnt/data/datasets/machine-learning-matrices-split/census.csv.20.19.A.vc.R 
Integer vector compression time: 0.6389
==== OLE
Command: /home/louza/mm-repair/ole/encode.x /mnt/data/datasets/machine-learning-matrices-split/census.csv.20.19.A.vc.C 
Command: /home/louza/mm-repair/ole/encode.x /mnt/data/datasets/machine-learning-matrices-split/census.csv.20.19.B.vc 
OLE time: 0.2104
==== Ans-fold compression
Command: /home/louza/mm-repair/ans/encode.x /mnt/data/datasets/machine-learning-matrices-split/census.csv.20.19.A.vc.C 
Command: /home/louza/mm-repair/ans/encode.x /mnt/data/datasets/machine-learning-matrices-split/census.csv.20.19.B.vc
Ans-fold time: 9.7155
Command: /home/louza/mm-repair/ans/encode.x /mnt/data/datasets/machine-learning-matrices-split/census.csv.wcode 
Elapsed time: 168.7861
==== Compression Report:
 >> matrix name: /mnt/data/datasets/machine-learning-matrices-split/census.csv
 >> conversion time: 118.91
 >> repair time: 7.23
 >> integer vectors time: 0.64
 >> ansf time: 9.72
 >> total time: 168.79
 >> wcode: 1324 bytes
 >> wcode_ans: 178 bytes
 >> matrix log(alpha)xNumEntries size: 125372535 bytes
 >> matrix dense size: 1337307040 bytes
 >> total number of nonzero: 71926934 (43.03%)
 >> number of distinct nonzero: 45
 >> CRSV  size: 297541236 bytes  (22.25%)
 >> B	  size: 9839416 bytes  (0.74%)
 >> B_ans size: 5199 bytes  (0.00%)
 >> RE32  size: 58212015 bytes  (4.35%)
 >> REIV  size: 30928867 bytes  (2.31%)
 >> REANS size: 23986632 bytes  (1.79%)
==== Done
REANS -b 24


#### 2026-09-09 20:23:54
 Command line: ./mm-repair/matrepair -r -b 24 -p 24 /mnt/data/datasets/machine-learning-matrices-split/census.csv 2458285 68 
Setting memory for each repair instance to 19335 MBs
Sending logging messages to file: /mnt/data/datasets/machine-learning-matrices-split/census.csv.log
==== Conversion bin/csv->csrv
Command: /home/louza/mm-repair/csvmat2csrv -b 24   /mnt/data/datasets/machine-learning-matrices-split/census.csv -r 0   2458285 68
Conversion time: 14.5472
==== Repair paralell compression
---- Executing 24 parallel processes
---- Parallel processing completed
Repair time: 10.9265
==== Integer vector .C compression
Command: /home/louza/mm-repair/sdsl/encode.x /mnt/data/datasets/machine-learning-matrices-split/census.csv.24.0.vc.C 
==== Integer vector .R compression
Command: /home/louza/mm-repair/sdsl/encode.x /mnt/data/datasets/machine-learning-matrices-split/census.csv.24.0.vc.R 
Integer vector compression time: 0.0779
==== Ans-fold compression
Command: /home/louza/mm-repair/ans/encode.x /mnt/data/datasets/machine-learning-matrices-split/census.csv.24.0.vc.C 
Ans-fold time: 0.0602
==== Integer vector .C compression
Command: /home/louza/mm-repair/sdsl/encode.x /mnt/data/datasets/machine-learning-matrices-split/census.csv.24.1.vc.C 
==== Integer vector .R compression
Command: /home/louza/mm-repair/sdsl/encode.x /mnt/data/datasets/machine-learning-matrices-split/census.csv.24.1.vc.R 
Integer vector compression time: 0.0998
==== Ans-fold compression
Command: /home/louza/mm-repair/ans/encode.x /mnt/data/datasets/machine-learning-matrices-split/census.csv.24.1.vc.C 
Ans-fold time: 0.2499
==== Integer vector .C compression
Command: /home/louza/mm-repair/sdsl/encode.x /mnt/data/datasets/machine-learning-matrices-split/census.csv.24.2.vc.C 
==== Integer vector .R compression
Command: /home/louza/mm-repair/sdsl/encode.x /mnt/data/datasets/machine-learning-matrices-split/census.csv.24.2.vc.R 
Integer vector compression time: 0.1348
==== Ans-fold compression
Command: /home/louza/mm-repair/ans/encode.x /mnt/data/datasets/machine-learning-matrices-split/census.csv.24.2.vc.C 
Ans-fold time: 0.3905
==== Integer vector .C compression
Command: /home/louza/mm-repair/sdsl/encode.x /mnt/data/datasets/machine-learning-matrices-split/census.csv.24.3.vc.C 
==== Integer vector .R compression
Command: /home/louza/mm-repair/sdsl/encode.x /mnt/data/datasets/machine-learning-matrices-split/census.csv.24.3.vc.R 
Integer vector compression time: 0.0917
==== Ans-fold compression
Command: /home/louza/mm-repair/ans/encode.x /mnt/data/datasets/machine-learning-matrices-split/census.csv.24.3.vc.C 
Ans-fold time: 0.4473
==== Integer vector .C compression
Command: /home/louza/mm-repair/sdsl/encode.x /mnt/data/datasets/machine-learning-matrices-split/census.csv.24.4.vc.C 
==== Integer vector .R compression
Command: /home/louza/mm-repair/sdsl/encode.x /mnt/data/datasets/machine-learning-matrices-split/census.csv.24.4.vc.R 
Integer vector compression time: 0.0871
==== Ans-fold compression
Command: /home/louza/mm-repair/ans/encode.x /mnt/data/datasets/machine-learning-matrices-split/census.csv.24.4.vc.C 
Ans-fold time: 0.5584
==== Integer vector .C compression
Command: /home/louza/mm-repair/sdsl/encode.x /mnt/data/datasets/machine-learning-matrices-split/census.csv.24.5.vc.C 
==== Integer vector .R compression
Command: /home/louza/mm-repair/sdsl/encode.x /mnt/data/datasets/machine-learning-matrices-split/census.csv.24.5.vc.R 
Integer vector compression time: 0.0899
==== Ans-fold compression
Command: /home/louza/mm-repair/ans/encode.x /mnt/data/datasets/machine-learning-matrices-split/census.csv.24.5.vc.C 
Ans-fold time: 0.6355
==== Integer vector .C compression
Command: /home/louza/mm-repair/sdsl/encode.x /mnt/data/datasets/machine-learning-matrices-split/census.csv.24.6.vc.C 
==== Integer vector .R compression
Command: /home/louza/mm-repair/sdsl/encode.x /mnt/data/datasets/machine-learning-matrices-split/census.csv.24.6.vc.R 
Integer vector compression time: 0.1232
==== Ans-fold compression
Command: /home/louza/mm-repair/ans/encode.x /mnt/data/datasets/machine-learning-matrices-split/census.csv.24.6.vc.C 
Ans-fold time: 0.7542
==== Integer vector .C compression
Command: /home/louza/mm-repair/sdsl/encode.x /mnt/data/datasets/machine-learning-matrices-split/census.csv.24.7.vc.C 
==== Integer vector .R compression
Command: /home/louza/mm-repair/sdsl/encode.x /mnt/data/datasets/machine-learning-matrices-split/census.csv.24.7.vc.R 
Integer vector compression time: 0.0894
==== Ans-fold compression
Command: /home/louza/mm-repair/ans/encode.x /mnt/data/datasets/machine-learning-matrices-split/census.csv.24.7.vc.C 
Ans-fold time: 0.8399
==== Integer vector .C compression
Command: /home/louza/mm-repair/sdsl/encode.x /mnt/data/datasets/machine-learning-matrices-split/census.csv.24.8.vc.C 
==== Integer vector .R compression
Command: /home/louza/mm-repair/sdsl/encode.x /mnt/data/datasets/machine-learning-matrices-split/census.csv.24.8.vc.R 
Integer vector compression time: 0.1184
==== Ans-fold compression
Command: /home/louza/mm-repair/ans/encode.x /mnt/data/datasets/machine-learning-matrices-split/census.csv.24.8.vc.C 
Ans-fold time: 0.8942
==== Integer vector .C compression
Command: /home/louza/mm-repair/sdsl/encode.x /mnt/data/datasets/machine-learning-matrices-split/census.csv.24.9.vc.C 
==== Integer vector .R compression
Command: /home/louza/mm-repair/sdsl/encode.x /mnt/data/datasets/machine-learning-matrices-split/census.csv.24.9.vc.R 
Integer vector compression time: 0.1182
==== Ans-fold compression
Command: /home/louza/mm-repair/ans/encode.x /mnt/data/datasets/machine-learning-matrices-split/census.csv.24.9.vc.C 
Ans-fold time: 0.9746
==== Integer vector .C compression
Command: /home/louza/mm-repair/sdsl/encode.x /mnt/data/datasets/machine-learning-matrices-split/census.csv.24.10.vc.C 
==== Integer vector .R compression
Command: /home/louza/mm-repair/sdsl/encode.x /mnt/data/datasets/machine-learning-matrices-split/census.csv.24.10.vc.R 
Integer vector compression time: 0.1539
==== Ans-fold compression
Command: /home/louza/mm-repair/ans/encode.x /mnt/data/datasets/machine-learning-matrices-split/census.csv.24.10.vc.C 
Ans-fold time: 1.2071
==== Integer vector .C compression
Command: /home/louza/mm-repair/sdsl/encode.x /mnt/data/datasets/machine-learning-matrices-split/census.csv.24.11.vc.C 
==== Integer vector .R compression
Command: /home/louza/mm-repair/sdsl/encode.x /mnt/data/datasets/machine-learning-matrices-split/census.csv.24.11.vc.R 
Integer vector compression time: 0.1155
==== Ans-fold compression
Command: /home/louza/mm-repair/ans/encode.x /mnt/data/datasets/machine-learning-matrices-split/census.csv.24.11.vc.C 
Ans-fold time: 1.2928
==== Integer vector .C compression
Command: /home/louza/mm-repair/sdsl/encode.x /mnt/data/datasets/machine-learning-matrices-split/census.csv.24.12.vc.C 
==== Integer vector .R compression
Command: /home/louza/mm-repair/sdsl/encode.x /mnt/data/datasets/machine-learning-matrices-split/census.csv.24.12.vc.R 
Integer vector compression time: 0.1287
==== Ans-fold compression
Command: /home/louza/mm-repair/ans/encode.x /mnt/data/datasets/machine-learning-matrices-split/census.csv.24.12.vc.C 
Ans-fold time: 1.3559
==== Integer vector .C compression
Command: /home/louza/mm-repair/sdsl/encode.x /mnt/data/datasets/machine-learning-matrices-split/census.csv.24.13.vc.C 
==== Integer vector .R compression
Command: /home/louza/mm-repair/sdsl/encode.x /mnt/data/datasets/machine-learning-matrices-split/census.csv.24.13.vc.R 
Integer vector compression time: 0.0991
==== Ans-fold compression
Command: /home/louza/mm-repair/ans/encode.x /mnt/data/datasets/machine-learning-matrices-split/census.csv.24.13.vc.C 
Ans-fold time: 1.4145
==== Integer vector .C compression
Command: /home/louza/mm-repair/sdsl/encode.x /mnt/data/datasets/machine-learning-matrices-split/census.csv.24.14.vc.C 
==== Integer vector .R compression
Command: /home/louza/mm-repair/sdsl/encode.x /mnt/data/datasets/machine-learning-matrices-split/census.csv.24.14.vc.R 
Integer vector compression time: 0.1111
==== Ans-fold compression
Command: /home/louza/mm-repair/ans/encode.x /mnt/data/datasets/machine-learning-matrices-split/census.csv.24.14.vc.C 
Ans-fold time: 1.6078
==== Integer vector .C compression
Command: /home/louza/mm-repair/sdsl/encode.x /mnt/data/datasets/machine-learning-matrices-split/census.csv.24.15.vc.C 
==== Integer vector .R compression
Command: /home/louza/mm-repair/sdsl/encode.x /mnt/data/datasets/machine-learning-matrices-split/census.csv.24.15.vc.R 
Integer vector compression time: 0.0829
==== Ans-fold compression
Command: /home/louza/mm-repair/ans/encode.x /mnt/data/datasets/machine-learning-matrices-split/census.csv.24.15.vc.C 
Ans-fold time: 1.6830
==== Integer vector .C compression
Command: /home/louza/mm-repair/sdsl/encode.x /mnt/data/datasets/machine-learning-matrices-split/census.csv.24.16.vc.C 
==== Integer vector .R compression
Command: /home/louza/mm-repair/sdsl/encode.x /mnt/data/datasets/machine-learning-matrices-split/census.csv.24.16.vc.R 
Integer vector compression time: 0.0738
==== Ans-fold compression
Command: /home/louza/mm-repair/ans/encode.x /mnt/data/datasets/machine-learning-matrices-split/census.csv.24.16.vc.C 
Ans-fold time: 1.7726
==== Integer vector .C compression
Command: /home/louza/mm-repair/sdsl/encode.x /mnt/data/datasets/machine-learning-matrices-split/census.csv.24.17.vc.C 
==== Integer vector .R compression
Command: /home/louza/mm-repair/sdsl/encode.x /mnt/data/datasets/machine-learning-matrices-split/census.csv.24.17.vc.R 
Integer vector compression time: 0.0911
==== Ans-fold compression
Command: /home/louza/mm-repair/ans/encode.x /mnt/data/datasets/machine-learning-matrices-split/census.csv.24.17.vc.C 
Ans-fold time: 1.8478
==== Integer vector .C compression
Command: /home/louza/mm-repair/sdsl/encode.x /mnt/data/datasets/machine-learning-matrices-split/census.csv.24.18.vc.C 
==== Integer vector .R compression
Command: /home/louza/mm-repair/sdsl/encode.x /mnt/data/datasets/machine-learning-matrices-split/census.csv.24.18.vc.R 
Integer vector compression time: 0.1065
==== Ans-fold compression
Command: /home/louza/mm-repair/ans/encode.x /mnt/data/datasets/machine-learning-matrices-split/census.csv.24.18.vc.C 
Ans-fold time: 1.9338
==== Integer vector .C compression
Command: /home/louza/mm-repair/sdsl/encode.x /mnt/data/datasets/machine-learning-matrices-split/census.csv.24.19.vc.C 
==== Integer vector .R compression
Command: /home/louza/mm-repair/sdsl/encode.x /mnt/data/datasets/machine-learning-matrices-split/census.csv.24.19.vc.R 
Integer vector compression time: 0.0908
==== Ans-fold compression
Command: /home/louza/mm-repair/ans/encode.x /mnt/data/datasets/machine-learning-matrices-split/census.csv.24.19.vc.C 
Ans-fold time: 2.0677
==== Integer vector .C compression
Command: /home/louza/mm-repair/sdsl/encode.x /mnt/data/datasets/machine-learning-matrices-split/census.csv.24.20.vc.C 
==== Integer vector .R compression
Command: /home/louza/mm-repair/sdsl/encode.x /mnt/data/datasets/machine-learning-matrices-split/census.csv.24.20.vc.R 
Integer vector compression time: 0.1037
==== Ans-fold compression
Command: /home/louza/mm-repair/ans/encode.x /mnt/data/datasets/machine-learning-matrices-split/census.csv.24.20.vc.C 
Ans-fold time: 2.1693
==== Integer vector .C compression
Command: /home/louza/mm-repair/sdsl/encode.x /mnt/data/datasets/machine-learning-matrices-split/census.csv.24.21.vc.C 
==== Integer vector .R compression
Command: /home/louza/mm-repair/sdsl/encode.x /mnt/data/datasets/machine-learning-matrices-split/census.csv.24.21.vc.R 
Integer vector compression time: 0.0908
==== Ans-fold compression
Command: /home/louza/mm-repair/ans/encode.x /mnt/data/datasets/machine-learning-matrices-split/census.csv.24.21.vc.C 
Ans-fold time: 2.5588
==== Integer vector .C compression
Command: /home/louza/mm-repair/sdsl/encode.x /mnt/data/datasets/machine-learning-matrices-split/census.csv.24.22.vc.C 
==== Integer vector .R compression
Command: /home/louza/mm-repair/sdsl/encode.x /mnt/data/datasets/machine-learning-matrices-split/census.csv.24.22.vc.R 
Integer vector compression time: 0.2131
==== Ans-fold compression
Command: /home/louza/mm-repair/ans/encode.x /mnt/data/datasets/machine-learning-matrices-split/census.csv.24.22.vc.C 
Ans-fold time: 2.8153
==== Integer vector .C compression
Command: /home/louza/mm-repair/sdsl/encode.x /mnt/data/datasets/machine-learning-matrices-split/census.csv.24.23.vc.C 
==== Integer vector .R compression
Command: /home/louza/mm-repair/sdsl/encode.x /mnt/data/datasets/machine-learning-matrices-split/census.csv.24.23.vc.R 
Integer vector compression time: 0.2544
==== Ans-fold compression
Command: /home/louza/mm-repair/ans/encode.x /mnt/data/datasets/machine-learning-matrices-split/census.csv.24.23.vc.C 
Ans-fold time: 3.1986
Elapsed time: 31.4238
==== Compression Report:
 >> matrix name: /mnt/data/datasets/machine-learning-matrices-split/census.csv
 >> conversion time: 14.55
 >> repair time: 10.93
 >> integer vectors time: 0.25
 >> ansf time: 3.20
 >> total time: 31.42
 >> matrix log(alpha)xNumEntries size: 125372535 bytes
 >> matrix dense size: 1337307040 bytes
 >> total number of nonzero: 71928503 (43.03%)
 >> number of distinct nonzero: 45
 >> CRSV  size: 297547512 bytes  (22.25%)
 >> RE32  size: 59426960 bytes  (4.44%)
 >> REIV  size: 31571384 bytes  (2.36%)
 >> REANS size: 25330772 bytes  (1.89%)
==== Done

#### 2026-09-09 20:24:26
 Command line: ./mm-repair/matrepair -r -b 24 -p 24 /mnt/data/datasets/machine-learning-matrices-split/census.csv 2458285 68 --ole 
Setting memory for each repair instance to 19335 MBs
Sending logging messages to file: /mnt/data/datasets/machine-learning-matrices-split/census.csv.log
==== Conversion bin/csv->csrv
Command: /home/louza/mm-repair/csvmat2csrv -b 24   /mnt/data/datasets/machine-learning-matrices-split/census.csv -r 0   2458285 68
Conversion time: 23.5140
==== Repair paralell compression
---- Executing 24 parallel processes
---- Parallel processing completed
Repair time: 15.9612
==== Integer vector .C compression
Command: /home/louza/mm-repair/sdsl/encode.x /mnt/data/datasets/machine-learning-matrices-split/census.csv.24.0.vc.C 
==== Integer vector .R compression
Command: /home/louza/mm-repair/sdsl/encode.x /mnt/data/datasets/machine-learning-matrices-split/census.csv.24.0.vc.R 
Integer vector compression time: 0.1020
==== OLE
Command: /home/louza/mm-repair/ole/encode.x /mnt/data/datasets/machine-learning-matrices-split/census.csv.24.0.vc.C 
OLE time: 0.0466
==== Ans-fold compression
Command: /home/louza/mm-repair/ans/encode.x /mnt/data/datasets/machine-learning-matrices-split/census.csv.24.0.vc.C 
Ans-fold time: 0.2791
==== Integer vector .C compression
Command: /home/louza/mm-repair/sdsl/encode.x /mnt/data/datasets/machine-learning-matrices-split/census.csv.24.1.vc.C 
==== Integer vector .R compression
Command: /home/louza/mm-repair/sdsl/encode.x /mnt/data/datasets/machine-learning-matrices-split/census.csv.24.1.vc.R 
Integer vector compression time: 0.1459
==== OLE
Command: /home/louza/mm-repair/ole/encode.x /mnt/data/datasets/machine-learning-matrices-split/census.csv.24.1.vc.C 
OLE time: 0.0408
==== Ans-fold compression
Command: /home/louza/mm-repair/ans/encode.x /mnt/data/datasets/machine-learning-matrices-split/census.csv.24.1.vc.C 
Ans-fold time: 0.3630
==== Integer vector .C compression
Command: /home/louza/mm-repair/sdsl/encode.x /mnt/data/datasets/machine-learning-matrices-split/census.csv.24.2.vc.C 
==== Integer vector .R compression
Command: /home/louza/mm-repair/sdsl/encode.x /mnt/data/datasets/machine-learning-matrices-split/census.csv.24.2.vc.R 
Integer vector compression time: 0.1989
==== OLE
Command: /home/louza/mm-repair/ole/encode.x /mnt/data/datasets/machine-learning-matrices-split/census.csv.24.2.vc.C 
OLE time: 0.0521
==== Ans-fold compression
Command: /home/louza/mm-repair/ans/encode.x /mnt/data/datasets/machine-learning-matrices-split/census.csv.24.2.vc.C 
Ans-fold time: 0.4258
==== Integer vector .C compression
Command: /home/louza/mm-repair/sdsl/encode.x /mnt/data/datasets/machine-learning-matrices-split/census.csv.24.3.vc.C 
==== Integer vector .R compression
Command: /home/louza/mm-repair/sdsl/encode.x /mnt/data/datasets/machine-learning-matrices-split/census.csv.24.3.vc.R 
Integer vector compression time: 0.0886
==== OLE
Command: /home/louza/mm-repair/ole/encode.x /mnt/data/datasets/machine-learning-matrices-split/census.csv.24.3.vc.C 
OLE time: 0.0924
==== Ans-fold compression
Command: /home/louza/mm-repair/ans/encode.x /mnt/data/datasets/machine-learning-matrices-split/census.csv.24.3.vc.C 
Ans-fold time: 0.5146
==== Integer vector .C compression
Command: /home/louza/mm-repair/sdsl/encode.x /mnt/data/datasets/machine-learning-matrices-split/census.csv.24.4.vc.C 
==== Integer vector .R compression
Command: /home/louza/mm-repair/sdsl/encode.x /mnt/data/datasets/machine-learning-matrices-split/census.csv.24.4.vc.R 
Integer vector compression time: 0.0828
==== OLE
Command: /home/louza/mm-repair/ole/encode.x /mnt/data/datasets/machine-learning-matrices-split/census.csv.24.4.vc.C 
OLE time: 0.0289
==== Ans-fold compression
Command: /home/louza/mm-repair/ans/encode.x /mnt/data/datasets/machine-learning-matrices-split/census.csv.24.4.vc.C 
Ans-fold time: 0.5758
==== Integer vector .C compression
Command: /home/louza/mm-repair/sdsl/encode.x /mnt/data/datasets/machine-learning-matrices-split/census.csv.24.5.vc.C 
==== Integer vector .R compression
Command: /home/louza/mm-repair/sdsl/encode.x /mnt/data/datasets/machine-learning-matrices-split/census.csv.24.5.vc.R 
Integer vector compression time: 0.1550
==== OLE
Command: /home/louza/mm-repair/ole/encode.x /mnt/data/datasets/machine-learning-matrices-split/census.csv.24.5.vc.C 
OLE time: 0.0382
==== Ans-fold compression
Command: /home/louza/mm-repair/ans/encode.x /mnt/data/datasets/machine-learning-matrices-split/census.csv.24.5.vc.C 
Ans-fold time: 0.6387
==== Integer vector .C compression
Command: /home/louza/mm-repair/sdsl/encode.x /mnt/data/datasets/machine-learning-matrices-split/census.csv.24.6.vc.C 
==== Integer vector .R compression
Command: /home/louza/mm-repair/sdsl/encode.x /mnt/data/datasets/machine-learning-matrices-split/census.csv.24.6.vc.R 
Integer vector compression time: 0.1119
==== OLE
Command: /home/louza/mm-repair/ole/encode.x /mnt/data/datasets/machine-learning-matrices-split/census.csv.24.6.vc.C 
OLE time: 0.0856
==== Ans-fold compression
Command: /home/louza/mm-repair/ans/encode.x /mnt/data/datasets/machine-learning-matrices-split/census.csv.24.6.vc.C 
Ans-fold time: 0.7157
==== Integer vector .C compression
Command: /home/louza/mm-repair/sdsl/encode.x /mnt/data/datasets/machine-learning-matrices-split/census.csv.24.7.vc.C 
==== Integer vector .R compression
Command: /home/louza/mm-repair/sdsl/encode.x /mnt/data/datasets/machine-learning-matrices-split/census.csv.24.7.vc.R 
Integer vector compression time: 0.1006
==== OLE
Command: /home/louza/mm-repair/ole/encode.x /mnt/data/datasets/machine-learning-matrices-split/census.csv.24.7.vc.C 
OLE time: 0.1522
==== Ans-fold compression
Command: /home/louza/mm-repair/ans/encode.x /mnt/data/datasets/machine-learning-matrices-split/census.csv.24.7.vc.C 
Ans-fold time: 0.7747
==== Integer vector .C compression
Command: /home/louza/mm-repair/sdsl/encode.x /mnt/data/datasets/machine-learning-matrices-split/census.csv.24.8.vc.C 
==== Integer vector .R compression
Command: /home/louza/mm-repair/sdsl/encode.x /mnt/data/datasets/machine-learning-matrices-split/census.csv.24.8.vc.R 
Integer vector compression time: 0.1474
==== OLE
Command: /home/louza/mm-repair/ole/encode.x /mnt/data/datasets/machine-learning-matrices-split/census.csv.24.8.vc.C 
OLE time: 0.0451
==== Ans-fold compression
Command: /home/louza/mm-repair/ans/encode.x /mnt/data/datasets/machine-learning-matrices-split/census.csv.24.8.vc.C 
Ans-fold time: 1.0273
==== Integer vector .C compression
Command: /home/louza/mm-repair/sdsl/encode.x /mnt/data/datasets/machine-learning-matrices-split/census.csv.24.9.vc.C 
==== Integer vector .R compression
Command: /home/louza/mm-repair/sdsl/encode.x /mnt/data/datasets/machine-learning-matrices-split/census.csv.24.9.vc.R 
Integer vector compression time: 0.1282
==== OLE
Command: /home/louza/mm-repair/ole/encode.x /mnt/data/datasets/machine-learning-matrices-split/census.csv.24.9.vc.C 
OLE time: 0.0531
==== Ans-fold compression
Command: /home/louza/mm-repair/ans/encode.x /mnt/data/datasets/machine-learning-matrices-split/census.csv.24.9.vc.C 
Ans-fold time: 1.0920
==== Integer vector .C compression
Command: /home/louza/mm-repair/sdsl/encode.x /mnt/data/datasets/machine-learning-matrices-split/census.csv.24.10.vc.C 
==== Integer vector .R compression
Command: /home/louza/mm-repair/sdsl/encode.x /mnt/data/datasets/machine-learning-matrices-split/census.csv.24.10.vc.R 
Integer vector compression time: 0.0900
==== OLE
Command: /home/louza/mm-repair/ole/encode.x /mnt/data/datasets/machine-learning-matrices-split/census.csv.24.10.vc.C 
OLE time: 0.0479
==== Ans-fold compression
Command: /home/louza/mm-repair/ans/encode.x /mnt/data/datasets/machine-learning-matrices-split/census.csv.24.10.vc.C 
Ans-fold time: 1.2090
==== Integer vector .C compression
Command: /home/louza/mm-repair/sdsl/encode.x /mnt/data/datasets/machine-learning-matrices-split/census.csv.24.11.vc.C 
==== Integer vector .R compression
Command: /home/louza/mm-repair/sdsl/encode.x /mnt/data/datasets/machine-learning-matrices-split/census.csv.24.11.vc.R 
Integer vector compression time: 0.1026
==== OLE
Command: /home/louza/mm-repair/ole/encode.x /mnt/data/datasets/machine-learning-matrices-split/census.csv.24.11.vc.C 
OLE time: 0.0378
==== Ans-fold compression
Command: /home/louza/mm-repair/ans/encode.x /mnt/data/datasets/machine-learning-matrices-split/census.csv.24.11.vc.C 
Ans-fold time: 1.2688
==== Integer vector .C compression
Command: /home/louza/mm-repair/sdsl/encode.x /mnt/data/datasets/machine-learning-matrices-split/census.csv.24.12.vc.C 
==== Integer vector .R compression
Command: /home/louza/mm-repair/sdsl/encode.x /mnt/data/datasets/machine-learning-matrices-split/census.csv.24.12.vc.R 
Integer vector compression time: 0.1170
==== OLE
Command: /home/louza/mm-repair/ole/encode.x /mnt/data/datasets/machine-learning-matrices-split/census.csv.24.12.vc.C 
OLE time: 0.0358
==== Ans-fold compression
Command: /home/louza/mm-repair/ans/encode.x /mnt/data/datasets/machine-learning-matrices-split/census.csv.24.12.vc.C 
Ans-fold time: 1.4497
==== Integer vector .C compression
Command: /home/louza/mm-repair/sdsl/encode.x /mnt/data/datasets/machine-learning-matrices-split/census.csv.24.13.vc.C 
==== Integer vector .R compression
Command: /home/louza/mm-repair/sdsl/encode.x /mnt/data/datasets/machine-learning-matrices-split/census.csv.24.13.vc.R 
Integer vector compression time: 0.1102
==== OLE
Command: /home/louza/mm-repair/ole/encode.x /mnt/data/datasets/machine-learning-matrices-split/census.csv.24.13.vc.C 
OLE time: 0.0514
==== Ans-fold compression
Command: /home/louza/mm-repair/ans/encode.x /mnt/data/datasets/machine-learning-matrices-split/census.csv.24.13.vc.C 
Ans-fold time: 1.5186
==== Integer vector .C compression
Command: /home/louza/mm-repair/sdsl/encode.x /mnt/data/datasets/machine-learning-matrices-split/census.csv.24.14.vc.C 
==== Integer vector .R compression
Command: /home/louza/mm-repair/sdsl/encode.x /mnt/data/datasets/machine-learning-matrices-split/census.csv.24.14.vc.R 
Integer vector compression time: 0.1064
==== OLE
Command: /home/louza/mm-repair/ole/encode.x /mnt/data/datasets/machine-learning-matrices-split/census.csv.24.14.vc.C 
OLE time: 0.0281
==== Ans-fold compression
Command: /home/louza/mm-repair/ans/encode.x /mnt/data/datasets/machine-learning-matrices-split/census.csv.24.14.vc.C 
Ans-fold time: 1.5709
==== Integer vector .C compression
Command: /home/louza/mm-repair/sdsl/encode.x /mnt/data/datasets/machine-learning-matrices-split/census.csv.24.15.vc.C 
==== Integer vector .R compression
Command: /home/louza/mm-repair/sdsl/encode.x /mnt/data/datasets/machine-learning-matrices-split/census.csv.24.15.vc.R 
Integer vector compression time: 0.2508
==== OLE
Command: /home/louza/mm-repair/ole/encode.x /mnt/data/datasets/machine-learning-matrices-split/census.csv.24.15.vc.C 
OLE time: 0.0257
==== Ans-fold compression
Command: /home/louza/mm-repair/ans/encode.x /mnt/data/datasets/machine-learning-matrices-split/census.csv.24.15.vc.C 
Ans-fold time: 1.6445
==== Integer vector .C compression
Command: /home/louza/mm-repair/sdsl/encode.x /mnt/data/datasets/machine-learning-matrices-split/census.csv.24.16.vc.C 
==== Integer vector .R compression
Command: /home/louza/mm-repair/sdsl/encode.x /mnt/data/datasets/machine-learning-matrices-split/census.csv.24.16.vc.R 
Integer vector compression time: 0.0752
==== OLE
Command: /home/louza/mm-repair/ole/encode.x /mnt/data/datasets/machine-learning-matrices-split/census.csv.24.16.vc.C 
OLE time: 0.0244
==== Ans-fold compression
Command: /home/louza/mm-repair/ans/encode.x /mnt/data/datasets/machine-learning-matrices-split/census.csv.24.16.vc.C 
Ans-fold time: 1.7000
==== Integer vector .C compression
Command: /home/louza/mm-repair/sdsl/encode.x /mnt/data/datasets/machine-learning-matrices-split/census.csv.24.17.vc.C 
==== Integer vector .R compression
Command: /home/louza/mm-repair/sdsl/encode.x /mnt/data/datasets/machine-learning-matrices-split/census.csv.24.17.vc.R 
Integer vector compression time: 0.0768
==== OLE
Command: /home/louza/mm-repair/ole/encode.x /mnt/data/datasets/machine-learning-matrices-split/census.csv.24.17.vc.C 
OLE time: 0.0244
==== Ans-fold compression
Command: /home/louza/mm-repair/ans/encode.x /mnt/data/datasets/machine-learning-matrices-split/census.csv.24.17.vc.C 
Ans-fold time: 1.7497
==== Integer vector .C compression
Command: /home/louza/mm-repair/sdsl/encode.x /mnt/data/datasets/machine-learning-matrices-split/census.csv.24.18.vc.C 
==== Integer vector .R compression
Command: /home/louza/mm-repair/sdsl/encode.x /mnt/data/datasets/machine-learning-matrices-split/census.csv.24.18.vc.R 
Integer vector compression time: 0.0730
==== OLE
Command: /home/louza/mm-repair/ole/encode.x /mnt/data/datasets/machine-learning-matrices-split/census.csv.24.18.vc.C 
OLE time: 0.0321
==== Ans-fold compression
Command: /home/louza/mm-repair/ans/encode.x /mnt/data/datasets/machine-learning-matrices-split/census.csv.24.18.vc.C 
Ans-fold time: 1.8049
==== Integer vector .C compression
Command: /home/louza/mm-repair/sdsl/encode.x /mnt/data/datasets/machine-learning-matrices-split/census.csv.24.19.vc.C 
==== Integer vector .R compression
Command: /home/louza/mm-repair/sdsl/encode.x /mnt/data/datasets/machine-learning-matrices-split/census.csv.24.19.vc.R 
Integer vector compression time: 0.0756
==== OLE
Command: /home/louza/mm-repair/ole/encode.x /mnt/data/datasets/machine-learning-matrices-split/census.csv.24.19.vc.C 
OLE time: 0.0246
==== Ans-fold compression
Command: /home/louza/mm-repair/ans/encode.x /mnt/data/datasets/machine-learning-matrices-split/census.csv.24.19.vc.C 
Ans-fold time: 1.8602
==== Integer vector .C compression
Command: /home/louza/mm-repair/sdsl/encode.x /mnt/data/datasets/machine-learning-matrices-split/census.csv.24.20.vc.C 
==== Integer vector .R compression
Command: /home/louza/mm-repair/sdsl/encode.x /mnt/data/datasets/machine-learning-matrices-split/census.csv.24.20.vc.R 
Integer vector compression time: 0.0766
==== OLE
Command: /home/louza/mm-repair/ole/encode.x /mnt/data/datasets/machine-learning-matrices-split/census.csv.24.20.vc.C 
OLE time: 0.0261
==== Ans-fold compression
Command: /home/louza/mm-repair/ans/encode.x /mnt/data/datasets/machine-learning-matrices-split/census.csv.24.20.vc.C 
Ans-fold time: 1.9143
==== Integer vector .C compression
Command: /home/louza/mm-repair/sdsl/encode.x /mnt/data/datasets/machine-learning-matrices-split/census.csv.24.21.vc.C 
==== Integer vector .R compression
Command: /home/louza/mm-repair/sdsl/encode.x /mnt/data/datasets/machine-learning-matrices-split/census.csv.24.21.vc.R 
Integer vector compression time: 0.0810
==== OLE
Command: /home/louza/mm-repair/ole/encode.x /mnt/data/datasets/machine-learning-matrices-split/census.csv.24.21.vc.C 
OLE time: 0.0304
==== Ans-fold compression
Command: /home/louza/mm-repair/ans/encode.x /mnt/data/datasets/machine-learning-matrices-split/census.csv.24.21.vc.C 
Ans-fold time: 1.9702
==== Integer vector .C compression
Command: /home/louza/mm-repair/sdsl/encode.x /mnt/data/datasets/machine-learning-matrices-split/census.csv.24.22.vc.C 
==== Integer vector .R compression
Command: /home/louza/mm-repair/sdsl/encode.x /mnt/data/datasets/machine-learning-matrices-split/census.csv.24.22.vc.R 
Integer vector compression time: 0.0845
==== OLE
Command: /home/louza/mm-repair/ole/encode.x /mnt/data/datasets/machine-learning-matrices-split/census.csv.24.22.vc.C 
OLE time: 0.0286
==== Ans-fold compression
Command: /home/louza/mm-repair/ans/encode.x /mnt/data/datasets/machine-learning-matrices-split/census.csv.24.22.vc.C 
Ans-fold time: 2.0257
==== Integer vector .C compression
Command: /home/louza/mm-repair/sdsl/encode.x /mnt/data/datasets/machine-learning-matrices-split/census.csv.24.23.vc.C 
==== Integer vector .R compression
Command: /home/louza/mm-repair/sdsl/encode.x /mnt/data/datasets/machine-learning-matrices-split/census.csv.24.23.vc.R 
Integer vector compression time: 0.0803
==== OLE
Command: /home/louza/mm-repair/ole/encode.x /mnt/data/datasets/machine-learning-matrices-split/census.csv.24.23.vc.C 
OLE time: 0.0236
==== Ans-fold compression
Command: /home/louza/mm-repair/ans/encode.x /mnt/data/datasets/machine-learning-matrices-split/census.csv.24.23.vc.C 
Ans-fold time: 2.0800
Elapsed time: 45.3021
==== Compression Report:
 >> matrix name: /mnt/data/datasets/machine-learning-matrices-split/census.csv
 >> conversion time: 23.51
 >> repair time: 15.96
 >> integer vectors time: 0.08
 >> ansf time: 2.08
 >> total time: 45.30
 >> matrix log(alpha)xNumEntries size: 125372535 bytes
 >> matrix dense size: 1337307040 bytes
 >> total number of nonzero: 71928503 (43.03%)
 >> number of distinct nonzero: 45
 >> CRSV  size: 297547512 bytes  (22.25%)
 >> RE32  size: 59426960 bytes  (4.44%)
 >> REIV  size: 31571384 bytes  (2.36%)
 >> REANS size: 24550013 bytes  (1.84%)
==== Done

#### 2026-09-09 20:25:12
 Command line: ./mm-repair/matrepair -r -b 24 -p 24 /mnt/data/datasets/machine-learning-matrices-split/census.csv 2458285 68 --mapping 
Setting memory for each repair instance to 19335 MBs
Sending logging messages to file: /mnt/data/datasets/machine-learning-matrices-split/census.csv.log
==== Conversion bin/csv->csrv
Command: /home/louza/mm-repair/csvmat2csrv -b 24   /mnt/data/datasets/machine-learning-matrices-split/census.csv -r 0 -m  2458285 68
Conversion time: 28.9859
==== Repair paralell compression
---- Executing 24 parallel processes
---- Parallel processing completed
Repair time: 18.6233
==== Integer vector .C compression
Command: /home/louza/mm-repair/sdsl/encode.x /mnt/data/datasets/machine-learning-matrices-split/census.csv.24.0.vc.C 
==== Integer vector .R compression
Command: /home/louza/mm-repair/sdsl/encode.x /mnt/data/datasets/machine-learning-matrices-split/census.csv.24.0.vc.R 
Integer vector compression time: 0.1292
==== Ans-fold compression
Command: /home/louza/mm-repair/ans/encode.x /mnt/data/datasets/machine-learning-matrices-split/census.csv.24.0.vc.C 
Ans-fold time: 0.1568
==== Integer vector .C compression
Command: /home/louza/mm-repair/sdsl/encode.x /mnt/data/datasets/machine-learning-matrices-split/census.csv.24.1.vc.C 
==== Integer vector .R compression
Command: /home/louza/mm-repair/sdsl/encode.x /mnt/data/datasets/machine-learning-matrices-split/census.csv.24.1.vc.R 
Integer vector compression time: 0.1254
==== Ans-fold compression
Command: /home/louza/mm-repair/ans/encode.x /mnt/data/datasets/machine-learning-matrices-split/census.csv.24.1.vc.C 
Ans-fold time: 0.2979
==== Integer vector .C compression
Command: /home/louza/mm-repair/sdsl/encode.x /mnt/data/datasets/machine-learning-matrices-split/census.csv.24.2.vc.C 
==== Integer vector .R compression
Command: /home/louza/mm-repair/sdsl/encode.x /mnt/data/datasets/machine-learning-matrices-split/census.csv.24.2.vc.R 
Integer vector compression time: 0.1192
==== Ans-fold compression
Command: /home/louza/mm-repair/ans/encode.x /mnt/data/datasets/machine-learning-matrices-split/census.csv.24.2.vc.C 
Ans-fold time: 0.4412
==== Integer vector .C compression
Command: /home/louza/mm-repair/sdsl/encode.x /mnt/data/datasets/machine-learning-matrices-split/census.csv.24.3.vc.C 
==== Integer vector .R compression
Command: /home/louza/mm-repair/sdsl/encode.x /mnt/data/datasets/machine-learning-matrices-split/census.csv.24.3.vc.R 
Integer vector compression time: 0.1227
==== Ans-fold compression
Command: /home/louza/mm-repair/ans/encode.x /mnt/data/datasets/machine-learning-matrices-split/census.csv.24.3.vc.C 
Ans-fold time: 0.6142
==== Integer vector .C compression
Command: /home/louza/mm-repair/sdsl/encode.x /mnt/data/datasets/machine-learning-matrices-split/census.csv.24.4.vc.C 
==== Integer vector .R compression
Command: /home/louza/mm-repair/sdsl/encode.x /mnt/data/datasets/machine-learning-matrices-split/census.csv.24.4.vc.R 
Integer vector compression time: 0.1465
==== Ans-fold compression
Command: /home/louza/mm-repair/ans/encode.x /mnt/data/datasets/machine-learning-matrices-split/census.csv.24.4.vc.C 
Ans-fold time: 0.7323
==== Integer vector .C compression
Command: /home/louza/mm-repair/sdsl/encode.x /mnt/data/datasets/machine-learning-matrices-split/census.csv.24.5.vc.C 
==== Integer vector .R compression
Command: /home/louza/mm-repair/sdsl/encode.x /mnt/data/datasets/machine-learning-matrices-split/census.csv.24.5.vc.R 
Integer vector compression time: 0.1011
==== Ans-fold compression
Command: /home/louza/mm-repair/ans/encode.x /mnt/data/datasets/machine-learning-matrices-split/census.csv.24.5.vc.C 
Ans-fold time: 0.8763
==== Integer vector .C compression
Command: /home/louza/mm-repair/sdsl/encode.x /mnt/data/datasets/machine-learning-matrices-split/census.csv.24.6.vc.C 
==== Integer vector .R compression
Command: /home/louza/mm-repair/sdsl/encode.x /mnt/data/datasets/machine-learning-matrices-split/census.csv.24.6.vc.R 
Integer vector compression time: 0.1009
==== Ans-fold compression
Command: /home/louza/mm-repair/ans/encode.x /mnt/data/datasets/machine-learning-matrices-split/census.csv.24.6.vc.C 
Ans-fold time: 0.9550
==== Integer vector .C compression
Command: /home/louza/mm-repair/sdsl/encode.x /mnt/data/datasets/machine-learning-matrices-split/census.csv.24.7.vc.C 
==== Integer vector .R compression
Command: /home/louza/mm-repair/sdsl/encode.x /mnt/data/datasets/machine-learning-matrices-split/census.csv.24.7.vc.R 
Integer vector compression time: 0.1319
==== Ans-fold compression
Command: /home/louza/mm-repair/ans/encode.x /mnt/data/datasets/machine-learning-matrices-split/census.csv.24.7.vc.C 
Ans-fold time: 1.0887
==== Integer vector .C compression
Command: /home/louza/mm-repair/sdsl/encode.x /mnt/data/datasets/machine-learning-matrices-split/census.csv.24.8.vc.C 
==== Integer vector .R compression
Command: /home/louza/mm-repair/sdsl/encode.x /mnt/data/datasets/machine-learning-matrices-split/census.csv.24.8.vc.R 
Integer vector compression time: 0.1295
==== Ans-fold compression
Command: /home/louza/mm-repair/ans/encode.x /mnt/data/datasets/machine-learning-matrices-split/census.csv.24.8.vc.C 
Ans-fold time: 1.1983
==== Integer vector .C compression
Command: /home/louza/mm-repair/sdsl/encode.x /mnt/data/datasets/machine-learning-matrices-split/census.csv.24.9.vc.C 
==== Integer vector .R compression
Command: /home/louza/mm-repair/sdsl/encode.x /mnt/data/datasets/machine-learning-matrices-split/census.csv.24.9.vc.R 
Integer vector compression time: 0.0829
==== Ans-fold compression
Command: /home/louza/mm-repair/ans/encode.x /mnt/data/datasets/machine-learning-matrices-split/census.csv.24.9.vc.C 
Ans-fold time: 1.2832
==== Integer vector .C compression
Command: /home/louza/mm-repair/sdsl/encode.x /mnt/data/datasets/machine-learning-matrices-split/census.csv.24.10.vc.C 
==== Integer vector .R compression
Command: /home/louza/mm-repair/sdsl/encode.x /mnt/data/datasets/machine-learning-matrices-split/census.csv.24.10.vc.R 
Integer vector compression time: 0.0768
==== Ans-fold compression
Command: /home/louza/mm-repair/ans/encode.x /mnt/data/datasets/machine-learning-matrices-split/census.csv.24.10.vc.C 
Ans-fold time: 1.3520
==== Integer vector .C compression
Command: /home/louza/mm-repair/sdsl/encode.x /mnt/data/datasets/machine-learning-matrices-split/census.csv.24.11.vc.C 
==== Integer vector .R compression
Command: /home/louza/mm-repair/sdsl/encode.x /mnt/data/datasets/machine-learning-matrices-split/census.csv.24.11.vc.R 
Integer vector compression time: 0.1101
==== Ans-fold compression
Command: /home/louza/mm-repair/ans/encode.x /mnt/data/datasets/machine-learning-matrices-split/census.csv.24.11.vc.C 
Ans-fold time: 1.4642
==== Integer vector .C compression
Command: /home/louza/mm-repair/sdsl/encode.x /mnt/data/datasets/machine-learning-matrices-split/census.csv.24.12.vc.C 
==== Integer vector .R compression
Command: /home/louza/mm-repair/sdsl/encode.x /mnt/data/datasets/machine-learning-matrices-split/census.csv.24.12.vc.R 
Integer vector compression time: 0.0980
==== Ans-fold compression
Command: /home/louza/mm-repair/ans/encode.x /mnt/data/datasets/machine-learning-matrices-split/census.csv.24.12.vc.C 
Ans-fold time: 1.6222
==== Integer vector .C compression
Command: /home/louza/mm-repair/sdsl/encode.x /mnt/data/datasets/machine-learning-matrices-split/census.csv.24.13.vc.C 
==== Integer vector .R compression
Command: /home/louza/mm-repair/sdsl/encode.x /mnt/data/datasets/machine-learning-matrices-split/census.csv.24.13.vc.R 
Integer vector compression time: 0.1151
==== Ans-fold compression
Command: /home/louza/mm-repair/ans/encode.x /mnt/data/datasets/machine-learning-matrices-split/census.csv.24.13.vc.C 
Ans-fold time: 1.7411
==== Integer vector .C compression
Command: /home/louza/mm-repair/sdsl/encode.x /mnt/data/datasets/machine-learning-matrices-split/census.csv.24.14.vc.C 
==== Integer vector .R compression
Command: /home/louza/mm-repair/sdsl/encode.x /mnt/data/datasets/machine-learning-matrices-split/census.csv.24.14.vc.R 
Integer vector compression time: 0.0946
==== Ans-fold compression
Command: /home/louza/mm-repair/ans/encode.x /mnt/data/datasets/machine-learning-matrices-split/census.csv.24.14.vc.C 
Ans-fold time: 1.8529
==== Integer vector .C compression
Command: /home/louza/mm-repair/sdsl/encode.x /mnt/data/datasets/machine-learning-matrices-split/census.csv.24.15.vc.C 
==== Integer vector .R compression
Command: /home/louza/mm-repair/sdsl/encode.x /mnt/data/datasets/machine-learning-matrices-split/census.csv.24.15.vc.R 
Integer vector compression time: 0.0912
==== Ans-fold compression
Command: /home/louza/mm-repair/ans/encode.x /mnt/data/datasets/machine-learning-matrices-split/census.csv.24.15.vc.C 
Ans-fold time: 2.0251
==== Integer vector .C compression
Command: /home/louza/mm-repair/sdsl/encode.x /mnt/data/datasets/machine-learning-matrices-split/census.csv.24.16.vc.C 
==== Integer vector .R compression
Command: /home/louza/mm-repair/sdsl/encode.x /mnt/data/datasets/machine-learning-matrices-split/census.csv.24.16.vc.R 
Integer vector compression time: 0.1178
==== Ans-fold compression
Command: /home/louza/mm-repair/ans/encode.x /mnt/data/datasets/machine-learning-matrices-split/census.csv.24.16.vc.C 
Ans-fold time: 2.1734
==== Integer vector .C compression
Command: /home/louza/mm-repair/sdsl/encode.x /mnt/data/datasets/machine-learning-matrices-split/census.csv.24.17.vc.C 
==== Integer vector .R compression
Command: /home/louza/mm-repair/sdsl/encode.x /mnt/data/datasets/machine-learning-matrices-split/census.csv.24.17.vc.R 
Integer vector compression time: 0.1277
==== Ans-fold compression
Command: /home/louza/mm-repair/ans/encode.x /mnt/data/datasets/machine-learning-matrices-split/census.csv.24.17.vc.C 
Ans-fold time: 2.4035
==== Integer vector .C compression
Command: /home/louza/mm-repair/sdsl/encode.x /mnt/data/datasets/machine-learning-matrices-split/census.csv.24.18.vc.C 
==== Integer vector .R compression
Command: /home/louza/mm-repair/sdsl/encode.x /mnt/data/datasets/machine-learning-matrices-split/census.csv.24.18.vc.R 
Integer vector compression time: 0.1198
==== Ans-fold compression
Command: /home/louza/mm-repair/ans/encode.x /mnt/data/datasets/machine-learning-matrices-split/census.csv.24.18.vc.C 
Ans-fold time: 2.5775
==== Integer vector .C compression
Command: /home/louza/mm-repair/sdsl/encode.x /mnt/data/datasets/machine-learning-matrices-split/census.csv.24.19.vc.C 
==== Integer vector .R compression
Command: /home/louza/mm-repair/sdsl/encode.x /mnt/data/datasets/machine-learning-matrices-split/census.csv.24.19.vc.R 
Integer vector compression time: 0.1194
==== Ans-fold compression
Command: /home/louza/mm-repair/ans/encode.x /mnt/data/datasets/machine-learning-matrices-split/census.csv.24.19.vc.C 
Ans-fold time: 2.7650
==== Integer vector .C compression
Command: /home/louza/mm-repair/sdsl/encode.x /mnt/data/datasets/machine-learning-matrices-split/census.csv.24.20.vc.C 
==== Integer vector .R compression
Command: /home/louza/mm-repair/sdsl/encode.x /mnt/data/datasets/machine-learning-matrices-split/census.csv.24.20.vc.R 
Integer vector compression time: 0.1025
==== Ans-fold compression
Command: /home/louza/mm-repair/ans/encode.x /mnt/data/datasets/machine-learning-matrices-split/census.csv.24.20.vc.C 
Ans-fold time: 2.9339
==== Integer vector .C compression
Command: /home/louza/mm-repair/sdsl/encode.x /mnt/data/datasets/machine-learning-matrices-split/census.csv.24.21.vc.C 
==== Integer vector .R compression
Command: /home/louza/mm-repair/sdsl/encode.x /mnt/data/datasets/machine-learning-matrices-split/census.csv.24.21.vc.R 
Integer vector compression time: 0.1779
==== Ans-fold compression
Command: /home/louza/mm-repair/ans/encode.x /mnt/data/datasets/machine-learning-matrices-split/census.csv.24.21.vc.C 
Ans-fold time: 3.0798
==== Integer vector .C compression
Command: /home/louza/mm-repair/sdsl/encode.x /mnt/data/datasets/machine-learning-matrices-split/census.csv.24.22.vc.C 
==== Integer vector .R compression
Command: /home/louza/mm-repair/sdsl/encode.x /mnt/data/datasets/machine-learning-matrices-split/census.csv.24.22.vc.R 
Integer vector compression time: 0.1098
==== Ans-fold compression
Command: /home/louza/mm-repair/ans/encode.x /mnt/data/datasets/machine-learning-matrices-split/census.csv.24.22.vc.C 
Ans-fold time: 3.1651
==== Integer vector .C compression
Command: /home/louza/mm-repair/sdsl/encode.x /mnt/data/datasets/machine-learning-matrices-split/census.csv.24.23.vc.C 
==== Integer vector .R compression
Command: /home/louza/mm-repair/sdsl/encode.x /mnt/data/datasets/machine-learning-matrices-split/census.csv.24.23.vc.R 
Integer vector compression time: 0.0816
==== Ans-fold compression
Command: /home/louza/mm-repair/ans/encode.x /mnt/data/datasets/machine-learning-matrices-split/census.csv.24.23.vc.C 
Ans-fold time: 3.3125
Command: /home/louza/mm-repair/ans/encode.x /mnt/data/datasets/machine-learning-matrices-split/census.csv.wcode 
Elapsed time: 53.7128
==== Compression Report:
 >> matrix name: /mnt/data/datasets/machine-learning-matrices-split/census.csv
 >> conversion time: 28.99
 >> repair time: 18.62
 >> integer vectors time: 0.08
 >> ansf time: 3.31
 >> total time: 53.71
 >> wcode: 1324 bytes
 >> wcode_ans: 178 bytes
 >> matrix log(alpha)xNumEntries size: 125372535 bytes
 >> matrix dense size: 1337307040 bytes
 >> total number of nonzero: 71928503 (43.03%)
 >> number of distinct nonzero: 45
 >> CRSV  size: 297547512 bytes  (22.25%)
 >> RE32  size: 59428284 bytes  (4.44%)
 >> REIV  size: 29715612 bytes  (2.22%)
 >> REANS size: 24865260 bytes  (1.86%)
==== Done

#### 2026-09-09 20:26:06
 Command line: ./mm-repair/matrepair -r -b 24 -p 24 /mnt/data/datasets/machine-learning-matrices-split/census.csv 2458285 68 --split 
Setting memory for each repair instance to 19335 MBs
Sending logging messages to file: /mnt/data/datasets/machine-learning-matrices-split/census.csv.log
==== Conversion bin/csv->csrv
Command: /home/louza/mm-repair/csvmat2csrv -b 24   /mnt/data/datasets/machine-learning-matrices-split/census.csv -r 0  -s 2458285 68
Conversion time: 35.7202
==== Repair paralell compression
---- Executing 24 parallel processes
---- Parallel processing completed
Repair time: 27.7124
==== Integer vector .C compression
Command: /home/louza/mm-repair/sdsl/encode.x /mnt/data/datasets/machine-learning-matrices-split/census.csv.24.0.A.vc.C 
==== Integer vector .R compression
Command: /home/louza/mm-repair/sdsl/encode.x /mnt/data/datasets/machine-learning-matrices-split/census.csv.24.0.A.vc.R 
Integer vector compression time: 0.0593
==== Ans-fold compression
Command: /home/louza/mm-repair/ans/encode.x /mnt/data/datasets/machine-learning-matrices-split/census.csv.24.0.A.vc.C 
Command: /home/louza/mm-repair/ans/encode.x /mnt/data/datasets/machine-learning-matrices-split/census.csv.24.0.B.vc
Ans-fold time: 0.0527
==== Integer vector .C compression
Command: /home/louza/mm-repair/sdsl/encode.x /mnt/data/datasets/machine-learning-matrices-split/census.csv.24.1.A.vc.C 
==== Integer vector .R compression
Command: /home/louza/mm-repair/sdsl/encode.x /mnt/data/datasets/machine-learning-matrices-split/census.csv.24.1.A.vc.R 
Integer vector compression time: 0.0633
==== Ans-fold compression
Command: /home/louza/mm-repair/ans/encode.x /mnt/data/datasets/machine-learning-matrices-split/census.csv.24.1.A.vc.C 
Command: /home/louza/mm-repair/ans/encode.x /mnt/data/datasets/machine-learning-matrices-split/census.csv.24.1.B.vc
Ans-fold time: 0.1023
==== Integer vector .C compression
Command: /home/louza/mm-repair/sdsl/encode.x /mnt/data/datasets/machine-learning-matrices-split/census.csv.24.2.A.vc.C 
==== Integer vector .R compression
Command: /home/louza/mm-repair/sdsl/encode.x /mnt/data/datasets/machine-learning-matrices-split/census.csv.24.2.A.vc.R 
Integer vector compression time: 0.0765
==== Ans-fold compression
Command: /home/louza/mm-repair/ans/encode.x /mnt/data/datasets/machine-learning-matrices-split/census.csv.24.2.A.vc.C 
Command: /home/louza/mm-repair/ans/encode.x /mnt/data/datasets/machine-learning-matrices-split/census.csv.24.2.B.vc
Ans-fold time: 0.1728
==== Integer vector .C compression
Command: /home/louza/mm-repair/sdsl/encode.x /mnt/data/datasets/machine-learning-matrices-split/census.csv.24.3.A.vc.C 
==== Integer vector .R compression
Command: /home/louza/mm-repair/sdsl/encode.x /mnt/data/datasets/machine-learning-matrices-split/census.csv.24.3.A.vc.R 
Integer vector compression time: 0.0786
==== Ans-fold compression
Command: /home/louza/mm-repair/ans/encode.x /mnt/data/datasets/machine-learning-matrices-split/census.csv.24.3.A.vc.C 
Command: /home/louza/mm-repair/ans/encode.x /mnt/data/datasets/machine-learning-matrices-split/census.csv.24.3.B.vc
Ans-fold time: 0.3794
==== Integer vector .C compression
Command: /home/louza/mm-repair/sdsl/encode.x /mnt/data/datasets/machine-learning-matrices-split/census.csv.24.4.A.vc.C 
==== Integer vector .R compression
Command: /home/louza/mm-repair/sdsl/encode.x /mnt/data/datasets/machine-learning-matrices-split/census.csv.24.4.A.vc.R 
Integer vector compression time: 0.0775
==== Ans-fold compression
Command: /home/louza/mm-repair/ans/encode.x /mnt/data/datasets/machine-learning-matrices-split/census.csv.24.4.A.vc.C 
Command: /home/louza/mm-repair/ans/encode.x /mnt/data/datasets/machine-learning-matrices-split/census.csv.24.4.B.vc
Ans-fold time: 0.4478
==== Integer vector .C compression
Command: /home/louza/mm-repair/sdsl/encode.x /mnt/data/datasets/machine-learning-matrices-split/census.csv.24.5.A.vc.C 
==== Integer vector .R compression
Command: /home/louza/mm-repair/sdsl/encode.x /mnt/data/datasets/machine-learning-matrices-split/census.csv.24.5.A.vc.R 
Integer vector compression time: 0.0771
==== Ans-fold compression
Command: /home/louza/mm-repair/ans/encode.x /mnt/data/datasets/machine-learning-matrices-split/census.csv.24.5.A.vc.C 
Command: /home/louza/mm-repair/ans/encode.x /mnt/data/datasets/machine-learning-matrices-split/census.csv.24.5.B.vc
Ans-fold time: 0.5151
==== Integer vector .C compression
Command: /home/louza/mm-repair/sdsl/encode.x /mnt/data/datasets/machine-learning-matrices-split/census.csv.24.6.A.vc.C 
==== Integer vector .R compression
Command: /home/louza/mm-repair/sdsl/encode.x /mnt/data/datasets/machine-learning-matrices-split/census.csv.24.6.A.vc.R 
Integer vector compression time: 0.0641
==== Ans-fold compression
Command: /home/louza/mm-repair/ans/encode.x /mnt/data/datasets/machine-learning-matrices-split/census.csv.24.6.A.vc.C 
Command: /home/louza/mm-repair/ans/encode.x /mnt/data/datasets/machine-learning-matrices-split/census.csv.24.6.B.vc
Ans-fold time: 0.5959
==== Integer vector .C compression
Command: /home/louza/mm-repair/sdsl/encode.x /mnt/data/datasets/machine-learning-matrices-split/census.csv.24.7.A.vc.C 
==== Integer vector .R compression
Command: /home/louza/mm-repair/sdsl/encode.x /mnt/data/datasets/machine-learning-matrices-split/census.csv.24.7.A.vc.R 
Integer vector compression time: 0.0527
==== Ans-fold compression
Command: /home/louza/mm-repair/ans/encode.x /mnt/data/datasets/machine-learning-matrices-split/census.csv.24.7.A.vc.C 
Command: /home/louza/mm-repair/ans/encode.x /mnt/data/datasets/machine-learning-matrices-split/census.csv.24.7.B.vc
Ans-fold time: 0.6436
==== Integer vector .C compression
Command: /home/louza/mm-repair/sdsl/encode.x /mnt/data/datasets/machine-learning-matrices-split/census.csv.24.8.A.vc.C 
==== Integer vector .R compression
Command: /home/louza/mm-repair/sdsl/encode.x /mnt/data/datasets/machine-learning-matrices-split/census.csv.24.8.A.vc.R 
Integer vector compression time: 0.0561
==== Ans-fold compression
Command: /home/louza/mm-repair/ans/encode.x /mnt/data/datasets/machine-learning-matrices-split/census.csv.24.8.A.vc.C 
Command: /home/louza/mm-repair/ans/encode.x /mnt/data/datasets/machine-learning-matrices-split/census.csv.24.8.B.vc
Ans-fold time: 0.6917
==== Integer vector .C compression
Command: /home/louza/mm-repair/sdsl/encode.x /mnt/data/datasets/machine-learning-matrices-split/census.csv.24.9.A.vc.C 
==== Integer vector .R compression
Command: /home/louza/mm-repair/sdsl/encode.x /mnt/data/datasets/machine-learning-matrices-split/census.csv.24.9.A.vc.R 
Integer vector compression time: 0.0528
==== Ans-fold compression
Command: /home/louza/mm-repair/ans/encode.x /mnt/data/datasets/machine-learning-matrices-split/census.csv.24.9.A.vc.C 
Command: /home/louza/mm-repair/ans/encode.x /mnt/data/datasets/machine-learning-matrices-split/census.csv.24.9.B.vc
Ans-fold time: 0.7611
==== Integer vector .C compression
Command: /home/louza/mm-repair/sdsl/encode.x /mnt/data/datasets/machine-learning-matrices-split/census.csv.24.10.A.vc.C 
==== Integer vector .R compression
Command: /home/louza/mm-repair/sdsl/encode.x /mnt/data/datasets/machine-learning-matrices-split/census.csv.24.10.A.vc.R 
Integer vector compression time: 0.0649
==== Ans-fold compression
Command: /home/louza/mm-repair/ans/encode.x /mnt/data/datasets/machine-learning-matrices-split/census.csv.24.10.A.vc.C 
Command: /home/louza/mm-repair/ans/encode.x /mnt/data/datasets/machine-learning-matrices-split/census.csv.24.10.B.vc
Ans-fold time: 0.8072
==== Integer vector .C compression
Command: /home/louza/mm-repair/sdsl/encode.x /mnt/data/datasets/machine-learning-matrices-split/census.csv.24.11.A.vc.C 
==== Integer vector .R compression
Command: /home/louza/mm-repair/sdsl/encode.x /mnt/data/datasets/machine-learning-matrices-split/census.csv.24.11.A.vc.R 
Integer vector compression time: 0.0588
==== Ans-fold compression
Command: /home/louza/mm-repair/ans/encode.x /mnt/data/datasets/machine-learning-matrices-split/census.csv.24.11.A.vc.C 
Command: /home/louza/mm-repair/ans/encode.x /mnt/data/datasets/machine-learning-matrices-split/census.csv.24.11.B.vc
Ans-fold time: 0.8547
==== Integer vector .C compression
Command: /home/louza/mm-repair/sdsl/encode.x /mnt/data/datasets/machine-learning-matrices-split/census.csv.24.12.A.vc.C 
==== Integer vector .R compression
Command: /home/louza/mm-repair/sdsl/encode.x /mnt/data/datasets/machine-learning-matrices-split/census.csv.24.12.A.vc.R 
Integer vector compression time: 0.0506
==== Ans-fold compression
Command: /home/louza/mm-repair/ans/encode.x /mnt/data/datasets/machine-learning-matrices-split/census.csv.24.12.A.vc.C 
Command: /home/louza/mm-repair/ans/encode.x /mnt/data/datasets/machine-learning-matrices-split/census.csv.24.12.B.vc
Ans-fold time: 0.9020
==== Integer vector .C compression
Command: /home/louza/mm-repair/sdsl/encode.x /mnt/data/datasets/machine-learning-matrices-split/census.csv.24.13.A.vc.C 
==== Integer vector .R compression
Command: /home/louza/mm-repair/sdsl/encode.x /mnt/data/datasets/machine-learning-matrices-split/census.csv.24.13.A.vc.R 
Integer vector compression time: 0.0586
==== Ans-fold compression
Command: /home/louza/mm-repair/ans/encode.x /mnt/data/datasets/machine-learning-matrices-split/census.csv.24.13.A.vc.C 
Command: /home/louza/mm-repair/ans/encode.x /mnt/data/datasets/machine-learning-matrices-split/census.csv.24.13.B.vc
Ans-fold time: 0.9715
==== Integer vector .C compression
Command: /home/louza/mm-repair/sdsl/encode.x /mnt/data/datasets/machine-learning-matrices-split/census.csv.24.14.A.vc.C 
==== Integer vector .R compression
Command: /home/louza/mm-repair/sdsl/encode.x /mnt/data/datasets/machine-learning-matrices-split/census.csv.24.14.A.vc.R 
Integer vector compression time: 0.1249
==== Ans-fold compression
Command: /home/louza/mm-repair/ans/encode.x /mnt/data/datasets/machine-learning-matrices-split/census.csv.24.14.A.vc.C 
Command: /home/louza/mm-repair/ans/encode.x /mnt/data/datasets/machine-learning-matrices-split/census.csv.24.14.B.vc
Ans-fold time: 1.2400
==== Integer vector .C compression
Command: /home/louza/mm-repair/sdsl/encode.x /mnt/data/datasets/machine-learning-matrices-split/census.csv.24.15.A.vc.C 
==== Integer vector .R compression
Command: /home/louza/mm-repair/sdsl/encode.x /mnt/data/datasets/machine-learning-matrices-split/census.csv.24.15.A.vc.R 
Integer vector compression time: 0.0688
==== Ans-fold compression
Command: /home/louza/mm-repair/ans/encode.x /mnt/data/datasets/machine-learning-matrices-split/census.csv.24.15.A.vc.C 
Command: /home/louza/mm-repair/ans/encode.x /mnt/data/datasets/machine-learning-matrices-split/census.csv.24.15.B.vc
Ans-fold time: 1.3333
==== Integer vector .C compression
Command: /home/louza/mm-repair/sdsl/encode.x /mnt/data/datasets/machine-learning-matrices-split/census.csv.24.16.A.vc.C 
==== Integer vector .R compression
Command: /home/louza/mm-repair/sdsl/encode.x /mnt/data/datasets/machine-learning-matrices-split/census.csv.24.16.A.vc.R 
Integer vector compression time: 0.0850
==== Ans-fold compression
Command: /home/louza/mm-repair/ans/encode.x /mnt/data/datasets/machine-learning-matrices-split/census.csv.24.16.A.vc.C 
Command: /home/louza/mm-repair/ans/encode.x /mnt/data/datasets/machine-learning-matrices-split/census.csv.24.16.B.vc
Ans-fold time: 1.4014
==== Integer vector .C compression
Command: /home/louza/mm-repair/sdsl/encode.x /mnt/data/datasets/machine-learning-matrices-split/census.csv.24.17.A.vc.C 
==== Integer vector .R compression
Command: /home/louza/mm-repair/sdsl/encode.x /mnt/data/datasets/machine-learning-matrices-split/census.csv.24.17.A.vc.R 
Integer vector compression time: 0.0866
==== Ans-fold compression
Command: /home/louza/mm-repair/ans/encode.x /mnt/data/datasets/machine-learning-matrices-split/census.csv.24.17.A.vc.C 
Command: /home/louza/mm-repair/ans/encode.x /mnt/data/datasets/machine-learning-matrices-split/census.csv.24.17.B.vc
Ans-fold time: 1.4667
==== Integer vector .C compression
Command: /home/louza/mm-repair/sdsl/encode.x /mnt/data/datasets/machine-learning-matrices-split/census.csv.24.18.A.vc.C 
==== Integer vector .R compression
Command: /home/louza/mm-repair/sdsl/encode.x /mnt/data/datasets/machine-learning-matrices-split/census.csv.24.18.A.vc.R 
Integer vector compression time: 0.0716
==== Ans-fold compression
Command: /home/louza/mm-repair/ans/encode.x /mnt/data/datasets/machine-learning-matrices-split/census.csv.24.18.A.vc.C 
Command: /home/louza/mm-repair/ans/encode.x /mnt/data/datasets/machine-learning-matrices-split/census.csv.24.18.B.vc
Ans-fold time: 1.5506
==== Integer vector .C compression
Command: /home/louza/mm-repair/sdsl/encode.x /mnt/data/datasets/machine-learning-matrices-split/census.csv.24.19.A.vc.C 
==== Integer vector .R compression
Command: /home/louza/mm-repair/sdsl/encode.x /mnt/data/datasets/machine-learning-matrices-split/census.csv.24.19.A.vc.R 
Integer vector compression time: 0.0909
==== Ans-fold compression
Command: /home/louza/mm-repair/ans/encode.x /mnt/data/datasets/machine-learning-matrices-split/census.csv.24.19.A.vc.C 
Command: /home/louza/mm-repair/ans/encode.x /mnt/data/datasets/machine-learning-matrices-split/census.csv.24.19.B.vc
Ans-fold time: 1.8140
==== Integer vector .C compression
Command: /home/louza/mm-repair/sdsl/encode.x /mnt/data/datasets/machine-learning-matrices-split/census.csv.24.20.A.vc.C 
==== Integer vector .R compression
Command: /home/louza/mm-repair/sdsl/encode.x /mnt/data/datasets/machine-learning-matrices-split/census.csv.24.20.A.vc.R 
Integer vector compression time: 0.0907
==== Ans-fold compression
Command: /home/louza/mm-repair/ans/encode.x /mnt/data/datasets/machine-learning-matrices-split/census.csv.24.20.A.vc.C 
Command: /home/louza/mm-repair/ans/encode.x /mnt/data/datasets/machine-learning-matrices-split/census.csv.24.20.B.vc
Ans-fold time: 1.8896
==== Integer vector .C compression
Command: /home/louza/mm-repair/sdsl/encode.x /mnt/data/datasets/machine-learning-matrices-split/census.csv.24.21.A.vc.C 
==== Integer vector .R compression
Command: /home/louza/mm-repair/sdsl/encode.x /mnt/data/datasets/machine-learning-matrices-split/census.csv.24.21.A.vc.R 
Integer vector compression time: 0.0536
==== Ans-fold compression
Command: /home/louza/mm-repair/ans/encode.x /mnt/data/datasets/machine-learning-matrices-split/census.csv.24.21.A.vc.C 
Command: /home/louza/mm-repair/ans/encode.x /mnt/data/datasets/machine-learning-matrices-split/census.csv.24.21.B.vc
Ans-fold time: 1.9464
==== Integer vector .C compression
Command: /home/louza/mm-repair/sdsl/encode.x /mnt/data/datasets/machine-learning-matrices-split/census.csv.24.22.A.vc.C 
==== Integer vector .R compression
Command: /home/louza/mm-repair/sdsl/encode.x /mnt/data/datasets/machine-learning-matrices-split/census.csv.24.22.A.vc.R 
Integer vector compression time: 0.0973
==== Ans-fold compression
Command: /home/louza/mm-repair/ans/encode.x /mnt/data/datasets/machine-learning-matrices-split/census.csv.24.22.A.vc.C 
Command: /home/louza/mm-repair/ans/encode.x /mnt/data/datasets/machine-learning-matrices-split/census.csv.24.22.B.vc
Ans-fold time: 2.1672
==== Integer vector .C compression
Command: /home/louza/mm-repair/sdsl/encode.x /mnt/data/datasets/machine-learning-matrices-split/census.csv.24.23.A.vc.C 
==== Integer vector .R compression
Command: /home/louza/mm-repair/sdsl/encode.x /mnt/data/datasets/machine-learning-matrices-split/census.csv.24.23.A.vc.R 
Integer vector compression time: 0.0760
==== Ans-fold compression
Command: /home/louza/mm-repair/ans/encode.x /mnt/data/datasets/machine-learning-matrices-split/census.csv.24.23.A.vc.C 
Command: /home/louza/mm-repair/ans/encode.x /mnt/data/datasets/machine-learning-matrices-split/census.csv.24.23.B.vc
Ans-fold time: 2.4165
Elapsed time: 67.5880
==== Compression Report:
 >> matrix name: /mnt/data/datasets/machine-learning-matrices-split/census.csv
 >> conversion time: 35.72
 >> repair time: 27.71
 >> integer vectors time: 0.08
 >> ansf time: 2.42
 >> total time: 67.59
 >> matrix log(alpha)xNumEntries size: 125372535 bytes
 >> matrix dense size: 1337307040 bytes
 >> total number of nonzero: 71926530 (43.03%)
 >> number of distinct nonzero: 45
 >> CRSV  size: 297539620 bytes  (22.25%)
 >> B	  size: 9841032 bytes  (0.74%)
 >> B_ans size: 6848 bytes  (0.00%)
 >> RE32  size: 59424408 bytes  (4.44%)
 >> REIV  size: 31573208 bytes  (2.36%)
 >> REANS size: 25333037 bytes  (1.89%)
==== Done

#### 2026-09-09 20:27:13
 Command line: ./mm-repair/matrepair -r -b 24 -p 24 /mnt/data/datasets/machine-learning-matrices-split/census.csv 2458285 68 --ole --mapping 
Setting memory for each repair instance to 19335 MBs
Sending logging messages to file: /mnt/data/datasets/machine-learning-matrices-split/census.csv.log
==== Conversion bin/csv->csrv
Command: /home/louza/mm-repair/csvmat2csrv -b 24   /mnt/data/datasets/machine-learning-matrices-split/census.csv -r 0 -m  2458285 68
Conversion time: 27.3764
==== Repair paralell compression
---- Executing 24 parallel processes
---- Parallel processing completed
Repair time: 37.7819
==== Integer vector .C compression
Command: /home/louza/mm-repair/sdsl/encode.x /mnt/data/datasets/machine-learning-matrices-split/census.csv.24.0.vc.C 
==== Integer vector .R compression
Command: /home/louza/mm-repair/sdsl/encode.x /mnt/data/datasets/machine-learning-matrices-split/census.csv.24.0.vc.R 
Integer vector compression time: 0.1098
==== OLE
Command: /home/louza/mm-repair/ole/encode.x /mnt/data/datasets/machine-learning-matrices-split/census.csv.24.0.vc.C 
OLE time: 0.0286
==== Ans-fold compression
Command: /home/louza/mm-repair/ans/encode.x /mnt/data/datasets/machine-learning-matrices-split/census.csv.24.0.vc.C 
Ans-fold time: 0.0788
==== Integer vector .C compression
Command: /home/louza/mm-repair/sdsl/encode.x /mnt/data/datasets/machine-learning-matrices-split/census.csv.24.1.vc.C 
==== Integer vector .R compression
Command: /home/louza/mm-repair/sdsl/encode.x /mnt/data/datasets/machine-learning-matrices-split/census.csv.24.1.vc.R 
Integer vector compression time: 0.0990
==== OLE
Command: /home/louza/mm-repair/ole/encode.x /mnt/data/datasets/machine-learning-matrices-split/census.csv.24.1.vc.C 
OLE time: 0.0310
==== Ans-fold compression
Command: /home/louza/mm-repair/ans/encode.x /mnt/data/datasets/machine-learning-matrices-split/census.csv.24.1.vc.C 
Ans-fold time: 0.1283
==== Integer vector .C compression
Command: /home/louza/mm-repair/sdsl/encode.x /mnt/data/datasets/machine-learning-matrices-split/census.csv.24.2.vc.C 
==== Integer vector .R compression
Command: /home/louza/mm-repair/sdsl/encode.x /mnt/data/datasets/machine-learning-matrices-split/census.csv.24.2.vc.R 
Integer vector compression time: 0.0954
==== OLE
Command: /home/louza/mm-repair/ole/encode.x /mnt/data/datasets/machine-learning-matrices-split/census.csv.24.2.vc.C 
OLE time: 0.0345
==== Ans-fold compression
Command: /home/louza/mm-repair/ans/encode.x /mnt/data/datasets/machine-learning-matrices-split/census.csv.24.2.vc.C 
Ans-fold time: 0.3131
==== Integer vector .C compression
Command: /home/louza/mm-repair/sdsl/encode.x /mnt/data/datasets/machine-learning-matrices-split/census.csv.24.3.vc.C 
==== Integer vector .R compression
Command: /home/louza/mm-repair/sdsl/encode.x /mnt/data/datasets/machine-learning-matrices-split/census.csv.24.3.vc.R 
Integer vector compression time: 0.2084
==== OLE
Command: /home/louza/mm-repair/ole/encode.x /mnt/data/datasets/machine-learning-matrices-split/census.csv.24.3.vc.C 
OLE time: 0.0321
==== Ans-fold compression
Command: /home/louza/mm-repair/ans/encode.x /mnt/data/datasets/machine-learning-matrices-split/census.csv.24.3.vc.C 
Ans-fold time: 0.4523
==== Integer vector .C compression
Command: /home/louza/mm-repair/sdsl/encode.x /mnt/data/datasets/machine-learning-matrices-split/census.csv.24.4.vc.C 
==== Integer vector .R compression
Command: /home/louza/mm-repair/sdsl/encode.x /mnt/data/datasets/machine-learning-matrices-split/census.csv.24.4.vc.R 
Integer vector compression time: 0.1655
==== OLE
Command: /home/louza/mm-repair/ole/encode.x /mnt/data/datasets/machine-learning-matrices-split/census.csv.24.4.vc.C 
OLE time: 0.1044
==== Ans-fold compression
Command: /home/louza/mm-repair/ans/encode.x /mnt/data/datasets/machine-learning-matrices-split/census.csv.24.4.vc.C 
Ans-fold time: 0.5233
==== Integer vector .C compression
Command: /home/louza/mm-repair/sdsl/encode.x /mnt/data/datasets/machine-learning-matrices-split/census.csv.24.5.vc.C 
==== Integer vector .R compression
Command: /home/louza/mm-repair/sdsl/encode.x /mnt/data/datasets/machine-learning-matrices-split/census.csv.24.5.vc.R 
Integer vector compression time: 0.0748
==== OLE
Command: /home/louza/mm-repair/ole/encode.x /mnt/data/datasets/machine-learning-matrices-split/census.csv.24.5.vc.C 
OLE time: 0.0246
==== Ans-fold compression
Command: /home/louza/mm-repair/ans/encode.x /mnt/data/datasets/machine-learning-matrices-split/census.csv.24.5.vc.C 
Ans-fold time: 0.5907
==== Integer vector .C compression
Command: /home/louza/mm-repair/sdsl/encode.x /mnt/data/datasets/machine-learning-matrices-split/census.csv.24.6.vc.C 
==== Integer vector .R compression
Command: /home/louza/mm-repair/sdsl/encode.x /mnt/data/datasets/machine-learning-matrices-split/census.csv.24.6.vc.R 
Integer vector compression time: 0.3357
==== OLE
Command: /home/louza/mm-repair/ole/encode.x /mnt/data/datasets/machine-learning-matrices-split/census.csv.24.6.vc.C 
OLE time: 0.1304
==== Ans-fold compression
Command: /home/louza/mm-repair/ans/encode.x /mnt/data/datasets/machine-learning-matrices-split/census.csv.24.6.vc.C 
Ans-fold time: 0.6837
==== Integer vector .C compression
Command: /home/louza/mm-repair/sdsl/encode.x /mnt/data/datasets/machine-learning-matrices-split/census.csv.24.7.vc.C 
==== Integer vector .R compression
Command: /home/louza/mm-repair/sdsl/encode.x /mnt/data/datasets/machine-learning-matrices-split/census.csv.24.7.vc.R 
Integer vector compression time: 0.1712
==== OLE
Command: /home/louza/mm-repair/ole/encode.x /mnt/data/datasets/machine-learning-matrices-split/census.csv.24.7.vc.C 
OLE time: 0.0391
==== Ans-fold compression
Command: /home/louza/mm-repair/ans/encode.x /mnt/data/datasets/machine-learning-matrices-split/census.csv.24.7.vc.C 
Ans-fold time: 0.7423
==== Integer vector .C compression
Command: /home/louza/mm-repair/sdsl/encode.x /mnt/data/datasets/machine-learning-matrices-split/census.csv.24.8.vc.C 
==== Integer vector .R compression
Command: /home/louza/mm-repair/sdsl/encode.x /mnt/data/datasets/machine-learning-matrices-split/census.csv.24.8.vc.R 
Integer vector compression time: 0.0739
==== OLE
Command: /home/louza/mm-repair/ole/encode.x /mnt/data/datasets/machine-learning-matrices-split/census.csv.24.8.vc.C 
OLE time: 0.0318
==== Ans-fold compression
Command: /home/louza/mm-repair/ans/encode.x /mnt/data/datasets/machine-learning-matrices-split/census.csv.24.8.vc.C 
Ans-fold time: 1.0472
==== Integer vector .C compression
Command: /home/louza/mm-repair/sdsl/encode.x /mnt/data/datasets/machine-learning-matrices-split/census.csv.24.9.vc.C 
==== Integer vector .R compression
Command: /home/louza/mm-repair/sdsl/encode.x /mnt/data/datasets/machine-learning-matrices-split/census.csv.24.9.vc.R 
Integer vector compression time: 0.1688
==== OLE
Command: /home/louza/mm-repair/ole/encode.x /mnt/data/datasets/machine-learning-matrices-split/census.csv.24.9.vc.C 
OLE time: 0.0337
==== Ans-fold compression
Command: /home/louza/mm-repair/ans/encode.x /mnt/data/datasets/machine-learning-matrices-split/census.csv.24.9.vc.C 
Ans-fold time: 1.0975
==== Integer vector .C compression
Command: /home/louza/mm-repair/sdsl/encode.x /mnt/data/datasets/machine-learning-matrices-split/census.csv.24.10.vc.C 
==== Integer vector .R compression
Command: /home/louza/mm-repair/sdsl/encode.x /mnt/data/datasets/machine-learning-matrices-split/census.csv.24.10.vc.R 
Integer vector compression time: 0.0735
==== OLE
Command: /home/louza/mm-repair/ole/encode.x /mnt/data/datasets/machine-learning-matrices-split/census.csv.24.10.vc.C 
OLE time: 0.0278
==== Ans-fold compression
Command: /home/louza/mm-repair/ans/encode.x /mnt/data/datasets/machine-learning-matrices-split/census.csv.24.10.vc.C 
Ans-fold time: 1.1709
==== Integer vector .C compression
Command: /home/louza/mm-repair/sdsl/encode.x /mnt/data/datasets/machine-learning-matrices-split/census.csv.24.11.vc.C 
==== Integer vector .R compression
Command: /home/louza/mm-repair/sdsl/encode.x /mnt/data/datasets/machine-learning-matrices-split/census.csv.24.11.vc.R 
Integer vector compression time: 0.1345
==== OLE
Command: /home/louza/mm-repair/ole/encode.x /mnt/data/datasets/machine-learning-matrices-split/census.csv.24.11.vc.C 
OLE time: 0.0341
==== Ans-fold compression
Command: /home/louza/mm-repair/ans/encode.x /mnt/data/datasets/machine-learning-matrices-split/census.csv.24.11.vc.C 
Ans-fold time: 1.4799
==== Integer vector .C compression
Command: /home/louza/mm-repair/sdsl/encode.x /mnt/data/datasets/machine-learning-matrices-split/census.csv.24.12.vc.C 
==== Integer vector .R compression
Command: /home/louza/mm-repair/sdsl/encode.x /mnt/data/datasets/machine-learning-matrices-split/census.csv.24.12.vc.R 
Integer vector compression time: 0.1837
==== OLE
Command: /home/louza/mm-repair/ole/encode.x /mnt/data/datasets/machine-learning-matrices-split/census.csv.24.12.vc.C 
OLE time: 0.0568
==== Ans-fold compression
Command: /home/louza/mm-repair/ans/encode.x /mnt/data/datasets/machine-learning-matrices-split/census.csv.24.12.vc.C 
Ans-fold time: 1.5535
==== Integer vector .C compression
Command: /home/louza/mm-repair/sdsl/encode.x /mnt/data/datasets/machine-learning-matrices-split/census.csv.24.13.vc.C 
==== Integer vector .R compression
Command: /home/louza/mm-repair/sdsl/encode.x /mnt/data/datasets/machine-learning-matrices-split/census.csv.24.13.vc.R 
Integer vector compression time: 0.0951
==== OLE
Command: /home/louza/mm-repair/ole/encode.x /mnt/data/datasets/machine-learning-matrices-split/census.csv.24.13.vc.C 
OLE time: 0.0404
==== Ans-fold compression
Command: /home/louza/mm-repair/ans/encode.x /mnt/data/datasets/machine-learning-matrices-split/census.csv.24.13.vc.C 
Ans-fold time: 1.6159
==== Integer vector .C compression
Command: /home/louza/mm-repair/sdsl/encode.x /mnt/data/datasets/machine-learning-matrices-split/census.csv.24.14.vc.C 
==== Integer vector .R compression
Command: /home/louza/mm-repair/sdsl/encode.x /mnt/data/datasets/machine-learning-matrices-split/census.csv.24.14.vc.R 
Integer vector compression time: 0.1045
==== OLE
Command: /home/louza/mm-repair/ole/encode.x /mnt/data/datasets/machine-learning-matrices-split/census.csv.24.14.vc.C 
OLE time: 0.0296
==== Ans-fold compression
Command: /home/louza/mm-repair/ans/encode.x /mnt/data/datasets/machine-learning-matrices-split/census.csv.24.14.vc.C 
Ans-fold time: 1.8998
==== Integer vector .C compression
Command: /home/louza/mm-repair/sdsl/encode.x /mnt/data/datasets/machine-learning-matrices-split/census.csv.24.15.vc.C 
==== Integer vector .R compression
Command: /home/louza/mm-repair/sdsl/encode.x /mnt/data/datasets/machine-learning-matrices-split/census.csv.24.15.vc.R 
Integer vector compression time: 0.2437
==== OLE
Command: /home/louza/mm-repair/ole/encode.x /mnt/data/datasets/machine-learning-matrices-split/census.csv.24.15.vc.C 
OLE time: 0.1685
==== Ans-fold compression
Command: /home/louza/mm-repair/ans/encode.x /mnt/data/datasets/machine-learning-matrices-split/census.csv.24.15.vc.C 
Ans-fold time: 2.0799
==== Integer vector .C compression
Command: /home/louza/mm-repair/sdsl/encode.x /mnt/data/datasets/machine-learning-matrices-split/census.csv.24.16.vc.C 
==== Integer vector .R compression
Command: /home/louza/mm-repair/sdsl/encode.x /mnt/data/datasets/machine-learning-matrices-split/census.csv.24.16.vc.R 
Integer vector compression time: 0.0864
==== OLE
Command: /home/louza/mm-repair/ole/encode.x /mnt/data/datasets/machine-learning-matrices-split/census.csv.24.16.vc.C 
OLE time: 0.0287
==== Ans-fold compression
Command: /home/louza/mm-repair/ans/encode.x /mnt/data/datasets/machine-learning-matrices-split/census.csv.24.16.vc.C 
Ans-fold time: 2.1781
==== Integer vector .C compression
Command: /home/louza/mm-repair/sdsl/encode.x /mnt/data/datasets/machine-learning-matrices-split/census.csv.24.17.vc.C 
==== Integer vector .R compression
Command: /home/louza/mm-repair/sdsl/encode.x /mnt/data/datasets/machine-learning-matrices-split/census.csv.24.17.vc.R 
Integer vector compression time: 0.1579
==== OLE
Command: /home/louza/mm-repair/ole/encode.x /mnt/data/datasets/machine-learning-matrices-split/census.csv.24.17.vc.C 
OLE time: 0.0396
==== Ans-fold compression
Command: /home/louza/mm-repair/ans/encode.x /mnt/data/datasets/machine-learning-matrices-split/census.csv.24.17.vc.C 
Ans-fold time: 2.5572
==== Integer vector .C compression
Command: /home/louza/mm-repair/sdsl/encode.x /mnt/data/datasets/machine-learning-matrices-split/census.csv.24.18.vc.C 
==== Integer vector .R compression
Command: /home/louza/mm-repair/sdsl/encode.x /mnt/data/datasets/machine-learning-matrices-split/census.csv.24.18.vc.R 
Integer vector compression time: 0.0854
==== OLE
Command: /home/louza/mm-repair/ole/encode.x /mnt/data/datasets/machine-learning-matrices-split/census.csv.24.18.vc.C 
OLE time: 0.0224
==== Ans-fold compression
Command: /home/louza/mm-repair/ans/encode.x /mnt/data/datasets/machine-learning-matrices-split/census.csv.24.18.vc.C 
Ans-fold time: 2.6665
==== Integer vector .C compression
Command: /home/louza/mm-repair/sdsl/encode.x /mnt/data/datasets/machine-learning-matrices-split/census.csv.24.19.vc.C 
==== Integer vector .R compression
Command: /home/louza/mm-repair/sdsl/encode.x /mnt/data/datasets/machine-learning-matrices-split/census.csv.24.19.vc.R 
Integer vector compression time: 0.1069
==== OLE
Command: /home/louza/mm-repair/ole/encode.x /mnt/data/datasets/machine-learning-matrices-split/census.csv.24.19.vc.C 
OLE time: 0.0458
==== Ans-fold compression
Command: /home/louza/mm-repair/ans/encode.x /mnt/data/datasets/machine-learning-matrices-split/census.csv.24.19.vc.C 
Ans-fold time: 2.8534
==== Integer vector .C compression
Command: /home/louza/mm-repair/sdsl/encode.x /mnt/data/datasets/machine-learning-matrices-split/census.csv.24.20.vc.C 
==== Integer vector .R compression
Command: /home/louza/mm-repair/sdsl/encode.x /mnt/data/datasets/machine-learning-matrices-split/census.csv.24.20.vc.R 
Integer vector compression time: 0.2467
==== OLE
Command: /home/louza/mm-repair/ole/encode.x /mnt/data/datasets/machine-learning-matrices-split/census.csv.24.20.vc.C 
OLE time: 0.1095
==== Ans-fold compression
Command: /home/louza/mm-repair/ans/encode.x /mnt/data/datasets/machine-learning-matrices-split/census.csv.24.20.vc.C 
Ans-fold time: 2.9973
==== Integer vector .C compression
Command: /home/louza/mm-repair/sdsl/encode.x /mnt/data/datasets/machine-learning-matrices-split/census.csv.24.21.vc.C 
==== Integer vector .R compression
Command: /home/louza/mm-repair/sdsl/encode.x /mnt/data/datasets/machine-learning-matrices-split/census.csv.24.21.vc.R 
Integer vector compression time: 0.1867
==== OLE
Command: /home/louza/mm-repair/ole/encode.x /mnt/data/datasets/machine-learning-matrices-split/census.csv.24.21.vc.C 
OLE time: 0.0462
==== Ans-fold compression
Command: /home/louza/mm-repair/ans/encode.x /mnt/data/datasets/machine-learning-matrices-split/census.csv.24.21.vc.C 
Ans-fold time: 3.3019
==== Integer vector .C compression
Command: /home/louza/mm-repair/sdsl/encode.x /mnt/data/datasets/machine-learning-matrices-split/census.csv.24.22.vc.C 
==== Integer vector .R compression
Command: /home/louza/mm-repair/sdsl/encode.x /mnt/data/datasets/machine-learning-matrices-split/census.csv.24.22.vc.R 
Integer vector compression time: 0.1157
==== OLE
Command: /home/louza/mm-repair/ole/encode.x /mnt/data/datasets/machine-learning-matrices-split/census.csv.24.22.vc.C 
OLE time: 0.0431
==== Ans-fold compression
Command: /home/louza/mm-repair/ans/encode.x /mnt/data/datasets/machine-learning-matrices-split/census.csv.24.22.vc.C 
Ans-fold time: 3.3926
==== Integer vector .C compression
Command: /home/louza/mm-repair/sdsl/encode.x /mnt/data/datasets/machine-learning-matrices-split/census.csv.24.23.vc.C 
==== Integer vector .R compression
Command: /home/louza/mm-repair/sdsl/encode.x /mnt/data/datasets/machine-learning-matrices-split/census.csv.24.23.vc.R 
Integer vector compression time: 0.0990
==== OLE
Command: /home/louza/mm-repair/ole/encode.x /mnt/data/datasets/machine-learning-matrices-split/census.csv.24.23.vc.C 
OLE time: 0.0345
==== Ans-fold compression
Command: /home/louza/mm-repair/ans/encode.x /mnt/data/datasets/machine-learning-matrices-split/census.csv.24.23.vc.C 
Ans-fold time: 3.4783
Command: /home/louza/mm-repair/ans/encode.x /mnt/data/datasets/machine-learning-matrices-split/census.csv.wcode 
Elapsed time: 73.2835
==== Compression Report:
 >> matrix name: /mnt/data/datasets/machine-learning-matrices-split/census.csv
 >> conversion time: 27.38
 >> repair time: 37.78
 >> integer vectors time: 0.10
 >> ansf time: 3.48
 >> total time: 73.28
 >> wcode: 1324 bytes
 >> wcode_ans: 178 bytes
 >> matrix log(alpha)xNumEntries size: 125372535 bytes
 >> matrix dense size: 1337307040 bytes
 >> total number of nonzero: 71928503 (43.03%)
 >> number of distinct nonzero: 45
 >> CRSV  size: 297547512 bytes  (22.25%)
 >> RE32  size: 59428284 bytes  (4.44%)
 >> REIV  size: 29715612 bytes  (2.22%)
 >> REANS size: 23949132 bytes  (1.79%)
==== Done

#### 2026-09-09 20:28:27
 Command line: ./mm-repair/matrepair -r -b 24 -p 24 /mnt/data/datasets/machine-learning-matrices-split/census.csv 2458285 68 --ole --split 
Setting memory for each repair instance to 19335 MBs
Sending logging messages to file: /mnt/data/datasets/machine-learning-matrices-split/census.csv.log
==== Conversion bin/csv->csrv
Command: /home/louza/mm-repair/csvmat2csrv -b 24   /mnt/data/datasets/machine-learning-matrices-split/census.csv -r 0  -s 2458285 68
Conversion time: 80.5780
==== Repair paralell compression
---- Executing 24 parallel processes
---- Parallel processing completed
Repair time: 14.8827
==== Integer vector .C compression
Command: /home/louza/mm-repair/sdsl/encode.x /mnt/data/datasets/machine-learning-matrices-split/census.csv.24.0.A.vc.C 
==== Integer vector .R compression
Command: /home/louza/mm-repair/sdsl/encode.x /mnt/data/datasets/machine-learning-matrices-split/census.csv.24.0.A.vc.R 
Integer vector compression time: 0.1291
==== OLE
Command: /home/louza/mm-repair/ole/encode.x /mnt/data/datasets/machine-learning-matrices-split/census.csv.24.0.A.vc.C 
Command: /home/louza/mm-repair/ole/encode.x /mnt/data/datasets/machine-learning-matrices-split/census.csv.24.0.B.vc 
OLE time: 0.0094
==== Ans-fold compression
Command: /home/louza/mm-repair/ans/encode.x /mnt/data/datasets/machine-learning-matrices-split/census.csv.24.0.A.vc.C 
Command: /home/louza/mm-repair/ans/encode.x /mnt/data/datasets/machine-learning-matrices-split/census.csv.24.0.B.vc
Ans-fold time: 0.1012
==== Integer vector .C compression
Command: /home/louza/mm-repair/sdsl/encode.x /mnt/data/datasets/machine-learning-matrices-split/census.csv.24.1.A.vc.C 
==== Integer vector .R compression
Command: /home/louza/mm-repair/sdsl/encode.x /mnt/data/datasets/machine-learning-matrices-split/census.csv.24.1.A.vc.R 
Integer vector compression time: 0.0757
==== OLE
Command: /home/louza/mm-repair/ole/encode.x /mnt/data/datasets/machine-learning-matrices-split/census.csv.24.1.A.vc.C 
Command: /home/louza/mm-repair/ole/encode.x /mnt/data/datasets/machine-learning-matrices-split/census.csv.24.1.B.vc 
OLE time: 0.0073
==== Ans-fold compression
Command: /home/louza/mm-repair/ans/encode.x /mnt/data/datasets/machine-learning-matrices-split/census.csv.24.1.A.vc.C 
Command: /home/louza/mm-repair/ans/encode.x /mnt/data/datasets/machine-learning-matrices-split/census.csv.24.1.B.vc
Ans-fold time: 0.1757
==== Integer vector .C compression
Command: /home/louza/mm-repair/sdsl/encode.x /mnt/data/datasets/machine-learning-matrices-split/census.csv.24.2.A.vc.C 
==== Integer vector .R compression
Command: /home/louza/mm-repair/sdsl/encode.x /mnt/data/datasets/machine-learning-matrices-split/census.csv.24.2.A.vc.R 
Integer vector compression time: 0.4278
==== OLE
Command: /home/louza/mm-repair/ole/encode.x /mnt/data/datasets/machine-learning-matrices-split/census.csv.24.2.A.vc.C 
Command: /home/louza/mm-repair/ole/encode.x /mnt/data/datasets/machine-learning-matrices-split/census.csv.24.2.B.vc 
OLE time: 0.0214
==== Ans-fold compression
Command: /home/louza/mm-repair/ans/encode.x /mnt/data/datasets/machine-learning-matrices-split/census.csv.24.2.A.vc.C 
Command: /home/louza/mm-repair/ans/encode.x /mnt/data/datasets/machine-learning-matrices-split/census.csv.24.2.B.vc
Ans-fold time: 0.3713
==== Integer vector .C compression
Command: /home/louza/mm-repair/sdsl/encode.x /mnt/data/datasets/machine-learning-matrices-split/census.csv.24.3.A.vc.C 
==== Integer vector .R compression
Command: /home/louza/mm-repair/sdsl/encode.x /mnt/data/datasets/machine-learning-matrices-split/census.csv.24.3.A.vc.R 
Integer vector compression time: 0.1120
==== OLE
Command: /home/louza/mm-repair/ole/encode.x /mnt/data/datasets/machine-learning-matrices-split/census.csv.24.3.A.vc.C 
Command: /home/louza/mm-repair/ole/encode.x /mnt/data/datasets/machine-learning-matrices-split/census.csv.24.3.B.vc 
OLE time: 0.0363
==== Ans-fold compression
Command: /home/louza/mm-repair/ans/encode.x /mnt/data/datasets/machine-learning-matrices-split/census.csv.24.3.A.vc.C 
Command: /home/louza/mm-repair/ans/encode.x /mnt/data/datasets/machine-learning-matrices-split/census.csv.24.3.B.vc
Ans-fold time: 0.5426
==== Integer vector .C compression
Command: /home/louza/mm-repair/sdsl/encode.x /mnt/data/datasets/machine-learning-matrices-split/census.csv.24.4.A.vc.C 
==== Integer vector .R compression
Command: /home/louza/mm-repair/sdsl/encode.x /mnt/data/datasets/machine-learning-matrices-split/census.csv.24.4.A.vc.R 
Integer vector compression time: 0.3630
==== OLE
Command: /home/louza/mm-repair/ole/encode.x /mnt/data/datasets/machine-learning-matrices-split/census.csv.24.4.A.vc.C 
Command: /home/louza/mm-repair/ole/encode.x /mnt/data/datasets/machine-learning-matrices-split/census.csv.24.4.B.vc 
OLE time: 0.1974
==== Ans-fold compression
Command: /home/louza/mm-repair/ans/encode.x /mnt/data/datasets/machine-learning-matrices-split/census.csv.24.4.A.vc.C 
Command: /home/louza/mm-repair/ans/encode.x /mnt/data/datasets/machine-learning-matrices-split/census.csv.24.4.B.vc
Ans-fold time: 0.9357
==== Integer vector .C compression
Command: /home/louza/mm-repair/sdsl/encode.x /mnt/data/datasets/machine-learning-matrices-split/census.csv.24.5.A.vc.C 
==== Integer vector .R compression
Command: /home/louza/mm-repair/sdsl/encode.x /mnt/data/datasets/machine-learning-matrices-split/census.csv.24.5.A.vc.R 
Integer vector compression time: 0.2032
==== OLE
Command: /home/louza/mm-repair/ole/encode.x /mnt/data/datasets/machine-learning-matrices-split/census.csv.24.5.A.vc.C 
Command: /home/louza/mm-repair/ole/encode.x /mnt/data/datasets/machine-learning-matrices-split/census.csv.24.5.B.vc 
OLE time: 0.1437
==== Ans-fold compression
Command: /home/louza/mm-repair/ans/encode.x /mnt/data/datasets/machine-learning-matrices-split/census.csv.24.5.A.vc.C 
Command: /home/louza/mm-repair/ans/encode.x /mnt/data/datasets/machine-learning-matrices-split/census.csv.24.5.B.vc
Ans-fold time: 1.0346
==== Integer vector .C compression
Command: /home/louza/mm-repair/sdsl/encode.x /mnt/data/datasets/machine-learning-matrices-split/census.csv.24.6.A.vc.C 
==== Integer vector .R compression
Command: /home/louza/mm-repair/sdsl/encode.x /mnt/data/datasets/machine-learning-matrices-split/census.csv.24.6.A.vc.R 
Integer vector compression time: 0.4647
==== OLE
Command: /home/louza/mm-repair/ole/encode.x /mnt/data/datasets/machine-learning-matrices-split/census.csv.24.6.A.vc.C 
Command: /home/louza/mm-repair/ole/encode.x /mnt/data/datasets/machine-learning-matrices-split/census.csv.24.6.B.vc 
OLE time: 0.0200
==== Ans-fold compression
Command: /home/louza/mm-repair/ans/encode.x /mnt/data/datasets/machine-learning-matrices-split/census.csv.24.6.A.vc.C 
Command: /home/louza/mm-repair/ans/encode.x /mnt/data/datasets/machine-learning-matrices-split/census.csv.24.6.B.vc
Ans-fold time: 1.4489
==== Integer vector .C compression
Command: /home/louza/mm-repair/sdsl/encode.x /mnt/data/datasets/machine-learning-matrices-split/census.csv.24.7.A.vc.C 
==== Integer vector .R compression
Command: /home/louza/mm-repair/sdsl/encode.x /mnt/data/datasets/machine-learning-matrices-split/census.csv.24.7.A.vc.R 
Integer vector compression time: 0.3600
==== OLE
Command: /home/louza/mm-repair/ole/encode.x /mnt/data/datasets/machine-learning-matrices-split/census.csv.24.7.A.vc.C 
Command: /home/louza/mm-repair/ole/encode.x /mnt/data/datasets/machine-learning-matrices-split/census.csv.24.7.B.vc 
OLE time: 0.0750
==== Ans-fold compression
Command: /home/louza/mm-repair/ans/encode.x /mnt/data/datasets/machine-learning-matrices-split/census.csv.24.7.A.vc.C 
Command: /home/louza/mm-repair/ans/encode.x /mnt/data/datasets/machine-learning-matrices-split/census.csv.24.7.B.vc
Ans-fold time: 1.8640
==== Integer vector .C compression
Command: /home/louza/mm-repair/sdsl/encode.x /mnt/data/datasets/machine-learning-matrices-split/census.csv.24.8.A.vc.C 
==== Integer vector .R compression
Command: /home/louza/mm-repair/sdsl/encode.x /mnt/data/datasets/machine-learning-matrices-split/census.csv.24.8.A.vc.R 
Integer vector compression time: 0.4837
==== OLE
Command: /home/louza/mm-repair/ole/encode.x /mnt/data/datasets/machine-learning-matrices-split/census.csv.24.8.A.vc.C 
Command: /home/louza/mm-repair/ole/encode.x /mnt/data/datasets/machine-learning-matrices-split/census.csv.24.8.B.vc 
OLE time: 0.0214
==== Ans-fold compression
Command: /home/louza/mm-repair/ans/encode.x /mnt/data/datasets/machine-learning-matrices-split/census.csv.24.8.A.vc.C 
Command: /home/louza/mm-repair/ans/encode.x /mnt/data/datasets/machine-learning-matrices-split/census.csv.24.8.B.vc
Ans-fold time: 2.0763
==== Integer vector .C compression
Command: /home/louza/mm-repair/sdsl/encode.x /mnt/data/datasets/machine-learning-matrices-split/census.csv.24.9.A.vc.C 
==== Integer vector .R compression
Command: /home/louza/mm-repair/sdsl/encode.x /mnt/data/datasets/machine-learning-matrices-split/census.csv.24.9.A.vc.R 
Integer vector compression time: 0.1389
==== OLE
Command: /home/louza/mm-repair/ole/encode.x /mnt/data/datasets/machine-learning-matrices-split/census.csv.24.9.A.vc.C 
Command: /home/louza/mm-repair/ole/encode.x /mnt/data/datasets/machine-learning-matrices-split/census.csv.24.9.B.vc 
OLE time: 0.0149
==== Ans-fold compression
Command: /home/louza/mm-repair/ans/encode.x /mnt/data/datasets/machine-learning-matrices-split/census.csv.24.9.A.vc.C 
Command: /home/louza/mm-repair/ans/encode.x /mnt/data/datasets/machine-learning-matrices-split/census.csv.24.9.B.vc
Ans-fold time: 2.3283
==== Integer vector .C compression
Command: /home/louza/mm-repair/sdsl/encode.x /mnt/data/datasets/machine-learning-matrices-split/census.csv.24.10.A.vc.C 
==== Integer vector .R compression
Command: /home/louza/mm-repair/sdsl/encode.x /mnt/data/datasets/machine-learning-matrices-split/census.csv.24.10.A.vc.R 
Integer vector compression time: 0.3286
==== OLE
Command: /home/louza/mm-repair/ole/encode.x /mnt/data/datasets/machine-learning-matrices-split/census.csv.24.10.A.vc.C 
Command: /home/louza/mm-repair/ole/encode.x /mnt/data/datasets/machine-learning-matrices-split/census.csv.24.10.B.vc 
OLE time: 0.0047
==== Ans-fold compression
Command: /home/louza/mm-repair/ans/encode.x /mnt/data/datasets/machine-learning-matrices-split/census.csv.24.10.A.vc.C 
Command: /home/louza/mm-repair/ans/encode.x /mnt/data/datasets/machine-learning-matrices-split/census.csv.24.10.B.vc
Ans-fold time: 2.3859
==== Integer vector .C compression
Command: /home/louza/mm-repair/sdsl/encode.x /mnt/data/datasets/machine-learning-matrices-split/census.csv.24.11.A.vc.C 
==== Integer vector .R compression
Command: /home/louza/mm-repair/sdsl/encode.x /mnt/data/datasets/machine-learning-matrices-split/census.csv.24.11.A.vc.R 
Integer vector compression time: 0.0986
==== OLE
Command: /home/louza/mm-repair/ole/encode.x /mnt/data/datasets/machine-learning-matrices-split/census.csv.24.11.A.vc.C 
Command: /home/louza/mm-repair/ole/encode.x /mnt/data/datasets/machine-learning-matrices-split/census.csv.24.11.B.vc 
OLE time: 0.0093
==== Ans-fold compression
Command: /home/louza/mm-repair/ans/encode.x /mnt/data/datasets/machine-learning-matrices-split/census.csv.24.11.A.vc.C 
Command: /home/louza/mm-repair/ans/encode.x /mnt/data/datasets/machine-learning-matrices-split/census.csv.24.11.B.vc
Ans-fold time: 2.6922
==== Integer vector .C compression
Command: /home/louza/mm-repair/sdsl/encode.x /mnt/data/datasets/machine-learning-matrices-split/census.csv.24.12.A.vc.C 
==== Integer vector .R compression
Command: /home/louza/mm-repair/sdsl/encode.x /mnt/data/datasets/machine-learning-matrices-split/census.csv.24.12.A.vc.R 
Integer vector compression time: 0.1976
==== OLE
Command: /home/louza/mm-repair/ole/encode.x /mnt/data/datasets/machine-learning-matrices-split/census.csv.24.12.A.vc.C 
Command: /home/louza/mm-repair/ole/encode.x /mnt/data/datasets/machine-learning-matrices-split/census.csv.24.12.B.vc 
OLE time: 0.0130
==== Ans-fold compression
Command: /home/louza/mm-repair/ans/encode.x /mnt/data/datasets/machine-learning-matrices-split/census.csv.24.12.A.vc.C 
Command: /home/louza/mm-repair/ans/encode.x /mnt/data/datasets/machine-learning-matrices-split/census.csv.24.12.B.vc
Ans-fold time: 2.8632
==== Integer vector .C compression
Command: /home/louza/mm-repair/sdsl/encode.x /mnt/data/datasets/machine-learning-matrices-split/census.csv.24.13.A.vc.C 
==== Integer vector .R compression
Command: /home/louza/mm-repair/sdsl/encode.x /mnt/data/datasets/machine-learning-matrices-split/census.csv.24.13.A.vc.R 
Integer vector compression time: 0.3878
==== OLE
Command: /home/louza/mm-repair/ole/encode.x /mnt/data/datasets/machine-learning-matrices-split/census.csv.24.13.A.vc.C 
Command: /home/louza/mm-repair/ole/encode.x /mnt/data/datasets/machine-learning-matrices-split/census.csv.24.13.B.vc 
OLE time: 0.4024
==== Ans-fold compression
Command: /home/louza/mm-repair/ans/encode.x /mnt/data/datasets/machine-learning-matrices-split/census.csv.24.13.A.vc.C 
Command: /home/louza/mm-repair/ans/encode.x /mnt/data/datasets/machine-learning-matrices-split/census.csv.24.13.B.vc
Ans-fold time: 3.1960
==== Integer vector .C compression
Command: /home/louza/mm-repair/sdsl/encode.x /mnt/data/datasets/machine-learning-matrices-split/census.csv.24.14.A.vc.C 
==== Integer vector .R compression
Command: /home/louza/mm-repair/sdsl/encode.x /mnt/data/datasets/machine-learning-matrices-split/census.csv.24.14.A.vc.R 
Integer vector compression time: 0.3247
==== OLE
Command: /home/louza/mm-repair/ole/encode.x /mnt/data/datasets/machine-learning-matrices-split/census.csv.24.14.A.vc.C 
Command: /home/louza/mm-repair/ole/encode.x /mnt/data/datasets/machine-learning-matrices-split/census.csv.24.14.B.vc 
OLE time: 0.0963
==== Ans-fold compression
Command: /home/louza/mm-repair/ans/encode.x /mnt/data/datasets/machine-learning-matrices-split/census.csv.24.14.A.vc.C 
Command: /home/louza/mm-repair/ans/encode.x /mnt/data/datasets/machine-learning-matrices-split/census.csv.24.14.B.vc
Ans-fold time: 3.6084
==== Integer vector .C compression
Command: /home/louza/mm-repair/sdsl/encode.x /mnt/data/datasets/machine-learning-matrices-split/census.csv.24.15.A.vc.C 
==== Integer vector .R compression
Command: /home/louza/mm-repair/sdsl/encode.x /mnt/data/datasets/machine-learning-matrices-split/census.csv.24.15.A.vc.R 
Integer vector compression time: 0.2706
==== OLE
Command: /home/louza/mm-repair/ole/encode.x /mnt/data/datasets/machine-learning-matrices-split/census.csv.24.15.A.vc.C 
Command: /home/louza/mm-repair/ole/encode.x /mnt/data/datasets/machine-learning-matrices-split/census.csv.24.15.B.vc 
OLE time: 0.0342
==== Ans-fold compression
Command: /home/louza/mm-repair/ans/encode.x /mnt/data/datasets/machine-learning-matrices-split/census.csv.24.15.A.vc.C 
Command: /home/louza/mm-repair/ans/encode.x /mnt/data/datasets/machine-learning-matrices-split/census.csv.24.15.B.vc
Ans-fold time: 3.9090
==== Integer vector .C compression
Command: /home/louza/mm-repair/sdsl/encode.x /mnt/data/datasets/machine-learning-matrices-split/census.csv.24.16.A.vc.C 
==== Integer vector .R compression
Command: /home/louza/mm-repair/sdsl/encode.x /mnt/data/datasets/machine-learning-matrices-split/census.csv.24.16.A.vc.R 
Integer vector compression time: 0.2979
==== OLE
Command: /home/louza/mm-repair/ole/encode.x /mnt/data/datasets/machine-learning-matrices-split/census.csv.24.16.A.vc.C 
Command: /home/louza/mm-repair/ole/encode.x /mnt/data/datasets/machine-learning-matrices-split/census.csv.24.16.B.vc 
OLE time: 0.0132
==== Ans-fold compression
Command: /home/louza/mm-repair/ans/encode.x /mnt/data/datasets/machine-learning-matrices-split/census.csv.24.16.A.vc.C 
Command: /home/louza/mm-repair/ans/encode.x /mnt/data/datasets/machine-learning-matrices-split/census.csv.24.16.B.vc
Ans-fold time: 4.0919
==== Integer vector .C compression
Command: /home/louza/mm-repair/sdsl/encode.x /mnt/data/datasets/machine-learning-matrices-split/census.csv.24.17.A.vc.C 
==== Integer vector .R compression
Command: /home/louza/mm-repair/sdsl/encode.x /mnt/data/datasets/machine-learning-matrices-split/census.csv.24.17.A.vc.R 
Integer vector compression time: 0.0367
==== OLE
Command: /home/louza/mm-repair/ole/encode.x /mnt/data/datasets/machine-learning-matrices-split/census.csv.24.17.A.vc.C 
Command: /home/louza/mm-repair/ole/encode.x /mnt/data/datasets/machine-learning-matrices-split/census.csv.24.17.B.vc 
OLE time: 0.1195
==== Ans-fold compression
Command: /home/louza/mm-repair/ans/encode.x /mnt/data/datasets/machine-learning-matrices-split/census.csv.24.17.A.vc.C 
Command: /home/louza/mm-repair/ans/encode.x /mnt/data/datasets/machine-learning-matrices-split/census.csv.24.17.B.vc
Ans-fold time: 4.4724
==== Integer vector .C compression
Command: /home/louza/mm-repair/sdsl/encode.x /mnt/data/datasets/machine-learning-matrices-split/census.csv.24.18.A.vc.C 
==== Integer vector .R compression
Command: /home/louza/mm-repair/sdsl/encode.x /mnt/data/datasets/machine-learning-matrices-split/census.csv.24.18.A.vc.R 
Integer vector compression time: 0.2271
==== OLE
Command: /home/louza/mm-repair/ole/encode.x /mnt/data/datasets/machine-learning-matrices-split/census.csv.24.18.A.vc.C 
Command: /home/louza/mm-repair/ole/encode.x /mnt/data/datasets/machine-learning-matrices-split/census.csv.24.18.B.vc 
OLE time: 0.0169
==== Ans-fold compression
Command: /home/louza/mm-repair/ans/encode.x /mnt/data/datasets/machine-learning-matrices-split/census.csv.24.18.A.vc.C 
Command: /home/louza/mm-repair/ans/encode.x /mnt/data/datasets/machine-learning-matrices-split/census.csv.24.18.B.vc
Ans-fold time: 4.7511
==== Integer vector .C compression
Command: /home/louza/mm-repair/sdsl/encode.x /mnt/data/datasets/machine-learning-matrices-split/census.csv.24.19.A.vc.C 
==== Integer vector .R compression
Command: /home/louza/mm-repair/sdsl/encode.x /mnt/data/datasets/machine-learning-matrices-split/census.csv.24.19.A.vc.R 
Integer vector compression time: 0.1676
==== OLE
Command: /home/louza/mm-repair/ole/encode.x /mnt/data/datasets/machine-learning-matrices-split/census.csv.24.19.A.vc.C 
Command: /home/louza/mm-repair/ole/encode.x /mnt/data/datasets/machine-learning-matrices-split/census.csv.24.19.B.vc 
OLE time: 0.0143
==== Ans-fold compression
Command: /home/louza/mm-repair/ans/encode.x /mnt/data/datasets/machine-learning-matrices-split/census.csv.24.19.A.vc.C 
Command: /home/louza/mm-repair/ans/encode.x /mnt/data/datasets/machine-learning-matrices-split/census.csv.24.19.B.vc
Ans-fold time: 5.0174
==== Integer vector .C compression
Command: /home/louza/mm-repair/sdsl/encode.x /mnt/data/datasets/machine-learning-matrices-split/census.csv.24.20.A.vc.C 
==== Integer vector .R compression
Command: /home/louza/mm-repair/sdsl/encode.x /mnt/data/datasets/machine-learning-matrices-split/census.csv.24.20.A.vc.R 
Integer vector compression time: 0.3661
==== OLE
Command: /home/louza/mm-repair/ole/encode.x /mnt/data/datasets/machine-learning-matrices-split/census.csv.24.20.A.vc.C 
Command: /home/louza/mm-repair/ole/encode.x /mnt/data/datasets/machine-learning-matrices-split/census.csv.24.20.B.vc 
OLE time: 0.1364
==== Ans-fold compression
Command: /home/louza/mm-repair/ans/encode.x /mnt/data/datasets/machine-learning-matrices-split/census.csv.24.20.A.vc.C 
Command: /home/louza/mm-repair/ans/encode.x /mnt/data/datasets/machine-learning-matrices-split/census.csv.24.20.B.vc
Ans-fold time: 5.2846
==== Integer vector .C compression
Command: /home/louza/mm-repair/sdsl/encode.x /mnt/data/datasets/machine-learning-matrices-split/census.csv.24.21.A.vc.C 
==== Integer vector .R compression
Command: /home/louza/mm-repair/sdsl/encode.x /mnt/data/datasets/machine-learning-matrices-split/census.csv.24.21.A.vc.R 
Integer vector compression time: 0.1799
==== OLE
Command: /home/louza/mm-repair/ole/encode.x /mnt/data/datasets/machine-learning-matrices-split/census.csv.24.21.A.vc.C 
Command: /home/louza/mm-repair/ole/encode.x /mnt/data/datasets/machine-learning-matrices-split/census.csv.24.21.B.vc 
OLE time: 0.0762
==== Ans-fold compression
Command: /home/louza/mm-repair/ans/encode.x /mnt/data/datasets/machine-learning-matrices-split/census.csv.24.21.A.vc.C 
Command: /home/louza/mm-repair/ans/encode.x /mnt/data/datasets/machine-learning-matrices-split/census.csv.24.21.B.vc
Ans-fold time: 5.6120
==== Integer vector .C compression
Command: /home/louza/mm-repair/sdsl/encode.x /mnt/data/datasets/machine-learning-matrices-split/census.csv.24.22.A.vc.C 
==== Integer vector .R compression
Command: /home/louza/mm-repair/sdsl/encode.x /mnt/data/datasets/machine-learning-matrices-split/census.csv.24.22.A.vc.R 
Integer vector compression time: 0.2909
==== OLE
Command: /home/louza/mm-repair/ole/encode.x /mnt/data/datasets/machine-learning-matrices-split/census.csv.24.22.A.vc.C 
Command: /home/louza/mm-repair/ole/encode.x /mnt/data/datasets/machine-learning-matrices-split/census.csv.24.22.B.vc 
OLE time: 0.0146
==== Ans-fold compression
Command: /home/louza/mm-repair/ans/encode.x /mnt/data/datasets/machine-learning-matrices-split/census.csv.24.22.A.vc.C 
Command: /home/louza/mm-repair/ans/encode.x /mnt/data/datasets/machine-learning-matrices-split/census.csv.24.22.B.vc
Ans-fold time: 6.1479
==== Integer vector .C compression
Command: /home/louza/mm-repair/sdsl/encode.x /mnt/data/datasets/machine-learning-matrices-split/census.csv.24.23.A.vc.C 
==== Integer vector .R compression
Command: /home/louza/mm-repair/sdsl/encode.x /mnt/data/datasets/machine-learning-matrices-split/census.csv.24.23.A.vc.R 
Integer vector compression time: 0.3592
==== OLE
Command: /home/louza/mm-repair/ole/encode.x /mnt/data/datasets/machine-learning-matrices-split/census.csv.24.23.A.vc.C 
Command: /home/louza/mm-repair/ole/encode.x /mnt/data/datasets/machine-learning-matrices-split/census.csv.24.23.B.vc 
OLE time: 0.2007
==== Ans-fold compression
Command: /home/louza/mm-repair/ans/encode.x /mnt/data/datasets/machine-learning-matrices-split/census.csv.24.23.A.vc.C 
Command: /home/louza/mm-repair/ans/encode.x /mnt/data/datasets/machine-learning-matrices-split/census.csv.24.23.B.vc
Ans-fold time: 6.2053
Elapsed time: 114.3023
==== Compression Report:
 >> matrix name: /mnt/data/datasets/machine-learning-matrices-split/census.csv
 >> conversion time: 80.58
 >> repair time: 14.88
 >> integer vectors time: 0.36
 >> ansf time: 6.21
 >> total time: 114.30
 >> matrix log(alpha)xNumEntries size: 125372535 bytes
 >> matrix dense size: 1337307040 bytes
 >> total number of nonzero: 71926530 (43.03%)
 >> number of distinct nonzero: 45
 >> CRSV  size: 297539620 bytes  (22.25%)
 >> B	  size: 9841032 bytes  (0.74%)
 >> B_ans size: 6847 bytes  (0.00%)
 >> RE32  size: 59424407 bytes  (4.44%)
 >> REIV  size: 31573207 bytes  (2.36%)
 >> REANS size: 24550974 bytes  (1.84%)
==== Done

#### 2026-09-09 20:30:21
 Command line: ./mm-repair/matrepair -r -b 24 -p 24 /mnt/data/datasets/machine-learning-matrices-split/census.csv 2458285 68 --mapping --split 
Setting memory for each repair instance to 19335 MBs
Sending logging messages to file: /mnt/data/datasets/machine-learning-matrices-split/census.csv.log
==== Conversion bin/csv->csrv
Command: /home/louza/mm-repair/csvmat2csrv -b 24   /mnt/data/datasets/machine-learning-matrices-split/census.csv -r 0 -m -s 2458285 68
Conversion time: 113.8697
==== Repair paralell compression
---- Executing 24 parallel processes
---- Parallel processing completed
Repair time: 4.5852
==== Integer vector .C compression
Command: /home/louza/mm-repair/sdsl/encode.x /mnt/data/datasets/machine-learning-matrices-split/census.csv.24.0.A.vc.C 
==== Integer vector .R compression
Command: /home/louza/mm-repair/sdsl/encode.x /mnt/data/datasets/machine-learning-matrices-split/census.csv.24.0.A.vc.R 
Integer vector compression time: 0.5811
==== Ans-fold compression
Command: /home/louza/mm-repair/ans/encode.x /mnt/data/datasets/machine-learning-matrices-split/census.csv.24.0.A.vc.C 
Command: /home/louza/mm-repair/ans/encode.x /mnt/data/datasets/machine-learning-matrices-split/census.csv.24.0.B.vc
Ans-fold time: 0.2156
==== Integer vector .C compression
Command: /home/louza/mm-repair/sdsl/encode.x /mnt/data/datasets/machine-learning-matrices-split/census.csv.24.1.A.vc.C 
==== Integer vector .R compression
Command: /home/louza/mm-repair/sdsl/encode.x /mnt/data/datasets/machine-learning-matrices-split/census.csv.24.1.A.vc.R 
Integer vector compression time: 0.4496
==== Ans-fold compression
Command: /home/louza/mm-repair/ans/encode.x /mnt/data/datasets/machine-learning-matrices-split/census.csv.24.1.A.vc.C 
Command: /home/louza/mm-repair/ans/encode.x /mnt/data/datasets/machine-learning-matrices-split/census.csv.24.1.B.vc
Ans-fold time: 0.7702
==== Integer vector .C compression
Command: /home/louza/mm-repair/sdsl/encode.x /mnt/data/datasets/machine-learning-matrices-split/census.csv.24.2.A.vc.C 
==== Integer vector .R compression
Command: /home/louza/mm-repair/sdsl/encode.x /mnt/data/datasets/machine-learning-matrices-split/census.csv.24.2.A.vc.R 
Integer vector compression time: 0.3970
==== Ans-fold compression
Command: /home/louza/mm-repair/ans/encode.x /mnt/data/datasets/machine-learning-matrices-split/census.csv.24.2.A.vc.C 
Command: /home/louza/mm-repair/ans/encode.x /mnt/data/datasets/machine-learning-matrices-split/census.csv.24.2.B.vc
Ans-fold time: 1.1111
==== Integer vector .C compression
Command: /home/louza/mm-repair/sdsl/encode.x /mnt/data/datasets/machine-learning-matrices-split/census.csv.24.3.A.vc.C 
==== Integer vector .R compression
Command: /home/louza/mm-repair/sdsl/encode.x /mnt/data/datasets/machine-learning-matrices-split/census.csv.24.3.A.vc.R 
Integer vector compression time: 0.2633
==== Ans-fold compression
Command: /home/louza/mm-repair/ans/encode.x /mnt/data/datasets/machine-learning-matrices-split/census.csv.24.3.A.vc.C 
Command: /home/louza/mm-repair/ans/encode.x /mnt/data/datasets/machine-learning-matrices-split/census.csv.24.3.B.vc
Ans-fold time: 1.3814
==== Integer vector .C compression
Command: /home/louza/mm-repair/sdsl/encode.x /mnt/data/datasets/machine-learning-matrices-split/census.csv.24.4.A.vc.C 
==== Integer vector .R compression
Command: /home/louza/mm-repair/sdsl/encode.x /mnt/data/datasets/machine-learning-matrices-split/census.csv.24.4.A.vc.R 
Integer vector compression time: 0.2825
==== Ans-fold compression
Command: /home/louza/mm-repair/ans/encode.x /mnt/data/datasets/machine-learning-matrices-split/census.csv.24.4.A.vc.C 
Command: /home/louza/mm-repair/ans/encode.x /mnt/data/datasets/machine-learning-matrices-split/census.csv.24.4.B.vc
Ans-fold time: 1.5765
==== Integer vector .C compression
Command: /home/louza/mm-repair/sdsl/encode.x /mnt/data/datasets/machine-learning-matrices-split/census.csv.24.5.A.vc.C 
==== Integer vector .R compression
Command: /home/louza/mm-repair/sdsl/encode.x /mnt/data/datasets/machine-learning-matrices-split/census.csv.24.5.A.vc.R 
Integer vector compression time: 0.3373
==== Ans-fold compression
Command: /home/louza/mm-repair/ans/encode.x /mnt/data/datasets/machine-learning-matrices-split/census.csv.24.5.A.vc.C 
Command: /home/louza/mm-repair/ans/encode.x /mnt/data/datasets/machine-learning-matrices-split/census.csv.24.5.B.vc
Ans-fold time: 1.9850
==== Integer vector .C compression
Command: /home/louza/mm-repair/sdsl/encode.x /mnt/data/datasets/machine-learning-matrices-split/census.csv.24.6.A.vc.C 
==== Integer vector .R compression
Command: /home/louza/mm-repair/sdsl/encode.x /mnt/data/datasets/machine-learning-matrices-split/census.csv.24.6.A.vc.R 
Integer vector compression time: 0.7461
==== Ans-fold compression
Command: /home/louza/mm-repair/ans/encode.x /mnt/data/datasets/machine-learning-matrices-split/census.csv.24.6.A.vc.C 
Command: /home/louza/mm-repair/ans/encode.x /mnt/data/datasets/machine-learning-matrices-split/census.csv.24.6.B.vc
Ans-fold time: 2.5048
==== Integer vector .C compression
Command: /home/louza/mm-repair/sdsl/encode.x /mnt/data/datasets/machine-learning-matrices-split/census.csv.24.7.A.vc.C 
==== Integer vector .R compression
Command: /home/louza/mm-repair/sdsl/encode.x /mnt/data/datasets/machine-learning-matrices-split/census.csv.24.7.A.vc.R 
Integer vector compression time: 0.2126
==== Ans-fold compression
Command: /home/louza/mm-repair/ans/encode.x /mnt/data/datasets/machine-learning-matrices-split/census.csv.24.7.A.vc.C 
Command: /home/louza/mm-repair/ans/encode.x /mnt/data/datasets/machine-learning-matrices-split/census.csv.24.7.B.vc
Ans-fold time: 3.0740
==== Integer vector .C compression
Command: /home/louza/mm-repair/sdsl/encode.x /mnt/data/datasets/machine-learning-matrices-split/census.csv.24.8.A.vc.C 
==== Integer vector .R compression
Command: /home/louza/mm-repair/sdsl/encode.x /mnt/data/datasets/machine-learning-matrices-split/census.csv.24.8.A.vc.R 
Integer vector compression time: 0.1843
==== Ans-fold compression
Command: /home/louza/mm-repair/ans/encode.x /mnt/data/datasets/machine-learning-matrices-split/census.csv.24.8.A.vc.C 
Command: /home/louza/mm-repair/ans/encode.x /mnt/data/datasets/machine-learning-matrices-split/census.csv.24.8.B.vc
Ans-fold time: 3.1551
==== Integer vector .C compression
Command: /home/louza/mm-repair/sdsl/encode.x /mnt/data/datasets/machine-learning-matrices-split/census.csv.24.9.A.vc.C 
==== Integer vector .R compression
Command: /home/louza/mm-repair/sdsl/encode.x /mnt/data/datasets/machine-learning-matrices-split/census.csv.24.9.A.vc.R 
Integer vector compression time: 0.3452
==== Ans-fold compression
Command: /home/louza/mm-repair/ans/encode.x /mnt/data/datasets/machine-learning-matrices-split/census.csv.24.9.A.vc.C 
Command: /home/louza/mm-repair/ans/encode.x /mnt/data/datasets/machine-learning-matrices-split/census.csv.24.9.B.vc
Ans-fold time: 3.2568
==== Integer vector .C compression
Command: /home/louza/mm-repair/sdsl/encode.x /mnt/data/datasets/machine-learning-matrices-split/census.csv.24.10.A.vc.C 
==== Integer vector .R compression
Command: /home/louza/mm-repair/sdsl/encode.x /mnt/data/datasets/machine-learning-matrices-split/census.csv.24.10.A.vc.R 
Integer vector compression time: 0.2957
==== Ans-fold compression
Command: /home/louza/mm-repair/ans/encode.x /mnt/data/datasets/machine-learning-matrices-split/census.csv.24.10.A.vc.C 
Command: /home/louza/mm-repair/ans/encode.x /mnt/data/datasets/machine-learning-matrices-split/census.csv.24.10.B.vc
Ans-fold time: 3.5826
==== Integer vector .C compression
Command: /home/louza/mm-repair/sdsl/encode.x /mnt/data/datasets/machine-learning-matrices-split/census.csv.24.11.A.vc.C 
==== Integer vector .R compression
Command: /home/louza/mm-repair/sdsl/encode.x /mnt/data/datasets/machine-learning-matrices-split/census.csv.24.11.A.vc.R 
Integer vector compression time: 0.2587
==== Ans-fold compression
Command: /home/louza/mm-repair/ans/encode.x /mnt/data/datasets/machine-learning-matrices-split/census.csv.24.11.A.vc.C 
Command: /home/louza/mm-repair/ans/encode.x /mnt/data/datasets/machine-learning-matrices-split/census.csv.24.11.B.vc
Ans-fold time: 3.9481
==== Integer vector .C compression
Command: /home/louza/mm-repair/sdsl/encode.x /mnt/data/datasets/machine-learning-matrices-split/census.csv.24.12.A.vc.C 
==== Integer vector .R compression
Command: /home/louza/mm-repair/sdsl/encode.x /mnt/data/datasets/machine-learning-matrices-split/census.csv.24.12.A.vc.R 
Integer vector compression time: 0.4810
==== Ans-fold compression
Command: /home/louza/mm-repair/ans/encode.x /mnt/data/datasets/machine-learning-matrices-split/census.csv.24.12.A.vc.C 
Command: /home/louza/mm-repair/ans/encode.x /mnt/data/datasets/machine-learning-matrices-split/census.csv.24.12.B.vc
Ans-fold time: 4.6438
==== Integer vector .C compression
Command: /home/louza/mm-repair/sdsl/encode.x /mnt/data/datasets/machine-learning-matrices-split/census.csv.24.13.A.vc.C 
==== Integer vector .R compression
Command: /home/louza/mm-repair/sdsl/encode.x /mnt/data/datasets/machine-learning-matrices-split/census.csv.24.13.A.vc.R 
Integer vector compression time: 0.5810
==== Ans-fold compression
Command: /home/louza/mm-repair/ans/encode.x /mnt/data/datasets/machine-learning-matrices-split/census.csv.24.13.A.vc.C 
Command: /home/louza/mm-repair/ans/encode.x /mnt/data/datasets/machine-learning-matrices-split/census.csv.24.13.B.vc
Ans-fold time: 4.9067
==== Integer vector .C compression
Command: /home/louza/mm-repair/sdsl/encode.x /mnt/data/datasets/machine-learning-matrices-split/census.csv.24.14.A.vc.C 
==== Integer vector .R compression
Command: /home/louza/mm-repair/sdsl/encode.x /mnt/data/datasets/machine-learning-matrices-split/census.csv.24.14.A.vc.R 
Integer vector compression time: 0.4649
==== Ans-fold compression
Command: /home/louza/mm-repair/ans/encode.x /mnt/data/datasets/machine-learning-matrices-split/census.csv.24.14.A.vc.C 
Command: /home/louza/mm-repair/ans/encode.x /mnt/data/datasets/machine-learning-matrices-split/census.csv.24.14.B.vc
Ans-fold time: 5.1916
==== Integer vector .C compression
Command: /home/louza/mm-repair/sdsl/encode.x /mnt/data/datasets/machine-learning-matrices-split/census.csv.24.15.A.vc.C 
==== Integer vector .R compression
Command: /home/louza/mm-repair/sdsl/encode.x /mnt/data/datasets/machine-learning-matrices-split/census.csv.24.15.A.vc.R 
Integer vector compression time: 0.4685
==== Ans-fold compression
Command: /home/louza/mm-repair/ans/encode.x /mnt/data/datasets/machine-learning-matrices-split/census.csv.24.15.A.vc.C 
Command: /home/louza/mm-repair/ans/encode.x /mnt/data/datasets/machine-learning-matrices-split/census.csv.24.15.B.vc
Ans-fold time: 5.6584
==== Integer vector .C compression
Command: /home/louza/mm-repair/sdsl/encode.x /mnt/data/datasets/machine-learning-matrices-split/census.csv.24.16.A.vc.C 
==== Integer vector .R compression
Command: /home/louza/mm-repair/sdsl/encode.x /mnt/data/datasets/machine-learning-matrices-split/census.csv.24.16.A.vc.R 
Integer vector compression time: 0.4299
==== Ans-fold compression
Command: /home/louza/mm-repair/ans/encode.x /mnt/data/datasets/machine-learning-matrices-split/census.csv.24.16.A.vc.C 
Command: /home/louza/mm-repair/ans/encode.x /mnt/data/datasets/machine-learning-matrices-split/census.csv.24.16.B.vc
Ans-fold time: 5.8499
==== Integer vector .C compression
Command: /home/louza/mm-repair/sdsl/encode.x /mnt/data/datasets/machine-learning-matrices-split/census.csv.24.17.A.vc.C 
==== Integer vector .R compression
Command: /home/louza/mm-repair/sdsl/encode.x /mnt/data/datasets/machine-learning-matrices-split/census.csv.24.17.A.vc.R 
Integer vector compression time: 0.4606
==== Ans-fold compression
Command: /home/louza/mm-repair/ans/encode.x /mnt/data/datasets/machine-learning-matrices-split/census.csv.24.17.A.vc.C 
Command: /home/louza/mm-repair/ans/encode.x /mnt/data/datasets/machine-learning-matrices-split/census.csv.24.17.B.vc
Ans-fold time: 6.1050
==== Integer vector .C compression
Command: /home/louza/mm-repair/sdsl/encode.x /mnt/data/datasets/machine-learning-matrices-split/census.csv.24.18.A.vc.C 
==== Integer vector .R compression
Command: /home/louza/mm-repair/sdsl/encode.x /mnt/data/datasets/machine-learning-matrices-split/census.csv.24.18.A.vc.R 
Integer vector compression time: 0.2095
==== Ans-fold compression
Command: /home/louza/mm-repair/ans/encode.x /mnt/data/datasets/machine-learning-matrices-split/census.csv.24.18.A.vc.C 
Command: /home/louza/mm-repair/ans/encode.x /mnt/data/datasets/machine-learning-matrices-split/census.csv.24.18.B.vc
Ans-fold time: 6.5375
==== Integer vector .C compression
Command: /home/louza/mm-repair/sdsl/encode.x /mnt/data/datasets/machine-learning-matrices-split/census.csv.24.19.A.vc.C 
==== Integer vector .R compression
Command: /home/louza/mm-repair/sdsl/encode.x /mnt/data/datasets/machine-learning-matrices-split/census.csv.24.19.A.vc.R 
Integer vector compression time: 0.6132
==== Ans-fold compression
Command: /home/louza/mm-repair/ans/encode.x /mnt/data/datasets/machine-learning-matrices-split/census.csv.24.19.A.vc.C 
Command: /home/louza/mm-repair/ans/encode.x /mnt/data/datasets/machine-learning-matrices-split/census.csv.24.19.B.vc
Ans-fold time: 6.6769
==== Integer vector .C compression
Command: /home/louza/mm-repair/sdsl/encode.x /mnt/data/datasets/machine-learning-matrices-split/census.csv.24.20.A.vc.C 
==== Integer vector .R compression
Command: /home/louza/mm-repair/sdsl/encode.x /mnt/data/datasets/machine-learning-matrices-split/census.csv.24.20.A.vc.R 
Integer vector compression time: 0.2386
==== Ans-fold compression
Command: /home/louza/mm-repair/ans/encode.x /mnt/data/datasets/machine-learning-matrices-split/census.csv.24.20.A.vc.C 
Command: /home/louza/mm-repair/ans/encode.x /mnt/data/datasets/machine-learning-matrices-split/census.csv.24.20.B.vc
Ans-fold time: 7.0432
==== Integer vector .C compression
Command: /home/louza/mm-repair/sdsl/encode.x /mnt/data/datasets/machine-learning-matrices-split/census.csv.24.21.A.vc.C 
==== Integer vector .R compression
Command: /home/louza/mm-repair/sdsl/encode.x /mnt/data/datasets/machine-learning-matrices-split/census.csv.24.21.A.vc.R 
Integer vector compression time: 0.6627
==== Ans-fold compression
Command: /home/louza/mm-repair/ans/encode.x /mnt/data/datasets/machine-learning-matrices-split/census.csv.24.21.A.vc.C 
Command: /home/louza/mm-repair/ans/encode.x /mnt/data/datasets/machine-learning-matrices-split/census.csv.24.21.B.vc
Ans-fold time: 7.1993
==== Integer vector .C compression
Command: /home/louza/mm-repair/sdsl/encode.x /mnt/data/datasets/machine-learning-matrices-split/census.csv.24.22.A.vc.C 
==== Integer vector .R compression
Command: /home/louza/mm-repair/sdsl/encode.x /mnt/data/datasets/machine-learning-matrices-split/census.csv.24.22.A.vc.R 
Integer vector compression time: 0.3979
==== Ans-fold compression
Command: /home/louza/mm-repair/ans/encode.x /mnt/data/datasets/machine-learning-matrices-split/census.csv.24.22.A.vc.C 
Command: /home/louza/mm-repair/ans/encode.x /mnt/data/datasets/machine-learning-matrices-split/census.csv.24.22.B.vc
Ans-fold time: 7.7824
==== Integer vector .C compression
Command: /home/louza/mm-repair/sdsl/encode.x /mnt/data/datasets/machine-learning-matrices-split/census.csv.24.23.A.vc.C 
==== Integer vector .R compression
Command: /home/louza/mm-repair/sdsl/encode.x /mnt/data/datasets/machine-learning-matrices-split/census.csv.24.23.A.vc.R 
Integer vector compression time: 0.6262
==== Ans-fold compression
Command: /home/louza/mm-repair/ans/encode.x /mnt/data/datasets/machine-learning-matrices-split/census.csv.24.23.A.vc.C 
Command: /home/louza/mm-repair/ans/encode.x /mnt/data/datasets/machine-learning-matrices-split/census.csv.24.23.B.vc
Ans-fold time: 8.0426
Command: /home/louza/mm-repair/ans/encode.x /mnt/data/datasets/machine-learning-matrices-split/census.csv.wcode 
Elapsed time: 136.5953
==== Compression Report:
 >> matrix name: /mnt/data/datasets/machine-learning-matrices-split/census.csv
 >> conversion time: 113.87
 >> repair time: 4.59
 >> integer vectors time: 0.63
 >> ansf time: 8.04
 >> total time: 136.60
 >> wcode: 1324 bytes
 >> wcode_ans: 178 bytes
 >> matrix log(alpha)xNumEntries size: 125372535 bytes
 >> matrix dense size: 1337307040 bytes
 >> total number of nonzero: 71926530 (43.03%)
 >> number of distinct nonzero: 45
 >> CRSV  size: 297539620 bytes  (22.25%)
 >> B	  size: 9841032 bytes  (0.74%)
 >> B_ans size: 6356 bytes  (0.00%)
 >> RE32  size: 59425240 bytes  (4.44%)
 >> REIV  size: 29717248 bytes  (2.22%)
 >> REANS size: 24866838 bytes  (1.86%)
==== Done

#### 2026-09-09 20:32:38
 Command line: ./mm-repair/matrepair -r -b 24 -p 24 /mnt/data/datasets/machine-learning-matrices-split/census.csv 2458285 68 --ole --mapping --split 
Setting memory for each repair instance to 19335 MBs
Sending logging messages to file: /mnt/data/datasets/machine-learning-matrices-split/census.csv.log
==== Conversion bin/csv->csrv
Command: /home/louza/mm-repair/csvmat2csrv -b 24   /mnt/data/datasets/machine-learning-matrices-split/census.csv -r 0 -m -s 2458285 68
Conversion time: 105.9630
==== Repair paralell compression
---- Executing 24 parallel processes
---- Parallel processing completed
Repair time: 7.7550
==== Integer vector .C compression
Command: /home/louza/mm-repair/sdsl/encode.x /mnt/data/datasets/machine-learning-matrices-split/census.csv.24.0.A.vc.C 
==== Integer vector .R compression
Command: /home/louza/mm-repair/sdsl/encode.x /mnt/data/datasets/machine-learning-matrices-split/census.csv.24.0.A.vc.R 
Integer vector compression time: 1.9752
==== OLE
Command: /home/louza/mm-repair/ole/encode.x /mnt/data/datasets/machine-learning-matrices-split/census.csv.24.0.A.vc.C 
Command: /home/louza/mm-repair/ole/encode.x /mnt/data/datasets/machine-learning-matrices-split/census.csv.24.0.B.vc 
OLE time: 0.8440
==== Ans-fold compression
Command: /home/louza/mm-repair/ans/encode.x /mnt/data/datasets/machine-learning-matrices-split/census.csv.24.0.A.vc.C 
Command: /home/louza/mm-repair/ans/encode.x /mnt/data/datasets/machine-learning-matrices-split/census.csv.24.0.B.vc
Ans-fold time: 0.5586
==== Integer vector .C compression
Command: /home/louza/mm-repair/sdsl/encode.x /mnt/data/datasets/machine-learning-matrices-split/census.csv.24.1.A.vc.C 
==== Integer vector .R compression
Command: /home/louza/mm-repair/sdsl/encode.x /mnt/data/datasets/machine-learning-matrices-split/census.csv.24.1.A.vc.R 
Integer vector compression time: 0.7516
==== OLE
Command: /home/louza/mm-repair/ole/encode.x /mnt/data/datasets/machine-learning-matrices-split/census.csv.24.1.A.vc.C 
Command: /home/louza/mm-repair/ole/encode.x /mnt/data/datasets/machine-learning-matrices-split/census.csv.24.1.B.vc 
OLE time: 0.2718
==== Ans-fold compression
Command: /home/louza/mm-repair/ans/encode.x /mnt/data/datasets/machine-learning-matrices-split/census.csv.24.1.A.vc.C 
Command: /home/louza/mm-repair/ans/encode.x /mnt/data/datasets/machine-learning-matrices-split/census.csv.24.1.B.vc
Ans-fold time: 1.6412
==== Integer vector .C compression
Command: /home/louza/mm-repair/sdsl/encode.x /mnt/data/datasets/machine-learning-matrices-split/census.csv.24.2.A.vc.C 
==== Integer vector .R compression
Command: /home/louza/mm-repair/sdsl/encode.x /mnt/data/datasets/machine-learning-matrices-split/census.csv.24.2.A.vc.R 
Integer vector compression time: 0.8701
==== OLE
Command: /home/louza/mm-repair/ole/encode.x /mnt/data/datasets/machine-learning-matrices-split/census.csv.24.2.A.vc.C 
Command: /home/louza/mm-repair/ole/encode.x /mnt/data/datasets/machine-learning-matrices-split/census.csv.24.2.B.vc 
OLE time: 0.0180
==== Ans-fold compression
Command: /home/louza/mm-repair/ans/encode.x /mnt/data/datasets/machine-learning-matrices-split/census.csv.24.2.A.vc.C 
Command: /home/louza/mm-repair/ans/encode.x /mnt/data/datasets/machine-learning-matrices-split/census.csv.24.2.B.vc
Ans-fold time: 2.6241
==== Integer vector .C compression
Command: /home/louza/mm-repair/sdsl/encode.x /mnt/data/datasets/machine-learning-matrices-split/census.csv.24.3.A.vc.C 
==== Integer vector .R compression
Command: /home/louza/mm-repair/sdsl/encode.x /mnt/data/datasets/machine-learning-matrices-split/census.csv.24.3.A.vc.R 
Integer vector compression time: 0.9124
==== OLE
Command: /home/louza/mm-repair/ole/encode.x /mnt/data/datasets/machine-learning-matrices-split/census.csv.24.3.A.vc.C 
Command: /home/louza/mm-repair/ole/encode.x /mnt/data/datasets/machine-learning-matrices-split/census.csv.24.3.B.vc 
OLE time: 0.0268
==== Ans-fold compression
Command: /home/louza/mm-repair/ans/encode.x /mnt/data/datasets/machine-learning-matrices-split/census.csv.24.3.A.vc.C 
Command: /home/louza/mm-repair/ans/encode.x /mnt/data/datasets/machine-learning-matrices-split/census.csv.24.3.B.vc
Ans-fold time: 2.9604
==== Integer vector .C compression
Command: /home/louza/mm-repair/sdsl/encode.x /mnt/data/datasets/machine-learning-matrices-split/census.csv.24.4.A.vc.C 
==== Integer vector .R compression
Command: /home/louza/mm-repair/sdsl/encode.x /mnt/data/datasets/machine-learning-matrices-split/census.csv.24.4.A.vc.R 
Integer vector compression time: 0.5134
==== OLE
Command: /home/louza/mm-repair/ole/encode.x /mnt/data/datasets/machine-learning-matrices-split/census.csv.24.4.A.vc.C 
Command: /home/louza/mm-repair/ole/encode.x /mnt/data/datasets/machine-learning-matrices-split/census.csv.24.4.B.vc 
OLE time: 0.2837
==== Ans-fold compression
Command: /home/louza/mm-repair/ans/encode.x /mnt/data/datasets/machine-learning-matrices-split/census.csv.24.4.A.vc.C 
Command: /home/louza/mm-repair/ans/encode.x /mnt/data/datasets/machine-learning-matrices-split/census.csv.24.4.B.vc
Ans-fold time: 3.3999
==== Integer vector .C compression
Command: /home/louza/mm-repair/sdsl/encode.x /mnt/data/datasets/machine-learning-matrices-split/census.csv.24.5.A.vc.C 
==== Integer vector .R compression
Command: /home/louza/mm-repair/sdsl/encode.x /mnt/data/datasets/machine-learning-matrices-split/census.csv.24.5.A.vc.R 
Integer vector compression time: 0.7698
==== OLE
Command: /home/louza/mm-repair/ole/encode.x /mnt/data/datasets/machine-learning-matrices-split/census.csv.24.5.A.vc.C 
Command: /home/louza/mm-repair/ole/encode.x /mnt/data/datasets/machine-learning-matrices-split/census.csv.24.5.B.vc 
OLE time: 0.1281
==== Ans-fold compression
Command: /home/louza/mm-repair/ans/encode.x /mnt/data/datasets/machine-learning-matrices-split/census.csv.24.5.A.vc.C 
Command: /home/louza/mm-repair/ans/encode.x /mnt/data/datasets/machine-learning-matrices-split/census.csv.24.5.B.vc
Ans-fold time: 3.9254
==== Integer vector .C compression
Command: /home/louza/mm-repair/sdsl/encode.x /mnt/data/datasets/machine-learning-matrices-split/census.csv.24.6.A.vc.C 
==== Integer vector .R compression
Command: /home/louza/mm-repair/sdsl/encode.x /mnt/data/datasets/machine-learning-matrices-split/census.csv.24.6.A.vc.R 
Integer vector compression time: 1.0197
==== OLE
Command: /home/louza/mm-repair/ole/encode.x /mnt/data/datasets/machine-learning-matrices-split/census.csv.24.6.A.vc.C 
Command: /home/louza/mm-repair/ole/encode.x /mnt/data/datasets/machine-learning-matrices-split/census.csv.24.6.B.vc 
OLE time: 0.2893
==== Ans-fold compression
Command: /home/louza/mm-repair/ans/encode.x /mnt/data/datasets/machine-learning-matrices-split/census.csv.24.6.A.vc.C 
Command: /home/louza/mm-repair/ans/encode.x /mnt/data/datasets/machine-learning-matrices-split/census.csv.24.6.B.vc
Ans-fold time: 4.3509
==== Integer vector .C compression
Command: /home/louza/mm-repair/sdsl/encode.x /mnt/data/datasets/machine-learning-matrices-split/census.csv.24.7.A.vc.C 
==== Integer vector .R compression
Command: /home/louza/mm-repair/sdsl/encode.x /mnt/data/datasets/machine-learning-matrices-split/census.csv.24.7.A.vc.R 
Integer vector compression time: 0.3840
==== OLE
Command: /home/louza/mm-repair/ole/encode.x /mnt/data/datasets/machine-learning-matrices-split/census.csv.24.7.A.vc.C 
Command: /home/louza/mm-repair/ole/encode.x /mnt/data/datasets/machine-learning-matrices-split/census.csv.24.7.B.vc 
OLE time: 0.3247
==== Ans-fold compression
Command: /home/louza/mm-repair/ans/encode.x /mnt/data/datasets/machine-learning-matrices-split/census.csv.24.7.A.vc.C 
Command: /home/louza/mm-repair/ans/encode.x /mnt/data/datasets/machine-learning-matrices-split/census.csv.24.7.B.vc
Ans-fold time: 4.5326
==== Integer vector .C compression
Command: /home/louza/mm-repair/sdsl/encode.x /mnt/data/datasets/machine-learning-matrices-split/census.csv.24.8.A.vc.C 
==== Integer vector .R compression
Command: /home/louza/mm-repair/sdsl/encode.x /mnt/data/datasets/machine-learning-matrices-split/census.csv.24.8.A.vc.R 
Integer vector compression time: 0.3336
==== OLE
Command: /home/louza/mm-repair/ole/encode.x /mnt/data/datasets/machine-learning-matrices-split/census.csv.24.8.A.vc.C 
Command: /home/louza/mm-repair/ole/encode.x /mnt/data/datasets/machine-learning-matrices-split/census.csv.24.8.B.vc 
OLE time: 0.0845
==== Ans-fold compression
Command: /home/louza/mm-repair/ans/encode.x /mnt/data/datasets/machine-learning-matrices-split/census.csv.24.8.A.vc.C 
Command: /home/louza/mm-repair/ans/encode.x /mnt/data/datasets/machine-learning-matrices-split/census.csv.24.8.B.vc
Ans-fold time: 5.3631
==== Integer vector .C compression
Command: /home/louza/mm-repair/sdsl/encode.x /mnt/data/datasets/machine-learning-matrices-split/census.csv.24.9.A.vc.C 
==== Integer vector .R compression
Command: /home/louza/mm-repair/sdsl/encode.x /mnt/data/datasets/machine-learning-matrices-split/census.csv.24.9.A.vc.R 
Integer vector compression time: 0.4325
==== OLE
Command: /home/louza/mm-repair/ole/encode.x /mnt/data/datasets/machine-learning-matrices-split/census.csv.24.9.A.vc.C 
Command: /home/louza/mm-repair/ole/encode.x /mnt/data/datasets/machine-learning-matrices-split/census.csv.24.9.B.vc 
OLE time: 0.3729
==== Ans-fold compression
Command: /home/louza/mm-repair/ans/encode.x /mnt/data/datasets/machine-learning-matrices-split/census.csv.24.9.A.vc.C 
Command: /home/louza/mm-repair/ans/encode.x /mnt/data/datasets/machine-learning-matrices-split/census.csv.24.9.B.vc
Ans-fold time: 5.9649
==== Integer vector .C compression
Command: /home/louza/mm-repair/sdsl/encode.x /mnt/data/datasets/machine-learning-matrices-split/census.csv.24.10.A.vc.C 
==== Integer vector .R compression
Command: /home/louza/mm-repair/sdsl/encode.x /mnt/data/datasets/machine-learning-matrices-split/census.csv.24.10.A.vc.R 
Integer vector compression time: 0.5887
==== OLE
Command: /home/louza/mm-repair/ole/encode.x /mnt/data/datasets/machine-learning-matrices-split/census.csv.24.10.A.vc.C 
Command: /home/louza/mm-repair/ole/encode.x /mnt/data/datasets/machine-learning-matrices-split/census.csv.24.10.B.vc 
OLE time: 0.5025
==== Ans-fold compression
Command: /home/louza/mm-repair/ans/encode.x /mnt/data/datasets/machine-learning-matrices-split/census.csv.24.10.A.vc.C 
Command: /home/louza/mm-repair/ans/encode.x /mnt/data/datasets/machine-learning-matrices-split/census.csv.24.10.B.vc
Ans-fold time: 6.1732
==== Integer vector .C compression
Command: /home/louza/mm-repair/sdsl/encode.x /mnt/data/datasets/machine-learning-matrices-split/census.csv.24.11.A.vc.C 
==== Integer vector .R compression
Command: /home/louza/mm-repair/sdsl/encode.x /mnt/data/datasets/machine-learning-matrices-split/census.csv.24.11.A.vc.R 
Integer vector compression time: 0.1572
==== OLE
Command: /home/louza/mm-repair/ole/encode.x /mnt/data/datasets/machine-learning-matrices-split/census.csv.24.11.A.vc.C 
Command: /home/louza/mm-repair/ole/encode.x /mnt/data/datasets/machine-learning-matrices-split/census.csv.24.11.B.vc 
OLE time: 0.0562
==== Ans-fold compression
Command: /home/louza/mm-repair/ans/encode.x /mnt/data/datasets/machine-learning-matrices-split/census.csv.24.11.A.vc.C 
Command: /home/louza/mm-repair/ans/encode.x /mnt/data/datasets/machine-learning-matrices-split/census.csv.24.11.B.vc
Ans-fold time: 6.4677
==== Integer vector .C compression
Command: /home/louza/mm-repair/sdsl/encode.x /mnt/data/datasets/machine-learning-matrices-split/census.csv.24.12.A.vc.C 
==== Integer vector .R compression
Command: /home/louza/mm-repair/sdsl/encode.x /mnt/data/datasets/machine-learning-matrices-split/census.csv.24.12.A.vc.R 
Integer vector compression time: 0.4411
==== OLE
Command: /home/louza/mm-repair/ole/encode.x /mnt/data/datasets/machine-learning-matrices-split/census.csv.24.12.A.vc.C 
Command: /home/louza/mm-repair/ole/encode.x /mnt/data/datasets/machine-learning-matrices-split/census.csv.24.12.B.vc 
OLE time: 0.0401
==== Ans-fold compression
Command: /home/louza/mm-repair/ans/encode.x /mnt/data/datasets/machine-learning-matrices-split/census.csv.24.12.A.vc.C 
Command: /home/louza/mm-repair/ans/encode.x /mnt/data/datasets/machine-learning-matrices-split/census.csv.24.12.B.vc
Ans-fold time: 7.2340
==== Integer vector .C compression
Command: /home/louza/mm-repair/sdsl/encode.x /mnt/data/datasets/machine-learning-matrices-split/census.csv.24.13.A.vc.C 
==== Integer vector .R compression
Command: /home/louza/mm-repair/sdsl/encode.x /mnt/data/datasets/machine-learning-matrices-split/census.csv.24.13.A.vc.R 
Integer vector compression time: 0.3451
==== OLE
Command: /home/louza/mm-repair/ole/encode.x /mnt/data/datasets/machine-learning-matrices-split/census.csv.24.13.A.vc.C 
Command: /home/louza/mm-repair/ole/encode.x /mnt/data/datasets/machine-learning-matrices-split/census.csv.24.13.B.vc 
OLE time: 0.3502
==== Ans-fold compression
Command: /home/louza/mm-repair/ans/encode.x /mnt/data/datasets/machine-learning-matrices-split/census.csv.24.13.A.vc.C 
Command: /home/louza/mm-repair/ans/encode.x /mnt/data/datasets/machine-learning-matrices-split/census.csv.24.13.B.vc
Ans-fold time: 8.0633
==== Integer vector .C compression
Command: /home/louza/mm-repair/sdsl/encode.x /mnt/data/datasets/machine-learning-matrices-split/census.csv.24.14.A.vc.C 
==== Integer vector .R compression
Command: /home/louza/mm-repair/sdsl/encode.x /mnt/data/datasets/machine-learning-matrices-split/census.csv.24.14.A.vc.R 
Integer vector compression time: 0.8976
==== OLE
Command: /home/louza/mm-repair/ole/encode.x /mnt/data/datasets/machine-learning-matrices-split/census.csv.24.14.A.vc.C 
Command: /home/louza/mm-repair/ole/encode.x /mnt/data/datasets/machine-learning-matrices-split/census.csv.24.14.B.vc 
OLE time: 0.1295
==== Ans-fold compression
Command: /home/louza/mm-repair/ans/encode.x /mnt/data/datasets/machine-learning-matrices-split/census.csv.24.14.A.vc.C 
Command: /home/louza/mm-repair/ans/encode.x /mnt/data/datasets/machine-learning-matrices-split/census.csv.24.14.B.vc
Ans-fold time: 8.5339
==== Integer vector .C compression
Command: /home/louza/mm-repair/sdsl/encode.x /mnt/data/datasets/machine-learning-matrices-split/census.csv.24.15.A.vc.C 
==== Integer vector .R compression
Command: /home/louza/mm-repair/sdsl/encode.x /mnt/data/datasets/machine-learning-matrices-split/census.csv.24.15.A.vc.R 
Integer vector compression time: 0.4668
==== OLE
Command: /home/louza/mm-repair/ole/encode.x /mnt/data/datasets/machine-learning-matrices-split/census.csv.24.15.A.vc.C 
Command: /home/louza/mm-repair/ole/encode.x /mnt/data/datasets/machine-learning-matrices-split/census.csv.24.15.B.vc 
OLE time: 0.0755
==== Ans-fold compression
Command: /home/louza/mm-repair/ans/encode.x /mnt/data/datasets/machine-learning-matrices-split/census.csv.24.15.A.vc.C 
Command: /home/louza/mm-repair/ans/encode.x /mnt/data/datasets/machine-learning-matrices-split/census.csv.24.15.B.vc
Ans-fold time: 9.0435
==== Integer vector .C compression
Command: /home/louza/mm-repair/sdsl/encode.x /mnt/data/datasets/machine-learning-matrices-split/census.csv.24.16.A.vc.C 
==== Integer vector .R compression
Command: /home/louza/mm-repair/sdsl/encode.x /mnt/data/datasets/machine-learning-matrices-split/census.csv.24.16.A.vc.R 
Integer vector compression time: 0.4867
==== OLE
Command: /home/louza/mm-repair/ole/encode.x /mnt/data/datasets/machine-learning-matrices-split/census.csv.24.16.A.vc.C 
Command: /home/louza/mm-repair/ole/encode.x /mnt/data/datasets/machine-learning-matrices-split/census.csv.24.16.B.vc 
OLE time: 0.2475
==== Ans-fold compression
Command: /home/louza/mm-repair/ans/encode.x /mnt/data/datasets/machine-learning-matrices-split/census.csv.24.16.A.vc.C 
Command: /home/louza/mm-repair/ans/encode.x /mnt/data/datasets/machine-learning-matrices-split/census.csv.24.16.B.vc
Ans-fold time: 10.1029
==== Integer vector .C compression
Command: /home/louza/mm-repair/sdsl/encode.x /mnt/data/datasets/machine-learning-matrices-split/census.csv.24.17.A.vc.C 
==== Integer vector .R compression
Command: /home/louza/mm-repair/sdsl/encode.x /mnt/data/datasets/machine-learning-matrices-split/census.csv.24.17.A.vc.R 
Integer vector compression time: 0.7440
==== OLE
Command: /home/louza/mm-repair/ole/encode.x /mnt/data/datasets/machine-learning-matrices-split/census.csv.24.17.A.vc.C 
Command: /home/louza/mm-repair/ole/encode.x /mnt/data/datasets/machine-learning-matrices-split/census.csv.24.17.B.vc 
OLE time: 0.0518
==== Ans-fold compression
Command: /home/louza/mm-repair/ans/encode.x /mnt/data/datasets/machine-learning-matrices-split/census.csv.24.17.A.vc.C 
Command: /home/louza/mm-repair/ans/encode.x /mnt/data/datasets/machine-learning-matrices-split/census.csv.24.17.B.vc
Ans-fold time: 10.3833
==== Integer vector .C compression
Command: /home/louza/mm-repair/sdsl/encode.x /mnt/data/datasets/machine-learning-matrices-split/census.csv.24.18.A.vc.C 
==== Integer vector .R compression
Command: /home/louza/mm-repair/sdsl/encode.x /mnt/data/datasets/machine-learning-matrices-split/census.csv.24.18.A.vc.R 
Integer vector compression time: 0.3381
==== OLE
Command: /home/louza/mm-repair/ole/encode.x /mnt/data/datasets/machine-learning-matrices-split/census.csv.24.18.A.vc.C 
Command: /home/louza/mm-repair/ole/encode.x /mnt/data/datasets/machine-learning-matrices-split/census.csv.24.18.B.vc 
OLE time: 0.2682
==== Ans-fold compression
Command: /home/louza/mm-repair/ans/encode.x /mnt/data/datasets/machine-learning-matrices-split/census.csv.24.18.A.vc.C 
Command: /home/louza/mm-repair/ans/encode.x /mnt/data/datasets/machine-learning-matrices-split/census.csv.24.18.B.vc
Ans-fold time: 10.7905
==== Integer vector .C compression
Command: /home/louza/mm-repair/sdsl/encode.x /mnt/data/datasets/machine-learning-matrices-split/census.csv.24.19.A.vc.C 
==== Integer vector .R compression
Command: /home/louza/mm-repair/sdsl/encode.x /mnt/data/datasets/machine-learning-matrices-split/census.csv.24.19.A.vc.R 
Integer vector compression time: 0.3220
==== OLE
Command: /home/louza/mm-repair/ole/encode.x /mnt/data/datasets/machine-learning-matrices-split/census.csv.24.19.A.vc.C 
Command: /home/louza/mm-repair/ole/encode.x /mnt/data/datasets/machine-learning-matrices-split/census.csv.24.19.B.vc 
OLE time: 0.0254
==== Ans-fold compression
Command: /home/louza/mm-repair/ans/encode.x /mnt/data/datasets/machine-learning-matrices-split/census.csv.24.19.A.vc.C 
Command: /home/louza/mm-repair/ans/encode.x /mnt/data/datasets/machine-learning-matrices-split/census.csv.24.19.B.vc
Ans-fold time: 11.7069
==== Integer vector .C compression
Command: /home/louza/mm-repair/sdsl/encode.x /mnt/data/datasets/machine-learning-matrices-split/census.csv.24.20.A.vc.C 
==== Integer vector .R compression
Command: /home/louza/mm-repair/sdsl/encode.x /mnt/data/datasets/machine-learning-matrices-split/census.csv.24.20.A.vc.R 
Integer vector compression time: 1.0281
==== OLE
Command: /home/louza/mm-repair/ole/encode.x /mnt/data/datasets/machine-learning-matrices-split/census.csv.24.20.A.vc.C 
Command: /home/louza/mm-repair/ole/encode.x /mnt/data/datasets/machine-learning-matrices-split/census.csv.24.20.B.vc 
OLE time: 0.2295
==== Ans-fold compression
Command: /home/louza/mm-repair/ans/encode.x /mnt/data/datasets/machine-learning-matrices-split/census.csv.24.20.A.vc.C 
Command: /home/louza/mm-repair/ans/encode.x /mnt/data/datasets/machine-learning-matrices-split/census.csv.24.20.B.vc
Ans-fold time: 12.6134
==== Integer vector .C compression
Command: /home/louza/mm-repair/sdsl/encode.x /mnt/data/datasets/machine-learning-matrices-split/census.csv.24.21.A.vc.C 
==== Integer vector .R compression
Command: /home/louza/mm-repair/sdsl/encode.x /mnt/data/datasets/machine-learning-matrices-split/census.csv.24.21.A.vc.R 
Integer vector compression time: 0.7237
==== OLE
Command: /home/louza/mm-repair/ole/encode.x /mnt/data/datasets/machine-learning-matrices-split/census.csv.24.21.A.vc.C 
Command: /home/louza/mm-repair/ole/encode.x /mnt/data/datasets/machine-learning-matrices-split/census.csv.24.21.B.vc 
OLE time: 0.2380
==== Ans-fold compression
Command: /home/louza/mm-repair/ans/encode.x /mnt/data/datasets/machine-learning-matrices-split/census.csv.24.21.A.vc.C 
Command: /home/louza/mm-repair/ans/encode.x /mnt/data/datasets/machine-learning-matrices-split/census.csv.24.21.B.vc
Ans-fold time: 12.8886
==== Integer vector .C compression
Command: /home/louza/mm-repair/sdsl/encode.x /mnt/data/datasets/machine-learning-matrices-split/census.csv.24.22.A.vc.C 
==== Integer vector .R compression
Command: /home/louza/mm-repair/sdsl/encode.x /mnt/data/datasets/machine-learning-matrices-split/census.csv.24.22.A.vc.R 
Integer vector compression time: 0.5004
==== OLE
Command: /home/louza/mm-repair/ole/encode.x /mnt/data/datasets/machine-learning-matrices-split/census.csv.24.22.A.vc.C 
Command: /home/louza/mm-repair/ole/encode.x /mnt/data/datasets/machine-learning-matrices-split/census.csv.24.22.B.vc 
OLE time: 0.0249
==== Ans-fold compression
Command: /home/louza/mm-repair/ans/encode.x /mnt/data/datasets/machine-learning-matrices-split/census.csv.24.22.A.vc.C 
Command: /home/louza/mm-repair/ans/encode.x /mnt/data/datasets/machine-learning-matrices-split/census.csv.24.22.B.vc
Ans-fold time: 13.2162
==== Integer vector .C compression
Command: /home/louza/mm-repair/sdsl/encode.x /mnt/data/datasets/machine-learning-matrices-split/census.csv.24.23.A.vc.C 
==== Integer vector .R compression
Command: /home/louza/mm-repair/sdsl/encode.x /mnt/data/datasets/machine-learning-matrices-split/census.csv.24.23.A.vc.R 
Integer vector compression time: 0.4228
==== OLE
Command: /home/louza/mm-repair/ole/encode.x /mnt/data/datasets/machine-learning-matrices-split/census.csv.24.23.A.vc.C 
Command: /home/louza/mm-repair/ole/encode.x /mnt/data/datasets/machine-learning-matrices-split/census.csv.24.23.B.vc 
OLE time: 0.0208
==== Ans-fold compression
Command: /home/louza/mm-repair/ans/encode.x /mnt/data/datasets/machine-learning-matrices-split/census.csv.24.23.A.vc.C 
Command: /home/louza/mm-repair/ans/encode.x /mnt/data/datasets/machine-learning-matrices-split/census.csv.24.23.B.vc
Ans-fold time: 13.5892
Command: /home/louza/mm-repair/ans/encode.x /mnt/data/datasets/machine-learning-matrices-split/census.csv.wcode 
Elapsed time: 157.2946
==== Compression Report:
 >> matrix name: /mnt/data/datasets/machine-learning-matrices-split/census.csv
 >> conversion time: 105.96
 >> repair time: 7.75
 >> integer vectors time: 0.42
 >> ansf time: 13.59
 >> total time: 157.29
 >> wcode: 1324 bytes
 >> wcode_ans: 178 bytes
 >> matrix log(alpha)xNumEntries size: 125372535 bytes
 >> matrix dense size: 1337307040 bytes
 >> total number of nonzero: 71926530 (43.03%)
 >> number of distinct nonzero: 45
 >> CRSV  size: 297539620 bytes  (22.25%)
 >> B	  size: 9841032 bytes  (0.74%)
 >> B_ans size: 6377 bytes  (0.00%)
 >> RE32  size: 59425261 bytes  (4.44%)
 >> REIV  size: 29717269 bytes  (2.22%)
 >> REANS size: 23951206 bytes  (1.79%)
==== Done
