REANS -b 1

#### 2026-09-03 09:51:57
 Command line: ./mm-repair/matrepair -r -b 1 -p 1 /mnt/data/datasets/machine-learning-matrices-split/covtype.csv 581012 54 
Setting memory for each repair instance to 464053 MBs
Sending logging messages to file: /mnt/data/datasets/machine-learning-matrices-split/covtype.csv.log
==== Conversion bin/csv->csrv
Command: /home/louza/mm-repair/csvmat2csrv -b 1   /mnt/data/datasets/machine-learning-matrices-split/covtype.csv -r 0   581012 54
Conversion time: 1.2935
==== Repair compression
Command: /home/louza/mm-repair/brepair/irepair0 /mnt/data/datasets/machine-learning-matrices-split/covtype.csv.vc 464053
Repair time: 3.1160
==== Integer vector .C compression
Command: /home/louza/mm-repair/sdsl/encode.x /mnt/data/datasets/machine-learning-matrices-split/covtype.csv.vc.C 
==== Integer vector .R compression
Command: /home/louza/mm-repair/sdsl/encode.x /mnt/data/datasets/machine-learning-matrices-split/covtype.csv.vc.R 
Integer vector compression time: 0.2080
==== Ans-fold compression
Command: /home/louza/mm-repair/ans/encode.x /mnt/data/datasets/machine-learning-matrices-split/covtype.csv.vc.C 
Ans-fold time: 0.2979
Elapsed time: 4.9156
==== Compression Report:
 >> matrix name: /mnt/data/datasets/machine-learning-matrices-split/covtype.csv
 >> conversion time: 1.29
 >> repair time: 3.12
 >> integer vectors time: 0.21
 >> ansf time: 0.30
 >> total time: 4.92
 >> matrix log(alpha)xNumEntries size: 50983803 bytes
 >> matrix dense size: 250997184 bytes
 >> total number of nonzero: 6901775 (22.00%)
 >> number of distinct nonzero: 6682
 >> CRSV  size: 29984604 bytes  (11.95%)
 >> RE32  size: 18100836 bytes  (7.21%)
 >> REIV  size: 11333098 bytes  (4.52%)
 >> REANS size: 9723389 bytes  (3.87%)
==== Done

#### 2026-09-03 09:52:02
 Command line: ./mm-repair/matrepair -r -b 1 -p 1 /mnt/data/datasets/machine-learning-matrices-split/covtype.csv 581012 54 --ole 
Setting memory for each repair instance to 464053 MBs
Sending logging messages to file: /mnt/data/datasets/machine-learning-matrices-split/covtype.csv.log
==== Conversion bin/csv->csrv
Command: /home/louza/mm-repair/csvmat2csrv -b 1   /mnt/data/datasets/machine-learning-matrices-split/covtype.csv -r 0   581012 54
Conversion time: 1.9050
==== Repair compression
Command: /home/louza/mm-repair/brepair/irepair0 /mnt/data/datasets/machine-learning-matrices-split/covtype.csv.vc 464053
Repair time: 3.2069
==== Integer vector .C compression
Command: /home/louza/mm-repair/sdsl/encode.x /mnt/data/datasets/machine-learning-matrices-split/covtype.csv.vc.C 
==== Integer vector .R compression
Command: /home/louza/mm-repair/sdsl/encode.x /mnt/data/datasets/machine-learning-matrices-split/covtype.csv.vc.R 
Integer vector compression time: 0.1699
==== OLE
Command: /home/louza/mm-repair/ole/encode.x /mnt/data/datasets/machine-learning-matrices-split/covtype.csv.vc.C 
OLE time: 0.0604
==== Ans-fold compression
Command: /home/louza/mm-repair/ans/encode.x /mnt/data/datasets/machine-learning-matrices-split/covtype.csv.vc.C 
Ans-fold time: 0.3654
Elapsed time: 5.7077
==== Compression Report:
 >> matrix name: /mnt/data/datasets/machine-learning-matrices-split/covtype.csv
 >> conversion time: 1.90
 >> repair time: 3.21
 >> integer vectors time: 0.17
 >> ansf time: 0.37
 >> total time: 5.71
 >> matrix log(alpha)xNumEntries size: 50983803 bytes
 >> matrix dense size: 250997184 bytes
 >> total number of nonzero: 6901775 (22.00%)
 >> number of distinct nonzero: 6682
 >> CRSV  size: 29984604 bytes  (11.95%)
 >> RE32  size: 18100836 bytes  (7.21%)
 >> REIV  size: 11333098 bytes  (4.52%)
 >> REANS size: 9322685 bytes  (3.71%)
==== Done

#### 2026-09-03 09:52:07
 Command line: ./mm-repair/matrepair -r -b 1 -p 1 /mnt/data/datasets/machine-learning-matrices-split/covtype.csv 581012 54 --mapping 
Setting memory for each repair instance to 464053 MBs
Sending logging messages to file: /mnt/data/datasets/machine-learning-matrices-split/covtype.csv.log
==== Conversion bin/csv->csrv
Command: /home/louza/mm-repair/csvmat2csrv -b 1   /mnt/data/datasets/machine-learning-matrices-split/covtype.csv -r 0 -m  581012 54
Conversion time: 3.1155
==== Repair compression
Command: /home/louza/mm-repair/brepair/irepair0 /mnt/data/datasets/machine-learning-matrices-split/covtype.csv.vc 464053
Repair time: 3.6099
==== Integer vector .C compression
Command: /home/louza/mm-repair/sdsl/encode.x /mnt/data/datasets/machine-learning-matrices-split/covtype.csv.vc.C 
==== Integer vector .R compression
Command: /home/louza/mm-repair/sdsl/encode.x /mnt/data/datasets/machine-learning-matrices-split/covtype.csv.vc.R 
Integer vector compression time: 0.3384
==== Ans-fold compression
Command: /home/louza/mm-repair/ans/encode.x /mnt/data/datasets/machine-learning-matrices-split/covtype.csv.vc.C 
Ans-fold time: 0.4218
Command: /home/louza/mm-repair/ans/encode.x /mnt/data/datasets/machine-learning-matrices-split/covtype.csv.wcode 
Elapsed time: 7.4882
==== Compression Report:
 >> matrix name: /mnt/data/datasets/machine-learning-matrices-split/covtype.csv
 >> conversion time: 3.12
 >> repair time: 3.61
 >> integer vectors time: 0.34
 >> ansf time: 0.42
 >> total time: 7.49
 >> wcode: 63808 bytes
 >> wcode_ans: 5738 bytes
 >> matrix log(alpha)xNumEntries size: 50983803 bytes
 >> matrix dense size: 250997184 bytes
 >> total number of nonzero: 6901775 (22.00%)
 >> number of distinct nonzero: 6682
 >> CRSV  size: 29984604 bytes  (11.95%)
 >> RE32  size: 18164644 bytes  (7.24%)
 >> REIV  size: 10832922 bytes  (4.32%)
 >> REANS size: 8929859 bytes  (3.56%)
==== Done

#### 2026-09-03 09:52:15
 Command line: ./mm-repair/matrepair -r -b 1 -p 1 /mnt/data/datasets/machine-learning-matrices-split/covtype.csv 581012 54 --split 
Setting memory for each repair instance to 464053 MBs
Sending logging messages to file: /mnt/data/datasets/machine-learning-matrices-split/covtype.csv.log
==== Conversion bin/csv->csrv
Command: /home/louza/mm-repair/csvmat2csrv -b 1   /mnt/data/datasets/machine-learning-matrices-split/covtype.csv -r 0  -s 581012 54
Conversion time: 10.8779
==== Repair compression
Command: /home/louza/mm-repair/brepair/irepair0 /mnt/data/datasets/machine-learning-matrices-split/covtype.csv.A.vc 464053
Repair time: 3.4634
==== Integer vector .C compression
Command: /home/louza/mm-repair/sdsl/encode.x /mnt/data/datasets/machine-learning-matrices-split/covtype.csv.A.vc.C 
==== Integer vector .R compression
Command: /home/louza/mm-repair/sdsl/encode.x /mnt/data/datasets/machine-learning-matrices-split/covtype.csv.A.vc.R 
Integer vector compression time: 0.1974
==== Ans-fold compression
Command: /home/louza/mm-repair/ans/encode.x /mnt/data/datasets/machine-learning-matrices-split/covtype.csv.A.vc.C 
Command: /home/louza/mm-repair/ans/encode.x /mnt/data/datasets/machine-learning-matrices-split/covtype.csv.B.vc
Ans-fold time: 0.3303
Elapsed time: 14.8692
==== Compression Report:
 >> matrix name: /mnt/data/datasets/machine-learning-matrices-split/covtype.csv
 >> conversion time: 10.88
 >> repair time: 3.46
 >> integer vectors time: 0.20
 >> ansf time: 0.33
 >> total time: 14.87
 >> matrix log(alpha)xNumEntries size: 50983803 bytes
 >> matrix dense size: 250997184 bytes
 >> total number of nonzero: 6377477 (20.33%)
 >> number of distinct nonzero: 6682
 >> CRSV  size: 27887412 bytes  (11.11%)
 >> B	  size: 4421240 bytes  (1.76%)
 >> B_ans size: 1330243 bytes  (0.53%)
 >> RE32  size: 17325439 bytes  (6.90%)
 >> REIV  size: 11347309 bytes  (4.52%)
 >> REANS size: 9662469 bytes  (3.85%)
==== Done

#### 2026-09-03 09:52:30
 Command line: ./mm-repair/matrepair -r -b 1 -p 1 /mnt/data/datasets/machine-learning-matrices-split/covtype.csv 581012 54 --ole --mapping 
Setting memory for each repair instance to 464053 MBs
Sending logging messages to file: /mnt/data/datasets/machine-learning-matrices-split/covtype.csv.log
==== Conversion bin/csv->csrv
Command: /home/louza/mm-repair/csvmat2csrv -b 1   /mnt/data/datasets/machine-learning-matrices-split/covtype.csv -r 0 -m  581012 54
Conversion time: 2.8918
==== Repair compression
Command: /home/louza/mm-repair/brepair/irepair0 /mnt/data/datasets/machine-learning-matrices-split/covtype.csv.vc 464053
Repair time: 4.4411
==== Integer vector .C compression
Command: /home/louza/mm-repair/sdsl/encode.x /mnt/data/datasets/machine-learning-matrices-split/covtype.csv.vc.C 
==== Integer vector .R compression
Command: /home/louza/mm-repair/sdsl/encode.x /mnt/data/datasets/machine-learning-matrices-split/covtype.csv.vc.R 
Integer vector compression time: 0.1752
==== OLE
Command: /home/louza/mm-repair/ole/encode.x /mnt/data/datasets/machine-learning-matrices-split/covtype.csv.vc.C 
OLE time: 0.0799
==== Ans-fold compression
Command: /home/louza/mm-repair/ans/encode.x /mnt/data/datasets/machine-learning-matrices-split/covtype.csv.vc.C 
Ans-fold time: 0.2075
Command: /home/louza/mm-repair/ans/encode.x /mnt/data/datasets/machine-learning-matrices-split/covtype.csv.wcode 
Elapsed time: 7.7998
==== Compression Report:
 >> matrix name: /mnt/data/datasets/machine-learning-matrices-split/covtype.csv
 >> conversion time: 2.89
 >> repair time: 4.44
 >> integer vectors time: 0.18
 >> ansf time: 0.21
 >> total time: 7.80
 >> wcode: 63808 bytes
 >> wcode_ans: 5738 bytes
 >> matrix log(alpha)xNumEntries size: 50983803 bytes
 >> matrix dense size: 250997184 bytes
 >> total number of nonzero: 6901775 (22.00%)
 >> number of distinct nonzero: 6682
 >> CRSV  size: 29984604 bytes  (11.95%)
 >> RE32  size: 18164644 bytes  (7.24%)
 >> REIV  size: 10832922 bytes  (4.32%)
 >> REANS size: 8550994 bytes  (3.41%)
==== Done

#### 2026-09-03 09:52:38
 Command line: ./mm-repair/matrepair -r -b 1 -p 1 /mnt/data/datasets/machine-learning-matrices-split/covtype.csv 581012 54 --ole --split 
Setting memory for each repair instance to 464053 MBs
Sending logging messages to file: /mnt/data/datasets/machine-learning-matrices-split/covtype.csv.log
==== Conversion bin/csv->csrv
Command: /home/louza/mm-repair/csvmat2csrv -b 1   /mnt/data/datasets/machine-learning-matrices-split/covtype.csv -r 0  -s 581012 54
Conversion time: 11.3718
==== Repair compression
Command: /home/louza/mm-repair/brepair/irepair0 /mnt/data/datasets/machine-learning-matrices-split/covtype.csv.A.vc 464053
Repair time: 4.1621
==== Integer vector .C compression
Command: /home/louza/mm-repair/sdsl/encode.x /mnt/data/datasets/machine-learning-matrices-split/covtype.csv.A.vc.C 
==== Integer vector .R compression
Command: /home/louza/mm-repair/sdsl/encode.x /mnt/data/datasets/machine-learning-matrices-split/covtype.csv.A.vc.R 
Integer vector compression time: 0.3566
==== OLE
Command: /home/louza/mm-repair/ole/encode.x /mnt/data/datasets/machine-learning-matrices-split/covtype.csv.A.vc.C 
Command: /home/louza/mm-repair/ole/encode.x /mnt/data/datasets/machine-learning-matrices-split/covtype.csv.B.vc 
OLE time: 0.1238
==== Ans-fold compression
Command: /home/louza/mm-repair/ans/encode.x /mnt/data/datasets/machine-learning-matrices-split/covtype.csv.A.vc.C 
Command: /home/louza/mm-repair/ans/encode.x /mnt/data/datasets/machine-learning-matrices-split/covtype.csv.B.vc
Ans-fold time: 0.4974
Elapsed time: 16.8254
==== Compression Report:
 >> matrix name: /mnt/data/datasets/machine-learning-matrices-split/covtype.csv
 >> conversion time: 11.37
 >> repair time: 4.16
 >> integer vectors time: 0.36
 >> ansf time: 0.50
 >> total time: 16.83
 >> matrix log(alpha)xNumEntries size: 50983803 bytes
 >> matrix dense size: 250997184 bytes
 >> total number of nonzero: 6377477 (20.33%)
 >> number of distinct nonzero: 6682
 >> CRSV  size: 27887412 bytes  (11.11%)
 >> B	  size: 4421240 bytes  (1.76%)
 >> B_ans size: 1320943 bytes  (0.53%)
 >> RE32  size: 17316139 bytes  (6.90%)
 >> REIV  size: 11338009 bytes  (4.52%)
 >> REANS size: 9418329 bytes  (3.75%)
==== Done

#### 2026-09-03 09:52:55
 Command line: ./mm-repair/matrepair -r -b 1 -p 1 /mnt/data/datasets/machine-learning-matrices-split/covtype.csv 581012 54 --mapping --split 
Setting memory for each repair instance to 464053 MBs
Sending logging messages to file: /mnt/data/datasets/machine-learning-matrices-split/covtype.csv.log
==== Conversion bin/csv->csrv
Command: /home/louza/mm-repair/csvmat2csrv -b 1   /mnt/data/datasets/machine-learning-matrices-split/covtype.csv -r 0 -m -s 581012 54
Conversion time: 15.5474
==== Repair compression
Command: /home/louza/mm-repair/brepair/irepair0 /mnt/data/datasets/machine-learning-matrices-split/covtype.csv.A.vc 464053
Repair time: 4.1963
==== Integer vector .C compression
Command: /home/louza/mm-repair/sdsl/encode.x /mnt/data/datasets/machine-learning-matrices-split/covtype.csv.A.vc.C 
==== Integer vector .R compression
Command: /home/louza/mm-repair/sdsl/encode.x /mnt/data/datasets/machine-learning-matrices-split/covtype.csv.A.vc.R 
Integer vector compression time: 0.3379
==== Ans-fold compression
Command: /home/louza/mm-repair/ans/encode.x /mnt/data/datasets/machine-learning-matrices-split/covtype.csv.A.vc.C 
Command: /home/louza/mm-repair/ans/encode.x /mnt/data/datasets/machine-learning-matrices-split/covtype.csv.B.vc
Ans-fold time: 0.4256
Command: /home/louza/mm-repair/ans/encode.x /mnt/data/datasets/machine-learning-matrices-split/covtype.csv.wcode 
Elapsed time: 20.5763
==== Compression Report:
 >> matrix name: /mnt/data/datasets/machine-learning-matrices-split/covtype.csv
 >> conversion time: 15.55
 >> repair time: 4.20
 >> integer vectors time: 0.34
 >> ansf time: 0.43
 >> total time: 20.58
 >> wcode: 63808 bytes
 >> wcode_ans: 5738 bytes
 >> matrix log(alpha)xNumEntries size: 50983803 bytes
 >> matrix dense size: 250997184 bytes
 >> total number of nonzero: 6377477 (20.33%)
 >> number of distinct nonzero: 6682
 >> CRSV  size: 27887412 bytes  (11.11%)
 >> B	  size: 4421240 bytes  (1.76%)
 >> B_ans size: 1038881 bytes  (0.41%)
 >> RE32  size: 17097885 bytes  (6.81%)
 >> REIV  size: 10621579 bytes  (4.23%)
 >> REANS size: 8769282 bytes  (3.49%)
==== Done

#### 2026-09-03 09:53:15
 Command line: ./mm-repair/matrepair -r -b 1 -p 1 /mnt/data/datasets/machine-learning-matrices-split/covtype.csv 581012 54 --ole --mapping --split 
Setting memory for each repair instance to 464053 MBs
Sending logging messages to file: /mnt/data/datasets/machine-learning-matrices-split/covtype.csv.log
==== Conversion bin/csv->csrv
Command: /home/louza/mm-repair/csvmat2csrv -b 1   /mnt/data/datasets/machine-learning-matrices-split/covtype.csv -r 0 -m -s 581012 54
Conversion time: 13.4187
==== Repair compression
Command: /home/louza/mm-repair/brepair/irepair0 /mnt/data/datasets/machine-learning-matrices-split/covtype.csv.A.vc 464053
Repair time: 3.7030
==== Integer vector .C compression
Command: /home/louza/mm-repair/sdsl/encode.x /mnt/data/datasets/machine-learning-matrices-split/covtype.csv.A.vc.C 
==== Integer vector .R compression
Command: /home/louza/mm-repair/sdsl/encode.x /mnt/data/datasets/machine-learning-matrices-split/covtype.csv.A.vc.R 
Integer vector compression time: 0.2419
==== OLE
Command: /home/louza/mm-repair/ole/encode.x /mnt/data/datasets/machine-learning-matrices-split/covtype.csv.A.vc.C 
Command: /home/louza/mm-repair/ole/encode.x /mnt/data/datasets/machine-learning-matrices-split/covtype.csv.B.vc 
OLE time: 0.0472
==== Ans-fold compression
Command: /home/louza/mm-repair/ans/encode.x /mnt/data/datasets/machine-learning-matrices-split/covtype.csv.A.vc.C 
Command: /home/louza/mm-repair/ans/encode.x /mnt/data/datasets/machine-learning-matrices-split/covtype.csv.B.vc
Ans-fold time: 0.3554
Command: /home/louza/mm-repair/ans/encode.x /mnt/data/datasets/machine-learning-matrices-split/covtype.csv.wcode 
Elapsed time: 17.9940
==== Compression Report:
 >> matrix name: /mnt/data/datasets/machine-learning-matrices-split/covtype.csv
 >> conversion time: 13.42
 >> repair time: 3.70
 >> integer vectors time: 0.24
 >> ansf time: 0.36
 >> total time: 17.99
 >> wcode: 63808 bytes
 >> wcode_ans: 5738 bytes
 >> matrix log(alpha)xNumEntries size: 50983803 bytes
 >> matrix dense size: 250997184 bytes
 >> total number of nonzero: 6377477 (20.33%)
 >> number of distinct nonzero: 6682
 >> CRSV  size: 27887412 bytes  (11.11%)
 >> B	  size: 4421240 bytes  (1.76%)
 >> B_ans size: 1033225 bytes  (0.41%)
 >> RE32  size: 17092229 bytes  (6.81%)
 >> REIV  size: 10615923 bytes  (4.23%)
 >> REANS size: 8478409 bytes  (3.38%)
==== Done
REANS -b 16

#### 2026-09-04 08:37:27
 Command line: ./mm-repair/matrepair -r -b 16 -p 16 /mnt/data/datasets/machine-learning-matrices-split/covtype.csv 581012 54 
Setting memory for each repair instance to 29003 MBs
Sending logging messages to file: /mnt/data/datasets/machine-learning-matrices-split/covtype.csv.log
==== Conversion bin/csv->csrv
Command: /home/louza/mm-repair/csvmat2csrv -b 16   /mnt/data/datasets/machine-learning-matrices-split/covtype.csv -r 0   581012 54
Conversion time: 13.7824
==== Repair paralell compression
---- Executing 16 parallel processes
---- Parallel processing completed
Repair time: 0.2745
==== Integer vector .C compression
Command: /home/louza/mm-repair/sdsl/encode.x /mnt/data/datasets/machine-learning-matrices-split/covtype.csv.16.0.vc.C 
==== Integer vector .R compression
Command: /home/louza/mm-repair/sdsl/encode.x /mnt/data/datasets/machine-learning-matrices-split/covtype.csv.16.0.vc.R 
Integer vector compression time: 0.0363
==== Ans-fold compression
Command: /home/louza/mm-repair/ans/encode.x /mnt/data/datasets/machine-learning-matrices-split/covtype.csv.16.0.vc.C 
Ans-fold time: 0.0249
==== Integer vector .C compression
Command: /home/louza/mm-repair/sdsl/encode.x /mnt/data/datasets/machine-learning-matrices-split/covtype.csv.16.1.vc.C 
==== Integer vector .R compression
Command: /home/louza/mm-repair/sdsl/encode.x /mnt/data/datasets/machine-learning-matrices-split/covtype.csv.16.1.vc.R 
Integer vector compression time: 0.0343
==== Ans-fold compression
Command: /home/louza/mm-repair/ans/encode.x /mnt/data/datasets/machine-learning-matrices-split/covtype.csv.16.1.vc.C 
Ans-fold time: 0.0470
==== Integer vector .C compression
Command: /home/louza/mm-repair/sdsl/encode.x /mnt/data/datasets/machine-learning-matrices-split/covtype.csv.16.2.vc.C 
==== Integer vector .R compression
Command: /home/louza/mm-repair/sdsl/encode.x /mnt/data/datasets/machine-learning-matrices-split/covtype.csv.16.2.vc.R 
Integer vector compression time: 0.0338
==== Ans-fold compression
Command: /home/louza/mm-repair/ans/encode.x /mnt/data/datasets/machine-learning-matrices-split/covtype.csv.16.2.vc.C 
Ans-fold time: 0.0688
==== Integer vector .C compression
Command: /home/louza/mm-repair/sdsl/encode.x /mnt/data/datasets/machine-learning-matrices-split/covtype.csv.16.3.vc.C 
==== Integer vector .R compression
Command: /home/louza/mm-repair/sdsl/encode.x /mnt/data/datasets/machine-learning-matrices-split/covtype.csv.16.3.vc.R 
Integer vector compression time: 0.0355
==== Ans-fold compression
Command: /home/louza/mm-repair/ans/encode.x /mnt/data/datasets/machine-learning-matrices-split/covtype.csv.16.3.vc.C 
Ans-fold time: 0.0918
==== Integer vector .C compression
Command: /home/louza/mm-repair/sdsl/encode.x /mnt/data/datasets/machine-learning-matrices-split/covtype.csv.16.4.vc.C 
==== Integer vector .R compression
Command: /home/louza/mm-repair/sdsl/encode.x /mnt/data/datasets/machine-learning-matrices-split/covtype.csv.16.4.vc.R 
Integer vector compression time: 0.0353
==== Ans-fold compression
Command: /home/louza/mm-repair/ans/encode.x /mnt/data/datasets/machine-learning-matrices-split/covtype.csv.16.4.vc.C 
Ans-fold time: 0.1122
==== Integer vector .C compression
Command: /home/louza/mm-repair/sdsl/encode.x /mnt/data/datasets/machine-learning-matrices-split/covtype.csv.16.5.vc.C 
==== Integer vector .R compression
Command: /home/louza/mm-repair/sdsl/encode.x /mnt/data/datasets/machine-learning-matrices-split/covtype.csv.16.5.vc.R 
Integer vector compression time: 0.0342
==== Ans-fold compression
Command: /home/louza/mm-repair/ans/encode.x /mnt/data/datasets/machine-learning-matrices-split/covtype.csv.16.5.vc.C 
Ans-fold time: 0.1326
==== Integer vector .C compression
Command: /home/louza/mm-repair/sdsl/encode.x /mnt/data/datasets/machine-learning-matrices-split/covtype.csv.16.6.vc.C 
==== Integer vector .R compression
Command: /home/louza/mm-repair/sdsl/encode.x /mnt/data/datasets/machine-learning-matrices-split/covtype.csv.16.6.vc.R 
Integer vector compression time: 0.0349
==== Ans-fold compression
Command: /home/louza/mm-repair/ans/encode.x /mnt/data/datasets/machine-learning-matrices-split/covtype.csv.16.6.vc.C 
Ans-fold time: 0.1563
==== Integer vector .C compression
Command: /home/louza/mm-repair/sdsl/encode.x /mnt/data/datasets/machine-learning-matrices-split/covtype.csv.16.7.vc.C 
==== Integer vector .R compression
Command: /home/louza/mm-repair/sdsl/encode.x /mnt/data/datasets/machine-learning-matrices-split/covtype.csv.16.7.vc.R 
Integer vector compression time: 0.0349
==== Ans-fold compression
Command: /home/louza/mm-repair/ans/encode.x /mnt/data/datasets/machine-learning-matrices-split/covtype.csv.16.7.vc.C 
Ans-fold time: 0.1800
==== Integer vector .C compression
Command: /home/louza/mm-repair/sdsl/encode.x /mnt/data/datasets/machine-learning-matrices-split/covtype.csv.16.8.vc.C 
==== Integer vector .R compression
Command: /home/louza/mm-repair/sdsl/encode.x /mnt/data/datasets/machine-learning-matrices-split/covtype.csv.16.8.vc.R 
Integer vector compression time: 0.0358
==== Ans-fold compression
Command: /home/louza/mm-repair/ans/encode.x /mnt/data/datasets/machine-learning-matrices-split/covtype.csv.16.8.vc.C 
Ans-fold time: 0.2030
==== Integer vector .C compression
Command: /home/louza/mm-repair/sdsl/encode.x /mnt/data/datasets/machine-learning-matrices-split/covtype.csv.16.9.vc.C 
==== Integer vector .R compression
Command: /home/louza/mm-repair/sdsl/encode.x /mnt/data/datasets/machine-learning-matrices-split/covtype.csv.16.9.vc.R 
Integer vector compression time: 0.0361
==== Ans-fold compression
Command: /home/louza/mm-repair/ans/encode.x /mnt/data/datasets/machine-learning-matrices-split/covtype.csv.16.9.vc.C 
Ans-fold time: 0.2256
==== Integer vector .C compression
Command: /home/louza/mm-repair/sdsl/encode.x /mnt/data/datasets/machine-learning-matrices-split/covtype.csv.16.10.vc.C 
==== Integer vector .R compression
Command: /home/louza/mm-repair/sdsl/encode.x /mnt/data/datasets/machine-learning-matrices-split/covtype.csv.16.10.vc.R 
Integer vector compression time: 0.0350
==== Ans-fold compression
Command: /home/louza/mm-repair/ans/encode.x /mnt/data/datasets/machine-learning-matrices-split/covtype.csv.16.10.vc.C 
Ans-fold time: 0.2483
==== Integer vector .C compression
Command: /home/louza/mm-repair/sdsl/encode.x /mnt/data/datasets/machine-learning-matrices-split/covtype.csv.16.11.vc.C 
==== Integer vector .R compression
Command: /home/louza/mm-repair/sdsl/encode.x /mnt/data/datasets/machine-learning-matrices-split/covtype.csv.16.11.vc.R 
Integer vector compression time: 0.0352
==== Ans-fold compression
Command: /home/louza/mm-repair/ans/encode.x /mnt/data/datasets/machine-learning-matrices-split/covtype.csv.16.11.vc.C 
Ans-fold time: 0.2696
==== Integer vector .C compression
Command: /home/louza/mm-repair/sdsl/encode.x /mnt/data/datasets/machine-learning-matrices-split/covtype.csv.16.12.vc.C 
==== Integer vector .R compression
Command: /home/louza/mm-repair/sdsl/encode.x /mnt/data/datasets/machine-learning-matrices-split/covtype.csv.16.12.vc.R 
Integer vector compression time: 0.0381
==== Ans-fold compression
Command: /home/louza/mm-repair/ans/encode.x /mnt/data/datasets/machine-learning-matrices-split/covtype.csv.16.12.vc.C 
Ans-fold time: 0.2921
==== Integer vector .C compression
Command: /home/louza/mm-repair/sdsl/encode.x /mnt/data/datasets/machine-learning-matrices-split/covtype.csv.16.13.vc.C 
==== Integer vector .R compression
Command: /home/louza/mm-repair/sdsl/encode.x /mnt/data/datasets/machine-learning-matrices-split/covtype.csv.16.13.vc.R 
Integer vector compression time: 0.0349
==== Ans-fold compression
Command: /home/louza/mm-repair/ans/encode.x /mnt/data/datasets/machine-learning-matrices-split/covtype.csv.16.13.vc.C 
Ans-fold time: 0.3146
==== Integer vector .C compression
Command: /home/louza/mm-repair/sdsl/encode.x /mnt/data/datasets/machine-learning-matrices-split/covtype.csv.16.14.vc.C 
==== Integer vector .R compression
Command: /home/louza/mm-repair/sdsl/encode.x /mnt/data/datasets/machine-learning-matrices-split/covtype.csv.16.14.vc.R 
Integer vector compression time: 0.0364
==== Ans-fold compression
Command: /home/louza/mm-repair/ans/encode.x /mnt/data/datasets/machine-learning-matrices-split/covtype.csv.16.14.vc.C 
Ans-fold time: 0.3375
==== Integer vector .C compression
Command: /home/louza/mm-repair/sdsl/encode.x /mnt/data/datasets/machine-learning-matrices-split/covtype.csv.16.15.vc.C 
==== Integer vector .R compression
Command: /home/louza/mm-repair/sdsl/encode.x /mnt/data/datasets/machine-learning-matrices-split/covtype.csv.16.15.vc.R 
Integer vector compression time: 0.0346
==== Ans-fold compression
Command: /home/louza/mm-repair/ans/encode.x /mnt/data/datasets/machine-learning-matrices-split/covtype.csv.16.15.vc.C 
Ans-fold time: 0.3598
Elapsed time: 14.9825
==== Compression Report:
 >> matrix name: /mnt/data/datasets/machine-learning-matrices-split/covtype.csv
 >> conversion time: 13.78
 >> repair time: 0.27
 >> integer vectors time: 0.03
 >> ansf time: 0.36
 >> total time: 14.98
 >> matrix log(alpha)xNumEntries size: 50983803 bytes
 >> matrix dense size: 250997184 bytes
 >> total number of nonzero: 6901775 (22.00%)
 >> number of distinct nonzero: 6682
 >> CRSV  size: 29984604 bytes  (11.95%)
 >> RE32  size: 22074496 bytes  (8.79%)
 >> REIV  size: 13128848 bytes  (5.23%)
 >> REANS size: 11459809 bytes  (4.57%)
==== Done

#### 2026-09-04 08:37:42
 Command line: ./mm-repair/matrepair -r -b 16 -p 16 /mnt/data/datasets/machine-learning-matrices-split/covtype.csv 581012 54 --ole 
Setting memory for each repair instance to 29003 MBs
Sending logging messages to file: /mnt/data/datasets/machine-learning-matrices-split/covtype.csv.log
==== Conversion bin/csv->csrv
Command: /home/louza/mm-repair/csvmat2csrv -b 16   /mnt/data/datasets/machine-learning-matrices-split/covtype.csv -r 0   581012 54
Conversion time: 7.2640
==== Repair paralell compression
---- Executing 16 parallel processes
---- Parallel processing completed
Repair time: 3.1422
==== Integer vector .C compression
Command: /home/louza/mm-repair/sdsl/encode.x /mnt/data/datasets/machine-learning-matrices-split/covtype.csv.16.0.vc.C 
==== Integer vector .R compression
Command: /home/louza/mm-repair/sdsl/encode.x /mnt/data/datasets/machine-learning-matrices-split/covtype.csv.16.0.vc.R 
Integer vector compression time: 0.9184
==== OLE
Command: /home/louza/mm-repair/ole/encode.x /mnt/data/datasets/machine-learning-matrices-split/covtype.csv.16.0.vc.C 
OLE time: 0.0336
==== Ans-fold compression
Command: /home/louza/mm-repair/ans/encode.x /mnt/data/datasets/machine-learning-matrices-split/covtype.csv.16.0.vc.C 
Ans-fold time: 0.3281
==== Integer vector .C compression
Command: /home/louza/mm-repair/sdsl/encode.x /mnt/data/datasets/machine-learning-matrices-split/covtype.csv.16.1.vc.C 
==== Integer vector .R compression
Command: /home/louza/mm-repair/sdsl/encode.x /mnt/data/datasets/machine-learning-matrices-split/covtype.csv.16.1.vc.R 
Integer vector compression time: 0.4125
==== OLE
Command: /home/louza/mm-repair/ole/encode.x /mnt/data/datasets/machine-learning-matrices-split/covtype.csv.16.1.vc.C 
OLE time: 0.0158
==== Ans-fold compression
Command: /home/louza/mm-repair/ans/encode.x /mnt/data/datasets/machine-learning-matrices-split/covtype.csv.16.1.vc.C 
Ans-fold time: 0.4024
==== Integer vector .C compression
Command: /home/louza/mm-repair/sdsl/encode.x /mnt/data/datasets/machine-learning-matrices-split/covtype.csv.16.2.vc.C 
==== Integer vector .R compression
Command: /home/louza/mm-repair/sdsl/encode.x /mnt/data/datasets/machine-learning-matrices-split/covtype.csv.16.2.vc.R 
Integer vector compression time: 0.4720
==== OLE
Command: /home/louza/mm-repair/ole/encode.x /mnt/data/datasets/machine-learning-matrices-split/covtype.csv.16.2.vc.C 
OLE time: 0.0169
==== Ans-fold compression
Command: /home/louza/mm-repair/ans/encode.x /mnt/data/datasets/machine-learning-matrices-split/covtype.csv.16.2.vc.C 
Ans-fold time: 0.6749
==== Integer vector .C compression
Command: /home/louza/mm-repair/sdsl/encode.x /mnt/data/datasets/machine-learning-matrices-split/covtype.csv.16.3.vc.C 
==== Integer vector .R compression
Command: /home/louza/mm-repair/sdsl/encode.x /mnt/data/datasets/machine-learning-matrices-split/covtype.csv.16.3.vc.R 
Integer vector compression time: 0.5083
==== OLE
Command: /home/louza/mm-repair/ole/encode.x /mnt/data/datasets/machine-learning-matrices-split/covtype.csv.16.3.vc.C 
OLE time: 0.3122
==== Ans-fold compression
Command: /home/louza/mm-repair/ans/encode.x /mnt/data/datasets/machine-learning-matrices-split/covtype.csv.16.3.vc.C 
Ans-fold time: 0.8366
==== Integer vector .C compression
Command: /home/louza/mm-repair/sdsl/encode.x /mnt/data/datasets/machine-learning-matrices-split/covtype.csv.16.4.vc.C 
==== Integer vector .R compression
Command: /home/louza/mm-repair/sdsl/encode.x /mnt/data/datasets/machine-learning-matrices-split/covtype.csv.16.4.vc.R 
Integer vector compression time: 0.7085
==== OLE
Command: /home/louza/mm-repair/ole/encode.x /mnt/data/datasets/machine-learning-matrices-split/covtype.csv.16.4.vc.C 
OLE time: 0.2630
==== Ans-fold compression
Command: /home/louza/mm-repair/ans/encode.x /mnt/data/datasets/machine-learning-matrices-split/covtype.csv.16.4.vc.C 
Ans-fold time: 1.0111
==== Integer vector .C compression
Command: /home/louza/mm-repair/sdsl/encode.x /mnt/data/datasets/machine-learning-matrices-split/covtype.csv.16.5.vc.C 
==== Integer vector .R compression
Command: /home/louza/mm-repair/sdsl/encode.x /mnt/data/datasets/machine-learning-matrices-split/covtype.csv.16.5.vc.R 
Integer vector compression time: 0.3878
==== OLE
Command: /home/louza/mm-repair/ole/encode.x /mnt/data/datasets/machine-learning-matrices-split/covtype.csv.16.5.vc.C 
OLE time: 0.0761
==== Ans-fold compression
Command: /home/louza/mm-repair/ans/encode.x /mnt/data/datasets/machine-learning-matrices-split/covtype.csv.16.5.vc.C 
Ans-fold time: 1.3604
==== Integer vector .C compression
Command: /home/louza/mm-repair/sdsl/encode.x /mnt/data/datasets/machine-learning-matrices-split/covtype.csv.16.6.vc.C 
==== Integer vector .R compression
Command: /home/louza/mm-repair/sdsl/encode.x /mnt/data/datasets/machine-learning-matrices-split/covtype.csv.16.6.vc.R 
Integer vector compression time: 0.1866
==== OLE
Command: /home/louza/mm-repair/ole/encode.x /mnt/data/datasets/machine-learning-matrices-split/covtype.csv.16.6.vc.C 
OLE time: 0.1623
==== Ans-fold compression
Command: /home/louza/mm-repair/ans/encode.x /mnt/data/datasets/machine-learning-matrices-split/covtype.csv.16.6.vc.C 
Ans-fold time: 1.4429
==== Integer vector .C compression
Command: /home/louza/mm-repair/sdsl/encode.x /mnt/data/datasets/machine-learning-matrices-split/covtype.csv.16.7.vc.C 
==== Integer vector .R compression
Command: /home/louza/mm-repair/sdsl/encode.x /mnt/data/datasets/machine-learning-matrices-split/covtype.csv.16.7.vc.R 
Integer vector compression time: 0.1758
==== OLE
Command: /home/louza/mm-repair/ole/encode.x /mnt/data/datasets/machine-learning-matrices-split/covtype.csv.16.7.vc.C 
OLE time: 0.2180
==== Ans-fold compression
Command: /home/louza/mm-repair/ans/encode.x /mnt/data/datasets/machine-learning-matrices-split/covtype.csv.16.7.vc.C 
Ans-fold time: 1.6920
==== Integer vector .C compression
Command: /home/louza/mm-repair/sdsl/encode.x /mnt/data/datasets/machine-learning-matrices-split/covtype.csv.16.8.vc.C 
==== Integer vector .R compression
Command: /home/louza/mm-repair/sdsl/encode.x /mnt/data/datasets/machine-learning-matrices-split/covtype.csv.16.8.vc.R 
Integer vector compression time: 0.4685
==== OLE
Command: /home/louza/mm-repair/ole/encode.x /mnt/data/datasets/machine-learning-matrices-split/covtype.csv.16.8.vc.C 
OLE time: 0.0562
==== Ans-fold compression
Command: /home/louza/mm-repair/ans/encode.x /mnt/data/datasets/machine-learning-matrices-split/covtype.csv.16.8.vc.C 
Ans-fold time: 1.8171
==== Integer vector .C compression
Command: /home/louza/mm-repair/sdsl/encode.x /mnt/data/datasets/machine-learning-matrices-split/covtype.csv.16.9.vc.C 
==== Integer vector .R compression
Command: /home/louza/mm-repair/sdsl/encode.x /mnt/data/datasets/machine-learning-matrices-split/covtype.csv.16.9.vc.R 
Integer vector compression time: 0.5485
==== OLE
Command: /home/louza/mm-repair/ole/encode.x /mnt/data/datasets/machine-learning-matrices-split/covtype.csv.16.9.vc.C 
OLE time: 0.3086
==== Ans-fold compression
Command: /home/louza/mm-repair/ans/encode.x /mnt/data/datasets/machine-learning-matrices-split/covtype.csv.16.9.vc.C 
Ans-fold time: 2.0306
==== Integer vector .C compression
Command: /home/louza/mm-repair/sdsl/encode.x /mnt/data/datasets/machine-learning-matrices-split/covtype.csv.16.10.vc.C 
==== Integer vector .R compression
Command: /home/louza/mm-repair/sdsl/encode.x /mnt/data/datasets/machine-learning-matrices-split/covtype.csv.16.10.vc.R 
Integer vector compression time: 0.2171
==== OLE
Command: /home/louza/mm-repair/ole/encode.x /mnt/data/datasets/machine-learning-matrices-split/covtype.csv.16.10.vc.C 
OLE time: 0.0166
==== Ans-fold compression
Command: /home/louza/mm-repair/ans/encode.x /mnt/data/datasets/machine-learning-matrices-split/covtype.csv.16.10.vc.C 
Ans-fold time: 2.4244
==== Integer vector .C compression
Command: /home/louza/mm-repair/sdsl/encode.x /mnt/data/datasets/machine-learning-matrices-split/covtype.csv.16.11.vc.C 
==== Integer vector .R compression
Command: /home/louza/mm-repair/sdsl/encode.x /mnt/data/datasets/machine-learning-matrices-split/covtype.csv.16.11.vc.R 
Integer vector compression time: 0.7750
==== OLE
Command: /home/louza/mm-repair/ole/encode.x /mnt/data/datasets/machine-learning-matrices-split/covtype.csv.16.11.vc.C 
OLE time: 0.4104
==== Ans-fold compression
Command: /home/louza/mm-repair/ans/encode.x /mnt/data/datasets/machine-learning-matrices-split/covtype.csv.16.11.vc.C 
Ans-fold time: 2.7933
==== Integer vector .C compression
Command: /home/louza/mm-repair/sdsl/encode.x /mnt/data/datasets/machine-learning-matrices-split/covtype.csv.16.12.vc.C 
==== Integer vector .R compression
Command: /home/louza/mm-repair/sdsl/encode.x /mnt/data/datasets/machine-learning-matrices-split/covtype.csv.16.12.vc.R 
Integer vector compression time: 0.4408
==== OLE
Command: /home/louza/mm-repair/ole/encode.x /mnt/data/datasets/machine-learning-matrices-split/covtype.csv.16.12.vc.C 
OLE time: 0.0306
==== Ans-fold compression
Command: /home/louza/mm-repair/ans/encode.x /mnt/data/datasets/machine-learning-matrices-split/covtype.csv.16.12.vc.C 
Ans-fold time: 3.0300
==== Integer vector .C compression
Command: /home/louza/mm-repair/sdsl/encode.x /mnt/data/datasets/machine-learning-matrices-split/covtype.csv.16.13.vc.C 
==== Integer vector .R compression
Command: /home/louza/mm-repair/sdsl/encode.x /mnt/data/datasets/machine-learning-matrices-split/covtype.csv.16.13.vc.R 
Integer vector compression time: 0.6877
==== OLE
Command: /home/louza/mm-repair/ole/encode.x /mnt/data/datasets/machine-learning-matrices-split/covtype.csv.16.13.vc.C 
OLE time: 0.1819
==== Ans-fold compression
Command: /home/louza/mm-repair/ans/encode.x /mnt/data/datasets/machine-learning-matrices-split/covtype.csv.16.13.vc.C 
Ans-fold time: 3.4756
==== Integer vector .C compression
Command: /home/louza/mm-repair/sdsl/encode.x /mnt/data/datasets/machine-learning-matrices-split/covtype.csv.16.14.vc.C 
==== Integer vector .R compression
Command: /home/louza/mm-repair/sdsl/encode.x /mnt/data/datasets/machine-learning-matrices-split/covtype.csv.16.14.vc.R 
Integer vector compression time: 0.5991
==== OLE
Command: /home/louza/mm-repair/ole/encode.x /mnt/data/datasets/machine-learning-matrices-split/covtype.csv.16.14.vc.C 
OLE time: 0.2362
==== Ans-fold compression
Command: /home/louza/mm-repair/ans/encode.x /mnt/data/datasets/machine-learning-matrices-split/covtype.csv.16.14.vc.C 
Ans-fold time: 3.8074
==== Integer vector .C compression
Command: /home/louza/mm-repair/sdsl/encode.x /mnt/data/datasets/machine-learning-matrices-split/covtype.csv.16.15.vc.C 
==== Integer vector .R compression
Command: /home/louza/mm-repair/sdsl/encode.x /mnt/data/datasets/machine-learning-matrices-split/covtype.csv.16.15.vc.R 
Integer vector compression time: 0.4550
==== OLE
Command: /home/louza/mm-repair/ole/encode.x /mnt/data/datasets/machine-learning-matrices-split/covtype.csv.16.15.vc.C 
OLE time: 0.3344
==== Ans-fold compression
Command: /home/louza/mm-repair/ans/encode.x /mnt/data/datasets/machine-learning-matrices-split/covtype.csv.16.15.vc.C 
Ans-fold time: 4.1729
Elapsed time: 25.2153
==== Compression Report:
 >> matrix name: /mnt/data/datasets/machine-learning-matrices-split/covtype.csv
 >> conversion time: 7.26
 >> repair time: 3.14
 >> integer vectors time: 0.46
 >> ansf time: 4.17
 >> total time: 25.22
 >> matrix log(alpha)xNumEntries size: 50983803 bytes
 >> matrix dense size: 250997184 bytes
 >> total number of nonzero: 6901775 (22.00%)
 >> number of distinct nonzero: 6682
 >> CRSV  size: 29984604 bytes  (11.95%)
 >> RE32  size: 22074496 bytes  (8.79%)
 >> REIV  size: 13128848 bytes  (5.23%)
 >> REANS size: 10964488 bytes  (4.37%)
==== Done

#### 2026-09-04 08:38:08
 Command line: ./mm-repair/matrepair -r -b 16 -p 16 /mnt/data/datasets/machine-learning-matrices-split/covtype.csv 581012 54 --mapping 
Setting memory for each repair instance to 29003 MBs
Sending logging messages to file: /mnt/data/datasets/machine-learning-matrices-split/covtype.csv.log
==== Conversion bin/csv->csrv
Command: /home/louza/mm-repair/csvmat2csrv -b 16   /mnt/data/datasets/machine-learning-matrices-split/covtype.csv -r 0 -m  581012 54
Conversion time: 6.9043
==== Repair paralell compression
---- Executing 16 parallel processes
---- Parallel processing completed
Repair time: 1.6398
==== Integer vector .C compression
Command: /home/louza/mm-repair/sdsl/encode.x /mnt/data/datasets/machine-learning-matrices-split/covtype.csv.16.0.vc.C 
==== Integer vector .R compression
Command: /home/louza/mm-repair/sdsl/encode.x /mnt/data/datasets/machine-learning-matrices-split/covtype.csv.16.0.vc.R 
Integer vector compression time: 0.3294
==== Ans-fold compression
Command: /home/louza/mm-repair/ans/encode.x /mnt/data/datasets/machine-learning-matrices-split/covtype.csv.16.0.vc.C 
Ans-fold time: 0.9430
==== Integer vector .C compression
Command: /home/louza/mm-repair/sdsl/encode.x /mnt/data/datasets/machine-learning-matrices-split/covtype.csv.16.1.vc.C 
==== Integer vector .R compression
Command: /home/louza/mm-repair/sdsl/encode.x /mnt/data/datasets/machine-learning-matrices-split/covtype.csv.16.1.vc.R 
Integer vector compression time: 0.4136
==== Ans-fold compression
Command: /home/louza/mm-repair/ans/encode.x /mnt/data/datasets/machine-learning-matrices-split/covtype.csv.16.1.vc.C 
Ans-fold time: 0.9796
==== Integer vector .C compression
Command: /home/louza/mm-repair/sdsl/encode.x /mnt/data/datasets/machine-learning-matrices-split/covtype.csv.16.2.vc.C 
==== Integer vector .R compression
Command: /home/louza/mm-repair/sdsl/encode.x /mnt/data/datasets/machine-learning-matrices-split/covtype.csv.16.2.vc.R 
Integer vector compression time: 0.5166
==== Ans-fold compression
Command: /home/louza/mm-repair/ans/encode.x /mnt/data/datasets/machine-learning-matrices-split/covtype.csv.16.2.vc.C 
Ans-fold time: 1.1594
==== Integer vector .C compression
Command: /home/louza/mm-repair/sdsl/encode.x /mnt/data/datasets/machine-learning-matrices-split/covtype.csv.16.3.vc.C 
==== Integer vector .R compression
Command: /home/louza/mm-repair/sdsl/encode.x /mnt/data/datasets/machine-learning-matrices-split/covtype.csv.16.3.vc.R 
Integer vector compression time: 0.0483
==== Ans-fold compression
Command: /home/louza/mm-repair/ans/encode.x /mnt/data/datasets/machine-learning-matrices-split/covtype.csv.16.3.vc.C 
Ans-fold time: 1.4294
==== Integer vector .C compression
Command: /home/louza/mm-repair/sdsl/encode.x /mnt/data/datasets/machine-learning-matrices-split/covtype.csv.16.4.vc.C 
==== Integer vector .R compression
Command: /home/louza/mm-repair/sdsl/encode.x /mnt/data/datasets/machine-learning-matrices-split/covtype.csv.16.4.vc.R 
Integer vector compression time: 0.4984
==== Ans-fold compression
Command: /home/louza/mm-repair/ans/encode.x /mnt/data/datasets/machine-learning-matrices-split/covtype.csv.16.4.vc.C 
Ans-fold time: 1.6912
==== Integer vector .C compression
Command: /home/louza/mm-repair/sdsl/encode.x /mnt/data/datasets/machine-learning-matrices-split/covtype.csv.16.5.vc.C 
==== Integer vector .R compression
Command: /home/louza/mm-repair/sdsl/encode.x /mnt/data/datasets/machine-learning-matrices-split/covtype.csv.16.5.vc.R 
Integer vector compression time: 0.2447
==== Ans-fold compression
Command: /home/louza/mm-repair/ans/encode.x /mnt/data/datasets/machine-learning-matrices-split/covtype.csv.16.5.vc.C 
Ans-fold time: 1.9760
==== Integer vector .C compression
Command: /home/louza/mm-repair/sdsl/encode.x /mnt/data/datasets/machine-learning-matrices-split/covtype.csv.16.6.vc.C 
==== Integer vector .R compression
Command: /home/louza/mm-repair/sdsl/encode.x /mnt/data/datasets/machine-learning-matrices-split/covtype.csv.16.6.vc.R 
Integer vector compression time: 0.1564
==== Ans-fold compression
Command: /home/louza/mm-repair/ans/encode.x /mnt/data/datasets/machine-learning-matrices-split/covtype.csv.16.6.vc.C 
Ans-fold time: 2.1848
==== Integer vector .C compression
Command: /home/louza/mm-repair/sdsl/encode.x /mnt/data/datasets/machine-learning-matrices-split/covtype.csv.16.7.vc.C 
==== Integer vector .R compression
Command: /home/louza/mm-repair/sdsl/encode.x /mnt/data/datasets/machine-learning-matrices-split/covtype.csv.16.7.vc.R 
Integer vector compression time: 0.3467
==== Ans-fold compression
Command: /home/louza/mm-repair/ans/encode.x /mnt/data/datasets/machine-learning-matrices-split/covtype.csv.16.7.vc.C 
Ans-fold time: 2.3957
==== Integer vector .C compression
Command: /home/louza/mm-repair/sdsl/encode.x /mnt/data/datasets/machine-learning-matrices-split/covtype.csv.16.8.vc.C 
==== Integer vector .R compression
Command: /home/louza/mm-repair/sdsl/encode.x /mnt/data/datasets/machine-learning-matrices-split/covtype.csv.16.8.vc.R 
Integer vector compression time: 0.3408
==== Ans-fold compression
Command: /home/louza/mm-repair/ans/encode.x /mnt/data/datasets/machine-learning-matrices-split/covtype.csv.16.8.vc.C 
Ans-fold time: 2.4952
==== Integer vector .C compression
Command: /home/louza/mm-repair/sdsl/encode.x /mnt/data/datasets/machine-learning-matrices-split/covtype.csv.16.9.vc.C 
==== Integer vector .R compression
Command: /home/louza/mm-repair/sdsl/encode.x /mnt/data/datasets/machine-learning-matrices-split/covtype.csv.16.9.vc.R 
Integer vector compression time: 0.3689
==== Ans-fold compression
Command: /home/louza/mm-repair/ans/encode.x /mnt/data/datasets/machine-learning-matrices-split/covtype.csv.16.9.vc.C 
Ans-fold time: 2.7694
==== Integer vector .C compression
Command: /home/louza/mm-repair/sdsl/encode.x /mnt/data/datasets/machine-learning-matrices-split/covtype.csv.16.10.vc.C 
==== Integer vector .R compression
Command: /home/louza/mm-repair/sdsl/encode.x /mnt/data/datasets/machine-learning-matrices-split/covtype.csv.16.10.vc.R 
Integer vector compression time: 0.1360
==== Ans-fold compression
Command: /home/louza/mm-repair/ans/encode.x /mnt/data/datasets/machine-learning-matrices-split/covtype.csv.16.10.vc.C 
Ans-fold time: 3.1751
==== Integer vector .C compression
Command: /home/louza/mm-repair/sdsl/encode.x /mnt/data/datasets/machine-learning-matrices-split/covtype.csv.16.11.vc.C 
==== Integer vector .R compression
Command: /home/louza/mm-repair/sdsl/encode.x /mnt/data/datasets/machine-learning-matrices-split/covtype.csv.16.11.vc.R 
Integer vector compression time: 0.2105
==== Ans-fold compression
Command: /home/louza/mm-repair/ans/encode.x /mnt/data/datasets/machine-learning-matrices-split/covtype.csv.16.11.vc.C 
Ans-fold time: 3.4918
==== Integer vector .C compression
Command: /home/louza/mm-repair/sdsl/encode.x /mnt/data/datasets/machine-learning-matrices-split/covtype.csv.16.12.vc.C 
==== Integer vector .R compression
Command: /home/louza/mm-repair/sdsl/encode.x /mnt/data/datasets/machine-learning-matrices-split/covtype.csv.16.12.vc.R 
Integer vector compression time: 0.3526
==== Ans-fold compression
Command: /home/louza/mm-repair/ans/encode.x /mnt/data/datasets/machine-learning-matrices-split/covtype.csv.16.12.vc.C 
Ans-fold time: 3.6853
==== Integer vector .C compression
Command: /home/louza/mm-repair/sdsl/encode.x /mnt/data/datasets/machine-learning-matrices-split/covtype.csv.16.13.vc.C 
==== Integer vector .R compression
Command: /home/louza/mm-repair/sdsl/encode.x /mnt/data/datasets/machine-learning-matrices-split/covtype.csv.16.13.vc.R 
Integer vector compression time: 0.5531
==== Ans-fold compression
Command: /home/louza/mm-repair/ans/encode.x /mnt/data/datasets/machine-learning-matrices-split/covtype.csv.16.13.vc.C 
Ans-fold time: 3.9621
==== Integer vector .C compression
Command: /home/louza/mm-repair/sdsl/encode.x /mnt/data/datasets/machine-learning-matrices-split/covtype.csv.16.14.vc.C 
==== Integer vector .R compression
Command: /home/louza/mm-repair/sdsl/encode.x /mnt/data/datasets/machine-learning-matrices-split/covtype.csv.16.14.vc.R 
Integer vector compression time: 0.2649
==== Ans-fold compression
Command: /home/louza/mm-repair/ans/encode.x /mnt/data/datasets/machine-learning-matrices-split/covtype.csv.16.14.vc.C 
Ans-fold time: 4.2372
==== Integer vector .C compression
Command: /home/louza/mm-repair/sdsl/encode.x /mnt/data/datasets/machine-learning-matrices-split/covtype.csv.16.15.vc.C 
==== Integer vector .R compression
Command: /home/louza/mm-repair/sdsl/encode.x /mnt/data/datasets/machine-learning-matrices-split/covtype.csv.16.15.vc.R 
Integer vector compression time: 0.5745
==== Ans-fold compression
Command: /home/louza/mm-repair/ans/encode.x /mnt/data/datasets/machine-learning-matrices-split/covtype.csv.16.15.vc.C 
Ans-fold time: 4.4833
Command: /home/louza/mm-repair/ans/encode.x /mnt/data/datasets/machine-learning-matrices-split/covtype.csv.wcode 
Elapsed time: 18.3896
==== Compression Report:
 >> matrix name: /mnt/data/datasets/machine-learning-matrices-split/covtype.csv
 >> conversion time: 6.90
 >> repair time: 1.64
 >> integer vectors time: 0.57
 >> ansf time: 4.48
 >> total time: 18.39
 >> wcode: 63808 bytes
 >> wcode_ans: 5738 bytes
 >> matrix log(alpha)xNumEntries size: 50983803 bytes
 >> matrix dense size: 250997184 bytes
 >> total number of nonzero: 6901775 (22.00%)
 >> number of distinct nonzero: 6682
 >> CRSV  size: 29984604 bytes  (11.95%)
 >> RE32  size: 22138304 bytes  (8.82%)
 >> REIV  size: 11128208 bytes  (4.43%)
 >> REANS size: 9659388 bytes  (3.85%)
==== Done

#### 2026-09-04 08:38:26
 Command line: ./mm-repair/matrepair -r -b 16 -p 16 /mnt/data/datasets/machine-learning-matrices-split/covtype.csv 581012 54 --split 
Setting memory for each repair instance to 29003 MBs
Sending logging messages to file: /mnt/data/datasets/machine-learning-matrices-split/covtype.csv.log
==== Conversion bin/csv->csrv
Command: /home/louza/mm-repair/csvmat2csrv -b 16   /mnt/data/datasets/machine-learning-matrices-split/covtype.csv -r 0  -s 581012 54
Conversion time: 8.3510
==== Repair paralell compression
---- Executing 16 parallel processes
---- Parallel processing completed
Repair time: 0.1852
==== Integer vector .C compression
Command: /home/louza/mm-repair/sdsl/encode.x /mnt/data/datasets/machine-learning-matrices-split/covtype.csv.16.0.A.vc.C 
==== Integer vector .R compression
Command: /home/louza/mm-repair/sdsl/encode.x /mnt/data/datasets/machine-learning-matrices-split/covtype.csv.16.0.A.vc.R 
Integer vector compression time: 0.0322
==== Ans-fold compression
Command: /home/louza/mm-repair/ans/encode.x /mnt/data/datasets/machine-learning-matrices-split/covtype.csv.16.0.A.vc.C 
Command: /home/louza/mm-repair/ans/encode.x /mnt/data/datasets/machine-learning-matrices-split/covtype.csv.16.0.B.vc
Ans-fold time: 0.0254
==== Integer vector .C compression
Command: /home/louza/mm-repair/sdsl/encode.x /mnt/data/datasets/machine-learning-matrices-split/covtype.csv.16.1.A.vc.C 
==== Integer vector .R compression
Command: /home/louza/mm-repair/sdsl/encode.x /mnt/data/datasets/machine-learning-matrices-split/covtype.csv.16.1.A.vc.R 
Integer vector compression time: 0.0297
==== Ans-fold compression
Command: /home/louza/mm-repair/ans/encode.x /mnt/data/datasets/machine-learning-matrices-split/covtype.csv.16.1.A.vc.C 
Command: /home/louza/mm-repair/ans/encode.x /mnt/data/datasets/machine-learning-matrices-split/covtype.csv.16.1.B.vc
Ans-fold time: 0.0491
==== Integer vector .C compression
Command: /home/louza/mm-repair/sdsl/encode.x /mnt/data/datasets/machine-learning-matrices-split/covtype.csv.16.2.A.vc.C 
==== Integer vector .R compression
Command: /home/louza/mm-repair/sdsl/encode.x /mnt/data/datasets/machine-learning-matrices-split/covtype.csv.16.2.A.vc.R 
Integer vector compression time: 0.0295
==== Ans-fold compression
Command: /home/louza/mm-repair/ans/encode.x /mnt/data/datasets/machine-learning-matrices-split/covtype.csv.16.2.A.vc.C 
Command: /home/louza/mm-repair/ans/encode.x /mnt/data/datasets/machine-learning-matrices-split/covtype.csv.16.2.B.vc
Ans-fold time: 0.0724
==== Integer vector .C compression
Command: /home/louza/mm-repair/sdsl/encode.x /mnt/data/datasets/machine-learning-matrices-split/covtype.csv.16.3.A.vc.C 
==== Integer vector .R compression
Command: /home/louza/mm-repair/sdsl/encode.x /mnt/data/datasets/machine-learning-matrices-split/covtype.csv.16.3.A.vc.R 
Integer vector compression time: 0.0294
==== Ans-fold compression
Command: /home/louza/mm-repair/ans/encode.x /mnt/data/datasets/machine-learning-matrices-split/covtype.csv.16.3.A.vc.C 
Command: /home/louza/mm-repair/ans/encode.x /mnt/data/datasets/machine-learning-matrices-split/covtype.csv.16.3.B.vc
Ans-fold time: 0.0965
==== Integer vector .C compression
Command: /home/louza/mm-repair/sdsl/encode.x /mnt/data/datasets/machine-learning-matrices-split/covtype.csv.16.4.A.vc.C 
==== Integer vector .R compression
Command: /home/louza/mm-repair/sdsl/encode.x /mnt/data/datasets/machine-learning-matrices-split/covtype.csv.16.4.A.vc.R 
Integer vector compression time: 0.0295
==== Ans-fold compression
Command: /home/louza/mm-repair/ans/encode.x /mnt/data/datasets/machine-learning-matrices-split/covtype.csv.16.4.A.vc.C 
Command: /home/louza/mm-repair/ans/encode.x /mnt/data/datasets/machine-learning-matrices-split/covtype.csv.16.4.B.vc
Ans-fold time: 0.1197
==== Integer vector .C compression
Command: /home/louza/mm-repair/sdsl/encode.x /mnt/data/datasets/machine-learning-matrices-split/covtype.csv.16.5.A.vc.C 
==== Integer vector .R compression
Command: /home/louza/mm-repair/sdsl/encode.x /mnt/data/datasets/machine-learning-matrices-split/covtype.csv.16.5.A.vc.R 
Integer vector compression time: 0.0321
==== Ans-fold compression
Command: /home/louza/mm-repair/ans/encode.x /mnt/data/datasets/machine-learning-matrices-split/covtype.csv.16.5.A.vc.C 
Command: /home/louza/mm-repair/ans/encode.x /mnt/data/datasets/machine-learning-matrices-split/covtype.csv.16.5.B.vc
Ans-fold time: 0.1427
==== Integer vector .C compression
Command: /home/louza/mm-repair/sdsl/encode.x /mnt/data/datasets/machine-learning-matrices-split/covtype.csv.16.6.A.vc.C 
==== Integer vector .R compression
Command: /home/louza/mm-repair/sdsl/encode.x /mnt/data/datasets/machine-learning-matrices-split/covtype.csv.16.6.A.vc.R 
Integer vector compression time: 0.0296
==== Ans-fold compression
Command: /home/louza/mm-repair/ans/encode.x /mnt/data/datasets/machine-learning-matrices-split/covtype.csv.16.6.A.vc.C 
Command: /home/louza/mm-repair/ans/encode.x /mnt/data/datasets/machine-learning-matrices-split/covtype.csv.16.6.B.vc
Ans-fold time: 0.1698
==== Integer vector .C compression
Command: /home/louza/mm-repair/sdsl/encode.x /mnt/data/datasets/machine-learning-matrices-split/covtype.csv.16.7.A.vc.C 
==== Integer vector .R compression
Command: /home/louza/mm-repair/sdsl/encode.x /mnt/data/datasets/machine-learning-matrices-split/covtype.csv.16.7.A.vc.R 
Integer vector compression time: 0.0306
==== Ans-fold compression
Command: /home/louza/mm-repair/ans/encode.x /mnt/data/datasets/machine-learning-matrices-split/covtype.csv.16.7.A.vc.C 
Command: /home/louza/mm-repair/ans/encode.x /mnt/data/datasets/machine-learning-matrices-split/covtype.csv.16.7.B.vc
Ans-fold time: 0.1953
==== Integer vector .C compression
Command: /home/louza/mm-repair/sdsl/encode.x /mnt/data/datasets/machine-learning-matrices-split/covtype.csv.16.8.A.vc.C 
==== Integer vector .R compression
Command: /home/louza/mm-repair/sdsl/encode.x /mnt/data/datasets/machine-learning-matrices-split/covtype.csv.16.8.A.vc.R 
Integer vector compression time: 0.0310
==== Ans-fold compression
Command: /home/louza/mm-repair/ans/encode.x /mnt/data/datasets/machine-learning-matrices-split/covtype.csv.16.8.A.vc.C 
Command: /home/louza/mm-repair/ans/encode.x /mnt/data/datasets/machine-learning-matrices-split/covtype.csv.16.8.B.vc
Ans-fold time: 0.2203
==== Integer vector .C compression
Command: /home/louza/mm-repair/sdsl/encode.x /mnt/data/datasets/machine-learning-matrices-split/covtype.csv.16.9.A.vc.C 
==== Integer vector .R compression
Command: /home/louza/mm-repair/sdsl/encode.x /mnt/data/datasets/machine-learning-matrices-split/covtype.csv.16.9.A.vc.R 
Integer vector compression time: 0.0303
==== Ans-fold compression
Command: /home/louza/mm-repair/ans/encode.x /mnt/data/datasets/machine-learning-matrices-split/covtype.csv.16.9.A.vc.C 
Command: /home/louza/mm-repair/ans/encode.x /mnt/data/datasets/machine-learning-matrices-split/covtype.csv.16.9.B.vc
Ans-fold time: 0.2444
==== Integer vector .C compression
Command: /home/louza/mm-repair/sdsl/encode.x /mnt/data/datasets/machine-learning-matrices-split/covtype.csv.16.10.A.vc.C 
==== Integer vector .R compression
Command: /home/louza/mm-repair/sdsl/encode.x /mnt/data/datasets/machine-learning-matrices-split/covtype.csv.16.10.A.vc.R 
Integer vector compression time: 0.0297
==== Ans-fold compression
Command: /home/louza/mm-repair/ans/encode.x /mnt/data/datasets/machine-learning-matrices-split/covtype.csv.16.10.A.vc.C 
Command: /home/louza/mm-repair/ans/encode.x /mnt/data/datasets/machine-learning-matrices-split/covtype.csv.16.10.B.vc
Ans-fold time: 0.2710
==== Integer vector .C compression
Command: /home/louza/mm-repair/sdsl/encode.x /mnt/data/datasets/machine-learning-matrices-split/covtype.csv.16.11.A.vc.C 
==== Integer vector .R compression
Command: /home/louza/mm-repair/sdsl/encode.x /mnt/data/datasets/machine-learning-matrices-split/covtype.csv.16.11.A.vc.R 
Integer vector compression time: 0.0306
==== Ans-fold compression
Command: /home/louza/mm-repair/ans/encode.x /mnt/data/datasets/machine-learning-matrices-split/covtype.csv.16.11.A.vc.C 
Command: /home/louza/mm-repair/ans/encode.x /mnt/data/datasets/machine-learning-matrices-split/covtype.csv.16.11.B.vc
Ans-fold time: 0.2957
==== Integer vector .C compression
Command: /home/louza/mm-repair/sdsl/encode.x /mnt/data/datasets/machine-learning-matrices-split/covtype.csv.16.12.A.vc.C 
==== Integer vector .R compression
Command: /home/louza/mm-repair/sdsl/encode.x /mnt/data/datasets/machine-learning-matrices-split/covtype.csv.16.12.A.vc.R 
Integer vector compression time: 0.0303
==== Ans-fold compression
Command: /home/louza/mm-repair/ans/encode.x /mnt/data/datasets/machine-learning-matrices-split/covtype.csv.16.12.A.vc.C 
Command: /home/louza/mm-repair/ans/encode.x /mnt/data/datasets/machine-learning-matrices-split/covtype.csv.16.12.B.vc
Ans-fold time: 0.3206
==== Integer vector .C compression
Command: /home/louza/mm-repair/sdsl/encode.x /mnt/data/datasets/machine-learning-matrices-split/covtype.csv.16.13.A.vc.C 
==== Integer vector .R compression
Command: /home/louza/mm-repair/sdsl/encode.x /mnt/data/datasets/machine-learning-matrices-split/covtype.csv.16.13.A.vc.R 
Integer vector compression time: 0.0307
==== Ans-fold compression
Command: /home/louza/mm-repair/ans/encode.x /mnt/data/datasets/machine-learning-matrices-split/covtype.csv.16.13.A.vc.C 
Command: /home/louza/mm-repair/ans/encode.x /mnt/data/datasets/machine-learning-matrices-split/covtype.csv.16.13.B.vc
Ans-fold time: 0.3453
==== Integer vector .C compression
Command: /home/louza/mm-repair/sdsl/encode.x /mnt/data/datasets/machine-learning-matrices-split/covtype.csv.16.14.A.vc.C 
==== Integer vector .R compression
Command: /home/louza/mm-repair/sdsl/encode.x /mnt/data/datasets/machine-learning-matrices-split/covtype.csv.16.14.A.vc.R 
Integer vector compression time: 0.0317
==== Ans-fold compression
Command: /home/louza/mm-repair/ans/encode.x /mnt/data/datasets/machine-learning-matrices-split/covtype.csv.16.14.A.vc.C 
Command: /home/louza/mm-repair/ans/encode.x /mnt/data/datasets/machine-learning-matrices-split/covtype.csv.16.14.B.vc
Ans-fold time: 0.3697
==== Integer vector .C compression
Command: /home/louza/mm-repair/sdsl/encode.x /mnt/data/datasets/machine-learning-matrices-split/covtype.csv.16.15.A.vc.C 
==== Integer vector .R compression
Command: /home/louza/mm-repair/sdsl/encode.x /mnt/data/datasets/machine-learning-matrices-split/covtype.csv.16.15.A.vc.R 
Integer vector compression time: 0.0299
==== Ans-fold compression
Command: /home/louza/mm-repair/ans/encode.x /mnt/data/datasets/machine-learning-matrices-split/covtype.csv.16.15.A.vc.C 
Command: /home/louza/mm-repair/ans/encode.x /mnt/data/datasets/machine-learning-matrices-split/covtype.csv.16.15.B.vc
Ans-fold time: 0.3971
Elapsed time: 9.4206
==== Compression Report:
 >> matrix name: /mnt/data/datasets/machine-learning-matrices-split/covtype.csv
 >> conversion time: 8.35
 >> repair time: 0.19
 >> integer vectors time: 0.03
 >> ansf time: 0.40
 >> total time: 9.42
 >> matrix log(alpha)xNumEntries size: 50983803 bytes
 >> matrix dense size: 250997184 bytes
 >> total number of nonzero: 5206872 (16.60%)
 >> number of distinct nonzero: 6682
 >> CRSV  size: 23204992 bytes  (9.25%)
 >> B	  size: 9103660 bytes  (3.63%)
 >> B_ans size: 3986315 bytes  (1.59%)
 >> RE32  size: 19270367 bytes  (7.68%)
 >> REIV  size: 13083363 bytes  (5.21%)
 >> REANS size: 11404439 bytes  (4.54%)
==== Done

#### 2026-09-04 08:38:36
 Command line: ./mm-repair/matrepair -r -b 16 -p 16 /mnt/data/datasets/machine-learning-matrices-split/covtype.csv 581012 54 --ole --mapping 
Setting memory for each repair instance to 29003 MBs
Sending logging messages to file: /mnt/data/datasets/machine-learning-matrices-split/covtype.csv.log
==== Conversion bin/csv->csrv
Command: /home/louza/mm-repair/csvmat2csrv -b 16   /mnt/data/datasets/machine-learning-matrices-split/covtype.csv -r 0 -m  581012 54
Conversion time: 5.1629
==== Repair paralell compression
---- Executing 16 parallel processes
---- Parallel processing completed
Repair time: 0.3345
==== Integer vector .C compression
Command: /home/louza/mm-repair/sdsl/encode.x /mnt/data/datasets/machine-learning-matrices-split/covtype.csv.16.0.vc.C 
==== Integer vector .R compression
Command: /home/louza/mm-repair/sdsl/encode.x /mnt/data/datasets/machine-learning-matrices-split/covtype.csv.16.0.vc.R 
Integer vector compression time: 0.3145
==== OLE
Command: /home/louza/mm-repair/ole/encode.x /mnt/data/datasets/machine-learning-matrices-split/covtype.csv.16.0.vc.C 
OLE time: 0.0218
==== Ans-fold compression
Command: /home/louza/mm-repair/ans/encode.x /mnt/data/datasets/machine-learning-matrices-split/covtype.csv.16.0.vc.C 
Ans-fold time: 0.2400
==== Integer vector .C compression
Command: /home/louza/mm-repair/sdsl/encode.x /mnt/data/datasets/machine-learning-matrices-split/covtype.csv.16.1.vc.C 
==== Integer vector .R compression
Command: /home/louza/mm-repair/sdsl/encode.x /mnt/data/datasets/machine-learning-matrices-split/covtype.csv.16.1.vc.R 
Integer vector compression time: 0.3122
==== OLE
Command: /home/louza/mm-repair/ole/encode.x /mnt/data/datasets/machine-learning-matrices-split/covtype.csv.16.1.vc.C 
OLE time: 0.1606
==== Ans-fold compression
Command: /home/louza/mm-repair/ans/encode.x /mnt/data/datasets/machine-learning-matrices-split/covtype.csv.16.1.vc.C 
Ans-fold time: 0.4012
==== Integer vector .C compression
Command: /home/louza/mm-repair/sdsl/encode.x /mnt/data/datasets/machine-learning-matrices-split/covtype.csv.16.2.vc.C 
==== Integer vector .R compression
Command: /home/louza/mm-repair/sdsl/encode.x /mnt/data/datasets/machine-learning-matrices-split/covtype.csv.16.2.vc.R 
Integer vector compression time: 0.0610
==== OLE
Command: /home/louza/mm-repair/ole/encode.x /mnt/data/datasets/machine-learning-matrices-split/covtype.csv.16.2.vc.C 
OLE time: 0.0166
==== Ans-fold compression
Command: /home/louza/mm-repair/ans/encode.x /mnt/data/datasets/machine-learning-matrices-split/covtype.csv.16.2.vc.C 
Ans-fold time: 0.5778
==== Integer vector .C compression
Command: /home/louza/mm-repair/sdsl/encode.x /mnt/data/datasets/machine-learning-matrices-split/covtype.csv.16.3.vc.C 
==== Integer vector .R compression
Command: /home/louza/mm-repair/sdsl/encode.x /mnt/data/datasets/machine-learning-matrices-split/covtype.csv.16.3.vc.R 
Integer vector compression time: 0.4306
==== OLE
Command: /home/louza/mm-repair/ole/encode.x /mnt/data/datasets/machine-learning-matrices-split/covtype.csv.16.3.vc.C 
OLE time: 0.2632
==== Ans-fold compression
Command: /home/louza/mm-repair/ans/encode.x /mnt/data/datasets/machine-learning-matrices-split/covtype.csv.16.3.vc.C 
Ans-fold time: 0.7723
==== Integer vector .C compression
Command: /home/louza/mm-repair/sdsl/encode.x /mnt/data/datasets/machine-learning-matrices-split/covtype.csv.16.4.vc.C 
==== Integer vector .R compression
Command: /home/louza/mm-repair/sdsl/encode.x /mnt/data/datasets/machine-learning-matrices-split/covtype.csv.16.4.vc.R 
Integer vector compression time: 0.0596
==== OLE
Command: /home/louza/mm-repair/ole/encode.x /mnt/data/datasets/machine-learning-matrices-split/covtype.csv.16.4.vc.C 
OLE time: 0.0089
==== Ans-fold compression
Command: /home/louza/mm-repair/ans/encode.x /mnt/data/datasets/machine-learning-matrices-split/covtype.csv.16.4.vc.C 
Ans-fold time: 0.7937
==== Integer vector .C compression
Command: /home/louza/mm-repair/sdsl/encode.x /mnt/data/datasets/machine-learning-matrices-split/covtype.csv.16.5.vc.C 
==== Integer vector .R compression
Command: /home/louza/mm-repair/sdsl/encode.x /mnt/data/datasets/machine-learning-matrices-split/covtype.csv.16.5.vc.R 
Integer vector compression time: 0.3314
==== OLE
Command: /home/louza/mm-repair/ole/encode.x /mnt/data/datasets/machine-learning-matrices-split/covtype.csv.16.5.vc.C 
OLE time: 0.1906
==== Ans-fold compression
Command: /home/louza/mm-repair/ans/encode.x /mnt/data/datasets/machine-learning-matrices-split/covtype.csv.16.5.vc.C 
Ans-fold time: 1.0598
==== Integer vector .C compression
Command: /home/louza/mm-repair/sdsl/encode.x /mnt/data/datasets/machine-learning-matrices-split/covtype.csv.16.6.vc.C 
==== Integer vector .R compression
Command: /home/louza/mm-repair/sdsl/encode.x /mnt/data/datasets/machine-learning-matrices-split/covtype.csv.16.6.vc.R 
Integer vector compression time: 0.2667
==== OLE
Command: /home/louza/mm-repair/ole/encode.x /mnt/data/datasets/machine-learning-matrices-split/covtype.csv.16.6.vc.C 
OLE time: 0.2916
==== Ans-fold compression
Command: /home/louza/mm-repair/ans/encode.x /mnt/data/datasets/machine-learning-matrices-split/covtype.csv.16.6.vc.C 
Ans-fold time: 1.5706
==== Integer vector .C compression
Command: /home/louza/mm-repair/sdsl/encode.x /mnt/data/datasets/machine-learning-matrices-split/covtype.csv.16.7.vc.C 
==== Integer vector .R compression
Command: /home/louza/mm-repair/sdsl/encode.x /mnt/data/datasets/machine-learning-matrices-split/covtype.csv.16.7.vc.R 
Integer vector compression time: 0.2557
==== OLE
Command: /home/louza/mm-repair/ole/encode.x /mnt/data/datasets/machine-learning-matrices-split/covtype.csv.16.7.vc.C 
OLE time: 0.0422
==== Ans-fold compression
Command: /home/louza/mm-repair/ans/encode.x /mnt/data/datasets/machine-learning-matrices-split/covtype.csv.16.7.vc.C 
Ans-fold time: 1.8087
==== Integer vector .C compression
Command: /home/louza/mm-repair/sdsl/encode.x /mnt/data/datasets/machine-learning-matrices-split/covtype.csv.16.8.vc.C 
==== Integer vector .R compression
Command: /home/louza/mm-repair/sdsl/encode.x /mnt/data/datasets/machine-learning-matrices-split/covtype.csv.16.8.vc.R 
Integer vector compression time: 0.3767
==== OLE
Command: /home/louza/mm-repair/ole/encode.x /mnt/data/datasets/machine-learning-matrices-split/covtype.csv.16.8.vc.C 
OLE time: 0.4774
==== Ans-fold compression
Command: /home/louza/mm-repair/ans/encode.x /mnt/data/datasets/machine-learning-matrices-split/covtype.csv.16.8.vc.C 
Ans-fold time: 2.1909
==== Integer vector .C compression
Command: /home/louza/mm-repair/sdsl/encode.x /mnt/data/datasets/machine-learning-matrices-split/covtype.csv.16.9.vc.C 
==== Integer vector .R compression
Command: /home/louza/mm-repair/sdsl/encode.x /mnt/data/datasets/machine-learning-matrices-split/covtype.csv.16.9.vc.R 
Integer vector compression time: 0.2182
==== OLE
Command: /home/louza/mm-repair/ole/encode.x /mnt/data/datasets/machine-learning-matrices-split/covtype.csv.16.9.vc.C 
OLE time: 0.4029
==== Ans-fold compression
Command: /home/louza/mm-repair/ans/encode.x /mnt/data/datasets/machine-learning-matrices-split/covtype.csv.16.9.vc.C 
Ans-fold time: 2.2583
==== Integer vector .C compression
Command: /home/louza/mm-repair/sdsl/encode.x /mnt/data/datasets/machine-learning-matrices-split/covtype.csv.16.10.vc.C 
==== Integer vector .R compression
Command: /home/louza/mm-repair/sdsl/encode.x /mnt/data/datasets/machine-learning-matrices-split/covtype.csv.16.10.vc.R 
Integer vector compression time: 0.1831
==== OLE
Command: /home/louza/mm-repair/ole/encode.x /mnt/data/datasets/machine-learning-matrices-split/covtype.csv.16.10.vc.C 
OLE time: 0.1166
==== Ans-fold compression
Command: /home/louza/mm-repair/ans/encode.x /mnt/data/datasets/machine-learning-matrices-split/covtype.csv.16.10.vc.C 
Ans-fold time: 2.6207
==== Integer vector .C compression
Command: /home/louza/mm-repair/sdsl/encode.x /mnt/data/datasets/machine-learning-matrices-split/covtype.csv.16.11.vc.C 
==== Integer vector .R compression
Command: /home/louza/mm-repair/sdsl/encode.x /mnt/data/datasets/machine-learning-matrices-split/covtype.csv.16.11.vc.R 
Integer vector compression time: 0.0486
==== OLE
Command: /home/louza/mm-repair/ole/encode.x /mnt/data/datasets/machine-learning-matrices-split/covtype.csv.16.11.vc.C 
OLE time: 0.0181
==== Ans-fold compression
Command: /home/louza/mm-repair/ans/encode.x /mnt/data/datasets/machine-learning-matrices-split/covtype.csv.16.11.vc.C 
Ans-fold time: 2.6457
==== Integer vector .C compression
Command: /home/louza/mm-repair/sdsl/encode.x /mnt/data/datasets/machine-learning-matrices-split/covtype.csv.16.12.vc.C 
==== Integer vector .R compression
Command: /home/louza/mm-repair/sdsl/encode.x /mnt/data/datasets/machine-learning-matrices-split/covtype.csv.16.12.vc.R 
Integer vector compression time: 0.1331
==== OLE
Command: /home/louza/mm-repair/ole/encode.x /mnt/data/datasets/machine-learning-matrices-split/covtype.csv.16.12.vc.C 
OLE time: 0.2516
==== Ans-fold compression
Command: /home/louza/mm-repair/ans/encode.x /mnt/data/datasets/machine-learning-matrices-split/covtype.csv.16.12.vc.C 
Ans-fold time: 2.7941
==== Integer vector .C compression
Command: /home/louza/mm-repair/sdsl/encode.x /mnt/data/datasets/machine-learning-matrices-split/covtype.csv.16.13.vc.C 
==== Integer vector .R compression
Command: /home/louza/mm-repair/sdsl/encode.x /mnt/data/datasets/machine-learning-matrices-split/covtype.csv.16.13.vc.R 
Integer vector compression time: 0.6825
==== OLE
Command: /home/louza/mm-repair/ole/encode.x /mnt/data/datasets/machine-learning-matrices-split/covtype.csv.16.13.vc.C 
OLE time: 0.1671
==== Ans-fold compression
Command: /home/louza/mm-repair/ans/encode.x /mnt/data/datasets/machine-learning-matrices-split/covtype.csv.16.13.vc.C 
Ans-fold time: 2.8958
==== Integer vector .C compression
Command: /home/louza/mm-repair/sdsl/encode.x /mnt/data/datasets/machine-learning-matrices-split/covtype.csv.16.14.vc.C 
==== Integer vector .R compression
Command: /home/louza/mm-repair/sdsl/encode.x /mnt/data/datasets/machine-learning-matrices-split/covtype.csv.16.14.vc.R 
Integer vector compression time: 0.2363
==== OLE
Command: /home/louza/mm-repair/ole/encode.x /mnt/data/datasets/machine-learning-matrices-split/covtype.csv.16.14.vc.C 
OLE time: 0.4102
==== Ans-fold compression
Command: /home/louza/mm-repair/ans/encode.x /mnt/data/datasets/machine-learning-matrices-split/covtype.csv.16.14.vc.C 
Ans-fold time: 3.0109
==== Integer vector .C compression
Command: /home/louza/mm-repair/sdsl/encode.x /mnt/data/datasets/machine-learning-matrices-split/covtype.csv.16.15.vc.C 
==== Integer vector .R compression
Command: /home/louza/mm-repair/sdsl/encode.x /mnt/data/datasets/machine-learning-matrices-split/covtype.csv.16.15.vc.R 
Integer vector compression time: 0.5503
==== OLE
Command: /home/louza/mm-repair/ole/encode.x /mnt/data/datasets/machine-learning-matrices-split/covtype.csv.16.15.vc.C 
OLE time: 0.2499
==== Ans-fold compression
Command: /home/louza/mm-repair/ans/encode.x /mnt/data/datasets/machine-learning-matrices-split/covtype.csv.16.15.vc.C 
Ans-fold time: 3.0382
Command: /home/louza/mm-repair/ans/encode.x /mnt/data/datasets/machine-learning-matrices-split/covtype.csv.wcode 
Elapsed time: 16.1100
==== Compression Report:
 >> matrix name: /mnt/data/datasets/machine-learning-matrices-split/covtype.csv
 >> conversion time: 5.16
 >> repair time: 0.33
 >> integer vectors time: 0.55
 >> ansf time: 3.04
 >> total time: 16.11
 >> wcode: 63808 bytes
 >> wcode_ans: 5738 bytes
 >> matrix log(alpha)xNumEntries size: 50983803 bytes
 >> matrix dense size: 250997184 bytes
 >> total number of nonzero: 6901775 (22.00%)
 >> number of distinct nonzero: 6682
 >> CRSV  size: 29984604 bytes  (11.95%)
 >> RE32  size: 22138304 bytes  (8.82%)
 >> REIV  size: 11128208 bytes  (4.43%)
 >> REANS size: 9074060 bytes  (3.62%)
==== Done

#### 2026-09-04 08:38:52
 Command line: ./mm-repair/matrepair -r -b 16 -p 16 /mnt/data/datasets/machine-learning-matrices-split/covtype.csv 581012 54 --ole --split 
Setting memory for each repair instance to 29003 MBs
Sending logging messages to file: /mnt/data/datasets/machine-learning-matrices-split/covtype.csv.log
==== Conversion bin/csv->csrv
Command: /home/louza/mm-repair/csvmat2csrv -b 16   /mnt/data/datasets/machine-learning-matrices-split/covtype.csv -r 0  -s 581012 54
Conversion time: 13.7810
==== Repair paralell compression
---- Executing 16 parallel processes
---- Parallel processing completed
Repair time: 0.4525
==== Integer vector .C compression
Command: /home/louza/mm-repair/sdsl/encode.x /mnt/data/datasets/machine-learning-matrices-split/covtype.csv.16.0.A.vc.C 
==== Integer vector .R compression
Command: /home/louza/mm-repair/sdsl/encode.x /mnt/data/datasets/machine-learning-matrices-split/covtype.csv.16.0.A.vc.R 
Integer vector compression time: 0.4674
==== OLE
Command: /home/louza/mm-repair/ole/encode.x /mnt/data/datasets/machine-learning-matrices-split/covtype.csv.16.0.A.vc.C 
Command: /home/louza/mm-repair/ole/encode.x /mnt/data/datasets/machine-learning-matrices-split/covtype.csv.16.0.B.vc 
OLE time: 0.1816
==== Ans-fold compression
Command: /home/louza/mm-repair/ans/encode.x /mnt/data/datasets/machine-learning-matrices-split/covtype.csv.16.0.A.vc.C 
Command: /home/louza/mm-repair/ans/encode.x /mnt/data/datasets/machine-learning-matrices-split/covtype.csv.16.0.B.vc
Ans-fold time: 0.1767
==== Integer vector .C compression
Command: /home/louza/mm-repair/sdsl/encode.x /mnt/data/datasets/machine-learning-matrices-split/covtype.csv.16.1.A.vc.C 
==== Integer vector .R compression
Command: /home/louza/mm-repair/sdsl/encode.x /mnt/data/datasets/machine-learning-matrices-split/covtype.csv.16.1.A.vc.R 
Integer vector compression time: 0.2704
==== OLE
Command: /home/louza/mm-repair/ole/encode.x /mnt/data/datasets/machine-learning-matrices-split/covtype.csv.16.1.A.vc.C 
Command: /home/louza/mm-repair/ole/encode.x /mnt/data/datasets/machine-learning-matrices-split/covtype.csv.16.1.B.vc 
OLE time: 0.0464
==== Ans-fold compression
Command: /home/louza/mm-repair/ans/encode.x /mnt/data/datasets/machine-learning-matrices-split/covtype.csv.16.1.A.vc.C 
Command: /home/louza/mm-repair/ans/encode.x /mnt/data/datasets/machine-learning-matrices-split/covtype.csv.16.1.B.vc
Ans-fold time: 0.2343
==== Integer vector .C compression
Command: /home/louza/mm-repair/sdsl/encode.x /mnt/data/datasets/machine-learning-matrices-split/covtype.csv.16.2.A.vc.C 
==== Integer vector .R compression
Command: /home/louza/mm-repair/sdsl/encode.x /mnt/data/datasets/machine-learning-matrices-split/covtype.csv.16.2.A.vc.R 
Integer vector compression time: 0.5770
==== OLE
Command: /home/louza/mm-repair/ole/encode.x /mnt/data/datasets/machine-learning-matrices-split/covtype.csv.16.2.A.vc.C 
Command: /home/louza/mm-repair/ole/encode.x /mnt/data/datasets/machine-learning-matrices-split/covtype.csv.16.2.B.vc 
OLE time: 0.0655
==== Ans-fold compression
Command: /home/louza/mm-repair/ans/encode.x /mnt/data/datasets/machine-learning-matrices-split/covtype.csv.16.2.A.vc.C 
Command: /home/louza/mm-repair/ans/encode.x /mnt/data/datasets/machine-learning-matrices-split/covtype.csv.16.2.B.vc
Ans-fold time: 0.3592
==== Integer vector .C compression
Command: /home/louza/mm-repair/sdsl/encode.x /mnt/data/datasets/machine-learning-matrices-split/covtype.csv.16.3.A.vc.C 
==== Integer vector .R compression
Command: /home/louza/mm-repair/sdsl/encode.x /mnt/data/datasets/machine-learning-matrices-split/covtype.csv.16.3.A.vc.R 
Integer vector compression time: 0.2617
==== OLE
Command: /home/louza/mm-repair/ole/encode.x /mnt/data/datasets/machine-learning-matrices-split/covtype.csv.16.3.A.vc.C 
Command: /home/louza/mm-repair/ole/encode.x /mnt/data/datasets/machine-learning-matrices-split/covtype.csv.16.3.B.vc 
OLE time: 0.0294
==== Ans-fold compression
Command: /home/louza/mm-repair/ans/encode.x /mnt/data/datasets/machine-learning-matrices-split/covtype.csv.16.3.A.vc.C 
Command: /home/louza/mm-repair/ans/encode.x /mnt/data/datasets/machine-learning-matrices-split/covtype.csv.16.3.B.vc
Ans-fold time: 0.5629
==== Integer vector .C compression
Command: /home/louza/mm-repair/sdsl/encode.x /mnt/data/datasets/machine-learning-matrices-split/covtype.csv.16.4.A.vc.C 
==== Integer vector .R compression
Command: /home/louza/mm-repair/sdsl/encode.x /mnt/data/datasets/machine-learning-matrices-split/covtype.csv.16.4.A.vc.R 
Integer vector compression time: 0.3139
==== OLE
Command: /home/louza/mm-repair/ole/encode.x /mnt/data/datasets/machine-learning-matrices-split/covtype.csv.16.4.A.vc.C 
Command: /home/louza/mm-repair/ole/encode.x /mnt/data/datasets/machine-learning-matrices-split/covtype.csv.16.4.B.vc 
OLE time: 0.0155
==== Ans-fold compression
Command: /home/louza/mm-repair/ans/encode.x /mnt/data/datasets/machine-learning-matrices-split/covtype.csv.16.4.A.vc.C 
Command: /home/louza/mm-repair/ans/encode.x /mnt/data/datasets/machine-learning-matrices-split/covtype.csv.16.4.B.vc
Ans-fold time: 0.8888
==== Integer vector .C compression
Command: /home/louza/mm-repair/sdsl/encode.x /mnt/data/datasets/machine-learning-matrices-split/covtype.csv.16.5.A.vc.C 
==== Integer vector .R compression
Command: /home/louza/mm-repair/sdsl/encode.x /mnt/data/datasets/machine-learning-matrices-split/covtype.csv.16.5.A.vc.R 
Integer vector compression time: 0.1172
==== OLE
Command: /home/louza/mm-repair/ole/encode.x /mnt/data/datasets/machine-learning-matrices-split/covtype.csv.16.5.A.vc.C 
Command: /home/louza/mm-repair/ole/encode.x /mnt/data/datasets/machine-learning-matrices-split/covtype.csv.16.5.B.vc 
OLE time: 0.0501
==== Ans-fold compression
Command: /home/louza/mm-repair/ans/encode.x /mnt/data/datasets/machine-learning-matrices-split/covtype.csv.16.5.A.vc.C 
Command: /home/louza/mm-repair/ans/encode.x /mnt/data/datasets/machine-learning-matrices-split/covtype.csv.16.5.B.vc
Ans-fold time: 0.9820
==== Integer vector .C compression
Command: /home/louza/mm-repair/sdsl/encode.x /mnt/data/datasets/machine-learning-matrices-split/covtype.csv.16.6.A.vc.C 
==== Integer vector .R compression
Command: /home/louza/mm-repair/sdsl/encode.x /mnt/data/datasets/machine-learning-matrices-split/covtype.csv.16.6.A.vc.R 
Integer vector compression time: 0.1311
==== OLE
Command: /home/louza/mm-repair/ole/encode.x /mnt/data/datasets/machine-learning-matrices-split/covtype.csv.16.6.A.vc.C 
Command: /home/louza/mm-repair/ole/encode.x /mnt/data/datasets/machine-learning-matrices-split/covtype.csv.16.6.B.vc 
OLE time: 0.0107
==== Ans-fold compression
Command: /home/louza/mm-repair/ans/encode.x /mnt/data/datasets/machine-learning-matrices-split/covtype.csv.16.6.A.vc.C 
Command: /home/louza/mm-repair/ans/encode.x /mnt/data/datasets/machine-learning-matrices-split/covtype.csv.16.6.B.vc
Ans-fold time: 1.1069
==== Integer vector .C compression
Command: /home/louza/mm-repair/sdsl/encode.x /mnt/data/datasets/machine-learning-matrices-split/covtype.csv.16.7.A.vc.C 
==== Integer vector .R compression
Command: /home/louza/mm-repair/sdsl/encode.x /mnt/data/datasets/machine-learning-matrices-split/covtype.csv.16.7.A.vc.R 
Integer vector compression time: 0.1773
==== OLE
Command: /home/louza/mm-repair/ole/encode.x /mnt/data/datasets/machine-learning-matrices-split/covtype.csv.16.7.A.vc.C 
Command: /home/louza/mm-repair/ole/encode.x /mnt/data/datasets/machine-learning-matrices-split/covtype.csv.16.7.B.vc 
OLE time: 0.0423
==== Ans-fold compression
Command: /home/louza/mm-repair/ans/encode.x /mnt/data/datasets/machine-learning-matrices-split/covtype.csv.16.7.A.vc.C 
Command: /home/louza/mm-repair/ans/encode.x /mnt/data/datasets/machine-learning-matrices-split/covtype.csv.16.7.B.vc
Ans-fold time: 1.4419
==== Integer vector .C compression
Command: /home/louza/mm-repair/sdsl/encode.x /mnt/data/datasets/machine-learning-matrices-split/covtype.csv.16.8.A.vc.C 
==== Integer vector .R compression
Command: /home/louza/mm-repair/sdsl/encode.x /mnt/data/datasets/machine-learning-matrices-split/covtype.csv.16.8.A.vc.R 
Integer vector compression time: 0.0832
==== OLE
Command: /home/louza/mm-repair/ole/encode.x /mnt/data/datasets/machine-learning-matrices-split/covtype.csv.16.8.A.vc.C 
Command: /home/louza/mm-repair/ole/encode.x /mnt/data/datasets/machine-learning-matrices-split/covtype.csv.16.8.B.vc 
OLE time: 0.0087
==== Ans-fold compression
Command: /home/louza/mm-repair/ans/encode.x /mnt/data/datasets/machine-learning-matrices-split/covtype.csv.16.8.A.vc.C 
Command: /home/louza/mm-repair/ans/encode.x /mnt/data/datasets/machine-learning-matrices-split/covtype.csv.16.8.B.vc
Ans-fold time: 1.5433
==== Integer vector .C compression
Command: /home/louza/mm-repair/sdsl/encode.x /mnt/data/datasets/machine-learning-matrices-split/covtype.csv.16.9.A.vc.C 
==== Integer vector .R compression
Command: /home/louza/mm-repair/sdsl/encode.x /mnt/data/datasets/machine-learning-matrices-split/covtype.csv.16.9.A.vc.R 
Integer vector compression time: 0.1808
==== OLE
Command: /home/louza/mm-repair/ole/encode.x /mnt/data/datasets/machine-learning-matrices-split/covtype.csv.16.9.A.vc.C 
Command: /home/louza/mm-repair/ole/encode.x /mnt/data/datasets/machine-learning-matrices-split/covtype.csv.16.9.B.vc 
OLE time: 0.1607
==== Ans-fold compression
Command: /home/louza/mm-repair/ans/encode.x /mnt/data/datasets/machine-learning-matrices-split/covtype.csv.16.9.A.vc.C 
Command: /home/louza/mm-repair/ans/encode.x /mnt/data/datasets/machine-learning-matrices-split/covtype.csv.16.9.B.vc
Ans-fold time: 1.6149
==== Integer vector .C compression
Command: /home/louza/mm-repair/sdsl/encode.x /mnt/data/datasets/machine-learning-matrices-split/covtype.csv.16.10.A.vc.C 
==== Integer vector .R compression
Command: /home/louza/mm-repair/sdsl/encode.x /mnt/data/datasets/machine-learning-matrices-split/covtype.csv.16.10.A.vc.R 
Integer vector compression time: 0.1659
==== OLE
Command: /home/louza/mm-repair/ole/encode.x /mnt/data/datasets/machine-learning-matrices-split/covtype.csv.16.10.A.vc.C 
Command: /home/louza/mm-repair/ole/encode.x /mnt/data/datasets/machine-learning-matrices-split/covtype.csv.16.10.B.vc 
OLE time: 0.0432
==== Ans-fold compression
Command: /home/louza/mm-repair/ans/encode.x /mnt/data/datasets/machine-learning-matrices-split/covtype.csv.16.10.A.vc.C 
Command: /home/louza/mm-repair/ans/encode.x /mnt/data/datasets/machine-learning-matrices-split/covtype.csv.16.10.B.vc
Ans-fold time: 1.8745
==== Integer vector .C compression
Command: /home/louza/mm-repair/sdsl/encode.x /mnt/data/datasets/machine-learning-matrices-split/covtype.csv.16.11.A.vc.C 
==== Integer vector .R compression
Command: /home/louza/mm-repair/sdsl/encode.x /mnt/data/datasets/machine-learning-matrices-split/covtype.csv.16.11.A.vc.R 
Integer vector compression time: 0.0970
==== OLE
Command: /home/louza/mm-repair/ole/encode.x /mnt/data/datasets/machine-learning-matrices-split/covtype.csv.16.11.A.vc.C 
Command: /home/louza/mm-repair/ole/encode.x /mnt/data/datasets/machine-learning-matrices-split/covtype.csv.16.11.B.vc 
OLE time: 0.1167
==== Ans-fold compression
Command: /home/louza/mm-repair/ans/encode.x /mnt/data/datasets/machine-learning-matrices-split/covtype.csv.16.11.A.vc.C 
Command: /home/louza/mm-repair/ans/encode.x /mnt/data/datasets/machine-learning-matrices-split/covtype.csv.16.11.B.vc
Ans-fold time: 1.9893
==== Integer vector .C compression
Command: /home/louza/mm-repair/sdsl/encode.x /mnt/data/datasets/machine-learning-matrices-split/covtype.csv.16.12.A.vc.C 
==== Integer vector .R compression
Command: /home/louza/mm-repair/sdsl/encode.x /mnt/data/datasets/machine-learning-matrices-split/covtype.csv.16.12.A.vc.R 
Integer vector compression time: 0.3203
==== OLE
Command: /home/louza/mm-repair/ole/encode.x /mnt/data/datasets/machine-learning-matrices-split/covtype.csv.16.12.A.vc.C 
Command: /home/louza/mm-repair/ole/encode.x /mnt/data/datasets/machine-learning-matrices-split/covtype.csv.16.12.B.vc 
OLE time: 0.0093
==== Ans-fold compression
Command: /home/louza/mm-repair/ans/encode.x /mnt/data/datasets/machine-learning-matrices-split/covtype.csv.16.12.A.vc.C 
Command: /home/louza/mm-repair/ans/encode.x /mnt/data/datasets/machine-learning-matrices-split/covtype.csv.16.12.B.vc
Ans-fold time: 2.1388
==== Integer vector .C compression
Command: /home/louza/mm-repair/sdsl/encode.x /mnt/data/datasets/machine-learning-matrices-split/covtype.csv.16.13.A.vc.C 
==== Integer vector .R compression
Command: /home/louza/mm-repair/sdsl/encode.x /mnt/data/datasets/machine-learning-matrices-split/covtype.csv.16.13.A.vc.R 
Integer vector compression time: 0.2419
==== OLE
Command: /home/louza/mm-repair/ole/encode.x /mnt/data/datasets/machine-learning-matrices-split/covtype.csv.16.13.A.vc.C 
Command: /home/louza/mm-repair/ole/encode.x /mnt/data/datasets/machine-learning-matrices-split/covtype.csv.16.13.B.vc 
OLE time: 0.0057
==== Ans-fold compression
Command: /home/louza/mm-repair/ans/encode.x /mnt/data/datasets/machine-learning-matrices-split/covtype.csv.16.13.A.vc.C 
Command: /home/louza/mm-repair/ans/encode.x /mnt/data/datasets/machine-learning-matrices-split/covtype.csv.16.13.B.vc
Ans-fold time: 2.3101
==== Integer vector .C compression
Command: /home/louza/mm-repair/sdsl/encode.x /mnt/data/datasets/machine-learning-matrices-split/covtype.csv.16.14.A.vc.C 
==== Integer vector .R compression
Command: /home/louza/mm-repair/sdsl/encode.x /mnt/data/datasets/machine-learning-matrices-split/covtype.csv.16.14.A.vc.R 
Integer vector compression time: 0.1560
==== OLE
Command: /home/louza/mm-repair/ole/encode.x /mnt/data/datasets/machine-learning-matrices-split/covtype.csv.16.14.A.vc.C 
Command: /home/louza/mm-repair/ole/encode.x /mnt/data/datasets/machine-learning-matrices-split/covtype.csv.16.14.B.vc 
OLE time: 0.0055
==== Ans-fold compression
Command: /home/louza/mm-repair/ans/encode.x /mnt/data/datasets/machine-learning-matrices-split/covtype.csv.16.14.A.vc.C 
Command: /home/louza/mm-repair/ans/encode.x /mnt/data/datasets/machine-learning-matrices-split/covtype.csv.16.14.B.vc
Ans-fold time: 2.8410
==== Integer vector .C compression
Command: /home/louza/mm-repair/sdsl/encode.x /mnt/data/datasets/machine-learning-matrices-split/covtype.csv.16.15.A.vc.C 
==== Integer vector .R compression
Command: /home/louza/mm-repair/sdsl/encode.x /mnt/data/datasets/machine-learning-matrices-split/covtype.csv.16.15.A.vc.R 
Integer vector compression time: 0.2901
==== OLE
Command: /home/louza/mm-repair/ole/encode.x /mnt/data/datasets/machine-learning-matrices-split/covtype.csv.16.15.A.vc.C 
Command: /home/louza/mm-repair/ole/encode.x /mnt/data/datasets/machine-learning-matrices-split/covtype.csv.16.15.B.vc 
OLE time: 0.2725
==== Ans-fold compression
Command: /home/louza/mm-repair/ans/encode.x /mnt/data/datasets/machine-learning-matrices-split/covtype.csv.16.15.A.vc.C 
Command: /home/louza/mm-repair/ans/encode.x /mnt/data/datasets/machine-learning-matrices-split/covtype.csv.16.15.B.vc
Ans-fold time: 3.1075
Elapsed time: 23.3174
==== Compression Report:
 >> matrix name: /mnt/data/datasets/machine-learning-matrices-split/covtype.csv
 >> conversion time: 13.78
 >> repair time: 0.45
 >> integer vectors time: 0.29
 >> ansf time: 3.11
 >> total time: 23.32
 >> matrix log(alpha)xNumEntries size: 50983803 bytes
 >> matrix dense size: 250997184 bytes
 >> total number of nonzero: 5206872 (16.60%)
 >> number of distinct nonzero: 6682
 >> CRSV  size: 23204992 bytes  (9.25%)
 >> B	  size: 9103660 bytes  (3.63%)
 >> B_ans size: 3853507 bytes  (1.54%)
 >> RE32  size: 19137559 bytes  (7.62%)
 >> REIV  size: 12950555 bytes  (5.16%)
 >> REANS size: 11110536 bytes  (4.43%)
==== Done

#### 2026-09-04 08:39:15
 Command line: ./mm-repair/matrepair -r -b 16 -p 16 /mnt/data/datasets/machine-learning-matrices-split/covtype.csv 581012 54 --mapping --split 
Setting memory for each repair instance to 29003 MBs
Sending logging messages to file: /mnt/data/datasets/machine-learning-matrices-split/covtype.csv.log
==== Conversion bin/csv->csrv
Command: /home/louza/mm-repair/csvmat2csrv -b 16   /mnt/data/datasets/machine-learning-matrices-split/covtype.csv -r 0 -m -s 581012 54
Conversion time: 17.4403
==== Repair paralell compression
---- Executing 16 parallel processes
---- Parallel processing completed
Repair time: 0.7557
==== Integer vector .C compression
Command: /home/louza/mm-repair/sdsl/encode.x /mnt/data/datasets/machine-learning-matrices-split/covtype.csv.16.0.A.vc.C 
==== Integer vector .R compression
Command: /home/louza/mm-repair/sdsl/encode.x /mnt/data/datasets/machine-learning-matrices-split/covtype.csv.16.0.A.vc.R 
Integer vector compression time: 0.3464
==== Ans-fold compression
Command: /home/louza/mm-repair/ans/encode.x /mnt/data/datasets/machine-learning-matrices-split/covtype.csv.16.0.A.vc.C 
Command: /home/louza/mm-repair/ans/encode.x /mnt/data/datasets/machine-learning-matrices-split/covtype.csv.16.0.B.vc
Ans-fold time: 0.1210
==== Integer vector .C compression
Command: /home/louza/mm-repair/sdsl/encode.x /mnt/data/datasets/machine-learning-matrices-split/covtype.csv.16.1.A.vc.C 
==== Integer vector .R compression
Command: /home/louza/mm-repair/sdsl/encode.x /mnt/data/datasets/machine-learning-matrices-split/covtype.csv.16.1.A.vc.R 
Integer vector compression time: 0.3444
==== Ans-fold compression
Command: /home/louza/mm-repair/ans/encode.x /mnt/data/datasets/machine-learning-matrices-split/covtype.csv.16.1.A.vc.C 
Command: /home/louza/mm-repair/ans/encode.x /mnt/data/datasets/machine-learning-matrices-split/covtype.csv.16.1.B.vc
Ans-fold time: 0.4101
==== Integer vector .C compression
Command: /home/louza/mm-repair/sdsl/encode.x /mnt/data/datasets/machine-learning-matrices-split/covtype.csv.16.2.A.vc.C 
==== Integer vector .R compression
Command: /home/louza/mm-repair/sdsl/encode.x /mnt/data/datasets/machine-learning-matrices-split/covtype.csv.16.2.A.vc.R 
Integer vector compression time: 0.4053
==== Ans-fold compression
Command: /home/louza/mm-repair/ans/encode.x /mnt/data/datasets/machine-learning-matrices-split/covtype.csv.16.2.A.vc.C 
Command: /home/louza/mm-repair/ans/encode.x /mnt/data/datasets/machine-learning-matrices-split/covtype.csv.16.2.B.vc
Ans-fold time: 1.2533
==== Integer vector .C compression
Command: /home/louza/mm-repair/sdsl/encode.x /mnt/data/datasets/machine-learning-matrices-split/covtype.csv.16.3.A.vc.C 
==== Integer vector .R compression
Command: /home/louza/mm-repair/sdsl/encode.x /mnt/data/datasets/machine-learning-matrices-split/covtype.csv.16.3.A.vc.R 
Integer vector compression time: 0.1233
==== Ans-fold compression
Command: /home/louza/mm-repair/ans/encode.x /mnt/data/datasets/machine-learning-matrices-split/covtype.csv.16.3.A.vc.C 
Command: /home/louza/mm-repair/ans/encode.x /mnt/data/datasets/machine-learning-matrices-split/covtype.csv.16.3.B.vc
Ans-fold time: 1.3356
==== Integer vector .C compression
Command: /home/louza/mm-repair/sdsl/encode.x /mnt/data/datasets/machine-learning-matrices-split/covtype.csv.16.4.A.vc.C 
==== Integer vector .R compression
Command: /home/louza/mm-repair/sdsl/encode.x /mnt/data/datasets/machine-learning-matrices-split/covtype.csv.16.4.A.vc.R 
Integer vector compression time: 0.3444
==== Ans-fold compression
Command: /home/louza/mm-repair/ans/encode.x /mnt/data/datasets/machine-learning-matrices-split/covtype.csv.16.4.A.vc.C 
Command: /home/louza/mm-repair/ans/encode.x /mnt/data/datasets/machine-learning-matrices-split/covtype.csv.16.4.B.vc
Ans-fold time: 1.7008
==== Integer vector .C compression
Command: /home/louza/mm-repair/sdsl/encode.x /mnt/data/datasets/machine-learning-matrices-split/covtype.csv.16.5.A.vc.C 
==== Integer vector .R compression
Command: /home/louza/mm-repair/sdsl/encode.x /mnt/data/datasets/machine-learning-matrices-split/covtype.csv.16.5.A.vc.R 
Integer vector compression time: 0.6192
==== Ans-fold compression
Command: /home/louza/mm-repair/ans/encode.x /mnt/data/datasets/machine-learning-matrices-split/covtype.csv.16.5.A.vc.C 
Command: /home/louza/mm-repair/ans/encode.x /mnt/data/datasets/machine-learning-matrices-split/covtype.csv.16.5.B.vc
Ans-fold time: 1.9122
==== Integer vector .C compression
Command: /home/louza/mm-repair/sdsl/encode.x /mnt/data/datasets/machine-learning-matrices-split/covtype.csv.16.6.A.vc.C 
==== Integer vector .R compression
Command: /home/louza/mm-repair/sdsl/encode.x /mnt/data/datasets/machine-learning-matrices-split/covtype.csv.16.6.A.vc.R 
Integer vector compression time: 0.4454
==== Ans-fold compression
Command: /home/louza/mm-repair/ans/encode.x /mnt/data/datasets/machine-learning-matrices-split/covtype.csv.16.6.A.vc.C 
Command: /home/louza/mm-repair/ans/encode.x /mnt/data/datasets/machine-learning-matrices-split/covtype.csv.16.6.B.vc
Ans-fold time: 2.0891
==== Integer vector .C compression
Command: /home/louza/mm-repair/sdsl/encode.x /mnt/data/datasets/machine-learning-matrices-split/covtype.csv.16.7.A.vc.C 
==== Integer vector .R compression
Command: /home/louza/mm-repair/sdsl/encode.x /mnt/data/datasets/machine-learning-matrices-split/covtype.csv.16.7.A.vc.R 
Integer vector compression time: 0.6803
==== Ans-fold compression
Command: /home/louza/mm-repair/ans/encode.x /mnt/data/datasets/machine-learning-matrices-split/covtype.csv.16.7.A.vc.C 
Command: /home/louza/mm-repair/ans/encode.x /mnt/data/datasets/machine-learning-matrices-split/covtype.csv.16.7.B.vc
Ans-fold time: 2.2956
==== Integer vector .C compression
Command: /home/louza/mm-repair/sdsl/encode.x /mnt/data/datasets/machine-learning-matrices-split/covtype.csv.16.8.A.vc.C 
==== Integer vector .R compression
Command: /home/louza/mm-repair/sdsl/encode.x /mnt/data/datasets/machine-learning-matrices-split/covtype.csv.16.8.A.vc.R 
Integer vector compression time: 0.5110
==== Ans-fold compression
Command: /home/louza/mm-repair/ans/encode.x /mnt/data/datasets/machine-learning-matrices-split/covtype.csv.16.8.A.vc.C 
Command: /home/louza/mm-repair/ans/encode.x /mnt/data/datasets/machine-learning-matrices-split/covtype.csv.16.8.B.vc
Ans-fold time: 2.7935
==== Integer vector .C compression
Command: /home/louza/mm-repair/sdsl/encode.x /mnt/data/datasets/machine-learning-matrices-split/covtype.csv.16.9.A.vc.C 
==== Integer vector .R compression
Command: /home/louza/mm-repair/sdsl/encode.x /mnt/data/datasets/machine-learning-matrices-split/covtype.csv.16.9.A.vc.R 
Integer vector compression time: 0.2926
==== Ans-fold compression
Command: /home/louza/mm-repair/ans/encode.x /mnt/data/datasets/machine-learning-matrices-split/covtype.csv.16.9.A.vc.C 
Command: /home/louza/mm-repair/ans/encode.x /mnt/data/datasets/machine-learning-matrices-split/covtype.csv.16.9.B.vc
Ans-fold time: 3.0045
==== Integer vector .C compression
Command: /home/louza/mm-repair/sdsl/encode.x /mnt/data/datasets/machine-learning-matrices-split/covtype.csv.16.10.A.vc.C 
==== Integer vector .R compression
Command: /home/louza/mm-repair/sdsl/encode.x /mnt/data/datasets/machine-learning-matrices-split/covtype.csv.16.10.A.vc.R 
Integer vector compression time: 0.4444
==== Ans-fold compression
Command: /home/louza/mm-repair/ans/encode.x /mnt/data/datasets/machine-learning-matrices-split/covtype.csv.16.10.A.vc.C 
Command: /home/louza/mm-repair/ans/encode.x /mnt/data/datasets/machine-learning-matrices-split/covtype.csv.16.10.B.vc
Ans-fold time: 3.2062
==== Integer vector .C compression
Command: /home/louza/mm-repair/sdsl/encode.x /mnt/data/datasets/machine-learning-matrices-split/covtype.csv.16.11.A.vc.C 
==== Integer vector .R compression
Command: /home/louza/mm-repair/sdsl/encode.x /mnt/data/datasets/machine-learning-matrices-split/covtype.csv.16.11.A.vc.R 
Integer vector compression time: 0.3218
==== Ans-fold compression
Command: /home/louza/mm-repair/ans/encode.x /mnt/data/datasets/machine-learning-matrices-split/covtype.csv.16.11.A.vc.C 
Command: /home/louza/mm-repair/ans/encode.x /mnt/data/datasets/machine-learning-matrices-split/covtype.csv.16.11.B.vc
Ans-fold time: 3.6932
==== Integer vector .C compression
Command: /home/louza/mm-repair/sdsl/encode.x /mnt/data/datasets/machine-learning-matrices-split/covtype.csv.16.12.A.vc.C 
==== Integer vector .R compression
Command: /home/louza/mm-repair/sdsl/encode.x /mnt/data/datasets/machine-learning-matrices-split/covtype.csv.16.12.A.vc.R 
Integer vector compression time: 0.1034
==== Ans-fold compression
Command: /home/louza/mm-repair/ans/encode.x /mnt/data/datasets/machine-learning-matrices-split/covtype.csv.16.12.A.vc.C 
Command: /home/louza/mm-repair/ans/encode.x /mnt/data/datasets/machine-learning-matrices-split/covtype.csv.16.12.B.vc
Ans-fold time: 4.1971
==== Integer vector .C compression
Command: /home/louza/mm-repair/sdsl/encode.x /mnt/data/datasets/machine-learning-matrices-split/covtype.csv.16.13.A.vc.C 
==== Integer vector .R compression
Command: /home/louza/mm-repair/sdsl/encode.x /mnt/data/datasets/machine-learning-matrices-split/covtype.csv.16.13.A.vc.R 
Integer vector compression time: 0.6191
==== Ans-fold compression
Command: /home/louza/mm-repair/ans/encode.x /mnt/data/datasets/machine-learning-matrices-split/covtype.csv.16.13.A.vc.C 
Command: /home/louza/mm-repair/ans/encode.x /mnt/data/datasets/machine-learning-matrices-split/covtype.csv.16.13.B.vc
Ans-fold time: 4.4737
==== Integer vector .C compression
Command: /home/louza/mm-repair/sdsl/encode.x /mnt/data/datasets/machine-learning-matrices-split/covtype.csv.16.14.A.vc.C 
==== Integer vector .R compression
Command: /home/louza/mm-repair/sdsl/encode.x /mnt/data/datasets/machine-learning-matrices-split/covtype.csv.16.14.A.vc.R 
Integer vector compression time: 0.3068
==== Ans-fold compression
Command: /home/louza/mm-repair/ans/encode.x /mnt/data/datasets/machine-learning-matrices-split/covtype.csv.16.14.A.vc.C 
Command: /home/louza/mm-repair/ans/encode.x /mnt/data/datasets/machine-learning-matrices-split/covtype.csv.16.14.B.vc
Ans-fold time: 4.6542
==== Integer vector .C compression
Command: /home/louza/mm-repair/sdsl/encode.x /mnt/data/datasets/machine-learning-matrices-split/covtype.csv.16.15.A.vc.C 
==== Integer vector .R compression
Command: /home/louza/mm-repair/sdsl/encode.x /mnt/data/datasets/machine-learning-matrices-split/covtype.csv.16.15.A.vc.R 
Integer vector compression time: 0.2701
==== Ans-fold compression
Command: /home/louza/mm-repair/ans/encode.x /mnt/data/datasets/machine-learning-matrices-split/covtype.csv.16.15.A.vc.C 
Command: /home/louza/mm-repair/ans/encode.x /mnt/data/datasets/machine-learning-matrices-split/covtype.csv.16.15.B.vc
Ans-fold time: 4.8731
Command: /home/louza/mm-repair/ans/encode.x /mnt/data/datasets/machine-learning-matrices-split/covtype.csv.wcode 
Elapsed time: 29.2525
==== Compression Report:
 >> matrix name: /mnt/data/datasets/machine-learning-matrices-split/covtype.csv
 >> conversion time: 17.44
 >> repair time: 0.76
 >> integer vectors time: 0.27
 >> ansf time: 4.87
 >> total time: 29.25
 >> wcode: 63808 bytes
 >> wcode_ans: 5738 bytes
 >> matrix log(alpha)xNumEntries size: 50983803 bytes
 >> matrix dense size: 250997184 bytes
 >> total number of nonzero: 5206872 (16.60%)
 >> number of distinct nonzero: 6682
 >> CRSV  size: 23204992 bytes  (9.25%)
 >> B	  size: 9103660 bytes  (3.63%)
 >> B_ans size: 3081034 bytes  (1.23%)
 >> RE32  size: 18428894 bytes  (7.34%)
 >> REIV  size: 10813994 bytes  (4.31%)
 >> REANS size: 9455633 bytes  (3.77%)
==== Done

#### 2026-09-04 08:39:45
 Command line: ./mm-repair/matrepair -r -b 16 -p 16 /mnt/data/datasets/machine-learning-matrices-split/covtype.csv 581012 54 --ole --mapping --split 
Setting memory for each repair instance to 29003 MBs
Sending logging messages to file: /mnt/data/datasets/machine-learning-matrices-split/covtype.csv.log
==== Conversion bin/csv->csrv
Command: /home/louza/mm-repair/csvmat2csrv -b 16   /mnt/data/datasets/machine-learning-matrices-split/covtype.csv -r 0 -m -s 581012 54
Conversion time: 17.4465
==== Repair paralell compression
---- Executing 16 parallel processes
---- Parallel processing completed
Repair time: 5.1416
==== Integer vector .C compression
Command: /home/louza/mm-repair/sdsl/encode.x /mnt/data/datasets/machine-learning-matrices-split/covtype.csv.16.0.A.vc.C 
==== Integer vector .R compression
Command: /home/louza/mm-repair/sdsl/encode.x /mnt/data/datasets/machine-learning-matrices-split/covtype.csv.16.0.A.vc.R 
Integer vector compression time: 0.7740
==== OLE
Command: /home/louza/mm-repair/ole/encode.x /mnt/data/datasets/machine-learning-matrices-split/covtype.csv.16.0.A.vc.C 
Command: /home/louza/mm-repair/ole/encode.x /mnt/data/datasets/machine-learning-matrices-split/covtype.csv.16.0.B.vc 
OLE time: 0.0389
==== Ans-fold compression
Command: /home/louza/mm-repair/ans/encode.x /mnt/data/datasets/machine-learning-matrices-split/covtype.csv.16.0.A.vc.C 
Command: /home/louza/mm-repair/ans/encode.x /mnt/data/datasets/machine-learning-matrices-split/covtype.csv.16.0.B.vc
Ans-fold time: 0.6608
==== Integer vector .C compression
Command: /home/louza/mm-repair/sdsl/encode.x /mnt/data/datasets/machine-learning-matrices-split/covtype.csv.16.1.A.vc.C 
==== Integer vector .R compression
Command: /home/louza/mm-repair/sdsl/encode.x /mnt/data/datasets/machine-learning-matrices-split/covtype.csv.16.1.A.vc.R 
Integer vector compression time: 1.5184
==== OLE
Command: /home/louza/mm-repair/ole/encode.x /mnt/data/datasets/machine-learning-matrices-split/covtype.csv.16.1.A.vc.C 
Command: /home/louza/mm-repair/ole/encode.x /mnt/data/datasets/machine-learning-matrices-split/covtype.csv.16.1.B.vc 
OLE time: 0.2247
==== Ans-fold compression
Command: /home/louza/mm-repair/ans/encode.x /mnt/data/datasets/machine-learning-matrices-split/covtype.csv.16.1.A.vc.C 
Command: /home/louza/mm-repair/ans/encode.x /mnt/data/datasets/machine-learning-matrices-split/covtype.csv.16.1.B.vc
Ans-fold time: 1.1184
==== Integer vector .C compression
Command: /home/louza/mm-repair/sdsl/encode.x /mnt/data/datasets/machine-learning-matrices-split/covtype.csv.16.2.A.vc.C 
==== Integer vector .R compression
Command: /home/louza/mm-repair/sdsl/encode.x /mnt/data/datasets/machine-learning-matrices-split/covtype.csv.16.2.A.vc.R 
Integer vector compression time: 0.7874
==== OLE
Command: /home/louza/mm-repair/ole/encode.x /mnt/data/datasets/machine-learning-matrices-split/covtype.csv.16.2.A.vc.C 
Command: /home/louza/mm-repair/ole/encode.x /mnt/data/datasets/machine-learning-matrices-split/covtype.csv.16.2.B.vc 
OLE time: 0.0085
==== Ans-fold compression
Command: /home/louza/mm-repair/ans/encode.x /mnt/data/datasets/machine-learning-matrices-split/covtype.csv.16.2.A.vc.C 
Command: /home/louza/mm-repair/ans/encode.x /mnt/data/datasets/machine-learning-matrices-split/covtype.csv.16.2.B.vc
Ans-fold time: 1.6840
==== Integer vector .C compression
Command: /home/louza/mm-repair/sdsl/encode.x /mnt/data/datasets/machine-learning-matrices-split/covtype.csv.16.3.A.vc.C 
==== Integer vector .R compression
Command: /home/louza/mm-repair/sdsl/encode.x /mnt/data/datasets/machine-learning-matrices-split/covtype.csv.16.3.A.vc.R 
Integer vector compression time: 0.0891
==== OLE
Command: /home/louza/mm-repair/ole/encode.x /mnt/data/datasets/machine-learning-matrices-split/covtype.csv.16.3.A.vc.C 
Command: /home/louza/mm-repair/ole/encode.x /mnt/data/datasets/machine-learning-matrices-split/covtype.csv.16.3.B.vc 
OLE time: 0.1376
==== Ans-fold compression
Command: /home/louza/mm-repair/ans/encode.x /mnt/data/datasets/machine-learning-matrices-split/covtype.csv.16.3.A.vc.C 
Command: /home/louza/mm-repair/ans/encode.x /mnt/data/datasets/machine-learning-matrices-split/covtype.csv.16.3.B.vc
Ans-fold time: 1.7978
==== Integer vector .C compression
Command: /home/louza/mm-repair/sdsl/encode.x /mnt/data/datasets/machine-learning-matrices-split/covtype.csv.16.4.A.vc.C 
==== Integer vector .R compression
Command: /home/louza/mm-repair/sdsl/encode.x /mnt/data/datasets/machine-learning-matrices-split/covtype.csv.16.4.A.vc.R 
Integer vector compression time: 0.4844
==== OLE
Command: /home/louza/mm-repair/ole/encode.x /mnt/data/datasets/machine-learning-matrices-split/covtype.csv.16.4.A.vc.C 
Command: /home/louza/mm-repair/ole/encode.x /mnt/data/datasets/machine-learning-matrices-split/covtype.csv.16.4.B.vc 
OLE time: 0.0139
==== Ans-fold compression
Command: /home/louza/mm-repair/ans/encode.x /mnt/data/datasets/machine-learning-matrices-split/covtype.csv.16.4.A.vc.C 
Command: /home/louza/mm-repair/ans/encode.x /mnt/data/datasets/machine-learning-matrices-split/covtype.csv.16.4.B.vc
Ans-fold time: 2.6353
==== Integer vector .C compression
Command: /home/louza/mm-repair/sdsl/encode.x /mnt/data/datasets/machine-learning-matrices-split/covtype.csv.16.5.A.vc.C 
==== Integer vector .R compression
Command: /home/louza/mm-repair/sdsl/encode.x /mnt/data/datasets/machine-learning-matrices-split/covtype.csv.16.5.A.vc.R 
Integer vector compression time: 0.7515
==== OLE
Command: /home/louza/mm-repair/ole/encode.x /mnt/data/datasets/machine-learning-matrices-split/covtype.csv.16.5.A.vc.C 
Command: /home/louza/mm-repair/ole/encode.x /mnt/data/datasets/machine-learning-matrices-split/covtype.csv.16.5.B.vc 
OLE time: 0.0097
==== Ans-fold compression
Command: /home/louza/mm-repair/ans/encode.x /mnt/data/datasets/machine-learning-matrices-split/covtype.csv.16.5.A.vc.C 
Command: /home/louza/mm-repair/ans/encode.x /mnt/data/datasets/machine-learning-matrices-split/covtype.csv.16.5.B.vc
Ans-fold time: 3.2624
==== Integer vector .C compression
Command: /home/louza/mm-repair/sdsl/encode.x /mnt/data/datasets/machine-learning-matrices-split/covtype.csv.16.6.A.vc.C 
==== Integer vector .R compression
Command: /home/louza/mm-repair/sdsl/encode.x /mnt/data/datasets/machine-learning-matrices-split/covtype.csv.16.6.A.vc.R 
Integer vector compression time: 0.0673
==== OLE
Command: /home/louza/mm-repair/ole/encode.x /mnt/data/datasets/machine-learning-matrices-split/covtype.csv.16.6.A.vc.C 
Command: /home/louza/mm-repair/ole/encode.x /mnt/data/datasets/machine-learning-matrices-split/covtype.csv.16.6.B.vc 
OLE time: 0.0047
==== Ans-fold compression
Command: /home/louza/mm-repair/ans/encode.x /mnt/data/datasets/machine-learning-matrices-split/covtype.csv.16.6.A.vc.C 
Command: /home/louza/mm-repair/ans/encode.x /mnt/data/datasets/machine-learning-matrices-split/covtype.csv.16.6.B.vc
Ans-fold time: 3.5591
==== Integer vector .C compression
Command: /home/louza/mm-repair/sdsl/encode.x /mnt/data/datasets/machine-learning-matrices-split/covtype.csv.16.7.A.vc.C 
==== Integer vector .R compression
Command: /home/louza/mm-repair/sdsl/encode.x /mnt/data/datasets/machine-learning-matrices-split/covtype.csv.16.7.A.vc.R 
Integer vector compression time: 0.1894
==== OLE
Command: /home/louza/mm-repair/ole/encode.x /mnt/data/datasets/machine-learning-matrices-split/covtype.csv.16.7.A.vc.C 
Command: /home/louza/mm-repair/ole/encode.x /mnt/data/datasets/machine-learning-matrices-split/covtype.csv.16.7.B.vc 
OLE time: 0.0155
==== Ans-fold compression
Command: /home/louza/mm-repair/ans/encode.x /mnt/data/datasets/machine-learning-matrices-split/covtype.csv.16.7.A.vc.C 
Command: /home/louza/mm-repair/ans/encode.x /mnt/data/datasets/machine-learning-matrices-split/covtype.csv.16.7.B.vc
Ans-fold time: 4.3892
==== Integer vector .C compression
Command: /home/louza/mm-repair/sdsl/encode.x /mnt/data/datasets/machine-learning-matrices-split/covtype.csv.16.8.A.vc.C 
==== Integer vector .R compression
Command: /home/louza/mm-repair/sdsl/encode.x /mnt/data/datasets/machine-learning-matrices-split/covtype.csv.16.8.A.vc.R 
Integer vector compression time: 0.1663
==== OLE
Command: /home/louza/mm-repair/ole/encode.x /mnt/data/datasets/machine-learning-matrices-split/covtype.csv.16.8.A.vc.C 
Command: /home/louza/mm-repair/ole/encode.x /mnt/data/datasets/machine-learning-matrices-split/covtype.csv.16.8.B.vc 
OLE time: 0.8301
==== Ans-fold compression
Command: /home/louza/mm-repair/ans/encode.x /mnt/data/datasets/machine-learning-matrices-split/covtype.csv.16.8.A.vc.C 
Command: /home/louza/mm-repair/ans/encode.x /mnt/data/datasets/machine-learning-matrices-split/covtype.csv.16.8.B.vc
Ans-fold time: 5.3627
==== Integer vector .C compression
Command: /home/louza/mm-repair/sdsl/encode.x /mnt/data/datasets/machine-learning-matrices-split/covtype.csv.16.9.A.vc.C 
==== Integer vector .R compression
Command: /home/louza/mm-repair/sdsl/encode.x /mnt/data/datasets/machine-learning-matrices-split/covtype.csv.16.9.A.vc.R 
Integer vector compression time: 0.5284
==== OLE
Command: /home/louza/mm-repair/ole/encode.x /mnt/data/datasets/machine-learning-matrices-split/covtype.csv.16.9.A.vc.C 
Command: /home/louza/mm-repair/ole/encode.x /mnt/data/datasets/machine-learning-matrices-split/covtype.csv.16.9.B.vc 
OLE time: 0.0092
==== Ans-fold compression
Command: /home/louza/mm-repair/ans/encode.x /mnt/data/datasets/machine-learning-matrices-split/covtype.csv.16.9.A.vc.C 
Command: /home/louza/mm-repair/ans/encode.x /mnt/data/datasets/machine-learning-matrices-split/covtype.csv.16.9.B.vc
Ans-fold time: 5.4656
==== Integer vector .C compression
Command: /home/louza/mm-repair/sdsl/encode.x /mnt/data/datasets/machine-learning-matrices-split/covtype.csv.16.10.A.vc.C 
==== Integer vector .R compression
Command: /home/louza/mm-repair/sdsl/encode.x /mnt/data/datasets/machine-learning-matrices-split/covtype.csv.16.10.A.vc.R 
Integer vector compression time: 0.7711
==== OLE
Command: /home/louza/mm-repair/ole/encode.x /mnt/data/datasets/machine-learning-matrices-split/covtype.csv.16.10.A.vc.C 
Command: /home/louza/mm-repair/ole/encode.x /mnt/data/datasets/machine-learning-matrices-split/covtype.csv.16.10.B.vc 
OLE time: 0.8429
==== Ans-fold compression
Command: /home/louza/mm-repair/ans/encode.x /mnt/data/datasets/machine-learning-matrices-split/covtype.csv.16.10.A.vc.C 
Command: /home/louza/mm-repair/ans/encode.x /mnt/data/datasets/machine-learning-matrices-split/covtype.csv.16.10.B.vc
Ans-fold time: 5.7870
==== Integer vector .C compression
Command: /home/louza/mm-repair/sdsl/encode.x /mnt/data/datasets/machine-learning-matrices-split/covtype.csv.16.11.A.vc.C 
==== Integer vector .R compression
Command: /home/louza/mm-repair/sdsl/encode.x /mnt/data/datasets/machine-learning-matrices-split/covtype.csv.16.11.A.vc.R 
Integer vector compression time: 0.3550
==== OLE
Command: /home/louza/mm-repair/ole/encode.x /mnt/data/datasets/machine-learning-matrices-split/covtype.csv.16.11.A.vc.C 
Command: /home/louza/mm-repair/ole/encode.x /mnt/data/datasets/machine-learning-matrices-split/covtype.csv.16.11.B.vc 
OLE time: 0.0095
==== Ans-fold compression
Command: /home/louza/mm-repair/ans/encode.x /mnt/data/datasets/machine-learning-matrices-split/covtype.csv.16.11.A.vc.C 
Command: /home/louza/mm-repair/ans/encode.x /mnt/data/datasets/machine-learning-matrices-split/covtype.csv.16.11.B.vc
Ans-fold time: 6.1571
==== Integer vector .C compression
Command: /home/louza/mm-repair/sdsl/encode.x /mnt/data/datasets/machine-learning-matrices-split/covtype.csv.16.12.A.vc.C 
==== Integer vector .R compression
Command: /home/louza/mm-repair/sdsl/encode.x /mnt/data/datasets/machine-learning-matrices-split/covtype.csv.16.12.A.vc.R 
Integer vector compression time: 0.1044
==== OLE
Command: /home/louza/mm-repair/ole/encode.x /mnt/data/datasets/machine-learning-matrices-split/covtype.csv.16.12.A.vc.C 
Command: /home/louza/mm-repair/ole/encode.x /mnt/data/datasets/machine-learning-matrices-split/covtype.csv.16.12.B.vc 
OLE time: 0.0167
==== Ans-fold compression
Command: /home/louza/mm-repair/ans/encode.x /mnt/data/datasets/machine-learning-matrices-split/covtype.csv.16.12.A.vc.C 
Command: /home/louza/mm-repair/ans/encode.x /mnt/data/datasets/machine-learning-matrices-split/covtype.csv.16.12.B.vc
Ans-fold time: 6.4965
==== Integer vector .C compression
Command: /home/louza/mm-repair/sdsl/encode.x /mnt/data/datasets/machine-learning-matrices-split/covtype.csv.16.13.A.vc.C 
==== Integer vector .R compression
Command: /home/louza/mm-repair/sdsl/encode.x /mnt/data/datasets/machine-learning-matrices-split/covtype.csv.16.13.A.vc.R 
Integer vector compression time: 0.8403
==== OLE
Command: /home/louza/mm-repair/ole/encode.x /mnt/data/datasets/machine-learning-matrices-split/covtype.csv.16.13.A.vc.C 
Command: /home/louza/mm-repair/ole/encode.x /mnt/data/datasets/machine-learning-matrices-split/covtype.csv.16.13.B.vc 
OLE time: 0.0087
==== Ans-fold compression
Command: /home/louza/mm-repair/ans/encode.x /mnt/data/datasets/machine-learning-matrices-split/covtype.csv.16.13.A.vc.C 
Command: /home/louza/mm-repair/ans/encode.x /mnt/data/datasets/machine-learning-matrices-split/covtype.csv.16.13.B.vc
Ans-fold time: 6.7206
==== Integer vector .C compression
Command: /home/louza/mm-repair/sdsl/encode.x /mnt/data/datasets/machine-learning-matrices-split/covtype.csv.16.14.A.vc.C 
==== Integer vector .R compression
Command: /home/louza/mm-repair/sdsl/encode.x /mnt/data/datasets/machine-learning-matrices-split/covtype.csv.16.14.A.vc.R 
Integer vector compression time: 0.4304
==== OLE
Command: /home/louza/mm-repair/ole/encode.x /mnt/data/datasets/machine-learning-matrices-split/covtype.csv.16.14.A.vc.C 
Command: /home/louza/mm-repair/ole/encode.x /mnt/data/datasets/machine-learning-matrices-split/covtype.csv.16.14.B.vc 
OLE time: 0.1659
==== Ans-fold compression
Command: /home/louza/mm-repair/ans/encode.x /mnt/data/datasets/machine-learning-matrices-split/covtype.csv.16.14.A.vc.C 
Command: /home/louza/mm-repair/ans/encode.x /mnt/data/datasets/machine-learning-matrices-split/covtype.csv.16.14.B.vc
Ans-fold time: 7.0004
==== Integer vector .C compression
Command: /home/louza/mm-repair/sdsl/encode.x /mnt/data/datasets/machine-learning-matrices-split/covtype.csv.16.15.A.vc.C 
==== Integer vector .R compression
Command: /home/louza/mm-repair/sdsl/encode.x /mnt/data/datasets/machine-learning-matrices-split/covtype.csv.16.15.A.vc.R 
Integer vector compression time: 0.1928
==== OLE
Command: /home/louza/mm-repair/ole/encode.x /mnt/data/datasets/machine-learning-matrices-split/covtype.csv.16.15.A.vc.C 
Command: /home/louza/mm-repair/ole/encode.x /mnt/data/datasets/machine-learning-matrices-split/covtype.csv.16.15.B.vc 
OLE time: 0.0091
==== Ans-fold compression
Command: /home/louza/mm-repair/ans/encode.x /mnt/data/datasets/machine-learning-matrices-split/covtype.csv.16.15.A.vc.C 
Command: /home/louza/mm-repair/ans/encode.x /mnt/data/datasets/machine-learning-matrices-split/covtype.csv.16.15.B.vc
Ans-fold time: 7.3240
Command: /home/louza/mm-repair/ans/encode.x /mnt/data/datasets/machine-learning-matrices-split/covtype.csv.wcode 
Elapsed time: 44.0380
==== Compression Report:
 >> matrix name: /mnt/data/datasets/machine-learning-matrices-split/covtype.csv
 >> conversion time: 17.45
 >> repair time: 5.14
 >> integer vectors time: 0.19
 >> ansf time: 7.32
 >> total time: 44.04
 >> wcode: 63808 bytes
 >> wcode_ans: 5738 bytes
 >> matrix log(alpha)xNumEntries size: 50983803 bytes
 >> matrix dense size: 250997184 bytes
 >> total number of nonzero: 5206872 (16.60%)
 >> number of distinct nonzero: 6682
 >> CRSV  size: 23204992 bytes  (9.25%)
 >> B	  size: 9103660 bytes  (3.63%)
 >> B_ans size: 2948406 bytes  (1.17%)
 >> RE32  size: 18296266 bytes  (7.29%)
 >> REIV  size: 10681366 bytes  (4.26%)
 >> REANS size: 9163060 bytes  (3.65%)
==== Done
REANS -b 4

#### 2026-09-04 22:50:14
 Command line: ./mm-repair/matrepair -r -b 4 -p 4 /mnt/data/datasets/machine-learning-matrices-split/covtype.csv 581012 54 
Setting memory for each repair instance to 116013 MBs
Sending logging messages to file: /mnt/data/datasets/machine-learning-matrices-split/covtype.csv.log
==== Conversion bin/csv->csrv
Command: /home/louza/mm-repair/csvmat2csrv -b 4   /mnt/data/datasets/machine-learning-matrices-split/covtype.csv -r 0   581012 54
Conversion time: 3.7259
==== Repair paralell compression
---- Executing 4 parallel processes
---- Parallel processing completed
Repair time: 1.1186
==== Integer vector .C compression
Command: /home/louza/mm-repair/sdsl/encode.x /mnt/data/datasets/machine-learning-matrices-split/covtype.csv.4.0.vc.C 
==== Integer vector .R compression
Command: /home/louza/mm-repair/sdsl/encode.x /mnt/data/datasets/machine-learning-matrices-split/covtype.csv.4.0.vc.R 
Integer vector compression time: 0.0747
==== Ans-fold compression
Command: /home/louza/mm-repair/ans/encode.x /mnt/data/datasets/machine-learning-matrices-split/covtype.csv.4.0.vc.C 
Ans-fold time: 0.1269
==== Integer vector .C compression
Command: /home/louza/mm-repair/sdsl/encode.x /mnt/data/datasets/machine-learning-matrices-split/covtype.csv.4.1.vc.C 
==== Integer vector .R compression
Command: /home/louza/mm-repair/sdsl/encode.x /mnt/data/datasets/machine-learning-matrices-split/covtype.csv.4.1.vc.R 
Integer vector compression time: 0.0758
==== Ans-fold compression
Command: /home/louza/mm-repair/ans/encode.x /mnt/data/datasets/machine-learning-matrices-split/covtype.csv.4.1.vc.C 
Ans-fold time: 0.2051
==== Integer vector .C compression
Command: /home/louza/mm-repair/sdsl/encode.x /mnt/data/datasets/machine-learning-matrices-split/covtype.csv.4.2.vc.C 
==== Integer vector .R compression
Command: /home/louza/mm-repair/sdsl/encode.x /mnt/data/datasets/machine-learning-matrices-split/covtype.csv.4.2.vc.R 
Integer vector compression time: 0.0893
==== Ans-fold compression
Command: /home/louza/mm-repair/ans/encode.x /mnt/data/datasets/machine-learning-matrices-split/covtype.csv.4.2.vc.C 
Ans-fold time: 0.3348
==== Integer vector .C compression
Command: /home/louza/mm-repair/sdsl/encode.x /mnt/data/datasets/machine-learning-matrices-split/covtype.csv.4.3.vc.C 
==== Integer vector .R compression
Command: /home/louza/mm-repair/sdsl/encode.x /mnt/data/datasets/machine-learning-matrices-split/covtype.csv.4.3.vc.R 
Integer vector compression time: 0.2221
==== Ans-fold compression
Command: /home/louza/mm-repair/ans/encode.x /mnt/data/datasets/machine-learning-matrices-split/covtype.csv.4.3.vc.C 
Ans-fold time: 0.4143
Elapsed time: 5.7211
==== Compression Report:
 >> matrix name: /mnt/data/datasets/machine-learning-matrices-split/covtype.csv
 >> conversion time: 3.73
 >> repair time: 1.12
 >> integer vectors time: 0.22
 >> ansf time: 0.41
 >> total time: 5.72
 >> matrix log(alpha)xNumEntries size: 50983803 bytes
 >> matrix dense size: 250997184 bytes
 >> total number of nonzero: 6901775 (22.00%)
 >> number of distinct nonzero: 6682
 >> CRSV  size: 29984604 bytes  (11.95%)
 >> RE32  size: 19890024 bytes  (7.92%)
 >> REIV  size: 11831528 bytes  (4.71%)
 >> REANS size: 10408123 bytes  (4.15%)
==== Done

#### 2026-09-04 22:50:20
 Command line: ./mm-repair/matrepair -r -b 4 -p 4 /mnt/data/datasets/machine-learning-matrices-split/covtype.csv 581012 54 --ole 
Setting memory for each repair instance to 116013 MBs
Sending logging messages to file: /mnt/data/datasets/machine-learning-matrices-split/covtype.csv.log
==== Conversion bin/csv->csrv
Command: /home/louza/mm-repair/csvmat2csrv -b 4   /mnt/data/datasets/machine-learning-matrices-split/covtype.csv -r 0   581012 54
Conversion time: 2.8943
==== Repair paralell compression
---- Executing 4 parallel processes
---- Parallel processing completed
Repair time: 1.7389
==== Integer vector .C compression
Command: /home/louza/mm-repair/sdsl/encode.x /mnt/data/datasets/machine-learning-matrices-split/covtype.csv.4.0.vc.C 
==== Integer vector .R compression
Command: /home/louza/mm-repair/sdsl/encode.x /mnt/data/datasets/machine-learning-matrices-split/covtype.csv.4.0.vc.R 
Integer vector compression time: 0.7346
==== OLE
Command: /home/louza/mm-repair/ole/encode.x /mnt/data/datasets/machine-learning-matrices-split/covtype.csv.4.0.vc.C 
OLE time: 0.0318
==== Ans-fold compression
Command: /home/louza/mm-repair/ans/encode.x /mnt/data/datasets/machine-learning-matrices-split/covtype.csv.4.0.vc.C 
Ans-fold time: 0.2614
==== Integer vector .C compression
Command: /home/louza/mm-repair/sdsl/encode.x /mnt/data/datasets/machine-learning-matrices-split/covtype.csv.4.1.vc.C 
==== Integer vector .R compression
Command: /home/louza/mm-repair/sdsl/encode.x /mnt/data/datasets/machine-learning-matrices-split/covtype.csv.4.1.vc.R 
Integer vector compression time: 0.4624
==== OLE
Command: /home/louza/mm-repair/ole/encode.x /mnt/data/datasets/machine-learning-matrices-split/covtype.csv.4.1.vc.C 
OLE time: 0.0927
==== Ans-fold compression
Command: /home/louza/mm-repair/ans/encode.x /mnt/data/datasets/machine-learning-matrices-split/covtype.csv.4.1.vc.C 
Ans-fold time: 0.4416
==== Integer vector .C compression
Command: /home/louza/mm-repair/sdsl/encode.x /mnt/data/datasets/machine-learning-matrices-split/covtype.csv.4.2.vc.C 
==== Integer vector .R compression
Command: /home/louza/mm-repair/sdsl/encode.x /mnt/data/datasets/machine-learning-matrices-split/covtype.csv.4.2.vc.R 
Integer vector compression time: 0.0745
==== OLE
Command: /home/louza/mm-repair/ole/encode.x /mnt/data/datasets/machine-learning-matrices-split/covtype.csv.4.2.vc.C 
OLE time: 0.0306
==== Ans-fold compression
Command: /home/louza/mm-repair/ans/encode.x /mnt/data/datasets/machine-learning-matrices-split/covtype.csv.4.2.vc.C 
Ans-fold time: 0.5833
==== Integer vector .C compression
Command: /home/louza/mm-repair/sdsl/encode.x /mnt/data/datasets/machine-learning-matrices-split/covtype.csv.4.3.vc.C 
==== Integer vector .R compression
Command: /home/louza/mm-repair/sdsl/encode.x /mnt/data/datasets/machine-learning-matrices-split/covtype.csv.4.3.vc.R 
Integer vector compression time: 0.0755
==== OLE
Command: /home/louza/mm-repair/ole/encode.x /mnt/data/datasets/machine-learning-matrices-split/covtype.csv.4.3.vc.C 
OLE time: 0.0190
==== Ans-fold compression
Command: /home/louza/mm-repair/ans/encode.x /mnt/data/datasets/machine-learning-matrices-split/covtype.csv.4.3.vc.C 
Ans-fold time: 0.7683
Elapsed time: 6.9232
==== Compression Report:
 >> matrix name: /mnt/data/datasets/machine-learning-matrices-split/covtype.csv
 >> conversion time: 2.89
 >> repair time: 1.74
 >> integer vectors time: 0.08
 >> ansf time: 0.77
 >> total time: 6.92
 >> matrix log(alpha)xNumEntries size: 50983803 bytes
 >> matrix dense size: 250997184 bytes
 >> total number of nonzero: 6901775 (22.00%)
 >> number of distinct nonzero: 6682
 >> CRSV  size: 29984604 bytes  (11.95%)
 >> RE32  size: 19890024 bytes  (7.92%)
 >> REIV  size: 11831528 bytes  (4.71%)
 >> REANS size: 9983026 bytes  (3.98%)
==== Done

#### 2026-09-04 22:50:27
 Command line: ./mm-repair/matrepair -r -b 4 -p 4 /mnt/data/datasets/machine-learning-matrices-split/covtype.csv 581012 54 --mapping 
Setting memory for each repair instance to 116013 MBs
Sending logging messages to file: /mnt/data/datasets/machine-learning-matrices-split/covtype.csv.log
==== Conversion bin/csv->csrv
Command: /home/louza/mm-repair/csvmat2csrv -b 4   /mnt/data/datasets/machine-learning-matrices-split/covtype.csv -r 0 -m  581012 54
Conversion time: 7.4155
==== Repair paralell compression
---- Executing 4 parallel processes
---- Parallel processing completed
Repair time: 1.2383
==== Integer vector .C compression
Command: /home/louza/mm-repair/sdsl/encode.x /mnt/data/datasets/machine-learning-matrices-split/covtype.csv.4.0.vc.C 
==== Integer vector .R compression
Command: /home/louza/mm-repair/sdsl/encode.x /mnt/data/datasets/machine-learning-matrices-split/covtype.csv.4.0.vc.R 
Integer vector compression time: 0.0819
==== Ans-fold compression
Command: /home/louza/mm-repair/ans/encode.x /mnt/data/datasets/machine-learning-matrices-split/covtype.csv.4.0.vc.C 
Ans-fold time: 0.1095
==== Integer vector .C compression
Command: /home/louza/mm-repair/sdsl/encode.x /mnt/data/datasets/machine-learning-matrices-split/covtype.csv.4.1.vc.C 
==== Integer vector .R compression
Command: /home/louza/mm-repair/sdsl/encode.x /mnt/data/datasets/machine-learning-matrices-split/covtype.csv.4.1.vc.R 
Integer vector compression time: 0.0797
==== Ans-fold compression
Command: /home/louza/mm-repair/ans/encode.x /mnt/data/datasets/machine-learning-matrices-split/covtype.csv.4.1.vc.C 
Ans-fold time: 0.1864
==== Integer vector .C compression
Command: /home/louza/mm-repair/sdsl/encode.x /mnt/data/datasets/machine-learning-matrices-split/covtype.csv.4.2.vc.C 
==== Integer vector .R compression
Command: /home/louza/mm-repair/sdsl/encode.x /mnt/data/datasets/machine-learning-matrices-split/covtype.csv.4.2.vc.R 
Integer vector compression time: 0.0808
==== Ans-fold compression
Command: /home/louza/mm-repair/ans/encode.x /mnt/data/datasets/machine-learning-matrices-split/covtype.csv.4.2.vc.C 
Ans-fold time: 0.2623
==== Integer vector .C compression
Command: /home/louza/mm-repair/sdsl/encode.x /mnt/data/datasets/machine-learning-matrices-split/covtype.csv.4.3.vc.C 
==== Integer vector .R compression
Command: /home/louza/mm-repair/sdsl/encode.x /mnt/data/datasets/machine-learning-matrices-split/covtype.csv.4.3.vc.R 
Integer vector compression time: 0.4521
==== Ans-fold compression
Command: /home/louza/mm-repair/ans/encode.x /mnt/data/datasets/machine-learning-matrices-split/covtype.csv.4.3.vc.C 
Ans-fold time: 0.3360
Command: /home/louza/mm-repair/ans/encode.x /mnt/data/datasets/machine-learning-matrices-split/covtype.csv.wcode 
Elapsed time: 9.6875
==== Compression Report:
 >> matrix name: /mnt/data/datasets/machine-learning-matrices-split/covtype.csv
 >> conversion time: 7.42
 >> repair time: 1.24
 >> integer vectors time: 0.45
 >> ansf time: 0.34
 >> total time: 9.69
 >> wcode: 63808 bytes
 >> wcode_ans: 5738 bytes
 >> matrix log(alpha)xNumEntries size: 50983803 bytes
 >> matrix dense size: 250997184 bytes
 >> total number of nonzero: 6901775 (22.00%)
 >> number of distinct nonzero: 6682
 >> CRSV  size: 29984604 bytes  (11.95%)
 >> RE32  size: 19953832 bytes  (7.95%)
 >> REIV  size: 10655536 bytes  (4.25%)
 >> REANS size: 9179463 bytes  (3.66%)
==== Done

#### 2026-09-04 22:50:36
 Command line: ./mm-repair/matrepair -r -b 4 -p 4 /mnt/data/datasets/machine-learning-matrices-split/covtype.csv 581012 54 --split 
Setting memory for each repair instance to 116013 MBs
Sending logging messages to file: /mnt/data/datasets/machine-learning-matrices-split/covtype.csv.log
==== Conversion bin/csv->csrv
Command: /home/louza/mm-repair/csvmat2csrv -b 4   /mnt/data/datasets/machine-learning-matrices-split/covtype.csv -r 0  -s 581012 54
Conversion time: 11.3636
==== Repair paralell compression
---- Executing 4 parallel processes
---- Parallel processing completed
Repair time: 0.7878
==== Integer vector .C compression
Command: /home/louza/mm-repair/sdsl/encode.x /mnt/data/datasets/machine-learning-matrices-split/covtype.csv.4.0.A.vc.C 
==== Integer vector .R compression
Command: /home/louza/mm-repair/sdsl/encode.x /mnt/data/datasets/machine-learning-matrices-split/covtype.csv.4.0.A.vc.R 
Integer vector compression time: 0.0616
==== Ans-fold compression
Command: /home/louza/mm-repair/ans/encode.x /mnt/data/datasets/machine-learning-matrices-split/covtype.csv.4.0.A.vc.C 
Command: /home/louza/mm-repair/ans/encode.x /mnt/data/datasets/machine-learning-matrices-split/covtype.csv.4.0.B.vc
Ans-fold time: 0.0802
==== Integer vector .C compression
Command: /home/louza/mm-repair/sdsl/encode.x /mnt/data/datasets/machine-learning-matrices-split/covtype.csv.4.1.A.vc.C 
==== Integer vector .R compression
Command: /home/louza/mm-repair/sdsl/encode.x /mnt/data/datasets/machine-learning-matrices-split/covtype.csv.4.1.A.vc.R 
Integer vector compression time: 0.0534
==== Ans-fold compression
Command: /home/louza/mm-repair/ans/encode.x /mnt/data/datasets/machine-learning-matrices-split/covtype.csv.4.1.A.vc.C 
Command: /home/louza/mm-repair/ans/encode.x /mnt/data/datasets/machine-learning-matrices-split/covtype.csv.4.1.B.vc
Ans-fold time: 0.1474
==== Integer vector .C compression
Command: /home/louza/mm-repair/sdsl/encode.x /mnt/data/datasets/machine-learning-matrices-split/covtype.csv.4.2.A.vc.C 
==== Integer vector .R compression
Command: /home/louza/mm-repair/sdsl/encode.x /mnt/data/datasets/machine-learning-matrices-split/covtype.csv.4.2.A.vc.R 
Integer vector compression time: 0.0572
==== Ans-fold compression
Command: /home/louza/mm-repair/ans/encode.x /mnt/data/datasets/machine-learning-matrices-split/covtype.csv.4.2.A.vc.C 
Command: /home/louza/mm-repair/ans/encode.x /mnt/data/datasets/machine-learning-matrices-split/covtype.csv.4.2.B.vc
Ans-fold time: 0.3253
==== Integer vector .C compression
Command: /home/louza/mm-repair/sdsl/encode.x /mnt/data/datasets/machine-learning-matrices-split/covtype.csv.4.3.A.vc.C 
==== Integer vector .R compression
Command: /home/louza/mm-repair/sdsl/encode.x /mnt/data/datasets/machine-learning-matrices-split/covtype.csv.4.3.A.vc.R 
Integer vector compression time: 0.3469
==== Ans-fold compression
Command: /home/louza/mm-repair/ans/encode.x /mnt/data/datasets/machine-learning-matrices-split/covtype.csv.4.3.A.vc.C 
Command: /home/louza/mm-repair/ans/encode.x /mnt/data/datasets/machine-learning-matrices-split/covtype.csv.4.3.B.vc
Ans-fold time: 0.4051
Elapsed time: 13.0759
==== Compression Report:
 >> matrix name: /mnt/data/datasets/machine-learning-matrices-split/covtype.csv
 >> conversion time: 11.36
 >> repair time: 0.79
 >> integer vectors time: 0.35
 >> ansf time: 0.41
 >> total time: 13.08
 >> matrix log(alpha)xNumEntries size: 50983803 bytes
 >> matrix dense size: 250997184 bytes
 >> total number of nonzero: 5808737 (18.51%)
 >> number of distinct nonzero: 6682
 >> CRSV  size: 25612452 bytes  (10.20%)
 >> B	  size: 6696200 bytes  (2.67%)
 >> B_ans size: 2651568 bytes  (1.06%)
 >> RE32  size: 18152348 bytes  (7.23%)
 >> REIV  size: 11876984 bytes  (4.73%)
 >> REANS size: 10322369 bytes  (4.11%)
==== Done

#### 2026-09-04 22:50:50
 Command line: ./mm-repair/matrepair -r -b 4 -p 4 /mnt/data/datasets/machine-learning-matrices-split/covtype.csv 581012 54 --ole --mapping 
Setting memory for each repair instance to 116013 MBs
Sending logging messages to file: /mnt/data/datasets/machine-learning-matrices-split/covtype.csv.log
==== Conversion bin/csv->csrv
Command: /home/louza/mm-repair/csvmat2csrv -b 4   /mnt/data/datasets/machine-learning-matrices-split/covtype.csv -r 0 -m  581012 54
Conversion time: 5.3920
==== Repair paralell compression
---- Executing 4 parallel processes
---- Parallel processing completed
Repair time: 1.6757
==== Integer vector .C compression
Command: /home/louza/mm-repair/sdsl/encode.x /mnt/data/datasets/machine-learning-matrices-split/covtype.csv.4.0.vc.C 
==== Integer vector .R compression
Command: /home/louza/mm-repair/sdsl/encode.x /mnt/data/datasets/machine-learning-matrices-split/covtype.csv.4.0.vc.R 
Integer vector compression time: 0.3327
==== OLE
Command: /home/louza/mm-repair/ole/encode.x /mnt/data/datasets/machine-learning-matrices-split/covtype.csv.4.0.vc.C 
OLE time: 0.4058
==== Ans-fold compression
Command: /home/louza/mm-repair/ans/encode.x /mnt/data/datasets/machine-learning-matrices-split/covtype.csv.4.0.vc.C 
Ans-fold time: 0.4115
==== Integer vector .C compression
Command: /home/louza/mm-repair/sdsl/encode.x /mnt/data/datasets/machine-learning-matrices-split/covtype.csv.4.1.vc.C 
==== Integer vector .R compression
Command: /home/louza/mm-repair/sdsl/encode.x /mnt/data/datasets/machine-learning-matrices-split/covtype.csv.4.1.vc.R 
Integer vector compression time: 0.5398
==== OLE
Command: /home/louza/mm-repair/ole/encode.x /mnt/data/datasets/machine-learning-matrices-split/covtype.csv.4.1.vc.C 
OLE time: 0.0478
==== Ans-fold compression
Command: /home/louza/mm-repair/ans/encode.x /mnt/data/datasets/machine-learning-matrices-split/covtype.csv.4.1.vc.C 
Ans-fold time: 0.8694
==== Integer vector .C compression
Command: /home/louza/mm-repair/sdsl/encode.x /mnt/data/datasets/machine-learning-matrices-split/covtype.csv.4.2.vc.C 
==== Integer vector .R compression
Command: /home/louza/mm-repair/sdsl/encode.x /mnt/data/datasets/machine-learning-matrices-split/covtype.csv.4.2.vc.R 
Integer vector compression time: 0.2981
==== OLE
Command: /home/louza/mm-repair/ole/encode.x /mnt/data/datasets/machine-learning-matrices-split/covtype.csv.4.2.vc.C 
OLE time: 0.6448
==== Ans-fold compression
Command: /home/louza/mm-repair/ans/encode.x /mnt/data/datasets/machine-learning-matrices-split/covtype.csv.4.2.vc.C 
Ans-fold time: 1.0208
==== Integer vector .C compression
Command: /home/louza/mm-repair/sdsl/encode.x /mnt/data/datasets/machine-learning-matrices-split/covtype.csv.4.3.vc.C 
==== Integer vector .R compression
Command: /home/louza/mm-repair/sdsl/encode.x /mnt/data/datasets/machine-learning-matrices-split/covtype.csv.4.3.vc.R 
Integer vector compression time: 0.3297
==== OLE
Command: /home/louza/mm-repair/ole/encode.x /mnt/data/datasets/machine-learning-matrices-split/covtype.csv.4.3.vc.C 
OLE time: 0.0483
==== Ans-fold compression
Command: /home/louza/mm-repair/ans/encode.x /mnt/data/datasets/machine-learning-matrices-split/covtype.csv.4.3.vc.C 
Ans-fold time: 1.1388
Command: /home/louza/mm-repair/ans/encode.x /mnt/data/datasets/machine-learning-matrices-split/covtype.csv.wcode 
Elapsed time: 10.8631
==== Compression Report:
 >> matrix name: /mnt/data/datasets/machine-learning-matrices-split/covtype.csv
 >> conversion time: 5.39
 >> repair time: 1.68
 >> integer vectors time: 0.33
 >> ansf time: 1.14
 >> total time: 10.86
 >> wcode: 63808 bytes
 >> wcode_ans: 5738 bytes
 >> matrix log(alpha)xNumEntries size: 50983803 bytes
 >> matrix dense size: 250997184 bytes
 >> total number of nonzero: 6901775 (22.00%)
 >> number of distinct nonzero: 6682
 >> CRSV  size: 29984604 bytes  (11.95%)
 >> RE32  size: 19953832 bytes  (7.95%)
 >> REIV  size: 10655536 bytes  (4.25%)
 >> REANS size: 8692176 bytes  (3.46%)
==== Done

#### 2026-09-04 22:51:00
 Command line: ./mm-repair/matrepair -r -b 4 -p 4 /mnt/data/datasets/machine-learning-matrices-split/covtype.csv 581012 54 --ole --split 
Setting memory for each repair instance to 116013 MBs
Sending logging messages to file: /mnt/data/datasets/machine-learning-matrices-split/covtype.csv.log
==== Conversion bin/csv->csrv
Command: /home/louza/mm-repair/csvmat2csrv -b 4   /mnt/data/datasets/machine-learning-matrices-split/covtype.csv -r 0  -s 581012 54
Conversion time: 14.4895
==== Repair paralell compression
---- Executing 4 parallel processes
---- Parallel processing completed
Repair time: 0.8865
==== Integer vector .C compression
Command: /home/louza/mm-repair/sdsl/encode.x /mnt/data/datasets/machine-learning-matrices-split/covtype.csv.4.0.A.vc.C 
==== Integer vector .R compression
Command: /home/louza/mm-repair/sdsl/encode.x /mnt/data/datasets/machine-learning-matrices-split/covtype.csv.4.0.A.vc.R 
Integer vector compression time: 0.3901
==== OLE
Command: /home/louza/mm-repair/ole/encode.x /mnt/data/datasets/machine-learning-matrices-split/covtype.csv.4.0.A.vc.C 
Command: /home/louza/mm-repair/ole/encode.x /mnt/data/datasets/machine-learning-matrices-split/covtype.csv.4.0.B.vc 
OLE time: 0.0171
==== Ans-fold compression
Command: /home/louza/mm-repair/ans/encode.x /mnt/data/datasets/machine-learning-matrices-split/covtype.csv.4.0.A.vc.C 
Command: /home/louza/mm-repair/ans/encode.x /mnt/data/datasets/machine-learning-matrices-split/covtype.csv.4.0.B.vc
Ans-fold time: 0.2916
==== Integer vector .C compression
Command: /home/louza/mm-repair/sdsl/encode.x /mnt/data/datasets/machine-learning-matrices-split/covtype.csv.4.1.A.vc.C 
==== Integer vector .R compression
Command: /home/louza/mm-repair/sdsl/encode.x /mnt/data/datasets/machine-learning-matrices-split/covtype.csv.4.1.A.vc.R 
Integer vector compression time: 0.1245
==== OLE
Command: /home/louza/mm-repair/ole/encode.x /mnt/data/datasets/machine-learning-matrices-split/covtype.csv.4.1.A.vc.C 
Command: /home/louza/mm-repair/ole/encode.x /mnt/data/datasets/machine-learning-matrices-split/covtype.csv.4.1.B.vc 
OLE time: 0.1597
==== Ans-fold compression
Command: /home/louza/mm-repair/ans/encode.x /mnt/data/datasets/machine-learning-matrices-split/covtype.csv.4.1.A.vc.C 
Command: /home/louza/mm-repair/ans/encode.x /mnt/data/datasets/machine-learning-matrices-split/covtype.csv.4.1.B.vc
Ans-fold time: 0.4562
==== Integer vector .C compression
Command: /home/louza/mm-repair/sdsl/encode.x /mnt/data/datasets/machine-learning-matrices-split/covtype.csv.4.2.A.vc.C 
==== Integer vector .R compression
Command: /home/louza/mm-repair/sdsl/encode.x /mnt/data/datasets/machine-learning-matrices-split/covtype.csv.4.2.A.vc.R 
Integer vector compression time: 0.5735
==== OLE
Command: /home/louza/mm-repair/ole/encode.x /mnt/data/datasets/machine-learning-matrices-split/covtype.csv.4.2.A.vc.C 
Command: /home/louza/mm-repair/ole/encode.x /mnt/data/datasets/machine-learning-matrices-split/covtype.csv.4.2.B.vc 
OLE time: 0.2266
==== Ans-fold compression
Command: /home/louza/mm-repair/ans/encode.x /mnt/data/datasets/machine-learning-matrices-split/covtype.csv.4.2.A.vc.C 
Command: /home/louza/mm-repair/ans/encode.x /mnt/data/datasets/machine-learning-matrices-split/covtype.csv.4.2.B.vc
Ans-fold time: 0.8533
==== Integer vector .C compression
Command: /home/louza/mm-repair/sdsl/encode.x /mnt/data/datasets/machine-learning-matrices-split/covtype.csv.4.3.A.vc.C 
==== Integer vector .R compression
Command: /home/louza/mm-repair/sdsl/encode.x /mnt/data/datasets/machine-learning-matrices-split/covtype.csv.4.3.A.vc.R 
Integer vector compression time: 0.8351
==== OLE
Command: /home/louza/mm-repair/ole/encode.x /mnt/data/datasets/machine-learning-matrices-split/covtype.csv.4.3.A.vc.C 
Command: /home/louza/mm-repair/ole/encode.x /mnt/data/datasets/machine-learning-matrices-split/covtype.csv.4.3.B.vc 
OLE time: 0.2489
==== Ans-fold compression
Command: /home/louza/mm-repair/ans/encode.x /mnt/data/datasets/machine-learning-matrices-split/covtype.csv.4.3.A.vc.C 
Command: /home/louza/mm-repair/ans/encode.x /mnt/data/datasets/machine-learning-matrices-split/covtype.csv.4.3.B.vc
Ans-fold time: 1.2381
Elapsed time: 20.5306
==== Compression Report:
 >> matrix name: /mnt/data/datasets/machine-learning-matrices-split/covtype.csv
 >> conversion time: 14.49
 >> repair time: 0.89
 >> integer vectors time: 0.84
 >> ansf time: 1.24
 >> total time: 20.53
 >> matrix log(alpha)xNumEntries size: 50983803 bytes
 >> matrix dense size: 250997184 bytes
 >> total number of nonzero: 5808737 (18.51%)
 >> number of distinct nonzero: 6682
 >> CRSV  size: 25612452 bytes  (10.20%)
 >> B	  size: 6696200 bytes  (2.67%)
 >> B_ans size: 2599130 bytes  (1.04%)
 >> RE32  size: 18099910 bytes  (7.21%)
 >> REIV  size: 11824546 bytes  (4.71%)
 >> REANS size: 10115612 bytes  (4.03%)
==== Done

#### 2026-09-04 22:51:21
 Command line: ./mm-repair/matrepair -r -b 4 -p 4 /mnt/data/datasets/machine-learning-matrices-split/covtype.csv 581012 54 --mapping --split 
Setting memory for each repair instance to 116013 MBs
Sending logging messages to file: /mnt/data/datasets/machine-learning-matrices-split/covtype.csv.log
==== Conversion bin/csv->csrv
Command: /home/louza/mm-repair/csvmat2csrv -b 4   /mnt/data/datasets/machine-learning-matrices-split/covtype.csv -r 0 -m -s 581012 54
Conversion time: 22.8731
==== Repair paralell compression
---- Executing 4 parallel processes
---- Parallel processing completed
Repair time: 2.0214
==== Integer vector .C compression
Command: /home/louza/mm-repair/sdsl/encode.x /mnt/data/datasets/machine-learning-matrices-split/covtype.csv.4.0.A.vc.C 
==== Integer vector .R compression
Command: /home/louza/mm-repair/sdsl/encode.x /mnt/data/datasets/machine-learning-matrices-split/covtype.csv.4.0.A.vc.R 
Integer vector compression time: 0.3016
==== Ans-fold compression
Command: /home/louza/mm-repair/ans/encode.x /mnt/data/datasets/machine-learning-matrices-split/covtype.csv.4.0.A.vc.C 
Command: /home/louza/mm-repair/ans/encode.x /mnt/data/datasets/machine-learning-matrices-split/covtype.csv.4.0.B.vc
Ans-fold time: 0.1616
==== Integer vector .C compression
Command: /home/louza/mm-repair/sdsl/encode.x /mnt/data/datasets/machine-learning-matrices-split/covtype.csv.4.1.A.vc.C 
==== Integer vector .R compression
Command: /home/louza/mm-repair/sdsl/encode.x /mnt/data/datasets/machine-learning-matrices-split/covtype.csv.4.1.A.vc.R 
Integer vector compression time: 0.2059
==== Ans-fold compression
Command: /home/louza/mm-repair/ans/encode.x /mnt/data/datasets/machine-learning-matrices-split/covtype.csv.4.1.A.vc.C 
Command: /home/louza/mm-repair/ans/encode.x /mnt/data/datasets/machine-learning-matrices-split/covtype.csv.4.1.B.vc
Ans-fold time: 0.6136
==== Integer vector .C compression
Command: /home/louza/mm-repair/sdsl/encode.x /mnt/data/datasets/machine-learning-matrices-split/covtype.csv.4.2.A.vc.C 
==== Integer vector .R compression
Command: /home/louza/mm-repair/sdsl/encode.x /mnt/data/datasets/machine-learning-matrices-split/covtype.csv.4.2.A.vc.R 
Integer vector compression time: 0.2199
==== Ans-fold compression
Command: /home/louza/mm-repair/ans/encode.x /mnt/data/datasets/machine-learning-matrices-split/covtype.csv.4.2.A.vc.C 
Command: /home/louza/mm-repair/ans/encode.x /mnt/data/datasets/machine-learning-matrices-split/covtype.csv.4.2.B.vc
Ans-fold time: 0.7300
==== Integer vector .C compression
Command: /home/louza/mm-repair/sdsl/encode.x /mnt/data/datasets/machine-learning-matrices-split/covtype.csv.4.3.A.vc.C 
==== Integer vector .R compression
Command: /home/louza/mm-repair/sdsl/encode.x /mnt/data/datasets/machine-learning-matrices-split/covtype.csv.4.3.A.vc.R 
Integer vector compression time: 0.2719
==== Ans-fold compression
Command: /home/louza/mm-repair/ans/encode.x /mnt/data/datasets/machine-learning-matrices-split/covtype.csv.4.3.A.vc.C 
Command: /home/louza/mm-repair/ans/encode.x /mnt/data/datasets/machine-learning-matrices-split/covtype.csv.4.3.B.vc
Ans-fold time: 1.0358
Command: /home/louza/mm-repair/ans/encode.x /mnt/data/datasets/machine-learning-matrices-split/covtype.csv.wcode 
Elapsed time: 26.9447
==== Compression Report:
 >> matrix name: /mnt/data/datasets/machine-learning-matrices-split/covtype.csv
 >> conversion time: 22.87
 >> repair time: 2.02
 >> integer vectors time: 0.27
 >> ansf time: 1.04
 >> total time: 26.94
 >> wcode: 63808 bytes
 >> wcode_ans: 5738 bytes
 >> matrix log(alpha)xNumEntries size: 50983803 bytes
 >> matrix dense size: 250997184 bytes
 >> total number of nonzero: 5808737 (18.51%)
 >> number of distinct nonzero: 6682
 >> CRSV  size: 25612452 bytes  (10.20%)
 >> B	  size: 6696200 bytes  (2.67%)
 >> B_ans size: 2053143 bytes  (0.82%)
 >> RE32  size: 17617731 bytes  (7.02%)
 >> REIV  size: 10376903 bytes  (4.13%)
 >> REANS size: 8986690 bytes  (3.58%)
==== Done

#### 2026-09-04 22:51:48
 Command line: ./mm-repair/matrepair -r -b 4 -p 4 /mnt/data/datasets/machine-learning-matrices-split/covtype.csv 581012 54 --ole --mapping --split 
Setting memory for each repair instance to 116013 MBs
Sending logging messages to file: /mnt/data/datasets/machine-learning-matrices-split/covtype.csv.log
==== Conversion bin/csv->csrv
Command: /home/louza/mm-repair/csvmat2csrv -b 4   /mnt/data/datasets/machine-learning-matrices-split/covtype.csv -r 0 -m -s 581012 54
Conversion time: 17.9763
==== Repair paralell compression
---- Executing 4 parallel processes
---- Parallel processing completed
Repair time: 1.4765
==== Integer vector .C compression
Command: /home/louza/mm-repair/sdsl/encode.x /mnt/data/datasets/machine-learning-matrices-split/covtype.csv.4.0.A.vc.C 
==== Integer vector .R compression
Command: /home/louza/mm-repair/sdsl/encode.x /mnt/data/datasets/machine-learning-matrices-split/covtype.csv.4.0.A.vc.R 
Integer vector compression time: 0.5167
==== OLE
Command: /home/louza/mm-repair/ole/encode.x /mnt/data/datasets/machine-learning-matrices-split/covtype.csv.4.0.A.vc.C 
Command: /home/louza/mm-repair/ole/encode.x /mnt/data/datasets/machine-learning-matrices-split/covtype.csv.4.0.B.vc 
OLE time: 0.4837
==== Ans-fold compression
Command: /home/louza/mm-repair/ans/encode.x /mnt/data/datasets/machine-learning-matrices-split/covtype.csv.4.0.A.vc.C 
Command: /home/louza/mm-repair/ans/encode.x /mnt/data/datasets/machine-learning-matrices-split/covtype.csv.4.0.B.vc
Ans-fold time: 0.4112
==== Integer vector .C compression
Command: /home/louza/mm-repair/sdsl/encode.x /mnt/data/datasets/machine-learning-matrices-split/covtype.csv.4.1.A.vc.C 
==== Integer vector .R compression
Command: /home/louza/mm-repair/sdsl/encode.x /mnt/data/datasets/machine-learning-matrices-split/covtype.csv.4.1.A.vc.R 
Integer vector compression time: 0.3116
==== OLE
Command: /home/louza/mm-repair/ole/encode.x /mnt/data/datasets/machine-learning-matrices-split/covtype.csv.4.1.A.vc.C 
Command: /home/louza/mm-repair/ole/encode.x /mnt/data/datasets/machine-learning-matrices-split/covtype.csv.4.1.B.vc 
OLE time: 0.1182
==== Ans-fold compression
Command: /home/louza/mm-repair/ans/encode.x /mnt/data/datasets/machine-learning-matrices-split/covtype.csv.4.1.A.vc.C 
Command: /home/louza/mm-repair/ans/encode.x /mnt/data/datasets/machine-learning-matrices-split/covtype.csv.4.1.B.vc
Ans-fold time: 1.0343
==== Integer vector .C compression
Command: /home/louza/mm-repair/sdsl/encode.x /mnt/data/datasets/machine-learning-matrices-split/covtype.csv.4.2.A.vc.C 
==== Integer vector .R compression
Command: /home/louza/mm-repair/sdsl/encode.x /mnt/data/datasets/machine-learning-matrices-split/covtype.csv.4.2.A.vc.R 
Integer vector compression time: 0.6516
==== OLE
Command: /home/louza/mm-repair/ole/encode.x /mnt/data/datasets/machine-learning-matrices-split/covtype.csv.4.2.A.vc.C 
Command: /home/louza/mm-repair/ole/encode.x /mnt/data/datasets/machine-learning-matrices-split/covtype.csv.4.2.B.vc 
OLE time: 0.1264
==== Ans-fold compression
Command: /home/louza/mm-repair/ans/encode.x /mnt/data/datasets/machine-learning-matrices-split/covtype.csv.4.2.A.vc.C 
Command: /home/louza/mm-repair/ans/encode.x /mnt/data/datasets/machine-learning-matrices-split/covtype.csv.4.2.B.vc
Ans-fold time: 1.3298
==== Integer vector .C compression
Command: /home/louza/mm-repair/sdsl/encode.x /mnt/data/datasets/machine-learning-matrices-split/covtype.csv.4.3.A.vc.C 
==== Integer vector .R compression
Command: /home/louza/mm-repair/sdsl/encode.x /mnt/data/datasets/machine-learning-matrices-split/covtype.csv.4.3.A.vc.R 
Integer vector compression time: 0.1209
==== OLE
Command: /home/louza/mm-repair/ole/encode.x /mnt/data/datasets/machine-learning-matrices-split/covtype.csv.4.3.A.vc.C 
Command: /home/louza/mm-repair/ole/encode.x /mnt/data/datasets/machine-learning-matrices-split/covtype.csv.4.3.B.vc 
OLE time: 0.0165
==== Ans-fold compression
Command: /home/louza/mm-repair/ans/encode.x /mnt/data/datasets/machine-learning-matrices-split/covtype.csv.4.3.A.vc.C 
Command: /home/louza/mm-repair/ans/encode.x /mnt/data/datasets/machine-learning-matrices-split/covtype.csv.4.3.B.vc
Ans-fold time: 1.6287
Command: /home/louza/mm-repair/ans/encode.x /mnt/data/datasets/machine-learning-matrices-split/covtype.csv.wcode 
Elapsed time: 25.1671
==== Compression Report:
 >> matrix name: /mnt/data/datasets/machine-learning-matrices-split/covtype.csv
 >> conversion time: 17.98
 >> repair time: 1.48
 >> integer vectors time: 0.12
 >> ansf time: 1.63
 >> total time: 25.17
 >> wcode: 63808 bytes
 >> wcode_ans: 5738 bytes
 >> matrix log(alpha)xNumEntries size: 50983803 bytes
 >> matrix dense size: 250997184 bytes
 >> total number of nonzero: 5808737 (18.51%)
 >> number of distinct nonzero: 6682
 >> CRSV  size: 25612452 bytes  (10.20%)
 >> B	  size: 6696200 bytes  (2.67%)
 >> B_ans size: 2007148 bytes  (0.80%)
 >> RE32  size: 17571736 bytes  (7.00%)
 >> REIV  size: 10330908 bytes  (4.12%)
 >> REANS size: 8665650 bytes  (3.45%)
==== Done
REANS -b 8

#### 2026-09-05 13:56:06
 Command line: ./mm-repair/matrepair -r -b 8 -p 8 /mnt/data/datasets/machine-learning-matrices-split/covtype.csv 581012 54 
Setting memory for each repair instance to 58006 MBs
Sending logging messages to file: /mnt/data/datasets/machine-learning-matrices-split/covtype.csv.log
==== Conversion bin/csv->csrv
Command: /home/louza/mm-repair/csvmat2csrv -b 8   /mnt/data/datasets/machine-learning-matrices-split/covtype.csv -r 0   581012 54
Conversion time: 1.3694
==== Repair paralell compression
---- Executing 8 parallel processes
---- Parallel processing completed
Repair time: 0.4328
==== Integer vector .C compression
Command: /home/louza/mm-repair/sdsl/encode.x /mnt/data/datasets/machine-learning-matrices-split/covtype.csv.8.0.vc.C 
==== Integer vector .R compression
Command: /home/louza/mm-repair/sdsl/encode.x /mnt/data/datasets/machine-learning-matrices-split/covtype.csv.8.0.vc.R 
Integer vector compression time: 0.0443
==== Ans-fold compression
Command: /home/louza/mm-repair/ans/encode.x /mnt/data/datasets/machine-learning-matrices-split/covtype.csv.8.0.vc.C 
Ans-fold time: 0.0450
==== Integer vector .C compression
Command: /home/louza/mm-repair/sdsl/encode.x /mnt/data/datasets/machine-learning-matrices-split/covtype.csv.8.1.vc.C 
==== Integer vector .R compression
Command: /home/louza/mm-repair/sdsl/encode.x /mnt/data/datasets/machine-learning-matrices-split/covtype.csv.8.1.vc.R 
Integer vector compression time: 0.0513
==== Ans-fold compression
Command: /home/louza/mm-repair/ans/encode.x /mnt/data/datasets/machine-learning-matrices-split/covtype.csv.8.1.vc.C 
Ans-fold time: 0.0867
==== Integer vector .C compression
Command: /home/louza/mm-repair/sdsl/encode.x /mnt/data/datasets/machine-learning-matrices-split/covtype.csv.8.2.vc.C 
==== Integer vector .R compression
Command: /home/louza/mm-repair/sdsl/encode.x /mnt/data/datasets/machine-learning-matrices-split/covtype.csv.8.2.vc.R 
Integer vector compression time: 0.0470
==== Ans-fold compression
Command: /home/louza/mm-repair/ans/encode.x /mnt/data/datasets/machine-learning-matrices-split/covtype.csv.8.2.vc.C 
Ans-fold time: 0.1277
==== Integer vector .C compression
Command: /home/louza/mm-repair/sdsl/encode.x /mnt/data/datasets/machine-learning-matrices-split/covtype.csv.8.3.vc.C 
==== Integer vector .R compression
Command: /home/louza/mm-repair/sdsl/encode.x /mnt/data/datasets/machine-learning-matrices-split/covtype.csv.8.3.vc.R 
Integer vector compression time: 0.0532
==== Ans-fold compression
Command: /home/louza/mm-repair/ans/encode.x /mnt/data/datasets/machine-learning-matrices-split/covtype.csv.8.3.vc.C 
Ans-fold time: 0.1723
==== Integer vector .C compression
Command: /home/louza/mm-repair/sdsl/encode.x /mnt/data/datasets/machine-learning-matrices-split/covtype.csv.8.4.vc.C 
==== Integer vector .R compression
Command: /home/louza/mm-repair/sdsl/encode.x /mnt/data/datasets/machine-learning-matrices-split/covtype.csv.8.4.vc.R 
Integer vector compression time: 0.0451
==== Ans-fold compression
Command: /home/louza/mm-repair/ans/encode.x /mnt/data/datasets/machine-learning-matrices-split/covtype.csv.8.4.vc.C 
Ans-fold time: 0.2156
==== Integer vector .C compression
Command: /home/louza/mm-repair/sdsl/encode.x /mnt/data/datasets/machine-learning-matrices-split/covtype.csv.8.5.vc.C 
==== Integer vector .R compression
Command: /home/louza/mm-repair/sdsl/encode.x /mnt/data/datasets/machine-learning-matrices-split/covtype.csv.8.5.vc.R 
Integer vector compression time: 0.0525
==== Ans-fold compression
Command: /home/louza/mm-repair/ans/encode.x /mnt/data/datasets/machine-learning-matrices-split/covtype.csv.8.5.vc.C 
Ans-fold time: 0.2593
==== Integer vector .C compression
Command: /home/louza/mm-repair/sdsl/encode.x /mnt/data/datasets/machine-learning-matrices-split/covtype.csv.8.6.vc.C 
==== Integer vector .R compression
Command: /home/louza/mm-repair/sdsl/encode.x /mnt/data/datasets/machine-learning-matrices-split/covtype.csv.8.6.vc.R 
Integer vector compression time: 0.0516
==== Ans-fold compression
Command: /home/louza/mm-repair/ans/encode.x /mnt/data/datasets/machine-learning-matrices-split/covtype.csv.8.6.vc.C 
Ans-fold time: 0.3042
==== Integer vector .C compression
Command: /home/louza/mm-repair/sdsl/encode.x /mnt/data/datasets/machine-learning-matrices-split/covtype.csv.8.7.vc.C 
==== Integer vector .R compression
Command: /home/louza/mm-repair/sdsl/encode.x /mnt/data/datasets/machine-learning-matrices-split/covtype.csv.8.7.vc.R 
Integer vector compression time: 0.0562
==== Ans-fold compression
Command: /home/louza/mm-repair/ans/encode.x /mnt/data/datasets/machine-learning-matrices-split/covtype.csv.8.7.vc.C 
Ans-fold time: 0.3492
Elapsed time: 2.5531
==== Compression Report:
 >> matrix name: /mnt/data/datasets/machine-learning-matrices-split/covtype.csv
 >> conversion time: 1.37
 >> repair time: 0.43
 >> integer vectors time: 0.06
 >> ansf time: 0.35
 >> total time: 2.55
 >> matrix log(alpha)xNumEntries size: 50983803 bytes
 >> matrix dense size: 250997184 bytes
 >> total number of nonzero: 6901775 (22.00%)
 >> number of distinct nonzero: 6682
 >> CRSV  size: 29984604 bytes  (11.95%)
 >> RE32  size: 20891216 bytes  (8.32%)
 >> REIV  size: 12426096 bytes  (4.95%)
 >> REANS size: 10907924 bytes  (4.35%)
==== Done

#### 2026-09-05 13:56:08
 Command line: ./mm-repair/matrepair -r -b 8 -p 8 /mnt/data/datasets/machine-learning-matrices-split/covtype.csv 581012 54 --ole 
Setting memory for each repair instance to 58006 MBs
Sending logging messages to file: /mnt/data/datasets/machine-learning-matrices-split/covtype.csv.log
==== Conversion bin/csv->csrv
Command: /home/louza/mm-repair/csvmat2csrv -b 8   /mnt/data/datasets/machine-learning-matrices-split/covtype.csv -r 0   581012 54
Conversion time: 1.5537
==== Repair paralell compression
---- Executing 8 parallel processes
---- Parallel processing completed
Repair time: 0.4889
==== Integer vector .C compression
Command: /home/louza/mm-repair/sdsl/encode.x /mnt/data/datasets/machine-learning-matrices-split/covtype.csv.8.0.vc.C 
==== Integer vector .R compression
Command: /home/louza/mm-repair/sdsl/encode.x /mnt/data/datasets/machine-learning-matrices-split/covtype.csv.8.0.vc.R 
Integer vector compression time: 0.0512
==== OLE
Command: /home/louza/mm-repair/ole/encode.x /mnt/data/datasets/machine-learning-matrices-split/covtype.csv.8.0.vc.C 
OLE time: 0.0122
==== Ans-fold compression
Command: /home/louza/mm-repair/ans/encode.x /mnt/data/datasets/machine-learning-matrices-split/covtype.csv.8.0.vc.C 
Ans-fold time: 0.0699
==== Integer vector .C compression
Command: /home/louza/mm-repair/sdsl/encode.x /mnt/data/datasets/machine-learning-matrices-split/covtype.csv.8.1.vc.C 
==== Integer vector .R compression
Command: /home/louza/mm-repair/sdsl/encode.x /mnt/data/datasets/machine-learning-matrices-split/covtype.csv.8.1.vc.R 
Integer vector compression time: 0.0511
==== OLE
Command: /home/louza/mm-repair/ole/encode.x /mnt/data/datasets/machine-learning-matrices-split/covtype.csv.8.1.vc.C 
OLE time: 0.0119
==== Ans-fold compression
Command: /home/louza/mm-repair/ans/encode.x /mnt/data/datasets/machine-learning-matrices-split/covtype.csv.8.1.vc.C 
Ans-fold time: 0.1377
==== Integer vector .C compression
Command: /home/louza/mm-repair/sdsl/encode.x /mnt/data/datasets/machine-learning-matrices-split/covtype.csv.8.2.vc.C 
==== Integer vector .R compression
Command: /home/louza/mm-repair/sdsl/encode.x /mnt/data/datasets/machine-learning-matrices-split/covtype.csv.8.2.vc.R 
Integer vector compression time: 0.0491
==== OLE
Command: /home/louza/mm-repair/ole/encode.x /mnt/data/datasets/machine-learning-matrices-split/covtype.csv.8.2.vc.C 
OLE time: 0.0117
==== Ans-fold compression
Command: /home/louza/mm-repair/ans/encode.x /mnt/data/datasets/machine-learning-matrices-split/covtype.csv.8.2.vc.C 
Ans-fold time: 0.2050
==== Integer vector .C compression
Command: /home/louza/mm-repair/sdsl/encode.x /mnt/data/datasets/machine-learning-matrices-split/covtype.csv.8.3.vc.C 
==== Integer vector .R compression
Command: /home/louza/mm-repair/sdsl/encode.x /mnt/data/datasets/machine-learning-matrices-split/covtype.csv.8.3.vc.R 
Integer vector compression time: 0.0525
==== OLE
Command: /home/louza/mm-repair/ole/encode.x /mnt/data/datasets/machine-learning-matrices-split/covtype.csv.8.3.vc.C 
OLE time: 0.0125
==== Ans-fold compression
Command: /home/louza/mm-repair/ans/encode.x /mnt/data/datasets/machine-learning-matrices-split/covtype.csv.8.3.vc.C 
Ans-fold time: 0.2785
==== Integer vector .C compression
Command: /home/louza/mm-repair/sdsl/encode.x /mnt/data/datasets/machine-learning-matrices-split/covtype.csv.8.4.vc.C 
==== Integer vector .R compression
Command: /home/louza/mm-repair/sdsl/encode.x /mnt/data/datasets/machine-learning-matrices-split/covtype.csv.8.4.vc.R 
Integer vector compression time: 0.0528
==== OLE
Command: /home/louza/mm-repair/ole/encode.x /mnt/data/datasets/machine-learning-matrices-split/covtype.csv.8.4.vc.C 
OLE time: 0.0132
==== Ans-fold compression
Command: /home/louza/mm-repair/ans/encode.x /mnt/data/datasets/machine-learning-matrices-split/covtype.csv.8.4.vc.C 
Ans-fold time: 0.3492
==== Integer vector .C compression
Command: /home/louza/mm-repair/sdsl/encode.x /mnt/data/datasets/machine-learning-matrices-split/covtype.csv.8.5.vc.C 
==== Integer vector .R compression
Command: /home/louza/mm-repair/sdsl/encode.x /mnt/data/datasets/machine-learning-matrices-split/covtype.csv.8.5.vc.R 
Integer vector compression time: 0.0532
==== OLE
Command: /home/louza/mm-repair/ole/encode.x /mnt/data/datasets/machine-learning-matrices-split/covtype.csv.8.5.vc.C 
OLE time: 0.0133
==== Ans-fold compression
Command: /home/louza/mm-repair/ans/encode.x /mnt/data/datasets/machine-learning-matrices-split/covtype.csv.8.5.vc.C 
Ans-fold time: 0.4220
==== Integer vector .C compression
Command: /home/louza/mm-repair/sdsl/encode.x /mnt/data/datasets/machine-learning-matrices-split/covtype.csv.8.6.vc.C 
==== Integer vector .R compression
Command: /home/louza/mm-repair/sdsl/encode.x /mnt/data/datasets/machine-learning-matrices-split/covtype.csv.8.6.vc.R 
Integer vector compression time: 0.0525
==== OLE
Command: /home/louza/mm-repair/ole/encode.x /mnt/data/datasets/machine-learning-matrices-split/covtype.csv.8.6.vc.C 
OLE time: 0.0130
==== Ans-fold compression
Command: /home/louza/mm-repair/ans/encode.x /mnt/data/datasets/machine-learning-matrices-split/covtype.csv.8.6.vc.C 
Ans-fold time: 0.4931
==== Integer vector .C compression
Command: /home/louza/mm-repair/sdsl/encode.x /mnt/data/datasets/machine-learning-matrices-split/covtype.csv.8.7.vc.C 
==== Integer vector .R compression
Command: /home/louza/mm-repair/sdsl/encode.x /mnt/data/datasets/machine-learning-matrices-split/covtype.csv.8.7.vc.R 
Integer vector compression time: 0.0536
==== OLE
Command: /home/louza/mm-repair/ole/encode.x /mnt/data/datasets/machine-learning-matrices-split/covtype.csv.8.7.vc.C 
OLE time: 0.0122
==== Ans-fold compression
Command: /home/louza/mm-repair/ans/encode.x /mnt/data/datasets/machine-learning-matrices-split/covtype.csv.8.7.vc.C 
Ans-fold time: 0.5637
Elapsed time: 3.1231
==== Compression Report:
 >> matrix name: /mnt/data/datasets/machine-learning-matrices-split/covtype.csv
 >> conversion time: 1.55
 >> repair time: 0.49
 >> integer vectors time: 0.05
 >> ansf time: 0.56
 >> total time: 3.12
 >> matrix log(alpha)xNumEntries size: 50983803 bytes
 >> matrix dense size: 250997184 bytes
 >> total number of nonzero: 6901775 (22.00%)
 >> number of distinct nonzero: 6682
 >> CRSV  size: 29984604 bytes  (11.95%)
 >> RE32  size: 20891216 bytes  (8.32%)
 >> REIV  size: 12426096 bytes  (4.95%)
 >> REANS size: 10418081 bytes  (4.15%)
==== Done

#### 2026-09-05 13:56:12
 Command line: ./mm-repair/matrepair -r -b 8 -p 8 /mnt/data/datasets/machine-learning-matrices-split/covtype.csv 581012 54 --mapping 
Setting memory for each repair instance to 58006 MBs
Sending logging messages to file: /mnt/data/datasets/machine-learning-matrices-split/covtype.csv.log
==== Conversion bin/csv->csrv
Command: /home/louza/mm-repair/csvmat2csrv -b 8   /mnt/data/datasets/machine-learning-matrices-split/covtype.csv -r 0 -m  581012 54
Conversion time: 2.5469
==== Repair paralell compression
---- Executing 8 parallel processes
---- Parallel processing completed
Repair time: 0.6376
==== Integer vector .C compression
Command: /home/louza/mm-repair/sdsl/encode.x /mnt/data/datasets/machine-learning-matrices-split/covtype.csv.8.0.vc.C 
==== Integer vector .R compression
Command: /home/louza/mm-repair/sdsl/encode.x /mnt/data/datasets/machine-learning-matrices-split/covtype.csv.8.0.vc.R 
Integer vector compression time: 0.0519
==== Ans-fold compression
Command: /home/louza/mm-repair/ans/encode.x /mnt/data/datasets/machine-learning-matrices-split/covtype.csv.8.0.vc.C 
Ans-fold time: 0.0371
==== Integer vector .C compression
Command: /home/louza/mm-repair/sdsl/encode.x /mnt/data/datasets/machine-learning-matrices-split/covtype.csv.8.1.vc.C 
==== Integer vector .R compression
Command: /home/louza/mm-repair/sdsl/encode.x /mnt/data/datasets/machine-learning-matrices-split/covtype.csv.8.1.vc.R 
Integer vector compression time: 0.0504
==== Ans-fold compression
Command: /home/louza/mm-repair/ans/encode.x /mnt/data/datasets/machine-learning-matrices-split/covtype.csv.8.1.vc.C 
Ans-fold time: 0.0771
==== Integer vector .C compression
Command: /home/louza/mm-repair/sdsl/encode.x /mnt/data/datasets/machine-learning-matrices-split/covtype.csv.8.2.vc.C 
==== Integer vector .R compression
Command: /home/louza/mm-repair/sdsl/encode.x /mnt/data/datasets/machine-learning-matrices-split/covtype.csv.8.2.vc.R 
Integer vector compression time: 0.0493
==== Ans-fold compression
Command: /home/louza/mm-repair/ans/encode.x /mnt/data/datasets/machine-learning-matrices-split/covtype.csv.8.2.vc.C 
Ans-fold time: 0.1139
==== Integer vector .C compression
Command: /home/louza/mm-repair/sdsl/encode.x /mnt/data/datasets/machine-learning-matrices-split/covtype.csv.8.3.vc.C 
==== Integer vector .R compression
Command: /home/louza/mm-repair/sdsl/encode.x /mnt/data/datasets/machine-learning-matrices-split/covtype.csv.8.3.vc.R 
Integer vector compression time: 0.0578
==== Ans-fold compression
Command: /home/louza/mm-repair/ans/encode.x /mnt/data/datasets/machine-learning-matrices-split/covtype.csv.8.3.vc.C 
Ans-fold time: 0.1726
==== Integer vector .C compression
Command: /home/louza/mm-repair/sdsl/encode.x /mnt/data/datasets/machine-learning-matrices-split/covtype.csv.8.4.vc.C 
==== Integer vector .R compression
Command: /home/louza/mm-repair/sdsl/encode.x /mnt/data/datasets/machine-learning-matrices-split/covtype.csv.8.4.vc.R 
Integer vector compression time: 0.0554
==== Ans-fold compression
Command: /home/louza/mm-repair/ans/encode.x /mnt/data/datasets/machine-learning-matrices-split/covtype.csv.8.4.vc.C 
Ans-fold time: 0.2171
==== Integer vector .C compression
Command: /home/louza/mm-repair/sdsl/encode.x /mnt/data/datasets/machine-learning-matrices-split/covtype.csv.8.5.vc.C 
==== Integer vector .R compression
Command: /home/louza/mm-repair/sdsl/encode.x /mnt/data/datasets/machine-learning-matrices-split/covtype.csv.8.5.vc.R 
Integer vector compression time: 0.0622
==== Ans-fold compression
Command: /home/louza/mm-repair/ans/encode.x /mnt/data/datasets/machine-learning-matrices-split/covtype.csv.8.5.vc.C 
Ans-fold time: 0.2652
==== Integer vector .C compression
Command: /home/louza/mm-repair/sdsl/encode.x /mnt/data/datasets/machine-learning-matrices-split/covtype.csv.8.6.vc.C 
==== Integer vector .R compression
Command: /home/louza/mm-repair/sdsl/encode.x /mnt/data/datasets/machine-learning-matrices-split/covtype.csv.8.6.vc.R 
Integer vector compression time: 0.0535
==== Ans-fold compression
Command: /home/louza/mm-repair/ans/encode.x /mnt/data/datasets/machine-learning-matrices-split/covtype.csv.8.6.vc.C 
Ans-fold time: 0.3130
==== Integer vector .C compression
Command: /home/louza/mm-repair/sdsl/encode.x /mnt/data/datasets/machine-learning-matrices-split/covtype.csv.8.7.vc.C 
==== Integer vector .R compression
Command: /home/louza/mm-repair/sdsl/encode.x /mnt/data/datasets/machine-learning-matrices-split/covtype.csv.8.7.vc.R 
Integer vector compression time: 0.0714
==== Ans-fold compression
Command: /home/louza/mm-repair/ans/encode.x /mnt/data/datasets/machine-learning-matrices-split/covtype.csv.8.7.vc.C 
Ans-fold time: 0.3597
Command: /home/louza/mm-repair/ans/encode.x /mnt/data/datasets/machine-learning-matrices-split/covtype.csv.wcode 
Elapsed time: 3.9999
==== Compression Report:
 >> matrix name: /mnt/data/datasets/machine-learning-matrices-split/covtype.csv
 >> conversion time: 2.55
 >> repair time: 0.64
 >> integer vectors time: 0.07
 >> ansf time: 0.36
 >> total time: 4.00
 >> wcode: 63808 bytes
 >> wcode_ans: 5738 bytes
 >> matrix log(alpha)xNumEntries size: 50983803 bytes
 >> matrix dense size: 250997184 bytes
 >> total number of nonzero: 6901775 (22.00%)
 >> number of distinct nonzero: 6682
 >> CRSV  size: 29984604 bytes  (11.95%)
 >> RE32  size: 20955024 bytes  (8.35%)
 >> REIV  size: 11110184 bytes  (4.43%)
 >> REANS size: 9446637 bytes  (3.76%)
==== Done

#### 2026-09-05 13:56:16
 Command line: ./mm-repair/matrepair -r -b 8 -p 8 /mnt/data/datasets/machine-learning-matrices-split/covtype.csv 581012 54 --split 
Setting memory for each repair instance to 58006 MBs
Sending logging messages to file: /mnt/data/datasets/machine-learning-matrices-split/covtype.csv.log
==== Conversion bin/csv->csrv
Command: /home/louza/mm-repair/csvmat2csrv -b 8   /mnt/data/datasets/machine-learning-matrices-split/covtype.csv -r 0  -s 581012 54
Conversion time: 10.2934
==== Repair paralell compression
---- Executing 8 parallel processes
---- Parallel processing completed
Repair time: 1.8316
==== Integer vector .C compression
Command: /home/louza/mm-repair/sdsl/encode.x /mnt/data/datasets/machine-learning-matrices-split/covtype.csv.8.0.A.vc.C 
==== Integer vector .R compression
Command: /home/louza/mm-repair/sdsl/encode.x /mnt/data/datasets/machine-learning-matrices-split/covtype.csv.8.0.A.vc.R 
Integer vector compression time: 0.0910
==== Ans-fold compression
Command: /home/louza/mm-repair/ans/encode.x /mnt/data/datasets/machine-learning-matrices-split/covtype.csv.8.0.A.vc.C 
Command: /home/louza/mm-repair/ans/encode.x /mnt/data/datasets/machine-learning-matrices-split/covtype.csv.8.0.B.vc
Ans-fold time: 0.0929
==== Integer vector .C compression
Command: /home/louza/mm-repair/sdsl/encode.x /mnt/data/datasets/machine-learning-matrices-split/covtype.csv.8.1.A.vc.C 
==== Integer vector .R compression
Command: /home/louza/mm-repair/sdsl/encode.x /mnt/data/datasets/machine-learning-matrices-split/covtype.csv.8.1.A.vc.R 
Integer vector compression time: 0.0845
==== Ans-fold compression
Command: /home/louza/mm-repair/ans/encode.x /mnt/data/datasets/machine-learning-matrices-split/covtype.csv.8.1.A.vc.C 
Command: /home/louza/mm-repair/ans/encode.x /mnt/data/datasets/machine-learning-matrices-split/covtype.csv.8.1.B.vc
Ans-fold time: 0.1856
==== Integer vector .C compression
Command: /home/louza/mm-repair/sdsl/encode.x /mnt/data/datasets/machine-learning-matrices-split/covtype.csv.8.2.A.vc.C 
==== Integer vector .R compression
Command: /home/louza/mm-repair/sdsl/encode.x /mnt/data/datasets/machine-learning-matrices-split/covtype.csv.8.2.A.vc.R 
Integer vector compression time: 0.0856
==== Ans-fold compression
Command: /home/louza/mm-repair/ans/encode.x /mnt/data/datasets/machine-learning-matrices-split/covtype.csv.8.2.A.vc.C 
Command: /home/louza/mm-repair/ans/encode.x /mnt/data/datasets/machine-learning-matrices-split/covtype.csv.8.2.B.vc
Ans-fold time: 0.2698
==== Integer vector .C compression
Command: /home/louza/mm-repair/sdsl/encode.x /mnt/data/datasets/machine-learning-matrices-split/covtype.csv.8.3.A.vc.C 
==== Integer vector .R compression
Command: /home/louza/mm-repair/sdsl/encode.x /mnt/data/datasets/machine-learning-matrices-split/covtype.csv.8.3.A.vc.R 
Integer vector compression time: 0.0990
==== Ans-fold compression
Command: /home/louza/mm-repair/ans/encode.x /mnt/data/datasets/machine-learning-matrices-split/covtype.csv.8.3.A.vc.C 
Command: /home/louza/mm-repair/ans/encode.x /mnt/data/datasets/machine-learning-matrices-split/covtype.csv.8.3.B.vc
Ans-fold time: 0.3762
==== Integer vector .C compression
Command: /home/louza/mm-repair/sdsl/encode.x /mnt/data/datasets/machine-learning-matrices-split/covtype.csv.8.4.A.vc.C 
==== Integer vector .R compression
Command: /home/louza/mm-repair/sdsl/encode.x /mnt/data/datasets/machine-learning-matrices-split/covtype.csv.8.4.A.vc.R 
Integer vector compression time: 0.0961
==== Ans-fold compression
Command: /home/louza/mm-repair/ans/encode.x /mnt/data/datasets/machine-learning-matrices-split/covtype.csv.8.4.A.vc.C 
Command: /home/louza/mm-repair/ans/encode.x /mnt/data/datasets/machine-learning-matrices-split/covtype.csv.8.4.B.vc
Ans-fold time: 0.4688
==== Integer vector .C compression
Command: /home/louza/mm-repair/sdsl/encode.x /mnt/data/datasets/machine-learning-matrices-split/covtype.csv.8.5.A.vc.C 
==== Integer vector .R compression
Command: /home/louza/mm-repair/sdsl/encode.x /mnt/data/datasets/machine-learning-matrices-split/covtype.csv.8.5.A.vc.R 
Integer vector compression time: 0.0978
==== Ans-fold compression
Command: /home/louza/mm-repair/ans/encode.x /mnt/data/datasets/machine-learning-matrices-split/covtype.csv.8.5.A.vc.C 
Command: /home/louza/mm-repair/ans/encode.x /mnt/data/datasets/machine-learning-matrices-split/covtype.csv.8.5.B.vc
Ans-fold time: 0.5516
==== Integer vector .C compression
Command: /home/louza/mm-repair/sdsl/encode.x /mnt/data/datasets/machine-learning-matrices-split/covtype.csv.8.6.A.vc.C 
==== Integer vector .R compression
Command: /home/louza/mm-repair/sdsl/encode.x /mnt/data/datasets/machine-learning-matrices-split/covtype.csv.8.6.A.vc.R 
Integer vector compression time: 0.0918
==== Ans-fold compression
Command: /home/louza/mm-repair/ans/encode.x /mnt/data/datasets/machine-learning-matrices-split/covtype.csv.8.6.A.vc.C 
Command: /home/louza/mm-repair/ans/encode.x /mnt/data/datasets/machine-learning-matrices-split/covtype.csv.8.6.B.vc
Ans-fold time: 0.6413
==== Integer vector .C compression
Command: /home/louza/mm-repair/sdsl/encode.x /mnt/data/datasets/machine-learning-matrices-split/covtype.csv.8.7.A.vc.C 
==== Integer vector .R compression
Command: /home/louza/mm-repair/sdsl/encode.x /mnt/data/datasets/machine-learning-matrices-split/covtype.csv.8.7.A.vc.R 
Integer vector compression time: 0.0922
==== Ans-fold compression
Command: /home/louza/mm-repair/ans/encode.x /mnt/data/datasets/machine-learning-matrices-split/covtype.csv.8.7.A.vc.C 
Command: /home/louza/mm-repair/ans/encode.x /mnt/data/datasets/machine-learning-matrices-split/covtype.csv.8.7.B.vc
Ans-fold time: 0.7377
Elapsed time: 13.6030
==== Compression Report:
 >> matrix name: /mnt/data/datasets/machine-learning-matrices-split/covtype.csv
 >> conversion time: 10.29
 >> repair time: 1.83
 >> integer vectors time: 0.09
 >> ansf time: 0.74
 >> total time: 13.60
 >> matrix log(alpha)xNumEntries size: 50983803 bytes
 >> matrix dense size: 250997184 bytes
 >> total number of nonzero: 5540443 (17.66%)
 >> number of distinct nonzero: 6682
 >> CRSV  size: 24539276 bytes  (9.78%)
 >> B	  size: 7769376 bytes  (3.10%)
 >> B_ans size: 3255097 bytes  (1.30%)
 >> RE32  size: 18685513 bytes  (7.44%)
 >> REIV  size: 12438825 bytes  (4.96%)
 >> REANS size: 10753268 bytes  (4.28%)
==== Done

#### 2026-09-05 13:56:29
 Command line: ./mm-repair/matrepair -r -b 8 -p 8 /mnt/data/datasets/machine-learning-matrices-split/covtype.csv 581012 54 --ole --mapping 
Setting memory for each repair instance to 58006 MBs
Sending logging messages to file: /mnt/data/datasets/machine-learning-matrices-split/covtype.csv.log
==== Conversion bin/csv->csrv
Command: /home/louza/mm-repair/csvmat2csrv -b 8   /mnt/data/datasets/machine-learning-matrices-split/covtype.csv -r 0 -m  581012 54
Conversion time: 3.2568
==== Repair paralell compression
---- Executing 8 parallel processes
---- Parallel processing completed
Repair time: 2.8924
==== Integer vector .C compression
Command: /home/louza/mm-repair/sdsl/encode.x /mnt/data/datasets/machine-learning-matrices-split/covtype.csv.8.0.vc.C 
==== Integer vector .R compression
Command: /home/louza/mm-repair/sdsl/encode.x /mnt/data/datasets/machine-learning-matrices-split/covtype.csv.8.0.vc.R 
Integer vector compression time: 0.0687
==== OLE
Command: /home/louza/mm-repair/ole/encode.x /mnt/data/datasets/machine-learning-matrices-split/covtype.csv.8.0.vc.C 
OLE time: 0.0201
==== Ans-fold compression
Command: /home/louza/mm-repair/ans/encode.x /mnt/data/datasets/machine-learning-matrices-split/covtype.csv.8.0.vc.C 
Ans-fold time: 0.0488
==== Integer vector .C compression
Command: /home/louza/mm-repair/sdsl/encode.x /mnt/data/datasets/machine-learning-matrices-split/covtype.csv.8.1.vc.C 
==== Integer vector .R compression
Command: /home/louza/mm-repair/sdsl/encode.x /mnt/data/datasets/machine-learning-matrices-split/covtype.csv.8.1.vc.R 
Integer vector compression time: 0.0843
==== OLE
Command: /home/louza/mm-repair/ole/encode.x /mnt/data/datasets/machine-learning-matrices-split/covtype.csv.8.1.vc.C 
OLE time: 0.0194
==== Ans-fold compression
Command: /home/louza/mm-repair/ans/encode.x /mnt/data/datasets/machine-learning-matrices-split/covtype.csv.8.1.vc.C 
Ans-fold time: 0.1001
==== Integer vector .C compression
Command: /home/louza/mm-repair/sdsl/encode.x /mnt/data/datasets/machine-learning-matrices-split/covtype.csv.8.2.vc.C 
==== Integer vector .R compression
Command: /home/louza/mm-repair/sdsl/encode.x /mnt/data/datasets/machine-learning-matrices-split/covtype.csv.8.2.vc.R 
Integer vector compression time: 0.0906
==== OLE
Command: /home/louza/mm-repair/ole/encode.x /mnt/data/datasets/machine-learning-matrices-split/covtype.csv.8.2.vc.C 
OLE time: 0.0192
==== Ans-fold compression
Command: /home/louza/mm-repair/ans/encode.x /mnt/data/datasets/machine-learning-matrices-split/covtype.csv.8.2.vc.C 
Ans-fold time: 0.1488
==== Integer vector .C compression
Command: /home/louza/mm-repair/sdsl/encode.x /mnt/data/datasets/machine-learning-matrices-split/covtype.csv.8.3.vc.C 
==== Integer vector .R compression
Command: /home/louza/mm-repair/sdsl/encode.x /mnt/data/datasets/machine-learning-matrices-split/covtype.csv.8.3.vc.R 
Integer vector compression time: 0.0950
==== OLE
Command: /home/louza/mm-repair/ole/encode.x /mnt/data/datasets/machine-learning-matrices-split/covtype.csv.8.3.vc.C 
OLE time: 0.0281
==== Ans-fold compression
Command: /home/louza/mm-repair/ans/encode.x /mnt/data/datasets/machine-learning-matrices-split/covtype.csv.8.3.vc.C 
Ans-fold time: 0.2239
==== Integer vector .C compression
Command: /home/louza/mm-repair/sdsl/encode.x /mnt/data/datasets/machine-learning-matrices-split/covtype.csv.8.4.vc.C 
==== Integer vector .R compression
Command: /home/louza/mm-repair/sdsl/encode.x /mnt/data/datasets/machine-learning-matrices-split/covtype.csv.8.4.vc.R 
Integer vector compression time: 0.1554
==== OLE
Command: /home/louza/mm-repair/ole/encode.x /mnt/data/datasets/machine-learning-matrices-split/covtype.csv.8.4.vc.C 
OLE time: 0.0545
==== Ans-fold compression
Command: /home/louza/mm-repair/ans/encode.x /mnt/data/datasets/machine-learning-matrices-split/covtype.csv.8.4.vc.C 
Ans-fold time: 0.2960
==== Integer vector .C compression
Command: /home/louza/mm-repair/sdsl/encode.x /mnt/data/datasets/machine-learning-matrices-split/covtype.csv.8.5.vc.C 
==== Integer vector .R compression
Command: /home/louza/mm-repair/sdsl/encode.x /mnt/data/datasets/machine-learning-matrices-split/covtype.csv.8.5.vc.R 
Integer vector compression time: 0.1362
==== OLE
Command: /home/louza/mm-repair/ole/encode.x /mnt/data/datasets/machine-learning-matrices-split/covtype.csv.8.5.vc.C 
OLE time: 0.0411
==== Ans-fold compression
Command: /home/louza/mm-repair/ans/encode.x /mnt/data/datasets/machine-learning-matrices-split/covtype.csv.8.5.vc.C 
Ans-fold time: 0.3545
==== Integer vector .C compression
Command: /home/louza/mm-repair/sdsl/encode.x /mnt/data/datasets/machine-learning-matrices-split/covtype.csv.8.6.vc.C 
==== Integer vector .R compression
Command: /home/louza/mm-repair/sdsl/encode.x /mnt/data/datasets/machine-learning-matrices-split/covtype.csv.8.6.vc.R 
Integer vector compression time: 0.0956
==== OLE
Command: /home/louza/mm-repair/ole/encode.x /mnt/data/datasets/machine-learning-matrices-split/covtype.csv.8.6.vc.C 
OLE time: 0.0268
==== Ans-fold compression
Command: /home/louza/mm-repair/ans/encode.x /mnt/data/datasets/machine-learning-matrices-split/covtype.csv.8.6.vc.C 
Ans-fold time: 0.4257
==== Integer vector .C compression
Command: /home/louza/mm-repair/sdsl/encode.x /mnt/data/datasets/machine-learning-matrices-split/covtype.csv.8.7.vc.C 
==== Integer vector .R compression
Command: /home/louza/mm-repair/sdsl/encode.x /mnt/data/datasets/machine-learning-matrices-split/covtype.csv.8.7.vc.R 
Integer vector compression time: 0.1151
==== OLE
Command: /home/louza/mm-repair/ole/encode.x /mnt/data/datasets/machine-learning-matrices-split/covtype.csv.8.7.vc.C 
OLE time: 0.0278
==== Ans-fold compression
Command: /home/louza/mm-repair/ans/encode.x /mnt/data/datasets/machine-learning-matrices-split/covtype.csv.8.7.vc.C 
Ans-fold time: 0.4945
Command: /home/louza/mm-repair/ans/encode.x /mnt/data/datasets/machine-learning-matrices-split/covtype.csv.wcode 
Elapsed time: 7.7331
==== Compression Report:
 >> matrix name: /mnt/data/datasets/machine-learning-matrices-split/covtype.csv
 >> conversion time: 3.26
 >> repair time: 2.89
 >> integer vectors time: 0.12
 >> ansf time: 0.49
 >> total time: 7.73
 >> wcode: 63808 bytes
 >> wcode_ans: 5738 bytes
 >> matrix log(alpha)xNumEntries size: 50983803 bytes
 >> matrix dense size: 250997184 bytes
 >> total number of nonzero: 6901775 (22.00%)
 >> number of distinct nonzero: 6682
 >> CRSV  size: 29984604 bytes  (11.95%)
 >> RE32  size: 20955024 bytes  (8.35%)
 >> REIV  size: 11110184 bytes  (4.43%)
 >> REANS size: 8880589 bytes  (3.54%)
==== Done

#### 2026-09-05 13:56:37
 Command line: ./mm-repair/matrepair -r -b 8 -p 8 /mnt/data/datasets/machine-learning-matrices-split/covtype.csv 581012 54 --ole --split 
Setting memory for each repair instance to 58006 MBs
Sending logging messages to file: /mnt/data/datasets/machine-learning-matrices-split/covtype.csv.log
==== Conversion bin/csv->csrv
Command: /home/louza/mm-repair/csvmat2csrv -b 8   /mnt/data/datasets/machine-learning-matrices-split/covtype.csv -r 0  -s 581012 54
Conversion time: 33.0200
==== Repair paralell compression
---- Executing 8 parallel processes
---- Parallel processing completed
Repair time: 1.2349
==== Integer vector .C compression
Command: /home/louza/mm-repair/sdsl/encode.x /mnt/data/datasets/machine-learning-matrices-split/covtype.csv.8.0.A.vc.C 
==== Integer vector .R compression
Command: /home/louza/mm-repair/sdsl/encode.x /mnt/data/datasets/machine-learning-matrices-split/covtype.csv.8.0.A.vc.R 
Integer vector compression time: 0.0654
==== OLE
Command: /home/louza/mm-repair/ole/encode.x /mnt/data/datasets/machine-learning-matrices-split/covtype.csv.8.0.A.vc.C 
Command: /home/louza/mm-repair/ole/encode.x /mnt/data/datasets/machine-learning-matrices-split/covtype.csv.8.0.B.vc 
OLE time: 0.0397
==== Ans-fold compression
Command: /home/louza/mm-repair/ans/encode.x /mnt/data/datasets/machine-learning-matrices-split/covtype.csv.8.0.A.vc.C 
Command: /home/louza/mm-repair/ans/encode.x /mnt/data/datasets/machine-learning-matrices-split/covtype.csv.8.0.B.vc
Ans-fold time: 0.1093
==== Integer vector .C compression
Command: /home/louza/mm-repair/sdsl/encode.x /mnt/data/datasets/machine-learning-matrices-split/covtype.csv.8.1.A.vc.C 
==== Integer vector .R compression
Command: /home/louza/mm-repair/sdsl/encode.x /mnt/data/datasets/machine-learning-matrices-split/covtype.csv.8.1.A.vc.R 
Integer vector compression time: 0.0657
==== OLE
Command: /home/louza/mm-repair/ole/encode.x /mnt/data/datasets/machine-learning-matrices-split/covtype.csv.8.1.A.vc.C 
Command: /home/louza/mm-repair/ole/encode.x /mnt/data/datasets/machine-learning-matrices-split/covtype.csv.8.1.B.vc 
OLE time: 0.0327
==== Ans-fold compression
Command: /home/louza/mm-repair/ans/encode.x /mnt/data/datasets/machine-learning-matrices-split/covtype.csv.8.1.A.vc.C 
Command: /home/louza/mm-repair/ans/encode.x /mnt/data/datasets/machine-learning-matrices-split/covtype.csv.8.1.B.vc
Ans-fold time: 0.2012
==== Integer vector .C compression
Command: /home/louza/mm-repair/sdsl/encode.x /mnt/data/datasets/machine-learning-matrices-split/covtype.csv.8.2.A.vc.C 
==== Integer vector .R compression
Command: /home/louza/mm-repair/sdsl/encode.x /mnt/data/datasets/machine-learning-matrices-split/covtype.csv.8.2.A.vc.R 
Integer vector compression time: 0.1232
==== OLE
Command: /home/louza/mm-repair/ole/encode.x /mnt/data/datasets/machine-learning-matrices-split/covtype.csv.8.2.A.vc.C 
Command: /home/louza/mm-repair/ole/encode.x /mnt/data/datasets/machine-learning-matrices-split/covtype.csv.8.2.B.vc 
OLE time: 0.0305
==== Ans-fold compression
Command: /home/louza/mm-repair/ans/encode.x /mnt/data/datasets/machine-learning-matrices-split/covtype.csv.8.2.A.vc.C 
Command: /home/louza/mm-repair/ans/encode.x /mnt/data/datasets/machine-learning-matrices-split/covtype.csv.8.2.B.vc
Ans-fold time: 0.3900
==== Integer vector .C compression
Command: /home/louza/mm-repair/sdsl/encode.x /mnt/data/datasets/machine-learning-matrices-split/covtype.csv.8.3.A.vc.C 
==== Integer vector .R compression
Command: /home/louza/mm-repair/sdsl/encode.x /mnt/data/datasets/machine-learning-matrices-split/covtype.csv.8.3.A.vc.R 
Integer vector compression time: 0.0954
==== OLE
Command: /home/louza/mm-repair/ole/encode.x /mnt/data/datasets/machine-learning-matrices-split/covtype.csv.8.3.A.vc.C 
Command: /home/louza/mm-repair/ole/encode.x /mnt/data/datasets/machine-learning-matrices-split/covtype.csv.8.3.B.vc 
OLE time: 0.0165
==== Ans-fold compression
Command: /home/louza/mm-repair/ans/encode.x /mnt/data/datasets/machine-learning-matrices-split/covtype.csv.8.3.A.vc.C 
Command: /home/louza/mm-repair/ans/encode.x /mnt/data/datasets/machine-learning-matrices-split/covtype.csv.8.3.B.vc
Ans-fold time: 0.4775
==== Integer vector .C compression
Command: /home/louza/mm-repair/sdsl/encode.x /mnt/data/datasets/machine-learning-matrices-split/covtype.csv.8.4.A.vc.C 
==== Integer vector .R compression
Command: /home/louza/mm-repair/sdsl/encode.x /mnt/data/datasets/machine-learning-matrices-split/covtype.csv.8.4.A.vc.R 
Integer vector compression time: 0.0942
==== OLE
Command: /home/louza/mm-repair/ole/encode.x /mnt/data/datasets/machine-learning-matrices-split/covtype.csv.8.4.A.vc.C 
Command: /home/louza/mm-repair/ole/encode.x /mnt/data/datasets/machine-learning-matrices-split/covtype.csv.8.4.B.vc 
OLE time: 0.0443
==== Ans-fold compression
Command: /home/louza/mm-repair/ans/encode.x /mnt/data/datasets/machine-learning-matrices-split/covtype.csv.8.4.A.vc.C 
Command: /home/louza/mm-repair/ans/encode.x /mnt/data/datasets/machine-learning-matrices-split/covtype.csv.8.4.B.vc
Ans-fold time: 0.7064
==== Integer vector .C compression
Command: /home/louza/mm-repair/sdsl/encode.x /mnt/data/datasets/machine-learning-matrices-split/covtype.csv.8.5.A.vc.C 
==== Integer vector .R compression
Command: /home/louza/mm-repair/sdsl/encode.x /mnt/data/datasets/machine-learning-matrices-split/covtype.csv.8.5.A.vc.R 
Integer vector compression time: 0.0871
==== OLE
Command: /home/louza/mm-repair/ole/encode.x /mnt/data/datasets/machine-learning-matrices-split/covtype.csv.8.5.A.vc.C 
Command: /home/louza/mm-repair/ole/encode.x /mnt/data/datasets/machine-learning-matrices-split/covtype.csv.8.5.B.vc 
OLE time: 0.0199
==== Ans-fold compression
Command: /home/louza/mm-repair/ans/encode.x /mnt/data/datasets/machine-learning-matrices-split/covtype.csv.8.5.A.vc.C 
Command: /home/louza/mm-repair/ans/encode.x /mnt/data/datasets/machine-learning-matrices-split/covtype.csv.8.5.B.vc
Ans-fold time: 0.7812
==== Integer vector .C compression
Command: /home/louza/mm-repair/sdsl/encode.x /mnt/data/datasets/machine-learning-matrices-split/covtype.csv.8.6.A.vc.C 
==== Integer vector .R compression
Command: /home/louza/mm-repair/sdsl/encode.x /mnt/data/datasets/machine-learning-matrices-split/covtype.csv.8.6.A.vc.R 
Integer vector compression time: 0.0742
==== OLE
Command: /home/louza/mm-repair/ole/encode.x /mnt/data/datasets/machine-learning-matrices-split/covtype.csv.8.6.A.vc.C 
Command: /home/louza/mm-repair/ole/encode.x /mnt/data/datasets/machine-learning-matrices-split/covtype.csv.8.6.B.vc 
OLE time: 0.0242
==== Ans-fold compression
Command: /home/louza/mm-repair/ans/encode.x /mnt/data/datasets/machine-learning-matrices-split/covtype.csv.8.6.A.vc.C 
Command: /home/louza/mm-repair/ans/encode.x /mnt/data/datasets/machine-learning-matrices-split/covtype.csv.8.6.B.vc
Ans-fold time: 0.9261
==== Integer vector .C compression
Command: /home/louza/mm-repair/sdsl/encode.x /mnt/data/datasets/machine-learning-matrices-split/covtype.csv.8.7.A.vc.C 
==== Integer vector .R compression
Command: /home/louza/mm-repair/sdsl/encode.x /mnt/data/datasets/machine-learning-matrices-split/covtype.csv.8.7.A.vc.R 
Integer vector compression time: 0.1040
==== OLE
Command: /home/louza/mm-repair/ole/encode.x /mnt/data/datasets/machine-learning-matrices-split/covtype.csv.8.7.A.vc.C 
Command: /home/louza/mm-repair/ole/encode.x /mnt/data/datasets/machine-learning-matrices-split/covtype.csv.8.7.B.vc 
OLE time: 0.0176
==== Ans-fold compression
Command: /home/louza/mm-repair/ans/encode.x /mnt/data/datasets/machine-learning-matrices-split/covtype.csv.8.7.A.vc.C 
Command: /home/louza/mm-repair/ans/encode.x /mnt/data/datasets/machine-learning-matrices-split/covtype.csv.8.7.B.vc
Ans-fold time: 1.0250
Elapsed time: 36.5012
==== Compression Report:
 >> matrix name: /mnt/data/datasets/machine-learning-matrices-split/covtype.csv
 >> conversion time: 33.02
 >> repair time: 1.23
 >> integer vectors time: 0.10
 >> ansf time: 1.02
 >> total time: 36.50
 >> matrix log(alpha)xNumEntries size: 50983803 bytes
 >> matrix dense size: 250997184 bytes
 >> total number of nonzero: 5540443 (17.66%)
 >> number of distinct nonzero: 6682
 >> CRSV  size: 24539276 bytes  (9.78%)
 >> B	  size: 7769376 bytes  (3.10%)
 >> B_ans size: 3170523 bytes  (1.26%)
 >> RE32  size: 18600939 bytes  (7.41%)
 >> REIV  size: 12354251 bytes  (4.92%)
 >> REANS size: 10564173 bytes  (4.21%)
==== Done

#### 2026-09-05 13:57:14
 Command line: ./mm-repair/matrepair -r -b 8 -p 8 /mnt/data/datasets/machine-learning-matrices-split/covtype.csv 581012 54 --mapping --split 
Setting memory for each repair instance to 58006 MBs
Sending logging messages to file: /mnt/data/datasets/machine-learning-matrices-split/covtype.csv.log
==== Conversion bin/csv->csrv
Command: /home/louza/mm-repair/csvmat2csrv -b 8   /mnt/data/datasets/machine-learning-matrices-split/covtype.csv -r 0 -m -s 581012 54
Conversion time: 14.7930
==== Repair paralell compression
---- Executing 8 parallel processes
---- Parallel processing completed
Repair time: 0.5145
==== Integer vector .C compression
Command: /home/louza/mm-repair/sdsl/encode.x /mnt/data/datasets/machine-learning-matrices-split/covtype.csv.8.0.A.vc.C 
==== Integer vector .R compression
Command: /home/louza/mm-repair/sdsl/encode.x /mnt/data/datasets/machine-learning-matrices-split/covtype.csv.8.0.A.vc.R 
Integer vector compression time: 0.0459
==== Ans-fold compression
Command: /home/louza/mm-repair/ans/encode.x /mnt/data/datasets/machine-learning-matrices-split/covtype.csv.8.0.A.vc.C 
Command: /home/louza/mm-repair/ans/encode.x /mnt/data/datasets/machine-learning-matrices-split/covtype.csv.8.0.B.vc
Ans-fold time: 0.0465
==== Integer vector .C compression
Command: /home/louza/mm-repair/sdsl/encode.x /mnt/data/datasets/machine-learning-matrices-split/covtype.csv.8.1.A.vc.C 
==== Integer vector .R compression
Command: /home/louza/mm-repair/sdsl/encode.x /mnt/data/datasets/machine-learning-matrices-split/covtype.csv.8.1.A.vc.R 
Integer vector compression time: 0.0479
==== Ans-fold compression
Command: /home/louza/mm-repair/ans/encode.x /mnt/data/datasets/machine-learning-matrices-split/covtype.csv.8.1.A.vc.C 
Command: /home/louza/mm-repair/ans/encode.x /mnt/data/datasets/machine-learning-matrices-split/covtype.csv.8.1.B.vc
Ans-fold time: 0.0919
==== Integer vector .C compression
Command: /home/louza/mm-repair/sdsl/encode.x /mnt/data/datasets/machine-learning-matrices-split/covtype.csv.8.2.A.vc.C 
==== Integer vector .R compression
Command: /home/louza/mm-repair/sdsl/encode.x /mnt/data/datasets/machine-learning-matrices-split/covtype.csv.8.2.A.vc.R 
Integer vector compression time: 0.0704
==== Ans-fold compression
Command: /home/louza/mm-repair/ans/encode.x /mnt/data/datasets/machine-learning-matrices-split/covtype.csv.8.2.A.vc.C 
Command: /home/louza/mm-repair/ans/encode.x /mnt/data/datasets/machine-learning-matrices-split/covtype.csv.8.2.B.vc
Ans-fold time: 0.1505
==== Integer vector .C compression
Command: /home/louza/mm-repair/sdsl/encode.x /mnt/data/datasets/machine-learning-matrices-split/covtype.csv.8.3.A.vc.C 
==== Integer vector .R compression
Command: /home/louza/mm-repair/sdsl/encode.x /mnt/data/datasets/machine-learning-matrices-split/covtype.csv.8.3.A.vc.R 
Integer vector compression time: 0.0645
==== Ans-fold compression
Command: /home/louza/mm-repair/ans/encode.x /mnt/data/datasets/machine-learning-matrices-split/covtype.csv.8.3.A.vc.C 
Command: /home/louza/mm-repair/ans/encode.x /mnt/data/datasets/machine-learning-matrices-split/covtype.csv.8.3.B.vc
Ans-fold time: 0.2005
==== Integer vector .C compression
Command: /home/louza/mm-repair/sdsl/encode.x /mnt/data/datasets/machine-learning-matrices-split/covtype.csv.8.4.A.vc.C 
==== Integer vector .R compression
Command: /home/louza/mm-repair/sdsl/encode.x /mnt/data/datasets/machine-learning-matrices-split/covtype.csv.8.4.A.vc.R 
Integer vector compression time: 0.0609
==== Ans-fold compression
Command: /home/louza/mm-repair/ans/encode.x /mnt/data/datasets/machine-learning-matrices-split/covtype.csv.8.4.A.vc.C 
Command: /home/louza/mm-repair/ans/encode.x /mnt/data/datasets/machine-learning-matrices-split/covtype.csv.8.4.B.vc
Ans-fold time: 0.2616
==== Integer vector .C compression
Command: /home/louza/mm-repair/sdsl/encode.x /mnt/data/datasets/machine-learning-matrices-split/covtype.csv.8.5.A.vc.C 
==== Integer vector .R compression
Command: /home/louza/mm-repair/sdsl/encode.x /mnt/data/datasets/machine-learning-matrices-split/covtype.csv.8.5.A.vc.R 
Integer vector compression time: 0.0626
==== Ans-fold compression
Command: /home/louza/mm-repair/ans/encode.x /mnt/data/datasets/machine-learning-matrices-split/covtype.csv.8.5.A.vc.C 
Command: /home/louza/mm-repair/ans/encode.x /mnt/data/datasets/machine-learning-matrices-split/covtype.csv.8.5.B.vc
Ans-fold time: 0.3168
==== Integer vector .C compression
Command: /home/louza/mm-repair/sdsl/encode.x /mnt/data/datasets/machine-learning-matrices-split/covtype.csv.8.6.A.vc.C 
==== Integer vector .R compression
Command: /home/louza/mm-repair/sdsl/encode.x /mnt/data/datasets/machine-learning-matrices-split/covtype.csv.8.6.A.vc.R 
Integer vector compression time: 0.0645
==== Ans-fold compression
Command: /home/louza/mm-repair/ans/encode.x /mnt/data/datasets/machine-learning-matrices-split/covtype.csv.8.6.A.vc.C 
Command: /home/louza/mm-repair/ans/encode.x /mnt/data/datasets/machine-learning-matrices-split/covtype.csv.8.6.B.vc
Ans-fold time: 0.3855
==== Integer vector .C compression
Command: /home/louza/mm-repair/sdsl/encode.x /mnt/data/datasets/machine-learning-matrices-split/covtype.csv.8.7.A.vc.C 
==== Integer vector .R compression
Command: /home/louza/mm-repair/sdsl/encode.x /mnt/data/datasets/machine-learning-matrices-split/covtype.csv.8.7.A.vc.R 
Integer vector compression time: 0.0525
==== Ans-fold compression
Command: /home/louza/mm-repair/ans/encode.x /mnt/data/datasets/machine-learning-matrices-split/covtype.csv.8.7.A.vc.C 
Command: /home/louza/mm-repair/ans/encode.x /mnt/data/datasets/machine-learning-matrices-split/covtype.csv.8.7.B.vc
Ans-fold time: 0.4342
Command: /home/louza/mm-repair/ans/encode.x /mnt/data/datasets/machine-learning-matrices-split/covtype.csv.wcode 
Elapsed time: 16.2190
==== Compression Report:
 >> matrix name: /mnt/data/datasets/machine-learning-matrices-split/covtype.csv
 >> conversion time: 14.79
 >> repair time: 0.51
 >> integer vectors time: 0.05
 >> ansf time: 0.43
 >> total time: 16.22
 >> wcode: 63808 bytes
 >> wcode_ans: 5738 bytes
 >> matrix log(alpha)xNumEntries size: 50983803 bytes
 >> matrix dense size: 250997184 bytes
 >> total number of nonzero: 5540443 (17.66%)
 >> number of distinct nonzero: 6682
 >> CRSV  size: 24539276 bytes  (9.78%)
 >> B	  size: 7769376 bytes  (3.10%)
 >> B_ans size: 2516136 bytes  (1.00%)
 >> RE32  size: 18010360 bytes  (7.18%)
 >> REIV  size: 10383944 bytes  (4.14%)
 >> REANS size: 9133555 bytes  (3.64%)
==== Done

#### 2026-09-05 13:57:30
 Command line: ./mm-repair/matrepair -r -b 8 -p 8 /mnt/data/datasets/machine-learning-matrices-split/covtype.csv 581012 54 --ole --mapping --split 
Setting memory for each repair instance to 58006 MBs
Sending logging messages to file: /mnt/data/datasets/machine-learning-matrices-split/covtype.csv.log
==== Conversion bin/csv->csrv
Command: /home/louza/mm-repair/csvmat2csrv -b 8   /mnt/data/datasets/machine-learning-matrices-split/covtype.csv -r 0 -m -s 581012 54
Conversion time: 13.5295
==== Repair paralell compression
---- Executing 8 parallel processes
---- Parallel processing completed
Repair time: 0.8075
==== Integer vector .C compression
Command: /home/louza/mm-repair/sdsl/encode.x /mnt/data/datasets/machine-learning-matrices-split/covtype.csv.8.0.A.vc.C 
==== Integer vector .R compression
Command: /home/louza/mm-repair/sdsl/encode.x /mnt/data/datasets/machine-learning-matrices-split/covtype.csv.8.0.A.vc.R 
Integer vector compression time: 0.1462
==== OLE
Command: /home/louza/mm-repair/ole/encode.x /mnt/data/datasets/machine-learning-matrices-split/covtype.csv.8.0.A.vc.C 
Command: /home/louza/mm-repair/ole/encode.x /mnt/data/datasets/machine-learning-matrices-split/covtype.csv.8.0.B.vc 
OLE time: 0.0188
==== Ans-fold compression
Command: /home/louza/mm-repair/ans/encode.x /mnt/data/datasets/machine-learning-matrices-split/covtype.csv.8.0.A.vc.C 
Command: /home/louza/mm-repair/ans/encode.x /mnt/data/datasets/machine-learning-matrices-split/covtype.csv.8.0.B.vc
Ans-fold time: 0.1156
==== Integer vector .C compression
Command: /home/louza/mm-repair/sdsl/encode.x /mnt/data/datasets/machine-learning-matrices-split/covtype.csv.8.1.A.vc.C 
==== Integer vector .R compression
Command: /home/louza/mm-repair/sdsl/encode.x /mnt/data/datasets/machine-learning-matrices-split/covtype.csv.8.1.A.vc.R 
Integer vector compression time: 0.1209
==== OLE
Command: /home/louza/mm-repair/ole/encode.x /mnt/data/datasets/machine-learning-matrices-split/covtype.csv.8.1.A.vc.C 
Command: /home/louza/mm-repair/ole/encode.x /mnt/data/datasets/machine-learning-matrices-split/covtype.csv.8.1.B.vc 
OLE time: 0.0240
==== Ans-fold compression
Command: /home/louza/mm-repair/ans/encode.x /mnt/data/datasets/machine-learning-matrices-split/covtype.csv.8.1.A.vc.C 
Command: /home/louza/mm-repair/ans/encode.x /mnt/data/datasets/machine-learning-matrices-split/covtype.csv.8.1.B.vc
Ans-fold time: 0.2121
==== Integer vector .C compression
Command: /home/louza/mm-repair/sdsl/encode.x /mnt/data/datasets/machine-learning-matrices-split/covtype.csv.8.2.A.vc.C 
==== Integer vector .R compression
Command: /home/louza/mm-repair/sdsl/encode.x /mnt/data/datasets/machine-learning-matrices-split/covtype.csv.8.2.A.vc.R 
Integer vector compression time: 0.0740
==== OLE
Command: /home/louza/mm-repair/ole/encode.x /mnt/data/datasets/machine-learning-matrices-split/covtype.csv.8.2.A.vc.C 
Command: /home/louza/mm-repair/ole/encode.x /mnt/data/datasets/machine-learning-matrices-split/covtype.csv.8.2.B.vc 
OLE time: 0.0091
==== Ans-fold compression
Command: /home/louza/mm-repair/ans/encode.x /mnt/data/datasets/machine-learning-matrices-split/covtype.csv.8.2.A.vc.C 
Command: /home/louza/mm-repair/ans/encode.x /mnt/data/datasets/machine-learning-matrices-split/covtype.csv.8.2.B.vc
Ans-fold time: 0.3103
==== Integer vector .C compression
Command: /home/louza/mm-repair/sdsl/encode.x /mnt/data/datasets/machine-learning-matrices-split/covtype.csv.8.3.A.vc.C 
==== Integer vector .R compression
Command: /home/louza/mm-repair/sdsl/encode.x /mnt/data/datasets/machine-learning-matrices-split/covtype.csv.8.3.A.vc.R 
Integer vector compression time: 0.0836
==== OLE
Command: /home/louza/mm-repair/ole/encode.x /mnt/data/datasets/machine-learning-matrices-split/covtype.csv.8.3.A.vc.C 
Command: /home/louza/mm-repair/ole/encode.x /mnt/data/datasets/machine-learning-matrices-split/covtype.csv.8.3.B.vc 
OLE time: 0.0158
==== Ans-fold compression
Command: /home/louza/mm-repair/ans/encode.x /mnt/data/datasets/machine-learning-matrices-split/covtype.csv.8.3.A.vc.C 
Command: /home/louza/mm-repair/ans/encode.x /mnt/data/datasets/machine-learning-matrices-split/covtype.csv.8.3.B.vc
Ans-fold time: 0.3853
==== Integer vector .C compression
Command: /home/louza/mm-repair/sdsl/encode.x /mnt/data/datasets/machine-learning-matrices-split/covtype.csv.8.4.A.vc.C 
==== Integer vector .R compression
Command: /home/louza/mm-repair/sdsl/encode.x /mnt/data/datasets/machine-learning-matrices-split/covtype.csv.8.4.A.vc.R 
Integer vector compression time: 0.0741
==== OLE
Command: /home/louza/mm-repair/ole/encode.x /mnt/data/datasets/machine-learning-matrices-split/covtype.csv.8.4.A.vc.C 
Command: /home/louza/mm-repair/ole/encode.x /mnt/data/datasets/machine-learning-matrices-split/covtype.csv.8.4.B.vc 
OLE time: 0.0125
==== Ans-fold compression
Command: /home/louza/mm-repair/ans/encode.x /mnt/data/datasets/machine-learning-matrices-split/covtype.csv.8.4.A.vc.C 
Command: /home/louza/mm-repair/ans/encode.x /mnt/data/datasets/machine-learning-matrices-split/covtype.csv.8.4.B.vc
Ans-fold time: 0.4509
==== Integer vector .C compression
Command: /home/louza/mm-repair/sdsl/encode.x /mnt/data/datasets/machine-learning-matrices-split/covtype.csv.8.5.A.vc.C 
==== Integer vector .R compression
Command: /home/louza/mm-repair/sdsl/encode.x /mnt/data/datasets/machine-learning-matrices-split/covtype.csv.8.5.A.vc.R 
Integer vector compression time: 0.0914
==== OLE
Command: /home/louza/mm-repair/ole/encode.x /mnt/data/datasets/machine-learning-matrices-split/covtype.csv.8.5.A.vc.C 
Command: /home/louza/mm-repair/ole/encode.x /mnt/data/datasets/machine-learning-matrices-split/covtype.csv.8.5.B.vc 
OLE time: 0.0235
==== Ans-fold compression
Command: /home/louza/mm-repair/ans/encode.x /mnt/data/datasets/machine-learning-matrices-split/covtype.csv.8.5.A.vc.C 
Command: /home/louza/mm-repair/ans/encode.x /mnt/data/datasets/machine-learning-matrices-split/covtype.csv.8.5.B.vc
Ans-fold time: 0.5449
==== Integer vector .C compression
Command: /home/louza/mm-repair/sdsl/encode.x /mnt/data/datasets/machine-learning-matrices-split/covtype.csv.8.6.A.vc.C 
==== Integer vector .R compression
Command: /home/louza/mm-repair/sdsl/encode.x /mnt/data/datasets/machine-learning-matrices-split/covtype.csv.8.6.A.vc.R 
Integer vector compression time: 0.1173
==== OLE
Command: /home/louza/mm-repair/ole/encode.x /mnt/data/datasets/machine-learning-matrices-split/covtype.csv.8.6.A.vc.C 
Command: /home/louza/mm-repair/ole/encode.x /mnt/data/datasets/machine-learning-matrices-split/covtype.csv.8.6.B.vc 
OLE time: 0.0256
==== Ans-fold compression
Command: /home/louza/mm-repair/ans/encode.x /mnt/data/datasets/machine-learning-matrices-split/covtype.csv.8.6.A.vc.C 
Command: /home/louza/mm-repair/ans/encode.x /mnt/data/datasets/machine-learning-matrices-split/covtype.csv.8.6.B.vc
Ans-fold time: 0.6318
==== Integer vector .C compression
Command: /home/louza/mm-repair/sdsl/encode.x /mnt/data/datasets/machine-learning-matrices-split/covtype.csv.8.7.A.vc.C 
==== Integer vector .R compression
Command: /home/louza/mm-repair/sdsl/encode.x /mnt/data/datasets/machine-learning-matrices-split/covtype.csv.8.7.A.vc.R 
Integer vector compression time: 0.1100
==== OLE
Command: /home/louza/mm-repair/ole/encode.x /mnt/data/datasets/machine-learning-matrices-split/covtype.csv.8.7.A.vc.C 
Command: /home/louza/mm-repair/ole/encode.x /mnt/data/datasets/machine-learning-matrices-split/covtype.csv.8.7.B.vc 
OLE time: 0.0390
==== Ans-fold compression
Command: /home/louza/mm-repair/ans/encode.x /mnt/data/datasets/machine-learning-matrices-split/covtype.csv.8.7.A.vc.C 
Command: /home/louza/mm-repair/ans/encode.x /mnt/data/datasets/machine-learning-matrices-split/covtype.csv.8.7.B.vc
Ans-fold time: 0.7316
Command: /home/louza/mm-repair/ans/encode.x /mnt/data/datasets/machine-learning-matrices-split/covtype.csv.wcode 
Elapsed time: 16.3349
==== Compression Report:
 >> matrix name: /mnt/data/datasets/machine-learning-matrices-split/covtype.csv
 >> conversion time: 13.53
 >> repair time: 0.81
 >> integer vectors time: 0.11
 >> ansf time: 0.73
 >> total time: 16.33
 >> wcode: 63808 bytes
 >> wcode_ans: 5738 bytes
 >> matrix log(alpha)xNumEntries size: 50983803 bytes
 >> matrix dense size: 250997184 bytes
 >> total number of nonzero: 5540443 (17.66%)
 >> number of distinct nonzero: 6682
 >> CRSV  size: 24539276 bytes  (9.78%)
 >> B	  size: 7769376 bytes  (3.10%)
 >> B_ans size: 2437620 bytes  (0.97%)
 >> RE32  size: 17931844 bytes  (7.14%)
 >> REIV  size: 10305428 bytes  (4.11%)
 >> REANS size: 8840981 bytes  (3.52%)
==== Done
REANS -b 12

#### 2026-09-06 07:29:24
 Command line: ./mm-repair/matrepair -r -b 12 -p 12 /mnt/data/datasets/machine-learning-matrices-split/covtype.csv 581012 54 
Setting memory for each repair instance to 38671 MBs
Sending logging messages to file: /mnt/data/datasets/machine-learning-matrices-split/covtype.csv.log
==== Conversion bin/csv->csrv
Command: /home/louza/mm-repair/csvmat2csrv -b 12   /mnt/data/datasets/machine-learning-matrices-split/covtype.csv -r 0   581012 54
Conversion time: 1.7735
==== Repair paralell compression
---- Executing 12 parallel processes
---- Parallel processing completed
Repair time: 0.3777
==== Integer vector .C compression
Command: /home/louza/mm-repair/sdsl/encode.x /mnt/data/datasets/machine-learning-matrices-split/covtype.csv.12.0.vc.C 
==== Integer vector .R compression
Command: /home/louza/mm-repair/sdsl/encode.x /mnt/data/datasets/machine-learning-matrices-split/covtype.csv.12.0.vc.R 
Integer vector compression time: 0.0449
==== Ans-fold compression
Command: /home/louza/mm-repair/ans/encode.x /mnt/data/datasets/machine-learning-matrices-split/covtype.csv.12.0.vc.C 
Ans-fold time: 0.0302
==== Integer vector .C compression
Command: /home/louza/mm-repair/sdsl/encode.x /mnt/data/datasets/machine-learning-matrices-split/covtype.csv.12.1.vc.C 
==== Integer vector .R compression
Command: /home/louza/mm-repair/sdsl/encode.x /mnt/data/datasets/machine-learning-matrices-split/covtype.csv.12.1.vc.R 
Integer vector compression time: 0.0412
==== Ans-fold compression
Command: /home/louza/mm-repair/ans/encode.x /mnt/data/datasets/machine-learning-matrices-split/covtype.csv.12.1.vc.C 
Ans-fold time: 0.0592
==== Integer vector .C compression
Command: /home/louza/mm-repair/sdsl/encode.x /mnt/data/datasets/machine-learning-matrices-split/covtype.csv.12.2.vc.C 
==== Integer vector .R compression
Command: /home/louza/mm-repair/sdsl/encode.x /mnt/data/datasets/machine-learning-matrices-split/covtype.csv.12.2.vc.R 
Integer vector compression time: 0.0410
==== Ans-fold compression
Command: /home/louza/mm-repair/ans/encode.x /mnt/data/datasets/machine-learning-matrices-split/covtype.csv.12.2.vc.C 
Ans-fold time: 0.0878
==== Integer vector .C compression
Command: /home/louza/mm-repair/sdsl/encode.x /mnt/data/datasets/machine-learning-matrices-split/covtype.csv.12.3.vc.C 
==== Integer vector .R compression
Command: /home/louza/mm-repair/sdsl/encode.x /mnt/data/datasets/machine-learning-matrices-split/covtype.csv.12.3.vc.R 
Integer vector compression time: 0.0405
==== Ans-fold compression
Command: /home/louza/mm-repair/ans/encode.x /mnt/data/datasets/machine-learning-matrices-split/covtype.csv.12.3.vc.C 
Ans-fold time: 0.1164
==== Integer vector .C compression
Command: /home/louza/mm-repair/sdsl/encode.x /mnt/data/datasets/machine-learning-matrices-split/covtype.csv.12.4.vc.C 
==== Integer vector .R compression
Command: /home/louza/mm-repair/sdsl/encode.x /mnt/data/datasets/machine-learning-matrices-split/covtype.csv.12.4.vc.R 
Integer vector compression time: 0.0412
==== Ans-fold compression
Command: /home/louza/mm-repair/ans/encode.x /mnt/data/datasets/machine-learning-matrices-split/covtype.csv.12.4.vc.C 
Ans-fold time: 0.1461
==== Integer vector .C compression
Command: /home/louza/mm-repair/sdsl/encode.x /mnt/data/datasets/machine-learning-matrices-split/covtype.csv.12.5.vc.C 
==== Integer vector .R compression
Command: /home/louza/mm-repair/sdsl/encode.x /mnt/data/datasets/machine-learning-matrices-split/covtype.csv.12.5.vc.R 
Integer vector compression time: 0.0422
==== Ans-fold compression
Command: /home/louza/mm-repair/ans/encode.x /mnt/data/datasets/machine-learning-matrices-split/covtype.csv.12.5.vc.C 
Ans-fold time: 0.1766
==== Integer vector .C compression
Command: /home/louza/mm-repair/sdsl/encode.x /mnt/data/datasets/machine-learning-matrices-split/covtype.csv.12.6.vc.C 
==== Integer vector .R compression
Command: /home/louza/mm-repair/sdsl/encode.x /mnt/data/datasets/machine-learning-matrices-split/covtype.csv.12.6.vc.R 
Integer vector compression time: 0.0411
==== Ans-fold compression
Command: /home/louza/mm-repair/ans/encode.x /mnt/data/datasets/machine-learning-matrices-split/covtype.csv.12.6.vc.C 
Ans-fold time: 0.2058
==== Integer vector .C compression
Command: /home/louza/mm-repair/sdsl/encode.x /mnt/data/datasets/machine-learning-matrices-split/covtype.csv.12.7.vc.C 
==== Integer vector .R compression
Command: /home/louza/mm-repair/sdsl/encode.x /mnt/data/datasets/machine-learning-matrices-split/covtype.csv.12.7.vc.R 
Integer vector compression time: 0.0411
==== Ans-fold compression
Command: /home/louza/mm-repair/ans/encode.x /mnt/data/datasets/machine-learning-matrices-split/covtype.csv.12.7.vc.C 
Ans-fold time: 0.2353
==== Integer vector .C compression
Command: /home/louza/mm-repair/sdsl/encode.x /mnt/data/datasets/machine-learning-matrices-split/covtype.csv.12.8.vc.C 
==== Integer vector .R compression
Command: /home/louza/mm-repair/sdsl/encode.x /mnt/data/datasets/machine-learning-matrices-split/covtype.csv.12.8.vc.R 
Integer vector compression time: 0.0413
==== Ans-fold compression
Command: /home/louza/mm-repair/ans/encode.x /mnt/data/datasets/machine-learning-matrices-split/covtype.csv.12.8.vc.C 
Ans-fold time: 0.2652
==== Integer vector .C compression
Command: /home/louza/mm-repair/sdsl/encode.x /mnt/data/datasets/machine-learning-matrices-split/covtype.csv.12.9.vc.C 
==== Integer vector .R compression
Command: /home/louza/mm-repair/sdsl/encode.x /mnt/data/datasets/machine-learning-matrices-split/covtype.csv.12.9.vc.R 
Integer vector compression time: 0.0409
==== Ans-fold compression
Command: /home/louza/mm-repair/ans/encode.x /mnt/data/datasets/machine-learning-matrices-split/covtype.csv.12.9.vc.C 
Ans-fold time: 0.2945
==== Integer vector .C compression
Command: /home/louza/mm-repair/sdsl/encode.x /mnt/data/datasets/machine-learning-matrices-split/covtype.csv.12.10.vc.C 
==== Integer vector .R compression
Command: /home/louza/mm-repair/sdsl/encode.x /mnt/data/datasets/machine-learning-matrices-split/covtype.csv.12.10.vc.R 
Integer vector compression time: 0.0412
==== Ans-fold compression
Command: /home/louza/mm-repair/ans/encode.x /mnt/data/datasets/machine-learning-matrices-split/covtype.csv.12.10.vc.C 
Ans-fold time: 0.3241
==== Integer vector .C compression
Command: /home/louza/mm-repair/sdsl/encode.x /mnt/data/datasets/machine-learning-matrices-split/covtype.csv.12.11.vc.C 
==== Integer vector .R compression
Command: /home/louza/mm-repair/sdsl/encode.x /mnt/data/datasets/machine-learning-matrices-split/covtype.csv.12.11.vc.R 
Integer vector compression time: 0.0422
==== Ans-fold compression
Command: /home/louza/mm-repair/ans/encode.x /mnt/data/datasets/machine-learning-matrices-split/covtype.csv.12.11.vc.C 
Ans-fold time: 0.3545
Elapsed time: 3.0048
==== Compression Report:
 >> matrix name: /mnt/data/datasets/machine-learning-matrices-split/covtype.csv
 >> conversion time: 1.77
 >> repair time: 0.38
 >> integer vectors time: 0.04
 >> ansf time: 0.35
 >> total time: 3.00
 >> matrix log(alpha)xNumEntries size: 50983803 bytes
 >> matrix dense size: 250997184 bytes
 >> total number of nonzero: 6901775 (22.00%)
 >> number of distinct nonzero: 6682
 >> CRSV  size: 29984604 bytes  (11.95%)
 >> RE32  size: 21570716 bytes  (8.59%)
 >> REIV  size: 12829632 bytes  (5.11%)
 >> REANS size: 11226874 bytes  (4.47%)
==== Done

#### 2026-09-06 07:29:27
 Command line: ./mm-repair/matrepair -r -b 12 -p 12 /mnt/data/datasets/machine-learning-matrices-split/covtype.csv 581012 54 --ole 
Setting memory for each repair instance to 38671 MBs
Sending logging messages to file: /mnt/data/datasets/machine-learning-matrices-split/covtype.csv.log
==== Conversion bin/csv->csrv
Command: /home/louza/mm-repair/csvmat2csrv -b 12   /mnt/data/datasets/machine-learning-matrices-split/covtype.csv -r 0   581012 54
Conversion time: 1.7018
==== Repair paralell compression
---- Executing 12 parallel processes
---- Parallel processing completed
Repair time: 0.3976
==== Integer vector .C compression
Command: /home/louza/mm-repair/sdsl/encode.x /mnt/data/datasets/machine-learning-matrices-split/covtype.csv.12.0.vc.C 
==== Integer vector .R compression
Command: /home/louza/mm-repair/sdsl/encode.x /mnt/data/datasets/machine-learning-matrices-split/covtype.csv.12.0.vc.R 
Integer vector compression time: 0.0533
==== OLE
Command: /home/louza/mm-repair/ole/encode.x /mnt/data/datasets/machine-learning-matrices-split/covtype.csv.12.0.vc.C 
OLE time: 0.0090
==== Ans-fold compression
Command: /home/louza/mm-repair/ans/encode.x /mnt/data/datasets/machine-learning-matrices-split/covtype.csv.12.0.vc.C 
Ans-fold time: 0.0428
==== Integer vector .C compression
Command: /home/louza/mm-repair/sdsl/encode.x /mnt/data/datasets/machine-learning-matrices-split/covtype.csv.12.1.vc.C 
==== Integer vector .R compression
Command: /home/louza/mm-repair/sdsl/encode.x /mnt/data/datasets/machine-learning-matrices-split/covtype.csv.12.1.vc.R 
Integer vector compression time: 0.0403
==== OLE
Command: /home/louza/mm-repair/ole/encode.x /mnt/data/datasets/machine-learning-matrices-split/covtype.csv.12.1.vc.C 
OLE time: 0.0075
==== Ans-fold compression
Command: /home/louza/mm-repair/ans/encode.x /mnt/data/datasets/machine-learning-matrices-split/covtype.csv.12.1.vc.C 
Ans-fold time: 0.0768
==== Integer vector .C compression
Command: /home/louza/mm-repair/sdsl/encode.x /mnt/data/datasets/machine-learning-matrices-split/covtype.csv.12.2.vc.C 
==== Integer vector .R compression
Command: /home/louza/mm-repair/sdsl/encode.x /mnt/data/datasets/machine-learning-matrices-split/covtype.csv.12.2.vc.R 
Integer vector compression time: 0.0404
==== OLE
Command: /home/louza/mm-repair/ole/encode.x /mnt/data/datasets/machine-learning-matrices-split/covtype.csv.12.2.vc.C 
OLE time: 0.0101
==== Ans-fold compression
Command: /home/louza/mm-repair/ans/encode.x /mnt/data/datasets/machine-learning-matrices-split/covtype.csv.12.2.vc.C 
Ans-fold time: 0.1123
==== Integer vector .C compression
Command: /home/louza/mm-repair/sdsl/encode.x /mnt/data/datasets/machine-learning-matrices-split/covtype.csv.12.3.vc.C 
==== Integer vector .R compression
Command: /home/louza/mm-repair/sdsl/encode.x /mnt/data/datasets/machine-learning-matrices-split/covtype.csv.12.3.vc.R 
Integer vector compression time: 0.0343
==== OLE
Command: /home/louza/mm-repair/ole/encode.x /mnt/data/datasets/machine-learning-matrices-split/covtype.csv.12.3.vc.C 
OLE time: 0.0086
==== Ans-fold compression
Command: /home/louza/mm-repair/ans/encode.x /mnt/data/datasets/machine-learning-matrices-split/covtype.csv.12.3.vc.C 
Ans-fold time: 0.1533
==== Integer vector .C compression
Command: /home/louza/mm-repair/sdsl/encode.x /mnt/data/datasets/machine-learning-matrices-split/covtype.csv.12.4.vc.C 
==== Integer vector .R compression
Command: /home/louza/mm-repair/sdsl/encode.x /mnt/data/datasets/machine-learning-matrices-split/covtype.csv.12.4.vc.R 
Integer vector compression time: 0.0406
==== OLE
Command: /home/louza/mm-repair/ole/encode.x /mnt/data/datasets/machine-learning-matrices-split/covtype.csv.12.4.vc.C 
OLE time: 0.0091
==== Ans-fold compression
Command: /home/louza/mm-repair/ans/encode.x /mnt/data/datasets/machine-learning-matrices-split/covtype.csv.12.4.vc.C 
Ans-fold time: 0.1954
==== Integer vector .C compression
Command: /home/louza/mm-repair/sdsl/encode.x /mnt/data/datasets/machine-learning-matrices-split/covtype.csv.12.5.vc.C 
==== Integer vector .R compression
Command: /home/louza/mm-repair/sdsl/encode.x /mnt/data/datasets/machine-learning-matrices-split/covtype.csv.12.5.vc.R 
Integer vector compression time: 0.0411
==== OLE
Command: /home/louza/mm-repair/ole/encode.x /mnt/data/datasets/machine-learning-matrices-split/covtype.csv.12.5.vc.C 
OLE time: 0.0079
==== Ans-fold compression
Command: /home/louza/mm-repair/ans/encode.x /mnt/data/datasets/machine-learning-matrices-split/covtype.csv.12.5.vc.C 
Ans-fold time: 0.2387
==== Integer vector .C compression
Command: /home/louza/mm-repair/sdsl/encode.x /mnt/data/datasets/machine-learning-matrices-split/covtype.csv.12.6.vc.C 
==== Integer vector .R compression
Command: /home/louza/mm-repair/sdsl/encode.x /mnt/data/datasets/machine-learning-matrices-split/covtype.csv.12.6.vc.R 
Integer vector compression time: 0.0404
==== OLE
Command: /home/louza/mm-repair/ole/encode.x /mnt/data/datasets/machine-learning-matrices-split/covtype.csv.12.6.vc.C 
OLE time: 0.0078
==== Ans-fold compression
Command: /home/louza/mm-repair/ans/encode.x /mnt/data/datasets/machine-learning-matrices-split/covtype.csv.12.6.vc.C 
Ans-fold time: 0.2807
==== Integer vector .C compression
Command: /home/louza/mm-repair/sdsl/encode.x /mnt/data/datasets/machine-learning-matrices-split/covtype.csv.12.7.vc.C 
==== Integer vector .R compression
Command: /home/louza/mm-repair/sdsl/encode.x /mnt/data/datasets/machine-learning-matrices-split/covtype.csv.12.7.vc.R 
Integer vector compression time: 0.0379
==== OLE
Command: /home/louza/mm-repair/ole/encode.x /mnt/data/datasets/machine-learning-matrices-split/covtype.csv.12.7.vc.C 
OLE time: 0.0093
==== Ans-fold compression
Command: /home/louza/mm-repair/ans/encode.x /mnt/data/datasets/machine-learning-matrices-split/covtype.csv.12.7.vc.C 
Ans-fold time: 0.3161
==== Integer vector .C compression
Command: /home/louza/mm-repair/sdsl/encode.x /mnt/data/datasets/machine-learning-matrices-split/covtype.csv.12.8.vc.C 
==== Integer vector .R compression
Command: /home/louza/mm-repair/sdsl/encode.x /mnt/data/datasets/machine-learning-matrices-split/covtype.csv.12.8.vc.R 
Integer vector compression time: 0.0413
==== OLE
Command: /home/louza/mm-repair/ole/encode.x /mnt/data/datasets/machine-learning-matrices-split/covtype.csv.12.8.vc.C 
OLE time: 0.0092
==== Ans-fold compression
Command: /home/louza/mm-repair/ans/encode.x /mnt/data/datasets/machine-learning-matrices-split/covtype.csv.12.8.vc.C 
Ans-fold time: 0.3535
==== Integer vector .C compression
Command: /home/louza/mm-repair/sdsl/encode.x /mnt/data/datasets/machine-learning-matrices-split/covtype.csv.12.9.vc.C 
==== Integer vector .R compression
Command: /home/louza/mm-repair/sdsl/encode.x /mnt/data/datasets/machine-learning-matrices-split/covtype.csv.12.9.vc.R 
Integer vector compression time: 0.0416
==== OLE
Command: /home/louza/mm-repair/ole/encode.x /mnt/data/datasets/machine-learning-matrices-split/covtype.csv.12.9.vc.C 
OLE time: 0.0091
==== Ans-fold compression
Command: /home/louza/mm-repair/ans/encode.x /mnt/data/datasets/machine-learning-matrices-split/covtype.csv.12.9.vc.C 
Ans-fold time: 0.3903
==== Integer vector .C compression
Command: /home/louza/mm-repair/sdsl/encode.x /mnt/data/datasets/machine-learning-matrices-split/covtype.csv.12.10.vc.C 
==== Integer vector .R compression
Command: /home/louza/mm-repair/sdsl/encode.x /mnt/data/datasets/machine-learning-matrices-split/covtype.csv.12.10.vc.R 
Integer vector compression time: 0.0419
==== OLE
Command: /home/louza/mm-repair/ole/encode.x /mnt/data/datasets/machine-learning-matrices-split/covtype.csv.12.10.vc.C 
OLE time: 0.0098
==== Ans-fold compression
Command: /home/louza/mm-repair/ans/encode.x /mnt/data/datasets/machine-learning-matrices-split/covtype.csv.12.10.vc.C 
Ans-fold time: 0.4258
==== Integer vector .C compression
Command: /home/louza/mm-repair/sdsl/encode.x /mnt/data/datasets/machine-learning-matrices-split/covtype.csv.12.11.vc.C 
==== Integer vector .R compression
Command: /home/louza/mm-repair/sdsl/encode.x /mnt/data/datasets/machine-learning-matrices-split/covtype.csv.12.11.vc.R 
Integer vector compression time: 0.0421
==== OLE
Command: /home/louza/mm-repair/ole/encode.x /mnt/data/datasets/machine-learning-matrices-split/covtype.csv.12.11.vc.C 
OLE time: 0.0089
==== Ans-fold compression
Command: /home/louza/mm-repair/ans/encode.x /mnt/data/datasets/machine-learning-matrices-split/covtype.csv.12.11.vc.C 
Ans-fold time: 0.4612
Elapsed time: 3.1626
==== Compression Report:
 >> matrix name: /mnt/data/datasets/machine-learning-matrices-split/covtype.csv
 >> conversion time: 1.70
 >> repair time: 0.40
 >> integer vectors time: 0.04
 >> ansf time: 0.46
 >> total time: 3.16
 >> matrix log(alpha)xNumEntries size: 50983803 bytes
 >> matrix dense size: 250997184 bytes
 >> total number of nonzero: 6901775 (22.00%)
 >> number of distinct nonzero: 6682
 >> CRSV  size: 29984604 bytes  (11.95%)
 >> RE32  size: 21570716 bytes  (8.59%)
 >> REIV  size: 12829632 bytes  (5.11%)
 >> REANS size: 10730494 bytes  (4.28%)
==== Done

#### 2026-09-06 07:29:31
 Command line: ./mm-repair/matrepair -r -b 12 -p 12 /mnt/data/datasets/machine-learning-matrices-split/covtype.csv 581012 54 --mapping 
Setting memory for each repair instance to 38671 MBs
Sending logging messages to file: /mnt/data/datasets/machine-learning-matrices-split/covtype.csv.log
==== Conversion bin/csv->csrv
Command: /home/louza/mm-repair/csvmat2csrv -b 12   /mnt/data/datasets/machine-learning-matrices-split/covtype.csv -r 0 -m  581012 54
Conversion time: 2.4187
==== Repair paralell compression
---- Executing 12 parallel processes
---- Parallel processing completed
Repair time: 0.3981
==== Integer vector .C compression
Command: /home/louza/mm-repair/sdsl/encode.x /mnt/data/datasets/machine-learning-matrices-split/covtype.csv.12.0.vc.C 
==== Integer vector .R compression
Command: /home/louza/mm-repair/sdsl/encode.x /mnt/data/datasets/machine-learning-matrices-split/covtype.csv.12.0.vc.R 
Integer vector compression time: 0.0469
==== Ans-fold compression
Command: /home/louza/mm-repair/ans/encode.x /mnt/data/datasets/machine-learning-matrices-split/covtype.csv.12.0.vc.C 
Ans-fold time: 0.0319
==== Integer vector .C compression
Command: /home/louza/mm-repair/sdsl/encode.x /mnt/data/datasets/machine-learning-matrices-split/covtype.csv.12.1.vc.C 
==== Integer vector .R compression
Command: /home/louza/mm-repair/sdsl/encode.x /mnt/data/datasets/machine-learning-matrices-split/covtype.csv.12.1.vc.R 
Integer vector compression time: 0.0466
==== Ans-fold compression
Command: /home/louza/mm-repair/ans/encode.x /mnt/data/datasets/machine-learning-matrices-split/covtype.csv.12.1.vc.C 
Ans-fold time: 0.0618
==== Integer vector .C compression
Command: /home/louza/mm-repair/sdsl/encode.x /mnt/data/datasets/machine-learning-matrices-split/covtype.csv.12.2.vc.C 
==== Integer vector .R compression
Command: /home/louza/mm-repair/sdsl/encode.x /mnt/data/datasets/machine-learning-matrices-split/covtype.csv.12.2.vc.R 
Integer vector compression time: 0.0478
==== Ans-fold compression
Command: /home/louza/mm-repair/ans/encode.x /mnt/data/datasets/machine-learning-matrices-split/covtype.csv.12.2.vc.C 
Ans-fold time: 0.0930
==== Integer vector .C compression
Command: /home/louza/mm-repair/sdsl/encode.x /mnt/data/datasets/machine-learning-matrices-split/covtype.csv.12.3.vc.C 
==== Integer vector .R compression
Command: /home/louza/mm-repair/sdsl/encode.x /mnt/data/datasets/machine-learning-matrices-split/covtype.csv.12.3.vc.R 
Integer vector compression time: 0.0479
==== Ans-fold compression
Command: /home/louza/mm-repair/ans/encode.x /mnt/data/datasets/machine-learning-matrices-split/covtype.csv.12.3.vc.C 
Ans-fold time: 0.1229
==== Integer vector .C compression
Command: /home/louza/mm-repair/sdsl/encode.x /mnt/data/datasets/machine-learning-matrices-split/covtype.csv.12.4.vc.C 
==== Integer vector .R compression
Command: /home/louza/mm-repair/sdsl/encode.x /mnt/data/datasets/machine-learning-matrices-split/covtype.csv.12.4.vc.R 
Integer vector compression time: 0.0479
==== Ans-fold compression
Command: /home/louza/mm-repair/ans/encode.x /mnt/data/datasets/machine-learning-matrices-split/covtype.csv.12.4.vc.C 
Ans-fold time: 0.1545
==== Integer vector .C compression
Command: /home/louza/mm-repair/sdsl/encode.x /mnt/data/datasets/machine-learning-matrices-split/covtype.csv.12.5.vc.C 
==== Integer vector .R compression
Command: /home/louza/mm-repair/sdsl/encode.x /mnt/data/datasets/machine-learning-matrices-split/covtype.csv.12.5.vc.R 
Integer vector compression time: 0.0484
==== Ans-fold compression
Command: /home/louza/mm-repair/ans/encode.x /mnt/data/datasets/machine-learning-matrices-split/covtype.csv.12.5.vc.C 
Ans-fold time: 0.1867
==== Integer vector .C compression
Command: /home/louza/mm-repair/sdsl/encode.x /mnt/data/datasets/machine-learning-matrices-split/covtype.csv.12.6.vc.C 
==== Integer vector .R compression
Command: /home/louza/mm-repair/sdsl/encode.x /mnt/data/datasets/machine-learning-matrices-split/covtype.csv.12.6.vc.R 
Integer vector compression time: 0.0495
==== Ans-fold compression
Command: /home/louza/mm-repair/ans/encode.x /mnt/data/datasets/machine-learning-matrices-split/covtype.csv.12.6.vc.C 
Ans-fold time: 0.2184
==== Integer vector .C compression
Command: /home/louza/mm-repair/sdsl/encode.x /mnt/data/datasets/machine-learning-matrices-split/covtype.csv.12.7.vc.C 
==== Integer vector .R compression
Command: /home/louza/mm-repair/sdsl/encode.x /mnt/data/datasets/machine-learning-matrices-split/covtype.csv.12.7.vc.R 
Integer vector compression time: 0.0481
==== Ans-fold compression
Command: /home/louza/mm-repair/ans/encode.x /mnt/data/datasets/machine-learning-matrices-split/covtype.csv.12.7.vc.C 
Ans-fold time: 0.2496
==== Integer vector .C compression
Command: /home/louza/mm-repair/sdsl/encode.x /mnt/data/datasets/machine-learning-matrices-split/covtype.csv.12.8.vc.C 
==== Integer vector .R compression
Command: /home/louza/mm-repair/sdsl/encode.x /mnt/data/datasets/machine-learning-matrices-split/covtype.csv.12.8.vc.R 
Integer vector compression time: 0.0465
==== Ans-fold compression
Command: /home/louza/mm-repair/ans/encode.x /mnt/data/datasets/machine-learning-matrices-split/covtype.csv.12.8.vc.C 
Ans-fold time: 0.2834
==== Integer vector .C compression
Command: /home/louza/mm-repair/sdsl/encode.x /mnt/data/datasets/machine-learning-matrices-split/covtype.csv.12.9.vc.C 
==== Integer vector .R compression
Command: /home/louza/mm-repair/sdsl/encode.x /mnt/data/datasets/machine-learning-matrices-split/covtype.csv.12.9.vc.R 
Integer vector compression time: 0.0514
==== Ans-fold compression
Command: /home/louza/mm-repair/ans/encode.x /mnt/data/datasets/machine-learning-matrices-split/covtype.csv.12.9.vc.C 
Ans-fold time: 0.3217
==== Integer vector .C compression
Command: /home/louza/mm-repair/sdsl/encode.x /mnt/data/datasets/machine-learning-matrices-split/covtype.csv.12.10.vc.C 
==== Integer vector .R compression
Command: /home/louza/mm-repair/sdsl/encode.x /mnt/data/datasets/machine-learning-matrices-split/covtype.csv.12.10.vc.R 
Integer vector compression time: 0.0550
==== Ans-fold compression
Command: /home/louza/mm-repair/ans/encode.x /mnt/data/datasets/machine-learning-matrices-split/covtype.csv.12.10.vc.C 
Ans-fold time: 0.3569
==== Integer vector .C compression
Command: /home/louza/mm-repair/sdsl/encode.x /mnt/data/datasets/machine-learning-matrices-split/covtype.csv.12.11.vc.C 
==== Integer vector .R compression
Command: /home/louza/mm-repair/sdsl/encode.x /mnt/data/datasets/machine-learning-matrices-split/covtype.csv.12.11.vc.R 
Integer vector compression time: 0.0500
==== Ans-fold compression
Command: /home/louza/mm-repair/ans/encode.x /mnt/data/datasets/machine-learning-matrices-split/covtype.csv.12.11.vc.C 
Ans-fold time: 0.3887
Command: /home/louza/mm-repair/ans/encode.x /mnt/data/datasets/machine-learning-matrices-split/covtype.csv.wcode 
Elapsed time: 3.7954
==== Compression Report:
 >> matrix name: /mnt/data/datasets/machine-learning-matrices-split/covtype.csv
 >> conversion time: 2.42
 >> repair time: 0.40
 >> integer vectors time: 0.05
 >> ansf time: 0.39
 >> total time: 3.80
 >> wcode: 63808 bytes
 >> wcode_ans: 5738 bytes
 >> matrix log(alpha)xNumEntries size: 50983803 bytes
 >> matrix dense size: 250997184 bytes
 >> total number of nonzero: 6901775 (22.00%)
 >> number of distinct nonzero: 6682
 >> CRSV  size: 29984604 bytes  (11.95%)
 >> RE32  size: 21634524 bytes  (8.62%)
 >> REIV  size: 10876192 bytes  (4.33%)
 >> REANS size: 9510770 bytes  (3.79%)
==== Done

#### 2026-09-06 07:29:35
 Command line: ./mm-repair/matrepair -r -b 12 -p 12 /mnt/data/datasets/machine-learning-matrices-split/covtype.csv 581012 54 --split 
Setting memory for each repair instance to 38671 MBs
Sending logging messages to file: /mnt/data/datasets/machine-learning-matrices-split/covtype.csv.log
==== Conversion bin/csv->csrv
Command: /home/louza/mm-repair/csvmat2csrv -b 12   /mnt/data/datasets/machine-learning-matrices-split/covtype.csv -r 0  -s 581012 54
Conversion time: 11.4569
==== Repair paralell compression
---- Executing 12 parallel processes
---- Parallel processing completed
Repair time: 1.7664
==== Integer vector .C compression
Command: /home/louza/mm-repair/sdsl/encode.x /mnt/data/datasets/machine-learning-matrices-split/covtype.csv.12.0.A.vc.C 
==== Integer vector .R compression
Command: /home/louza/mm-repair/sdsl/encode.x /mnt/data/datasets/machine-learning-matrices-split/covtype.csv.12.0.A.vc.R 
Integer vector compression time: 0.1397
==== Ans-fold compression
Command: /home/louza/mm-repair/ans/encode.x /mnt/data/datasets/machine-learning-matrices-split/covtype.csv.12.0.A.vc.C 
Command: /home/louza/mm-repair/ans/encode.x /mnt/data/datasets/machine-learning-matrices-split/covtype.csv.12.0.B.vc
Ans-fold time: 0.1666
==== Integer vector .C compression
Command: /home/louza/mm-repair/sdsl/encode.x /mnt/data/datasets/machine-learning-matrices-split/covtype.csv.12.1.A.vc.C 
==== Integer vector .R compression
Command: /home/louza/mm-repair/sdsl/encode.x /mnt/data/datasets/machine-learning-matrices-split/covtype.csv.12.1.A.vc.R 
Integer vector compression time: 0.1448
==== Ans-fold compression
Command: /home/louza/mm-repair/ans/encode.x /mnt/data/datasets/machine-learning-matrices-split/covtype.csv.12.1.A.vc.C 
Command: /home/louza/mm-repair/ans/encode.x /mnt/data/datasets/machine-learning-matrices-split/covtype.csv.12.1.B.vc
Ans-fold time: 0.2425
==== Integer vector .C compression
Command: /home/louza/mm-repair/sdsl/encode.x /mnt/data/datasets/machine-learning-matrices-split/covtype.csv.12.2.A.vc.C 
==== Integer vector .R compression
Command: /home/louza/mm-repair/sdsl/encode.x /mnt/data/datasets/machine-learning-matrices-split/covtype.csv.12.2.A.vc.R 
Integer vector compression time: 0.1465
==== Ans-fold compression
Command: /home/louza/mm-repair/ans/encode.x /mnt/data/datasets/machine-learning-matrices-split/covtype.csv.12.2.A.vc.C 
Command: /home/louza/mm-repair/ans/encode.x /mnt/data/datasets/machine-learning-matrices-split/covtype.csv.12.2.B.vc
Ans-fold time: 0.3196
==== Integer vector .C compression
Command: /home/louza/mm-repair/sdsl/encode.x /mnt/data/datasets/machine-learning-matrices-split/covtype.csv.12.3.A.vc.C 
==== Integer vector .R compression
Command: /home/louza/mm-repair/sdsl/encode.x /mnt/data/datasets/machine-learning-matrices-split/covtype.csv.12.3.A.vc.R 
Integer vector compression time: 0.1396
==== Ans-fold compression
Command: /home/louza/mm-repair/ans/encode.x /mnt/data/datasets/machine-learning-matrices-split/covtype.csv.12.3.A.vc.C 
Command: /home/louza/mm-repair/ans/encode.x /mnt/data/datasets/machine-learning-matrices-split/covtype.csv.12.3.B.vc
Ans-fold time: 0.4601
==== Integer vector .C compression
Command: /home/louza/mm-repair/sdsl/encode.x /mnt/data/datasets/machine-learning-matrices-split/covtype.csv.12.4.A.vc.C 
==== Integer vector .R compression
Command: /home/louza/mm-repair/sdsl/encode.x /mnt/data/datasets/machine-learning-matrices-split/covtype.csv.12.4.A.vc.R 
Integer vector compression time: 0.1289
==== Ans-fold compression
Command: /home/louza/mm-repair/ans/encode.x /mnt/data/datasets/machine-learning-matrices-split/covtype.csv.12.4.A.vc.C 
Command: /home/louza/mm-repair/ans/encode.x /mnt/data/datasets/machine-learning-matrices-split/covtype.csv.12.4.B.vc
Ans-fold time: 0.5929
==== Integer vector .C compression
Command: /home/louza/mm-repair/sdsl/encode.x /mnt/data/datasets/machine-learning-matrices-split/covtype.csv.12.5.A.vc.C 
==== Integer vector .R compression
Command: /home/louza/mm-repair/sdsl/encode.x /mnt/data/datasets/machine-learning-matrices-split/covtype.csv.12.5.A.vc.R 
Integer vector compression time: 0.0844
==== Ans-fold compression
Command: /home/louza/mm-repair/ans/encode.x /mnt/data/datasets/machine-learning-matrices-split/covtype.csv.12.5.A.vc.C 
Command: /home/louza/mm-repair/ans/encode.x /mnt/data/datasets/machine-learning-matrices-split/covtype.csv.12.5.B.vc
Ans-fold time: 0.6579
==== Integer vector .C compression
Command: /home/louza/mm-repair/sdsl/encode.x /mnt/data/datasets/machine-learning-matrices-split/covtype.csv.12.6.A.vc.C 
==== Integer vector .R compression
Command: /home/louza/mm-repair/sdsl/encode.x /mnt/data/datasets/machine-learning-matrices-split/covtype.csv.12.6.A.vc.R 
Integer vector compression time: 0.1091
==== Ans-fold compression
Command: /home/louza/mm-repair/ans/encode.x /mnt/data/datasets/machine-learning-matrices-split/covtype.csv.12.6.A.vc.C 
Command: /home/louza/mm-repair/ans/encode.x /mnt/data/datasets/machine-learning-matrices-split/covtype.csv.12.6.B.vc
Ans-fold time: 0.7843
==== Integer vector .C compression
Command: /home/louza/mm-repair/sdsl/encode.x /mnt/data/datasets/machine-learning-matrices-split/covtype.csv.12.7.A.vc.C 
==== Integer vector .R compression
Command: /home/louza/mm-repair/sdsl/encode.x /mnt/data/datasets/machine-learning-matrices-split/covtype.csv.12.7.A.vc.R 
Integer vector compression time: 0.1313
==== Ans-fold compression
Command: /home/louza/mm-repair/ans/encode.x /mnt/data/datasets/machine-learning-matrices-split/covtype.csv.12.7.A.vc.C 
Command: /home/louza/mm-repair/ans/encode.x /mnt/data/datasets/machine-learning-matrices-split/covtype.csv.12.7.B.vc
Ans-fold time: 0.8531
==== Integer vector .C compression
Command: /home/louza/mm-repair/sdsl/encode.x /mnt/data/datasets/machine-learning-matrices-split/covtype.csv.12.8.A.vc.C 
==== Integer vector .R compression
Command: /home/louza/mm-repair/sdsl/encode.x /mnt/data/datasets/machine-learning-matrices-split/covtype.csv.12.8.A.vc.R 
Integer vector compression time: 0.0641
==== Ans-fold compression
Command: /home/louza/mm-repair/ans/encode.x /mnt/data/datasets/machine-learning-matrices-split/covtype.csv.12.8.A.vc.C 
Command: /home/louza/mm-repair/ans/encode.x /mnt/data/datasets/machine-learning-matrices-split/covtype.csv.12.8.B.vc
Ans-fold time: 0.9068
==== Integer vector .C compression
Command: /home/louza/mm-repair/sdsl/encode.x /mnt/data/datasets/machine-learning-matrices-split/covtype.csv.12.9.A.vc.C 
==== Integer vector .R compression
Command: /home/louza/mm-repair/sdsl/encode.x /mnt/data/datasets/machine-learning-matrices-split/covtype.csv.12.9.A.vc.R 
Integer vector compression time: 0.0669
==== Ans-fold compression
Command: /home/louza/mm-repair/ans/encode.x /mnt/data/datasets/machine-learning-matrices-split/covtype.csv.12.9.A.vc.C 
Command: /home/louza/mm-repair/ans/encode.x /mnt/data/datasets/machine-learning-matrices-split/covtype.csv.12.9.B.vc
Ans-fold time: 0.9593
==== Integer vector .C compression
Command: /home/louza/mm-repair/sdsl/encode.x /mnt/data/datasets/machine-learning-matrices-split/covtype.csv.12.10.A.vc.C 
==== Integer vector .R compression
Command: /home/louza/mm-repair/sdsl/encode.x /mnt/data/datasets/machine-learning-matrices-split/covtype.csv.12.10.A.vc.R 
Integer vector compression time: 0.0650
==== Ans-fold compression
Command: /home/louza/mm-repair/ans/encode.x /mnt/data/datasets/machine-learning-matrices-split/covtype.csv.12.10.A.vc.C 
Command: /home/louza/mm-repair/ans/encode.x /mnt/data/datasets/machine-learning-matrices-split/covtype.csv.12.10.B.vc
Ans-fold time: 1.0119
==== Integer vector .C compression
Command: /home/louza/mm-repair/sdsl/encode.x /mnt/data/datasets/machine-learning-matrices-split/covtype.csv.12.11.A.vc.C 
==== Integer vector .R compression
Command: /home/louza/mm-repair/sdsl/encode.x /mnt/data/datasets/machine-learning-matrices-split/covtype.csv.12.11.A.vc.R 
Integer vector compression time: 0.0672
==== Ans-fold compression
Command: /home/louza/mm-repair/ans/encode.x /mnt/data/datasets/machine-learning-matrices-split/covtype.csv.12.11.A.vc.C 
Command: /home/louza/mm-repair/ans/encode.x /mnt/data/datasets/machine-learning-matrices-split/covtype.csv.12.11.B.vc
Ans-fold time: 1.0646
Elapsed time: 15.5783
==== Compression Report:
 >> matrix name: /mnt/data/datasets/machine-learning-matrices-split/covtype.csv
 >> conversion time: 11.46
 >> repair time: 1.77
 >> integer vectors time: 0.07
 >> ansf time: 1.06
 >> total time: 15.58
 >> matrix log(alpha)xNumEntries size: 50983803 bytes
 >> matrix dense size: 250997184 bytes
 >> total number of nonzero: 5354710 (17.07%)
 >> number of distinct nonzero: 6682
 >> CRSV  size: 23796344 bytes  (9.48%)
 >> B	  size: 8512308 bytes  (3.39%)
 >> B_ans size: 3665139 bytes  (1.46%)
 >> RE32  size: 19033179 bytes  (7.58%)
 >> REIV  size: 12811971 bytes  (5.10%)
 >> REANS size: 11107393 bytes  (4.43%)
==== Done

#### 2026-09-06 07:29:50
 Command line: ./mm-repair/matrepair -r -b 12 -p 12 /mnt/data/datasets/machine-learning-matrices-split/covtype.csv 581012 54 --ole --mapping 
Setting memory for each repair instance to 38671 MBs
Sending logging messages to file: /mnt/data/datasets/machine-learning-matrices-split/covtype.csv.log
==== Conversion bin/csv->csrv
Command: /home/louza/mm-repair/csvmat2csrv -b 12   /mnt/data/datasets/machine-learning-matrices-split/covtype.csv -r 0 -m  581012 54
Conversion time: 4.4770
==== Repair paralell compression
---- Executing 12 parallel processes
---- Parallel processing completed
Repair time: 2.0971
==== Integer vector .C compression
Command: /home/louza/mm-repair/sdsl/encode.x /mnt/data/datasets/machine-learning-matrices-split/covtype.csv.12.0.vc.C 
==== Integer vector .R compression
Command: /home/louza/mm-repair/sdsl/encode.x /mnt/data/datasets/machine-learning-matrices-split/covtype.csv.12.0.vc.R 
Integer vector compression time: 0.2090
==== OLE
Command: /home/louza/mm-repair/ole/encode.x /mnt/data/datasets/machine-learning-matrices-split/covtype.csv.12.0.vc.C 
OLE time: 0.0504
==== Ans-fold compression
Command: /home/louza/mm-repair/ans/encode.x /mnt/data/datasets/machine-learning-matrices-split/covtype.csv.12.0.vc.C 
Ans-fold time: 0.1127
==== Integer vector .C compression
Command: /home/louza/mm-repair/sdsl/encode.x /mnt/data/datasets/machine-learning-matrices-split/covtype.csv.12.1.vc.C 
==== Integer vector .R compression
Command: /home/louza/mm-repair/sdsl/encode.x /mnt/data/datasets/machine-learning-matrices-split/covtype.csv.12.1.vc.R 
Integer vector compression time: 0.2396
==== OLE
Command: /home/louza/mm-repair/ole/encode.x /mnt/data/datasets/machine-learning-matrices-split/covtype.csv.12.1.vc.C 
OLE time: 0.0776
==== Ans-fold compression
Command: /home/louza/mm-repair/ans/encode.x /mnt/data/datasets/machine-learning-matrices-split/covtype.csv.12.1.vc.C 
Ans-fold time: 0.1660
==== Integer vector .C compression
Command: /home/louza/mm-repair/sdsl/encode.x /mnt/data/datasets/machine-learning-matrices-split/covtype.csv.12.2.vc.C 
==== Integer vector .R compression
Command: /home/louza/mm-repair/sdsl/encode.x /mnt/data/datasets/machine-learning-matrices-split/covtype.csv.12.2.vc.R 
Integer vector compression time: 0.1487
==== OLE
Command: /home/louza/mm-repair/ole/encode.x /mnt/data/datasets/machine-learning-matrices-split/covtype.csv.12.2.vc.C 
OLE time: 0.0309
==== Ans-fold compression
Command: /home/louza/mm-repair/ans/encode.x /mnt/data/datasets/machine-learning-matrices-split/covtype.csv.12.2.vc.C 
Ans-fold time: 0.2336
==== Integer vector .C compression
Command: /home/louza/mm-repair/sdsl/encode.x /mnt/data/datasets/machine-learning-matrices-split/covtype.csv.12.3.vc.C 
==== Integer vector .R compression
Command: /home/louza/mm-repair/sdsl/encode.x /mnt/data/datasets/machine-learning-matrices-split/covtype.csv.12.3.vc.R 
Integer vector compression time: 0.1295
==== OLE
Command: /home/louza/mm-repair/ole/encode.x /mnt/data/datasets/machine-learning-matrices-split/covtype.csv.12.3.vc.C 
OLE time: 0.0589
==== Ans-fold compression
Command: /home/louza/mm-repair/ans/encode.x /mnt/data/datasets/machine-learning-matrices-split/covtype.csv.12.3.vc.C 
Ans-fold time: 0.3039
==== Integer vector .C compression
Command: /home/louza/mm-repair/sdsl/encode.x /mnt/data/datasets/machine-learning-matrices-split/covtype.csv.12.4.vc.C 
==== Integer vector .R compression
Command: /home/louza/mm-repair/sdsl/encode.x /mnt/data/datasets/machine-learning-matrices-split/covtype.csv.12.4.vc.R 
Integer vector compression time: 0.1351
==== OLE
Command: /home/louza/mm-repair/ole/encode.x /mnt/data/datasets/machine-learning-matrices-split/covtype.csv.12.4.vc.C 
OLE time: 0.0477
==== Ans-fold compression
Command: /home/louza/mm-repair/ans/encode.x /mnt/data/datasets/machine-learning-matrices-split/covtype.csv.12.4.vc.C 
Ans-fold time: 0.4216
==== Integer vector .C compression
Command: /home/louza/mm-repair/sdsl/encode.x /mnt/data/datasets/machine-learning-matrices-split/covtype.csv.12.5.vc.C 
==== Integer vector .R compression
Command: /home/louza/mm-repair/sdsl/encode.x /mnt/data/datasets/machine-learning-matrices-split/covtype.csv.12.5.vc.R 
Integer vector compression time: 0.1398
==== OLE
Command: /home/louza/mm-repair/ole/encode.x /mnt/data/datasets/machine-learning-matrices-split/covtype.csv.12.5.vc.C 
OLE time: 0.1100
==== Ans-fold compression
Command: /home/louza/mm-repair/ans/encode.x /mnt/data/datasets/machine-learning-matrices-split/covtype.csv.12.5.vc.C 
Ans-fold time: 0.6348
==== Integer vector .C compression
Command: /home/louza/mm-repair/sdsl/encode.x /mnt/data/datasets/machine-learning-matrices-split/covtype.csv.12.6.vc.C 
==== Integer vector .R compression
Command: /home/louza/mm-repair/sdsl/encode.x /mnt/data/datasets/machine-learning-matrices-split/covtype.csv.12.6.vc.R 
Integer vector compression time: 0.1866
==== OLE
Command: /home/louza/mm-repair/ole/encode.x /mnt/data/datasets/machine-learning-matrices-split/covtype.csv.12.6.vc.C 
OLE time: 0.0468
==== Ans-fold compression
Command: /home/louza/mm-repair/ans/encode.x /mnt/data/datasets/machine-learning-matrices-split/covtype.csv.12.6.vc.C 
Ans-fold time: 0.8578
==== Integer vector .C compression
Command: /home/louza/mm-repair/sdsl/encode.x /mnt/data/datasets/machine-learning-matrices-split/covtype.csv.12.7.vc.C 
==== Integer vector .R compression
Command: /home/louza/mm-repair/sdsl/encode.x /mnt/data/datasets/machine-learning-matrices-split/covtype.csv.12.7.vc.R 
Integer vector compression time: 0.1741
==== OLE
Command: /home/louza/mm-repair/ole/encode.x /mnt/data/datasets/machine-learning-matrices-split/covtype.csv.12.7.vc.C 
OLE time: 0.0584
==== Ans-fold compression
Command: /home/louza/mm-repair/ans/encode.x /mnt/data/datasets/machine-learning-matrices-split/covtype.csv.12.7.vc.C 
Ans-fold time: 0.9285
==== Integer vector .C compression
Command: /home/louza/mm-repair/sdsl/encode.x /mnt/data/datasets/machine-learning-matrices-split/covtype.csv.12.8.vc.C 
==== Integer vector .R compression
Command: /home/louza/mm-repair/sdsl/encode.x /mnt/data/datasets/machine-learning-matrices-split/covtype.csv.12.8.vc.R 
Integer vector compression time: 0.1482
==== OLE
Command: /home/louza/mm-repair/ole/encode.x /mnt/data/datasets/machine-learning-matrices-split/covtype.csv.12.8.vc.C 
OLE time: 0.0680
==== Ans-fold compression
Command: /home/louza/mm-repair/ans/encode.x /mnt/data/datasets/machine-learning-matrices-split/covtype.csv.12.8.vc.C 
Ans-fold time: 1.0468
==== Integer vector .C compression
Command: /home/louza/mm-repair/sdsl/encode.x /mnt/data/datasets/machine-learning-matrices-split/covtype.csv.12.9.vc.C 
==== Integer vector .R compression
Command: /home/louza/mm-repair/sdsl/encode.x /mnt/data/datasets/machine-learning-matrices-split/covtype.csv.12.9.vc.R 
Integer vector compression time: 0.2033
==== OLE
Command: /home/louza/mm-repair/ole/encode.x /mnt/data/datasets/machine-learning-matrices-split/covtype.csv.12.9.vc.C 
OLE time: 0.0522
==== Ans-fold compression
Command: /home/louza/mm-repair/ans/encode.x /mnt/data/datasets/machine-learning-matrices-split/covtype.csv.12.9.vc.C 
Ans-fold time: 1.1700
==== Integer vector .C compression
Command: /home/louza/mm-repair/sdsl/encode.x /mnt/data/datasets/machine-learning-matrices-split/covtype.csv.12.10.vc.C 
==== Integer vector .R compression
Command: /home/louza/mm-repair/sdsl/encode.x /mnt/data/datasets/machine-learning-matrices-split/covtype.csv.12.10.vc.R 
Integer vector compression time: 0.1915
==== OLE
Command: /home/louza/mm-repair/ole/encode.x /mnt/data/datasets/machine-learning-matrices-split/covtype.csv.12.10.vc.C 
OLE time: 0.0550
==== Ans-fold compression
Command: /home/louza/mm-repair/ans/encode.x /mnt/data/datasets/machine-learning-matrices-split/covtype.csv.12.10.vc.C 
Ans-fold time: 1.2894
==== Integer vector .C compression
Command: /home/louza/mm-repair/sdsl/encode.x /mnt/data/datasets/machine-learning-matrices-split/covtype.csv.12.11.vc.C 
==== Integer vector .R compression
Command: /home/louza/mm-repair/sdsl/encode.x /mnt/data/datasets/machine-learning-matrices-split/covtype.csv.12.11.vc.R 
Integer vector compression time: 0.2255
==== OLE
Command: /home/louza/mm-repair/ole/encode.x /mnt/data/datasets/machine-learning-matrices-split/covtype.csv.12.11.vc.C 
OLE time: 0.0597
==== Ans-fold compression
Command: /home/louza/mm-repair/ans/encode.x /mnt/data/datasets/machine-learning-matrices-split/covtype.csv.12.11.vc.C 
Ans-fold time: 1.3596
Command: /home/louza/mm-repair/ans/encode.x /mnt/data/datasets/machine-learning-matrices-split/covtype.csv.wcode 
Elapsed time: 10.8000
==== Compression Report:
 >> matrix name: /mnt/data/datasets/machine-learning-matrices-split/covtype.csv
 >> conversion time: 4.48
 >> repair time: 2.10
 >> integer vectors time: 0.23
 >> ansf time: 1.36
 >> total time: 10.80
 >> wcode: 63808 bytes
 >> wcode_ans: 5738 bytes
 >> matrix log(alpha)xNumEntries size: 50983803 bytes
 >> matrix dense size: 250997184 bytes
 >> total number of nonzero: 6901775 (22.00%)
 >> number of distinct nonzero: 6682
 >> CRSV  size: 29984604 bytes  (11.95%)
 >> RE32  size: 21634524 bytes  (8.62%)
 >> REIV  size: 10876192 bytes  (4.33%)
 >> REANS size: 8945921 bytes  (3.56%)
==== Done

#### 2026-09-06 07:30:01
 Command line: ./mm-repair/matrepair -r -b 12 -p 12 /mnt/data/datasets/machine-learning-matrices-split/covtype.csv 581012 54 --ole --split 
Setting memory for each repair instance to 38671 MBs
Sending logging messages to file: /mnt/data/datasets/machine-learning-matrices-split/covtype.csv.log
==== Conversion bin/csv->csrv
Command: /home/louza/mm-repair/csvmat2csrv -b 12   /mnt/data/datasets/machine-learning-matrices-split/covtype.csv -r 0  -s 581012 54
Conversion time: 21.9627
==== Repair paralell compression
---- Executing 12 parallel processes
---- Parallel processing completed
Repair time: 0.6225
==== Integer vector .C compression
Command: /home/louza/mm-repair/sdsl/encode.x /mnt/data/datasets/machine-learning-matrices-split/covtype.csv.12.0.A.vc.C 
==== Integer vector .R compression
Command: /home/louza/mm-repair/sdsl/encode.x /mnt/data/datasets/machine-learning-matrices-split/covtype.csv.12.0.A.vc.R 
Integer vector compression time: 0.0909
==== OLE
Command: /home/louza/mm-repair/ole/encode.x /mnt/data/datasets/machine-learning-matrices-split/covtype.csv.12.0.A.vc.C 
Command: /home/louza/mm-repair/ole/encode.x /mnt/data/datasets/machine-learning-matrices-split/covtype.csv.12.0.B.vc 
OLE time: 0.0321
==== Ans-fold compression
Command: /home/louza/mm-repair/ans/encode.x /mnt/data/datasets/machine-learning-matrices-split/covtype.csv.12.0.A.vc.C 
Command: /home/louza/mm-repair/ans/encode.x /mnt/data/datasets/machine-learning-matrices-split/covtype.csv.12.0.B.vc
Ans-fold time: 0.1178
==== Integer vector .C compression
Command: /home/louza/mm-repair/sdsl/encode.x /mnt/data/datasets/machine-learning-matrices-split/covtype.csv.12.1.A.vc.C 
==== Integer vector .R compression
Command: /home/louza/mm-repair/sdsl/encode.x /mnt/data/datasets/machine-learning-matrices-split/covtype.csv.12.1.A.vc.R 
Integer vector compression time: 0.0879
==== OLE
Command: /home/louza/mm-repair/ole/encode.x /mnt/data/datasets/machine-learning-matrices-split/covtype.csv.12.1.A.vc.C 
Command: /home/louza/mm-repair/ole/encode.x /mnt/data/datasets/machine-learning-matrices-split/covtype.csv.12.1.B.vc 
OLE time: 0.0297
==== Ans-fold compression
Command: /home/louza/mm-repair/ans/encode.x /mnt/data/datasets/machine-learning-matrices-split/covtype.csv.12.1.A.vc.C 
Command: /home/louza/mm-repair/ans/encode.x /mnt/data/datasets/machine-learning-matrices-split/covtype.csv.12.1.B.vc
Ans-fold time: 0.3525
==== Integer vector .C compression
Command: /home/louza/mm-repair/sdsl/encode.x /mnt/data/datasets/machine-learning-matrices-split/covtype.csv.12.2.A.vc.C 
==== Integer vector .R compression
Command: /home/louza/mm-repair/sdsl/encode.x /mnt/data/datasets/machine-learning-matrices-split/covtype.csv.12.2.A.vc.R 
Integer vector compression time: 0.1400
==== OLE
Command: /home/louza/mm-repair/ole/encode.x /mnt/data/datasets/machine-learning-matrices-split/covtype.csv.12.2.A.vc.C 
Command: /home/louza/mm-repair/ole/encode.x /mnt/data/datasets/machine-learning-matrices-split/covtype.csv.12.2.B.vc 
OLE time: 0.0405
==== Ans-fold compression
Command: /home/louza/mm-repair/ans/encode.x /mnt/data/datasets/machine-learning-matrices-split/covtype.csv.12.2.A.vc.C 
Command: /home/louza/mm-repair/ans/encode.x /mnt/data/datasets/machine-learning-matrices-split/covtype.csv.12.2.B.vc
Ans-fold time: 0.4982
==== Integer vector .C compression
Command: /home/louza/mm-repair/sdsl/encode.x /mnt/data/datasets/machine-learning-matrices-split/covtype.csv.12.3.A.vc.C 
==== Integer vector .R compression
Command: /home/louza/mm-repair/sdsl/encode.x /mnt/data/datasets/machine-learning-matrices-split/covtype.csv.12.3.A.vc.R 
Integer vector compression time: 0.1651
==== OLE
Command: /home/louza/mm-repair/ole/encode.x /mnt/data/datasets/machine-learning-matrices-split/covtype.csv.12.3.A.vc.C 
Command: /home/louza/mm-repair/ole/encode.x /mnt/data/datasets/machine-learning-matrices-split/covtype.csv.12.3.B.vc 
OLE time: 0.0566
==== Ans-fold compression
Command: /home/louza/mm-repair/ans/encode.x /mnt/data/datasets/machine-learning-matrices-split/covtype.csv.12.3.A.vc.C 
Command: /home/louza/mm-repair/ans/encode.x /mnt/data/datasets/machine-learning-matrices-split/covtype.csv.12.3.B.vc
Ans-fold time: 0.5785
==== Integer vector .C compression
Command: /home/louza/mm-repair/sdsl/encode.x /mnt/data/datasets/machine-learning-matrices-split/covtype.csv.12.4.A.vc.C 
==== Integer vector .R compression
Command: /home/louza/mm-repair/sdsl/encode.x /mnt/data/datasets/machine-learning-matrices-split/covtype.csv.12.4.A.vc.R 
Integer vector compression time: 0.0869
==== OLE
Command: /home/louza/mm-repair/ole/encode.x /mnt/data/datasets/machine-learning-matrices-split/covtype.csv.12.4.A.vc.C 
Command: /home/louza/mm-repair/ole/encode.x /mnt/data/datasets/machine-learning-matrices-split/covtype.csv.12.4.B.vc 
OLE time: 0.0132
==== Ans-fold compression
Command: /home/louza/mm-repair/ans/encode.x /mnt/data/datasets/machine-learning-matrices-split/covtype.csv.12.4.A.vc.C 
Command: /home/louza/mm-repair/ans/encode.x /mnt/data/datasets/machine-learning-matrices-split/covtype.csv.12.4.B.vc
Ans-fold time: 0.6449
==== Integer vector .C compression
Command: /home/louza/mm-repair/sdsl/encode.x /mnt/data/datasets/machine-learning-matrices-split/covtype.csv.12.5.A.vc.C 
==== Integer vector .R compression
Command: /home/louza/mm-repair/sdsl/encode.x /mnt/data/datasets/machine-learning-matrices-split/covtype.csv.12.5.A.vc.R 
Integer vector compression time: 0.1369
==== OLE
Command: /home/louza/mm-repair/ole/encode.x /mnt/data/datasets/machine-learning-matrices-split/covtype.csv.12.5.A.vc.C 
Command: /home/louza/mm-repair/ole/encode.x /mnt/data/datasets/machine-learning-matrices-split/covtype.csv.12.5.B.vc 
OLE time: 0.1217
==== Ans-fold compression
Command: /home/louza/mm-repair/ans/encode.x /mnt/data/datasets/machine-learning-matrices-split/covtype.csv.12.5.A.vc.C 
Command: /home/louza/mm-repair/ans/encode.x /mnt/data/datasets/machine-learning-matrices-split/covtype.csv.12.5.B.vc
Ans-fold time: 0.7652
==== Integer vector .C compression
Command: /home/louza/mm-repair/sdsl/encode.x /mnt/data/datasets/machine-learning-matrices-split/covtype.csv.12.6.A.vc.C 
==== Integer vector .R compression
Command: /home/louza/mm-repair/sdsl/encode.x /mnt/data/datasets/machine-learning-matrices-split/covtype.csv.12.6.A.vc.R 
Integer vector compression time: 0.1202
==== OLE
Command: /home/louza/mm-repair/ole/encode.x /mnt/data/datasets/machine-learning-matrices-split/covtype.csv.12.6.A.vc.C 
Command: /home/louza/mm-repair/ole/encode.x /mnt/data/datasets/machine-learning-matrices-split/covtype.csv.12.6.B.vc 
OLE time: 0.0071
==== Ans-fold compression
Command: /home/louza/mm-repair/ans/encode.x /mnt/data/datasets/machine-learning-matrices-split/covtype.csv.12.6.A.vc.C 
Command: /home/louza/mm-repair/ans/encode.x /mnt/data/datasets/machine-learning-matrices-split/covtype.csv.12.6.B.vc
Ans-fold time: 0.8275
==== Integer vector .C compression
Command: /home/louza/mm-repair/sdsl/encode.x /mnt/data/datasets/machine-learning-matrices-split/covtype.csv.12.7.A.vc.C 
==== Integer vector .R compression
Command: /home/louza/mm-repair/sdsl/encode.x /mnt/data/datasets/machine-learning-matrices-split/covtype.csv.12.7.A.vc.R 
Integer vector compression time: 0.0471
==== OLE
Command: /home/louza/mm-repair/ole/encode.x /mnt/data/datasets/machine-learning-matrices-split/covtype.csv.12.7.A.vc.C 
Command: /home/louza/mm-repair/ole/encode.x /mnt/data/datasets/machine-learning-matrices-split/covtype.csv.12.7.B.vc 
OLE time: 0.0065
==== Ans-fold compression
Command: /home/louza/mm-repair/ans/encode.x /mnt/data/datasets/machine-learning-matrices-split/covtype.csv.12.7.A.vc.C 
Command: /home/louza/mm-repair/ans/encode.x /mnt/data/datasets/machine-learning-matrices-split/covtype.csv.12.7.B.vc
Ans-fold time: 0.9207
==== Integer vector .C compression
Command: /home/louza/mm-repair/sdsl/encode.x /mnt/data/datasets/machine-learning-matrices-split/covtype.csv.12.8.A.vc.C 
==== Integer vector .R compression
Command: /home/louza/mm-repair/sdsl/encode.x /mnt/data/datasets/machine-learning-matrices-split/covtype.csv.12.8.A.vc.R 
Integer vector compression time: 0.0989
==== OLE
Command: /home/louza/mm-repair/ole/encode.x /mnt/data/datasets/machine-learning-matrices-split/covtype.csv.12.8.A.vc.C 
Command: /home/louza/mm-repair/ole/encode.x /mnt/data/datasets/machine-learning-matrices-split/covtype.csv.12.8.B.vc 
OLE time: 0.0125
==== Ans-fold compression
Command: /home/louza/mm-repair/ans/encode.x /mnt/data/datasets/machine-learning-matrices-split/covtype.csv.12.8.A.vc.C 
Command: /home/louza/mm-repair/ans/encode.x /mnt/data/datasets/machine-learning-matrices-split/covtype.csv.12.8.B.vc
Ans-fold time: 1.0521
==== Integer vector .C compression
Command: /home/louza/mm-repair/sdsl/encode.x /mnt/data/datasets/machine-learning-matrices-split/covtype.csv.12.9.A.vc.C 
==== Integer vector .R compression
Command: /home/louza/mm-repair/sdsl/encode.x /mnt/data/datasets/machine-learning-matrices-split/covtype.csv.12.9.A.vc.R 
Integer vector compression time: 0.1016
==== OLE
Command: /home/louza/mm-repair/ole/encode.x /mnt/data/datasets/machine-learning-matrices-split/covtype.csv.12.9.A.vc.C 
Command: /home/louza/mm-repair/ole/encode.x /mnt/data/datasets/machine-learning-matrices-split/covtype.csv.12.9.B.vc 
OLE time: 0.0093
==== Ans-fold compression
Command: /home/louza/mm-repair/ans/encode.x /mnt/data/datasets/machine-learning-matrices-split/covtype.csv.12.9.A.vc.C 
Command: /home/louza/mm-repair/ans/encode.x /mnt/data/datasets/machine-learning-matrices-split/covtype.csv.12.9.B.vc
Ans-fold time: 1.1573
==== Integer vector .C compression
Command: /home/louza/mm-repair/sdsl/encode.x /mnt/data/datasets/machine-learning-matrices-split/covtype.csv.12.10.A.vc.C 
==== Integer vector .R compression
Command: /home/louza/mm-repair/sdsl/encode.x /mnt/data/datasets/machine-learning-matrices-split/covtype.csv.12.10.A.vc.R 
Integer vector compression time: 0.1209
==== OLE
Command: /home/louza/mm-repair/ole/encode.x /mnt/data/datasets/machine-learning-matrices-split/covtype.csv.12.10.A.vc.C 
Command: /home/louza/mm-repair/ole/encode.x /mnt/data/datasets/machine-learning-matrices-split/covtype.csv.12.10.B.vc 
OLE time: 0.0982
==== Ans-fold compression
Command: /home/louza/mm-repair/ans/encode.x /mnt/data/datasets/machine-learning-matrices-split/covtype.csv.12.10.A.vc.C 
Command: /home/louza/mm-repair/ans/encode.x /mnt/data/datasets/machine-learning-matrices-split/covtype.csv.12.10.B.vc
Ans-fold time: 1.2556
==== Integer vector .C compression
Command: /home/louza/mm-repair/sdsl/encode.x /mnt/data/datasets/machine-learning-matrices-split/covtype.csv.12.11.A.vc.C 
==== Integer vector .R compression
Command: /home/louza/mm-repair/sdsl/encode.x /mnt/data/datasets/machine-learning-matrices-split/covtype.csv.12.11.A.vc.R 
Integer vector compression time: 0.0881
==== OLE
Command: /home/louza/mm-repair/ole/encode.x /mnt/data/datasets/machine-learning-matrices-split/covtype.csv.12.11.A.vc.C 
Command: /home/louza/mm-repair/ole/encode.x /mnt/data/datasets/machine-learning-matrices-split/covtype.csv.12.11.B.vc 
OLE time: 0.0620
==== Ans-fold compression
Command: /home/louza/mm-repair/ans/encode.x /mnt/data/datasets/machine-learning-matrices-split/covtype.csv.12.11.A.vc.C 
Command: /home/louza/mm-repair/ans/encode.x /mnt/data/datasets/machine-learning-matrices-split/covtype.csv.12.11.B.vc
Ans-fold time: 1.3415
Elapsed time: 26.0638
==== Compression Report:
 >> matrix name: /mnt/data/datasets/machine-learning-matrices-split/covtype.csv
 >> conversion time: 21.96
 >> repair time: 0.62
 >> integer vectors time: 0.09
 >> ansf time: 1.34
 >> total time: 26.06
 >> matrix log(alpha)xNumEntries size: 50983803 bytes
 >> matrix dense size: 250997184 bytes
 >> total number of nonzero: 5354710 (17.07%)
 >> number of distinct nonzero: 6682
 >> CRSV  size: 23796344 bytes  (9.48%)
 >> B	  size: 8512308 bytes  (3.39%)
 >> B_ans size: 3554456 bytes  (1.42%)
 >> RE32  size: 18922496 bytes  (7.54%)
 >> REIV  size: 12701288 bytes  (5.06%)
 >> REANS size: 10876451 bytes  (4.33%)
==== Done

#### 2026-09-06 07:30:28
 Command line: ./mm-repair/matrepair -r -b 12 -p 12 /mnt/data/datasets/machine-learning-matrices-split/covtype.csv 581012 54 --mapping --split 
Setting memory for each repair instance to 38671 MBs
Sending logging messages to file: /mnt/data/datasets/machine-learning-matrices-split/covtype.csv.log
==== Conversion bin/csv->csrv
Command: /home/louza/mm-repair/csvmat2csrv -b 12   /mnt/data/datasets/machine-learning-matrices-split/covtype.csv -r 0 -m -s 581012 54
Conversion time: 15.3958
==== Repair paralell compression
---- Executing 12 parallel processes
---- Parallel processing completed
Repair time: 0.6706
==== Integer vector .C compression
Command: /home/louza/mm-repair/sdsl/encode.x /mnt/data/datasets/machine-learning-matrices-split/covtype.csv.12.0.A.vc.C 
==== Integer vector .R compression
Command: /home/louza/mm-repair/sdsl/encode.x /mnt/data/datasets/machine-learning-matrices-split/covtype.csv.12.0.A.vc.R 
Integer vector compression time: 0.1284
==== Ans-fold compression
Command: /home/louza/mm-repair/ans/encode.x /mnt/data/datasets/machine-learning-matrices-split/covtype.csv.12.0.A.vc.C 
Command: /home/louza/mm-repair/ans/encode.x /mnt/data/datasets/machine-learning-matrices-split/covtype.csv.12.0.B.vc
Ans-fold time: 0.0782
==== Integer vector .C compression
Command: /home/louza/mm-repair/sdsl/encode.x /mnt/data/datasets/machine-learning-matrices-split/covtype.csv.12.1.A.vc.C 
==== Integer vector .R compression
Command: /home/louza/mm-repair/sdsl/encode.x /mnt/data/datasets/machine-learning-matrices-split/covtype.csv.12.1.A.vc.R 
Integer vector compression time: 0.1504
==== Ans-fold compression
Command: /home/louza/mm-repair/ans/encode.x /mnt/data/datasets/machine-learning-matrices-split/covtype.csv.12.1.A.vc.C 
Command: /home/louza/mm-repair/ans/encode.x /mnt/data/datasets/machine-learning-matrices-split/covtype.csv.12.1.B.vc
Ans-fold time: 0.1727
==== Integer vector .C compression
Command: /home/louza/mm-repair/sdsl/encode.x /mnt/data/datasets/machine-learning-matrices-split/covtype.csv.12.2.A.vc.C 
==== Integer vector .R compression
Command: /home/louza/mm-repair/sdsl/encode.x /mnt/data/datasets/machine-learning-matrices-split/covtype.csv.12.2.A.vc.R 
Integer vector compression time: 0.1866
==== Ans-fold compression
Command: /home/louza/mm-repair/ans/encode.x /mnt/data/datasets/machine-learning-matrices-split/covtype.csv.12.2.A.vc.C 
Command: /home/louza/mm-repair/ans/encode.x /mnt/data/datasets/machine-learning-matrices-split/covtype.csv.12.2.B.vc
Ans-fold time: 0.2797
==== Integer vector .C compression
Command: /home/louza/mm-repair/sdsl/encode.x /mnt/data/datasets/machine-learning-matrices-split/covtype.csv.12.3.A.vc.C 
==== Integer vector .R compression
Command: /home/louza/mm-repair/sdsl/encode.x /mnt/data/datasets/machine-learning-matrices-split/covtype.csv.12.3.A.vc.R 
Integer vector compression time: 0.0763
==== Ans-fold compression
Command: /home/louza/mm-repair/ans/encode.x /mnt/data/datasets/machine-learning-matrices-split/covtype.csv.12.3.A.vc.C 
Command: /home/louza/mm-repair/ans/encode.x /mnt/data/datasets/machine-learning-matrices-split/covtype.csv.12.3.B.vc
Ans-fold time: 0.3916
==== Integer vector .C compression
Command: /home/louza/mm-repair/sdsl/encode.x /mnt/data/datasets/machine-learning-matrices-split/covtype.csv.12.4.A.vc.C 
==== Integer vector .R compression
Command: /home/louza/mm-repair/sdsl/encode.x /mnt/data/datasets/machine-learning-matrices-split/covtype.csv.12.4.A.vc.R 
Integer vector compression time: 0.1162
==== Ans-fold compression
Command: /home/louza/mm-repair/ans/encode.x /mnt/data/datasets/machine-learning-matrices-split/covtype.csv.12.4.A.vc.C 
Command: /home/louza/mm-repair/ans/encode.x /mnt/data/datasets/machine-learning-matrices-split/covtype.csv.12.4.B.vc
Ans-fold time: 0.6542
==== Integer vector .C compression
Command: /home/louza/mm-repair/sdsl/encode.x /mnt/data/datasets/machine-learning-matrices-split/covtype.csv.12.5.A.vc.C 
==== Integer vector .R compression
Command: /home/louza/mm-repair/sdsl/encode.x /mnt/data/datasets/machine-learning-matrices-split/covtype.csv.12.5.A.vc.R 
Integer vector compression time: 0.1631
==== Ans-fold compression
Command: /home/louza/mm-repair/ans/encode.x /mnt/data/datasets/machine-learning-matrices-split/covtype.csv.12.5.A.vc.C 
Command: /home/louza/mm-repair/ans/encode.x /mnt/data/datasets/machine-learning-matrices-split/covtype.csv.12.5.B.vc
Ans-fold time: 0.7221
==== Integer vector .C compression
Command: /home/louza/mm-repair/sdsl/encode.x /mnt/data/datasets/machine-learning-matrices-split/covtype.csv.12.6.A.vc.C 
==== Integer vector .R compression
Command: /home/louza/mm-repair/sdsl/encode.x /mnt/data/datasets/machine-learning-matrices-split/covtype.csv.12.6.A.vc.R 
Integer vector compression time: 0.1385
==== Ans-fold compression
Command: /home/louza/mm-repair/ans/encode.x /mnt/data/datasets/machine-learning-matrices-split/covtype.csv.12.6.A.vc.C 
Command: /home/louza/mm-repair/ans/encode.x /mnt/data/datasets/machine-learning-matrices-split/covtype.csv.12.6.B.vc
Ans-fold time: 0.8308
==== Integer vector .C compression
Command: /home/louza/mm-repair/sdsl/encode.x /mnt/data/datasets/machine-learning-matrices-split/covtype.csv.12.7.A.vc.C 
==== Integer vector .R compression
Command: /home/louza/mm-repair/sdsl/encode.x /mnt/data/datasets/machine-learning-matrices-split/covtype.csv.12.7.A.vc.R 
Integer vector compression time: 0.0602
==== Ans-fold compression
Command: /home/louza/mm-repair/ans/encode.x /mnt/data/datasets/machine-learning-matrices-split/covtype.csv.12.7.A.vc.C 
Command: /home/louza/mm-repair/ans/encode.x /mnt/data/datasets/machine-learning-matrices-split/covtype.csv.12.7.B.vc
Ans-fold time: 1.1298
==== Integer vector .C compression
Command: /home/louza/mm-repair/sdsl/encode.x /mnt/data/datasets/machine-learning-matrices-split/covtype.csv.12.8.A.vc.C 
==== Integer vector .R compression
Command: /home/louza/mm-repair/sdsl/encode.x /mnt/data/datasets/machine-learning-matrices-split/covtype.csv.12.8.A.vc.R 
Integer vector compression time: 0.0953
==== Ans-fold compression
Command: /home/louza/mm-repair/ans/encode.x /mnt/data/datasets/machine-learning-matrices-split/covtype.csv.12.8.A.vc.C 
Command: /home/louza/mm-repair/ans/encode.x /mnt/data/datasets/machine-learning-matrices-split/covtype.csv.12.8.B.vc
Ans-fold time: 1.2105
==== Integer vector .C compression
Command: /home/louza/mm-repair/sdsl/encode.x /mnt/data/datasets/machine-learning-matrices-split/covtype.csv.12.9.A.vc.C 
==== Integer vector .R compression
Command: /home/louza/mm-repair/sdsl/encode.x /mnt/data/datasets/machine-learning-matrices-split/covtype.csv.12.9.A.vc.R 
Integer vector compression time: 0.0950
==== Ans-fold compression
Command: /home/louza/mm-repair/ans/encode.x /mnt/data/datasets/machine-learning-matrices-split/covtype.csv.12.9.A.vc.C 
Command: /home/louza/mm-repair/ans/encode.x /mnt/data/datasets/machine-learning-matrices-split/covtype.csv.12.9.B.vc
Ans-fold time: 1.2624
==== Integer vector .C compression
Command: /home/louza/mm-repair/sdsl/encode.x /mnt/data/datasets/machine-learning-matrices-split/covtype.csv.12.10.A.vc.C 
==== Integer vector .R compression
Command: /home/louza/mm-repair/sdsl/encode.x /mnt/data/datasets/machine-learning-matrices-split/covtype.csv.12.10.A.vc.R 
Integer vector compression time: 0.0831
==== Ans-fold compression
Command: /home/louza/mm-repair/ans/encode.x /mnt/data/datasets/machine-learning-matrices-split/covtype.csv.12.10.A.vc.C 
Command: /home/louza/mm-repair/ans/encode.x /mnt/data/datasets/machine-learning-matrices-split/covtype.csv.12.10.B.vc
Ans-fold time: 1.3489
==== Integer vector .C compression
Command: /home/louza/mm-repair/sdsl/encode.x /mnt/data/datasets/machine-learning-matrices-split/covtype.csv.12.11.A.vc.C 
==== Integer vector .R compression
Command: /home/louza/mm-repair/sdsl/encode.x /mnt/data/datasets/machine-learning-matrices-split/covtype.csv.12.11.A.vc.R 
Integer vector compression time: 0.0952
==== Ans-fold compression
Command: /home/louza/mm-repair/ans/encode.x /mnt/data/datasets/machine-learning-matrices-split/covtype.csv.12.11.A.vc.C 
Command: /home/louza/mm-repair/ans/encode.x /mnt/data/datasets/machine-learning-matrices-split/covtype.csv.12.11.B.vc
Ans-fold time: 1.4039
Command: /home/louza/mm-repair/ans/encode.x /mnt/data/datasets/machine-learning-matrices-split/covtype.csv.wcode 
Elapsed time: 18.8893
==== Compression Report:
 >> matrix name: /mnt/data/datasets/machine-learning-matrices-split/covtype.csv
 >> conversion time: 15.40
 >> repair time: 0.67
 >> integer vectors time: 0.10
 >> ansf time: 1.40
 >> total time: 18.89
 >> wcode: 63808 bytes
 >> wcode_ans: 5738 bytes
 >> matrix log(alpha)xNumEntries size: 50983803 bytes
 >> matrix dense size: 250997184 bytes
 >> total number of nonzero: 5354710 (17.07%)
 >> number of distinct nonzero: 6682
 >> CRSV  size: 23796344 bytes  (9.48%)
 >> B	  size: 8512308 bytes  (3.39%)
 >> B_ans size: 2833029 bytes  (1.13%)
 >> RE32  size: 18264877 bytes  (7.28%)
 >> REIV  size: 10607877 bytes  (4.23%)
 >> REANS size: 9311245 bytes  (3.71%)
==== Done

#### 2026-09-06 07:30:47
 Command line: ./mm-repair/matrepair -r -b 12 -p 12 /mnt/data/datasets/machine-learning-matrices-split/covtype.csv 581012 54 --ole --mapping --split 
Setting memory for each repair instance to 38671 MBs
Sending logging messages to file: /mnt/data/datasets/machine-learning-matrices-split/covtype.csv.log
==== Conversion bin/csv->csrv
Command: /home/louza/mm-repair/csvmat2csrv -b 12   /mnt/data/datasets/machine-learning-matrices-split/covtype.csv -r 0 -m -s 581012 54
Conversion time: 18.9367
==== Repair paralell compression
---- Executing 12 parallel processes
---- Parallel processing completed
Repair time: 0.8639
==== Integer vector .C compression
Command: /home/louza/mm-repair/sdsl/encode.x /mnt/data/datasets/machine-learning-matrices-split/covtype.csv.12.0.A.vc.C 
==== Integer vector .R compression
Command: /home/louza/mm-repair/sdsl/encode.x /mnt/data/datasets/machine-learning-matrices-split/covtype.csv.12.0.A.vc.R 
Integer vector compression time: 0.1064
==== OLE
Command: /home/louza/mm-repair/ole/encode.x /mnt/data/datasets/machine-learning-matrices-split/covtype.csv.12.0.A.vc.C 
Command: /home/louza/mm-repair/ole/encode.x /mnt/data/datasets/machine-learning-matrices-split/covtype.csv.12.0.B.vc 
OLE time: 0.0229
==== Ans-fold compression
Command: /home/louza/mm-repair/ans/encode.x /mnt/data/datasets/machine-learning-matrices-split/covtype.csv.12.0.A.vc.C 
Command: /home/louza/mm-repair/ans/encode.x /mnt/data/datasets/machine-learning-matrices-split/covtype.csv.12.0.B.vc
Ans-fold time: 0.0861
==== Integer vector .C compression
Command: /home/louza/mm-repair/sdsl/encode.x /mnt/data/datasets/machine-learning-matrices-split/covtype.csv.12.1.A.vc.C 
==== Integer vector .R compression
Command: /home/louza/mm-repair/sdsl/encode.x /mnt/data/datasets/machine-learning-matrices-split/covtype.csv.12.1.A.vc.R 
Integer vector compression time: 0.0950
==== OLE
Command: /home/louza/mm-repair/ole/encode.x /mnt/data/datasets/machine-learning-matrices-split/covtype.csv.12.1.A.vc.C 
Command: /home/louza/mm-repair/ole/encode.x /mnt/data/datasets/machine-learning-matrices-split/covtype.csv.12.1.B.vc 
OLE time: 0.0237
==== Ans-fold compression
Command: /home/louza/mm-repair/ans/encode.x /mnt/data/datasets/machine-learning-matrices-split/covtype.csv.12.1.A.vc.C 
Command: /home/louza/mm-repair/ans/encode.x /mnt/data/datasets/machine-learning-matrices-split/covtype.csv.12.1.B.vc
Ans-fold time: 0.2034
==== Integer vector .C compression
Command: /home/louza/mm-repair/sdsl/encode.x /mnt/data/datasets/machine-learning-matrices-split/covtype.csv.12.2.A.vc.C 
==== Integer vector .R compression
Command: /home/louza/mm-repair/sdsl/encode.x /mnt/data/datasets/machine-learning-matrices-split/covtype.csv.12.2.A.vc.R 
Integer vector compression time: 0.1629
==== OLE
Command: /home/louza/mm-repair/ole/encode.x /mnt/data/datasets/machine-learning-matrices-split/covtype.csv.12.2.A.vc.C 
Command: /home/louza/mm-repair/ole/encode.x /mnt/data/datasets/machine-learning-matrices-split/covtype.csv.12.2.B.vc 
OLE time: 0.0549
==== Ans-fold compression
Command: /home/louza/mm-repair/ans/encode.x /mnt/data/datasets/machine-learning-matrices-split/covtype.csv.12.2.A.vc.C 
Command: /home/louza/mm-repair/ans/encode.x /mnt/data/datasets/machine-learning-matrices-split/covtype.csv.12.2.B.vc
Ans-fold time: 0.2764
==== Integer vector .C compression
Command: /home/louza/mm-repair/sdsl/encode.x /mnt/data/datasets/machine-learning-matrices-split/covtype.csv.12.3.A.vc.C 
==== Integer vector .R compression
Command: /home/louza/mm-repair/sdsl/encode.x /mnt/data/datasets/machine-learning-matrices-split/covtype.csv.12.3.A.vc.R 
Integer vector compression time: 0.0965
==== OLE
Command: /home/louza/mm-repair/ole/encode.x /mnt/data/datasets/machine-learning-matrices-split/covtype.csv.12.3.A.vc.C 
Command: /home/louza/mm-repair/ole/encode.x /mnt/data/datasets/machine-learning-matrices-split/covtype.csv.12.3.B.vc 
OLE time: 0.0160
==== Ans-fold compression
Command: /home/louza/mm-repair/ans/encode.x /mnt/data/datasets/machine-learning-matrices-split/covtype.csv.12.3.A.vc.C 
Command: /home/louza/mm-repair/ans/encode.x /mnt/data/datasets/machine-learning-matrices-split/covtype.csv.12.3.B.vc
Ans-fold time: 0.3440
==== Integer vector .C compression
Command: /home/louza/mm-repair/sdsl/encode.x /mnt/data/datasets/machine-learning-matrices-split/covtype.csv.12.4.A.vc.C 
==== Integer vector .R compression
Command: /home/louza/mm-repair/sdsl/encode.x /mnt/data/datasets/machine-learning-matrices-split/covtype.csv.12.4.A.vc.R 
Integer vector compression time: 0.0831
==== OLE
Command: /home/louza/mm-repair/ole/encode.x /mnt/data/datasets/machine-learning-matrices-split/covtype.csv.12.4.A.vc.C 
Command: /home/louza/mm-repair/ole/encode.x /mnt/data/datasets/machine-learning-matrices-split/covtype.csv.12.4.B.vc 
OLE time: 0.0119
==== Ans-fold compression
Command: /home/louza/mm-repair/ans/encode.x /mnt/data/datasets/machine-learning-matrices-split/covtype.csv.12.4.A.vc.C 
Command: /home/louza/mm-repair/ans/encode.x /mnt/data/datasets/machine-learning-matrices-split/covtype.csv.12.4.B.vc
Ans-fold time: 0.4016
==== Integer vector .C compression
Command: /home/louza/mm-repair/sdsl/encode.x /mnt/data/datasets/machine-learning-matrices-split/covtype.csv.12.5.A.vc.C 
==== Integer vector .R compression
Command: /home/louza/mm-repair/sdsl/encode.x /mnt/data/datasets/machine-learning-matrices-split/covtype.csv.12.5.A.vc.R 
Integer vector compression time: 0.0670
==== OLE
Command: /home/louza/mm-repair/ole/encode.x /mnt/data/datasets/machine-learning-matrices-split/covtype.csv.12.5.A.vc.C 
Command: /home/louza/mm-repair/ole/encode.x /mnt/data/datasets/machine-learning-matrices-split/covtype.csv.12.5.B.vc 
OLE time: 0.0146
==== Ans-fold compression
Command: /home/louza/mm-repair/ans/encode.x /mnt/data/datasets/machine-learning-matrices-split/covtype.csv.12.5.A.vc.C 
Command: /home/louza/mm-repair/ans/encode.x /mnt/data/datasets/machine-learning-matrices-split/covtype.csv.12.5.B.vc
Ans-fold time: 0.4568
==== Integer vector .C compression
Command: /home/louza/mm-repair/sdsl/encode.x /mnt/data/datasets/machine-learning-matrices-split/covtype.csv.12.6.A.vc.C 
==== Integer vector .R compression
Command: /home/louza/mm-repair/sdsl/encode.x /mnt/data/datasets/machine-learning-matrices-split/covtype.csv.12.6.A.vc.R 
Integer vector compression time: 0.1020
==== OLE
Command: /home/louza/mm-repair/ole/encode.x /mnt/data/datasets/machine-learning-matrices-split/covtype.csv.12.6.A.vc.C 
Command: /home/louza/mm-repair/ole/encode.x /mnt/data/datasets/machine-learning-matrices-split/covtype.csv.12.6.B.vc 
OLE time: 0.0485
==== Ans-fold compression
Command: /home/louza/mm-repair/ans/encode.x /mnt/data/datasets/machine-learning-matrices-split/covtype.csv.12.6.A.vc.C 
Command: /home/louza/mm-repair/ans/encode.x /mnt/data/datasets/machine-learning-matrices-split/covtype.csv.12.6.B.vc
Ans-fold time: 0.5094
==== Integer vector .C compression
Command: /home/louza/mm-repair/sdsl/encode.x /mnt/data/datasets/machine-learning-matrices-split/covtype.csv.12.7.A.vc.C 
==== Integer vector .R compression
Command: /home/louza/mm-repair/sdsl/encode.x /mnt/data/datasets/machine-learning-matrices-split/covtype.csv.12.7.A.vc.R 
Integer vector compression time: 0.0965
==== OLE
Command: /home/louza/mm-repair/ole/encode.x /mnt/data/datasets/machine-learning-matrices-split/covtype.csv.12.7.A.vc.C 
Command: /home/louza/mm-repair/ole/encode.x /mnt/data/datasets/machine-learning-matrices-split/covtype.csv.12.7.B.vc 
OLE time: 0.0101
==== Ans-fold compression
Command: /home/louza/mm-repair/ans/encode.x /mnt/data/datasets/machine-learning-matrices-split/covtype.csv.12.7.A.vc.C 
Command: /home/louza/mm-repair/ans/encode.x /mnt/data/datasets/machine-learning-matrices-split/covtype.csv.12.7.B.vc
Ans-fold time: 0.5950
==== Integer vector .C compression
Command: /home/louza/mm-repair/sdsl/encode.x /mnt/data/datasets/machine-learning-matrices-split/covtype.csv.12.8.A.vc.C 
==== Integer vector .R compression
Command: /home/louza/mm-repair/sdsl/encode.x /mnt/data/datasets/machine-learning-matrices-split/covtype.csv.12.8.A.vc.R 
Integer vector compression time: 0.0632
==== OLE
Command: /home/louza/mm-repair/ole/encode.x /mnt/data/datasets/machine-learning-matrices-split/covtype.csv.12.8.A.vc.C 
Command: /home/louza/mm-repair/ole/encode.x /mnt/data/datasets/machine-learning-matrices-split/covtype.csv.12.8.B.vc 
OLE time: 0.0165
==== Ans-fold compression
Command: /home/louza/mm-repair/ans/encode.x /mnt/data/datasets/machine-learning-matrices-split/covtype.csv.12.8.A.vc.C 
Command: /home/louza/mm-repair/ans/encode.x /mnt/data/datasets/machine-learning-matrices-split/covtype.csv.12.8.B.vc
Ans-fold time: 0.6848
==== Integer vector .C compression
Command: /home/louza/mm-repair/sdsl/encode.x /mnt/data/datasets/machine-learning-matrices-split/covtype.csv.12.9.A.vc.C 
==== Integer vector .R compression
Command: /home/louza/mm-repair/sdsl/encode.x /mnt/data/datasets/machine-learning-matrices-split/covtype.csv.12.9.A.vc.R 
Integer vector compression time: 0.1172
==== OLE
Command: /home/louza/mm-repair/ole/encode.x /mnt/data/datasets/machine-learning-matrices-split/covtype.csv.12.9.A.vc.C 
Command: /home/louza/mm-repair/ole/encode.x /mnt/data/datasets/machine-learning-matrices-split/covtype.csv.12.9.B.vc 
OLE time: 0.0155
==== Ans-fold compression
Command: /home/louza/mm-repair/ans/encode.x /mnt/data/datasets/machine-learning-matrices-split/covtype.csv.12.9.A.vc.C 
Command: /home/louza/mm-repair/ans/encode.x /mnt/data/datasets/machine-learning-matrices-split/covtype.csv.12.9.B.vc
Ans-fold time: 0.8564
==== Integer vector .C compression
Command: /home/louza/mm-repair/sdsl/encode.x /mnt/data/datasets/machine-learning-matrices-split/covtype.csv.12.10.A.vc.C 
==== Integer vector .R compression
Command: /home/louza/mm-repair/sdsl/encode.x /mnt/data/datasets/machine-learning-matrices-split/covtype.csv.12.10.A.vc.R 
Integer vector compression time: 0.2243
==== OLE
Command: /home/louza/mm-repair/ole/encode.x /mnt/data/datasets/machine-learning-matrices-split/covtype.csv.12.10.A.vc.C 
Command: /home/louza/mm-repair/ole/encode.x /mnt/data/datasets/machine-learning-matrices-split/covtype.csv.12.10.B.vc 
OLE time: 0.0271
==== Ans-fold compression
Command: /home/louza/mm-repair/ans/encode.x /mnt/data/datasets/machine-learning-matrices-split/covtype.csv.12.10.A.vc.C 
Command: /home/louza/mm-repair/ans/encode.x /mnt/data/datasets/machine-learning-matrices-split/covtype.csv.12.10.B.vc
Ans-fold time: 0.9518
==== Integer vector .C compression
Command: /home/louza/mm-repair/sdsl/encode.x /mnt/data/datasets/machine-learning-matrices-split/covtype.csv.12.11.A.vc.C 
==== Integer vector .R compression
Command: /home/louza/mm-repair/sdsl/encode.x /mnt/data/datasets/machine-learning-matrices-split/covtype.csv.12.11.A.vc.R 
Integer vector compression time: 0.0855
==== OLE
Command: /home/louza/mm-repair/ole/encode.x /mnt/data/datasets/machine-learning-matrices-split/covtype.csv.12.11.A.vc.C 
Command: /home/louza/mm-repair/ole/encode.x /mnt/data/datasets/machine-learning-matrices-split/covtype.csv.12.11.B.vc 
OLE time: 0.0154
==== Ans-fold compression
Command: /home/louza/mm-repair/ans/encode.x /mnt/data/datasets/machine-learning-matrices-split/covtype.csv.12.11.A.vc.C 
Command: /home/louza/mm-repair/ans/encode.x /mnt/data/datasets/machine-learning-matrices-split/covtype.csv.12.11.B.vc
Ans-fold time: 1.0536
Command: /home/louza/mm-repair/ans/encode.x /mnt/data/datasets/machine-learning-matrices-split/covtype.csv.wcode 
Elapsed time: 23.1030
==== Compression Report:
 >> matrix name: /mnt/data/datasets/machine-learning-matrices-split/covtype.csv
 >> conversion time: 18.94
 >> repair time: 0.86
 >> integer vectors time: 0.09
 >> ansf time: 1.05
 >> total time: 23.10
 >> wcode: 63808 bytes
 >> wcode_ans: 5738 bytes
 >> matrix log(alpha)xNumEntries size: 50983803 bytes
 >> matrix dense size: 250997184 bytes
 >> total number of nonzero: 5354710 (17.07%)
 >> number of distinct nonzero: 6682
 >> CRSV  size: 23796344 bytes  (9.48%)
 >> B	  size: 8512308 bytes  (3.39%)
 >> B_ans size: 2725107 bytes  (1.09%)
 >> RE32  size: 18156955 bytes  (7.23%)
 >> REIV  size: 10499955 bytes  (4.18%)
 >> REANS size: 9018164 bytes  (3.59%)
==== Done
REANS -b 32

#### 2026-09-07 10:48:48
 Command line: ./mm-repair/matrepair -r -b 32 -p 32 /mnt/data/datasets/machine-learning-matrices-split/covtype.csv 581012 54 
Setting memory for each repair instance to 14501 MBs
Sending logging messages to file: /mnt/data/datasets/machine-learning-matrices-split/covtype.csv.log
==== Conversion bin/csv->csrv
Command: /home/louza/mm-repair/csvmat2csrv -b 32   /mnt/data/datasets/machine-learning-matrices-split/covtype.csv -r 0   581012 54
Conversion time: 46.8667
==== Repair paralell compression
---- Executing 32 parallel processes
---- Parallel processing completed
Repair time: 0.2129
==== Integer vector .C compression
Command: /home/louza/mm-repair/sdsl/encode.x /mnt/data/datasets/machine-learning-matrices-split/covtype.csv.32.0.vc.C 
==== Integer vector .R compression
Command: /home/louza/mm-repair/sdsl/encode.x /mnt/data/datasets/machine-learning-matrices-split/covtype.csv.32.0.vc.R 
Integer vector compression time: 0.0319
==== Ans-fold compression
Command: /home/louza/mm-repair/ans/encode.x /mnt/data/datasets/machine-learning-matrices-split/covtype.csv.32.0.vc.C 
Ans-fold time: 0.0144
==== Integer vector .C compression
Command: /home/louza/mm-repair/sdsl/encode.x /mnt/data/datasets/machine-learning-matrices-split/covtype.csv.32.1.vc.C 
==== Integer vector .R compression
Command: /home/louza/mm-repair/sdsl/encode.x /mnt/data/datasets/machine-learning-matrices-split/covtype.csv.32.1.vc.R 
Integer vector compression time: 0.0304
==== Ans-fold compression
Command: /home/louza/mm-repair/ans/encode.x /mnt/data/datasets/machine-learning-matrices-split/covtype.csv.32.1.vc.C 
Ans-fold time: 0.0295
==== Integer vector .C compression
Command: /home/louza/mm-repair/sdsl/encode.x /mnt/data/datasets/machine-learning-matrices-split/covtype.csv.32.2.vc.C 
==== Integer vector .R compression
Command: /home/louza/mm-repair/sdsl/encode.x /mnt/data/datasets/machine-learning-matrices-split/covtype.csv.32.2.vc.R 
Integer vector compression time: 0.0294
==== Ans-fold compression
Command: /home/louza/mm-repair/ans/encode.x /mnt/data/datasets/machine-learning-matrices-split/covtype.csv.32.2.vc.C 
Ans-fold time: 0.0418
==== Integer vector .C compression
Command: /home/louza/mm-repair/sdsl/encode.x /mnt/data/datasets/machine-learning-matrices-split/covtype.csv.32.3.vc.C 
==== Integer vector .R compression
Command: /home/louza/mm-repair/sdsl/encode.x /mnt/data/datasets/machine-learning-matrices-split/covtype.csv.32.3.vc.R 
Integer vector compression time: 0.0286
==== Ans-fold compression
Command: /home/louza/mm-repair/ans/encode.x /mnt/data/datasets/machine-learning-matrices-split/covtype.csv.32.3.vc.C 
Ans-fold time: 0.0570
==== Integer vector .C compression
Command: /home/louza/mm-repair/sdsl/encode.x /mnt/data/datasets/machine-learning-matrices-split/covtype.csv.32.4.vc.C 
==== Integer vector .R compression
Command: /home/louza/mm-repair/sdsl/encode.x /mnt/data/datasets/machine-learning-matrices-split/covtype.csv.32.4.vc.R 
Integer vector compression time: 0.1756
==== Ans-fold compression
Command: /home/louza/mm-repair/ans/encode.x /mnt/data/datasets/machine-learning-matrices-split/covtype.csv.32.4.vc.C 
Ans-fold time: 0.0716
==== Integer vector .C compression
Command: /home/louza/mm-repair/sdsl/encode.x /mnt/data/datasets/machine-learning-matrices-split/covtype.csv.32.5.vc.C 
==== Integer vector .R compression
Command: /home/louza/mm-repair/sdsl/encode.x /mnt/data/datasets/machine-learning-matrices-split/covtype.csv.32.5.vc.R 
Integer vector compression time: 0.0305
==== Ans-fold compression
Command: /home/louza/mm-repair/ans/encode.x /mnt/data/datasets/machine-learning-matrices-split/covtype.csv.32.5.vc.C 
Ans-fold time: 0.0871
==== Integer vector .C compression
Command: /home/louza/mm-repair/sdsl/encode.x /mnt/data/datasets/machine-learning-matrices-split/covtype.csv.32.6.vc.C 
==== Integer vector .R compression
Command: /home/louza/mm-repair/sdsl/encode.x /mnt/data/datasets/machine-learning-matrices-split/covtype.csv.32.6.vc.R 
Integer vector compression time: 0.0320
==== Ans-fold compression
Command: /home/louza/mm-repair/ans/encode.x /mnt/data/datasets/machine-learning-matrices-split/covtype.csv.32.6.vc.C 
Ans-fold time: 0.1013
==== Integer vector .C compression
Command: /home/louza/mm-repair/sdsl/encode.x /mnt/data/datasets/machine-learning-matrices-split/covtype.csv.32.7.vc.C 
==== Integer vector .R compression
Command: /home/louza/mm-repair/sdsl/encode.x /mnt/data/datasets/machine-learning-matrices-split/covtype.csv.32.7.vc.R 
Integer vector compression time: 0.0306
==== Ans-fold compression
Command: /home/louza/mm-repair/ans/encode.x /mnt/data/datasets/machine-learning-matrices-split/covtype.csv.32.7.vc.C 
Ans-fold time: 0.1150
==== Integer vector .C compression
Command: /home/louza/mm-repair/sdsl/encode.x /mnt/data/datasets/machine-learning-matrices-split/covtype.csv.32.8.vc.C 
==== Integer vector .R compression
Command: /home/louza/mm-repair/sdsl/encode.x /mnt/data/datasets/machine-learning-matrices-split/covtype.csv.32.8.vc.R 
Integer vector compression time: 0.0317
==== Ans-fold compression
Command: /home/louza/mm-repair/ans/encode.x /mnt/data/datasets/machine-learning-matrices-split/covtype.csv.32.8.vc.C 
Ans-fold time: 0.1292
==== Integer vector .C compression
Command: /home/louza/mm-repair/sdsl/encode.x /mnt/data/datasets/machine-learning-matrices-split/covtype.csv.32.9.vc.C 
==== Integer vector .R compression
Command: /home/louza/mm-repair/sdsl/encode.x /mnt/data/datasets/machine-learning-matrices-split/covtype.csv.32.9.vc.R 
Integer vector compression time: 0.0306
==== Ans-fold compression
Command: /home/louza/mm-repair/ans/encode.x /mnt/data/datasets/machine-learning-matrices-split/covtype.csv.32.9.vc.C 
Ans-fold time: 0.1439
==== Integer vector .C compression
Command: /home/louza/mm-repair/sdsl/encode.x /mnt/data/datasets/machine-learning-matrices-split/covtype.csv.32.10.vc.C 
==== Integer vector .R compression
Command: /home/louza/mm-repair/sdsl/encode.x /mnt/data/datasets/machine-learning-matrices-split/covtype.csv.32.10.vc.R 
Integer vector compression time: 0.0288
==== Ans-fold compression
Command: /home/louza/mm-repair/ans/encode.x /mnt/data/datasets/machine-learning-matrices-split/covtype.csv.32.10.vc.C 
Ans-fold time: 0.1582
==== Integer vector .C compression
Command: /home/louza/mm-repair/sdsl/encode.x /mnt/data/datasets/machine-learning-matrices-split/covtype.csv.32.11.vc.C 
==== Integer vector .R compression
Command: /home/louza/mm-repair/sdsl/encode.x /mnt/data/datasets/machine-learning-matrices-split/covtype.csv.32.11.vc.R 
Integer vector compression time: 0.0271
==== Ans-fold compression
Command: /home/louza/mm-repair/ans/encode.x /mnt/data/datasets/machine-learning-matrices-split/covtype.csv.32.11.vc.C 
Ans-fold time: 0.1705
==== Integer vector .C compression
Command: /home/louza/mm-repair/sdsl/encode.x /mnt/data/datasets/machine-learning-matrices-split/covtype.csv.32.12.vc.C 
==== Integer vector .R compression
Command: /home/louza/mm-repair/sdsl/encode.x /mnt/data/datasets/machine-learning-matrices-split/covtype.csv.32.12.vc.R 
Integer vector compression time: 0.0295
==== Ans-fold compression
Command: /home/louza/mm-repair/ans/encode.x /mnt/data/datasets/machine-learning-matrices-split/covtype.csv.32.12.vc.C 
Ans-fold time: 0.1849
==== Integer vector .C compression
Command: /home/louza/mm-repair/sdsl/encode.x /mnt/data/datasets/machine-learning-matrices-split/covtype.csv.32.13.vc.C 
==== Integer vector .R compression
Command: /home/louza/mm-repair/sdsl/encode.x /mnt/data/datasets/machine-learning-matrices-split/covtype.csv.32.13.vc.R 
Integer vector compression time: 0.0310
==== Ans-fold compression
Command: /home/louza/mm-repair/ans/encode.x /mnt/data/datasets/machine-learning-matrices-split/covtype.csv.32.13.vc.C 
Ans-fold time: 0.1986
==== Integer vector .C compression
Command: /home/louza/mm-repair/sdsl/encode.x /mnt/data/datasets/machine-learning-matrices-split/covtype.csv.32.14.vc.C 
==== Integer vector .R compression
Command: /home/louza/mm-repair/sdsl/encode.x /mnt/data/datasets/machine-learning-matrices-split/covtype.csv.32.14.vc.R 
Integer vector compression time: 0.0293
==== Ans-fold compression
Command: /home/louza/mm-repair/ans/encode.x /mnt/data/datasets/machine-learning-matrices-split/covtype.csv.32.14.vc.C 
Ans-fold time: 0.2144
==== Integer vector .C compression
Command: /home/louza/mm-repair/sdsl/encode.x /mnt/data/datasets/machine-learning-matrices-split/covtype.csv.32.15.vc.C 
==== Integer vector .R compression
Command: /home/louza/mm-repair/sdsl/encode.x /mnt/data/datasets/machine-learning-matrices-split/covtype.csv.32.15.vc.R 
Integer vector compression time: 0.0345
==== Ans-fold compression
Command: /home/louza/mm-repair/ans/encode.x /mnt/data/datasets/machine-learning-matrices-split/covtype.csv.32.15.vc.C 
Ans-fold time: 0.2289
==== Integer vector .C compression
Command: /home/louza/mm-repair/sdsl/encode.x /mnt/data/datasets/machine-learning-matrices-split/covtype.csv.32.16.vc.C 
==== Integer vector .R compression
Command: /home/louza/mm-repair/sdsl/encode.x /mnt/data/datasets/machine-learning-matrices-split/covtype.csv.32.16.vc.R 
Integer vector compression time: 0.0326
==== Ans-fold compression
Command: /home/louza/mm-repair/ans/encode.x /mnt/data/datasets/machine-learning-matrices-split/covtype.csv.32.16.vc.C 
Ans-fold time: 0.2432
==== Integer vector .C compression
Command: /home/louza/mm-repair/sdsl/encode.x /mnt/data/datasets/machine-learning-matrices-split/covtype.csv.32.17.vc.C 
==== Integer vector .R compression
Command: /home/louza/mm-repair/sdsl/encode.x /mnt/data/datasets/machine-learning-matrices-split/covtype.csv.32.17.vc.R 
Integer vector compression time: 0.0315
==== Ans-fold compression
Command: /home/louza/mm-repair/ans/encode.x /mnt/data/datasets/machine-learning-matrices-split/covtype.csv.32.17.vc.C 
Ans-fold time: 0.2577
==== Integer vector .C compression
Command: /home/louza/mm-repair/sdsl/encode.x /mnt/data/datasets/machine-learning-matrices-split/covtype.csv.32.18.vc.C 
==== Integer vector .R compression
Command: /home/louza/mm-repair/sdsl/encode.x /mnt/data/datasets/machine-learning-matrices-split/covtype.csv.32.18.vc.R 
Integer vector compression time: 0.0315
==== Ans-fold compression
Command: /home/louza/mm-repair/ans/encode.x /mnt/data/datasets/machine-learning-matrices-split/covtype.csv.32.18.vc.C 
Ans-fold time: 0.2731
==== Integer vector .C compression
Command: /home/louza/mm-repair/sdsl/encode.x /mnt/data/datasets/machine-learning-matrices-split/covtype.csv.32.19.vc.C 
==== Integer vector .R compression
Command: /home/louza/mm-repair/sdsl/encode.x /mnt/data/datasets/machine-learning-matrices-split/covtype.csv.32.19.vc.R 
Integer vector compression time: 0.0300
==== Ans-fold compression
Command: /home/louza/mm-repair/ans/encode.x /mnt/data/datasets/machine-learning-matrices-split/covtype.csv.32.19.vc.C 
Ans-fold time: 0.2859
==== Integer vector .C compression
Command: /home/louza/mm-repair/sdsl/encode.x /mnt/data/datasets/machine-learning-matrices-split/covtype.csv.32.20.vc.C 
==== Integer vector .R compression
Command: /home/louza/mm-repair/sdsl/encode.x /mnt/data/datasets/machine-learning-matrices-split/covtype.csv.32.20.vc.R 
Integer vector compression time: 0.0295
==== Ans-fold compression
Command: /home/louza/mm-repair/ans/encode.x /mnt/data/datasets/machine-learning-matrices-split/covtype.csv.32.20.vc.C 
Ans-fold time: 0.3002
==== Integer vector .C compression
Command: /home/louza/mm-repair/sdsl/encode.x /mnt/data/datasets/machine-learning-matrices-split/covtype.csv.32.21.vc.C 
==== Integer vector .R compression
Command: /home/louza/mm-repair/sdsl/encode.x /mnt/data/datasets/machine-learning-matrices-split/covtype.csv.32.21.vc.R 
Integer vector compression time: 0.0341
==== Ans-fold compression
Command: /home/louza/mm-repair/ans/encode.x /mnt/data/datasets/machine-learning-matrices-split/covtype.csv.32.21.vc.C 
Ans-fold time: 0.3146
==== Integer vector .C compression
Command: /home/louza/mm-repair/sdsl/encode.x /mnt/data/datasets/machine-learning-matrices-split/covtype.csv.32.22.vc.C 
==== Integer vector .R compression
Command: /home/louza/mm-repair/sdsl/encode.x /mnt/data/datasets/machine-learning-matrices-split/covtype.csv.32.22.vc.R 
Integer vector compression time: 0.0307
==== Ans-fold compression
Command: /home/louza/mm-repair/ans/encode.x /mnt/data/datasets/machine-learning-matrices-split/covtype.csv.32.22.vc.C 
Ans-fold time: 0.3295
==== Integer vector .C compression
Command: /home/louza/mm-repair/sdsl/encode.x /mnt/data/datasets/machine-learning-matrices-split/covtype.csv.32.23.vc.C 
==== Integer vector .R compression
Command: /home/louza/mm-repair/sdsl/encode.x /mnt/data/datasets/machine-learning-matrices-split/covtype.csv.32.23.vc.R 
Integer vector compression time: 0.0302
==== Ans-fold compression
Command: /home/louza/mm-repair/ans/encode.x /mnt/data/datasets/machine-learning-matrices-split/covtype.csv.32.23.vc.C 
Ans-fold time: 0.3420
==== Integer vector .C compression
Command: /home/louza/mm-repair/sdsl/encode.x /mnt/data/datasets/machine-learning-matrices-split/covtype.csv.32.24.vc.C 
==== Integer vector .R compression
Command: /home/louza/mm-repair/sdsl/encode.x /mnt/data/datasets/machine-learning-matrices-split/covtype.csv.32.24.vc.R 
Integer vector compression time: 0.0274
==== Ans-fold compression
Command: /home/louza/mm-repair/ans/encode.x /mnt/data/datasets/machine-learning-matrices-split/covtype.csv.32.24.vc.C 
Ans-fold time: 0.3546
==== Integer vector .C compression
Command: /home/louza/mm-repair/sdsl/encode.x /mnt/data/datasets/machine-learning-matrices-split/covtype.csv.32.25.vc.C 
==== Integer vector .R compression
Command: /home/louza/mm-repair/sdsl/encode.x /mnt/data/datasets/machine-learning-matrices-split/covtype.csv.32.25.vc.R 
Integer vector compression time: 0.0341
==== Ans-fold compression
Command: /home/louza/mm-repair/ans/encode.x /mnt/data/datasets/machine-learning-matrices-split/covtype.csv.32.25.vc.C 
Ans-fold time: 0.3686
==== Integer vector .C compression
Command: /home/louza/mm-repair/sdsl/encode.x /mnt/data/datasets/machine-learning-matrices-split/covtype.csv.32.26.vc.C 
==== Integer vector .R compression
Command: /home/louza/mm-repair/sdsl/encode.x /mnt/data/datasets/machine-learning-matrices-split/covtype.csv.32.26.vc.R 
Integer vector compression time: 0.0305
==== Ans-fold compression
Command: /home/louza/mm-repair/ans/encode.x /mnt/data/datasets/machine-learning-matrices-split/covtype.csv.32.26.vc.C 
Ans-fold time: 0.3827
==== Integer vector .C compression
Command: /home/louza/mm-repair/sdsl/encode.x /mnt/data/datasets/machine-learning-matrices-split/covtype.csv.32.27.vc.C 
==== Integer vector .R compression
Command: /home/louza/mm-repair/sdsl/encode.x /mnt/data/datasets/machine-learning-matrices-split/covtype.csv.32.27.vc.R 
Integer vector compression time: 0.0310
==== Ans-fold compression
Command: /home/louza/mm-repair/ans/encode.x /mnt/data/datasets/machine-learning-matrices-split/covtype.csv.32.27.vc.C 
Ans-fold time: 0.3965
==== Integer vector .C compression
Command: /home/louza/mm-repair/sdsl/encode.x /mnt/data/datasets/machine-learning-matrices-split/covtype.csv.32.28.vc.C 
==== Integer vector .R compression
Command: /home/louza/mm-repair/sdsl/encode.x /mnt/data/datasets/machine-learning-matrices-split/covtype.csv.32.28.vc.R 
Integer vector compression time: 0.0323
==== Ans-fold compression
Command: /home/louza/mm-repair/ans/encode.x /mnt/data/datasets/machine-learning-matrices-split/covtype.csv.32.28.vc.C 
Ans-fold time: 0.4110
==== Integer vector .C compression
Command: /home/louza/mm-repair/sdsl/encode.x /mnt/data/datasets/machine-learning-matrices-split/covtype.csv.32.29.vc.C 
==== Integer vector .R compression
Command: /home/louza/mm-repair/sdsl/encode.x /mnt/data/datasets/machine-learning-matrices-split/covtype.csv.32.29.vc.R 
Integer vector compression time: 0.0333
==== Ans-fold compression
Command: /home/louza/mm-repair/ans/encode.x /mnt/data/datasets/machine-learning-matrices-split/covtype.csv.32.29.vc.C 
Ans-fold time: 0.4249
==== Integer vector .C compression
Command: /home/louza/mm-repair/sdsl/encode.x /mnt/data/datasets/machine-learning-matrices-split/covtype.csv.32.30.vc.C 
==== Integer vector .R compression
Command: /home/louza/mm-repair/sdsl/encode.x /mnt/data/datasets/machine-learning-matrices-split/covtype.csv.32.30.vc.R 
Integer vector compression time: 0.0315
==== Ans-fold compression
Command: /home/louza/mm-repair/ans/encode.x /mnt/data/datasets/machine-learning-matrices-split/covtype.csv.32.30.vc.C 
Ans-fold time: 0.4381
==== Integer vector .C compression
Command: /home/louza/mm-repair/sdsl/encode.x /mnt/data/datasets/machine-learning-matrices-split/covtype.csv.32.31.vc.C 
==== Integer vector .R compression
Command: /home/louza/mm-repair/sdsl/encode.x /mnt/data/datasets/machine-learning-matrices-split/covtype.csv.32.31.vc.R 
Integer vector compression time: 0.1773
==== Ans-fold compression
Command: /home/louza/mm-repair/ans/encode.x /mnt/data/datasets/machine-learning-matrices-split/covtype.csv.32.31.vc.C 
Ans-fold time: 0.4528
Elapsed time: 48.8131
==== Compression Report:
 >> matrix name: /mnt/data/datasets/machine-learning-matrices-split/covtype.csv
 >> conversion time: 46.87
 >> repair time: 0.21
 >> integer vectors time: 0.18
 >> ansf time: 0.45
 >> total time: 48.81
 >> matrix log(alpha)xNumEntries size: 50983803 bytes
 >> matrix dense size: 250997184 bytes
 >> total number of nonzero: 6901775 (22.00%)
 >> number of distinct nonzero: 6682
 >> CRSV  size: 29984604 bytes  (11.95%)
 >> RE32  size: 23358944 bytes  (9.31%)
 >> REIV  size: 13891928 bytes  (5.53%)
 >> REANS size: 12193767 bytes  (4.86%)
==== Done

#### 2026-09-07 10:49:37
 Command line: ./mm-repair/matrepair -r -b 32 -p 32 /mnt/data/datasets/machine-learning-matrices-split/covtype.csv 581012 54 --ole 
Setting memory for each repair instance to 14501 MBs
Sending logging messages to file: /mnt/data/datasets/machine-learning-matrices-split/covtype.csv.log
==== Conversion bin/csv->csrv
Command: /home/louza/mm-repair/csvmat2csrv -b 32   /mnt/data/datasets/machine-learning-matrices-split/covtype.csv -r 0   581012 54
Conversion time: 3.9853
==== Repair paralell compression
---- Executing 32 parallel processes
---- Parallel processing completed
Repair time: 0.6293
==== Integer vector .C compression
Command: /home/louza/mm-repair/sdsl/encode.x /mnt/data/datasets/machine-learning-matrices-split/covtype.csv.32.0.vc.C 
==== Integer vector .R compression
Command: /home/louza/mm-repair/sdsl/encode.x /mnt/data/datasets/machine-learning-matrices-split/covtype.csv.32.0.vc.R 
Integer vector compression time: 0.1563
==== OLE
Command: /home/louza/mm-repair/ole/encode.x /mnt/data/datasets/machine-learning-matrices-split/covtype.csv.32.0.vc.C 
OLE time: 0.0109
==== Ans-fold compression
Command: /home/louza/mm-repair/ans/encode.x /mnt/data/datasets/machine-learning-matrices-split/covtype.csv.32.0.vc.C 
Ans-fold time: 0.1071
==== Integer vector .C compression
Command: /home/louza/mm-repair/sdsl/encode.x /mnt/data/datasets/machine-learning-matrices-split/covtype.csv.32.1.vc.C 
==== Integer vector .R compression
Command: /home/louza/mm-repair/sdsl/encode.x /mnt/data/datasets/machine-learning-matrices-split/covtype.csv.32.1.vc.R 
Integer vector compression time: 0.1131
==== OLE
Command: /home/louza/mm-repair/ole/encode.x /mnt/data/datasets/machine-learning-matrices-split/covtype.csv.32.1.vc.C 
OLE time: 0.0142
==== Ans-fold compression
Command: /home/louza/mm-repair/ans/encode.x /mnt/data/datasets/machine-learning-matrices-split/covtype.csv.32.1.vc.C 
Ans-fold time: 0.1319
==== Integer vector .C compression
Command: /home/louza/mm-repair/sdsl/encode.x /mnt/data/datasets/machine-learning-matrices-split/covtype.csv.32.2.vc.C 
==== Integer vector .R compression
Command: /home/louza/mm-repair/sdsl/encode.x /mnt/data/datasets/machine-learning-matrices-split/covtype.csv.32.2.vc.R 
Integer vector compression time: 0.0782
==== OLE
Command: /home/louza/mm-repair/ole/encode.x /mnt/data/datasets/machine-learning-matrices-split/covtype.csv.32.2.vc.C 
OLE time: 0.1394
==== Ans-fold compression
Command: /home/louza/mm-repair/ans/encode.x /mnt/data/datasets/machine-learning-matrices-split/covtype.csv.32.2.vc.C 
Ans-fold time: 0.1861
==== Integer vector .C compression
Command: /home/louza/mm-repair/sdsl/encode.x /mnt/data/datasets/machine-learning-matrices-split/covtype.csv.32.3.vc.C 
==== Integer vector .R compression
Command: /home/louza/mm-repair/sdsl/encode.x /mnt/data/datasets/machine-learning-matrices-split/covtype.csv.32.3.vc.R 
Integer vector compression time: 0.0854
==== OLE
Command: /home/louza/mm-repair/ole/encode.x /mnt/data/datasets/machine-learning-matrices-split/covtype.csv.32.3.vc.C 
OLE time: 0.0126
==== Ans-fold compression
Command: /home/louza/mm-repair/ans/encode.x /mnt/data/datasets/machine-learning-matrices-split/covtype.csv.32.3.vc.C 
Ans-fold time: 0.2320
==== Integer vector .C compression
Command: /home/louza/mm-repair/sdsl/encode.x /mnt/data/datasets/machine-learning-matrices-split/covtype.csv.32.4.vc.C 
==== Integer vector .R compression
Command: /home/louza/mm-repair/sdsl/encode.x /mnt/data/datasets/machine-learning-matrices-split/covtype.csv.32.4.vc.R 
Integer vector compression time: 0.0768
==== OLE
Command: /home/louza/mm-repair/ole/encode.x /mnt/data/datasets/machine-learning-matrices-split/covtype.csv.32.4.vc.C 
OLE time: 0.0157
==== Ans-fold compression
Command: /home/louza/mm-repair/ans/encode.x /mnt/data/datasets/machine-learning-matrices-split/covtype.csv.32.4.vc.C 
Ans-fold time: 0.3059
==== Integer vector .C compression
Command: /home/louza/mm-repair/sdsl/encode.x /mnt/data/datasets/machine-learning-matrices-split/covtype.csv.32.5.vc.C 
==== Integer vector .R compression
Command: /home/louza/mm-repair/sdsl/encode.x /mnt/data/datasets/machine-learning-matrices-split/covtype.csv.32.5.vc.R 
Integer vector compression time: 0.2159
==== OLE
Command: /home/louza/mm-repair/ole/encode.x /mnt/data/datasets/machine-learning-matrices-split/covtype.csv.32.5.vc.C 
OLE time: 0.1245
==== Ans-fold compression
Command: /home/louza/mm-repair/ans/encode.x /mnt/data/datasets/machine-learning-matrices-split/covtype.csv.32.5.vc.C 
Ans-fold time: 0.4511
==== Integer vector .C compression
Command: /home/louza/mm-repair/sdsl/encode.x /mnt/data/datasets/machine-learning-matrices-split/covtype.csv.32.6.vc.C 
==== Integer vector .R compression
Command: /home/louza/mm-repair/sdsl/encode.x /mnt/data/datasets/machine-learning-matrices-split/covtype.csv.32.6.vc.R 
Integer vector compression time: 0.2145
==== OLE
Command: /home/louza/mm-repair/ole/encode.x /mnt/data/datasets/machine-learning-matrices-split/covtype.csv.32.6.vc.C 
OLE time: 0.0527
==== Ans-fold compression
Command: /home/louza/mm-repair/ans/encode.x /mnt/data/datasets/machine-learning-matrices-split/covtype.csv.32.6.vc.C 
Ans-fold time: 0.6873
==== Integer vector .C compression
Command: /home/louza/mm-repair/sdsl/encode.x /mnt/data/datasets/machine-learning-matrices-split/covtype.csv.32.7.vc.C 
==== Integer vector .R compression
Command: /home/louza/mm-repair/sdsl/encode.x /mnt/data/datasets/machine-learning-matrices-split/covtype.csv.32.7.vc.R 
Integer vector compression time: 0.3782
==== OLE
Command: /home/louza/mm-repair/ole/encode.x /mnt/data/datasets/machine-learning-matrices-split/covtype.csv.32.7.vc.C 
OLE time: 0.0150
==== Ans-fold compression
Command: /home/louza/mm-repair/ans/encode.x /mnt/data/datasets/machine-learning-matrices-split/covtype.csv.32.7.vc.C 
Ans-fold time: 0.8081
==== Integer vector .C compression
Command: /home/louza/mm-repair/sdsl/encode.x /mnt/data/datasets/machine-learning-matrices-split/covtype.csv.32.8.vc.C 
==== Integer vector .R compression
Command: /home/louza/mm-repair/sdsl/encode.x /mnt/data/datasets/machine-learning-matrices-split/covtype.csv.32.8.vc.R 
Integer vector compression time: 0.1045
==== OLE
Command: /home/louza/mm-repair/ole/encode.x /mnt/data/datasets/machine-learning-matrices-split/covtype.csv.32.8.vc.C 
OLE time: 0.0474
==== Ans-fold compression
Command: /home/louza/mm-repair/ans/encode.x /mnt/data/datasets/machine-learning-matrices-split/covtype.csv.32.8.vc.C 
Ans-fold time: 0.8360
==== Integer vector .C compression
Command: /home/louza/mm-repair/sdsl/encode.x /mnt/data/datasets/machine-learning-matrices-split/covtype.csv.32.9.vc.C 
==== Integer vector .R compression
Command: /home/louza/mm-repair/sdsl/encode.x /mnt/data/datasets/machine-learning-matrices-split/covtype.csv.32.9.vc.R 
Integer vector compression time: 0.0963
==== OLE
Command: /home/louza/mm-repair/ole/encode.x /mnt/data/datasets/machine-learning-matrices-split/covtype.csv.32.9.vc.C 
OLE time: 0.0146
==== Ans-fold compression
Command: /home/louza/mm-repair/ans/encode.x /mnt/data/datasets/machine-learning-matrices-split/covtype.csv.32.9.vc.C 
Ans-fold time: 0.8617
==== Integer vector .C compression
Command: /home/louza/mm-repair/sdsl/encode.x /mnt/data/datasets/machine-learning-matrices-split/covtype.csv.32.10.vc.C 
==== Integer vector .R compression
Command: /home/louza/mm-repair/sdsl/encode.x /mnt/data/datasets/machine-learning-matrices-split/covtype.csv.32.10.vc.R 
Integer vector compression time: 0.1445
==== OLE
Command: /home/louza/mm-repair/ole/encode.x /mnt/data/datasets/machine-learning-matrices-split/covtype.csv.32.10.vc.C 
OLE time: 0.0212
==== Ans-fold compression
Command: /home/louza/mm-repair/ans/encode.x /mnt/data/datasets/machine-learning-matrices-split/covtype.csv.32.10.vc.C 
Ans-fold time: 0.9967
==== Integer vector .C compression
Command: /home/louza/mm-repair/sdsl/encode.x /mnt/data/datasets/machine-learning-matrices-split/covtype.csv.32.11.vc.C 
==== Integer vector .R compression
Command: /home/louza/mm-repair/sdsl/encode.x /mnt/data/datasets/machine-learning-matrices-split/covtype.csv.32.11.vc.R 
Integer vector compression time: 0.3021
==== OLE
Command: /home/louza/mm-repair/ole/encode.x /mnt/data/datasets/machine-learning-matrices-split/covtype.csv.32.11.vc.C 
OLE time: 0.1231
==== Ans-fold compression
Command: /home/louza/mm-repair/ans/encode.x /mnt/data/datasets/machine-learning-matrices-split/covtype.csv.32.11.vc.C 
Ans-fold time: 1.1110
==== Integer vector .C compression
Command: /home/louza/mm-repair/sdsl/encode.x /mnt/data/datasets/machine-learning-matrices-split/covtype.csv.32.12.vc.C 
==== Integer vector .R compression
Command: /home/louza/mm-repair/sdsl/encode.x /mnt/data/datasets/machine-learning-matrices-split/covtype.csv.32.12.vc.R 
Integer vector compression time: 0.1659
==== OLE
Command: /home/louza/mm-repair/ole/encode.x /mnt/data/datasets/machine-learning-matrices-split/covtype.csv.32.12.vc.C 
OLE time: 0.2006
==== Ans-fold compression
Command: /home/louza/mm-repair/ans/encode.x /mnt/data/datasets/machine-learning-matrices-split/covtype.csv.32.12.vc.C 
Ans-fold time: 1.1414
==== Integer vector .C compression
Command: /home/louza/mm-repair/sdsl/encode.x /mnt/data/datasets/machine-learning-matrices-split/covtype.csv.32.13.vc.C 
==== Integer vector .R compression
Command: /home/louza/mm-repair/sdsl/encode.x /mnt/data/datasets/machine-learning-matrices-split/covtype.csv.32.13.vc.R 
Integer vector compression time: 0.3384
==== OLE
Command: /home/louza/mm-repair/ole/encode.x /mnt/data/datasets/machine-learning-matrices-split/covtype.csv.32.13.vc.C 
OLE time: 0.0123
==== Ans-fold compression
Command: /home/louza/mm-repair/ans/encode.x /mnt/data/datasets/machine-learning-matrices-split/covtype.csv.32.13.vc.C 
Ans-fold time: 1.2945
==== Integer vector .C compression
Command: /home/louza/mm-repair/sdsl/encode.x /mnt/data/datasets/machine-learning-matrices-split/covtype.csv.32.14.vc.C 
==== Integer vector .R compression
Command: /home/louza/mm-repair/sdsl/encode.x /mnt/data/datasets/machine-learning-matrices-split/covtype.csv.32.14.vc.R 
Integer vector compression time: 0.1354
==== OLE
Command: /home/louza/mm-repair/ole/encode.x /mnt/data/datasets/machine-learning-matrices-split/covtype.csv.32.14.vc.C 
OLE time: 0.0110
==== Ans-fold compression
Command: /home/louza/mm-repair/ans/encode.x /mnt/data/datasets/machine-learning-matrices-split/covtype.csv.32.14.vc.C 
Ans-fold time: 1.3917
==== Integer vector .C compression
Command: /home/louza/mm-repair/sdsl/encode.x /mnt/data/datasets/machine-learning-matrices-split/covtype.csv.32.15.vc.C 
==== Integer vector .R compression
Command: /home/louza/mm-repair/sdsl/encode.x /mnt/data/datasets/machine-learning-matrices-split/covtype.csv.32.15.vc.R 
Integer vector compression time: 0.0778
==== OLE
Command: /home/louza/mm-repair/ole/encode.x /mnt/data/datasets/machine-learning-matrices-split/covtype.csv.32.15.vc.C 
OLE time: 0.0170
==== Ans-fold compression
Command: /home/louza/mm-repair/ans/encode.x /mnt/data/datasets/machine-learning-matrices-split/covtype.csv.32.15.vc.C 
Ans-fold time: 1.4896
==== Integer vector .C compression
Command: /home/louza/mm-repair/sdsl/encode.x /mnt/data/datasets/machine-learning-matrices-split/covtype.csv.32.16.vc.C 
==== Integer vector .R compression
Command: /home/louza/mm-repair/sdsl/encode.x /mnt/data/datasets/machine-learning-matrices-split/covtype.csv.32.16.vc.R 
Integer vector compression time: 0.4626
==== OLE
Command: /home/louza/mm-repair/ole/encode.x /mnt/data/datasets/machine-learning-matrices-split/covtype.csv.32.16.vc.C 
OLE time: 0.1264
==== Ans-fold compression
Command: /home/louza/mm-repair/ans/encode.x /mnt/data/datasets/machine-learning-matrices-split/covtype.csv.32.16.vc.C 
Ans-fold time: 1.6654
==== Integer vector .C compression
Command: /home/louza/mm-repair/sdsl/encode.x /mnt/data/datasets/machine-learning-matrices-split/covtype.csv.32.17.vc.C 
==== Integer vector .R compression
Command: /home/louza/mm-repair/sdsl/encode.x /mnt/data/datasets/machine-learning-matrices-split/covtype.csv.32.17.vc.R 
Integer vector compression time: 0.1378
==== OLE
Command: /home/louza/mm-repair/ole/encode.x /mnt/data/datasets/machine-learning-matrices-split/covtype.csv.32.17.vc.C 
OLE time: 0.0937
==== Ans-fold compression
Command: /home/louza/mm-repair/ans/encode.x /mnt/data/datasets/machine-learning-matrices-split/covtype.csv.32.17.vc.C 
Ans-fold time: 1.7069
==== Integer vector .C compression
Command: /home/louza/mm-repair/sdsl/encode.x /mnt/data/datasets/machine-learning-matrices-split/covtype.csv.32.18.vc.C 
==== Integer vector .R compression
Command: /home/louza/mm-repair/sdsl/encode.x /mnt/data/datasets/machine-learning-matrices-split/covtype.csv.32.18.vc.R 
Integer vector compression time: 0.0516
==== OLE
Command: /home/louza/mm-repair/ole/encode.x /mnt/data/datasets/machine-learning-matrices-split/covtype.csv.32.18.vc.C 
OLE time: 0.5920
==== Ans-fold compression
Command: /home/louza/mm-repair/ans/encode.x /mnt/data/datasets/machine-learning-matrices-split/covtype.csv.32.18.vc.C 
Ans-fold time: 1.7510
==== Integer vector .C compression
Command: /home/louza/mm-repair/sdsl/encode.x /mnt/data/datasets/machine-learning-matrices-split/covtype.csv.32.19.vc.C 
==== Integer vector .R compression
Command: /home/louza/mm-repair/sdsl/encode.x /mnt/data/datasets/machine-learning-matrices-split/covtype.csv.32.19.vc.R 
Integer vector compression time: 0.0709
==== OLE
Command: /home/louza/mm-repair/ole/encode.x /mnt/data/datasets/machine-learning-matrices-split/covtype.csv.32.19.vc.C 
OLE time: 0.0098
==== Ans-fold compression
Command: /home/louza/mm-repair/ans/encode.x /mnt/data/datasets/machine-learning-matrices-split/covtype.csv.32.19.vc.C 
Ans-fold time: 1.7890
==== Integer vector .C compression
Command: /home/louza/mm-repair/sdsl/encode.x /mnt/data/datasets/machine-learning-matrices-split/covtype.csv.32.20.vc.C 
==== Integer vector .R compression
Command: /home/louza/mm-repair/sdsl/encode.x /mnt/data/datasets/machine-learning-matrices-split/covtype.csv.32.20.vc.R 
Integer vector compression time: 0.0461
==== OLE
Command: /home/louza/mm-repair/ole/encode.x /mnt/data/datasets/machine-learning-matrices-split/covtype.csv.32.20.vc.C 
OLE time: 0.0121
==== Ans-fold compression
Command: /home/louza/mm-repair/ans/encode.x /mnt/data/datasets/machine-learning-matrices-split/covtype.csv.32.20.vc.C 
Ans-fold time: 1.9176
==== Integer vector .C compression
Command: /home/louza/mm-repair/sdsl/encode.x /mnt/data/datasets/machine-learning-matrices-split/covtype.csv.32.21.vc.C 
==== Integer vector .R compression
Command: /home/louza/mm-repair/sdsl/encode.x /mnt/data/datasets/machine-learning-matrices-split/covtype.csv.32.21.vc.R 
Integer vector compression time: 0.1566
==== OLE
Command: /home/louza/mm-repair/ole/encode.x /mnt/data/datasets/machine-learning-matrices-split/covtype.csv.32.21.vc.C 
OLE time: 0.0636
==== Ans-fold compression
Command: /home/louza/mm-repair/ans/encode.x /mnt/data/datasets/machine-learning-matrices-split/covtype.csv.32.21.vc.C 
Ans-fold time: 1.9519
==== Integer vector .C compression
Command: /home/louza/mm-repair/sdsl/encode.x /mnt/data/datasets/machine-learning-matrices-split/covtype.csv.32.22.vc.C 
==== Integer vector .R compression
Command: /home/louza/mm-repair/sdsl/encode.x /mnt/data/datasets/machine-learning-matrices-split/covtype.csv.32.22.vc.R 
Integer vector compression time: 0.0463
==== OLE
Command: /home/louza/mm-repair/ole/encode.x /mnt/data/datasets/machine-learning-matrices-split/covtype.csv.32.22.vc.C 
OLE time: 0.0106
==== Ans-fold compression
Command: /home/louza/mm-repair/ans/encode.x /mnt/data/datasets/machine-learning-matrices-split/covtype.csv.32.22.vc.C 
Ans-fold time: 2.0807
==== Integer vector .C compression
Command: /home/louza/mm-repair/sdsl/encode.x /mnt/data/datasets/machine-learning-matrices-split/covtype.csv.32.23.vc.C 
==== Integer vector .R compression
Command: /home/louza/mm-repair/sdsl/encode.x /mnt/data/datasets/machine-learning-matrices-split/covtype.csv.32.23.vc.R 
Integer vector compression time: 0.0959
==== OLE
Command: /home/louza/mm-repair/ole/encode.x /mnt/data/datasets/machine-learning-matrices-split/covtype.csv.32.23.vc.C 
OLE time: 0.1015
==== Ans-fold compression
Command: /home/louza/mm-repair/ans/encode.x /mnt/data/datasets/machine-learning-matrices-split/covtype.csv.32.23.vc.C 
Ans-fold time: 2.1050
==== Integer vector .C compression
Command: /home/louza/mm-repair/sdsl/encode.x /mnt/data/datasets/machine-learning-matrices-split/covtype.csv.32.24.vc.C 
==== Integer vector .R compression
Command: /home/louza/mm-repair/sdsl/encode.x /mnt/data/datasets/machine-learning-matrices-split/covtype.csv.32.24.vc.R 
Integer vector compression time: 0.0510
==== OLE
Command: /home/louza/mm-repair/ole/encode.x /mnt/data/datasets/machine-learning-matrices-split/covtype.csv.32.24.vc.C 
OLE time: 0.0104
==== Ans-fold compression
Command: /home/louza/mm-repair/ans/encode.x /mnt/data/datasets/machine-learning-matrices-split/covtype.csv.32.24.vc.C 
Ans-fold time: 2.2313
==== Integer vector .C compression
Command: /home/louza/mm-repair/sdsl/encode.x /mnt/data/datasets/machine-learning-matrices-split/covtype.csv.32.25.vc.C 
==== Integer vector .R compression
Command: /home/louza/mm-repair/sdsl/encode.x /mnt/data/datasets/machine-learning-matrices-split/covtype.csv.32.25.vc.R 
Integer vector compression time: 0.1369
==== OLE
Command: /home/louza/mm-repair/ole/encode.x /mnt/data/datasets/machine-learning-matrices-split/covtype.csv.32.25.vc.C 
OLE time: 0.0558
==== Ans-fold compression
Command: /home/louza/mm-repair/ans/encode.x /mnt/data/datasets/machine-learning-matrices-split/covtype.csv.32.25.vc.C 
Ans-fold time: 2.2598
==== Integer vector .C compression
Command: /home/louza/mm-repair/sdsl/encode.x /mnt/data/datasets/machine-learning-matrices-split/covtype.csv.32.26.vc.C 
==== Integer vector .R compression
Command: /home/louza/mm-repair/sdsl/encode.x /mnt/data/datasets/machine-learning-matrices-split/covtype.csv.32.26.vc.R 
Integer vector compression time: 0.1631
==== OLE
Command: /home/louza/mm-repair/ole/encode.x /mnt/data/datasets/machine-learning-matrices-split/covtype.csv.32.26.vc.C 
OLE time: 0.0085
==== Ans-fold compression
Command: /home/louza/mm-repair/ans/encode.x /mnt/data/datasets/machine-learning-matrices-split/covtype.csv.32.26.vc.C 
Ans-fold time: 2.3526
==== Integer vector .C compression
Command: /home/louza/mm-repair/sdsl/encode.x /mnt/data/datasets/machine-learning-matrices-split/covtype.csv.32.27.vc.C 
==== Integer vector .R compression
Command: /home/louza/mm-repair/sdsl/encode.x /mnt/data/datasets/machine-learning-matrices-split/covtype.csv.32.27.vc.R 
Integer vector compression time: 0.2057
==== OLE
Command: /home/louza/mm-repair/ole/encode.x /mnt/data/datasets/machine-learning-matrices-split/covtype.csv.32.27.vc.C 
OLE time: 0.0102
==== Ans-fold compression
Command: /home/louza/mm-repair/ans/encode.x /mnt/data/datasets/machine-learning-matrices-split/covtype.csv.32.27.vc.C 
Ans-fold time: 2.3767
==== Integer vector .C compression
Command: /home/louza/mm-repair/sdsl/encode.x /mnt/data/datasets/machine-learning-matrices-split/covtype.csv.32.28.vc.C 
==== Integer vector .R compression
Command: /home/louza/mm-repair/sdsl/encode.x /mnt/data/datasets/machine-learning-matrices-split/covtype.csv.32.28.vc.R 
Integer vector compression time: 0.0428
==== OLE
Command: /home/louza/mm-repair/ole/encode.x /mnt/data/datasets/machine-learning-matrices-split/covtype.csv.32.28.vc.C 
OLE time: 0.0113
==== Ans-fold compression
Command: /home/louza/mm-repair/ans/encode.x /mnt/data/datasets/machine-learning-matrices-split/covtype.csv.32.28.vc.C 
Ans-fold time: 2.5196
==== Integer vector .C compression
Command: /home/louza/mm-repair/sdsl/encode.x /mnt/data/datasets/machine-learning-matrices-split/covtype.csv.32.29.vc.C 
==== Integer vector .R compression
Command: /home/louza/mm-repair/sdsl/encode.x /mnt/data/datasets/machine-learning-matrices-split/covtype.csv.32.29.vc.R 
Integer vector compression time: 0.0664
==== OLE
Command: /home/louza/mm-repair/ole/encode.x /mnt/data/datasets/machine-learning-matrices-split/covtype.csv.32.29.vc.C 
OLE time: 0.0113
==== Ans-fold compression
Command: /home/louza/mm-repair/ans/encode.x /mnt/data/datasets/machine-learning-matrices-split/covtype.csv.32.29.vc.C 
Ans-fold time: 2.5485
==== Integer vector .C compression
Command: /home/louza/mm-repair/sdsl/encode.x /mnt/data/datasets/machine-learning-matrices-split/covtype.csv.32.30.vc.C 
==== Integer vector .R compression
Command: /home/louza/mm-repair/sdsl/encode.x /mnt/data/datasets/machine-learning-matrices-split/covtype.csv.32.30.vc.R 
Integer vector compression time: 0.1500
==== OLE
Command: /home/louza/mm-repair/ole/encode.x /mnt/data/datasets/machine-learning-matrices-split/covtype.csv.32.30.vc.C 
OLE time: 0.0795
==== Ans-fold compression
Command: /home/louza/mm-repair/ans/encode.x /mnt/data/datasets/machine-learning-matrices-split/covtype.csv.32.30.vc.C 
Ans-fold time: 2.6071
==== Integer vector .C compression
Command: /home/louza/mm-repair/sdsl/encode.x /mnt/data/datasets/machine-learning-matrices-split/covtype.csv.32.31.vc.C 
==== Integer vector .R compression
Command: /home/louza/mm-repair/sdsl/encode.x /mnt/data/datasets/machine-learning-matrices-split/covtype.csv.32.31.vc.R 
Integer vector compression time: 0.0579
==== OLE
Command: /home/louza/mm-repair/ole/encode.x /mnt/data/datasets/machine-learning-matrices-split/covtype.csv.32.31.vc.C 
OLE time: 0.0105
==== Ans-fold compression
Command: /home/louza/mm-repair/ans/encode.x /mnt/data/datasets/machine-learning-matrices-split/covtype.csv.32.31.vc.C 
Ans-fold time: 2.6314
Elapsed time: 13.9132
==== Compression Report:
 >> matrix name: /mnt/data/datasets/machine-learning-matrices-split/covtype.csv
 >> conversion time: 3.99
 >> repair time: 0.63
 >> integer vectors time: 0.06
 >> ansf time: 2.63
 >> total time: 13.91
 >> matrix log(alpha)xNumEntries size: 50983803 bytes
 >> matrix dense size: 250997184 bytes
 >> total number of nonzero: 6901775 (22.00%)
 >> number of distinct nonzero: 6682
 >> CRSV  size: 29984604 bytes  (11.95%)
 >> RE32  size: 23358944 bytes  (9.31%)
 >> REIV  size: 13891928 bytes  (5.53%)
 >> REANS size: 11557086 bytes  (4.60%)
==== Done

#### 2026-09-07 10:49:51
 Command line: ./mm-repair/matrepair -r -b 32 -p 32 /mnt/data/datasets/machine-learning-matrices-split/covtype.csv 581012 54 --mapping 
Setting memory for each repair instance to 14501 MBs
Sending logging messages to file: /mnt/data/datasets/machine-learning-matrices-split/covtype.csv.log
==== Conversion bin/csv->csrv
Command: /home/louza/mm-repair/csvmat2csrv -b 32   /mnt/data/datasets/machine-learning-matrices-split/covtype.csv -r 0 -m  581012 54
Conversion time: 5.1795
==== Repair paralell compression
---- Executing 32 parallel processes
---- Parallel processing completed
Repair time: 0.6858
==== Integer vector .C compression
Command: /home/louza/mm-repair/sdsl/encode.x /mnt/data/datasets/machine-learning-matrices-split/covtype.csv.32.0.vc.C 
==== Integer vector .R compression
Command: /home/louza/mm-repair/sdsl/encode.x /mnt/data/datasets/machine-learning-matrices-split/covtype.csv.32.0.vc.R 
Integer vector compression time: 0.1305
==== Ans-fold compression
Command: /home/louza/mm-repair/ans/encode.x /mnt/data/datasets/machine-learning-matrices-split/covtype.csv.32.0.vc.C 
Ans-fold time: 0.0932
==== Integer vector .C compression
Command: /home/louza/mm-repair/sdsl/encode.x /mnt/data/datasets/machine-learning-matrices-split/covtype.csv.32.1.vc.C 
==== Integer vector .R compression
Command: /home/louza/mm-repair/sdsl/encode.x /mnt/data/datasets/machine-learning-matrices-split/covtype.csv.32.1.vc.R 
Integer vector compression time: 0.1010
==== Ans-fold compression
Command: /home/louza/mm-repair/ans/encode.x /mnt/data/datasets/machine-learning-matrices-split/covtype.csv.32.1.vc.C 
Ans-fold time: 0.2751
==== Integer vector .C compression
Command: /home/louza/mm-repair/sdsl/encode.x /mnt/data/datasets/machine-learning-matrices-split/covtype.csv.32.2.vc.C 
==== Integer vector .R compression
Command: /home/louza/mm-repair/sdsl/encode.x /mnt/data/datasets/machine-learning-matrices-split/covtype.csv.32.2.vc.R 
Integer vector compression time: 0.2615
==== Ans-fold compression
Command: /home/louza/mm-repair/ans/encode.x /mnt/data/datasets/machine-learning-matrices-split/covtype.csv.32.2.vc.C 
Ans-fold time: 0.2986
==== Integer vector .C compression
Command: /home/louza/mm-repair/sdsl/encode.x /mnt/data/datasets/machine-learning-matrices-split/covtype.csv.32.3.vc.C 
==== Integer vector .R compression
Command: /home/louza/mm-repair/sdsl/encode.x /mnt/data/datasets/machine-learning-matrices-split/covtype.csv.32.3.vc.R 
Integer vector compression time: 0.0625
==== Ans-fold compression
Command: /home/louza/mm-repair/ans/encode.x /mnt/data/datasets/machine-learning-matrices-split/covtype.csv.32.3.vc.C 
Ans-fold time: 0.3176
==== Integer vector .C compression
Command: /home/louza/mm-repair/sdsl/encode.x /mnt/data/datasets/machine-learning-matrices-split/covtype.csv.32.4.vc.C 
==== Integer vector .R compression
Command: /home/louza/mm-repair/sdsl/encode.x /mnt/data/datasets/machine-learning-matrices-split/covtype.csv.32.4.vc.R 
Integer vector compression time: 0.0823
==== Ans-fold compression
Command: /home/louza/mm-repair/ans/encode.x /mnt/data/datasets/machine-learning-matrices-split/covtype.csv.32.4.vc.C 
Ans-fold time: 0.3415
==== Integer vector .C compression
Command: /home/louza/mm-repair/sdsl/encode.x /mnt/data/datasets/machine-learning-matrices-split/covtype.csv.32.5.vc.C 
==== Integer vector .R compression
Command: /home/louza/mm-repair/sdsl/encode.x /mnt/data/datasets/machine-learning-matrices-split/covtype.csv.32.5.vc.R 
Integer vector compression time: 0.0769
==== Ans-fold compression
Command: /home/louza/mm-repair/ans/encode.x /mnt/data/datasets/machine-learning-matrices-split/covtype.csv.32.5.vc.C 
Ans-fold time: 0.3659
==== Integer vector .C compression
Command: /home/louza/mm-repair/sdsl/encode.x /mnt/data/datasets/machine-learning-matrices-split/covtype.csv.32.6.vc.C 
==== Integer vector .R compression
Command: /home/louza/mm-repair/sdsl/encode.x /mnt/data/datasets/machine-learning-matrices-split/covtype.csv.32.6.vc.R 
Integer vector compression time: 0.0658
==== Ans-fold compression
Command: /home/louza/mm-repair/ans/encode.x /mnt/data/datasets/machine-learning-matrices-split/covtype.csv.32.6.vc.C 
Ans-fold time: 0.3975
==== Integer vector .C compression
Command: /home/louza/mm-repair/sdsl/encode.x /mnt/data/datasets/machine-learning-matrices-split/covtype.csv.32.7.vc.C 
==== Integer vector .R compression
Command: /home/louza/mm-repair/sdsl/encode.x /mnt/data/datasets/machine-learning-matrices-split/covtype.csv.32.7.vc.R 
Integer vector compression time: 0.1042
==== Ans-fold compression
Command: /home/louza/mm-repair/ans/encode.x /mnt/data/datasets/machine-learning-matrices-split/covtype.csv.32.7.vc.C 
Ans-fold time: 0.5228
==== Integer vector .C compression
Command: /home/louza/mm-repair/sdsl/encode.x /mnt/data/datasets/machine-learning-matrices-split/covtype.csv.32.8.vc.C 
==== Integer vector .R compression
Command: /home/louza/mm-repair/sdsl/encode.x /mnt/data/datasets/machine-learning-matrices-split/covtype.csv.32.8.vc.R 
Integer vector compression time: 0.2056
==== Ans-fold compression
Command: /home/louza/mm-repair/ans/encode.x /mnt/data/datasets/machine-learning-matrices-split/covtype.csv.32.8.vc.C 
Ans-fold time: 0.5508
==== Integer vector .C compression
Command: /home/louza/mm-repair/sdsl/encode.x /mnt/data/datasets/machine-learning-matrices-split/covtype.csv.32.9.vc.C 
==== Integer vector .R compression
Command: /home/louza/mm-repair/sdsl/encode.x /mnt/data/datasets/machine-learning-matrices-split/covtype.csv.32.9.vc.R 
Integer vector compression time: 0.1619
==== Ans-fold compression
Command: /home/louza/mm-repair/ans/encode.x /mnt/data/datasets/machine-learning-matrices-split/covtype.csv.32.9.vc.C 
Ans-fold time: 0.7223
==== Integer vector .C compression
Command: /home/louza/mm-repair/sdsl/encode.x /mnt/data/datasets/machine-learning-matrices-split/covtype.csv.32.10.vc.C 
==== Integer vector .R compression
Command: /home/louza/mm-repair/sdsl/encode.x /mnt/data/datasets/machine-learning-matrices-split/covtype.csv.32.10.vc.R 
Integer vector compression time: 0.0755
==== Ans-fold compression
Command: /home/louza/mm-repair/ans/encode.x /mnt/data/datasets/machine-learning-matrices-split/covtype.csv.32.10.vc.C 
Ans-fold time: 0.7448
==== Integer vector .C compression
Command: /home/louza/mm-repair/sdsl/encode.x /mnt/data/datasets/machine-learning-matrices-split/covtype.csv.32.11.vc.C 
==== Integer vector .R compression
Command: /home/louza/mm-repair/sdsl/encode.x /mnt/data/datasets/machine-learning-matrices-split/covtype.csv.32.11.vc.R 
Integer vector compression time: 0.1408
==== Ans-fold compression
Command: /home/louza/mm-repair/ans/encode.x /mnt/data/datasets/machine-learning-matrices-split/covtype.csv.32.11.vc.C 
Ans-fold time: 0.7827
==== Integer vector .C compression
Command: /home/louza/mm-repair/sdsl/encode.x /mnt/data/datasets/machine-learning-matrices-split/covtype.csv.32.12.vc.C 
==== Integer vector .R compression
Command: /home/louza/mm-repair/sdsl/encode.x /mnt/data/datasets/machine-learning-matrices-split/covtype.csv.32.12.vc.R 
Integer vector compression time: 0.0614
==== Ans-fold compression
Command: /home/louza/mm-repair/ans/encode.x /mnt/data/datasets/machine-learning-matrices-split/covtype.csv.32.12.vc.C 
Ans-fold time: 0.8178
==== Integer vector .C compression
Command: /home/louza/mm-repair/sdsl/encode.x /mnt/data/datasets/machine-learning-matrices-split/covtype.csv.32.13.vc.C 
==== Integer vector .R compression
Command: /home/louza/mm-repair/sdsl/encode.x /mnt/data/datasets/machine-learning-matrices-split/covtype.csv.32.13.vc.R 
Integer vector compression time: 0.0584
==== Ans-fold compression
Command: /home/louza/mm-repair/ans/encode.x /mnt/data/datasets/machine-learning-matrices-split/covtype.csv.32.13.vc.C 
Ans-fold time: 0.8405
==== Integer vector .C compression
Command: /home/louza/mm-repair/sdsl/encode.x /mnt/data/datasets/machine-learning-matrices-split/covtype.csv.32.14.vc.C 
==== Integer vector .R compression
Command: /home/louza/mm-repair/sdsl/encode.x /mnt/data/datasets/machine-learning-matrices-split/covtype.csv.32.14.vc.R 
Integer vector compression time: 0.2013
==== Ans-fold compression
Command: /home/louza/mm-repair/ans/encode.x /mnt/data/datasets/machine-learning-matrices-split/covtype.csv.32.14.vc.C 
Ans-fold time: 0.8676
==== Integer vector .C compression
Command: /home/louza/mm-repair/sdsl/encode.x /mnt/data/datasets/machine-learning-matrices-split/covtype.csv.32.15.vc.C 
==== Integer vector .R compression
Command: /home/louza/mm-repair/sdsl/encode.x /mnt/data/datasets/machine-learning-matrices-split/covtype.csv.32.15.vc.R 
Integer vector compression time: 0.0407
==== Ans-fold compression
Command: /home/louza/mm-repair/ans/encode.x /mnt/data/datasets/machine-learning-matrices-split/covtype.csv.32.15.vc.C 
Ans-fold time: 0.8903
==== Integer vector .C compression
Command: /home/louza/mm-repair/sdsl/encode.x /mnt/data/datasets/machine-learning-matrices-split/covtype.csv.32.16.vc.C 
==== Integer vector .R compression
Command: /home/louza/mm-repair/sdsl/encode.x /mnt/data/datasets/machine-learning-matrices-split/covtype.csv.32.16.vc.R 
Integer vector compression time: 0.0638
==== Ans-fold compression
Command: /home/louza/mm-repair/ans/encode.x /mnt/data/datasets/machine-learning-matrices-split/covtype.csv.32.16.vc.C 
Ans-fold time: 0.9122
==== Integer vector .C compression
Command: /home/louza/mm-repair/sdsl/encode.x /mnt/data/datasets/machine-learning-matrices-split/covtype.csv.32.17.vc.C 
==== Integer vector .R compression
Command: /home/louza/mm-repair/sdsl/encode.x /mnt/data/datasets/machine-learning-matrices-split/covtype.csv.32.17.vc.R 
Integer vector compression time: 0.0664
==== Ans-fold compression
Command: /home/louza/mm-repair/ans/encode.x /mnt/data/datasets/machine-learning-matrices-split/covtype.csv.32.17.vc.C 
Ans-fold time: 0.9482
==== Integer vector .C compression
Command: /home/louza/mm-repair/sdsl/encode.x /mnt/data/datasets/machine-learning-matrices-split/covtype.csv.32.18.vc.C 
==== Integer vector .R compression
Command: /home/louza/mm-repair/sdsl/encode.x /mnt/data/datasets/machine-learning-matrices-split/covtype.csv.32.18.vc.R 
Integer vector compression time: 0.0460
==== Ans-fold compression
Command: /home/louza/mm-repair/ans/encode.x /mnt/data/datasets/machine-learning-matrices-split/covtype.csv.32.18.vc.C 
Ans-fold time: 0.9686
==== Integer vector .C compression
Command: /home/louza/mm-repair/sdsl/encode.x /mnt/data/datasets/machine-learning-matrices-split/covtype.csv.32.19.vc.C 
==== Integer vector .R compression
Command: /home/louza/mm-repair/sdsl/encode.x /mnt/data/datasets/machine-learning-matrices-split/covtype.csv.32.19.vc.R 
Integer vector compression time: 0.0766
==== Ans-fold compression
Command: /home/louza/mm-repair/ans/encode.x /mnt/data/datasets/machine-learning-matrices-split/covtype.csv.32.19.vc.C 
Ans-fold time: 0.9899
==== Integer vector .C compression
Command: /home/louza/mm-repair/sdsl/encode.x /mnt/data/datasets/machine-learning-matrices-split/covtype.csv.32.20.vc.C 
==== Integer vector .R compression
Command: /home/louza/mm-repair/sdsl/encode.x /mnt/data/datasets/machine-learning-matrices-split/covtype.csv.32.20.vc.R 
Integer vector compression time: 0.0462
==== Ans-fold compression
Command: /home/louza/mm-repair/ans/encode.x /mnt/data/datasets/machine-learning-matrices-split/covtype.csv.32.20.vc.C 
Ans-fold time: 1.0177
==== Integer vector .C compression
Command: /home/louza/mm-repair/sdsl/encode.x /mnt/data/datasets/machine-learning-matrices-split/covtype.csv.32.21.vc.C 
==== Integer vector .R compression
Command: /home/louza/mm-repair/sdsl/encode.x /mnt/data/datasets/machine-learning-matrices-split/covtype.csv.32.21.vc.R 
Integer vector compression time: 0.0431
==== Ans-fold compression
Command: /home/louza/mm-repair/ans/encode.x /mnt/data/datasets/machine-learning-matrices-split/covtype.csv.32.21.vc.C 
Ans-fold time: 1.0440
==== Integer vector .C compression
Command: /home/louza/mm-repair/sdsl/encode.x /mnt/data/datasets/machine-learning-matrices-split/covtype.csv.32.22.vc.C 
==== Integer vector .R compression
Command: /home/louza/mm-repair/sdsl/encode.x /mnt/data/datasets/machine-learning-matrices-split/covtype.csv.32.22.vc.R 
Integer vector compression time: 0.0557
==== Ans-fold compression
Command: /home/louza/mm-repair/ans/encode.x /mnt/data/datasets/machine-learning-matrices-split/covtype.csv.32.22.vc.C 
Ans-fold time: 1.0630
==== Integer vector .C compression
Command: /home/louza/mm-repair/sdsl/encode.x /mnt/data/datasets/machine-learning-matrices-split/covtype.csv.32.23.vc.C 
==== Integer vector .R compression
Command: /home/louza/mm-repair/sdsl/encode.x /mnt/data/datasets/machine-learning-matrices-split/covtype.csv.32.23.vc.R 
Integer vector compression time: 0.0443
==== Ans-fold compression
Command: /home/louza/mm-repair/ans/encode.x /mnt/data/datasets/machine-learning-matrices-split/covtype.csv.32.23.vc.C 
Ans-fold time: 1.0791
==== Integer vector .C compression
Command: /home/louza/mm-repair/sdsl/encode.x /mnt/data/datasets/machine-learning-matrices-split/covtype.csv.32.24.vc.C 
==== Integer vector .R compression
Command: /home/louza/mm-repair/sdsl/encode.x /mnt/data/datasets/machine-learning-matrices-split/covtype.csv.32.24.vc.R 
Integer vector compression time: 0.0825
==== Ans-fold compression
Command: /home/louza/mm-repair/ans/encode.x /mnt/data/datasets/machine-learning-matrices-split/covtype.csv.32.24.vc.C 
Ans-fold time: 1.1006
==== Integer vector .C compression
Command: /home/louza/mm-repair/sdsl/encode.x /mnt/data/datasets/machine-learning-matrices-split/covtype.csv.32.25.vc.C 
==== Integer vector .R compression
Command: /home/louza/mm-repair/sdsl/encode.x /mnt/data/datasets/machine-learning-matrices-split/covtype.csv.32.25.vc.R 
Integer vector compression time: 0.0402
==== Ans-fold compression
Command: /home/louza/mm-repair/ans/encode.x /mnt/data/datasets/machine-learning-matrices-split/covtype.csv.32.25.vc.C 
Ans-fold time: 1.1438
==== Integer vector .C compression
Command: /home/louza/mm-repair/sdsl/encode.x /mnt/data/datasets/machine-learning-matrices-split/covtype.csv.32.26.vc.C 
==== Integer vector .R compression
Command: /home/louza/mm-repair/sdsl/encode.x /mnt/data/datasets/machine-learning-matrices-split/covtype.csv.32.26.vc.R 
Integer vector compression time: 0.0596
==== Ans-fold compression
Command: /home/louza/mm-repair/ans/encode.x /mnt/data/datasets/machine-learning-matrices-split/covtype.csv.32.26.vc.C 
Ans-fold time: 1.1620
==== Integer vector .C compression
Command: /home/louza/mm-repair/sdsl/encode.x /mnt/data/datasets/machine-learning-matrices-split/covtype.csv.32.27.vc.C 
==== Integer vector .R compression
Command: /home/louza/mm-repair/sdsl/encode.x /mnt/data/datasets/machine-learning-matrices-split/covtype.csv.32.27.vc.R 
Integer vector compression time: 0.0592
==== Ans-fold compression
Command: /home/louza/mm-repair/ans/encode.x /mnt/data/datasets/machine-learning-matrices-split/covtype.csv.32.27.vc.C 
Ans-fold time: 1.4521
==== Integer vector .C compression
Command: /home/louza/mm-repair/sdsl/encode.x /mnt/data/datasets/machine-learning-matrices-split/covtype.csv.32.28.vc.C 
==== Integer vector .R compression
Command: /home/louza/mm-repair/sdsl/encode.x /mnt/data/datasets/machine-learning-matrices-split/covtype.csv.32.28.vc.R 
Integer vector compression time: 0.4543
==== Ans-fold compression
Command: /home/louza/mm-repair/ans/encode.x /mnt/data/datasets/machine-learning-matrices-split/covtype.csv.32.28.vc.C 
Ans-fold time: 1.6170
==== Integer vector .C compression
Command: /home/louza/mm-repair/sdsl/encode.x /mnt/data/datasets/machine-learning-matrices-split/covtype.csv.32.29.vc.C 
==== Integer vector .R compression
Command: /home/louza/mm-repair/sdsl/encode.x /mnt/data/datasets/machine-learning-matrices-split/covtype.csv.32.29.vc.R 
Integer vector compression time: 0.1266
==== Ans-fold compression
Command: /home/louza/mm-repair/ans/encode.x /mnt/data/datasets/machine-learning-matrices-split/covtype.csv.32.29.vc.C 
Ans-fold time: 1.7841
==== Integer vector .C compression
Command: /home/louza/mm-repair/sdsl/encode.x /mnt/data/datasets/machine-learning-matrices-split/covtype.csv.32.30.vc.C 
==== Integer vector .R compression
Command: /home/louza/mm-repair/sdsl/encode.x /mnt/data/datasets/machine-learning-matrices-split/covtype.csv.32.30.vc.R 
Integer vector compression time: 0.1391
==== Ans-fold compression
Command: /home/louza/mm-repair/ans/encode.x /mnt/data/datasets/machine-learning-matrices-split/covtype.csv.32.30.vc.C 
Ans-fold time: 1.8173
==== Integer vector .C compression
Command: /home/louza/mm-repair/sdsl/encode.x /mnt/data/datasets/machine-learning-matrices-split/covtype.csv.32.31.vc.C 
==== Integer vector .R compression
Command: /home/louza/mm-repair/sdsl/encode.x /mnt/data/datasets/machine-learning-matrices-split/covtype.csv.32.31.vc.R 
Integer vector compression time: 0.0447
==== Ans-fold compression
Command: /home/louza/mm-repair/ans/encode.x /mnt/data/datasets/machine-learning-matrices-split/covtype.csv.32.31.vc.C 
Ans-fold time: 1.8363
Command: /home/louza/mm-repair/ans/encode.x /mnt/data/datasets/machine-learning-matrices-split/covtype.csv.wcode 
Elapsed time: 11.0816
==== Compression Report:
 >> matrix name: /mnt/data/datasets/machine-learning-matrices-split/covtype.csv
 >> conversion time: 5.18
 >> repair time: 0.69
 >> integer vectors time: 0.04
 >> ansf time: 1.84
 >> total time: 11.08
 >> wcode: 63808 bytes
 >> wcode_ans: 5738 bytes
 >> matrix log(alpha)xNumEntries size: 50983803 bytes
 >> matrix dense size: 250997184 bytes
 >> total number of nonzero: 6901775 (22.00%)
 >> number of distinct nonzero: 6682
 >> CRSV  size: 29984604 bytes  (11.95%)
 >> RE32  size: 23422752 bytes  (9.33%)
 >> REIV  size: 11334032 bytes  (4.52%)
 >> REANS size: 9931621 bytes  (3.96%)
==== Done

#### 2026-09-07 10:50:02
 Command line: ./mm-repair/matrepair -r -b 32 -p 32 /mnt/data/datasets/machine-learning-matrices-split/covtype.csv 581012 54 --split 
Setting memory for each repair instance to 14501 MBs
Sending logging messages to file: /mnt/data/datasets/machine-learning-matrices-split/covtype.csv.log
==== Conversion bin/csv->csrv
Command: /home/louza/mm-repair/csvmat2csrv -b 32   /mnt/data/datasets/machine-learning-matrices-split/covtype.csv -r 0  -s 581012 54
Conversion time: 9.9689
==== Repair paralell compression
---- Executing 32 parallel processes
---- Parallel processing completed
Repair time: 0.1822
==== Integer vector .C compression
Command: /home/louza/mm-repair/sdsl/encode.x /mnt/data/datasets/machine-learning-matrices-split/covtype.csv.32.0.A.vc.C 
==== Integer vector .R compression
Command: /home/louza/mm-repair/sdsl/encode.x /mnt/data/datasets/machine-learning-matrices-split/covtype.csv.32.0.A.vc.R 
Integer vector compression time: 0.0285
==== Ans-fold compression
Command: /home/louza/mm-repair/ans/encode.x /mnt/data/datasets/machine-learning-matrices-split/covtype.csv.32.0.A.vc.C 
Command: /home/louza/mm-repair/ans/encode.x /mnt/data/datasets/machine-learning-matrices-split/covtype.csv.32.0.B.vc
Ans-fold time: 0.0224
==== Integer vector .C compression
Command: /home/louza/mm-repair/sdsl/encode.x /mnt/data/datasets/machine-learning-matrices-split/covtype.csv.32.1.A.vc.C 
==== Integer vector .R compression
Command: /home/louza/mm-repair/sdsl/encode.x /mnt/data/datasets/machine-learning-matrices-split/covtype.csv.32.1.A.vc.R 
Integer vector compression time: 0.0303
==== Ans-fold compression
Command: /home/louza/mm-repair/ans/encode.x /mnt/data/datasets/machine-learning-matrices-split/covtype.csv.32.1.A.vc.C 
Command: /home/louza/mm-repair/ans/encode.x /mnt/data/datasets/machine-learning-matrices-split/covtype.csv.32.1.B.vc
Ans-fold time: 0.0395
==== Integer vector .C compression
Command: /home/louza/mm-repair/sdsl/encode.x /mnt/data/datasets/machine-learning-matrices-split/covtype.csv.32.2.A.vc.C 
==== Integer vector .R compression
Command: /home/louza/mm-repair/sdsl/encode.x /mnt/data/datasets/machine-learning-matrices-split/covtype.csv.32.2.A.vc.R 
Integer vector compression time: 0.0310
==== Ans-fold compression
Command: /home/louza/mm-repair/ans/encode.x /mnt/data/datasets/machine-learning-matrices-split/covtype.csv.32.2.A.vc.C 
Command: /home/louza/mm-repair/ans/encode.x /mnt/data/datasets/machine-learning-matrices-split/covtype.csv.32.2.B.vc
Ans-fold time: 0.0600
==== Integer vector .C compression
Command: /home/louza/mm-repair/sdsl/encode.x /mnt/data/datasets/machine-learning-matrices-split/covtype.csv.32.3.A.vc.C 
==== Integer vector .R compression
Command: /home/louza/mm-repair/sdsl/encode.x /mnt/data/datasets/machine-learning-matrices-split/covtype.csv.32.3.A.vc.R 
Integer vector compression time: 0.0355
==== Ans-fold compression
Command: /home/louza/mm-repair/ans/encode.x /mnt/data/datasets/machine-learning-matrices-split/covtype.csv.32.3.A.vc.C 
Command: /home/louza/mm-repair/ans/encode.x /mnt/data/datasets/machine-learning-matrices-split/covtype.csv.32.3.B.vc
Ans-fold time: 0.0757
==== Integer vector .C compression
Command: /home/louza/mm-repair/sdsl/encode.x /mnt/data/datasets/machine-learning-matrices-split/covtype.csv.32.4.A.vc.C 
==== Integer vector .R compression
Command: /home/louza/mm-repair/sdsl/encode.x /mnt/data/datasets/machine-learning-matrices-split/covtype.csv.32.4.A.vc.R 
Integer vector compression time: 0.0323
==== Ans-fold compression
Command: /home/louza/mm-repair/ans/encode.x /mnt/data/datasets/machine-learning-matrices-split/covtype.csv.32.4.A.vc.C 
Command: /home/louza/mm-repair/ans/encode.x /mnt/data/datasets/machine-learning-matrices-split/covtype.csv.32.4.B.vc
Ans-fold time: 0.1859
==== Integer vector .C compression
Command: /home/louza/mm-repair/sdsl/encode.x /mnt/data/datasets/machine-learning-matrices-split/covtype.csv.32.5.A.vc.C 
==== Integer vector .R compression
Command: /home/louza/mm-repair/sdsl/encode.x /mnt/data/datasets/machine-learning-matrices-split/covtype.csv.32.5.A.vc.R 
Integer vector compression time: 0.0297
==== Ans-fold compression
Command: /home/louza/mm-repair/ans/encode.x /mnt/data/datasets/machine-learning-matrices-split/covtype.csv.32.5.A.vc.C 
Command: /home/louza/mm-repair/ans/encode.x /mnt/data/datasets/machine-learning-matrices-split/covtype.csv.32.5.B.vc
Ans-fold time: 0.2016
==== Integer vector .C compression
Command: /home/louza/mm-repair/sdsl/encode.x /mnt/data/datasets/machine-learning-matrices-split/covtype.csv.32.6.A.vc.C 
==== Integer vector .R compression
Command: /home/louza/mm-repair/sdsl/encode.x /mnt/data/datasets/machine-learning-matrices-split/covtype.csv.32.6.A.vc.R 
Integer vector compression time: 0.0295
==== Ans-fold compression
Command: /home/louza/mm-repair/ans/encode.x /mnt/data/datasets/machine-learning-matrices-split/covtype.csv.32.6.A.vc.C 
Command: /home/louza/mm-repair/ans/encode.x /mnt/data/datasets/machine-learning-matrices-split/covtype.csv.32.6.B.vc
Ans-fold time: 0.2169
==== Integer vector .C compression
Command: /home/louza/mm-repair/sdsl/encode.x /mnt/data/datasets/machine-learning-matrices-split/covtype.csv.32.7.A.vc.C 
==== Integer vector .R compression
Command: /home/louza/mm-repair/sdsl/encode.x /mnt/data/datasets/machine-learning-matrices-split/covtype.csv.32.7.A.vc.R 
Integer vector compression time: 0.0288
==== Ans-fold compression
Command: /home/louza/mm-repair/ans/encode.x /mnt/data/datasets/machine-learning-matrices-split/covtype.csv.32.7.A.vc.C 
Command: /home/louza/mm-repair/ans/encode.x /mnt/data/datasets/machine-learning-matrices-split/covtype.csv.32.7.B.vc
Ans-fold time: 0.2354
==== Integer vector .C compression
Command: /home/louza/mm-repair/sdsl/encode.x /mnt/data/datasets/machine-learning-matrices-split/covtype.csv.32.8.A.vc.C 
==== Integer vector .R compression
Command: /home/louza/mm-repair/sdsl/encode.x /mnt/data/datasets/machine-learning-matrices-split/covtype.csv.32.8.A.vc.R 
Integer vector compression time: 0.0278
==== Ans-fold compression
Command: /home/louza/mm-repair/ans/encode.x /mnt/data/datasets/machine-learning-matrices-split/covtype.csv.32.8.A.vc.C 
Command: /home/louza/mm-repair/ans/encode.x /mnt/data/datasets/machine-learning-matrices-split/covtype.csv.32.8.B.vc
Ans-fold time: 0.2521
==== Integer vector .C compression
Command: /home/louza/mm-repair/sdsl/encode.x /mnt/data/datasets/machine-learning-matrices-split/covtype.csv.32.9.A.vc.C 
==== Integer vector .R compression
Command: /home/louza/mm-repair/sdsl/encode.x /mnt/data/datasets/machine-learning-matrices-split/covtype.csv.32.9.A.vc.R 
Integer vector compression time: 0.0293
==== Ans-fold compression
Command: /home/louza/mm-repair/ans/encode.x /mnt/data/datasets/machine-learning-matrices-split/covtype.csv.32.9.A.vc.C 
Command: /home/louza/mm-repair/ans/encode.x /mnt/data/datasets/machine-learning-matrices-split/covtype.csv.32.9.B.vc
Ans-fold time: 0.2682
==== Integer vector .C compression
Command: /home/louza/mm-repair/sdsl/encode.x /mnt/data/datasets/machine-learning-matrices-split/covtype.csv.32.10.A.vc.C 
==== Integer vector .R compression
Command: /home/louza/mm-repair/sdsl/encode.x /mnt/data/datasets/machine-learning-matrices-split/covtype.csv.32.10.A.vc.R 
Integer vector compression time: 0.0256
==== Ans-fold compression
Command: /home/louza/mm-repair/ans/encode.x /mnt/data/datasets/machine-learning-matrices-split/covtype.csv.32.10.A.vc.C 
Command: /home/louza/mm-repair/ans/encode.x /mnt/data/datasets/machine-learning-matrices-split/covtype.csv.32.10.B.vc
Ans-fold time: 0.2832
==== Integer vector .C compression
Command: /home/louza/mm-repair/sdsl/encode.x /mnt/data/datasets/machine-learning-matrices-split/covtype.csv.32.11.A.vc.C 
==== Integer vector .R compression
Command: /home/louza/mm-repair/sdsl/encode.x /mnt/data/datasets/machine-learning-matrices-split/covtype.csv.32.11.A.vc.R 
Integer vector compression time: 0.0265
==== Ans-fold compression
Command: /home/louza/mm-repair/ans/encode.x /mnt/data/datasets/machine-learning-matrices-split/covtype.csv.32.11.A.vc.C 
Command: /home/louza/mm-repair/ans/encode.x /mnt/data/datasets/machine-learning-matrices-split/covtype.csv.32.11.B.vc
Ans-fold time: 0.2980
==== Integer vector .C compression
Command: /home/louza/mm-repair/sdsl/encode.x /mnt/data/datasets/machine-learning-matrices-split/covtype.csv.32.12.A.vc.C 
==== Integer vector .R compression
Command: /home/louza/mm-repair/sdsl/encode.x /mnt/data/datasets/machine-learning-matrices-split/covtype.csv.32.12.A.vc.R 
Integer vector compression time: 0.0295
==== Ans-fold compression
Command: /home/louza/mm-repair/ans/encode.x /mnt/data/datasets/machine-learning-matrices-split/covtype.csv.32.12.A.vc.C 
Command: /home/louza/mm-repair/ans/encode.x /mnt/data/datasets/machine-learning-matrices-split/covtype.csv.32.12.B.vc
Ans-fold time: 0.3149
==== Integer vector .C compression
Command: /home/louza/mm-repair/sdsl/encode.x /mnt/data/datasets/machine-learning-matrices-split/covtype.csv.32.13.A.vc.C 
==== Integer vector .R compression
Command: /home/louza/mm-repair/sdsl/encode.x /mnt/data/datasets/machine-learning-matrices-split/covtype.csv.32.13.A.vc.R 
Integer vector compression time: 0.0309
==== Ans-fold compression
Command: /home/louza/mm-repair/ans/encode.x /mnt/data/datasets/machine-learning-matrices-split/covtype.csv.32.13.A.vc.C 
Command: /home/louza/mm-repair/ans/encode.x /mnt/data/datasets/machine-learning-matrices-split/covtype.csv.32.13.B.vc
Ans-fold time: 0.3309
==== Integer vector .C compression
Command: /home/louza/mm-repair/sdsl/encode.x /mnt/data/datasets/machine-learning-matrices-split/covtype.csv.32.14.A.vc.C 
==== Integer vector .R compression
Command: /home/louza/mm-repair/sdsl/encode.x /mnt/data/datasets/machine-learning-matrices-split/covtype.csv.32.14.A.vc.R 
Integer vector compression time: 0.0255
==== Ans-fold compression
Command: /home/louza/mm-repair/ans/encode.x /mnt/data/datasets/machine-learning-matrices-split/covtype.csv.32.14.A.vc.C 
Command: /home/louza/mm-repair/ans/encode.x /mnt/data/datasets/machine-learning-matrices-split/covtype.csv.32.14.B.vc
Ans-fold time: 0.3483
==== Integer vector .C compression
Command: /home/louza/mm-repair/sdsl/encode.x /mnt/data/datasets/machine-learning-matrices-split/covtype.csv.32.15.A.vc.C 
==== Integer vector .R compression
Command: /home/louza/mm-repair/sdsl/encode.x /mnt/data/datasets/machine-learning-matrices-split/covtype.csv.32.15.A.vc.R 
Integer vector compression time: 0.0317
==== Ans-fold compression
Command: /home/louza/mm-repair/ans/encode.x /mnt/data/datasets/machine-learning-matrices-split/covtype.csv.32.15.A.vc.C 
Command: /home/louza/mm-repair/ans/encode.x /mnt/data/datasets/machine-learning-matrices-split/covtype.csv.32.15.B.vc
Ans-fold time: 0.3662
==== Integer vector .C compression
Command: /home/louza/mm-repair/sdsl/encode.x /mnt/data/datasets/machine-learning-matrices-split/covtype.csv.32.16.A.vc.C 
==== Integer vector .R compression
Command: /home/louza/mm-repair/sdsl/encode.x /mnt/data/datasets/machine-learning-matrices-split/covtype.csv.32.16.A.vc.R 
Integer vector compression time: 0.0312
==== Ans-fold compression
Command: /home/louza/mm-repair/ans/encode.x /mnt/data/datasets/machine-learning-matrices-split/covtype.csv.32.16.A.vc.C 
Command: /home/louza/mm-repair/ans/encode.x /mnt/data/datasets/machine-learning-matrices-split/covtype.csv.32.16.B.vc
Ans-fold time: 0.3824
==== Integer vector .C compression
Command: /home/louza/mm-repair/sdsl/encode.x /mnt/data/datasets/machine-learning-matrices-split/covtype.csv.32.17.A.vc.C 
==== Integer vector .R compression
Command: /home/louza/mm-repair/sdsl/encode.x /mnt/data/datasets/machine-learning-matrices-split/covtype.csv.32.17.A.vc.R 
Integer vector compression time: 0.0334
==== Ans-fold compression
Command: /home/louza/mm-repair/ans/encode.x /mnt/data/datasets/machine-learning-matrices-split/covtype.csv.32.17.A.vc.C 
Command: /home/louza/mm-repair/ans/encode.x /mnt/data/datasets/machine-learning-matrices-split/covtype.csv.32.17.B.vc
Ans-fold time: 0.3979
==== Integer vector .C compression
Command: /home/louza/mm-repair/sdsl/encode.x /mnt/data/datasets/machine-learning-matrices-split/covtype.csv.32.18.A.vc.C 
==== Integer vector .R compression
Command: /home/louza/mm-repair/sdsl/encode.x /mnt/data/datasets/machine-learning-matrices-split/covtype.csv.32.18.A.vc.R 
Integer vector compression time: 0.0328
==== Ans-fold compression
Command: /home/louza/mm-repair/ans/encode.x /mnt/data/datasets/machine-learning-matrices-split/covtype.csv.32.18.A.vc.C 
Command: /home/louza/mm-repair/ans/encode.x /mnt/data/datasets/machine-learning-matrices-split/covtype.csv.32.18.B.vc
Ans-fold time: 0.4141
==== Integer vector .C compression
Command: /home/louza/mm-repair/sdsl/encode.x /mnt/data/datasets/machine-learning-matrices-split/covtype.csv.32.19.A.vc.C 
==== Integer vector .R compression
Command: /home/louza/mm-repair/sdsl/encode.x /mnt/data/datasets/machine-learning-matrices-split/covtype.csv.32.19.A.vc.R 
Integer vector compression time: 0.0302
==== Ans-fold compression
Command: /home/louza/mm-repair/ans/encode.x /mnt/data/datasets/machine-learning-matrices-split/covtype.csv.32.19.A.vc.C 
Command: /home/louza/mm-repair/ans/encode.x /mnt/data/datasets/machine-learning-matrices-split/covtype.csv.32.19.B.vc
Ans-fold time: 0.4293
==== Integer vector .C compression
Command: /home/louza/mm-repair/sdsl/encode.x /mnt/data/datasets/machine-learning-matrices-split/covtype.csv.32.20.A.vc.C 
==== Integer vector .R compression
Command: /home/louza/mm-repair/sdsl/encode.x /mnt/data/datasets/machine-learning-matrices-split/covtype.csv.32.20.A.vc.R 
Integer vector compression time: 0.0286
==== Ans-fold compression
Command: /home/louza/mm-repair/ans/encode.x /mnt/data/datasets/machine-learning-matrices-split/covtype.csv.32.20.A.vc.C 
Command: /home/louza/mm-repair/ans/encode.x /mnt/data/datasets/machine-learning-matrices-split/covtype.csv.32.20.B.vc
Ans-fold time: 0.4452
==== Integer vector .C compression
Command: /home/louza/mm-repair/sdsl/encode.x /mnt/data/datasets/machine-learning-matrices-split/covtype.csv.32.21.A.vc.C 
==== Integer vector .R compression
Command: /home/louza/mm-repair/sdsl/encode.x /mnt/data/datasets/machine-learning-matrices-split/covtype.csv.32.21.A.vc.R 
Integer vector compression time: 0.0258
==== Ans-fold compression
Command: /home/louza/mm-repair/ans/encode.x /mnt/data/datasets/machine-learning-matrices-split/covtype.csv.32.21.A.vc.C 
Command: /home/louza/mm-repair/ans/encode.x /mnt/data/datasets/machine-learning-matrices-split/covtype.csv.32.21.B.vc
Ans-fold time: 0.4596
==== Integer vector .C compression
Command: /home/louza/mm-repair/sdsl/encode.x /mnt/data/datasets/machine-learning-matrices-split/covtype.csv.32.22.A.vc.C 
==== Integer vector .R compression
Command: /home/louza/mm-repair/sdsl/encode.x /mnt/data/datasets/machine-learning-matrices-split/covtype.csv.32.22.A.vc.R 
Integer vector compression time: 0.0296
==== Ans-fold compression
Command: /home/louza/mm-repair/ans/encode.x /mnt/data/datasets/machine-learning-matrices-split/covtype.csv.32.22.A.vc.C 
Command: /home/louza/mm-repair/ans/encode.x /mnt/data/datasets/machine-learning-matrices-split/covtype.csv.32.22.B.vc
Ans-fold time: 0.4747
==== Integer vector .C compression
Command: /home/louza/mm-repair/sdsl/encode.x /mnt/data/datasets/machine-learning-matrices-split/covtype.csv.32.23.A.vc.C 
==== Integer vector .R compression
Command: /home/louza/mm-repair/sdsl/encode.x /mnt/data/datasets/machine-learning-matrices-split/covtype.csv.32.23.A.vc.R 
Integer vector compression time: 0.0299
==== Ans-fold compression
Command: /home/louza/mm-repair/ans/encode.x /mnt/data/datasets/machine-learning-matrices-split/covtype.csv.32.23.A.vc.C 
Command: /home/louza/mm-repair/ans/encode.x /mnt/data/datasets/machine-learning-matrices-split/covtype.csv.32.23.B.vc
Ans-fold time: 0.4900
==== Integer vector .C compression
Command: /home/louza/mm-repair/sdsl/encode.x /mnt/data/datasets/machine-learning-matrices-split/covtype.csv.32.24.A.vc.C 
==== Integer vector .R compression
Command: /home/louza/mm-repair/sdsl/encode.x /mnt/data/datasets/machine-learning-matrices-split/covtype.csv.32.24.A.vc.R 
Integer vector compression time: 0.0300
==== Ans-fold compression
Command: /home/louza/mm-repair/ans/encode.x /mnt/data/datasets/machine-learning-matrices-split/covtype.csv.32.24.A.vc.C 
Command: /home/louza/mm-repair/ans/encode.x /mnt/data/datasets/machine-learning-matrices-split/covtype.csv.32.24.B.vc
Ans-fold time: 0.5058
==== Integer vector .C compression
Command: /home/louza/mm-repair/sdsl/encode.x /mnt/data/datasets/machine-learning-matrices-split/covtype.csv.32.25.A.vc.C 
==== Integer vector .R compression
Command: /home/louza/mm-repair/sdsl/encode.x /mnt/data/datasets/machine-learning-matrices-split/covtype.csv.32.25.A.vc.R 
Integer vector compression time: 0.0273
==== Ans-fold compression
Command: /home/louza/mm-repair/ans/encode.x /mnt/data/datasets/machine-learning-matrices-split/covtype.csv.32.25.A.vc.C 
Command: /home/louza/mm-repair/ans/encode.x /mnt/data/datasets/machine-learning-matrices-split/covtype.csv.32.25.B.vc
Ans-fold time: 0.5259
==== Integer vector .C compression
Command: /home/louza/mm-repair/sdsl/encode.x /mnt/data/datasets/machine-learning-matrices-split/covtype.csv.32.26.A.vc.C 
==== Integer vector .R compression
Command: /home/louza/mm-repair/sdsl/encode.x /mnt/data/datasets/machine-learning-matrices-split/covtype.csv.32.26.A.vc.R 
Integer vector compression time: 0.0264
==== Ans-fold compression
Command: /home/louza/mm-repair/ans/encode.x /mnt/data/datasets/machine-learning-matrices-split/covtype.csv.32.26.A.vc.C 
Command: /home/louza/mm-repair/ans/encode.x /mnt/data/datasets/machine-learning-matrices-split/covtype.csv.32.26.B.vc
Ans-fold time: 0.5447
==== Integer vector .C compression
Command: /home/louza/mm-repair/sdsl/encode.x /mnt/data/datasets/machine-learning-matrices-split/covtype.csv.32.27.A.vc.C 
==== Integer vector .R compression
Command: /home/louza/mm-repair/sdsl/encode.x /mnt/data/datasets/machine-learning-matrices-split/covtype.csv.32.27.A.vc.R 
Integer vector compression time: 0.0308
==== Ans-fold compression
Command: /home/louza/mm-repair/ans/encode.x /mnt/data/datasets/machine-learning-matrices-split/covtype.csv.32.27.A.vc.C 
Command: /home/louza/mm-repair/ans/encode.x /mnt/data/datasets/machine-learning-matrices-split/covtype.csv.32.27.B.vc
Ans-fold time: 0.5607
==== Integer vector .C compression
Command: /home/louza/mm-repair/sdsl/encode.x /mnt/data/datasets/machine-learning-matrices-split/covtype.csv.32.28.A.vc.C 
==== Integer vector .R compression
Command: /home/louza/mm-repair/sdsl/encode.x /mnt/data/datasets/machine-learning-matrices-split/covtype.csv.32.28.A.vc.R 
Integer vector compression time: 0.0268
==== Ans-fold compression
Command: /home/louza/mm-repair/ans/encode.x /mnt/data/datasets/machine-learning-matrices-split/covtype.csv.32.28.A.vc.C 
Command: /home/louza/mm-repair/ans/encode.x /mnt/data/datasets/machine-learning-matrices-split/covtype.csv.32.28.B.vc
Ans-fold time: 0.5786
==== Integer vector .C compression
Command: /home/louza/mm-repair/sdsl/encode.x /mnt/data/datasets/machine-learning-matrices-split/covtype.csv.32.29.A.vc.C 
==== Integer vector .R compression
Command: /home/louza/mm-repair/sdsl/encode.x /mnt/data/datasets/machine-learning-matrices-split/covtype.csv.32.29.A.vc.R 
Integer vector compression time: 0.0290
==== Ans-fold compression
Command: /home/louza/mm-repair/ans/encode.x /mnt/data/datasets/machine-learning-matrices-split/covtype.csv.32.29.A.vc.C 
Command: /home/louza/mm-repair/ans/encode.x /mnt/data/datasets/machine-learning-matrices-split/covtype.csv.32.29.B.vc
Ans-fold time: 0.5992
==== Integer vector .C compression
Command: /home/louza/mm-repair/sdsl/encode.x /mnt/data/datasets/machine-learning-matrices-split/covtype.csv.32.30.A.vc.C 
==== Integer vector .R compression
Command: /home/louza/mm-repair/sdsl/encode.x /mnt/data/datasets/machine-learning-matrices-split/covtype.csv.32.30.A.vc.R 
Integer vector compression time: 0.0264
==== Ans-fold compression
Command: /home/louza/mm-repair/ans/encode.x /mnt/data/datasets/machine-learning-matrices-split/covtype.csv.32.30.A.vc.C 
Command: /home/louza/mm-repair/ans/encode.x /mnt/data/datasets/machine-learning-matrices-split/covtype.csv.32.30.B.vc
Ans-fold time: 0.6155
==== Integer vector .C compression
Command: /home/louza/mm-repair/sdsl/encode.x /mnt/data/datasets/machine-learning-matrices-split/covtype.csv.32.31.A.vc.C 
==== Integer vector .R compression
Command: /home/louza/mm-repair/sdsl/encode.x /mnt/data/datasets/machine-learning-matrices-split/covtype.csv.32.31.A.vc.R 
Integer vector compression time: 0.0261
==== Ans-fold compression
Command: /home/louza/mm-repair/ans/encode.x /mnt/data/datasets/machine-learning-matrices-split/covtype.csv.32.31.A.vc.C 
Command: /home/louza/mm-repair/ans/encode.x /mnt/data/datasets/machine-learning-matrices-split/covtype.csv.32.31.B.vc
Ans-fold time: 0.6336
Elapsed time: 11.7230
==== Compression Report:
 >> matrix name: /mnt/data/datasets/machine-learning-matrices-split/covtype.csv
 >> conversion time: 9.97
 >> repair time: 0.18
 >> integer vectors time: 0.03
 >> ansf time: 0.63
 >> total time: 11.72
 >> matrix log(alpha)xNumEntries size: 50983803 bytes
 >> matrix dense size: 250997184 bytes
 >> total number of nonzero: 4731054 (15.08%)
 >> number of distinct nonzero: 6682
 >> CRSV  size: 21301720 bytes  (8.49%)
 >> B	  size: 11006932 bytes  (4.39%)
 >> B_ans size: 5003875 bytes  (1.99%)
 >> RE32  size: 19666255 bytes  (7.84%)
 >> REIV  size: 13647523 bytes  (5.44%)
 >> REANS size: 12056819 bytes  (4.80%)
==== Done

#### 2026-09-07 10:50:14
 Command line: ./mm-repair/matrepair -r -b 32 -p 32 /mnt/data/datasets/machine-learning-matrices-split/covtype.csv 581012 54 --ole --mapping 
Setting memory for each repair instance to 14501 MBs
Sending logging messages to file: /mnt/data/datasets/machine-learning-matrices-split/covtype.csv.log
==== Conversion bin/csv->csrv
Command: /home/louza/mm-repair/csvmat2csrv -b 32   /mnt/data/datasets/machine-learning-matrices-split/covtype.csv -r 0 -m  581012 54
Conversion time: 4.8122
==== Repair paralell compression
---- Executing 32 parallel processes
---- Parallel processing completed
Repair time: 0.3847
==== Integer vector .C compression
Command: /home/louza/mm-repair/sdsl/encode.x /mnt/data/datasets/machine-learning-matrices-split/covtype.csv.32.0.vc.C 
==== Integer vector .R compression
Command: /home/louza/mm-repair/sdsl/encode.x /mnt/data/datasets/machine-learning-matrices-split/covtype.csv.32.0.vc.R 
Integer vector compression time: 0.1534
==== OLE
Command: /home/louza/mm-repair/ole/encode.x /mnt/data/datasets/machine-learning-matrices-split/covtype.csv.32.0.vc.C 
OLE time: 0.0143
==== Ans-fold compression
Command: /home/louza/mm-repair/ans/encode.x /mnt/data/datasets/machine-learning-matrices-split/covtype.csv.32.0.vc.C 
Ans-fold time: 0.0228
==== Integer vector .C compression
Command: /home/louza/mm-repair/sdsl/encode.x /mnt/data/datasets/machine-learning-matrices-split/covtype.csv.32.1.vc.C 
==== Integer vector .R compression
Command: /home/louza/mm-repair/sdsl/encode.x /mnt/data/datasets/machine-learning-matrices-split/covtype.csv.32.1.vc.R 
Integer vector compression time: 0.0567
==== OLE
Command: /home/louza/mm-repair/ole/encode.x /mnt/data/datasets/machine-learning-matrices-split/covtype.csv.32.1.vc.C 
OLE time: 0.2875
==== Ans-fold compression
Command: /home/louza/mm-repair/ans/encode.x /mnt/data/datasets/machine-learning-matrices-split/covtype.csv.32.1.vc.C 
Ans-fold time: 0.0682
==== Integer vector .C compression
Command: /home/louza/mm-repair/sdsl/encode.x /mnt/data/datasets/machine-learning-matrices-split/covtype.csv.32.2.vc.C 
==== Integer vector .R compression
Command: /home/louza/mm-repair/sdsl/encode.x /mnt/data/datasets/machine-learning-matrices-split/covtype.csv.32.2.vc.R 
Integer vector compression time: 0.0604
==== OLE
Command: /home/louza/mm-repair/ole/encode.x /mnt/data/datasets/machine-learning-matrices-split/covtype.csv.32.2.vc.C 
OLE time: 0.0431
==== Ans-fold compression
Command: /home/louza/mm-repair/ans/encode.x /mnt/data/datasets/machine-learning-matrices-split/covtype.csv.32.2.vc.C 
Ans-fold time: 0.1845
==== Integer vector .C compression
Command: /home/louza/mm-repair/sdsl/encode.x /mnt/data/datasets/machine-learning-matrices-split/covtype.csv.32.3.vc.C 
==== Integer vector .R compression
Command: /home/louza/mm-repair/sdsl/encode.x /mnt/data/datasets/machine-learning-matrices-split/covtype.csv.32.3.vc.R 
Integer vector compression time: 0.1487
==== OLE
Command: /home/louza/mm-repair/ole/encode.x /mnt/data/datasets/machine-learning-matrices-split/covtype.csv.32.3.vc.C 
OLE time: 0.1440
==== Ans-fold compression
Command: /home/louza/mm-repair/ans/encode.x /mnt/data/datasets/machine-learning-matrices-split/covtype.csv.32.3.vc.C 
Ans-fold time: 0.2899
==== Integer vector .C compression
Command: /home/louza/mm-repair/sdsl/encode.x /mnt/data/datasets/machine-learning-matrices-split/covtype.csv.32.4.vc.C 
==== Integer vector .R compression
Command: /home/louza/mm-repair/sdsl/encode.x /mnt/data/datasets/machine-learning-matrices-split/covtype.csv.32.4.vc.R 
Integer vector compression time: 0.1701
==== OLE
Command: /home/louza/mm-repair/ole/encode.x /mnt/data/datasets/machine-learning-matrices-split/covtype.csv.32.4.vc.C 
OLE time: 0.1479
==== Ans-fold compression
Command: /home/louza/mm-repair/ans/encode.x /mnt/data/datasets/machine-learning-matrices-split/covtype.csv.32.4.vc.C 
Ans-fold time: 0.3079
==== Integer vector .C compression
Command: /home/louza/mm-repair/sdsl/encode.x /mnt/data/datasets/machine-learning-matrices-split/covtype.csv.32.5.vc.C 
==== Integer vector .R compression
Command: /home/louza/mm-repair/sdsl/encode.x /mnt/data/datasets/machine-learning-matrices-split/covtype.csv.32.5.vc.R 
Integer vector compression time: 0.1602
==== OLE
Command: /home/louza/mm-repair/ole/encode.x /mnt/data/datasets/machine-learning-matrices-split/covtype.csv.32.5.vc.C 
OLE time: 0.0121
==== Ans-fold compression
Command: /home/louza/mm-repair/ans/encode.x /mnt/data/datasets/machine-learning-matrices-split/covtype.csv.32.5.vc.C 
Ans-fold time: 0.3429
==== Integer vector .C compression
Command: /home/louza/mm-repair/sdsl/encode.x /mnt/data/datasets/machine-learning-matrices-split/covtype.csv.32.6.vc.C 
==== Integer vector .R compression
Command: /home/louza/mm-repair/sdsl/encode.x /mnt/data/datasets/machine-learning-matrices-split/covtype.csv.32.6.vc.R 
Integer vector compression time: 0.0480
==== OLE
Command: /home/louza/mm-repair/ole/encode.x /mnt/data/datasets/machine-learning-matrices-split/covtype.csv.32.6.vc.C 
OLE time: 0.0261
==== Ans-fold compression
Command: /home/louza/mm-repair/ans/encode.x /mnt/data/datasets/machine-learning-matrices-split/covtype.csv.32.6.vc.C 
Ans-fold time: 0.3591
==== Integer vector .C compression
Command: /home/louza/mm-repair/sdsl/encode.x /mnt/data/datasets/machine-learning-matrices-split/covtype.csv.32.7.vc.C 
==== Integer vector .R compression
Command: /home/louza/mm-repair/sdsl/encode.x /mnt/data/datasets/machine-learning-matrices-split/covtype.csv.32.7.vc.R 
Integer vector compression time: 0.1349
==== OLE
Command: /home/louza/mm-repair/ole/encode.x /mnt/data/datasets/machine-learning-matrices-split/covtype.csv.32.7.vc.C 
OLE time: 0.0116
==== Ans-fold compression
Command: /home/louza/mm-repair/ans/encode.x /mnt/data/datasets/machine-learning-matrices-split/covtype.csv.32.7.vc.C 
Ans-fold time: 0.3856
==== Integer vector .C compression
Command: /home/louza/mm-repair/sdsl/encode.x /mnt/data/datasets/machine-learning-matrices-split/covtype.csv.32.8.vc.C 
==== Integer vector .R compression
Command: /home/louza/mm-repair/sdsl/encode.x /mnt/data/datasets/machine-learning-matrices-split/covtype.csv.32.8.vc.R 
Integer vector compression time: 0.0854
==== OLE
Command: /home/louza/mm-repair/ole/encode.x /mnt/data/datasets/machine-learning-matrices-split/covtype.csv.32.8.vc.C 
OLE time: 0.0192
==== Ans-fold compression
Command: /home/louza/mm-repair/ans/encode.x /mnt/data/datasets/machine-learning-matrices-split/covtype.csv.32.8.vc.C 
Ans-fold time: 0.4016
==== Integer vector .C compression
Command: /home/louza/mm-repair/sdsl/encode.x /mnt/data/datasets/machine-learning-matrices-split/covtype.csv.32.9.vc.C 
==== Integer vector .R compression
Command: /home/louza/mm-repair/sdsl/encode.x /mnt/data/datasets/machine-learning-matrices-split/covtype.csv.32.9.vc.R 
Integer vector compression time: 0.2170
==== OLE
Command: /home/louza/mm-repair/ole/encode.x /mnt/data/datasets/machine-learning-matrices-split/covtype.csv.32.9.vc.C 
OLE time: 0.0134
==== Ans-fold compression
Command: /home/louza/mm-repair/ans/encode.x /mnt/data/datasets/machine-learning-matrices-split/covtype.csv.32.9.vc.C 
Ans-fold time: 0.4895
==== Integer vector .C compression
Command: /home/louza/mm-repair/sdsl/encode.x /mnt/data/datasets/machine-learning-matrices-split/covtype.csv.32.10.vc.C 
==== Integer vector .R compression
Command: /home/louza/mm-repair/sdsl/encode.x /mnt/data/datasets/machine-learning-matrices-split/covtype.csv.32.10.vc.R 
Integer vector compression time: 0.2507
==== OLE
Command: /home/louza/mm-repair/ole/encode.x /mnt/data/datasets/machine-learning-matrices-split/covtype.csv.32.10.vc.C 
OLE time: 0.0690
==== Ans-fold compression
Command: /home/louza/mm-repair/ans/encode.x /mnt/data/datasets/machine-learning-matrices-split/covtype.csv.32.10.vc.C 
Ans-fold time: 0.5807
==== Integer vector .C compression
Command: /home/louza/mm-repair/sdsl/encode.x /mnt/data/datasets/machine-learning-matrices-split/covtype.csv.32.11.vc.C 
==== Integer vector .R compression
Command: /home/louza/mm-repair/sdsl/encode.x /mnt/data/datasets/machine-learning-matrices-split/covtype.csv.32.11.vc.R 
Integer vector compression time: 0.3120
==== OLE
Command: /home/louza/mm-repair/ole/encode.x /mnt/data/datasets/machine-learning-matrices-split/covtype.csv.32.11.vc.C 
OLE time: 0.1500
==== Ans-fold compression
Command: /home/louza/mm-repair/ans/encode.x /mnt/data/datasets/machine-learning-matrices-split/covtype.csv.32.11.vc.C 
Ans-fold time: 0.6411
==== Integer vector .C compression
Command: /home/louza/mm-repair/sdsl/encode.x /mnt/data/datasets/machine-learning-matrices-split/covtype.csv.32.12.vc.C 
==== Integer vector .R compression
Command: /home/louza/mm-repair/sdsl/encode.x /mnt/data/datasets/machine-learning-matrices-split/covtype.csv.32.12.vc.R 
Integer vector compression time: 0.0953
==== OLE
Command: /home/louza/mm-repair/ole/encode.x /mnt/data/datasets/machine-learning-matrices-split/covtype.csv.32.12.vc.C 
OLE time: 0.0635
==== Ans-fold compression
Command: /home/louza/mm-repair/ans/encode.x /mnt/data/datasets/machine-learning-matrices-split/covtype.csv.32.12.vc.C 
Ans-fold time: 0.6881
==== Integer vector .C compression
Command: /home/louza/mm-repair/sdsl/encode.x /mnt/data/datasets/machine-learning-matrices-split/covtype.csv.32.13.vc.C 
==== Integer vector .R compression
Command: /home/louza/mm-repair/sdsl/encode.x /mnt/data/datasets/machine-learning-matrices-split/covtype.csv.32.13.vc.R 
Integer vector compression time: 0.1620
==== OLE
Command: /home/louza/mm-repair/ole/encode.x /mnt/data/datasets/machine-learning-matrices-split/covtype.csv.32.13.vc.C 
OLE time: 0.0369
==== Ans-fold compression
Command: /home/louza/mm-repair/ans/encode.x /mnt/data/datasets/machine-learning-matrices-split/covtype.csv.32.13.vc.C 
Ans-fold time: 0.7345
==== Integer vector .C compression
Command: /home/louza/mm-repair/sdsl/encode.x /mnt/data/datasets/machine-learning-matrices-split/covtype.csv.32.14.vc.C 
==== Integer vector .R compression
Command: /home/louza/mm-repair/sdsl/encode.x /mnt/data/datasets/machine-learning-matrices-split/covtype.csv.32.14.vc.R 
Integer vector compression time: 0.0761
==== OLE
Command: /home/louza/mm-repair/ole/encode.x /mnt/data/datasets/machine-learning-matrices-split/covtype.csv.32.14.vc.C 
OLE time: 0.0113
==== Ans-fold compression
Command: /home/louza/mm-repair/ans/encode.x /mnt/data/datasets/machine-learning-matrices-split/covtype.csv.32.14.vc.C 
Ans-fold time: 0.7566
==== Integer vector .C compression
Command: /home/louza/mm-repair/sdsl/encode.x /mnt/data/datasets/machine-learning-matrices-split/covtype.csv.32.15.vc.C 
==== Integer vector .R compression
Command: /home/louza/mm-repair/sdsl/encode.x /mnt/data/datasets/machine-learning-matrices-split/covtype.csv.32.15.vc.R 
Integer vector compression time: 0.0659
==== OLE
Command: /home/louza/mm-repair/ole/encode.x /mnt/data/datasets/machine-learning-matrices-split/covtype.csv.32.15.vc.C 
OLE time: 0.0121
==== Ans-fold compression
Command: /home/louza/mm-repair/ans/encode.x /mnt/data/datasets/machine-learning-matrices-split/covtype.csv.32.15.vc.C 
Ans-fold time: 0.8076
==== Integer vector .C compression
Command: /home/louza/mm-repair/sdsl/encode.x /mnt/data/datasets/machine-learning-matrices-split/covtype.csv.32.16.vc.C 
==== Integer vector .R compression
Command: /home/louza/mm-repair/sdsl/encode.x /mnt/data/datasets/machine-learning-matrices-split/covtype.csv.32.16.vc.R 
Integer vector compression time: 0.0578
==== OLE
Command: /home/louza/mm-repair/ole/encode.x /mnt/data/datasets/machine-learning-matrices-split/covtype.csv.32.16.vc.C 
OLE time: 0.0239
==== Ans-fold compression
Command: /home/louza/mm-repair/ans/encode.x /mnt/data/datasets/machine-learning-matrices-split/covtype.csv.32.16.vc.C 
Ans-fold time: 0.8355
==== Integer vector .C compression
Command: /home/louza/mm-repair/sdsl/encode.x /mnt/data/datasets/machine-learning-matrices-split/covtype.csv.32.17.vc.C 
==== Integer vector .R compression
Command: /home/louza/mm-repair/sdsl/encode.x /mnt/data/datasets/machine-learning-matrices-split/covtype.csv.32.17.vc.R 
Integer vector compression time: 0.0587
==== OLE
Command: /home/louza/mm-repair/ole/encode.x /mnt/data/datasets/machine-learning-matrices-split/covtype.csv.32.17.vc.C 
OLE time: 0.0701
==== Ans-fold compression
Command: /home/louza/mm-repair/ans/encode.x /mnt/data/datasets/machine-learning-matrices-split/covtype.csv.32.17.vc.C 
Ans-fold time: 0.8549
==== Integer vector .C compression
Command: /home/louza/mm-repair/sdsl/encode.x /mnt/data/datasets/machine-learning-matrices-split/covtype.csv.32.18.vc.C 
==== Integer vector .R compression
Command: /home/louza/mm-repair/sdsl/encode.x /mnt/data/datasets/machine-learning-matrices-split/covtype.csv.32.18.vc.R 
Integer vector compression time: 0.0881
==== OLE
Command: /home/louza/mm-repair/ole/encode.x /mnt/data/datasets/machine-learning-matrices-split/covtype.csv.32.18.vc.C 
OLE time: 0.0143
==== Ans-fold compression
Command: /home/louza/mm-repair/ans/encode.x /mnt/data/datasets/machine-learning-matrices-split/covtype.csv.32.18.vc.C 
Ans-fold time: 0.8802
==== Integer vector .C compression
Command: /home/louza/mm-repair/sdsl/encode.x /mnt/data/datasets/machine-learning-matrices-split/covtype.csv.32.19.vc.C 
==== Integer vector .R compression
Command: /home/louza/mm-repair/sdsl/encode.x /mnt/data/datasets/machine-learning-matrices-split/covtype.csv.32.19.vc.R 
Integer vector compression time: 0.0663
==== OLE
Command: /home/louza/mm-repair/ole/encode.x /mnt/data/datasets/machine-learning-matrices-split/covtype.csv.32.19.vc.C 
OLE time: 0.0115
==== Ans-fold compression
Command: /home/louza/mm-repair/ans/encode.x /mnt/data/datasets/machine-learning-matrices-split/covtype.csv.32.19.vc.C 
Ans-fold time: 0.8998
==== Integer vector .C compression
Command: /home/louza/mm-repair/sdsl/encode.x /mnt/data/datasets/machine-learning-matrices-split/covtype.csv.32.20.vc.C 
==== Integer vector .R compression
Command: /home/louza/mm-repair/sdsl/encode.x /mnt/data/datasets/machine-learning-matrices-split/covtype.csv.32.20.vc.R 
Integer vector compression time: 0.0530
==== OLE
Command: /home/louza/mm-repair/ole/encode.x /mnt/data/datasets/machine-learning-matrices-split/covtype.csv.32.20.vc.C 
OLE time: 0.0217
==== Ans-fold compression
Command: /home/louza/mm-repair/ans/encode.x /mnt/data/datasets/machine-learning-matrices-split/covtype.csv.32.20.vc.C 
Ans-fold time: 0.9266
==== Integer vector .C compression
Command: /home/louza/mm-repair/sdsl/encode.x /mnt/data/datasets/machine-learning-matrices-split/covtype.csv.32.21.vc.C 
==== Integer vector .R compression
Command: /home/louza/mm-repair/sdsl/encode.x /mnt/data/datasets/machine-learning-matrices-split/covtype.csv.32.21.vc.R 
Integer vector compression time: 0.4500
==== OLE
Command: /home/louza/mm-repair/ole/encode.x /mnt/data/datasets/machine-learning-matrices-split/covtype.csv.32.21.vc.C 
OLE time: 0.0177
==== Ans-fold compression
Command: /home/louza/mm-repair/ans/encode.x /mnt/data/datasets/machine-learning-matrices-split/covtype.csv.32.21.vc.C 
Ans-fold time: 0.9623
==== Integer vector .C compression
Command: /home/louza/mm-repair/sdsl/encode.x /mnt/data/datasets/machine-learning-matrices-split/covtype.csv.32.22.vc.C 
==== Integer vector .R compression
Command: /home/louza/mm-repair/sdsl/encode.x /mnt/data/datasets/machine-learning-matrices-split/covtype.csv.32.22.vc.R 
Integer vector compression time: 0.0698
==== OLE
Command: /home/louza/mm-repair/ole/encode.x /mnt/data/datasets/machine-learning-matrices-split/covtype.csv.32.22.vc.C 
OLE time: 0.0199
==== Ans-fold compression
Command: /home/louza/mm-repair/ans/encode.x /mnt/data/datasets/machine-learning-matrices-split/covtype.csv.32.22.vc.C 
Ans-fold time: 1.0232
==== Integer vector .C compression
Command: /home/louza/mm-repair/sdsl/encode.x /mnt/data/datasets/machine-learning-matrices-split/covtype.csv.32.23.vc.C 
==== Integer vector .R compression
Command: /home/louza/mm-repair/sdsl/encode.x /mnt/data/datasets/machine-learning-matrices-split/covtype.csv.32.23.vc.R 
Integer vector compression time: 0.0585
==== OLE
Command: /home/louza/mm-repair/ole/encode.x /mnt/data/datasets/machine-learning-matrices-split/covtype.csv.32.23.vc.C 
OLE time: 0.0141
==== Ans-fold compression
Command: /home/louza/mm-repair/ans/encode.x /mnt/data/datasets/machine-learning-matrices-split/covtype.csv.32.23.vc.C 
Ans-fold time: 1.0757
==== Integer vector .C compression
Command: /home/louza/mm-repair/sdsl/encode.x /mnt/data/datasets/machine-learning-matrices-split/covtype.csv.32.24.vc.C 
==== Integer vector .R compression
Command: /home/louza/mm-repair/sdsl/encode.x /mnt/data/datasets/machine-learning-matrices-split/covtype.csv.32.24.vc.R 
Integer vector compression time: 0.0876
==== OLE
Command: /home/louza/mm-repair/ole/encode.x /mnt/data/datasets/machine-learning-matrices-split/covtype.csv.32.24.vc.C 
OLE time: 0.0266
==== Ans-fold compression
Command: /home/louza/mm-repair/ans/encode.x /mnt/data/datasets/machine-learning-matrices-split/covtype.csv.32.24.vc.C 
Ans-fold time: 1.1334
==== Integer vector .C compression
Command: /home/louza/mm-repair/sdsl/encode.x /mnt/data/datasets/machine-learning-matrices-split/covtype.csv.32.25.vc.C 
==== Integer vector .R compression
Command: /home/louza/mm-repair/sdsl/encode.x /mnt/data/datasets/machine-learning-matrices-split/covtype.csv.32.25.vc.R 
Integer vector compression time: 0.0740
==== OLE
Command: /home/louza/mm-repair/ole/encode.x /mnt/data/datasets/machine-learning-matrices-split/covtype.csv.32.25.vc.C 
OLE time: 0.2212
==== Ans-fold compression
Command: /home/louza/mm-repair/ans/encode.x /mnt/data/datasets/machine-learning-matrices-split/covtype.csv.32.25.vc.C 
Ans-fold time: 1.3183
==== Integer vector .C compression
Command: /home/louza/mm-repair/sdsl/encode.x /mnt/data/datasets/machine-learning-matrices-split/covtype.csv.32.26.vc.C 
==== Integer vector .R compression
Command: /home/louza/mm-repair/sdsl/encode.x /mnt/data/datasets/machine-learning-matrices-split/covtype.csv.32.26.vc.R 
Integer vector compression time: 0.3557
==== OLE
Command: /home/louza/mm-repair/ole/encode.x /mnt/data/datasets/machine-learning-matrices-split/covtype.csv.32.26.vc.C 
OLE time: 0.1121
==== Ans-fold compression
Command: /home/louza/mm-repair/ans/encode.x /mnt/data/datasets/machine-learning-matrices-split/covtype.csv.32.26.vc.C 
Ans-fold time: 1.4566
==== Integer vector .C compression
Command: /home/louza/mm-repair/sdsl/encode.x /mnt/data/datasets/machine-learning-matrices-split/covtype.csv.32.27.vc.C 
==== Integer vector .R compression
Command: /home/louza/mm-repair/sdsl/encode.x /mnt/data/datasets/machine-learning-matrices-split/covtype.csv.32.27.vc.R 
Integer vector compression time: 0.3918
==== OLE
Command: /home/louza/mm-repair/ole/encode.x /mnt/data/datasets/machine-learning-matrices-split/covtype.csv.32.27.vc.C 
OLE time: 0.0165
==== Ans-fold compression
Command: /home/louza/mm-repair/ans/encode.x /mnt/data/datasets/machine-learning-matrices-split/covtype.csv.32.27.vc.C 
Ans-fold time: 1.5673
==== Integer vector .C compression
Command: /home/louza/mm-repair/sdsl/encode.x /mnt/data/datasets/machine-learning-matrices-split/covtype.csv.32.28.vc.C 
==== Integer vector .R compression
Command: /home/louza/mm-repair/sdsl/encode.x /mnt/data/datasets/machine-learning-matrices-split/covtype.csv.32.28.vc.R 
Integer vector compression time: 0.2335
==== OLE
Command: /home/louza/mm-repair/ole/encode.x /mnt/data/datasets/machine-learning-matrices-split/covtype.csv.32.28.vc.C 
OLE time: 0.0452
==== Ans-fold compression
Command: /home/louza/mm-repair/ans/encode.x /mnt/data/datasets/machine-learning-matrices-split/covtype.csv.32.28.vc.C 
Ans-fold time: 1.6001
==== Integer vector .C compression
Command: /home/louza/mm-repair/sdsl/encode.x /mnt/data/datasets/machine-learning-matrices-split/covtype.csv.32.29.vc.C 
==== Integer vector .R compression
Command: /home/louza/mm-repair/sdsl/encode.x /mnt/data/datasets/machine-learning-matrices-split/covtype.csv.32.29.vc.R 
Integer vector compression time: 0.1689
==== OLE
Command: /home/louza/mm-repair/ole/encode.x /mnt/data/datasets/machine-learning-matrices-split/covtype.csv.32.29.vc.C 
OLE time: 0.0323
==== Ans-fold compression
Command: /home/louza/mm-repair/ans/encode.x /mnt/data/datasets/machine-learning-matrices-split/covtype.csv.32.29.vc.C 
Ans-fold time: 1.6526
==== Integer vector .C compression
Command: /home/louza/mm-repair/sdsl/encode.x /mnt/data/datasets/machine-learning-matrices-split/covtype.csv.32.30.vc.C 
==== Integer vector .R compression
Command: /home/louza/mm-repair/sdsl/encode.x /mnt/data/datasets/machine-learning-matrices-split/covtype.csv.32.30.vc.R 
Integer vector compression time: 0.1616
==== OLE
Command: /home/louza/mm-repair/ole/encode.x /mnt/data/datasets/machine-learning-matrices-split/covtype.csv.32.30.vc.C 
OLE time: 0.0618
==== Ans-fold compression
Command: /home/louza/mm-repair/ans/encode.x /mnt/data/datasets/machine-learning-matrices-split/covtype.csv.32.30.vc.C 
Ans-fold time: 1.8127
==== Integer vector .C compression
Command: /home/louza/mm-repair/sdsl/encode.x /mnt/data/datasets/machine-learning-matrices-split/covtype.csv.32.31.vc.C 
==== Integer vector .R compression
Command: /home/louza/mm-repair/sdsl/encode.x /mnt/data/datasets/machine-learning-matrices-split/covtype.csv.32.31.vc.R 
Integer vector compression time: 0.0967
==== OLE
Command: /home/louza/mm-repair/ole/encode.x /mnt/data/datasets/machine-learning-matrices-split/covtype.csv.32.31.vc.C 
OLE time: 0.0103
==== Ans-fold compression
Command: /home/louza/mm-repair/ans/encode.x /mnt/data/datasets/machine-learning-matrices-split/covtype.csv.32.31.vc.C 
Ans-fold time: 2.0327
Command: /home/louza/mm-repair/ans/encode.x /mnt/data/datasets/machine-learning-matrices-split/covtype.csv.wcode 
Elapsed time: 13.7266
==== Compression Report:
 >> matrix name: /mnt/data/datasets/machine-learning-matrices-split/covtype.csv
 >> conversion time: 4.81
 >> repair time: 0.38
 >> integer vectors time: 0.10
 >> ansf time: 2.03
 >> total time: 13.73
 >> wcode: 63808 bytes
 >> wcode_ans: 5738 bytes
 >> matrix log(alpha)xNumEntries size: 50983803 bytes
 >> matrix dense size: 250997184 bytes
 >> total number of nonzero: 6901775 (22.00%)
 >> number of distinct nonzero: 6682
 >> CRSV  size: 29984604 bytes  (11.95%)
 >> RE32  size: 23422752 bytes  (9.33%)
 >> REIV  size: 11334032 bytes  (4.52%)
 >> REANS size: 9300076 bytes  (3.71%)
==== Done

#### 2026-09-07 10:50:28
 Command line: ./mm-repair/matrepair -r -b 32 -p 32 /mnt/data/datasets/machine-learning-matrices-split/covtype.csv 581012 54 --ole --split 
Setting memory for each repair instance to 14501 MBs
Sending logging messages to file: /mnt/data/datasets/machine-learning-matrices-split/covtype.csv.log
==== Conversion bin/csv->csrv
Command: /home/louza/mm-repair/csvmat2csrv -b 32   /mnt/data/datasets/machine-learning-matrices-split/covtype.csv -r 0  -s 581012 54
Conversion time: 17.6629
==== Repair paralell compression
---- Executing 32 parallel processes
---- Parallel processing completed
Repair time: 0.3980
==== Integer vector .C compression
Command: /home/louza/mm-repair/sdsl/encode.x /mnt/data/datasets/machine-learning-matrices-split/covtype.csv.32.0.A.vc.C 
==== Integer vector .R compression
Command: /home/louza/mm-repair/sdsl/encode.x /mnt/data/datasets/machine-learning-matrices-split/covtype.csv.32.0.A.vc.R 
Integer vector compression time: 0.4526
==== OLE
Command: /home/louza/mm-repair/ole/encode.x /mnt/data/datasets/machine-learning-matrices-split/covtype.csv.32.0.A.vc.C 
Command: /home/louza/mm-repair/ole/encode.x /mnt/data/datasets/machine-learning-matrices-split/covtype.csv.32.0.B.vc 
OLE time: 0.0285
==== Ans-fold compression
Command: /home/louza/mm-repair/ans/encode.x /mnt/data/datasets/machine-learning-matrices-split/covtype.csv.32.0.A.vc.C 
Command: /home/louza/mm-repair/ans/encode.x /mnt/data/datasets/machine-learning-matrices-split/covtype.csv.32.0.B.vc
Ans-fold time: 0.1556
==== Integer vector .C compression
Command: /home/louza/mm-repair/sdsl/encode.x /mnt/data/datasets/machine-learning-matrices-split/covtype.csv.32.1.A.vc.C 
==== Integer vector .R compression
Command: /home/louza/mm-repair/sdsl/encode.x /mnt/data/datasets/machine-learning-matrices-split/covtype.csv.32.1.A.vc.R 
Integer vector compression time: 0.0887
==== OLE
Command: /home/louza/mm-repair/ole/encode.x /mnt/data/datasets/machine-learning-matrices-split/covtype.csv.32.1.A.vc.C 
Command: /home/louza/mm-repair/ole/encode.x /mnt/data/datasets/machine-learning-matrices-split/covtype.csv.32.1.B.vc 
OLE time: 0.0389
==== Ans-fold compression
Command: /home/louza/mm-repair/ans/encode.x /mnt/data/datasets/machine-learning-matrices-split/covtype.csv.32.1.A.vc.C 
Command: /home/louza/mm-repair/ans/encode.x /mnt/data/datasets/machine-learning-matrices-split/covtype.csv.32.1.B.vc
Ans-fold time: 0.2979
==== Integer vector .C compression
Command: /home/louza/mm-repair/sdsl/encode.x /mnt/data/datasets/machine-learning-matrices-split/covtype.csv.32.2.A.vc.C 
==== Integer vector .R compression
Command: /home/louza/mm-repair/sdsl/encode.x /mnt/data/datasets/machine-learning-matrices-split/covtype.csv.32.2.A.vc.R 
Integer vector compression time: 0.7230
==== OLE
Command: /home/louza/mm-repair/ole/encode.x /mnt/data/datasets/machine-learning-matrices-split/covtype.csv.32.2.A.vc.C 
Command: /home/louza/mm-repair/ole/encode.x /mnt/data/datasets/machine-learning-matrices-split/covtype.csv.32.2.B.vc 
OLE time: 0.3892
==== Ans-fold compression
Command: /home/louza/mm-repair/ans/encode.x /mnt/data/datasets/machine-learning-matrices-split/covtype.csv.32.2.A.vc.C 
Command: /home/louza/mm-repair/ans/encode.x /mnt/data/datasets/machine-learning-matrices-split/covtype.csv.32.2.B.vc
Ans-fold time: 0.4253
==== Integer vector .C compression
Command: /home/louza/mm-repair/sdsl/encode.x /mnt/data/datasets/machine-learning-matrices-split/covtype.csv.32.3.A.vc.C 
==== Integer vector .R compression
Command: /home/louza/mm-repair/sdsl/encode.x /mnt/data/datasets/machine-learning-matrices-split/covtype.csv.32.3.A.vc.R 
Integer vector compression time: 0.1718
==== OLE
Command: /home/louza/mm-repair/ole/encode.x /mnt/data/datasets/machine-learning-matrices-split/covtype.csv.32.3.A.vc.C 
Command: /home/louza/mm-repair/ole/encode.x /mnt/data/datasets/machine-learning-matrices-split/covtype.csv.32.3.B.vc 
OLE time: 0.2152
==== Ans-fold compression
Command: /home/louza/mm-repair/ans/encode.x /mnt/data/datasets/machine-learning-matrices-split/covtype.csv.32.3.A.vc.C 
Command: /home/louza/mm-repair/ans/encode.x /mnt/data/datasets/machine-learning-matrices-split/covtype.csv.32.3.B.vc
Ans-fold time: 0.8395
==== Integer vector .C compression
Command: /home/louza/mm-repair/sdsl/encode.x /mnt/data/datasets/machine-learning-matrices-split/covtype.csv.32.4.A.vc.C 
==== Integer vector .R compression
Command: /home/louza/mm-repair/sdsl/encode.x /mnt/data/datasets/machine-learning-matrices-split/covtype.csv.32.4.A.vc.R 
Integer vector compression time: 0.4450
==== OLE
Command: /home/louza/mm-repair/ole/encode.x /mnt/data/datasets/machine-learning-matrices-split/covtype.csv.32.4.A.vc.C 
Command: /home/louza/mm-repair/ole/encode.x /mnt/data/datasets/machine-learning-matrices-split/covtype.csv.32.4.B.vc 
OLE time: 0.1799
==== Ans-fold compression
Command: /home/louza/mm-repair/ans/encode.x /mnt/data/datasets/machine-learning-matrices-split/covtype.csv.32.4.A.vc.C 
Command: /home/louza/mm-repair/ans/encode.x /mnt/data/datasets/machine-learning-matrices-split/covtype.csv.32.4.B.vc
Ans-fold time: 1.0653
==== Integer vector .C compression
Command: /home/louza/mm-repair/sdsl/encode.x /mnt/data/datasets/machine-learning-matrices-split/covtype.csv.32.5.A.vc.C 
==== Integer vector .R compression
Command: /home/louza/mm-repair/sdsl/encode.x /mnt/data/datasets/machine-learning-matrices-split/covtype.csv.32.5.A.vc.R 
Integer vector compression time: 0.1668
==== OLE
Command: /home/louza/mm-repair/ole/encode.x /mnt/data/datasets/machine-learning-matrices-split/covtype.csv.32.5.A.vc.C 
Command: /home/louza/mm-repair/ole/encode.x /mnt/data/datasets/machine-learning-matrices-split/covtype.csv.32.5.B.vc 
OLE time: 0.0885
==== Ans-fold compression
Command: /home/louza/mm-repair/ans/encode.x /mnt/data/datasets/machine-learning-matrices-split/covtype.csv.32.5.A.vc.C 
Command: /home/louza/mm-repair/ans/encode.x /mnt/data/datasets/machine-learning-matrices-split/covtype.csv.32.5.B.vc
Ans-fold time: 1.6391
==== Integer vector .C compression
Command: /home/louza/mm-repair/sdsl/encode.x /mnt/data/datasets/machine-learning-matrices-split/covtype.csv.32.6.A.vc.C 
==== Integer vector .R compression
Command: /home/louza/mm-repair/sdsl/encode.x /mnt/data/datasets/machine-learning-matrices-split/covtype.csv.32.6.A.vc.R 
Integer vector compression time: 0.1752
==== OLE
Command: /home/louza/mm-repair/ole/encode.x /mnt/data/datasets/machine-learning-matrices-split/covtype.csv.32.6.A.vc.C 
Command: /home/louza/mm-repair/ole/encode.x /mnt/data/datasets/machine-learning-matrices-split/covtype.csv.32.6.B.vc 
OLE time: 0.1668
==== Ans-fold compression
Command: /home/louza/mm-repair/ans/encode.x /mnt/data/datasets/machine-learning-matrices-split/covtype.csv.32.6.A.vc.C 
Command: /home/louza/mm-repair/ans/encode.x /mnt/data/datasets/machine-learning-matrices-split/covtype.csv.32.6.B.vc
Ans-fold time: 1.9347
==== Integer vector .C compression
Command: /home/louza/mm-repair/sdsl/encode.x /mnt/data/datasets/machine-learning-matrices-split/covtype.csv.32.7.A.vc.C 
==== Integer vector .R compression
Command: /home/louza/mm-repair/sdsl/encode.x /mnt/data/datasets/machine-learning-matrices-split/covtype.csv.32.7.A.vc.R 
Integer vector compression time: 0.3056
==== OLE
Command: /home/louza/mm-repair/ole/encode.x /mnt/data/datasets/machine-learning-matrices-split/covtype.csv.32.7.A.vc.C 
Command: /home/louza/mm-repair/ole/encode.x /mnt/data/datasets/machine-learning-matrices-split/covtype.csv.32.7.B.vc 
OLE time: 0.0102
==== Ans-fold compression
Command: /home/louza/mm-repair/ans/encode.x /mnt/data/datasets/machine-learning-matrices-split/covtype.csv.32.7.A.vc.C 
Command: /home/louza/mm-repair/ans/encode.x /mnt/data/datasets/machine-learning-matrices-split/covtype.csv.32.7.B.vc
Ans-fold time: 2.3481
==== Integer vector .C compression
Command: /home/louza/mm-repair/sdsl/encode.x /mnt/data/datasets/machine-learning-matrices-split/covtype.csv.32.8.A.vc.C 
==== Integer vector .R compression
Command: /home/louza/mm-repair/sdsl/encode.x /mnt/data/datasets/machine-learning-matrices-split/covtype.csv.32.8.A.vc.R 
Integer vector compression time: 0.7283
==== OLE
Command: /home/louza/mm-repair/ole/encode.x /mnt/data/datasets/machine-learning-matrices-split/covtype.csv.32.8.A.vc.C 
Command: /home/louza/mm-repair/ole/encode.x /mnt/data/datasets/machine-learning-matrices-split/covtype.csv.32.8.B.vc 
OLE time: 0.0138
==== Ans-fold compression
Command: /home/louza/mm-repair/ans/encode.x /mnt/data/datasets/machine-learning-matrices-split/covtype.csv.32.8.A.vc.C 
Command: /home/louza/mm-repair/ans/encode.x /mnt/data/datasets/machine-learning-matrices-split/covtype.csv.32.8.B.vc
Ans-fold time: 2.5601
==== Integer vector .C compression
Command: /home/louza/mm-repair/sdsl/encode.x /mnt/data/datasets/machine-learning-matrices-split/covtype.csv.32.9.A.vc.C 
==== Integer vector .R compression
Command: /home/louza/mm-repair/sdsl/encode.x /mnt/data/datasets/machine-learning-matrices-split/covtype.csv.32.9.A.vc.R 
Integer vector compression time: 0.2564
==== OLE
Command: /home/louza/mm-repair/ole/encode.x /mnt/data/datasets/machine-learning-matrices-split/covtype.csv.32.9.A.vc.C 
Command: /home/louza/mm-repair/ole/encode.x /mnt/data/datasets/machine-learning-matrices-split/covtype.csv.32.9.B.vc 
OLE time: 0.4529
==== Ans-fold compression
Command: /home/louza/mm-repair/ans/encode.x /mnt/data/datasets/machine-learning-matrices-split/covtype.csv.32.9.A.vc.C 
Command: /home/louza/mm-repair/ans/encode.x /mnt/data/datasets/machine-learning-matrices-split/covtype.csv.32.9.B.vc
Ans-fold time: 2.8406
==== Integer vector .C compression
Command: /home/louza/mm-repair/sdsl/encode.x /mnt/data/datasets/machine-learning-matrices-split/covtype.csv.32.10.A.vc.C 
==== Integer vector .R compression
Command: /home/louza/mm-repair/sdsl/encode.x /mnt/data/datasets/machine-learning-matrices-split/covtype.csv.32.10.A.vc.R 
Integer vector compression time: 0.3532
==== OLE
Command: /home/louza/mm-repair/ole/encode.x /mnt/data/datasets/machine-learning-matrices-split/covtype.csv.32.10.A.vc.C 
Command: /home/louza/mm-repair/ole/encode.x /mnt/data/datasets/machine-learning-matrices-split/covtype.csv.32.10.B.vc 
OLE time: 0.0358
==== Ans-fold compression
Command: /home/louza/mm-repair/ans/encode.x /mnt/data/datasets/machine-learning-matrices-split/covtype.csv.32.10.A.vc.C 
Command: /home/louza/mm-repair/ans/encode.x /mnt/data/datasets/machine-learning-matrices-split/covtype.csv.32.10.B.vc
Ans-fold time: 3.2209
==== Integer vector .C compression
Command: /home/louza/mm-repair/sdsl/encode.x /mnt/data/datasets/machine-learning-matrices-split/covtype.csv.32.11.A.vc.C 
==== Integer vector .R compression
Command: /home/louza/mm-repair/sdsl/encode.x /mnt/data/datasets/machine-learning-matrices-split/covtype.csv.32.11.A.vc.R 
Integer vector compression time: 0.2019
==== OLE
Command: /home/louza/mm-repair/ole/encode.x /mnt/data/datasets/machine-learning-matrices-split/covtype.csv.32.11.A.vc.C 
Command: /home/louza/mm-repair/ole/encode.x /mnt/data/datasets/machine-learning-matrices-split/covtype.csv.32.11.B.vc 
OLE time: 0.1932
==== Ans-fold compression
Command: /home/louza/mm-repair/ans/encode.x /mnt/data/datasets/machine-learning-matrices-split/covtype.csv.32.11.A.vc.C 
Command: /home/louza/mm-repair/ans/encode.x /mnt/data/datasets/machine-learning-matrices-split/covtype.csv.32.11.B.vc
Ans-fold time: 3.2565
==== Integer vector .C compression
Command: /home/louza/mm-repair/sdsl/encode.x /mnt/data/datasets/machine-learning-matrices-split/covtype.csv.32.12.A.vc.C 
==== Integer vector .R compression
Command: /home/louza/mm-repair/sdsl/encode.x /mnt/data/datasets/machine-learning-matrices-split/covtype.csv.32.12.A.vc.R 
Integer vector compression time: 0.2878
==== OLE
Command: /home/louza/mm-repair/ole/encode.x /mnt/data/datasets/machine-learning-matrices-split/covtype.csv.32.12.A.vc.C 
Command: /home/louza/mm-repair/ole/encode.x /mnt/data/datasets/machine-learning-matrices-split/covtype.csv.32.12.B.vc 
OLE time: 0.2372
==== Ans-fold compression
Command: /home/louza/mm-repair/ans/encode.x /mnt/data/datasets/machine-learning-matrices-split/covtype.csv.32.12.A.vc.C 
Command: /home/louza/mm-repair/ans/encode.x /mnt/data/datasets/machine-learning-matrices-split/covtype.csv.32.12.B.vc
Ans-fold time: 3.6757
==== Integer vector .C compression
Command: /home/louza/mm-repair/sdsl/encode.x /mnt/data/datasets/machine-learning-matrices-split/covtype.csv.32.13.A.vc.C 
==== Integer vector .R compression
Command: /home/louza/mm-repair/sdsl/encode.x /mnt/data/datasets/machine-learning-matrices-split/covtype.csv.32.13.A.vc.R 
Integer vector compression time: 0.5884
==== OLE
Command: /home/louza/mm-repair/ole/encode.x /mnt/data/datasets/machine-learning-matrices-split/covtype.csv.32.13.A.vc.C 
Command: /home/louza/mm-repair/ole/encode.x /mnt/data/datasets/machine-learning-matrices-split/covtype.csv.32.13.B.vc 
OLE time: 0.1740
==== Ans-fold compression
Command: /home/louza/mm-repair/ans/encode.x /mnt/data/datasets/machine-learning-matrices-split/covtype.csv.32.13.A.vc.C 
Command: /home/louza/mm-repair/ans/encode.x /mnt/data/datasets/machine-learning-matrices-split/covtype.csv.32.13.B.vc
Ans-fold time: 4.2923
==== Integer vector .C compression
Command: /home/louza/mm-repair/sdsl/encode.x /mnt/data/datasets/machine-learning-matrices-split/covtype.csv.32.14.A.vc.C 
==== Integer vector .R compression
Command: /home/louza/mm-repair/sdsl/encode.x /mnt/data/datasets/machine-learning-matrices-split/covtype.csv.32.14.A.vc.R 
Integer vector compression time: 0.2239
==== OLE
Command: /home/louza/mm-repair/ole/encode.x /mnt/data/datasets/machine-learning-matrices-split/covtype.csv.32.14.A.vc.C 
Command: /home/louza/mm-repair/ole/encode.x /mnt/data/datasets/machine-learning-matrices-split/covtype.csv.32.14.B.vc 
OLE time: 0.1459
==== Ans-fold compression
Command: /home/louza/mm-repair/ans/encode.x /mnt/data/datasets/machine-learning-matrices-split/covtype.csv.32.14.A.vc.C 
Command: /home/louza/mm-repair/ans/encode.x /mnt/data/datasets/machine-learning-matrices-split/covtype.csv.32.14.B.vc
Ans-fold time: 4.5314
==== Integer vector .C compression
Command: /home/louza/mm-repair/sdsl/encode.x /mnt/data/datasets/machine-learning-matrices-split/covtype.csv.32.15.A.vc.C 
==== Integer vector .R compression
Command: /home/louza/mm-repair/sdsl/encode.x /mnt/data/datasets/machine-learning-matrices-split/covtype.csv.32.15.A.vc.R 
Integer vector compression time: 0.2503
==== OLE
Command: /home/louza/mm-repair/ole/encode.x /mnt/data/datasets/machine-learning-matrices-split/covtype.csv.32.15.A.vc.C 
Command: /home/louza/mm-repair/ole/encode.x /mnt/data/datasets/machine-learning-matrices-split/covtype.csv.32.15.B.vc 
OLE time: 0.1025
==== Ans-fold compression
Command: /home/louza/mm-repair/ans/encode.x /mnt/data/datasets/machine-learning-matrices-split/covtype.csv.32.15.A.vc.C 
Command: /home/louza/mm-repair/ans/encode.x /mnt/data/datasets/machine-learning-matrices-split/covtype.csv.32.15.B.vc
Ans-fold time: 4.7145
==== Integer vector .C compression
Command: /home/louza/mm-repair/sdsl/encode.x /mnt/data/datasets/machine-learning-matrices-split/covtype.csv.32.16.A.vc.C 
==== Integer vector .R compression
Command: /home/louza/mm-repair/sdsl/encode.x /mnt/data/datasets/machine-learning-matrices-split/covtype.csv.32.16.A.vc.R 
Integer vector compression time: 0.4749
==== OLE
Command: /home/louza/mm-repair/ole/encode.x /mnt/data/datasets/machine-learning-matrices-split/covtype.csv.32.16.A.vc.C 
Command: /home/louza/mm-repair/ole/encode.x /mnt/data/datasets/machine-learning-matrices-split/covtype.csv.32.16.B.vc 
OLE time: 0.1561
==== Ans-fold compression
Command: /home/louza/mm-repair/ans/encode.x /mnt/data/datasets/machine-learning-matrices-split/covtype.csv.32.16.A.vc.C 
Command: /home/louza/mm-repair/ans/encode.x /mnt/data/datasets/machine-learning-matrices-split/covtype.csv.32.16.B.vc
Ans-fold time: 5.1025
==== Integer vector .C compression
Command: /home/louza/mm-repair/sdsl/encode.x /mnt/data/datasets/machine-learning-matrices-split/covtype.csv.32.17.A.vc.C 
==== Integer vector .R compression
Command: /home/louza/mm-repair/sdsl/encode.x /mnt/data/datasets/machine-learning-matrices-split/covtype.csv.32.17.A.vc.R 
Integer vector compression time: 0.8644
==== OLE
Command: /home/louza/mm-repair/ole/encode.x /mnt/data/datasets/machine-learning-matrices-split/covtype.csv.32.17.A.vc.C 
Command: /home/louza/mm-repair/ole/encode.x /mnt/data/datasets/machine-learning-matrices-split/covtype.csv.32.17.B.vc 
OLE time: 0.0226
==== Ans-fold compression
Command: /home/louza/mm-repair/ans/encode.x /mnt/data/datasets/machine-learning-matrices-split/covtype.csv.32.17.A.vc.C 
Command: /home/louza/mm-repair/ans/encode.x /mnt/data/datasets/machine-learning-matrices-split/covtype.csv.32.17.B.vc
Ans-fold time: 5.2381
==== Integer vector .C compression
Command: /home/louza/mm-repair/sdsl/encode.x /mnt/data/datasets/machine-learning-matrices-split/covtype.csv.32.18.A.vc.C 
==== Integer vector .R compression
Command: /home/louza/mm-repair/sdsl/encode.x /mnt/data/datasets/machine-learning-matrices-split/covtype.csv.32.18.A.vc.R 
Integer vector compression time: 0.0942
==== OLE
Command: /home/louza/mm-repair/ole/encode.x /mnt/data/datasets/machine-learning-matrices-split/covtype.csv.32.18.A.vc.C 
Command: /home/louza/mm-repair/ole/encode.x /mnt/data/datasets/machine-learning-matrices-split/covtype.csv.32.18.B.vc 
OLE time: 0.0118
==== Ans-fold compression
Command: /home/louza/mm-repair/ans/encode.x /mnt/data/datasets/machine-learning-matrices-split/covtype.csv.32.18.A.vc.C 
Command: /home/louza/mm-repair/ans/encode.x /mnt/data/datasets/machine-learning-matrices-split/covtype.csv.32.18.B.vc
Ans-fold time: 5.3125
==== Integer vector .C compression
Command: /home/louza/mm-repair/sdsl/encode.x /mnt/data/datasets/machine-learning-matrices-split/covtype.csv.32.19.A.vc.C 
==== Integer vector .R compression
Command: /home/louza/mm-repair/sdsl/encode.x /mnt/data/datasets/machine-learning-matrices-split/covtype.csv.32.19.A.vc.R 
Integer vector compression time: 0.0740
==== OLE
Command: /home/louza/mm-repair/ole/encode.x /mnt/data/datasets/machine-learning-matrices-split/covtype.csv.32.19.A.vc.C 
Command: /home/louza/mm-repair/ole/encode.x /mnt/data/datasets/machine-learning-matrices-split/covtype.csv.32.19.B.vc 
OLE time: 0.0150
==== Ans-fold compression
Command: /home/louza/mm-repair/ans/encode.x /mnt/data/datasets/machine-learning-matrices-split/covtype.csv.32.19.A.vc.C 
Command: /home/louza/mm-repair/ans/encode.x /mnt/data/datasets/machine-learning-matrices-split/covtype.csv.32.19.B.vc
Ans-fold time: 5.3880
==== Integer vector .C compression
Command: /home/louza/mm-repair/sdsl/encode.x /mnt/data/datasets/machine-learning-matrices-split/covtype.csv.32.20.A.vc.C 
==== Integer vector .R compression
Command: /home/louza/mm-repair/sdsl/encode.x /mnt/data/datasets/machine-learning-matrices-split/covtype.csv.32.20.A.vc.R 
Integer vector compression time: 0.1259
==== OLE
Command: /home/louza/mm-repair/ole/encode.x /mnt/data/datasets/machine-learning-matrices-split/covtype.csv.32.20.A.vc.C 
Command: /home/louza/mm-repair/ole/encode.x /mnt/data/datasets/machine-learning-matrices-split/covtype.csv.32.20.B.vc 
OLE time: 0.0106
==== Ans-fold compression
Command: /home/louza/mm-repair/ans/encode.x /mnt/data/datasets/machine-learning-matrices-split/covtype.csv.32.20.A.vc.C 
Command: /home/louza/mm-repair/ans/encode.x /mnt/data/datasets/machine-learning-matrices-split/covtype.csv.32.20.B.vc
Ans-fold time: 5.4758
==== Integer vector .C compression
Command: /home/louza/mm-repair/sdsl/encode.x /mnt/data/datasets/machine-learning-matrices-split/covtype.csv.32.21.A.vc.C 
==== Integer vector .R compression
Command: /home/louza/mm-repair/sdsl/encode.x /mnt/data/datasets/machine-learning-matrices-split/covtype.csv.32.21.A.vc.R 
Integer vector compression time: 0.0602
==== OLE
Command: /home/louza/mm-repair/ole/encode.x /mnt/data/datasets/machine-learning-matrices-split/covtype.csv.32.21.A.vc.C 
Command: /home/louza/mm-repair/ole/encode.x /mnt/data/datasets/machine-learning-matrices-split/covtype.csv.32.21.B.vc 
OLE time: 0.0859
==== Ans-fold compression
Command: /home/louza/mm-repair/ans/encode.x /mnt/data/datasets/machine-learning-matrices-split/covtype.csv.32.21.A.vc.C 
Command: /home/louza/mm-repair/ans/encode.x /mnt/data/datasets/machine-learning-matrices-split/covtype.csv.32.21.B.vc
Ans-fold time: 5.5935
==== Integer vector .C compression
Command: /home/louza/mm-repair/sdsl/encode.x /mnt/data/datasets/machine-learning-matrices-split/covtype.csv.32.22.A.vc.C 
==== Integer vector .R compression
Command: /home/louza/mm-repair/sdsl/encode.x /mnt/data/datasets/machine-learning-matrices-split/covtype.csv.32.22.A.vc.R 
Integer vector compression time: 0.0692
==== OLE
Command: /home/louza/mm-repair/ole/encode.x /mnt/data/datasets/machine-learning-matrices-split/covtype.csv.32.22.A.vc.C 
Command: /home/louza/mm-repair/ole/encode.x /mnt/data/datasets/machine-learning-matrices-split/covtype.csv.32.22.B.vc 
OLE time: 0.0100
==== Ans-fold compression
Command: /home/louza/mm-repair/ans/encode.x /mnt/data/datasets/machine-learning-matrices-split/covtype.csv.32.22.A.vc.C 
Command: /home/louza/mm-repair/ans/encode.x /mnt/data/datasets/machine-learning-matrices-split/covtype.csv.32.22.B.vc
Ans-fold time: 5.8283
==== Integer vector .C compression
Command: /home/louza/mm-repair/sdsl/encode.x /mnt/data/datasets/machine-learning-matrices-split/covtype.csv.32.23.A.vc.C 
==== Integer vector .R compression
Command: /home/louza/mm-repair/sdsl/encode.x /mnt/data/datasets/machine-learning-matrices-split/covtype.csv.32.23.A.vc.R 
Integer vector compression time: 0.1462
==== OLE
Command: /home/louza/mm-repair/ole/encode.x /mnt/data/datasets/machine-learning-matrices-split/covtype.csv.32.23.A.vc.C 
Command: /home/louza/mm-repair/ole/encode.x /mnt/data/datasets/machine-learning-matrices-split/covtype.csv.32.23.B.vc 
OLE time: 0.1021
==== Ans-fold compression
Command: /home/louza/mm-repair/ans/encode.x /mnt/data/datasets/machine-learning-matrices-split/covtype.csv.32.23.A.vc.C 
Command: /home/louza/mm-repair/ans/encode.x /mnt/data/datasets/machine-learning-matrices-split/covtype.csv.32.23.B.vc
Ans-fold time: 6.3202
==== Integer vector .C compression
Command: /home/louza/mm-repair/sdsl/encode.x /mnt/data/datasets/machine-learning-matrices-split/covtype.csv.32.24.A.vc.C 
==== Integer vector .R compression
Command: /home/louza/mm-repair/sdsl/encode.x /mnt/data/datasets/machine-learning-matrices-split/covtype.csv.32.24.A.vc.R 
Integer vector compression time: 0.1293
==== OLE
Command: /home/louza/mm-repair/ole/encode.x /mnt/data/datasets/machine-learning-matrices-split/covtype.csv.32.24.A.vc.C 
Command: /home/louza/mm-repair/ole/encode.x /mnt/data/datasets/machine-learning-matrices-split/covtype.csv.32.24.B.vc 
OLE time: 0.0608
==== Ans-fold compression
Command: /home/louza/mm-repair/ans/encode.x /mnt/data/datasets/machine-learning-matrices-split/covtype.csv.32.24.A.vc.C 
Command: /home/louza/mm-repair/ans/encode.x /mnt/data/datasets/machine-learning-matrices-split/covtype.csv.32.24.B.vc
Ans-fold time: 6.4961
==== Integer vector .C compression
Command: /home/louza/mm-repair/sdsl/encode.x /mnt/data/datasets/machine-learning-matrices-split/covtype.csv.32.25.A.vc.C 
==== Integer vector .R compression
Command: /home/louza/mm-repair/sdsl/encode.x /mnt/data/datasets/machine-learning-matrices-split/covtype.csv.32.25.A.vc.R 
Integer vector compression time: 0.2656
==== OLE
Command: /home/louza/mm-repair/ole/encode.x /mnt/data/datasets/machine-learning-matrices-split/covtype.csv.32.25.A.vc.C 
Command: /home/louza/mm-repair/ole/encode.x /mnt/data/datasets/machine-learning-matrices-split/covtype.csv.32.25.B.vc 
OLE time: 0.0275
==== Ans-fold compression
Command: /home/louza/mm-repair/ans/encode.x /mnt/data/datasets/machine-learning-matrices-split/covtype.csv.32.25.A.vc.C 
Command: /home/louza/mm-repair/ans/encode.x /mnt/data/datasets/machine-learning-matrices-split/covtype.csv.32.25.B.vc
Ans-fold time: 6.9084
==== Integer vector .C compression
Command: /home/louza/mm-repair/sdsl/encode.x /mnt/data/datasets/machine-learning-matrices-split/covtype.csv.32.26.A.vc.C 
==== Integer vector .R compression
Command: /home/louza/mm-repair/sdsl/encode.x /mnt/data/datasets/machine-learning-matrices-split/covtype.csv.32.26.A.vc.R 
Integer vector compression time: 0.3173
==== OLE
Command: /home/louza/mm-repair/ole/encode.x /mnt/data/datasets/machine-learning-matrices-split/covtype.csv.32.26.A.vc.C 
Command: /home/louza/mm-repair/ole/encode.x /mnt/data/datasets/machine-learning-matrices-split/covtype.csv.32.26.B.vc 
OLE time: 0.0425
==== Ans-fold compression
Command: /home/louza/mm-repair/ans/encode.x /mnt/data/datasets/machine-learning-matrices-split/covtype.csv.32.26.A.vc.C 
Command: /home/louza/mm-repair/ans/encode.x /mnt/data/datasets/machine-learning-matrices-split/covtype.csv.32.26.B.vc
Ans-fold time: 7.0687
==== Integer vector .C compression
Command: /home/louza/mm-repair/sdsl/encode.x /mnt/data/datasets/machine-learning-matrices-split/covtype.csv.32.27.A.vc.C 
==== Integer vector .R compression
Command: /home/louza/mm-repair/sdsl/encode.x /mnt/data/datasets/machine-learning-matrices-split/covtype.csv.32.27.A.vc.R 
Integer vector compression time: 0.1769
==== OLE
Command: /home/louza/mm-repair/ole/encode.x /mnt/data/datasets/machine-learning-matrices-split/covtype.csv.32.27.A.vc.C 
Command: /home/louza/mm-repair/ole/encode.x /mnt/data/datasets/machine-learning-matrices-split/covtype.csv.32.27.B.vc 
OLE time: 0.1020
==== Ans-fold compression
Command: /home/louza/mm-repair/ans/encode.x /mnt/data/datasets/machine-learning-matrices-split/covtype.csv.32.27.A.vc.C 
Command: /home/louza/mm-repair/ans/encode.x /mnt/data/datasets/machine-learning-matrices-split/covtype.csv.32.27.B.vc
Ans-fold time: 7.2396
==== Integer vector .C compression
Command: /home/louza/mm-repair/sdsl/encode.x /mnt/data/datasets/machine-learning-matrices-split/covtype.csv.32.28.A.vc.C 
==== Integer vector .R compression
Command: /home/louza/mm-repair/sdsl/encode.x /mnt/data/datasets/machine-learning-matrices-split/covtype.csv.32.28.A.vc.R 
Integer vector compression time: 0.1262
==== OLE
Command: /home/louza/mm-repair/ole/encode.x /mnt/data/datasets/machine-learning-matrices-split/covtype.csv.32.28.A.vc.C 
Command: /home/louza/mm-repair/ole/encode.x /mnt/data/datasets/machine-learning-matrices-split/covtype.csv.32.28.B.vc 
OLE time: 0.0475
==== Ans-fold compression
Command: /home/louza/mm-repair/ans/encode.x /mnt/data/datasets/machine-learning-matrices-split/covtype.csv.32.28.A.vc.C 
Command: /home/louza/mm-repair/ans/encode.x /mnt/data/datasets/machine-learning-matrices-split/covtype.csv.32.28.B.vc
Ans-fold time: 7.4175
==== Integer vector .C compression
Command: /home/louza/mm-repair/sdsl/encode.x /mnt/data/datasets/machine-learning-matrices-split/covtype.csv.32.29.A.vc.C 
==== Integer vector .R compression
Command: /home/louza/mm-repair/sdsl/encode.x /mnt/data/datasets/machine-learning-matrices-split/covtype.csv.32.29.A.vc.R 
Integer vector compression time: 0.1209
==== OLE
Command: /home/louza/mm-repair/ole/encode.x /mnt/data/datasets/machine-learning-matrices-split/covtype.csv.32.29.A.vc.C 
Command: /home/louza/mm-repair/ole/encode.x /mnt/data/datasets/machine-learning-matrices-split/covtype.csv.32.29.B.vc 
OLE time: 0.0136
==== Ans-fold compression
Command: /home/louza/mm-repair/ans/encode.x /mnt/data/datasets/machine-learning-matrices-split/covtype.csv.32.29.A.vc.C 
Command: /home/louza/mm-repair/ans/encode.x /mnt/data/datasets/machine-learning-matrices-split/covtype.csv.32.29.B.vc
Ans-fold time: 7.5321
==== Integer vector .C compression
Command: /home/louza/mm-repair/sdsl/encode.x /mnt/data/datasets/machine-learning-matrices-split/covtype.csv.32.30.A.vc.C 
==== Integer vector .R compression
Command: /home/louza/mm-repair/sdsl/encode.x /mnt/data/datasets/machine-learning-matrices-split/covtype.csv.32.30.A.vc.R 
Integer vector compression time: 0.0531
==== OLE
Command: /home/louza/mm-repair/ole/encode.x /mnt/data/datasets/machine-learning-matrices-split/covtype.csv.32.30.A.vc.C 
Command: /home/louza/mm-repair/ole/encode.x /mnt/data/datasets/machine-learning-matrices-split/covtype.csv.32.30.B.vc 
OLE time: 0.0130
==== Ans-fold compression
Command: /home/louza/mm-repair/ans/encode.x /mnt/data/datasets/machine-learning-matrices-split/covtype.csv.32.30.A.vc.C 
Command: /home/louza/mm-repair/ans/encode.x /mnt/data/datasets/machine-learning-matrices-split/covtype.csv.32.30.B.vc
Ans-fold time: 7.9653
==== Integer vector .C compression
Command: /home/louza/mm-repair/sdsl/encode.x /mnt/data/datasets/machine-learning-matrices-split/covtype.csv.32.31.A.vc.C 
==== Integer vector .R compression
Command: /home/louza/mm-repair/sdsl/encode.x /mnt/data/datasets/machine-learning-matrices-split/covtype.csv.32.31.A.vc.R 
Integer vector compression time: 0.1288
==== OLE
Command: /home/louza/mm-repair/ole/encode.x /mnt/data/datasets/machine-learning-matrices-split/covtype.csv.32.31.A.vc.C 
Command: /home/louza/mm-repair/ole/encode.x /mnt/data/datasets/machine-learning-matrices-split/covtype.csv.32.31.B.vc 
OLE time: 0.0352
==== Ans-fold compression
Command: /home/louza/mm-repair/ans/encode.x /mnt/data/datasets/machine-learning-matrices-split/covtype.csv.32.31.A.vc.C 
Command: /home/louza/mm-repair/ans/encode.x /mnt/data/datasets/machine-learning-matrices-split/covtype.csv.32.31.B.vc
Ans-fold time: 8.0126
Elapsed time: 40.6090
==== Compression Report:
 >> matrix name: /mnt/data/datasets/machine-learning-matrices-split/covtype.csv
 >> conversion time: 17.66
 >> repair time: 0.40
 >> integer vectors time: 0.13
 >> ansf time: 8.01
 >> total time: 40.61
 >> matrix log(alpha)xNumEntries size: 50983803 bytes
 >> matrix dense size: 250997184 bytes
 >> total number of nonzero: 4731054 (15.08%)
 >> number of distinct nonzero: 6682
 >> CRSV  size: 21301720 bytes  (8.49%)
 >> B	  size: 11006932 bytes  (4.39%)
 >> B_ans size: 4790200 bytes  (1.91%)
 >> RE32  size: 19452580 bytes  (7.75%)
 >> REIV  size: 13433848 bytes  (5.35%)
 >> REANS size: 11651471 bytes  (4.64%)
==== Done

#### 2026-09-07 10:51:09
 Command line: ./mm-repair/matrepair -r -b 32 -p 32 /mnt/data/datasets/machine-learning-matrices-split/covtype.csv 581012 54 --mapping --split 
Setting memory for each repair instance to 14501 MBs
Sending logging messages to file: /mnt/data/datasets/machine-learning-matrices-split/covtype.csv.log
==== Conversion bin/csv->csrv
Command: /home/louza/mm-repair/csvmat2csrv -b 32   /mnt/data/datasets/machine-learning-matrices-split/covtype.csv -r 0 -m -s 581012 54
Conversion time: 16.3561
==== Repair paralell compression
---- Executing 32 parallel processes
---- Parallel processing completed
Repair time: 1.8958
==== Integer vector .C compression
Command: /home/louza/mm-repair/sdsl/encode.x /mnt/data/datasets/machine-learning-matrices-split/covtype.csv.32.0.A.vc.C 
==== Integer vector .R compression
Command: /home/louza/mm-repair/sdsl/encode.x /mnt/data/datasets/machine-learning-matrices-split/covtype.csv.32.0.A.vc.R 
Integer vector compression time: 0.0485
==== Ans-fold compression
Command: /home/louza/mm-repair/ans/encode.x /mnt/data/datasets/machine-learning-matrices-split/covtype.csv.32.0.A.vc.C 
Command: /home/louza/mm-repair/ans/encode.x /mnt/data/datasets/machine-learning-matrices-split/covtype.csv.32.0.B.vc
Ans-fold time: 0.1265
==== Integer vector .C compression
Command: /home/louza/mm-repair/sdsl/encode.x /mnt/data/datasets/machine-learning-matrices-split/covtype.csv.32.1.A.vc.C 
==== Integer vector .R compression
Command: /home/louza/mm-repair/sdsl/encode.x /mnt/data/datasets/machine-learning-matrices-split/covtype.csv.32.1.A.vc.R 
Integer vector compression time: 0.4517
==== Ans-fold compression
Command: /home/louza/mm-repair/ans/encode.x /mnt/data/datasets/machine-learning-matrices-split/covtype.csv.32.1.A.vc.C 
Command: /home/louza/mm-repair/ans/encode.x /mnt/data/datasets/machine-learning-matrices-split/covtype.csv.32.1.B.vc
Ans-fold time: 0.4593
==== Integer vector .C compression
Command: /home/louza/mm-repair/sdsl/encode.x /mnt/data/datasets/machine-learning-matrices-split/covtype.csv.32.2.A.vc.C 
==== Integer vector .R compression
Command: /home/louza/mm-repair/sdsl/encode.x /mnt/data/datasets/machine-learning-matrices-split/covtype.csv.32.2.A.vc.R 
Integer vector compression time: 0.4595
==== Ans-fold compression
Command: /home/louza/mm-repair/ans/encode.x /mnt/data/datasets/machine-learning-matrices-split/covtype.csv.32.2.A.vc.C 
Command: /home/louza/mm-repair/ans/encode.x /mnt/data/datasets/machine-learning-matrices-split/covtype.csv.32.2.B.vc
Ans-fold time: 0.8419
==== Integer vector .C compression
Command: /home/louza/mm-repair/sdsl/encode.x /mnt/data/datasets/machine-learning-matrices-split/covtype.csv.32.3.A.vc.C 
==== Integer vector .R compression
Command: /home/louza/mm-repair/sdsl/encode.x /mnt/data/datasets/machine-learning-matrices-split/covtype.csv.32.3.A.vc.R 
Integer vector compression time: 0.4489
==== Ans-fold compression
Command: /home/louza/mm-repair/ans/encode.x /mnt/data/datasets/machine-learning-matrices-split/covtype.csv.32.3.A.vc.C 
Command: /home/louza/mm-repair/ans/encode.x /mnt/data/datasets/machine-learning-matrices-split/covtype.csv.32.3.B.vc
Ans-fold time: 1.0621
==== Integer vector .C compression
Command: /home/louza/mm-repair/sdsl/encode.x /mnt/data/datasets/machine-learning-matrices-split/covtype.csv.32.4.A.vc.C 
==== Integer vector .R compression
Command: /home/louza/mm-repair/sdsl/encode.x /mnt/data/datasets/machine-learning-matrices-split/covtype.csv.32.4.A.vc.R 
Integer vector compression time: 0.4593
==== Ans-fold compression
Command: /home/louza/mm-repair/ans/encode.x /mnt/data/datasets/machine-learning-matrices-split/covtype.csv.32.4.A.vc.C 
Command: /home/louza/mm-repair/ans/encode.x /mnt/data/datasets/machine-learning-matrices-split/covtype.csv.32.4.B.vc
Ans-fold time: 1.2884
==== Integer vector .C compression
Command: /home/louza/mm-repair/sdsl/encode.x /mnt/data/datasets/machine-learning-matrices-split/covtype.csv.32.5.A.vc.C 
==== Integer vector .R compression
Command: /home/louza/mm-repair/sdsl/encode.x /mnt/data/datasets/machine-learning-matrices-split/covtype.csv.32.5.A.vc.R 
Integer vector compression time: 0.9538
==== Ans-fold compression
Command: /home/louza/mm-repair/ans/encode.x /mnt/data/datasets/machine-learning-matrices-split/covtype.csv.32.5.A.vc.C 
Command: /home/louza/mm-repair/ans/encode.x /mnt/data/datasets/machine-learning-matrices-split/covtype.csv.32.5.B.vc
Ans-fold time: 1.3379
==== Integer vector .C compression
Command: /home/louza/mm-repair/sdsl/encode.x /mnt/data/datasets/machine-learning-matrices-split/covtype.csv.32.6.A.vc.C 
==== Integer vector .R compression
Command: /home/louza/mm-repair/sdsl/encode.x /mnt/data/datasets/machine-learning-matrices-split/covtype.csv.32.6.A.vc.R 
Integer vector compression time: 0.2198
==== Ans-fold compression
Command: /home/louza/mm-repair/ans/encode.x /mnt/data/datasets/machine-learning-matrices-split/covtype.csv.32.6.A.vc.C 
Command: /home/louza/mm-repair/ans/encode.x /mnt/data/datasets/machine-learning-matrices-split/covtype.csv.32.6.B.vc
Ans-fold time: 1.7520
==== Integer vector .C compression
Command: /home/louza/mm-repair/sdsl/encode.x /mnt/data/datasets/machine-learning-matrices-split/covtype.csv.32.7.A.vc.C 
==== Integer vector .R compression
Command: /home/louza/mm-repair/sdsl/encode.x /mnt/data/datasets/machine-learning-matrices-split/covtype.csv.32.7.A.vc.R 
Integer vector compression time: 0.3992
==== Ans-fold compression
Command: /home/louza/mm-repair/ans/encode.x /mnt/data/datasets/machine-learning-matrices-split/covtype.csv.32.7.A.vc.C 
Command: /home/louza/mm-repair/ans/encode.x /mnt/data/datasets/machine-learning-matrices-split/covtype.csv.32.7.B.vc
Ans-fold time: 1.8993
==== Integer vector .C compression
Command: /home/louza/mm-repair/sdsl/encode.x /mnt/data/datasets/machine-learning-matrices-split/covtype.csv.32.8.A.vc.C 
==== Integer vector .R compression
Command: /home/louza/mm-repair/sdsl/encode.x /mnt/data/datasets/machine-learning-matrices-split/covtype.csv.32.8.A.vc.R 
Integer vector compression time: 0.5445
==== Ans-fold compression
Command: /home/louza/mm-repair/ans/encode.x /mnt/data/datasets/machine-learning-matrices-split/covtype.csv.32.8.A.vc.C 
Command: /home/louza/mm-repair/ans/encode.x /mnt/data/datasets/machine-learning-matrices-split/covtype.csv.32.8.B.vc
Ans-fold time: 2.2245
==== Integer vector .C compression
Command: /home/louza/mm-repair/sdsl/encode.x /mnt/data/datasets/machine-learning-matrices-split/covtype.csv.32.9.A.vc.C 
==== Integer vector .R compression
Command: /home/louza/mm-repair/sdsl/encode.x /mnt/data/datasets/machine-learning-matrices-split/covtype.csv.32.9.A.vc.R 
Integer vector compression time: 0.4736
==== Ans-fold compression
Command: /home/louza/mm-repair/ans/encode.x /mnt/data/datasets/machine-learning-matrices-split/covtype.csv.32.9.A.vc.C 
Command: /home/louza/mm-repair/ans/encode.x /mnt/data/datasets/machine-learning-matrices-split/covtype.csv.32.9.B.vc
Ans-fold time: 2.6308
==== Integer vector .C compression
Command: /home/louza/mm-repair/sdsl/encode.x /mnt/data/datasets/machine-learning-matrices-split/covtype.csv.32.10.A.vc.C 
==== Integer vector .R compression
Command: /home/louza/mm-repair/sdsl/encode.x /mnt/data/datasets/machine-learning-matrices-split/covtype.csv.32.10.A.vc.R 
Integer vector compression time: 0.4074
==== Ans-fold compression
Command: /home/louza/mm-repair/ans/encode.x /mnt/data/datasets/machine-learning-matrices-split/covtype.csv.32.10.A.vc.C 
Command: /home/louza/mm-repair/ans/encode.x /mnt/data/datasets/machine-learning-matrices-split/covtype.csv.32.10.B.vc
Ans-fold time: 2.7474
==== Integer vector .C compression
Command: /home/louza/mm-repair/sdsl/encode.x /mnt/data/datasets/machine-learning-matrices-split/covtype.csv.32.11.A.vc.C 
==== Integer vector .R compression
Command: /home/louza/mm-repair/sdsl/encode.x /mnt/data/datasets/machine-learning-matrices-split/covtype.csv.32.11.A.vc.R 
Integer vector compression time: 0.7947
==== Ans-fold compression
Command: /home/louza/mm-repair/ans/encode.x /mnt/data/datasets/machine-learning-matrices-split/covtype.csv.32.11.A.vc.C 
Command: /home/louza/mm-repair/ans/encode.x /mnt/data/datasets/machine-learning-matrices-split/covtype.csv.32.11.B.vc
Ans-fold time: 3.0223
==== Integer vector .C compression
Command: /home/louza/mm-repair/sdsl/encode.x /mnt/data/datasets/machine-learning-matrices-split/covtype.csv.32.12.A.vc.C 
==== Integer vector .R compression
Command: /home/louza/mm-repair/sdsl/encode.x /mnt/data/datasets/machine-learning-matrices-split/covtype.csv.32.12.A.vc.R 
Integer vector compression time: 0.2026
==== Ans-fold compression
Command: /home/louza/mm-repair/ans/encode.x /mnt/data/datasets/machine-learning-matrices-split/covtype.csv.32.12.A.vc.C 
Command: /home/louza/mm-repair/ans/encode.x /mnt/data/datasets/machine-learning-matrices-split/covtype.csv.32.12.B.vc
Ans-fold time: 3.5186
==== Integer vector .C compression
Command: /home/louza/mm-repair/sdsl/encode.x /mnt/data/datasets/machine-learning-matrices-split/covtype.csv.32.13.A.vc.C 
==== Integer vector .R compression
Command: /home/louza/mm-repair/sdsl/encode.x /mnt/data/datasets/machine-learning-matrices-split/covtype.csv.32.13.A.vc.R 
Integer vector compression time: 0.5762
==== Ans-fold compression
Command: /home/louza/mm-repair/ans/encode.x /mnt/data/datasets/machine-learning-matrices-split/covtype.csv.32.13.A.vc.C 
Command: /home/louza/mm-repair/ans/encode.x /mnt/data/datasets/machine-learning-matrices-split/covtype.csv.32.13.B.vc
Ans-fold time: 4.2508
==== Integer vector .C compression
Command: /home/louza/mm-repair/sdsl/encode.x /mnt/data/datasets/machine-learning-matrices-split/covtype.csv.32.14.A.vc.C 
==== Integer vector .R compression
Command: /home/louza/mm-repair/sdsl/encode.x /mnt/data/datasets/machine-learning-matrices-split/covtype.csv.32.14.A.vc.R 
Integer vector compression time: 0.4003
==== Ans-fold compression
Command: /home/louza/mm-repair/ans/encode.x /mnt/data/datasets/machine-learning-matrices-split/covtype.csv.32.14.A.vc.C 
Command: /home/louza/mm-repair/ans/encode.x /mnt/data/datasets/machine-learning-matrices-split/covtype.csv.32.14.B.vc
Ans-fold time: 4.6842
==== Integer vector .C compression
Command: /home/louza/mm-repair/sdsl/encode.x /mnt/data/datasets/machine-learning-matrices-split/covtype.csv.32.15.A.vc.C 
==== Integer vector .R compression
Command: /home/louza/mm-repair/sdsl/encode.x /mnt/data/datasets/machine-learning-matrices-split/covtype.csv.32.15.A.vc.R 
Integer vector compression time: 0.2983
==== Ans-fold compression
Command: /home/louza/mm-repair/ans/encode.x /mnt/data/datasets/machine-learning-matrices-split/covtype.csv.32.15.A.vc.C 
Command: /home/louza/mm-repair/ans/encode.x /mnt/data/datasets/machine-learning-matrices-split/covtype.csv.32.15.B.vc
Ans-fold time: 5.0847
==== Integer vector .C compression
Command: /home/louza/mm-repair/sdsl/encode.x /mnt/data/datasets/machine-learning-matrices-split/covtype.csv.32.16.A.vc.C 
==== Integer vector .R compression
Command: /home/louza/mm-repair/sdsl/encode.x /mnt/data/datasets/machine-learning-matrices-split/covtype.csv.32.16.A.vc.R 
Integer vector compression time: 0.5841
==== Ans-fold compression
Command: /home/louza/mm-repair/ans/encode.x /mnt/data/datasets/machine-learning-matrices-split/covtype.csv.32.16.A.vc.C 
Command: /home/louza/mm-repair/ans/encode.x /mnt/data/datasets/machine-learning-matrices-split/covtype.csv.32.16.B.vc
Ans-fold time: 5.3130
==== Integer vector .C compression
Command: /home/louza/mm-repair/sdsl/encode.x /mnt/data/datasets/machine-learning-matrices-split/covtype.csv.32.17.A.vc.C 
==== Integer vector .R compression
Command: /home/louza/mm-repair/sdsl/encode.x /mnt/data/datasets/machine-learning-matrices-split/covtype.csv.32.17.A.vc.R 
Integer vector compression time: 0.5351
==== Ans-fold compression
Command: /home/louza/mm-repair/ans/encode.x /mnt/data/datasets/machine-learning-matrices-split/covtype.csv.32.17.A.vc.C 
Command: /home/louza/mm-repair/ans/encode.x /mnt/data/datasets/machine-learning-matrices-split/covtype.csv.32.17.B.vc
Ans-fold time: 5.6359
==== Integer vector .C compression
Command: /home/louza/mm-repair/sdsl/encode.x /mnt/data/datasets/machine-learning-matrices-split/covtype.csv.32.18.A.vc.C 
==== Integer vector .R compression
Command: /home/louza/mm-repair/sdsl/encode.x /mnt/data/datasets/machine-learning-matrices-split/covtype.csv.32.18.A.vc.R 
Integer vector compression time: 0.4846
==== Ans-fold compression
Command: /home/louza/mm-repair/ans/encode.x /mnt/data/datasets/machine-learning-matrices-split/covtype.csv.32.18.A.vc.C 
Command: /home/louza/mm-repair/ans/encode.x /mnt/data/datasets/machine-learning-matrices-split/covtype.csv.32.18.B.vc
Ans-fold time: 6.0571
==== Integer vector .C compression
Command: /home/louza/mm-repair/sdsl/encode.x /mnt/data/datasets/machine-learning-matrices-split/covtype.csv.32.19.A.vc.C 
==== Integer vector .R compression
Command: /home/louza/mm-repair/sdsl/encode.x /mnt/data/datasets/machine-learning-matrices-split/covtype.csv.32.19.A.vc.R 
Integer vector compression time: 0.2240
==== Ans-fold compression
Command: /home/louza/mm-repair/ans/encode.x /mnt/data/datasets/machine-learning-matrices-split/covtype.csv.32.19.A.vc.C 
Command: /home/louza/mm-repair/ans/encode.x /mnt/data/datasets/machine-learning-matrices-split/covtype.csv.32.19.B.vc
Ans-fold time: 6.1526
==== Integer vector .C compression
Command: /home/louza/mm-repair/sdsl/encode.x /mnt/data/datasets/machine-learning-matrices-split/covtype.csv.32.20.A.vc.C 
==== Integer vector .R compression
Command: /home/louza/mm-repair/sdsl/encode.x /mnt/data/datasets/machine-learning-matrices-split/covtype.csv.32.20.A.vc.R 
Integer vector compression time: 0.2661
==== Ans-fold compression
Command: /home/louza/mm-repair/ans/encode.x /mnt/data/datasets/machine-learning-matrices-split/covtype.csv.32.20.A.vc.C 
Command: /home/louza/mm-repair/ans/encode.x /mnt/data/datasets/machine-learning-matrices-split/covtype.csv.32.20.B.vc
Ans-fold time: 6.7060
==== Integer vector .C compression
Command: /home/louza/mm-repair/sdsl/encode.x /mnt/data/datasets/machine-learning-matrices-split/covtype.csv.32.21.A.vc.C 
==== Integer vector .R compression
Command: /home/louza/mm-repair/sdsl/encode.x /mnt/data/datasets/machine-learning-matrices-split/covtype.csv.32.21.A.vc.R 
Integer vector compression time: 0.7087
==== Ans-fold compression
Command: /home/louza/mm-repair/ans/encode.x /mnt/data/datasets/machine-learning-matrices-split/covtype.csv.32.21.A.vc.C 
Command: /home/louza/mm-repair/ans/encode.x /mnt/data/datasets/machine-learning-matrices-split/covtype.csv.32.21.B.vc
Ans-fold time: 7.2070
==== Integer vector .C compression
Command: /home/louza/mm-repair/sdsl/encode.x /mnt/data/datasets/machine-learning-matrices-split/covtype.csv.32.22.A.vc.C 
==== Integer vector .R compression
Command: /home/louza/mm-repair/sdsl/encode.x /mnt/data/datasets/machine-learning-matrices-split/covtype.csv.32.22.A.vc.R 
Integer vector compression time: 0.1054
==== Ans-fold compression
Command: /home/louza/mm-repair/ans/encode.x /mnt/data/datasets/machine-learning-matrices-split/covtype.csv.32.22.A.vc.C 
Command: /home/louza/mm-repair/ans/encode.x /mnt/data/datasets/machine-learning-matrices-split/covtype.csv.32.22.B.vc
Ans-fold time: 7.3068
==== Integer vector .C compression
Command: /home/louza/mm-repair/sdsl/encode.x /mnt/data/datasets/machine-learning-matrices-split/covtype.csv.32.23.A.vc.C 
==== Integer vector .R compression
Command: /home/louza/mm-repair/sdsl/encode.x /mnt/data/datasets/machine-learning-matrices-split/covtype.csv.32.23.A.vc.R 
Integer vector compression time: 0.3646
==== Ans-fold compression
Command: /home/louza/mm-repair/ans/encode.x /mnt/data/datasets/machine-learning-matrices-split/covtype.csv.32.23.A.vc.C 
Command: /home/louza/mm-repair/ans/encode.x /mnt/data/datasets/machine-learning-matrices-split/covtype.csv.32.23.B.vc
Ans-fold time: 7.7445
==== Integer vector .C compression
Command: /home/louza/mm-repair/sdsl/encode.x /mnt/data/datasets/machine-learning-matrices-split/covtype.csv.32.24.A.vc.C 
==== Integer vector .R compression
Command: /home/louza/mm-repair/sdsl/encode.x /mnt/data/datasets/machine-learning-matrices-split/covtype.csv.32.24.A.vc.R 
Integer vector compression time: 0.2643
==== Ans-fold compression
Command: /home/louza/mm-repair/ans/encode.x /mnt/data/datasets/machine-learning-matrices-split/covtype.csv.32.24.A.vc.C 
Command: /home/louza/mm-repair/ans/encode.x /mnt/data/datasets/machine-learning-matrices-split/covtype.csv.32.24.B.vc
Ans-fold time: 7.8868
==== Integer vector .C compression
Command: /home/louza/mm-repair/sdsl/encode.x /mnt/data/datasets/machine-learning-matrices-split/covtype.csv.32.25.A.vc.C 
==== Integer vector .R compression
Command: /home/louza/mm-repair/sdsl/encode.x /mnt/data/datasets/machine-learning-matrices-split/covtype.csv.32.25.A.vc.R 
Integer vector compression time: 0.1476
==== Ans-fold compression
Command: /home/louza/mm-repair/ans/encode.x /mnt/data/datasets/machine-learning-matrices-split/covtype.csv.32.25.A.vc.C 
Command: /home/louza/mm-repair/ans/encode.x /mnt/data/datasets/machine-learning-matrices-split/covtype.csv.32.25.B.vc
Ans-fold time: 8.0942
==== Integer vector .C compression
Command: /home/louza/mm-repair/sdsl/encode.x /mnt/data/datasets/machine-learning-matrices-split/covtype.csv.32.26.A.vc.C 
==== Integer vector .R compression
Command: /home/louza/mm-repair/sdsl/encode.x /mnt/data/datasets/machine-learning-matrices-split/covtype.csv.32.26.A.vc.R 
Integer vector compression time: 0.4487
==== Ans-fold compression
Command: /home/louza/mm-repair/ans/encode.x /mnt/data/datasets/machine-learning-matrices-split/covtype.csv.32.26.A.vc.C 
Command: /home/louza/mm-repair/ans/encode.x /mnt/data/datasets/machine-learning-matrices-split/covtype.csv.32.26.B.vc
Ans-fold time: 8.3174
==== Integer vector .C compression
Command: /home/louza/mm-repair/sdsl/encode.x /mnt/data/datasets/machine-learning-matrices-split/covtype.csv.32.27.A.vc.C 
==== Integer vector .R compression
Command: /home/louza/mm-repair/sdsl/encode.x /mnt/data/datasets/machine-learning-matrices-split/covtype.csv.32.27.A.vc.R 
Integer vector compression time: 0.3563
==== Ans-fold compression
Command: /home/louza/mm-repair/ans/encode.x /mnt/data/datasets/machine-learning-matrices-split/covtype.csv.32.27.A.vc.C 
Command: /home/louza/mm-repair/ans/encode.x /mnt/data/datasets/machine-learning-matrices-split/covtype.csv.32.27.B.vc
Ans-fold time: 8.4419
==== Integer vector .C compression
Command: /home/louza/mm-repair/sdsl/encode.x /mnt/data/datasets/machine-learning-matrices-split/covtype.csv.32.28.A.vc.C 
==== Integer vector .R compression
Command: /home/louza/mm-repair/sdsl/encode.x /mnt/data/datasets/machine-learning-matrices-split/covtype.csv.32.28.A.vc.R 
Integer vector compression time: 0.1077
==== Ans-fold compression
Command: /home/louza/mm-repair/ans/encode.x /mnt/data/datasets/machine-learning-matrices-split/covtype.csv.32.28.A.vc.C 
Command: /home/louza/mm-repair/ans/encode.x /mnt/data/datasets/machine-learning-matrices-split/covtype.csv.32.28.B.vc
Ans-fold time: 8.8124
==== Integer vector .C compression
Command: /home/louza/mm-repair/sdsl/encode.x /mnt/data/datasets/machine-learning-matrices-split/covtype.csv.32.29.A.vc.C 
==== Integer vector .R compression
Command: /home/louza/mm-repair/sdsl/encode.x /mnt/data/datasets/machine-learning-matrices-split/covtype.csv.32.29.A.vc.R 
Integer vector compression time: 0.1570
==== Ans-fold compression
Command: /home/louza/mm-repair/ans/encode.x /mnt/data/datasets/machine-learning-matrices-split/covtype.csv.32.29.A.vc.C 
Command: /home/louza/mm-repair/ans/encode.x /mnt/data/datasets/machine-learning-matrices-split/covtype.csv.32.29.B.vc
Ans-fold time: 9.1886
==== Integer vector .C compression
Command: /home/louza/mm-repair/sdsl/encode.x /mnt/data/datasets/machine-learning-matrices-split/covtype.csv.32.30.A.vc.C 
==== Integer vector .R compression
Command: /home/louza/mm-repair/sdsl/encode.x /mnt/data/datasets/machine-learning-matrices-split/covtype.csv.32.30.A.vc.R 
Integer vector compression time: 0.1036
==== Ans-fold compression
Command: /home/louza/mm-repair/ans/encode.x /mnt/data/datasets/machine-learning-matrices-split/covtype.csv.32.30.A.vc.C 
Command: /home/louza/mm-repair/ans/encode.x /mnt/data/datasets/machine-learning-matrices-split/covtype.csv.32.30.B.vc
Ans-fold time: 9.4156
==== Integer vector .C compression
Command: /home/louza/mm-repair/sdsl/encode.x /mnt/data/datasets/machine-learning-matrices-split/covtype.csv.32.31.A.vc.C 
==== Integer vector .R compression
Command: /home/louza/mm-repair/sdsl/encode.x /mnt/data/datasets/machine-learning-matrices-split/covtype.csv.32.31.A.vc.R 
Integer vector compression time: 0.3208
==== Ans-fold compression
Command: /home/louza/mm-repair/ans/encode.x /mnt/data/datasets/machine-learning-matrices-split/covtype.csv.32.31.A.vc.C 
Command: /home/louza/mm-repair/ans/encode.x /mnt/data/datasets/machine-learning-matrices-split/covtype.csv.32.31.B.vc
Ans-fold time: 9.7268
Command: /home/louza/mm-repair/ans/encode.x /mnt/data/datasets/machine-learning-matrices-split/covtype.csv.wcode 
Elapsed time: 40.3123
==== Compression Report:
 >> matrix name: /mnt/data/datasets/machine-learning-matrices-split/covtype.csv
 >> conversion time: 16.36
 >> repair time: 1.90
 >> integer vectors time: 0.32
 >> ansf time: 9.73
 >> total time: 40.31
 >> wcode: 63808 bytes
 >> wcode_ans: 5738 bytes
 >> matrix log(alpha)xNumEntries size: 50983803 bytes
 >> matrix dense size: 250997184 bytes
 >> total number of nonzero: 4731054 (15.08%)
 >> number of distinct nonzero: 6682
 >> CRSV  size: 21301720 bytes  (8.49%)
 >> B	  size: 11006932 bytes  (4.39%)
 >> B_ans size: 3864716 bytes  (1.54%)
 >> RE32  size: 18590904 bytes  (7.41%)
 >> REIV  size: 10830708 bytes  (4.32%)
 >> REANS size: 9675863 bytes  (3.85%)
==== Done

#### 2026-09-07 10:51:49
 Command line: ./mm-repair/matrepair -r -b 32 -p 32 /mnt/data/datasets/machine-learning-matrices-split/covtype.csv 581012 54 --ole --mapping --split 
Setting memory for each repair instance to 14501 MBs
Sending logging messages to file: /mnt/data/datasets/machine-learning-matrices-split/covtype.csv.log
==== Conversion bin/csv->csrv
Command: /home/louza/mm-repair/csvmat2csrv -b 32   /mnt/data/datasets/machine-learning-matrices-split/covtype.csv -r 0 -m -s 581012 54
Conversion time: 17.8056
==== Repair paralell compression
---- Executing 32 parallel processes
---- Parallel processing completed
Repair time: 0.3978
==== Integer vector .C compression
Command: /home/louza/mm-repair/sdsl/encode.x /mnt/data/datasets/machine-learning-matrices-split/covtype.csv.32.0.A.vc.C 
==== Integer vector .R compression
Command: /home/louza/mm-repair/sdsl/encode.x /mnt/data/datasets/machine-learning-matrices-split/covtype.csv.32.0.A.vc.R 
Integer vector compression time: 0.1391
==== OLE
Command: /home/louza/mm-repair/ole/encode.x /mnt/data/datasets/machine-learning-matrices-split/covtype.csv.32.0.A.vc.C 
Command: /home/louza/mm-repair/ole/encode.x /mnt/data/datasets/machine-learning-matrices-split/covtype.csv.32.0.B.vc 
OLE time: 0.0185
==== Ans-fold compression
Command: /home/louza/mm-repair/ans/encode.x /mnt/data/datasets/machine-learning-matrices-split/covtype.csv.32.0.A.vc.C 
Command: /home/louza/mm-repair/ans/encode.x /mnt/data/datasets/machine-learning-matrices-split/covtype.csv.32.0.B.vc
Ans-fold time: 0.2550
==== Integer vector .C compression
Command: /home/louza/mm-repair/sdsl/encode.x /mnt/data/datasets/machine-learning-matrices-split/covtype.csv.32.1.A.vc.C 
==== Integer vector .R compression
Command: /home/louza/mm-repair/sdsl/encode.x /mnt/data/datasets/machine-learning-matrices-split/covtype.csv.32.1.A.vc.R 
Integer vector compression time: 0.2672
==== OLE
Command: /home/louza/mm-repair/ole/encode.x /mnt/data/datasets/machine-learning-matrices-split/covtype.csv.32.1.A.vc.C 
Command: /home/louza/mm-repair/ole/encode.x /mnt/data/datasets/machine-learning-matrices-split/covtype.csv.32.1.B.vc 
OLE time: 0.1019
==== Ans-fold compression
Command: /home/louza/mm-repair/ans/encode.x /mnt/data/datasets/machine-learning-matrices-split/covtype.csv.32.1.A.vc.C 
Command: /home/louza/mm-repair/ans/encode.x /mnt/data/datasets/machine-learning-matrices-split/covtype.csv.32.1.B.vc
Ans-fold time: 0.9541
==== Integer vector .C compression
Command: /home/louza/mm-repair/sdsl/encode.x /mnt/data/datasets/machine-learning-matrices-split/covtype.csv.32.2.A.vc.C 
==== Integer vector .R compression
Command: /home/louza/mm-repair/sdsl/encode.x /mnt/data/datasets/machine-learning-matrices-split/covtype.csv.32.2.A.vc.R 
Integer vector compression time: 0.2259
==== OLE
Command: /home/louza/mm-repair/ole/encode.x /mnt/data/datasets/machine-learning-matrices-split/covtype.csv.32.2.A.vc.C 
Command: /home/louza/mm-repair/ole/encode.x /mnt/data/datasets/machine-learning-matrices-split/covtype.csv.32.2.B.vc 
OLE time: 0.0842
==== Ans-fold compression
Command: /home/louza/mm-repair/ans/encode.x /mnt/data/datasets/machine-learning-matrices-split/covtype.csv.32.2.A.vc.C 
Command: /home/louza/mm-repair/ans/encode.x /mnt/data/datasets/machine-learning-matrices-split/covtype.csv.32.2.B.vc
Ans-fold time: 1.2507
==== Integer vector .C compression
Command: /home/louza/mm-repair/sdsl/encode.x /mnt/data/datasets/machine-learning-matrices-split/covtype.csv.32.3.A.vc.C 
==== Integer vector .R compression
Command: /home/louza/mm-repair/sdsl/encode.x /mnt/data/datasets/machine-learning-matrices-split/covtype.csv.32.3.A.vc.R 
Integer vector compression time: 0.0973
==== OLE
Command: /home/louza/mm-repair/ole/encode.x /mnt/data/datasets/machine-learning-matrices-split/covtype.csv.32.3.A.vc.C 
Command: /home/louza/mm-repair/ole/encode.x /mnt/data/datasets/machine-learning-matrices-split/covtype.csv.32.3.B.vc 
OLE time: 0.0103
==== Ans-fold compression
Command: /home/louza/mm-repair/ans/encode.x /mnt/data/datasets/machine-learning-matrices-split/covtype.csv.32.3.A.vc.C 
Command: /home/louza/mm-repair/ans/encode.x /mnt/data/datasets/machine-learning-matrices-split/covtype.csv.32.3.B.vc
Ans-fold time: 1.3142
==== Integer vector .C compression
Command: /home/louza/mm-repair/sdsl/encode.x /mnt/data/datasets/machine-learning-matrices-split/covtype.csv.32.4.A.vc.C 
==== Integer vector .R compression
Command: /home/louza/mm-repair/sdsl/encode.x /mnt/data/datasets/machine-learning-matrices-split/covtype.csv.32.4.A.vc.R 
Integer vector compression time: 0.0661
==== OLE
Command: /home/louza/mm-repair/ole/encode.x /mnt/data/datasets/machine-learning-matrices-split/covtype.csv.32.4.A.vc.C 
Command: /home/louza/mm-repair/ole/encode.x /mnt/data/datasets/machine-learning-matrices-split/covtype.csv.32.4.B.vc 
OLE time: 0.0137
==== Ans-fold compression
Command: /home/louza/mm-repair/ans/encode.x /mnt/data/datasets/machine-learning-matrices-split/covtype.csv.32.4.A.vc.C 
Command: /home/louza/mm-repair/ans/encode.x /mnt/data/datasets/machine-learning-matrices-split/covtype.csv.32.4.B.vc
Ans-fold time: 1.4430
==== Integer vector .C compression
Command: /home/louza/mm-repair/sdsl/encode.x /mnt/data/datasets/machine-learning-matrices-split/covtype.csv.32.5.A.vc.C 
==== Integer vector .R compression
Command: /home/louza/mm-repair/sdsl/encode.x /mnt/data/datasets/machine-learning-matrices-split/covtype.csv.32.5.A.vc.R 
Integer vector compression time: 0.3335
==== OLE
Command: /home/louza/mm-repair/ole/encode.x /mnt/data/datasets/machine-learning-matrices-split/covtype.csv.32.5.A.vc.C 
Command: /home/louza/mm-repair/ole/encode.x /mnt/data/datasets/machine-learning-matrices-split/covtype.csv.32.5.B.vc 
OLE time: 0.1762
==== Ans-fold compression
Command: /home/louza/mm-repair/ans/encode.x /mnt/data/datasets/machine-learning-matrices-split/covtype.csv.32.5.A.vc.C 
Command: /home/louza/mm-repair/ans/encode.x /mnt/data/datasets/machine-learning-matrices-split/covtype.csv.32.5.B.vc
Ans-fold time: 1.6052
==== Integer vector .C compression
Command: /home/louza/mm-repair/sdsl/encode.x /mnt/data/datasets/machine-learning-matrices-split/covtype.csv.32.6.A.vc.C 
==== Integer vector .R compression
Command: /home/louza/mm-repair/sdsl/encode.x /mnt/data/datasets/machine-learning-matrices-split/covtype.csv.32.6.A.vc.R 
Integer vector compression time: 0.2493
==== OLE
Command: /home/louza/mm-repair/ole/encode.x /mnt/data/datasets/machine-learning-matrices-split/covtype.csv.32.6.A.vc.C 
Command: /home/louza/mm-repair/ole/encode.x /mnt/data/datasets/machine-learning-matrices-split/covtype.csv.32.6.B.vc 
OLE time: 0.0119
==== Ans-fold compression
Command: /home/louza/mm-repair/ans/encode.x /mnt/data/datasets/machine-learning-matrices-split/covtype.csv.32.6.A.vc.C 
Command: /home/louza/mm-repair/ans/encode.x /mnt/data/datasets/machine-learning-matrices-split/covtype.csv.32.6.B.vc
Ans-fold time: 1.7346
==== Integer vector .C compression
Command: /home/louza/mm-repair/sdsl/encode.x /mnt/data/datasets/machine-learning-matrices-split/covtype.csv.32.7.A.vc.C 
==== Integer vector .R compression
Command: /home/louza/mm-repair/sdsl/encode.x /mnt/data/datasets/machine-learning-matrices-split/covtype.csv.32.7.A.vc.R 
Integer vector compression time: 0.1877
==== OLE
Command: /home/louza/mm-repair/ole/encode.x /mnt/data/datasets/machine-learning-matrices-split/covtype.csv.32.7.A.vc.C 
Command: /home/louza/mm-repair/ole/encode.x /mnt/data/datasets/machine-learning-matrices-split/covtype.csv.32.7.B.vc 
OLE time: 0.0093
==== Ans-fold compression
Command: /home/louza/mm-repair/ans/encode.x /mnt/data/datasets/machine-learning-matrices-split/covtype.csv.32.7.A.vc.C 
Command: /home/louza/mm-repair/ans/encode.x /mnt/data/datasets/machine-learning-matrices-split/covtype.csv.32.7.B.vc
Ans-fold time: 1.9258
==== Integer vector .C compression
Command: /home/louza/mm-repair/sdsl/encode.x /mnt/data/datasets/machine-learning-matrices-split/covtype.csv.32.8.A.vc.C 
==== Integer vector .R compression
Command: /home/louza/mm-repair/sdsl/encode.x /mnt/data/datasets/machine-learning-matrices-split/covtype.csv.32.8.A.vc.R 
Integer vector compression time: 0.1769
==== OLE
Command: /home/louza/mm-repair/ole/encode.x /mnt/data/datasets/machine-learning-matrices-split/covtype.csv.32.8.A.vc.C 
Command: /home/louza/mm-repair/ole/encode.x /mnt/data/datasets/machine-learning-matrices-split/covtype.csv.32.8.B.vc 
OLE time: 0.0259
==== Ans-fold compression
Command: /home/louza/mm-repair/ans/encode.x /mnt/data/datasets/machine-learning-matrices-split/covtype.csv.32.8.A.vc.C 
Command: /home/louza/mm-repair/ans/encode.x /mnt/data/datasets/machine-learning-matrices-split/covtype.csv.32.8.B.vc
Ans-fold time: 1.9720
==== Integer vector .C compression
Command: /home/louza/mm-repair/sdsl/encode.x /mnt/data/datasets/machine-learning-matrices-split/covtype.csv.32.9.A.vc.C 
==== Integer vector .R compression
Command: /home/louza/mm-repair/sdsl/encode.x /mnt/data/datasets/machine-learning-matrices-split/covtype.csv.32.9.A.vc.R 
Integer vector compression time: 0.0635
==== OLE
Command: /home/louza/mm-repair/ole/encode.x /mnt/data/datasets/machine-learning-matrices-split/covtype.csv.32.9.A.vc.C 
Command: /home/louza/mm-repair/ole/encode.x /mnt/data/datasets/machine-learning-matrices-split/covtype.csv.32.9.B.vc 
OLE time: 0.0142
==== Ans-fold compression
Command: /home/louza/mm-repair/ans/encode.x /mnt/data/datasets/machine-learning-matrices-split/covtype.csv.32.9.A.vc.C 
Command: /home/louza/mm-repair/ans/encode.x /mnt/data/datasets/machine-learning-matrices-split/covtype.csv.32.9.B.vc
Ans-fold time: 2.0976
==== Integer vector .C compression
Command: /home/louza/mm-repair/sdsl/encode.x /mnt/data/datasets/machine-learning-matrices-split/covtype.csv.32.10.A.vc.C 
==== Integer vector .R compression
Command: /home/louza/mm-repair/sdsl/encode.x /mnt/data/datasets/machine-learning-matrices-split/covtype.csv.32.10.A.vc.R 
Integer vector compression time: 0.2186
==== OLE
Command: /home/louza/mm-repair/ole/encode.x /mnt/data/datasets/machine-learning-matrices-split/covtype.csv.32.10.A.vc.C 
Command: /home/louza/mm-repair/ole/encode.x /mnt/data/datasets/machine-learning-matrices-split/covtype.csv.32.10.B.vc 
OLE time: 0.1046
==== Ans-fold compression
Command: /home/louza/mm-repair/ans/encode.x /mnt/data/datasets/machine-learning-matrices-split/covtype.csv.32.10.A.vc.C 
Command: /home/louza/mm-repair/ans/encode.x /mnt/data/datasets/machine-learning-matrices-split/covtype.csv.32.10.B.vc
Ans-fold time: 2.3638
==== Integer vector .C compression
Command: /home/louza/mm-repair/sdsl/encode.x /mnt/data/datasets/machine-learning-matrices-split/covtype.csv.32.11.A.vc.C 
==== Integer vector .R compression
Command: /home/louza/mm-repair/sdsl/encode.x /mnt/data/datasets/machine-learning-matrices-split/covtype.csv.32.11.A.vc.R 
Integer vector compression time: 0.1051
==== OLE
Command: /home/louza/mm-repair/ole/encode.x /mnt/data/datasets/machine-learning-matrices-split/covtype.csv.32.11.A.vc.C 
Command: /home/louza/mm-repair/ole/encode.x /mnt/data/datasets/machine-learning-matrices-split/covtype.csv.32.11.B.vc 
OLE time: 0.0110
==== Ans-fold compression
Command: /home/louza/mm-repair/ans/encode.x /mnt/data/datasets/machine-learning-matrices-split/covtype.csv.32.11.A.vc.C 
Command: /home/louza/mm-repair/ans/encode.x /mnt/data/datasets/machine-learning-matrices-split/covtype.csv.32.11.B.vc
Ans-fold time: 2.4255
==== Integer vector .C compression
Command: /home/louza/mm-repair/sdsl/encode.x /mnt/data/datasets/machine-learning-matrices-split/covtype.csv.32.12.A.vc.C 
==== Integer vector .R compression
Command: /home/louza/mm-repair/sdsl/encode.x /mnt/data/datasets/machine-learning-matrices-split/covtype.csv.32.12.A.vc.R 
Integer vector compression time: 0.1483
==== OLE
Command: /home/louza/mm-repair/ole/encode.x /mnt/data/datasets/machine-learning-matrices-split/covtype.csv.32.12.A.vc.C 
Command: /home/louza/mm-repair/ole/encode.x /mnt/data/datasets/machine-learning-matrices-split/covtype.csv.32.12.B.vc 
OLE time: 0.1030
==== Ans-fold compression
Command: /home/louza/mm-repair/ans/encode.x /mnt/data/datasets/machine-learning-matrices-split/covtype.csv.32.12.A.vc.C 
Command: /home/louza/mm-repair/ans/encode.x /mnt/data/datasets/machine-learning-matrices-split/covtype.csv.32.12.B.vc
Ans-fold time: 2.5818
==== Integer vector .C compression
Command: /home/louza/mm-repair/sdsl/encode.x /mnt/data/datasets/machine-learning-matrices-split/covtype.csv.32.13.A.vc.C 
==== Integer vector .R compression
Command: /home/louza/mm-repair/sdsl/encode.x /mnt/data/datasets/machine-learning-matrices-split/covtype.csv.32.13.A.vc.R 
Integer vector compression time: 0.0836
==== OLE
Command: /home/louza/mm-repair/ole/encode.x /mnt/data/datasets/machine-learning-matrices-split/covtype.csv.32.13.A.vc.C 
Command: /home/louza/mm-repair/ole/encode.x /mnt/data/datasets/machine-learning-matrices-split/covtype.csv.32.13.B.vc 
OLE time: 0.0979
==== Ans-fold compression
Command: /home/louza/mm-repair/ans/encode.x /mnt/data/datasets/machine-learning-matrices-split/covtype.csv.32.13.A.vc.C 
Command: /home/louza/mm-repair/ans/encode.x /mnt/data/datasets/machine-learning-matrices-split/covtype.csv.32.13.B.vc
Ans-fold time: 2.7763
==== Integer vector .C compression
Command: /home/louza/mm-repair/sdsl/encode.x /mnt/data/datasets/machine-learning-matrices-split/covtype.csv.32.14.A.vc.C 
==== Integer vector .R compression
Command: /home/louza/mm-repair/sdsl/encode.x /mnt/data/datasets/machine-learning-matrices-split/covtype.csv.32.14.A.vc.R 
Integer vector compression time: 0.7453
==== OLE
Command: /home/louza/mm-repair/ole/encode.x /mnt/data/datasets/machine-learning-matrices-split/covtype.csv.32.14.A.vc.C 
Command: /home/louza/mm-repair/ole/encode.x /mnt/data/datasets/machine-learning-matrices-split/covtype.csv.32.14.B.vc 
OLE time: 0.0139
==== Ans-fold compression
Command: /home/louza/mm-repair/ans/encode.x /mnt/data/datasets/machine-learning-matrices-split/covtype.csv.32.14.A.vc.C 
Command: /home/louza/mm-repair/ans/encode.x /mnt/data/datasets/machine-learning-matrices-split/covtype.csv.32.14.B.vc
Ans-fold time: 2.8430
==== Integer vector .C compression
Command: /home/louza/mm-repair/sdsl/encode.x /mnt/data/datasets/machine-learning-matrices-split/covtype.csv.32.15.A.vc.C 
==== Integer vector .R compression
Command: /home/louza/mm-repair/sdsl/encode.x /mnt/data/datasets/machine-learning-matrices-split/covtype.csv.32.15.A.vc.R 
Integer vector compression time: 0.1616
==== OLE
Command: /home/louza/mm-repair/ole/encode.x /mnt/data/datasets/machine-learning-matrices-split/covtype.csv.32.15.A.vc.C 
Command: /home/louza/mm-repair/ole/encode.x /mnt/data/datasets/machine-learning-matrices-split/covtype.csv.32.15.B.vc 
OLE time: 0.0467
==== Ans-fold compression
Command: /home/louza/mm-repair/ans/encode.x /mnt/data/datasets/machine-learning-matrices-split/covtype.csv.32.15.A.vc.C 
Command: /home/louza/mm-repair/ans/encode.x /mnt/data/datasets/machine-learning-matrices-split/covtype.csv.32.15.B.vc
Ans-fold time: 3.0321
==== Integer vector .C compression
Command: /home/louza/mm-repair/sdsl/encode.x /mnt/data/datasets/machine-learning-matrices-split/covtype.csv.32.16.A.vc.C 
==== Integer vector .R compression
Command: /home/louza/mm-repair/sdsl/encode.x /mnt/data/datasets/machine-learning-matrices-split/covtype.csv.32.16.A.vc.R 
Integer vector compression time: 0.2706
==== OLE
Command: /home/louza/mm-repair/ole/encode.x /mnt/data/datasets/machine-learning-matrices-split/covtype.csv.32.16.A.vc.C 
Command: /home/louza/mm-repair/ole/encode.x /mnt/data/datasets/machine-learning-matrices-split/covtype.csv.32.16.B.vc 
OLE time: 0.1120
==== Ans-fold compression
Command: /home/louza/mm-repair/ans/encode.x /mnt/data/datasets/machine-learning-matrices-split/covtype.csv.32.16.A.vc.C 
Command: /home/louza/mm-repair/ans/encode.x /mnt/data/datasets/machine-learning-matrices-split/covtype.csv.32.16.B.vc
Ans-fold time: 3.1980
==== Integer vector .C compression
Command: /home/louza/mm-repair/sdsl/encode.x /mnt/data/datasets/machine-learning-matrices-split/covtype.csv.32.17.A.vc.C 
==== Integer vector .R compression
Command: /home/louza/mm-repair/sdsl/encode.x /mnt/data/datasets/machine-learning-matrices-split/covtype.csv.32.17.A.vc.R 
Integer vector compression time: 0.1434
==== OLE
Command: /home/louza/mm-repair/ole/encode.x /mnt/data/datasets/machine-learning-matrices-split/covtype.csv.32.17.A.vc.C 
Command: /home/louza/mm-repair/ole/encode.x /mnt/data/datasets/machine-learning-matrices-split/covtype.csv.32.17.B.vc 
OLE time: 0.1069
==== Ans-fold compression
Command: /home/louza/mm-repair/ans/encode.x /mnt/data/datasets/machine-learning-matrices-split/covtype.csv.32.17.A.vc.C 
Command: /home/louza/mm-repair/ans/encode.x /mnt/data/datasets/machine-learning-matrices-split/covtype.csv.32.17.B.vc
Ans-fold time: 3.4020
==== Integer vector .C compression
Command: /home/louza/mm-repair/sdsl/encode.x /mnt/data/datasets/machine-learning-matrices-split/covtype.csv.32.18.A.vc.C 
==== Integer vector .R compression
Command: /home/louza/mm-repair/sdsl/encode.x /mnt/data/datasets/machine-learning-matrices-split/covtype.csv.32.18.A.vc.R 
Integer vector compression time: 0.1144
==== OLE
Command: /home/louza/mm-repair/ole/encode.x /mnt/data/datasets/machine-learning-matrices-split/covtype.csv.32.18.A.vc.C 
Command: /home/louza/mm-repair/ole/encode.x /mnt/data/datasets/machine-learning-matrices-split/covtype.csv.32.18.B.vc 
OLE time: 0.0235
==== Ans-fold compression
Command: /home/louza/mm-repair/ans/encode.x /mnt/data/datasets/machine-learning-matrices-split/covtype.csv.32.18.A.vc.C 
Command: /home/louza/mm-repair/ans/encode.x /mnt/data/datasets/machine-learning-matrices-split/covtype.csv.32.18.B.vc
Ans-fold time: 3.5337
==== Integer vector .C compression
Command: /home/louza/mm-repair/sdsl/encode.x /mnt/data/datasets/machine-learning-matrices-split/covtype.csv.32.19.A.vc.C 
==== Integer vector .R compression
Command: /home/louza/mm-repair/sdsl/encode.x /mnt/data/datasets/machine-learning-matrices-split/covtype.csv.32.19.A.vc.R 
Integer vector compression time: 0.2680
==== OLE
Command: /home/louza/mm-repair/ole/encode.x /mnt/data/datasets/machine-learning-matrices-split/covtype.csv.32.19.A.vc.C 
Command: /home/louza/mm-repair/ole/encode.x /mnt/data/datasets/machine-learning-matrices-split/covtype.csv.32.19.B.vc 
OLE time: 0.0183
==== Ans-fold compression
Command: /home/louza/mm-repair/ans/encode.x /mnt/data/datasets/machine-learning-matrices-split/covtype.csv.32.19.A.vc.C 
Command: /home/louza/mm-repair/ans/encode.x /mnt/data/datasets/machine-learning-matrices-split/covtype.csv.32.19.B.vc
Ans-fold time: 3.6287
==== Integer vector .C compression
Command: /home/louza/mm-repair/sdsl/encode.x /mnt/data/datasets/machine-learning-matrices-split/covtype.csv.32.20.A.vc.C 
==== Integer vector .R compression
Command: /home/louza/mm-repair/sdsl/encode.x /mnt/data/datasets/machine-learning-matrices-split/covtype.csv.32.20.A.vc.R 
Integer vector compression time: 0.3210
==== OLE
Command: /home/louza/mm-repair/ole/encode.x /mnt/data/datasets/machine-learning-matrices-split/covtype.csv.32.20.A.vc.C 
Command: /home/louza/mm-repair/ole/encode.x /mnt/data/datasets/machine-learning-matrices-split/covtype.csv.32.20.B.vc 
OLE time: 0.0582
==== Ans-fold compression
Command: /home/louza/mm-repair/ans/encode.x /mnt/data/datasets/machine-learning-matrices-split/covtype.csv.32.20.A.vc.C 
Command: /home/louza/mm-repair/ans/encode.x /mnt/data/datasets/machine-learning-matrices-split/covtype.csv.32.20.B.vc
Ans-fold time: 3.8228
==== Integer vector .C compression
Command: /home/louza/mm-repair/sdsl/encode.x /mnt/data/datasets/machine-learning-matrices-split/covtype.csv.32.21.A.vc.C 
==== Integer vector .R compression
Command: /home/louza/mm-repair/sdsl/encode.x /mnt/data/datasets/machine-learning-matrices-split/covtype.csv.32.21.A.vc.R 
Integer vector compression time: 0.2072
==== OLE
Command: /home/louza/mm-repair/ole/encode.x /mnt/data/datasets/machine-learning-matrices-split/covtype.csv.32.21.A.vc.C 
Command: /home/louza/mm-repair/ole/encode.x /mnt/data/datasets/machine-learning-matrices-split/covtype.csv.32.21.B.vc 
OLE time: 0.0302
==== Ans-fold compression
Command: /home/louza/mm-repair/ans/encode.x /mnt/data/datasets/machine-learning-matrices-split/covtype.csv.32.21.A.vc.C 
Command: /home/louza/mm-repair/ans/encode.x /mnt/data/datasets/machine-learning-matrices-split/covtype.csv.32.21.B.vc
Ans-fold time: 3.9601
==== Integer vector .C compression
Command: /home/louza/mm-repair/sdsl/encode.x /mnt/data/datasets/machine-learning-matrices-split/covtype.csv.32.22.A.vc.C 
==== Integer vector .R compression
Command: /home/louza/mm-repair/sdsl/encode.x /mnt/data/datasets/machine-learning-matrices-split/covtype.csv.32.22.A.vc.R 
Integer vector compression time: 0.1073
==== OLE
Command: /home/louza/mm-repair/ole/encode.x /mnt/data/datasets/machine-learning-matrices-split/covtype.csv.32.22.A.vc.C 
Command: /home/louza/mm-repair/ole/encode.x /mnt/data/datasets/machine-learning-matrices-split/covtype.csv.32.22.B.vc 
OLE time: 0.0437
==== Ans-fold compression
Command: /home/louza/mm-repair/ans/encode.x /mnt/data/datasets/machine-learning-matrices-split/covtype.csv.32.22.A.vc.C 
Command: /home/louza/mm-repair/ans/encode.x /mnt/data/datasets/machine-learning-matrices-split/covtype.csv.32.22.B.vc
Ans-fold time: 4.3069
==== Integer vector .C compression
Command: /home/louza/mm-repair/sdsl/encode.x /mnt/data/datasets/machine-learning-matrices-split/covtype.csv.32.23.A.vc.C 
==== Integer vector .R compression
Command: /home/louza/mm-repair/sdsl/encode.x /mnt/data/datasets/machine-learning-matrices-split/covtype.csv.32.23.A.vc.R 
Integer vector compression time: 0.1573
==== OLE
Command: /home/louza/mm-repair/ole/encode.x /mnt/data/datasets/machine-learning-matrices-split/covtype.csv.32.23.A.vc.C 
Command: /home/louza/mm-repair/ole/encode.x /mnt/data/datasets/machine-learning-matrices-split/covtype.csv.32.23.B.vc 
OLE time: 0.1063
==== Ans-fold compression
Command: /home/louza/mm-repair/ans/encode.x /mnt/data/datasets/machine-learning-matrices-split/covtype.csv.32.23.A.vc.C 
Command: /home/louza/mm-repair/ans/encode.x /mnt/data/datasets/machine-learning-matrices-split/covtype.csv.32.23.B.vc
Ans-fold time: 4.4793
==== Integer vector .C compression
Command: /home/louza/mm-repair/sdsl/encode.x /mnt/data/datasets/machine-learning-matrices-split/covtype.csv.32.24.A.vc.C 
==== Integer vector .R compression
Command: /home/louza/mm-repair/sdsl/encode.x /mnt/data/datasets/machine-learning-matrices-split/covtype.csv.32.24.A.vc.R 
Integer vector compression time: 0.3827
==== OLE
Command: /home/louza/mm-repair/ole/encode.x /mnt/data/datasets/machine-learning-matrices-split/covtype.csv.32.24.A.vc.C 
Command: /home/louza/mm-repair/ole/encode.x /mnt/data/datasets/machine-learning-matrices-split/covtype.csv.32.24.B.vc 
OLE time: 0.0146
==== Ans-fold compression
Command: /home/louza/mm-repair/ans/encode.x /mnt/data/datasets/machine-learning-matrices-split/covtype.csv.32.24.A.vc.C 
Command: /home/louza/mm-repair/ans/encode.x /mnt/data/datasets/machine-learning-matrices-split/covtype.csv.32.24.B.vc
Ans-fold time: 4.7154
==== Integer vector .C compression
Command: /home/louza/mm-repair/sdsl/encode.x /mnt/data/datasets/machine-learning-matrices-split/covtype.csv.32.25.A.vc.C 
==== Integer vector .R compression
Command: /home/louza/mm-repair/sdsl/encode.x /mnt/data/datasets/machine-learning-matrices-split/covtype.csv.32.25.A.vc.R 
Integer vector compression time: 0.1041
==== OLE
Command: /home/louza/mm-repair/ole/encode.x /mnt/data/datasets/machine-learning-matrices-split/covtype.csv.32.25.A.vc.C 
Command: /home/louza/mm-repair/ole/encode.x /mnt/data/datasets/machine-learning-matrices-split/covtype.csv.32.25.B.vc 
OLE time: 0.0201
==== Ans-fold compression
Command: /home/louza/mm-repair/ans/encode.x /mnt/data/datasets/machine-learning-matrices-split/covtype.csv.32.25.A.vc.C 
Command: /home/louza/mm-repair/ans/encode.x /mnt/data/datasets/machine-learning-matrices-split/covtype.csv.32.25.B.vc
Ans-fold time: 5.0135
==== Integer vector .C compression
Command: /home/louza/mm-repair/sdsl/encode.x /mnt/data/datasets/machine-learning-matrices-split/covtype.csv.32.26.A.vc.C 
==== Integer vector .R compression
Command: /home/louza/mm-repair/sdsl/encode.x /mnt/data/datasets/machine-learning-matrices-split/covtype.csv.32.26.A.vc.R 
Integer vector compression time: 0.5861
==== OLE
Command: /home/louza/mm-repair/ole/encode.x /mnt/data/datasets/machine-learning-matrices-split/covtype.csv.32.26.A.vc.C 
Command: /home/louza/mm-repair/ole/encode.x /mnt/data/datasets/machine-learning-matrices-split/covtype.csv.32.26.B.vc 
OLE time: 0.0062
==== Ans-fold compression
Command: /home/louza/mm-repair/ans/encode.x /mnt/data/datasets/machine-learning-matrices-split/covtype.csv.32.26.A.vc.C 
Command: /home/louza/mm-repair/ans/encode.x /mnt/data/datasets/machine-learning-matrices-split/covtype.csv.32.26.B.vc
Ans-fold time: 5.1481
==== Integer vector .C compression
Command: /home/louza/mm-repair/sdsl/encode.x /mnt/data/datasets/machine-learning-matrices-split/covtype.csv.32.27.A.vc.C 
==== Integer vector .R compression
Command: /home/louza/mm-repair/sdsl/encode.x /mnt/data/datasets/machine-learning-matrices-split/covtype.csv.32.27.A.vc.R 
Integer vector compression time: 0.2998
==== OLE
Command: /home/louza/mm-repair/ole/encode.x /mnt/data/datasets/machine-learning-matrices-split/covtype.csv.32.27.A.vc.C 
Command: /home/louza/mm-repair/ole/encode.x /mnt/data/datasets/machine-learning-matrices-split/covtype.csv.32.27.B.vc 
OLE time: 0.6241
==== Ans-fold compression
Command: /home/louza/mm-repair/ans/encode.x /mnt/data/datasets/machine-learning-matrices-split/covtype.csv.32.27.A.vc.C 
Command: /home/louza/mm-repair/ans/encode.x /mnt/data/datasets/machine-learning-matrices-split/covtype.csv.32.27.B.vc
Ans-fold time: 5.3970
==== Integer vector .C compression
Command: /home/louza/mm-repair/sdsl/encode.x /mnt/data/datasets/machine-learning-matrices-split/covtype.csv.32.28.A.vc.C 
==== Integer vector .R compression
Command: /home/louza/mm-repair/sdsl/encode.x /mnt/data/datasets/machine-learning-matrices-split/covtype.csv.32.28.A.vc.R 
Integer vector compression time: 0.1095
==== OLE
Command: /home/louza/mm-repair/ole/encode.x /mnt/data/datasets/machine-learning-matrices-split/covtype.csv.32.28.A.vc.C 
Command: /home/louza/mm-repair/ole/encode.x /mnt/data/datasets/machine-learning-matrices-split/covtype.csv.32.28.B.vc 
OLE time: 0.0296
==== Ans-fold compression
Command: /home/louza/mm-repair/ans/encode.x /mnt/data/datasets/machine-learning-matrices-split/covtype.csv.32.28.A.vc.C 
Command: /home/louza/mm-repair/ans/encode.x /mnt/data/datasets/machine-learning-matrices-split/covtype.csv.32.28.B.vc
Ans-fold time: 5.4423
==== Integer vector .C compression
Command: /home/louza/mm-repair/sdsl/encode.x /mnt/data/datasets/machine-learning-matrices-split/covtype.csv.32.29.A.vc.C 
==== Integer vector .R compression
Command: /home/louza/mm-repair/sdsl/encode.x /mnt/data/datasets/machine-learning-matrices-split/covtype.csv.32.29.A.vc.R 
Integer vector compression time: 0.0798
==== OLE
Command: /home/louza/mm-repair/ole/encode.x /mnt/data/datasets/machine-learning-matrices-split/covtype.csv.32.29.A.vc.C 
Command: /home/louza/mm-repair/ole/encode.x /mnt/data/datasets/machine-learning-matrices-split/covtype.csv.32.29.B.vc 
OLE time: 0.1411
==== Ans-fold compression
Command: /home/louza/mm-repair/ans/encode.x /mnt/data/datasets/machine-learning-matrices-split/covtype.csv.32.29.A.vc.C 
Command: /home/louza/mm-repair/ans/encode.x /mnt/data/datasets/machine-learning-matrices-split/covtype.csv.32.29.B.vc
Ans-fold time: 5.7608
==== Integer vector .C compression
Command: /home/louza/mm-repair/sdsl/encode.x /mnt/data/datasets/machine-learning-matrices-split/covtype.csv.32.30.A.vc.C 
==== Integer vector .R compression
Command: /home/louza/mm-repair/sdsl/encode.x /mnt/data/datasets/machine-learning-matrices-split/covtype.csv.32.30.A.vc.R 
Integer vector compression time: 0.2865
==== OLE
Command: /home/louza/mm-repair/ole/encode.x /mnt/data/datasets/machine-learning-matrices-split/covtype.csv.32.30.A.vc.C 
Command: /home/louza/mm-repair/ole/encode.x /mnt/data/datasets/machine-learning-matrices-split/covtype.csv.32.30.B.vc 
OLE time: 0.1318
==== Ans-fold compression
Command: /home/louza/mm-repair/ans/encode.x /mnt/data/datasets/machine-learning-matrices-split/covtype.csv.32.30.A.vc.C 
Command: /home/louza/mm-repair/ans/encode.x /mnt/data/datasets/machine-learning-matrices-split/covtype.csv.32.30.B.vc
Ans-fold time: 5.8528
==== Integer vector .C compression
Command: /home/louza/mm-repair/sdsl/encode.x /mnt/data/datasets/machine-learning-matrices-split/covtype.csv.32.31.A.vc.C 
==== Integer vector .R compression
Command: /home/louza/mm-repair/sdsl/encode.x /mnt/data/datasets/machine-learning-matrices-split/covtype.csv.32.31.A.vc.R 
Integer vector compression time: 0.3196
==== OLE
Command: /home/louza/mm-repair/ole/encode.x /mnt/data/datasets/machine-learning-matrices-split/covtype.csv.32.31.A.vc.C 
Command: /home/louza/mm-repair/ole/encode.x /mnt/data/datasets/machine-learning-matrices-split/covtype.csv.32.31.B.vc 
OLE time: 0.0220
==== Ans-fold compression
Command: /home/louza/mm-repair/ans/encode.x /mnt/data/datasets/machine-learning-matrices-split/covtype.csv.32.31.A.vc.C 
Command: /home/louza/mm-repair/ans/encode.x /mnt/data/datasets/machine-learning-matrices-split/covtype.csv.32.31.B.vc
Ans-fold time: 6.0978
Command: /home/louza/mm-repair/ans/encode.x /mnt/data/datasets/machine-learning-matrices-split/covtype.csv.wcode 
Elapsed time: 36.0416
==== Compression Report:
 >> matrix name: /mnt/data/datasets/machine-learning-matrices-split/covtype.csv
 >> conversion time: 17.81
 >> repair time: 0.40
 >> integer vectors time: 0.32
 >> ansf time: 6.10
 >> total time: 36.04
 >> wcode: 63808 bytes
 >> wcode_ans: 5738 bytes
 >> matrix log(alpha)xNumEntries size: 50983803 bytes
 >> matrix dense size: 250997184 bytes
 >> total number of nonzero: 4731054 (15.08%)
 >> number of distinct nonzero: 6682
 >> CRSV  size: 21301720 bytes  (8.49%)
 >> B	  size: 11006932 bytes  (4.39%)
 >> B_ans size: 3642011 bytes  (1.45%)
 >> RE32  size: 18368199 bytes  (7.32%)
 >> REIV  size: 10608003 bytes  (4.23%)
 >> REANS size: 9392610 bytes  (3.74%)
==== Done
REANS -b 20

#### 2026-09-08 08:51:11
 Command line: ./mm-repair/matrepair -r -b 20 -p 20 /mnt/data/datasets/machine-learning-matrices-split/covtype.csv 581012 54 
Setting memory for each repair instance to 23202 MBs
Sending logging messages to file: /mnt/data/datasets/machine-learning-matrices-split/covtype.csv.log
==== Conversion bin/csv->csrv
Command: /home/louza/mm-repair/csvmat2csrv -b 20   /mnt/data/datasets/machine-learning-matrices-split/covtype.csv -r 0   581012 54
Conversion time: 11.8404
==== Repair paralell compression
---- Executing 20 parallel processes
---- Parallel processing completed
Repair time: 0.5131
==== Integer vector .C compression
Command: /home/louza/mm-repair/sdsl/encode.x /mnt/data/datasets/machine-learning-matrices-split/covtype.csv.20.0.vc.C 
==== Integer vector .R compression
Command: /home/louza/mm-repair/sdsl/encode.x /mnt/data/datasets/machine-learning-matrices-split/covtype.csv.20.0.vc.R 
Integer vector compression time: 0.0375
==== Ans-fold compression
Command: /home/louza/mm-repair/ans/encode.x /mnt/data/datasets/machine-learning-matrices-split/covtype.csv.20.0.vc.C 
Ans-fold time: 0.0215
==== Integer vector .C compression
Command: /home/louza/mm-repair/sdsl/encode.x /mnt/data/datasets/machine-learning-matrices-split/covtype.csv.20.1.vc.C 
==== Integer vector .R compression
Command: /home/louza/mm-repair/sdsl/encode.x /mnt/data/datasets/machine-learning-matrices-split/covtype.csv.20.1.vc.R 
Integer vector compression time: 0.0354
==== Ans-fold compression
Command: /home/louza/mm-repair/ans/encode.x /mnt/data/datasets/machine-learning-matrices-split/covtype.csv.20.1.vc.C 
Ans-fold time: 0.0425
==== Integer vector .C compression
Command: /home/louza/mm-repair/sdsl/encode.x /mnt/data/datasets/machine-learning-matrices-split/covtype.csv.20.2.vc.C 
==== Integer vector .R compression
Command: /home/louza/mm-repair/sdsl/encode.x /mnt/data/datasets/machine-learning-matrices-split/covtype.csv.20.2.vc.R 
Integer vector compression time: 0.1602
==== Ans-fold compression
Command: /home/louza/mm-repair/ans/encode.x /mnt/data/datasets/machine-learning-matrices-split/covtype.csv.20.2.vc.C 
Ans-fold time: 0.1620
==== Integer vector .C compression
Command: /home/louza/mm-repair/sdsl/encode.x /mnt/data/datasets/machine-learning-matrices-split/covtype.csv.20.3.vc.C 
==== Integer vector .R compression
Command: /home/louza/mm-repair/sdsl/encode.x /mnt/data/datasets/machine-learning-matrices-split/covtype.csv.20.3.vc.R 
Integer vector compression time: 0.0363
==== Ans-fold compression
Command: /home/louza/mm-repair/ans/encode.x /mnt/data/datasets/machine-learning-matrices-split/covtype.csv.20.3.vc.C 
Ans-fold time: 0.1814
==== Integer vector .C compression
Command: /home/louza/mm-repair/sdsl/encode.x /mnt/data/datasets/machine-learning-matrices-split/covtype.csv.20.4.vc.C 
==== Integer vector .R compression
Command: /home/louza/mm-repair/sdsl/encode.x /mnt/data/datasets/machine-learning-matrices-split/covtype.csv.20.4.vc.R 
Integer vector compression time: 0.0341
==== Ans-fold compression
Command: /home/louza/mm-repair/ans/encode.x /mnt/data/datasets/machine-learning-matrices-split/covtype.csv.20.4.vc.C 
Ans-fold time: 0.2003
==== Integer vector .C compression
Command: /home/louza/mm-repair/sdsl/encode.x /mnt/data/datasets/machine-learning-matrices-split/covtype.csv.20.5.vc.C 
==== Integer vector .R compression
Command: /home/louza/mm-repair/sdsl/encode.x /mnt/data/datasets/machine-learning-matrices-split/covtype.csv.20.5.vc.R 
Integer vector compression time: 0.2216
==== Ans-fold compression
Command: /home/louza/mm-repair/ans/encode.x /mnt/data/datasets/machine-learning-matrices-split/covtype.csv.20.5.vc.C 
Ans-fold time: 0.2198
==== Integer vector .C compression
Command: /home/louza/mm-repair/sdsl/encode.x /mnt/data/datasets/machine-learning-matrices-split/covtype.csv.20.6.vc.C 
==== Integer vector .R compression
Command: /home/louza/mm-repair/sdsl/encode.x /mnt/data/datasets/machine-learning-matrices-split/covtype.csv.20.6.vc.R 
Integer vector compression time: 0.0347
==== Ans-fold compression
Command: /home/louza/mm-repair/ans/encode.x /mnt/data/datasets/machine-learning-matrices-split/covtype.csv.20.6.vc.C 
Ans-fold time: 0.2385
==== Integer vector .C compression
Command: /home/louza/mm-repair/sdsl/encode.x /mnt/data/datasets/machine-learning-matrices-split/covtype.csv.20.7.vc.C 
==== Integer vector .R compression
Command: /home/louza/mm-repair/sdsl/encode.x /mnt/data/datasets/machine-learning-matrices-split/covtype.csv.20.7.vc.R 
Integer vector compression time: 0.0340
==== Ans-fold compression
Command: /home/louza/mm-repair/ans/encode.x /mnt/data/datasets/machine-learning-matrices-split/covtype.csv.20.7.vc.C 
Ans-fold time: 0.3551
==== Integer vector .C compression
Command: /home/louza/mm-repair/sdsl/encode.x /mnt/data/datasets/machine-learning-matrices-split/covtype.csv.20.8.vc.C 
==== Integer vector .R compression
Command: /home/louza/mm-repair/sdsl/encode.x /mnt/data/datasets/machine-learning-matrices-split/covtype.csv.20.8.vc.R 
Integer vector compression time: 0.0353
==== Ans-fold compression
Command: /home/louza/mm-repair/ans/encode.x /mnt/data/datasets/machine-learning-matrices-split/covtype.csv.20.8.vc.C 
Ans-fold time: 0.5562
==== Integer vector .C compression
Command: /home/louza/mm-repair/sdsl/encode.x /mnt/data/datasets/machine-learning-matrices-split/covtype.csv.20.9.vc.C 
==== Integer vector .R compression
Command: /home/louza/mm-repair/sdsl/encode.x /mnt/data/datasets/machine-learning-matrices-split/covtype.csv.20.9.vc.R 
Integer vector compression time: 0.0403
==== Ans-fold compression
Command: /home/louza/mm-repair/ans/encode.x /mnt/data/datasets/machine-learning-matrices-split/covtype.csv.20.9.vc.C 
Ans-fold time: 0.5769
==== Integer vector .C compression
Command: /home/louza/mm-repair/sdsl/encode.x /mnt/data/datasets/machine-learning-matrices-split/covtype.csv.20.10.vc.C 
==== Integer vector .R compression
Command: /home/louza/mm-repair/sdsl/encode.x /mnt/data/datasets/machine-learning-matrices-split/covtype.csv.20.10.vc.R 
Integer vector compression time: 0.0528
==== Ans-fold compression
Command: /home/louza/mm-repair/ans/encode.x /mnt/data/datasets/machine-learning-matrices-split/covtype.csv.20.10.vc.C 
Ans-fold time: 0.5966
==== Integer vector .C compression
Command: /home/louza/mm-repair/sdsl/encode.x /mnt/data/datasets/machine-learning-matrices-split/covtype.csv.20.11.vc.C 
==== Integer vector .R compression
Command: /home/louza/mm-repair/sdsl/encode.x /mnt/data/datasets/machine-learning-matrices-split/covtype.csv.20.11.vc.R 
Integer vector compression time: 0.1962
==== Ans-fold compression
Command: /home/louza/mm-repair/ans/encode.x /mnt/data/datasets/machine-learning-matrices-split/covtype.csv.20.11.vc.C 
Ans-fold time: 0.6161
==== Integer vector .C compression
Command: /home/louza/mm-repair/sdsl/encode.x /mnt/data/datasets/machine-learning-matrices-split/covtype.csv.20.12.vc.C 
==== Integer vector .R compression
Command: /home/louza/mm-repair/sdsl/encode.x /mnt/data/datasets/machine-learning-matrices-split/covtype.csv.20.12.vc.R 
Integer vector compression time: 0.3665
==== Ans-fold compression
Command: /home/louza/mm-repair/ans/encode.x /mnt/data/datasets/machine-learning-matrices-split/covtype.csv.20.12.vc.C 
Ans-fold time: 0.6368
==== Integer vector .C compression
Command: /home/louza/mm-repair/sdsl/encode.x /mnt/data/datasets/machine-learning-matrices-split/covtype.csv.20.13.vc.C 
==== Integer vector .R compression
Command: /home/louza/mm-repair/sdsl/encode.x /mnt/data/datasets/machine-learning-matrices-split/covtype.csv.20.13.vc.R 
Integer vector compression time: 0.0407
==== Ans-fold compression
Command: /home/louza/mm-repair/ans/encode.x /mnt/data/datasets/machine-learning-matrices-split/covtype.csv.20.13.vc.C 
Ans-fold time: 0.6733
==== Integer vector .C compression
Command: /home/louza/mm-repair/sdsl/encode.x /mnt/data/datasets/machine-learning-matrices-split/covtype.csv.20.14.vc.C 
==== Integer vector .R compression
Command: /home/louza/mm-repair/sdsl/encode.x /mnt/data/datasets/machine-learning-matrices-split/covtype.csv.20.14.vc.R 
Integer vector compression time: 0.0336
==== Ans-fold compression
Command: /home/louza/mm-repair/ans/encode.x /mnt/data/datasets/machine-learning-matrices-split/covtype.csv.20.14.vc.C 
Ans-fold time: 0.6914
==== Integer vector .C compression
Command: /home/louza/mm-repair/sdsl/encode.x /mnt/data/datasets/machine-learning-matrices-split/covtype.csv.20.15.vc.C 
==== Integer vector .R compression
Command: /home/louza/mm-repair/sdsl/encode.x /mnt/data/datasets/machine-learning-matrices-split/covtype.csv.20.15.vc.R 
Integer vector compression time: 0.0327
==== Ans-fold compression
Command: /home/louza/mm-repair/ans/encode.x /mnt/data/datasets/machine-learning-matrices-split/covtype.csv.20.15.vc.C 
Ans-fold time: 0.7261
==== Integer vector .C compression
Command: /home/louza/mm-repair/sdsl/encode.x /mnt/data/datasets/machine-learning-matrices-split/covtype.csv.20.16.vc.C 
==== Integer vector .R compression
Command: /home/louza/mm-repair/sdsl/encode.x /mnt/data/datasets/machine-learning-matrices-split/covtype.csv.20.16.vc.R 
Integer vector compression time: 0.0333
==== Ans-fold compression
Command: /home/louza/mm-repair/ans/encode.x /mnt/data/datasets/machine-learning-matrices-split/covtype.csv.20.16.vc.C 
Ans-fold time: 0.7448
==== Integer vector .C compression
Command: /home/louza/mm-repair/sdsl/encode.x /mnt/data/datasets/machine-learning-matrices-split/covtype.csv.20.17.vc.C 
==== Integer vector .R compression
Command: /home/louza/mm-repair/sdsl/encode.x /mnt/data/datasets/machine-learning-matrices-split/covtype.csv.20.17.vc.R 
Integer vector compression time: 0.2863
==== Ans-fold compression
Command: /home/louza/mm-repair/ans/encode.x /mnt/data/datasets/machine-learning-matrices-split/covtype.csv.20.17.vc.C 
Ans-fold time: 0.8330
==== Integer vector .C compression
Command: /home/louza/mm-repair/sdsl/encode.x /mnt/data/datasets/machine-learning-matrices-split/covtype.csv.20.18.vc.C 
==== Integer vector .R compression
Command: /home/louza/mm-repair/sdsl/encode.x /mnt/data/datasets/machine-learning-matrices-split/covtype.csv.20.18.vc.R 
Integer vector compression time: 0.0334
==== Ans-fold compression
Command: /home/louza/mm-repair/ans/encode.x /mnt/data/datasets/machine-learning-matrices-split/covtype.csv.20.18.vc.C 
Ans-fold time: 0.8521
==== Integer vector .C compression
Command: /home/louza/mm-repair/sdsl/encode.x /mnt/data/datasets/machine-learning-matrices-split/covtype.csv.20.19.vc.C 
==== Integer vector .R compression
Command: /home/louza/mm-repair/sdsl/encode.x /mnt/data/datasets/machine-learning-matrices-split/covtype.csv.20.19.vc.R 
Integer vector compression time: 0.0577
==== Ans-fold compression
Command: /home/louza/mm-repair/ans/encode.x /mnt/data/datasets/machine-learning-matrices-split/covtype.csv.20.19.vc.C 
Ans-fold time: 0.9440
Elapsed time: 15.1013
==== Compression Report:
 >> matrix name: /mnt/data/datasets/machine-learning-matrices-split/covtype.csv
 >> conversion time: 11.84
 >> repair time: 0.51
 >> integer vectors time: 0.06
 >> ansf time: 0.94
 >> total time: 15.10
 >> matrix log(alpha)xNumEntries size: 50983803 bytes
 >> matrix dense size: 250997184 bytes
 >> total number of nonzero: 6901775 (22.00%)
 >> number of distinct nonzero: 6682
 >> CRSV  size: 29984604 bytes  (11.95%)
 >> RE32  size: 22482476 bytes  (8.96%)
 >> REIV  size: 13371200 bytes  (5.33%)
 >> REANS size: 11695121 bytes  (4.66%)
==== Done

#### 2026-09-08 08:51:26
 Command line: ./mm-repair/matrepair -r -b 20 -p 20 /mnt/data/datasets/machine-learning-matrices-split/covtype.csv 581012 54 --ole 
Setting memory for each repair instance to 23202 MBs
Sending logging messages to file: /mnt/data/datasets/machine-learning-matrices-split/covtype.csv.log
==== Conversion bin/csv->csrv
Command: /home/louza/mm-repair/csvmat2csrv -b 20   /mnt/data/datasets/machine-learning-matrices-split/covtype.csv -r 0   581012 54
Conversion time: 2.0759
==== Repair paralell compression
---- Executing 20 parallel processes
---- Parallel processing completed
Repair time: 0.5565
==== Integer vector .C compression
Command: /home/louza/mm-repair/sdsl/encode.x /mnt/data/datasets/machine-learning-matrices-split/covtype.csv.20.0.vc.C 
==== Integer vector .R compression
Command: /home/louza/mm-repair/sdsl/encode.x /mnt/data/datasets/machine-learning-matrices-split/covtype.csv.20.0.vc.R 
Integer vector compression time: 0.0373
==== OLE
Command: /home/louza/mm-repair/ole/encode.x /mnt/data/datasets/machine-learning-matrices-split/covtype.csv.20.0.vc.C 
OLE time: 0.0246
==== Ans-fold compression
Command: /home/louza/mm-repair/ans/encode.x /mnt/data/datasets/machine-learning-matrices-split/covtype.csv.20.0.vc.C 
Ans-fold time: 0.0323
==== Integer vector .C compression
Command: /home/louza/mm-repair/sdsl/encode.x /mnt/data/datasets/machine-learning-matrices-split/covtype.csv.20.1.vc.C 
==== Integer vector .R compression
Command: /home/louza/mm-repair/sdsl/encode.x /mnt/data/datasets/machine-learning-matrices-split/covtype.csv.20.1.vc.R 
Integer vector compression time: 0.0439
==== OLE
Command: /home/louza/mm-repair/ole/encode.x /mnt/data/datasets/machine-learning-matrices-split/covtype.csv.20.1.vc.C 
OLE time: 0.0066
==== Ans-fold compression
Command: /home/louza/mm-repair/ans/encode.x /mnt/data/datasets/machine-learning-matrices-split/covtype.csv.20.1.vc.C 
Ans-fold time: 0.0593
==== Integer vector .C compression
Command: /home/louza/mm-repair/sdsl/encode.x /mnt/data/datasets/machine-learning-matrices-split/covtype.csv.20.2.vc.C 
==== Integer vector .R compression
Command: /home/louza/mm-repair/sdsl/encode.x /mnt/data/datasets/machine-learning-matrices-split/covtype.csv.20.2.vc.R 
Integer vector compression time: 0.0357
==== OLE
Command: /home/louza/mm-repair/ole/encode.x /mnt/data/datasets/machine-learning-matrices-split/covtype.csv.20.2.vc.C 
OLE time: 0.0060
==== Ans-fold compression
Command: /home/louza/mm-repair/ans/encode.x /mnt/data/datasets/machine-learning-matrices-split/covtype.csv.20.2.vc.C 
Ans-fold time: 0.0879
==== Integer vector .C compression
Command: /home/louza/mm-repair/sdsl/encode.x /mnt/data/datasets/machine-learning-matrices-split/covtype.csv.20.3.vc.C 
==== Integer vector .R compression
Command: /home/louza/mm-repair/sdsl/encode.x /mnt/data/datasets/machine-learning-matrices-split/covtype.csv.20.3.vc.R 
Integer vector compression time: 0.0694
==== OLE
Command: /home/louza/mm-repair/ole/encode.x /mnt/data/datasets/machine-learning-matrices-split/covtype.csv.20.3.vc.C 
OLE time: 0.0156
==== Ans-fold compression
Command: /home/louza/mm-repair/ans/encode.x /mnt/data/datasets/machine-learning-matrices-split/covtype.csv.20.3.vc.C 
Ans-fold time: 0.1180
==== Integer vector .C compression
Command: /home/louza/mm-repair/sdsl/encode.x /mnt/data/datasets/machine-learning-matrices-split/covtype.csv.20.4.vc.C 
==== Integer vector .R compression
Command: /home/louza/mm-repair/sdsl/encode.x /mnt/data/datasets/machine-learning-matrices-split/covtype.csv.20.4.vc.R 
Integer vector compression time: 0.0392
==== OLE
Command: /home/louza/mm-repair/ole/encode.x /mnt/data/datasets/machine-learning-matrices-split/covtype.csv.20.4.vc.C 
OLE time: 0.0074
==== Ans-fold compression
Command: /home/louza/mm-repair/ans/encode.x /mnt/data/datasets/machine-learning-matrices-split/covtype.csv.20.4.vc.C 
Ans-fold time: 0.1471
==== Integer vector .C compression
Command: /home/louza/mm-repair/sdsl/encode.x /mnt/data/datasets/machine-learning-matrices-split/covtype.csv.20.5.vc.C 
==== Integer vector .R compression
Command: /home/louza/mm-repair/sdsl/encode.x /mnt/data/datasets/machine-learning-matrices-split/covtype.csv.20.5.vc.R 
Integer vector compression time: 0.0400
==== OLE
Command: /home/louza/mm-repair/ole/encode.x /mnt/data/datasets/machine-learning-matrices-split/covtype.csv.20.5.vc.C 
OLE time: 0.0066
==== Ans-fold compression
Command: /home/louza/mm-repair/ans/encode.x /mnt/data/datasets/machine-learning-matrices-split/covtype.csv.20.5.vc.C 
Ans-fold time: 0.1753
==== Integer vector .C compression
Command: /home/louza/mm-repair/sdsl/encode.x /mnt/data/datasets/machine-learning-matrices-split/covtype.csv.20.6.vc.C 
==== Integer vector .R compression
Command: /home/louza/mm-repair/sdsl/encode.x /mnt/data/datasets/machine-learning-matrices-split/covtype.csv.20.6.vc.R 
Integer vector compression time: 0.0331
==== OLE
Command: /home/louza/mm-repair/ole/encode.x /mnt/data/datasets/machine-learning-matrices-split/covtype.csv.20.6.vc.C 
OLE time: 0.0071
==== Ans-fold compression
Command: /home/louza/mm-repair/ans/encode.x /mnt/data/datasets/machine-learning-matrices-split/covtype.csv.20.6.vc.C 
Ans-fold time: 0.2052
==== Integer vector .C compression
Command: /home/louza/mm-repair/sdsl/encode.x /mnt/data/datasets/machine-learning-matrices-split/covtype.csv.20.7.vc.C 
==== Integer vector .R compression
Command: /home/louza/mm-repair/sdsl/encode.x /mnt/data/datasets/machine-learning-matrices-split/covtype.csv.20.7.vc.R 
Integer vector compression time: 0.1103
==== OLE
Command: /home/louza/mm-repair/ole/encode.x /mnt/data/datasets/machine-learning-matrices-split/covtype.csv.20.7.vc.C 
OLE time: 0.0076
==== Ans-fold compression
Command: /home/louza/mm-repair/ans/encode.x /mnt/data/datasets/machine-learning-matrices-split/covtype.csv.20.7.vc.C 
Ans-fold time: 0.3795
==== Integer vector .C compression
Command: /home/louza/mm-repair/sdsl/encode.x /mnt/data/datasets/machine-learning-matrices-split/covtype.csv.20.8.vc.C 
==== Integer vector .R compression
Command: /home/louza/mm-repair/sdsl/encode.x /mnt/data/datasets/machine-learning-matrices-split/covtype.csv.20.8.vc.R 
Integer vector compression time: 0.2591
==== OLE
Command: /home/louza/mm-repair/ole/encode.x /mnt/data/datasets/machine-learning-matrices-split/covtype.csv.20.8.vc.C 
OLE time: 0.0239
==== Ans-fold compression
Command: /home/louza/mm-repair/ans/encode.x /mnt/data/datasets/machine-learning-matrices-split/covtype.csv.20.8.vc.C 
Ans-fold time: 0.4117
==== Integer vector .C compression
Command: /home/louza/mm-repair/sdsl/encode.x /mnt/data/datasets/machine-learning-matrices-split/covtype.csv.20.9.vc.C 
==== Integer vector .R compression
Command: /home/louza/mm-repair/sdsl/encode.x /mnt/data/datasets/machine-learning-matrices-split/covtype.csv.20.9.vc.R 
Integer vector compression time: 0.1182
==== OLE
Command: /home/louza/mm-repair/ole/encode.x /mnt/data/datasets/machine-learning-matrices-split/covtype.csv.20.9.vc.C 
OLE time: 0.0105
==== Ans-fold compression
Command: /home/louza/mm-repair/ans/encode.x /mnt/data/datasets/machine-learning-matrices-split/covtype.csv.20.9.vc.C 
Ans-fold time: 0.5436
==== Integer vector .C compression
Command: /home/louza/mm-repair/sdsl/encode.x /mnt/data/datasets/machine-learning-matrices-split/covtype.csv.20.10.vc.C 
==== Integer vector .R compression
Command: /home/louza/mm-repair/sdsl/encode.x /mnt/data/datasets/machine-learning-matrices-split/covtype.csv.20.10.vc.R 
Integer vector compression time: 0.0561
==== OLE
Command: /home/louza/mm-repair/ole/encode.x /mnt/data/datasets/machine-learning-matrices-split/covtype.csv.20.10.vc.C 
OLE time: 0.0768
==== Ans-fold compression
Command: /home/louza/mm-repair/ans/encode.x /mnt/data/datasets/machine-learning-matrices-split/covtype.csv.20.10.vc.C 
Ans-fold time: 0.5898
==== Integer vector .C compression
Command: /home/louza/mm-repair/sdsl/encode.x /mnt/data/datasets/machine-learning-matrices-split/covtype.csv.20.11.vc.C 
==== Integer vector .R compression
Command: /home/louza/mm-repair/sdsl/encode.x /mnt/data/datasets/machine-learning-matrices-split/covtype.csv.20.11.vc.R 
Integer vector compression time: 0.2025
==== OLE
Command: /home/louza/mm-repair/ole/encode.x /mnt/data/datasets/machine-learning-matrices-split/covtype.csv.20.11.vc.C 
OLE time: 0.0280
==== Ans-fold compression
Command: /home/louza/mm-repair/ans/encode.x /mnt/data/datasets/machine-learning-matrices-split/covtype.csv.20.11.vc.C 
Ans-fold time: 0.6370
==== Integer vector .C compression
Command: /home/louza/mm-repair/sdsl/encode.x /mnt/data/datasets/machine-learning-matrices-split/covtype.csv.20.12.vc.C 
==== Integer vector .R compression
Command: /home/louza/mm-repair/sdsl/encode.x /mnt/data/datasets/machine-learning-matrices-split/covtype.csv.20.12.vc.R 
Integer vector compression time: 0.1619
==== OLE
Command: /home/louza/mm-repair/ole/encode.x /mnt/data/datasets/machine-learning-matrices-split/covtype.csv.20.12.vc.C 
OLE time: 0.0486
==== Ans-fold compression
Command: /home/louza/mm-repair/ans/encode.x /mnt/data/datasets/machine-learning-matrices-split/covtype.csv.20.12.vc.C 
Ans-fold time: 0.6757
==== Integer vector .C compression
Command: /home/louza/mm-repair/sdsl/encode.x /mnt/data/datasets/machine-learning-matrices-split/covtype.csv.20.13.vc.C 
==== Integer vector .R compression
Command: /home/louza/mm-repair/sdsl/encode.x /mnt/data/datasets/machine-learning-matrices-split/covtype.csv.20.13.vc.R 
Integer vector compression time: 0.0350
==== OLE
Command: /home/louza/mm-repair/ole/encode.x /mnt/data/datasets/machine-learning-matrices-split/covtype.csv.20.13.vc.C 
OLE time: 0.0061
==== Ans-fold compression
Command: /home/louza/mm-repair/ans/encode.x /mnt/data/datasets/machine-learning-matrices-split/covtype.csv.20.13.vc.C 
Ans-fold time: 0.7009
==== Integer vector .C compression
Command: /home/louza/mm-repair/sdsl/encode.x /mnt/data/datasets/machine-learning-matrices-split/covtype.csv.20.14.vc.C 
==== Integer vector .R compression
Command: /home/louza/mm-repair/sdsl/encode.x /mnt/data/datasets/machine-learning-matrices-split/covtype.csv.20.14.vc.R 
Integer vector compression time: 0.0323
==== OLE
Command: /home/louza/mm-repair/ole/encode.x /mnt/data/datasets/machine-learning-matrices-split/covtype.csv.20.14.vc.C 
OLE time: 0.0059
==== Ans-fold compression
Command: /home/louza/mm-repair/ans/encode.x /mnt/data/datasets/machine-learning-matrices-split/covtype.csv.20.14.vc.C 
Ans-fold time: 0.7557
==== Integer vector .C compression
Command: /home/louza/mm-repair/sdsl/encode.x /mnt/data/datasets/machine-learning-matrices-split/covtype.csv.20.15.vc.C 
==== Integer vector .R compression
Command: /home/louza/mm-repair/sdsl/encode.x /mnt/data/datasets/machine-learning-matrices-split/covtype.csv.20.15.vc.R 
Integer vector compression time: 0.0329
==== OLE
Command: /home/louza/mm-repair/ole/encode.x /mnt/data/datasets/machine-learning-matrices-split/covtype.csv.20.15.vc.C 
OLE time: 0.0059
==== Ans-fold compression
Command: /home/louza/mm-repair/ans/encode.x /mnt/data/datasets/machine-learning-matrices-split/covtype.csv.20.15.vc.C 
Ans-fold time: 0.7850
==== Integer vector .C compression
Command: /home/louza/mm-repair/sdsl/encode.x /mnt/data/datasets/machine-learning-matrices-split/covtype.csv.20.16.vc.C 
==== Integer vector .R compression
Command: /home/louza/mm-repair/sdsl/encode.x /mnt/data/datasets/machine-learning-matrices-split/covtype.csv.20.16.vc.R 
Integer vector compression time: 0.0331
==== OLE
Command: /home/louza/mm-repair/ole/encode.x /mnt/data/datasets/machine-learning-matrices-split/covtype.csv.20.16.vc.C 
OLE time: 0.0080
==== Ans-fold compression
Command: /home/louza/mm-repair/ans/encode.x /mnt/data/datasets/machine-learning-matrices-split/covtype.csv.20.16.vc.C 
Ans-fold time: 0.8126
==== Integer vector .C compression
Command: /home/louza/mm-repair/sdsl/encode.x /mnt/data/datasets/machine-learning-matrices-split/covtype.csv.20.17.vc.C 
==== Integer vector .R compression
Command: /home/louza/mm-repair/sdsl/encode.x /mnt/data/datasets/machine-learning-matrices-split/covtype.csv.20.17.vc.R 
Integer vector compression time: 0.0333
==== OLE
Command: /home/louza/mm-repair/ole/encode.x /mnt/data/datasets/machine-learning-matrices-split/covtype.csv.20.17.vc.C 
OLE time: 0.0074
==== Ans-fold compression
Command: /home/louza/mm-repair/ans/encode.x /mnt/data/datasets/machine-learning-matrices-split/covtype.csv.20.17.vc.C 
Ans-fold time: 0.8425
==== Integer vector .C compression
Command: /home/louza/mm-repair/sdsl/encode.x /mnt/data/datasets/machine-learning-matrices-split/covtype.csv.20.18.vc.C 
==== Integer vector .R compression
Command: /home/louza/mm-repair/sdsl/encode.x /mnt/data/datasets/machine-learning-matrices-split/covtype.csv.20.18.vc.R 
Integer vector compression time: 0.0359
==== OLE
Command: /home/louza/mm-repair/ole/encode.x /mnt/data/datasets/machine-learning-matrices-split/covtype.csv.20.18.vc.C 
OLE time: 0.0069
==== Ans-fold compression
Command: /home/louza/mm-repair/ans/encode.x /mnt/data/datasets/machine-learning-matrices-split/covtype.csv.20.18.vc.C 
Ans-fold time: 0.8693
==== Integer vector .C compression
Command: /home/louza/mm-repair/sdsl/encode.x /mnt/data/datasets/machine-learning-matrices-split/covtype.csv.20.19.vc.C 
==== Integer vector .R compression
Command: /home/louza/mm-repair/sdsl/encode.x /mnt/data/datasets/machine-learning-matrices-split/covtype.csv.20.19.vc.R 
Integer vector compression time: 0.0319
==== OLE
Command: /home/louza/mm-repair/ole/encode.x /mnt/data/datasets/machine-learning-matrices-split/covtype.csv.20.19.vc.C 
OLE time: 0.0084
==== Ans-fold compression
Command: /home/louza/mm-repair/ans/encode.x /mnt/data/datasets/machine-learning-matrices-split/covtype.csv.20.19.vc.C 
Ans-fold time: 0.8991
Elapsed time: 5.2921
==== Compression Report:
 >> matrix name: /mnt/data/datasets/machine-learning-matrices-split/covtype.csv
 >> conversion time: 2.08
 >> repair time: 0.56
 >> integer vectors time: 0.03
 >> ansf time: 0.90
 >> total time: 5.29
 >> matrix log(alpha)xNumEntries size: 50983803 bytes
 >> matrix dense size: 250997184 bytes
 >> total number of nonzero: 6901775 (22.00%)
 >> number of distinct nonzero: 6682
 >> CRSV  size: 29984604 bytes  (11.95%)
 >> RE32  size: 22482476 bytes  (8.96%)
 >> REIV  size: 13371200 bytes  (5.33%)
 >> REANS size: 11153835 bytes  (4.44%)
==== Done

#### 2026-09-08 08:51:31
 Command line: ./mm-repair/matrepair -r -b 20 -p 20 /mnt/data/datasets/machine-learning-matrices-split/covtype.csv 581012 54 --mapping 
Setting memory for each repair instance to 23202 MBs
Sending logging messages to file: /mnt/data/datasets/machine-learning-matrices-split/covtype.csv.log
==== Conversion bin/csv->csrv
Command: /home/louza/mm-repair/csvmat2csrv -b 20   /mnt/data/datasets/machine-learning-matrices-split/covtype.csv -r 0 -m  581012 54
Conversion time: 4.1273
==== Repair paralell compression
---- Executing 20 parallel processes
---- Parallel processing completed
Repair time: 0.6219
==== Integer vector .C compression
Command: /home/louza/mm-repair/sdsl/encode.x /mnt/data/datasets/machine-learning-matrices-split/covtype.csv.20.0.vc.C 
==== Integer vector .R compression
Command: /home/louza/mm-repair/sdsl/encode.x /mnt/data/datasets/machine-learning-matrices-split/covtype.csv.20.0.vc.R 
Integer vector compression time: 0.2489
==== Ans-fold compression
Command: /home/louza/mm-repair/ans/encode.x /mnt/data/datasets/machine-learning-matrices-split/covtype.csv.20.0.vc.C 
Ans-fold time: 0.0255
==== Integer vector .C compression
Command: /home/louza/mm-repair/sdsl/encode.x /mnt/data/datasets/machine-learning-matrices-split/covtype.csv.20.1.vc.C 
==== Integer vector .R compression
Command: /home/louza/mm-repair/sdsl/encode.x /mnt/data/datasets/machine-learning-matrices-split/covtype.csv.20.1.vc.R 
Integer vector compression time: 0.2920
==== Ans-fold compression
Command: /home/louza/mm-repair/ans/encode.x /mnt/data/datasets/machine-learning-matrices-split/covtype.csv.20.1.vc.C 
Ans-fold time: 0.2462
==== Integer vector .C compression
Command: /home/louza/mm-repair/sdsl/encode.x /mnt/data/datasets/machine-learning-matrices-split/covtype.csv.20.2.vc.C 
==== Integer vector .R compression
Command: /home/louza/mm-repair/sdsl/encode.x /mnt/data/datasets/machine-learning-matrices-split/covtype.csv.20.2.vc.R 
Integer vector compression time: 0.1443
==== Ans-fold compression
Command: /home/louza/mm-repair/ans/encode.x /mnt/data/datasets/machine-learning-matrices-split/covtype.csv.20.2.vc.C 
Ans-fold time: 0.2902
==== Integer vector .C compression
Command: /home/louza/mm-repair/sdsl/encode.x /mnt/data/datasets/machine-learning-matrices-split/covtype.csv.20.3.vc.C 
==== Integer vector .R compression
Command: /home/louza/mm-repair/sdsl/encode.x /mnt/data/datasets/machine-learning-matrices-split/covtype.csv.20.3.vc.R 
Integer vector compression time: 0.3371
==== Ans-fold compression
Command: /home/louza/mm-repair/ans/encode.x /mnt/data/datasets/machine-learning-matrices-split/covtype.csv.20.3.vc.C 
Ans-fold time: 0.4649
==== Integer vector .C compression
Command: /home/louza/mm-repair/sdsl/encode.x /mnt/data/datasets/machine-learning-matrices-split/covtype.csv.20.4.vc.C 
==== Integer vector .R compression
Command: /home/louza/mm-repair/sdsl/encode.x /mnt/data/datasets/machine-learning-matrices-split/covtype.csv.20.4.vc.R 
Integer vector compression time: 0.2846
==== Ans-fold compression
Command: /home/louza/mm-repair/ans/encode.x /mnt/data/datasets/machine-learning-matrices-split/covtype.csv.20.4.vc.C 
Ans-fold time: 0.7776
==== Integer vector .C compression
Command: /home/louza/mm-repair/sdsl/encode.x /mnt/data/datasets/machine-learning-matrices-split/covtype.csv.20.5.vc.C 
==== Integer vector .R compression
Command: /home/louza/mm-repair/sdsl/encode.x /mnt/data/datasets/machine-learning-matrices-split/covtype.csv.20.5.vc.R 
Integer vector compression time: 0.3460
==== Ans-fold compression
Command: /home/louza/mm-repair/ans/encode.x /mnt/data/datasets/machine-learning-matrices-split/covtype.csv.20.5.vc.C 
Ans-fold time: 0.9783
==== Integer vector .C compression
Command: /home/louza/mm-repair/sdsl/encode.x /mnt/data/datasets/machine-learning-matrices-split/covtype.csv.20.6.vc.C 
==== Integer vector .R compression
Command: /home/louza/mm-repair/sdsl/encode.x /mnt/data/datasets/machine-learning-matrices-split/covtype.csv.20.6.vc.R 
Integer vector compression time: 0.4197
==== Ans-fold compression
Command: /home/louza/mm-repair/ans/encode.x /mnt/data/datasets/machine-learning-matrices-split/covtype.csv.20.6.vc.C 
Ans-fold time: 1.1325
==== Integer vector .C compression
Command: /home/louza/mm-repair/sdsl/encode.x /mnt/data/datasets/machine-learning-matrices-split/covtype.csv.20.7.vc.C 
==== Integer vector .R compression
Command: /home/louza/mm-repair/sdsl/encode.x /mnt/data/datasets/machine-learning-matrices-split/covtype.csv.20.7.vc.R 
Integer vector compression time: 0.3094
==== Ans-fold compression
Command: /home/louza/mm-repair/ans/encode.x /mnt/data/datasets/machine-learning-matrices-split/covtype.csv.20.7.vc.C 
Ans-fold time: 1.2751
==== Integer vector .C compression
Command: /home/louza/mm-repair/sdsl/encode.x /mnt/data/datasets/machine-learning-matrices-split/covtype.csv.20.8.vc.C 
==== Integer vector .R compression
Command: /home/louza/mm-repair/sdsl/encode.x /mnt/data/datasets/machine-learning-matrices-split/covtype.csv.20.8.vc.R 
Integer vector compression time: 0.3416
==== Ans-fold compression
Command: /home/louza/mm-repair/ans/encode.x /mnt/data/datasets/machine-learning-matrices-split/covtype.csv.20.8.vc.C 
Ans-fold time: 1.5455
==== Integer vector .C compression
Command: /home/louza/mm-repair/sdsl/encode.x /mnt/data/datasets/machine-learning-matrices-split/covtype.csv.20.9.vc.C 
==== Integer vector .R compression
Command: /home/louza/mm-repair/sdsl/encode.x /mnt/data/datasets/machine-learning-matrices-split/covtype.csv.20.9.vc.R 
Integer vector compression time: 0.2586
==== Ans-fold compression
Command: /home/louza/mm-repair/ans/encode.x /mnt/data/datasets/machine-learning-matrices-split/covtype.csv.20.9.vc.C 
Ans-fold time: 1.5838
==== Integer vector .C compression
Command: /home/louza/mm-repair/sdsl/encode.x /mnt/data/datasets/machine-learning-matrices-split/covtype.csv.20.10.vc.C 
==== Integer vector .R compression
Command: /home/louza/mm-repair/sdsl/encode.x /mnt/data/datasets/machine-learning-matrices-split/covtype.csv.20.10.vc.R 
Integer vector compression time: 0.1591
==== Ans-fold compression
Command: /home/louza/mm-repair/ans/encode.x /mnt/data/datasets/machine-learning-matrices-split/covtype.csv.20.10.vc.C 
Ans-fold time: 1.7420
==== Integer vector .C compression
Command: /home/louza/mm-repair/sdsl/encode.x /mnt/data/datasets/machine-learning-matrices-split/covtype.csv.20.11.vc.C 
==== Integer vector .R compression
Command: /home/louza/mm-repair/sdsl/encode.x /mnt/data/datasets/machine-learning-matrices-split/covtype.csv.20.11.vc.R 
Integer vector compression time: 0.3039
==== Ans-fold compression
Command: /home/louza/mm-repair/ans/encode.x /mnt/data/datasets/machine-learning-matrices-split/covtype.csv.20.11.vc.C 
Ans-fold time: 1.9451
==== Integer vector .C compression
Command: /home/louza/mm-repair/sdsl/encode.x /mnt/data/datasets/machine-learning-matrices-split/covtype.csv.20.12.vc.C 
==== Integer vector .R compression
Command: /home/louza/mm-repair/sdsl/encode.x /mnt/data/datasets/machine-learning-matrices-split/covtype.csv.20.12.vc.R 
Integer vector compression time: 0.2261
==== Ans-fold compression
Command: /home/louza/mm-repair/ans/encode.x /mnt/data/datasets/machine-learning-matrices-split/covtype.csv.20.12.vc.C 
Ans-fold time: 2.0403
==== Integer vector .C compression
Command: /home/louza/mm-repair/sdsl/encode.x /mnt/data/datasets/machine-learning-matrices-split/covtype.csv.20.13.vc.C 
==== Integer vector .R compression
Command: /home/louza/mm-repair/sdsl/encode.x /mnt/data/datasets/machine-learning-matrices-split/covtype.csv.20.13.vc.R 
Integer vector compression time: 0.3381
==== Ans-fold compression
Command: /home/louza/mm-repair/ans/encode.x /mnt/data/datasets/machine-learning-matrices-split/covtype.csv.20.13.vc.C 
Ans-fold time: 2.0670
==== Integer vector .C compression
Command: /home/louza/mm-repair/sdsl/encode.x /mnt/data/datasets/machine-learning-matrices-split/covtype.csv.20.14.vc.C 
==== Integer vector .R compression
Command: /home/louza/mm-repair/sdsl/encode.x /mnt/data/datasets/machine-learning-matrices-split/covtype.csv.20.14.vc.R 
Integer vector compression time: 0.1549
==== Ans-fold compression
Command: /home/louza/mm-repair/ans/encode.x /mnt/data/datasets/machine-learning-matrices-split/covtype.csv.20.14.vc.C 
Ans-fold time: 2.1373
==== Integer vector .C compression
Command: /home/louza/mm-repair/sdsl/encode.x /mnt/data/datasets/machine-learning-matrices-split/covtype.csv.20.15.vc.C 
==== Integer vector .R compression
Command: /home/louza/mm-repair/sdsl/encode.x /mnt/data/datasets/machine-learning-matrices-split/covtype.csv.20.15.vc.R 
Integer vector compression time: 0.1688
==== Ans-fold compression
Command: /home/louza/mm-repair/ans/encode.x /mnt/data/datasets/machine-learning-matrices-split/covtype.csv.20.15.vc.C 
Ans-fold time: 2.1602
==== Integer vector .C compression
Command: /home/louza/mm-repair/sdsl/encode.x /mnt/data/datasets/machine-learning-matrices-split/covtype.csv.20.16.vc.C 
==== Integer vector .R compression
Command: /home/louza/mm-repair/sdsl/encode.x /mnt/data/datasets/machine-learning-matrices-split/covtype.csv.20.16.vc.R 
Integer vector compression time: 0.2015
==== Ans-fold compression
Command: /home/louza/mm-repair/ans/encode.x /mnt/data/datasets/machine-learning-matrices-split/covtype.csv.20.16.vc.C 
Ans-fold time: 2.2709
==== Integer vector .C compression
Command: /home/louza/mm-repair/sdsl/encode.x /mnt/data/datasets/machine-learning-matrices-split/covtype.csv.20.17.vc.C 
==== Integer vector .R compression
Command: /home/louza/mm-repair/sdsl/encode.x /mnt/data/datasets/machine-learning-matrices-split/covtype.csv.20.17.vc.R 
Integer vector compression time: 0.3177
==== Ans-fold compression
Command: /home/louza/mm-repair/ans/encode.x /mnt/data/datasets/machine-learning-matrices-split/covtype.csv.20.17.vc.C 
Ans-fold time: 2.3318
==== Integer vector .C compression
Command: /home/louza/mm-repair/sdsl/encode.x /mnt/data/datasets/machine-learning-matrices-split/covtype.csv.20.18.vc.C 
==== Integer vector .R compression
Command: /home/louza/mm-repair/sdsl/encode.x /mnt/data/datasets/machine-learning-matrices-split/covtype.csv.20.18.vc.R 
Integer vector compression time: 0.1409
==== Ans-fold compression
Command: /home/louza/mm-repair/ans/encode.x /mnt/data/datasets/machine-learning-matrices-split/covtype.csv.20.18.vc.C 
Ans-fold time: 2.3782
==== Integer vector .C compression
Command: /home/louza/mm-repair/sdsl/encode.x /mnt/data/datasets/machine-learning-matrices-split/covtype.csv.20.19.vc.C 
==== Integer vector .R compression
Command: /home/louza/mm-repair/sdsl/encode.x /mnt/data/datasets/machine-learning-matrices-split/covtype.csv.20.19.vc.R 
Integer vector compression time: 0.0745
==== Ans-fold compression
Command: /home/louza/mm-repair/ans/encode.x /mnt/data/datasets/machine-learning-matrices-split/covtype.csv.20.19.vc.C 
Ans-fold time: 2.4820
Command: /home/louza/mm-repair/ans/encode.x /mnt/data/datasets/machine-learning-matrices-split/covtype.csv.wcode 
Elapsed time: 12.5226
==== Compression Report:
 >> matrix name: /mnt/data/datasets/machine-learning-matrices-split/covtype.csv
 >> conversion time: 4.13
 >> repair time: 0.62
 >> integer vectors time: 0.07
 >> ansf time: 2.48
 >> total time: 12.52
 >> wcode: 63808 bytes
 >> wcode_ans: 5738 bytes
 >> matrix log(alpha)xNumEntries size: 50983803 bytes
 >> matrix dense size: 250997184 bytes
 >> total number of nonzero: 6901775 (22.00%)
 >> number of distinct nonzero: 6682
 >> CRSV  size: 29984604 bytes  (11.95%)
 >> RE32  size: 22546284 bytes  (8.98%)
 >> REIV  size: 11332256 bytes  (4.51%)
 >> REANS size: 9781224 bytes  (3.90%)
==== Done

#### 2026-09-08 08:51:44
 Command line: ./mm-repair/matrepair -r -b 20 -p 20 /mnt/data/datasets/machine-learning-matrices-split/covtype.csv 581012 54 --split 
Setting memory for each repair instance to 23202 MBs
Sending logging messages to file: /mnt/data/datasets/machine-learning-matrices-split/covtype.csv.log
==== Conversion bin/csv->csrv
Command: /home/louza/mm-repair/csvmat2csrv -b 20   /mnt/data/datasets/machine-learning-matrices-split/covtype.csv -r 0  -s 581012 54
Conversion time: 14.0001
==== Repair paralell compression
---- Executing 20 parallel processes
---- Parallel processing completed
Repair time: 0.8387
==== Integer vector .C compression
Command: /home/louza/mm-repair/sdsl/encode.x /mnt/data/datasets/machine-learning-matrices-split/covtype.csv.20.0.A.vc.C 
==== Integer vector .R compression
Command: /home/louza/mm-repair/sdsl/encode.x /mnt/data/datasets/machine-learning-matrices-split/covtype.csv.20.0.A.vc.R 
Integer vector compression time: 0.0296
==== Ans-fold compression
Command: /home/louza/mm-repair/ans/encode.x /mnt/data/datasets/machine-learning-matrices-split/covtype.csv.20.0.A.vc.C 
Command: /home/louza/mm-repair/ans/encode.x /mnt/data/datasets/machine-learning-matrices-split/covtype.csv.20.0.B.vc
Ans-fold time: 0.0233
==== Integer vector .C compression
Command: /home/louza/mm-repair/sdsl/encode.x /mnt/data/datasets/machine-learning-matrices-split/covtype.csv.20.1.A.vc.C 
==== Integer vector .R compression
Command: /home/louza/mm-repair/sdsl/encode.x /mnt/data/datasets/machine-learning-matrices-split/covtype.csv.20.1.A.vc.R 
Integer vector compression time: 0.0286
==== Ans-fold compression
Command: /home/louza/mm-repair/ans/encode.x /mnt/data/datasets/machine-learning-matrices-split/covtype.csv.20.1.A.vc.C 
Command: /home/louza/mm-repair/ans/encode.x /mnt/data/datasets/machine-learning-matrices-split/covtype.csv.20.1.B.vc
Ans-fold time: 0.0441
==== Integer vector .C compression
Command: /home/louza/mm-repair/sdsl/encode.x /mnt/data/datasets/machine-learning-matrices-split/covtype.csv.20.2.A.vc.C 
==== Integer vector .R compression
Command: /home/louza/mm-repair/sdsl/encode.x /mnt/data/datasets/machine-learning-matrices-split/covtype.csv.20.2.A.vc.R 
Integer vector compression time: 0.0325
==== Ans-fold compression
Command: /home/louza/mm-repair/ans/encode.x /mnt/data/datasets/machine-learning-matrices-split/covtype.csv.20.2.A.vc.C 
Command: /home/louza/mm-repair/ans/encode.x /mnt/data/datasets/machine-learning-matrices-split/covtype.csv.20.2.B.vc
Ans-fold time: 0.0659
==== Integer vector .C compression
Command: /home/louza/mm-repair/sdsl/encode.x /mnt/data/datasets/machine-learning-matrices-split/covtype.csv.20.3.A.vc.C 
==== Integer vector .R compression
Command: /home/louza/mm-repair/sdsl/encode.x /mnt/data/datasets/machine-learning-matrices-split/covtype.csv.20.3.A.vc.R 
Integer vector compression time: 0.5444
==== Ans-fold compression
Command: /home/louza/mm-repair/ans/encode.x /mnt/data/datasets/machine-learning-matrices-split/covtype.csv.20.3.A.vc.C 
Command: /home/louza/mm-repair/ans/encode.x /mnt/data/datasets/machine-learning-matrices-split/covtype.csv.20.3.B.vc
Ans-fold time: 0.0871
==== Integer vector .C compression
Command: /home/louza/mm-repair/sdsl/encode.x /mnt/data/datasets/machine-learning-matrices-split/covtype.csv.20.4.A.vc.C 
==== Integer vector .R compression
Command: /home/louza/mm-repair/sdsl/encode.x /mnt/data/datasets/machine-learning-matrices-split/covtype.csv.20.4.A.vc.R 
Integer vector compression time: 0.0329
==== Ans-fold compression
Command: /home/louza/mm-repair/ans/encode.x /mnt/data/datasets/machine-learning-matrices-split/covtype.csv.20.4.A.vc.C 
Command: /home/louza/mm-repair/ans/encode.x /mnt/data/datasets/machine-learning-matrices-split/covtype.csv.20.4.B.vc
Ans-fold time: 0.1090
==== Integer vector .C compression
Command: /home/louza/mm-repair/sdsl/encode.x /mnt/data/datasets/machine-learning-matrices-split/covtype.csv.20.5.A.vc.C 
==== Integer vector .R compression
Command: /home/louza/mm-repair/sdsl/encode.x /mnt/data/datasets/machine-learning-matrices-split/covtype.csv.20.5.A.vc.R 
Integer vector compression time: 0.0916
==== Ans-fold compression
Command: /home/louza/mm-repair/ans/encode.x /mnt/data/datasets/machine-learning-matrices-split/covtype.csv.20.5.A.vc.C 
Command: /home/louza/mm-repair/ans/encode.x /mnt/data/datasets/machine-learning-matrices-split/covtype.csv.20.5.B.vc
Ans-fold time: 0.1402
==== Integer vector .C compression
Command: /home/louza/mm-repair/sdsl/encode.x /mnt/data/datasets/machine-learning-matrices-split/covtype.csv.20.6.A.vc.C 
==== Integer vector .R compression
Command: /home/louza/mm-repair/sdsl/encode.x /mnt/data/datasets/machine-learning-matrices-split/covtype.csv.20.6.A.vc.R 
Integer vector compression time: 0.0310
==== Ans-fold compression
Command: /home/louza/mm-repair/ans/encode.x /mnt/data/datasets/machine-learning-matrices-split/covtype.csv.20.6.A.vc.C 
Command: /home/louza/mm-repair/ans/encode.x /mnt/data/datasets/machine-learning-matrices-split/covtype.csv.20.6.B.vc
Ans-fold time: 0.1622
==== Integer vector .C compression
Command: /home/louza/mm-repair/sdsl/encode.x /mnt/data/datasets/machine-learning-matrices-split/covtype.csv.20.7.A.vc.C 
==== Integer vector .R compression
Command: /home/louza/mm-repair/sdsl/encode.x /mnt/data/datasets/machine-learning-matrices-split/covtype.csv.20.7.A.vc.R 
Integer vector compression time: 0.0268
==== Ans-fold compression
Command: /home/louza/mm-repair/ans/encode.x /mnt/data/datasets/machine-learning-matrices-split/covtype.csv.20.7.A.vc.C 
Command: /home/louza/mm-repair/ans/encode.x /mnt/data/datasets/machine-learning-matrices-split/covtype.csv.20.7.B.vc
Ans-fold time: 0.1861
==== Integer vector .C compression
Command: /home/louza/mm-repair/sdsl/encode.x /mnt/data/datasets/machine-learning-matrices-split/covtype.csv.20.8.A.vc.C 
==== Integer vector .R compression
Command: /home/louza/mm-repair/sdsl/encode.x /mnt/data/datasets/machine-learning-matrices-split/covtype.csv.20.8.A.vc.R 
Integer vector compression time: 0.0309
==== Ans-fold compression
Command: /home/louza/mm-repair/ans/encode.x /mnt/data/datasets/machine-learning-matrices-split/covtype.csv.20.8.A.vc.C 
Command: /home/louza/mm-repair/ans/encode.x /mnt/data/datasets/machine-learning-matrices-split/covtype.csv.20.8.B.vc
Ans-fold time: 0.2111
==== Integer vector .C compression
Command: /home/louza/mm-repair/sdsl/encode.x /mnt/data/datasets/machine-learning-matrices-split/covtype.csv.20.9.A.vc.C 
==== Integer vector .R compression
Command: /home/louza/mm-repair/sdsl/encode.x /mnt/data/datasets/machine-learning-matrices-split/covtype.csv.20.9.A.vc.R 
Integer vector compression time: 0.0321
==== Ans-fold compression
Command: /home/louza/mm-repair/ans/encode.x /mnt/data/datasets/machine-learning-matrices-split/covtype.csv.20.9.A.vc.C 
Command: /home/louza/mm-repair/ans/encode.x /mnt/data/datasets/machine-learning-matrices-split/covtype.csv.20.9.B.vc
Ans-fold time: 0.2343
==== Integer vector .C compression
Command: /home/louza/mm-repair/sdsl/encode.x /mnt/data/datasets/machine-learning-matrices-split/covtype.csv.20.10.A.vc.C 
==== Integer vector .R compression
Command: /home/louza/mm-repair/sdsl/encode.x /mnt/data/datasets/machine-learning-matrices-split/covtype.csv.20.10.A.vc.R 
Integer vector compression time: 0.0673
==== Ans-fold compression
Command: /home/louza/mm-repair/ans/encode.x /mnt/data/datasets/machine-learning-matrices-split/covtype.csv.20.10.A.vc.C 
Command: /home/louza/mm-repair/ans/encode.x /mnt/data/datasets/machine-learning-matrices-split/covtype.csv.20.10.B.vc
Ans-fold time: 0.2771
==== Integer vector .C compression
Command: /home/louza/mm-repair/sdsl/encode.x /mnt/data/datasets/machine-learning-matrices-split/covtype.csv.20.11.A.vc.C 
==== Integer vector .R compression
Command: /home/louza/mm-repair/sdsl/encode.x /mnt/data/datasets/machine-learning-matrices-split/covtype.csv.20.11.A.vc.R 
Integer vector compression time: 0.0307
==== Ans-fold compression
Command: /home/louza/mm-repair/ans/encode.x /mnt/data/datasets/machine-learning-matrices-split/covtype.csv.20.11.A.vc.C 
Command: /home/louza/mm-repair/ans/encode.x /mnt/data/datasets/machine-learning-matrices-split/covtype.csv.20.11.B.vc
Ans-fold time: 0.3010
==== Integer vector .C compression
Command: /home/louza/mm-repair/sdsl/encode.x /mnt/data/datasets/machine-learning-matrices-split/covtype.csv.20.12.A.vc.C 
==== Integer vector .R compression
Command: /home/louza/mm-repair/sdsl/encode.x /mnt/data/datasets/machine-learning-matrices-split/covtype.csv.20.12.A.vc.R 
Integer vector compression time: 0.0335
==== Ans-fold compression
Command: /home/louza/mm-repair/ans/encode.x /mnt/data/datasets/machine-learning-matrices-split/covtype.csv.20.12.A.vc.C 
Command: /home/louza/mm-repair/ans/encode.x /mnt/data/datasets/machine-learning-matrices-split/covtype.csv.20.12.B.vc
Ans-fold time: 0.3235
==== Integer vector .C compression
Command: /home/louza/mm-repair/sdsl/encode.x /mnt/data/datasets/machine-learning-matrices-split/covtype.csv.20.13.A.vc.C 
==== Integer vector .R compression
Command: /home/louza/mm-repair/sdsl/encode.x /mnt/data/datasets/machine-learning-matrices-split/covtype.csv.20.13.A.vc.R 
Integer vector compression time: 0.0303
==== Ans-fold compression
Command: /home/louza/mm-repair/ans/encode.x /mnt/data/datasets/machine-learning-matrices-split/covtype.csv.20.13.A.vc.C 
Command: /home/louza/mm-repair/ans/encode.x /mnt/data/datasets/machine-learning-matrices-split/covtype.csv.20.13.B.vc
Ans-fold time: 0.3459
==== Integer vector .C compression
Command: /home/louza/mm-repair/sdsl/encode.x /mnt/data/datasets/machine-learning-matrices-split/covtype.csv.20.14.A.vc.C 
==== Integer vector .R compression
Command: /home/louza/mm-repair/sdsl/encode.x /mnt/data/datasets/machine-learning-matrices-split/covtype.csv.20.14.A.vc.R 
Integer vector compression time: 0.0316
==== Ans-fold compression
Command: /home/louza/mm-repair/ans/encode.x /mnt/data/datasets/machine-learning-matrices-split/covtype.csv.20.14.A.vc.C 
Command: /home/louza/mm-repair/ans/encode.x /mnt/data/datasets/machine-learning-matrices-split/covtype.csv.20.14.B.vc
Ans-fold time: 0.3686
==== Integer vector .C compression
Command: /home/louza/mm-repair/sdsl/encode.x /mnt/data/datasets/machine-learning-matrices-split/covtype.csv.20.15.A.vc.C 
==== Integer vector .R compression
Command: /home/louza/mm-repair/sdsl/encode.x /mnt/data/datasets/machine-learning-matrices-split/covtype.csv.20.15.A.vc.R 
Integer vector compression time: 0.0317
==== Ans-fold compression
Command: /home/louza/mm-repair/ans/encode.x /mnt/data/datasets/machine-learning-matrices-split/covtype.csv.20.15.A.vc.C 
Command: /home/louza/mm-repair/ans/encode.x /mnt/data/datasets/machine-learning-matrices-split/covtype.csv.20.15.B.vc
Ans-fold time: 0.3913
==== Integer vector .C compression
Command: /home/louza/mm-repair/sdsl/encode.x /mnt/data/datasets/machine-learning-matrices-split/covtype.csv.20.16.A.vc.C 
==== Integer vector .R compression
Command: /home/louza/mm-repair/sdsl/encode.x /mnt/data/datasets/machine-learning-matrices-split/covtype.csv.20.16.A.vc.R 
Integer vector compression time: 0.0369
==== Ans-fold compression
Command: /home/louza/mm-repair/ans/encode.x /mnt/data/datasets/machine-learning-matrices-split/covtype.csv.20.16.A.vc.C 
Command: /home/louza/mm-repair/ans/encode.x /mnt/data/datasets/machine-learning-matrices-split/covtype.csv.20.16.B.vc
Ans-fold time: 0.6824
==== Integer vector .C compression
Command: /home/louza/mm-repair/sdsl/encode.x /mnt/data/datasets/machine-learning-matrices-split/covtype.csv.20.17.A.vc.C 
==== Integer vector .R compression
Command: /home/louza/mm-repair/sdsl/encode.x /mnt/data/datasets/machine-learning-matrices-split/covtype.csv.20.17.A.vc.R 
Integer vector compression time: 0.0316
==== Ans-fold compression
Command: /home/louza/mm-repair/ans/encode.x /mnt/data/datasets/machine-learning-matrices-split/covtype.csv.20.17.A.vc.C 
Command: /home/louza/mm-repair/ans/encode.x /mnt/data/datasets/machine-learning-matrices-split/covtype.csv.20.17.B.vc
Ans-fold time: 0.7060
==== Integer vector .C compression
Command: /home/louza/mm-repair/sdsl/encode.x /mnt/data/datasets/machine-learning-matrices-split/covtype.csv.20.18.A.vc.C 
==== Integer vector .R compression
Command: /home/louza/mm-repair/sdsl/encode.x /mnt/data/datasets/machine-learning-matrices-split/covtype.csv.20.18.A.vc.R 
Integer vector compression time: 0.0306
==== Ans-fold compression
Command: /home/louza/mm-repair/ans/encode.x /mnt/data/datasets/machine-learning-matrices-split/covtype.csv.20.18.A.vc.C 
Command: /home/louza/mm-repair/ans/encode.x /mnt/data/datasets/machine-learning-matrices-split/covtype.csv.20.18.B.vc
Ans-fold time: 0.7290
==== Integer vector .C compression
Command: /home/louza/mm-repair/sdsl/encode.x /mnt/data/datasets/machine-learning-matrices-split/covtype.csv.20.19.A.vc.C 
==== Integer vector .R compression
Command: /home/louza/mm-repair/sdsl/encode.x /mnt/data/datasets/machine-learning-matrices-split/covtype.csv.20.19.A.vc.R 
Integer vector compression time: 0.0314
==== Ans-fold compression
Command: /home/louza/mm-repair/ans/encode.x /mnt/data/datasets/machine-learning-matrices-split/covtype.csv.20.19.A.vc.C 
Command: /home/louza/mm-repair/ans/encode.x /mnt/data/datasets/machine-learning-matrices-split/covtype.csv.20.19.B.vc
Ans-fold time: 0.7507
Elapsed time: 16.8265
==== Compression Report:
 >> matrix name: /mnt/data/datasets/machine-learning-matrices-split/covtype.csv
 >> conversion time: 14.00
 >> repair time: 0.84
 >> integer vectors time: 0.03
 >> ansf time: 0.75
 >> total time: 16.83
 >> matrix log(alpha)xNumEntries size: 50983803 bytes
 >> matrix dense size: 250997184 bytes
 >> total number of nonzero: 5073146 (16.17%)
 >> number of distinct nonzero: 6682
 >> CRSV  size: 22670088 bytes  (9.03%)
 >> B	  size: 9638564 bytes  (3.84%)
 >> B_ans size: 4274897 bytes  (1.70%)
 >> RE32  size: 19431533 bytes  (7.74%)
 >> REIV  size: 13249321 bytes  (5.28%)
 >> REANS size: 11587742 bytes  (4.62%)
==== Done

#### 2026-09-08 08:52:01
 Command line: ./mm-repair/matrepair -r -b 20 -p 20 /mnt/data/datasets/machine-learning-matrices-split/covtype.csv 581012 54 --ole --mapping 
Setting memory for each repair instance to 23202 MBs
Sending logging messages to file: /mnt/data/datasets/machine-learning-matrices-split/covtype.csv.log
==== Conversion bin/csv->csrv
Command: /home/louza/mm-repair/csvmat2csrv -b 20   /mnt/data/datasets/machine-learning-matrices-split/covtype.csv -r 0 -m  581012 54
Conversion time: 4.1538
==== Repair paralell compression
---- Executing 20 parallel processes
---- Parallel processing completed
Repair time: 0.3753
==== Integer vector .C compression
Command: /home/louza/mm-repair/sdsl/encode.x /mnt/data/datasets/machine-learning-matrices-split/covtype.csv.20.0.vc.C 
==== Integer vector .R compression
Command: /home/louza/mm-repair/sdsl/encode.x /mnt/data/datasets/machine-learning-matrices-split/covtype.csv.20.0.vc.R 
Integer vector compression time: 0.1311
==== OLE
Command: /home/louza/mm-repair/ole/encode.x /mnt/data/datasets/machine-learning-matrices-split/covtype.csv.20.0.vc.C 
OLE time: 0.0129
==== Ans-fold compression
Command: /home/louza/mm-repair/ans/encode.x /mnt/data/datasets/machine-learning-matrices-split/covtype.csv.20.0.vc.C 
Ans-fold time: 0.0722
==== Integer vector .C compression
Command: /home/louza/mm-repair/sdsl/encode.x /mnt/data/datasets/machine-learning-matrices-split/covtype.csv.20.1.vc.C 
==== Integer vector .R compression
Command: /home/louza/mm-repair/sdsl/encode.x /mnt/data/datasets/machine-learning-matrices-split/covtype.csv.20.1.vc.R 
Integer vector compression time: 0.0568
==== OLE
Command: /home/louza/mm-repair/ole/encode.x /mnt/data/datasets/machine-learning-matrices-split/covtype.csv.20.1.vc.C 
OLE time: 0.0378
==== Ans-fold compression
Command: /home/louza/mm-repair/ans/encode.x /mnt/data/datasets/machine-learning-matrices-split/covtype.csv.20.1.vc.C 
Ans-fold time: 0.1176
==== Integer vector .C compression
Command: /home/louza/mm-repair/sdsl/encode.x /mnt/data/datasets/machine-learning-matrices-split/covtype.csv.20.2.vc.C 
==== Integer vector .R compression
Command: /home/louza/mm-repair/sdsl/encode.x /mnt/data/datasets/machine-learning-matrices-split/covtype.csv.20.2.vc.R 
Integer vector compression time: 0.1585
==== OLE
Command: /home/louza/mm-repair/ole/encode.x /mnt/data/datasets/machine-learning-matrices-split/covtype.csv.20.2.vc.C 
OLE time: 0.0256
==== Ans-fold compression
Command: /home/louza/mm-repair/ans/encode.x /mnt/data/datasets/machine-learning-matrices-split/covtype.csv.20.2.vc.C 
Ans-fold time: 0.1340
==== Integer vector .C compression
Command: /home/louza/mm-repair/sdsl/encode.x /mnt/data/datasets/machine-learning-matrices-split/covtype.csv.20.3.vc.C 
==== Integer vector .R compression
Command: /home/louza/mm-repair/sdsl/encode.x /mnt/data/datasets/machine-learning-matrices-split/covtype.csv.20.3.vc.R 
Integer vector compression time: 0.0435
==== OLE
Command: /home/louza/mm-repair/ole/encode.x /mnt/data/datasets/machine-learning-matrices-split/covtype.csv.20.3.vc.C 
OLE time: 0.1272
==== Ans-fold compression
Command: /home/louza/mm-repair/ans/encode.x /mnt/data/datasets/machine-learning-matrices-split/covtype.csv.20.3.vc.C 
Ans-fold time: 0.1780
==== Integer vector .C compression
Command: /home/louza/mm-repair/sdsl/encode.x /mnt/data/datasets/machine-learning-matrices-split/covtype.csv.20.4.vc.C 
==== Integer vector .R compression
Command: /home/louza/mm-repair/sdsl/encode.x /mnt/data/datasets/machine-learning-matrices-split/covtype.csv.20.4.vc.R 
Integer vector compression time: 0.0625
==== OLE
Command: /home/louza/mm-repair/ole/encode.x /mnt/data/datasets/machine-learning-matrices-split/covtype.csv.20.4.vc.C 
OLE time: 0.0072
==== Ans-fold compression
Command: /home/louza/mm-repair/ans/encode.x /mnt/data/datasets/machine-learning-matrices-split/covtype.csv.20.4.vc.C 
Ans-fold time: 0.1923
==== Integer vector .C compression
Command: /home/louza/mm-repair/sdsl/encode.x /mnt/data/datasets/machine-learning-matrices-split/covtype.csv.20.5.vc.C 
==== Integer vector .R compression
Command: /home/louza/mm-repair/sdsl/encode.x /mnt/data/datasets/machine-learning-matrices-split/covtype.csv.20.5.vc.R 
Integer vector compression time: 0.0344
==== OLE
Command: /home/louza/mm-repair/ole/encode.x /mnt/data/datasets/machine-learning-matrices-split/covtype.csv.20.5.vc.C 
OLE time: 0.0060
==== Ans-fold compression
Command: /home/louza/mm-repair/ans/encode.x /mnt/data/datasets/machine-learning-matrices-split/covtype.csv.20.5.vc.C 
Ans-fold time: 0.2048
==== Integer vector .C compression
Command: /home/louza/mm-repair/sdsl/encode.x /mnt/data/datasets/machine-learning-matrices-split/covtype.csv.20.6.vc.C 
==== Integer vector .R compression
Command: /home/louza/mm-repair/sdsl/encode.x /mnt/data/datasets/machine-learning-matrices-split/covtype.csv.20.6.vc.R 
Integer vector compression time: 0.0352
==== OLE
Command: /home/louza/mm-repair/ole/encode.x /mnt/data/datasets/machine-learning-matrices-split/covtype.csv.20.6.vc.C 
OLE time: 0.0058
==== Ans-fold compression
Command: /home/louza/mm-repair/ans/encode.x /mnt/data/datasets/machine-learning-matrices-split/covtype.csv.20.6.vc.C 
Ans-fold time: 0.2188
==== Integer vector .C compression
Command: /home/louza/mm-repair/sdsl/encode.x /mnt/data/datasets/machine-learning-matrices-split/covtype.csv.20.7.vc.C 
==== Integer vector .R compression
Command: /home/louza/mm-repair/sdsl/encode.x /mnt/data/datasets/machine-learning-matrices-split/covtype.csv.20.7.vc.R 
Integer vector compression time: 0.0355
==== OLE
Command: /home/louza/mm-repair/ole/encode.x /mnt/data/datasets/machine-learning-matrices-split/covtype.csv.20.7.vc.C 
OLE time: 0.0064
==== Ans-fold compression
Command: /home/louza/mm-repair/ans/encode.x /mnt/data/datasets/machine-learning-matrices-split/covtype.csv.20.7.vc.C 
Ans-fold time: 0.2335
==== Integer vector .C compression
Command: /home/louza/mm-repair/sdsl/encode.x /mnt/data/datasets/machine-learning-matrices-split/covtype.csv.20.8.vc.C 
==== Integer vector .R compression
Command: /home/louza/mm-repair/sdsl/encode.x /mnt/data/datasets/machine-learning-matrices-split/covtype.csv.20.8.vc.R 
Integer vector compression time: 0.0354
==== OLE
Command: /home/louza/mm-repair/ole/encode.x /mnt/data/datasets/machine-learning-matrices-split/covtype.csv.20.8.vc.C 
OLE time: 0.0065
==== Ans-fold compression
Command: /home/louza/mm-repair/ans/encode.x /mnt/data/datasets/machine-learning-matrices-split/covtype.csv.20.8.vc.C 
Ans-fold time: 0.2490
==== Integer vector .C compression
Command: /home/louza/mm-repair/sdsl/encode.x /mnt/data/datasets/machine-learning-matrices-split/covtype.csv.20.9.vc.C 
==== Integer vector .R compression
Command: /home/louza/mm-repair/sdsl/encode.x /mnt/data/datasets/machine-learning-matrices-split/covtype.csv.20.9.vc.R 
Integer vector compression time: 0.0334
==== OLE
Command: /home/louza/mm-repair/ole/encode.x /mnt/data/datasets/machine-learning-matrices-split/covtype.csv.20.9.vc.C 
OLE time: 0.0063
==== Ans-fold compression
Command: /home/louza/mm-repair/ans/encode.x /mnt/data/datasets/machine-learning-matrices-split/covtype.csv.20.9.vc.C 
Ans-fold time: 0.2641
==== Integer vector .C compression
Command: /home/louza/mm-repair/sdsl/encode.x /mnt/data/datasets/machine-learning-matrices-split/covtype.csv.20.10.vc.C 
==== Integer vector .R compression
Command: /home/louza/mm-repair/sdsl/encode.x /mnt/data/datasets/machine-learning-matrices-split/covtype.csv.20.10.vc.R 
Integer vector compression time: 0.1159
==== OLE
Command: /home/louza/mm-repair/ole/encode.x /mnt/data/datasets/machine-learning-matrices-split/covtype.csv.20.10.vc.C 
OLE time: 0.0632
==== Ans-fold compression
Command: /home/louza/mm-repair/ans/encode.x /mnt/data/datasets/machine-learning-matrices-split/covtype.csv.20.10.vc.C 
Ans-fold time: 0.2998
==== Integer vector .C compression
Command: /home/louza/mm-repair/sdsl/encode.x /mnt/data/datasets/machine-learning-matrices-split/covtype.csv.20.11.vc.C 
==== Integer vector .R compression
Command: /home/louza/mm-repair/sdsl/encode.x /mnt/data/datasets/machine-learning-matrices-split/covtype.csv.20.11.vc.R 
Integer vector compression time: 0.0378
==== OLE
Command: /home/louza/mm-repair/ole/encode.x /mnt/data/datasets/machine-learning-matrices-split/covtype.csv.20.11.vc.C 
OLE time: 0.0450
==== Ans-fold compression
Command: /home/louza/mm-repair/ans/encode.x /mnt/data/datasets/machine-learning-matrices-split/covtype.csv.20.11.vc.C 
Ans-fold time: 0.3177
==== Integer vector .C compression
Command: /home/louza/mm-repair/sdsl/encode.x /mnt/data/datasets/machine-learning-matrices-split/covtype.csv.20.12.vc.C 
==== Integer vector .R compression
Command: /home/louza/mm-repair/sdsl/encode.x /mnt/data/datasets/machine-learning-matrices-split/covtype.csv.20.12.vc.R 
Integer vector compression time: 0.0362
==== OLE
Command: /home/louza/mm-repair/ole/encode.x /mnt/data/datasets/machine-learning-matrices-split/covtype.csv.20.12.vc.C 
OLE time: 0.0071
==== Ans-fold compression
Command: /home/louza/mm-repair/ans/encode.x /mnt/data/datasets/machine-learning-matrices-split/covtype.csv.20.12.vc.C 
Ans-fold time: 0.3336
==== Integer vector .C compression
Command: /home/louza/mm-repair/sdsl/encode.x /mnt/data/datasets/machine-learning-matrices-split/covtype.csv.20.13.vc.C 
==== Integer vector .R compression
Command: /home/louza/mm-repair/sdsl/encode.x /mnt/data/datasets/machine-learning-matrices-split/covtype.csv.20.13.vc.R 
Integer vector compression time: 0.0794
==== OLE
Command: /home/louza/mm-repair/ole/encode.x /mnt/data/datasets/machine-learning-matrices-split/covtype.csv.20.13.vc.C 
OLE time: 0.0084
==== Ans-fold compression
Command: /home/louza/mm-repair/ans/encode.x /mnt/data/datasets/machine-learning-matrices-split/covtype.csv.20.13.vc.C 
Ans-fold time: 0.3486
==== Integer vector .C compression
Command: /home/louza/mm-repair/sdsl/encode.x /mnt/data/datasets/machine-learning-matrices-split/covtype.csv.20.14.vc.C 
==== Integer vector .R compression
Command: /home/louza/mm-repair/sdsl/encode.x /mnt/data/datasets/machine-learning-matrices-split/covtype.csv.20.14.vc.R 
Integer vector compression time: 0.0353
==== OLE
Command: /home/louza/mm-repair/ole/encode.x /mnt/data/datasets/machine-learning-matrices-split/covtype.csv.20.14.vc.C 
OLE time: 0.0069
==== Ans-fold compression
Command: /home/louza/mm-repair/ans/encode.x /mnt/data/datasets/machine-learning-matrices-split/covtype.csv.20.14.vc.C 
Ans-fold time: 0.3646
==== Integer vector .C compression
Command: /home/louza/mm-repair/sdsl/encode.x /mnt/data/datasets/machine-learning-matrices-split/covtype.csv.20.15.vc.C 
==== Integer vector .R compression
Command: /home/louza/mm-repair/sdsl/encode.x /mnt/data/datasets/machine-learning-matrices-split/covtype.csv.20.15.vc.R 
Integer vector compression time: 0.0328
==== OLE
Command: /home/louza/mm-repair/ole/encode.x /mnt/data/datasets/machine-learning-matrices-split/covtype.csv.20.15.vc.C 
OLE time: 0.0059
==== Ans-fold compression
Command: /home/louza/mm-repair/ans/encode.x /mnt/data/datasets/machine-learning-matrices-split/covtype.csv.20.15.vc.C 
Ans-fold time: 0.3789
==== Integer vector .C compression
Command: /home/louza/mm-repair/sdsl/encode.x /mnt/data/datasets/machine-learning-matrices-split/covtype.csv.20.16.vc.C 
==== Integer vector .R compression
Command: /home/louza/mm-repair/sdsl/encode.x /mnt/data/datasets/machine-learning-matrices-split/covtype.csv.20.16.vc.R 
Integer vector compression time: 0.0327
==== OLE
Command: /home/louza/mm-repair/ole/encode.x /mnt/data/datasets/machine-learning-matrices-split/covtype.csv.20.16.vc.C 
OLE time: 0.0072
==== Ans-fold compression
Command: /home/louza/mm-repair/ans/encode.x /mnt/data/datasets/machine-learning-matrices-split/covtype.csv.20.16.vc.C 
Ans-fold time: 0.4000
==== Integer vector .C compression
Command: /home/louza/mm-repair/sdsl/encode.x /mnt/data/datasets/machine-learning-matrices-split/covtype.csv.20.17.vc.C 
==== Integer vector .R compression
Command: /home/louza/mm-repair/sdsl/encode.x /mnt/data/datasets/machine-learning-matrices-split/covtype.csv.20.17.vc.R 
Integer vector compression time: 0.0329
==== OLE
Command: /home/louza/mm-repair/ole/encode.x /mnt/data/datasets/machine-learning-matrices-split/covtype.csv.20.17.vc.C 
OLE time: 0.0061
==== Ans-fold compression
Command: /home/louza/mm-repair/ans/encode.x /mnt/data/datasets/machine-learning-matrices-split/covtype.csv.20.17.vc.C 
Ans-fold time: 0.4175
==== Integer vector .C compression
Command: /home/louza/mm-repair/sdsl/encode.x /mnt/data/datasets/machine-learning-matrices-split/covtype.csv.20.18.vc.C 
==== Integer vector .R compression
Command: /home/louza/mm-repair/sdsl/encode.x /mnt/data/datasets/machine-learning-matrices-split/covtype.csv.20.18.vc.R 
Integer vector compression time: 0.0472
==== OLE
Command: /home/louza/mm-repair/ole/encode.x /mnt/data/datasets/machine-learning-matrices-split/covtype.csv.20.18.vc.C 
OLE time: 0.0086
==== Ans-fold compression
Command: /home/louza/mm-repair/ans/encode.x /mnt/data/datasets/machine-learning-matrices-split/covtype.csv.20.18.vc.C 
Ans-fold time: 0.4348
==== Integer vector .C compression
Command: /home/louza/mm-repair/sdsl/encode.x /mnt/data/datasets/machine-learning-matrices-split/covtype.csv.20.19.vc.C 
==== Integer vector .R compression
Command: /home/louza/mm-repair/sdsl/encode.x /mnt/data/datasets/machine-learning-matrices-split/covtype.csv.20.19.vc.R 
Integer vector compression time: 0.0347
==== OLE
Command: /home/louza/mm-repair/ole/encode.x /mnt/data/datasets/machine-learning-matrices-split/covtype.csv.20.19.vc.C 
OLE time: 0.0090
==== Ans-fold compression
Command: /home/louza/mm-repair/ans/encode.x /mnt/data/datasets/machine-learning-matrices-split/covtype.csv.20.19.vc.C 
Ans-fold time: 0.4502
Command: /home/louza/mm-repair/ans/encode.x /mnt/data/datasets/machine-learning-matrices-split/covtype.csv.wcode 
Elapsed time: 6.5034
==== Compression Report:
 >> matrix name: /mnt/data/datasets/machine-learning-matrices-split/covtype.csv
 >> conversion time: 4.15
 >> repair time: 0.38
 >> integer vectors time: 0.03
 >> ansf time: 0.45
 >> total time: 6.50
 >> wcode: 63808 bytes
 >> wcode_ans: 5738 bytes
 >> matrix log(alpha)xNumEntries size: 50983803 bytes
 >> matrix dense size: 250997184 bytes
 >> total number of nonzero: 6901775 (22.00%)
 >> number of distinct nonzero: 6682
 >> CRSV  size: 29984604 bytes  (11.95%)
 >> RE32  size: 22546284 bytes  (8.98%)
 >> REIV  size: 11332256 bytes  (4.51%)
 >> REANS size: 9178639 bytes  (3.66%)
==== Done

#### 2026-09-08 08:52:07
 Command line: ./mm-repair/matrepair -r -b 20 -p 20 /mnt/data/datasets/machine-learning-matrices-split/covtype.csv 581012 54 --ole --split 
Setting memory for each repair instance to 23202 MBs
Sending logging messages to file: /mnt/data/datasets/machine-learning-matrices-split/covtype.csv.log
==== Conversion bin/csv->csrv
Command: /home/louza/mm-repair/csvmat2csrv -b 20   /mnt/data/datasets/machine-learning-matrices-split/covtype.csv -r 0  -s 581012 54
Conversion time: 20.9143
==== Repair paralell compression
---- Executing 20 parallel processes
---- Parallel processing completed
Repair time: 2.5237
==== Integer vector .C compression
Command: /home/louza/mm-repair/sdsl/encode.x /mnt/data/datasets/machine-learning-matrices-split/covtype.csv.20.0.A.vc.C 
==== Integer vector .R compression
Command: /home/louza/mm-repair/sdsl/encode.x /mnt/data/datasets/machine-learning-matrices-split/covtype.csv.20.0.A.vc.R 
Integer vector compression time: 0.3350
==== OLE
Command: /home/louza/mm-repair/ole/encode.x /mnt/data/datasets/machine-learning-matrices-split/covtype.csv.20.0.A.vc.C 
Command: /home/louza/mm-repair/ole/encode.x /mnt/data/datasets/machine-learning-matrices-split/covtype.csv.20.0.B.vc 
OLE time: 0.1352
==== Ans-fold compression
Command: /home/louza/mm-repair/ans/encode.x /mnt/data/datasets/machine-learning-matrices-split/covtype.csv.20.0.A.vc.C 
Command: /home/louza/mm-repair/ans/encode.x /mnt/data/datasets/machine-learning-matrices-split/covtype.csv.20.0.B.vc
Ans-fold time: 0.1972
==== Integer vector .C compression
Command: /home/louza/mm-repair/sdsl/encode.x /mnt/data/datasets/machine-learning-matrices-split/covtype.csv.20.1.A.vc.C 
==== Integer vector .R compression
Command: /home/louza/mm-repair/sdsl/encode.x /mnt/data/datasets/machine-learning-matrices-split/covtype.csv.20.1.A.vc.R 
Integer vector compression time: 0.2121
==== OLE
Command: /home/louza/mm-repair/ole/encode.x /mnt/data/datasets/machine-learning-matrices-split/covtype.csv.20.1.A.vc.C 
Command: /home/louza/mm-repair/ole/encode.x /mnt/data/datasets/machine-learning-matrices-split/covtype.csv.20.1.B.vc 
OLE time: 0.0285
==== Ans-fold compression
Command: /home/louza/mm-repair/ans/encode.x /mnt/data/datasets/machine-learning-matrices-split/covtype.csv.20.1.A.vc.C 
Command: /home/louza/mm-repair/ans/encode.x /mnt/data/datasets/machine-learning-matrices-split/covtype.csv.20.1.B.vc
Ans-fold time: 0.4308
==== Integer vector .C compression
Command: /home/louza/mm-repair/sdsl/encode.x /mnt/data/datasets/machine-learning-matrices-split/covtype.csv.20.2.A.vc.C 
==== Integer vector .R compression
Command: /home/louza/mm-repair/sdsl/encode.x /mnt/data/datasets/machine-learning-matrices-split/covtype.csv.20.2.A.vc.R 
Integer vector compression time: 0.4085
==== OLE
Command: /home/louza/mm-repair/ole/encode.x /mnt/data/datasets/machine-learning-matrices-split/covtype.csv.20.2.A.vc.C 
Command: /home/louza/mm-repair/ole/encode.x /mnt/data/datasets/machine-learning-matrices-split/covtype.csv.20.2.B.vc 
OLE time: 0.4577
==== Ans-fold compression
Command: /home/louza/mm-repair/ans/encode.x /mnt/data/datasets/machine-learning-matrices-split/covtype.csv.20.2.A.vc.C 
Command: /home/louza/mm-repair/ans/encode.x /mnt/data/datasets/machine-learning-matrices-split/covtype.csv.20.2.B.vc
Ans-fold time: 1.0271
==== Integer vector .C compression
Command: /home/louza/mm-repair/sdsl/encode.x /mnt/data/datasets/machine-learning-matrices-split/covtype.csv.20.3.A.vc.C 
==== Integer vector .R compression
Command: /home/louza/mm-repair/sdsl/encode.x /mnt/data/datasets/machine-learning-matrices-split/covtype.csv.20.3.A.vc.R 
Integer vector compression time: 0.0574
==== OLE
Command: /home/louza/mm-repair/ole/encode.x /mnt/data/datasets/machine-learning-matrices-split/covtype.csv.20.3.A.vc.C 
Command: /home/louza/mm-repair/ole/encode.x /mnt/data/datasets/machine-learning-matrices-split/covtype.csv.20.3.B.vc 
OLE time: 0.0591
==== Ans-fold compression
Command: /home/louza/mm-repair/ans/encode.x /mnt/data/datasets/machine-learning-matrices-split/covtype.csv.20.3.A.vc.C 
Command: /home/louza/mm-repair/ans/encode.x /mnt/data/datasets/machine-learning-matrices-split/covtype.csv.20.3.B.vc
Ans-fold time: 1.5431
==== Integer vector .C compression
Command: /home/louza/mm-repair/sdsl/encode.x /mnt/data/datasets/machine-learning-matrices-split/covtype.csv.20.4.A.vc.C 
==== Integer vector .R compression
Command: /home/louza/mm-repair/sdsl/encode.x /mnt/data/datasets/machine-learning-matrices-split/covtype.csv.20.4.A.vc.R 
Integer vector compression time: 0.1539
==== OLE
Command: /home/louza/mm-repair/ole/encode.x /mnt/data/datasets/machine-learning-matrices-split/covtype.csv.20.4.A.vc.C 
Command: /home/louza/mm-repair/ole/encode.x /mnt/data/datasets/machine-learning-matrices-split/covtype.csv.20.4.B.vc 
OLE time: 0.0488
==== Ans-fold compression
Command: /home/louza/mm-repair/ans/encode.x /mnt/data/datasets/machine-learning-matrices-split/covtype.csv.20.4.A.vc.C 
Command: /home/louza/mm-repair/ans/encode.x /mnt/data/datasets/machine-learning-matrices-split/covtype.csv.20.4.B.vc
Ans-fold time: 1.8793
==== Integer vector .C compression
Command: /home/louza/mm-repair/sdsl/encode.x /mnt/data/datasets/machine-learning-matrices-split/covtype.csv.20.5.A.vc.C 
==== Integer vector .R compression
Command: /home/louza/mm-repair/sdsl/encode.x /mnt/data/datasets/machine-learning-matrices-split/covtype.csv.20.5.A.vc.R 
Integer vector compression time: 0.3454
==== OLE
Command: /home/louza/mm-repair/ole/encode.x /mnt/data/datasets/machine-learning-matrices-split/covtype.csv.20.5.A.vc.C 
Command: /home/louza/mm-repair/ole/encode.x /mnt/data/datasets/machine-learning-matrices-split/covtype.csv.20.5.B.vc 
OLE time: 0.1275
==== Ans-fold compression
Command: /home/louza/mm-repair/ans/encode.x /mnt/data/datasets/machine-learning-matrices-split/covtype.csv.20.5.A.vc.C 
Command: /home/louza/mm-repair/ans/encode.x /mnt/data/datasets/machine-learning-matrices-split/covtype.csv.20.5.B.vc
Ans-fold time: 2.6786
==== Integer vector .C compression
Command: /home/louza/mm-repair/sdsl/encode.x /mnt/data/datasets/machine-learning-matrices-split/covtype.csv.20.6.A.vc.C 
==== Integer vector .R compression
Command: /home/louza/mm-repair/sdsl/encode.x /mnt/data/datasets/machine-learning-matrices-split/covtype.csv.20.6.A.vc.R 
Integer vector compression time: 0.4643
==== OLE
Command: /home/louza/mm-repair/ole/encode.x /mnt/data/datasets/machine-learning-matrices-split/covtype.csv.20.6.A.vc.C 
Command: /home/louza/mm-repair/ole/encode.x /mnt/data/datasets/machine-learning-matrices-split/covtype.csv.20.6.B.vc 
OLE time: 0.0379
==== Ans-fold compression
Command: /home/louza/mm-repair/ans/encode.x /mnt/data/datasets/machine-learning-matrices-split/covtype.csv.20.6.A.vc.C 
Command: /home/louza/mm-repair/ans/encode.x /mnt/data/datasets/machine-learning-matrices-split/covtype.csv.20.6.B.vc
Ans-fold time: 2.7800
==== Integer vector .C compression
Command: /home/louza/mm-repair/sdsl/encode.x /mnt/data/datasets/machine-learning-matrices-split/covtype.csv.20.7.A.vc.C 
==== Integer vector .R compression
Command: /home/louza/mm-repair/sdsl/encode.x /mnt/data/datasets/machine-learning-matrices-split/covtype.csv.20.7.A.vc.R 
Integer vector compression time: 0.8995
==== OLE
Command: /home/louza/mm-repair/ole/encode.x /mnt/data/datasets/machine-learning-matrices-split/covtype.csv.20.7.A.vc.C 
Command: /home/louza/mm-repair/ole/encode.x /mnt/data/datasets/machine-learning-matrices-split/covtype.csv.20.7.B.vc 
OLE time: 0.2738
==== Ans-fold compression
Command: /home/louza/mm-repair/ans/encode.x /mnt/data/datasets/machine-learning-matrices-split/covtype.csv.20.7.A.vc.C 
Command: /home/louza/mm-repair/ans/encode.x /mnt/data/datasets/machine-learning-matrices-split/covtype.csv.20.7.B.vc
Ans-fold time: 3.5285
==== Integer vector .C compression
Command: /home/louza/mm-repair/sdsl/encode.x /mnt/data/datasets/machine-learning-matrices-split/covtype.csv.20.8.A.vc.C 
==== Integer vector .R compression
Command: /home/louza/mm-repair/sdsl/encode.x /mnt/data/datasets/machine-learning-matrices-split/covtype.csv.20.8.A.vc.R 
Integer vector compression time: 0.2370
==== OLE
Command: /home/louza/mm-repair/ole/encode.x /mnt/data/datasets/machine-learning-matrices-split/covtype.csv.20.8.A.vc.C 
Command: /home/louza/mm-repair/ole/encode.x /mnt/data/datasets/machine-learning-matrices-split/covtype.csv.20.8.B.vc 
OLE time: 0.0838
==== Ans-fold compression
Command: /home/louza/mm-repair/ans/encode.x /mnt/data/datasets/machine-learning-matrices-split/covtype.csv.20.8.A.vc.C 
Command: /home/louza/mm-repair/ans/encode.x /mnt/data/datasets/machine-learning-matrices-split/covtype.csv.20.8.B.vc
Ans-fold time: 4.0352
==== Integer vector .C compression
Command: /home/louza/mm-repair/sdsl/encode.x /mnt/data/datasets/machine-learning-matrices-split/covtype.csv.20.9.A.vc.C 
==== Integer vector .R compression
Command: /home/louza/mm-repair/sdsl/encode.x /mnt/data/datasets/machine-learning-matrices-split/covtype.csv.20.9.A.vc.R 
Integer vector compression time: 0.6900
==== OLE
Command: /home/louza/mm-repair/ole/encode.x /mnt/data/datasets/machine-learning-matrices-split/covtype.csv.20.9.A.vc.C 
Command: /home/louza/mm-repair/ole/encode.x /mnt/data/datasets/machine-learning-matrices-split/covtype.csv.20.9.B.vc 
OLE time: 0.1516
==== Ans-fold compression
Command: /home/louza/mm-repair/ans/encode.x /mnt/data/datasets/machine-learning-matrices-split/covtype.csv.20.9.A.vc.C 
Command: /home/louza/mm-repair/ans/encode.x /mnt/data/datasets/machine-learning-matrices-split/covtype.csv.20.9.B.vc
Ans-fold time: 4.5321
==== Integer vector .C compression
Command: /home/louza/mm-repair/sdsl/encode.x /mnt/data/datasets/machine-learning-matrices-split/covtype.csv.20.10.A.vc.C 
==== Integer vector .R compression
Command: /home/louza/mm-repair/sdsl/encode.x /mnt/data/datasets/machine-learning-matrices-split/covtype.csv.20.10.A.vc.R 
Integer vector compression time: 0.7001
==== OLE
Command: /home/louza/mm-repair/ole/encode.x /mnt/data/datasets/machine-learning-matrices-split/covtype.csv.20.10.A.vc.C 
Command: /home/louza/mm-repair/ole/encode.x /mnt/data/datasets/machine-learning-matrices-split/covtype.csv.20.10.B.vc 
OLE time: 0.3398
==== Ans-fold compression
Command: /home/louza/mm-repair/ans/encode.x /mnt/data/datasets/machine-learning-matrices-split/covtype.csv.20.10.A.vc.C 
Command: /home/louza/mm-repair/ans/encode.x /mnt/data/datasets/machine-learning-matrices-split/covtype.csv.20.10.B.vc
Ans-fold time: 5.2954
==== Integer vector .C compression
Command: /home/louza/mm-repair/sdsl/encode.x /mnt/data/datasets/machine-learning-matrices-split/covtype.csv.20.11.A.vc.C 
==== Integer vector .R compression
Command: /home/louza/mm-repair/sdsl/encode.x /mnt/data/datasets/machine-learning-matrices-split/covtype.csv.20.11.A.vc.R 
Integer vector compression time: 0.4194
==== OLE
Command: /home/louza/mm-repair/ole/encode.x /mnt/data/datasets/machine-learning-matrices-split/covtype.csv.20.11.A.vc.C 
Command: /home/louza/mm-repair/ole/encode.x /mnt/data/datasets/machine-learning-matrices-split/covtype.csv.20.11.B.vc 
OLE time: 0.4167
==== Ans-fold compression
Command: /home/louza/mm-repair/ans/encode.x /mnt/data/datasets/machine-learning-matrices-split/covtype.csv.20.11.A.vc.C 
Command: /home/louza/mm-repair/ans/encode.x /mnt/data/datasets/machine-learning-matrices-split/covtype.csv.20.11.B.vc
Ans-fold time: 5.4694
==== Integer vector .C compression
Command: /home/louza/mm-repair/sdsl/encode.x /mnt/data/datasets/machine-learning-matrices-split/covtype.csv.20.12.A.vc.C 
==== Integer vector .R compression
Command: /home/louza/mm-repair/sdsl/encode.x /mnt/data/datasets/machine-learning-matrices-split/covtype.csv.20.12.A.vc.R 
Integer vector compression time: 0.1710
==== OLE
Command: /home/louza/mm-repair/ole/encode.x /mnt/data/datasets/machine-learning-matrices-split/covtype.csv.20.12.A.vc.C 
Command: /home/louza/mm-repair/ole/encode.x /mnt/data/datasets/machine-learning-matrices-split/covtype.csv.20.12.B.vc 
OLE time: 0.4104
==== Ans-fold compression
Command: /home/louza/mm-repair/ans/encode.x /mnt/data/datasets/machine-learning-matrices-split/covtype.csv.20.12.A.vc.C 
Command: /home/louza/mm-repair/ans/encode.x /mnt/data/datasets/machine-learning-matrices-split/covtype.csv.20.12.B.vc
Ans-fold time: 5.8340
==== Integer vector .C compression
Command: /home/louza/mm-repair/sdsl/encode.x /mnt/data/datasets/machine-learning-matrices-split/covtype.csv.20.13.A.vc.C 
==== Integer vector .R compression
Command: /home/louza/mm-repair/sdsl/encode.x /mnt/data/datasets/machine-learning-matrices-split/covtype.csv.20.13.A.vc.R 
Integer vector compression time: 0.5449
==== OLE
Command: /home/louza/mm-repair/ole/encode.x /mnt/data/datasets/machine-learning-matrices-split/covtype.csv.20.13.A.vc.C 
Command: /home/louza/mm-repair/ole/encode.x /mnt/data/datasets/machine-learning-matrices-split/covtype.csv.20.13.B.vc 
OLE time: 0.0064
==== Ans-fold compression
Command: /home/louza/mm-repair/ans/encode.x /mnt/data/datasets/machine-learning-matrices-split/covtype.csv.20.13.A.vc.C 
Command: /home/louza/mm-repair/ans/encode.x /mnt/data/datasets/machine-learning-matrices-split/covtype.csv.20.13.B.vc
Ans-fold time: 6.3304
==== Integer vector .C compression
Command: /home/louza/mm-repair/sdsl/encode.x /mnt/data/datasets/machine-learning-matrices-split/covtype.csv.20.14.A.vc.C 
==== Integer vector .R compression
Command: /home/louza/mm-repair/sdsl/encode.x /mnt/data/datasets/machine-learning-matrices-split/covtype.csv.20.14.A.vc.R 
Integer vector compression time: 0.6130
==== OLE
Command: /home/louza/mm-repair/ole/encode.x /mnt/data/datasets/machine-learning-matrices-split/covtype.csv.20.14.A.vc.C 
Command: /home/louza/mm-repair/ole/encode.x /mnt/data/datasets/machine-learning-matrices-split/covtype.csv.20.14.B.vc 
OLE time: 0.3947
==== Ans-fold compression
Command: /home/louza/mm-repair/ans/encode.x /mnt/data/datasets/machine-learning-matrices-split/covtype.csv.20.14.A.vc.C 
Command: /home/louza/mm-repair/ans/encode.x /mnt/data/datasets/machine-learning-matrices-split/covtype.csv.20.14.B.vc
Ans-fold time: 6.7420
==== Integer vector .C compression
Command: /home/louza/mm-repair/sdsl/encode.x /mnt/data/datasets/machine-learning-matrices-split/covtype.csv.20.15.A.vc.C 
==== Integer vector .R compression
Command: /home/louza/mm-repair/sdsl/encode.x /mnt/data/datasets/machine-learning-matrices-split/covtype.csv.20.15.A.vc.R 
Integer vector compression time: 0.1880
==== OLE
Command: /home/louza/mm-repair/ole/encode.x /mnt/data/datasets/machine-learning-matrices-split/covtype.csv.20.15.A.vc.C 
Command: /home/louza/mm-repair/ole/encode.x /mnt/data/datasets/machine-learning-matrices-split/covtype.csv.20.15.B.vc 
OLE time: 0.0781
==== Ans-fold compression
Command: /home/louza/mm-repair/ans/encode.x /mnt/data/datasets/machine-learning-matrices-split/covtype.csv.20.15.A.vc.C 
Command: /home/louza/mm-repair/ans/encode.x /mnt/data/datasets/machine-learning-matrices-split/covtype.csv.20.15.B.vc
Ans-fold time: 6.9187
==== Integer vector .C compression
Command: /home/louza/mm-repair/sdsl/encode.x /mnt/data/datasets/machine-learning-matrices-split/covtype.csv.20.16.A.vc.C 
==== Integer vector .R compression
Command: /home/louza/mm-repair/sdsl/encode.x /mnt/data/datasets/machine-learning-matrices-split/covtype.csv.20.16.A.vc.R 
Integer vector compression time: 0.4331
==== OLE
Command: /home/louza/mm-repair/ole/encode.x /mnt/data/datasets/machine-learning-matrices-split/covtype.csv.20.16.A.vc.C 
Command: /home/louza/mm-repair/ole/encode.x /mnt/data/datasets/machine-learning-matrices-split/covtype.csv.20.16.B.vc 
OLE time: 0.0603
==== Ans-fold compression
Command: /home/louza/mm-repair/ans/encode.x /mnt/data/datasets/machine-learning-matrices-split/covtype.csv.20.16.A.vc.C 
Command: /home/louza/mm-repair/ans/encode.x /mnt/data/datasets/machine-learning-matrices-split/covtype.csv.20.16.B.vc
Ans-fold time: 7.3874
==== Integer vector .C compression
Command: /home/louza/mm-repair/sdsl/encode.x /mnt/data/datasets/machine-learning-matrices-split/covtype.csv.20.17.A.vc.C 
==== Integer vector .R compression
Command: /home/louza/mm-repair/sdsl/encode.x /mnt/data/datasets/machine-learning-matrices-split/covtype.csv.20.17.A.vc.R 
Integer vector compression time: 0.3580
==== OLE
Command: /home/louza/mm-repair/ole/encode.x /mnt/data/datasets/machine-learning-matrices-split/covtype.csv.20.17.A.vc.C 
Command: /home/louza/mm-repair/ole/encode.x /mnt/data/datasets/machine-learning-matrices-split/covtype.csv.20.17.B.vc 
OLE time: 0.4311
==== Ans-fold compression
Command: /home/louza/mm-repair/ans/encode.x /mnt/data/datasets/machine-learning-matrices-split/covtype.csv.20.17.A.vc.C 
Command: /home/louza/mm-repair/ans/encode.x /mnt/data/datasets/machine-learning-matrices-split/covtype.csv.20.17.B.vc
Ans-fold time: 7.7484
==== Integer vector .C compression
Command: /home/louza/mm-repair/sdsl/encode.x /mnt/data/datasets/machine-learning-matrices-split/covtype.csv.20.18.A.vc.C 
==== Integer vector .R compression
Command: /home/louza/mm-repair/sdsl/encode.x /mnt/data/datasets/machine-learning-matrices-split/covtype.csv.20.18.A.vc.R 
Integer vector compression time: 0.7339
==== OLE
Command: /home/louza/mm-repair/ole/encode.x /mnt/data/datasets/machine-learning-matrices-split/covtype.csv.20.18.A.vc.C 
Command: /home/louza/mm-repair/ole/encode.x /mnt/data/datasets/machine-learning-matrices-split/covtype.csv.20.18.B.vc 
OLE time: 0.0074
==== Ans-fold compression
Command: /home/louza/mm-repair/ans/encode.x /mnt/data/datasets/machine-learning-matrices-split/covtype.csv.20.18.A.vc.C 
Command: /home/louza/mm-repair/ans/encode.x /mnt/data/datasets/machine-learning-matrices-split/covtype.csv.20.18.B.vc
Ans-fold time: 8.6807
==== Integer vector .C compression
Command: /home/louza/mm-repair/sdsl/encode.x /mnt/data/datasets/machine-learning-matrices-split/covtype.csv.20.19.A.vc.C 
==== Integer vector .R compression
Command: /home/louza/mm-repair/sdsl/encode.x /mnt/data/datasets/machine-learning-matrices-split/covtype.csv.20.19.A.vc.R 
Integer vector compression time: 0.0496
==== OLE
Command: /home/louza/mm-repair/ole/encode.x /mnt/data/datasets/machine-learning-matrices-split/covtype.csv.20.19.A.vc.C 
Command: /home/louza/mm-repair/ole/encode.x /mnt/data/datasets/machine-learning-matrices-split/covtype.csv.20.19.B.vc 
OLE time: 0.0676
==== Ans-fold compression
Command: /home/louza/mm-repair/ans/encode.x /mnt/data/datasets/machine-learning-matrices-split/covtype.csv.20.19.A.vc.C 
Command: /home/louza/mm-repair/ans/encode.x /mnt/data/datasets/machine-learning-matrices-split/covtype.csv.20.19.B.vc
Ans-fold time: 9.6080
Elapsed time: 47.7838
==== Compression Report:
 >> matrix name: /mnt/data/datasets/machine-learning-matrices-split/covtype.csv
 >> conversion time: 20.91
 >> repair time: 2.52
 >> integer vectors time: 0.05
 >> ansf time: 9.61
 >> total time: 47.78
 >> matrix log(alpha)xNumEntries size: 50983803 bytes
 >> matrix dense size: 250997184 bytes
 >> total number of nonzero: 5073146 (16.17%)
 >> number of distinct nonzero: 6682
 >> CRSV  size: 22670088 bytes  (9.03%)
 >> B	  size: 9638564 bytes  (3.84%)
 >> B_ans size: 4120537 bytes  (1.64%)
 >> RE32  size: 19277173 bytes  (7.68%)
 >> REIV  size: 13094961 bytes  (5.22%)
 >> REANS size: 11285792 bytes  (4.50%)
==== Done

#### 2026-09-08 08:52:55
 Command line: ./mm-repair/matrepair -r -b 20 -p 20 /mnt/data/datasets/machine-learning-matrices-split/covtype.csv 581012 54 --mapping --split 
Setting memory for each repair instance to 23202 MBs
Sending logging messages to file: /mnt/data/datasets/machine-learning-matrices-split/covtype.csv.log
==== Conversion bin/csv->csrv
Command: /home/louza/mm-repair/csvmat2csrv -b 20   /mnt/data/datasets/machine-learning-matrices-split/covtype.csv -r 0 -m -s 581012 54
Conversion time: 15.1933
==== Repair paralell compression
---- Executing 20 parallel processes
---- Parallel processing completed
Repair time: 0.1987
==== Integer vector .C compression
Command: /home/louza/mm-repair/sdsl/encode.x /mnt/data/datasets/machine-learning-matrices-split/covtype.csv.20.0.A.vc.C 
==== Integer vector .R compression
Command: /home/louza/mm-repair/sdsl/encode.x /mnt/data/datasets/machine-learning-matrices-split/covtype.csv.20.0.A.vc.R 
Integer vector compression time: 0.0368
==== Ans-fold compression
Command: /home/louza/mm-repair/ans/encode.x /mnt/data/datasets/machine-learning-matrices-split/covtype.csv.20.0.A.vc.C 
Command: /home/louza/mm-repair/ans/encode.x /mnt/data/datasets/machine-learning-matrices-split/covtype.csv.20.0.B.vc
Ans-fold time: 0.0729
==== Integer vector .C compression
Command: /home/louza/mm-repair/sdsl/encode.x /mnt/data/datasets/machine-learning-matrices-split/covtype.csv.20.1.A.vc.C 
==== Integer vector .R compression
Command: /home/louza/mm-repair/sdsl/encode.x /mnt/data/datasets/machine-learning-matrices-split/covtype.csv.20.1.A.vc.R 
Integer vector compression time: 0.0327
==== Ans-fold compression
Command: /home/louza/mm-repair/ans/encode.x /mnt/data/datasets/machine-learning-matrices-split/covtype.csv.20.1.A.vc.C 
Command: /home/louza/mm-repair/ans/encode.x /mnt/data/datasets/machine-learning-matrices-split/covtype.csv.20.1.B.vc
Ans-fold time: 0.0929
==== Integer vector .C compression
Command: /home/louza/mm-repair/sdsl/encode.x /mnt/data/datasets/machine-learning-matrices-split/covtype.csv.20.2.A.vc.C 
==== Integer vector .R compression
Command: /home/louza/mm-repair/sdsl/encode.x /mnt/data/datasets/machine-learning-matrices-split/covtype.csv.20.2.A.vc.R 
Integer vector compression time: 0.0328
==== Ans-fold compression
Command: /home/louza/mm-repair/ans/encode.x /mnt/data/datasets/machine-learning-matrices-split/covtype.csv.20.2.A.vc.C 
Command: /home/louza/mm-repair/ans/encode.x /mnt/data/datasets/machine-learning-matrices-split/covtype.csv.20.2.B.vc
Ans-fold time: 0.4374
==== Integer vector .C compression
Command: /home/louza/mm-repair/sdsl/encode.x /mnt/data/datasets/machine-learning-matrices-split/covtype.csv.20.3.A.vc.C 
==== Integer vector .R compression
Command: /home/louza/mm-repair/sdsl/encode.x /mnt/data/datasets/machine-learning-matrices-split/covtype.csv.20.3.A.vc.R 
Integer vector compression time: 0.0599
==== Ans-fold compression
Command: /home/louza/mm-repair/ans/encode.x /mnt/data/datasets/machine-learning-matrices-split/covtype.csv.20.3.A.vc.C 
Command: /home/louza/mm-repair/ans/encode.x /mnt/data/datasets/machine-learning-matrices-split/covtype.csv.20.3.B.vc
Ans-fold time: 0.4592
==== Integer vector .C compression
Command: /home/louza/mm-repair/sdsl/encode.x /mnt/data/datasets/machine-learning-matrices-split/covtype.csv.20.4.A.vc.C 
==== Integer vector .R compression
Command: /home/louza/mm-repair/sdsl/encode.x /mnt/data/datasets/machine-learning-matrices-split/covtype.csv.20.4.A.vc.R 
Integer vector compression time: 0.0281
==== Ans-fold compression
Command: /home/louza/mm-repair/ans/encode.x /mnt/data/datasets/machine-learning-matrices-split/covtype.csv.20.4.A.vc.C 
Command: /home/louza/mm-repair/ans/encode.x /mnt/data/datasets/machine-learning-matrices-split/covtype.csv.20.4.B.vc
Ans-fold time: 0.4778
==== Integer vector .C compression
Command: /home/louza/mm-repair/sdsl/encode.x /mnt/data/datasets/machine-learning-matrices-split/covtype.csv.20.5.A.vc.C 
==== Integer vector .R compression
Command: /home/louza/mm-repair/sdsl/encode.x /mnt/data/datasets/machine-learning-matrices-split/covtype.csv.20.5.A.vc.R 
Integer vector compression time: 0.0308
==== Ans-fold compression
Command: /home/louza/mm-repair/ans/encode.x /mnt/data/datasets/machine-learning-matrices-split/covtype.csv.20.5.A.vc.C 
Command: /home/louza/mm-repair/ans/encode.x /mnt/data/datasets/machine-learning-matrices-split/covtype.csv.20.5.B.vc
Ans-fold time: 0.5137
==== Integer vector .C compression
Command: /home/louza/mm-repair/sdsl/encode.x /mnt/data/datasets/machine-learning-matrices-split/covtype.csv.20.6.A.vc.C 
==== Integer vector .R compression
Command: /home/louza/mm-repair/sdsl/encode.x /mnt/data/datasets/machine-learning-matrices-split/covtype.csv.20.6.A.vc.R 
Integer vector compression time: 0.0460
==== Ans-fold compression
Command: /home/louza/mm-repair/ans/encode.x /mnt/data/datasets/machine-learning-matrices-split/covtype.csv.20.6.A.vc.C 
Command: /home/louza/mm-repair/ans/encode.x /mnt/data/datasets/machine-learning-matrices-split/covtype.csv.20.6.B.vc
Ans-fold time: 0.5353
==== Integer vector .C compression
Command: /home/louza/mm-repair/sdsl/encode.x /mnt/data/datasets/machine-learning-matrices-split/covtype.csv.20.7.A.vc.C 
==== Integer vector .R compression
Command: /home/louza/mm-repair/sdsl/encode.x /mnt/data/datasets/machine-learning-matrices-split/covtype.csv.20.7.A.vc.R 
Integer vector compression time: 0.0285
==== Ans-fold compression
Command: /home/louza/mm-repair/ans/encode.x /mnt/data/datasets/machine-learning-matrices-split/covtype.csv.20.7.A.vc.C 
Command: /home/louza/mm-repair/ans/encode.x /mnt/data/datasets/machine-learning-matrices-split/covtype.csv.20.7.B.vc
Ans-fold time: 0.5540
==== Integer vector .C compression
Command: /home/louza/mm-repair/sdsl/encode.x /mnt/data/datasets/machine-learning-matrices-split/covtype.csv.20.8.A.vc.C 
==== Integer vector .R compression
Command: /home/louza/mm-repair/sdsl/encode.x /mnt/data/datasets/machine-learning-matrices-split/covtype.csv.20.8.A.vc.R 
Integer vector compression time: 0.0334
==== Ans-fold compression
Command: /home/louza/mm-repair/ans/encode.x /mnt/data/datasets/machine-learning-matrices-split/covtype.csv.20.8.A.vc.C 
Command: /home/louza/mm-repair/ans/encode.x /mnt/data/datasets/machine-learning-matrices-split/covtype.csv.20.8.B.vc
Ans-fold time: 0.5759
==== Integer vector .C compression
Command: /home/louza/mm-repair/sdsl/encode.x /mnt/data/datasets/machine-learning-matrices-split/covtype.csv.20.9.A.vc.C 
==== Integer vector .R compression
Command: /home/louza/mm-repair/sdsl/encode.x /mnt/data/datasets/machine-learning-matrices-split/covtype.csv.20.9.A.vc.R 
Integer vector compression time: 0.0310
==== Ans-fold compression
Command: /home/louza/mm-repair/ans/encode.x /mnt/data/datasets/machine-learning-matrices-split/covtype.csv.20.9.A.vc.C 
Command: /home/louza/mm-repair/ans/encode.x /mnt/data/datasets/machine-learning-matrices-split/covtype.csv.20.9.B.vc
Ans-fold time: 0.5981
==== Integer vector .C compression
Command: /home/louza/mm-repair/sdsl/encode.x /mnt/data/datasets/machine-learning-matrices-split/covtype.csv.20.10.A.vc.C 
==== Integer vector .R compression
Command: /home/louza/mm-repair/sdsl/encode.x /mnt/data/datasets/machine-learning-matrices-split/covtype.csv.20.10.A.vc.R 
Integer vector compression time: 0.0324
==== Ans-fold compression
Command: /home/louza/mm-repair/ans/encode.x /mnt/data/datasets/machine-learning-matrices-split/covtype.csv.20.10.A.vc.C 
Command: /home/louza/mm-repair/ans/encode.x /mnt/data/datasets/machine-learning-matrices-split/covtype.csv.20.10.B.vc
Ans-fold time: 0.6213
==== Integer vector .C compression
Command: /home/louza/mm-repair/sdsl/encode.x /mnt/data/datasets/machine-learning-matrices-split/covtype.csv.20.11.A.vc.C 
==== Integer vector .R compression
Command: /home/louza/mm-repair/sdsl/encode.x /mnt/data/datasets/machine-learning-matrices-split/covtype.csv.20.11.A.vc.R 
Integer vector compression time: 0.0327
==== Ans-fold compression
Command: /home/louza/mm-repair/ans/encode.x /mnt/data/datasets/machine-learning-matrices-split/covtype.csv.20.11.A.vc.C 
Command: /home/louza/mm-repair/ans/encode.x /mnt/data/datasets/machine-learning-matrices-split/covtype.csv.20.11.B.vc
Ans-fold time: 0.6418
==== Integer vector .C compression
Command: /home/louza/mm-repair/sdsl/encode.x /mnt/data/datasets/machine-learning-matrices-split/covtype.csv.20.12.A.vc.C 
==== Integer vector .R compression
Command: /home/louza/mm-repair/sdsl/encode.x /mnt/data/datasets/machine-learning-matrices-split/covtype.csv.20.12.A.vc.R 
Integer vector compression time: 0.0310
==== Ans-fold compression
Command: /home/louza/mm-repair/ans/encode.x /mnt/data/datasets/machine-learning-matrices-split/covtype.csv.20.12.A.vc.C 
Command: /home/louza/mm-repair/ans/encode.x /mnt/data/datasets/machine-learning-matrices-split/covtype.csv.20.12.B.vc
Ans-fold time: 0.6626
==== Integer vector .C compression
Command: /home/louza/mm-repair/sdsl/encode.x /mnt/data/datasets/machine-learning-matrices-split/covtype.csv.20.13.A.vc.C 
==== Integer vector .R compression
Command: /home/louza/mm-repair/sdsl/encode.x /mnt/data/datasets/machine-learning-matrices-split/covtype.csv.20.13.A.vc.R 
Integer vector compression time: 0.0295
==== Ans-fold compression
Command: /home/louza/mm-repair/ans/encode.x /mnt/data/datasets/machine-learning-matrices-split/covtype.csv.20.13.A.vc.C 
Command: /home/louza/mm-repair/ans/encode.x /mnt/data/datasets/machine-learning-matrices-split/covtype.csv.20.13.B.vc
Ans-fold time: 0.6825
==== Integer vector .C compression
Command: /home/louza/mm-repair/sdsl/encode.x /mnt/data/datasets/machine-learning-matrices-split/covtype.csv.20.14.A.vc.C 
==== Integer vector .R compression
Command: /home/louza/mm-repair/sdsl/encode.x /mnt/data/datasets/machine-learning-matrices-split/covtype.csv.20.14.A.vc.R 
Integer vector compression time: 0.6383
==== Ans-fold compression
Command: /home/louza/mm-repair/ans/encode.x /mnt/data/datasets/machine-learning-matrices-split/covtype.csv.20.14.A.vc.C 
Command: /home/louza/mm-repair/ans/encode.x /mnt/data/datasets/machine-learning-matrices-split/covtype.csv.20.14.B.vc
Ans-fold time: 0.8396
==== Integer vector .C compression
Command: /home/louza/mm-repair/sdsl/encode.x /mnt/data/datasets/machine-learning-matrices-split/covtype.csv.20.15.A.vc.C 
==== Integer vector .R compression
Command: /home/louza/mm-repair/sdsl/encode.x /mnt/data/datasets/machine-learning-matrices-split/covtype.csv.20.15.A.vc.R 
Integer vector compression time: 0.1214
==== Ans-fold compression
Command: /home/louza/mm-repair/ans/encode.x /mnt/data/datasets/machine-learning-matrices-split/covtype.csv.20.15.A.vc.C 
Command: /home/louza/mm-repair/ans/encode.x /mnt/data/datasets/machine-learning-matrices-split/covtype.csv.20.15.B.vc
Ans-fold time: 0.8641
==== Integer vector .C compression
Command: /home/louza/mm-repair/sdsl/encode.x /mnt/data/datasets/machine-learning-matrices-split/covtype.csv.20.16.A.vc.C 
==== Integer vector .R compression
Command: /home/louza/mm-repair/sdsl/encode.x /mnt/data/datasets/machine-learning-matrices-split/covtype.csv.20.16.A.vc.R 
Integer vector compression time: 0.0305
==== Ans-fold compression
Command: /home/louza/mm-repair/ans/encode.x /mnt/data/datasets/machine-learning-matrices-split/covtype.csv.20.16.A.vc.C 
Command: /home/louza/mm-repair/ans/encode.x /mnt/data/datasets/machine-learning-matrices-split/covtype.csv.20.16.B.vc
Ans-fold time: 0.8837
==== Integer vector .C compression
Command: /home/louza/mm-repair/sdsl/encode.x /mnt/data/datasets/machine-learning-matrices-split/covtype.csv.20.17.A.vc.C 
==== Integer vector .R compression
Command: /home/louza/mm-repair/sdsl/encode.x /mnt/data/datasets/machine-learning-matrices-split/covtype.csv.20.17.A.vc.R 
Integer vector compression time: 0.0320
==== Ans-fold compression
Command: /home/louza/mm-repair/ans/encode.x /mnt/data/datasets/machine-learning-matrices-split/covtype.csv.20.17.A.vc.C 
Command: /home/louza/mm-repair/ans/encode.x /mnt/data/datasets/machine-learning-matrices-split/covtype.csv.20.17.B.vc
Ans-fold time: 0.9044
==== Integer vector .C compression
Command: /home/louza/mm-repair/sdsl/encode.x /mnt/data/datasets/machine-learning-matrices-split/covtype.csv.20.18.A.vc.C 
==== Integer vector .R compression
Command: /home/louza/mm-repair/sdsl/encode.x /mnt/data/datasets/machine-learning-matrices-split/covtype.csv.20.18.A.vc.R 
Integer vector compression time: 0.0297
==== Ans-fold compression
Command: /home/louza/mm-repair/ans/encode.x /mnt/data/datasets/machine-learning-matrices-split/covtype.csv.20.18.A.vc.C 
Command: /home/louza/mm-repair/ans/encode.x /mnt/data/datasets/machine-learning-matrices-split/covtype.csv.20.18.B.vc
Ans-fold time: 0.9264
==== Integer vector .C compression
Command: /home/louza/mm-repair/sdsl/encode.x /mnt/data/datasets/machine-learning-matrices-split/covtype.csv.20.19.A.vc.C 
==== Integer vector .R compression
Command: /home/louza/mm-repair/sdsl/encode.x /mnt/data/datasets/machine-learning-matrices-split/covtype.csv.20.19.A.vc.R 
Integer vector compression time: 0.0315
==== Ans-fold compression
Command: /home/louza/mm-repair/ans/encode.x /mnt/data/datasets/machine-learning-matrices-split/covtype.csv.20.19.A.vc.C 
Command: /home/louza/mm-repair/ans/encode.x /mnt/data/datasets/machine-learning-matrices-split/covtype.csv.20.19.B.vc
Ans-fold time: 0.9758
Command: /home/louza/mm-repair/ans/encode.x /mnt/data/datasets/machine-learning-matrices-split/covtype.csv.wcode 
Elapsed time: 17.7405
==== Compression Report:
 >> matrix name: /mnt/data/datasets/machine-learning-matrices-split/covtype.csv
 >> conversion time: 15.19
 >> repair time: 0.20
 >> integer vectors time: 0.03
 >> ansf time: 0.98
 >> total time: 17.74
 >> wcode: 63808 bytes
 >> wcode_ans: 5738 bytes
 >> matrix log(alpha)xNumEntries size: 50983803 bytes
 >> matrix dense size: 250997184 bytes
 >> total number of nonzero: 5073146 (16.17%)
 >> number of distinct nonzero: 6682
 >> CRSV  size: 22670088 bytes  (9.03%)
 >> B	  size: 9638564 bytes  (3.84%)
 >> B_ans size: 3303883 bytes  (1.32%)
 >> RE32  size: 18524327 bytes  (7.38%)
 >> REIV  size: 10967979 bytes  (4.37%)
 >> REANS size: 9559858 bytes  (3.81%)
==== Done

#### 2026-09-08 08:53:13
 Command line: ./mm-repair/matrepair -r -b 20 -p 20 /mnt/data/datasets/machine-learning-matrices-split/covtype.csv 581012 54 --ole --mapping --split 
Setting memory for each repair instance to 23202 MBs
Sending logging messages to file: /mnt/data/datasets/machine-learning-matrices-split/covtype.csv.log
==== Conversion bin/csv->csrv
Command: /home/louza/mm-repair/csvmat2csrv -b 20   /mnt/data/datasets/machine-learning-matrices-split/covtype.csv -r 0 -m -s 581012 54
Conversion time: 11.4111
==== Repair paralell compression
---- Executing 20 parallel processes
---- Parallel processing completed
Repair time: 0.3870
==== Integer vector .C compression
Command: /home/louza/mm-repair/sdsl/encode.x /mnt/data/datasets/machine-learning-matrices-split/covtype.csv.20.0.A.vc.C 
==== Integer vector .R compression
Command: /home/louza/mm-repair/sdsl/encode.x /mnt/data/datasets/machine-learning-matrices-split/covtype.csv.20.0.A.vc.R 
Integer vector compression time: 0.0833
==== OLE
Command: /home/louza/mm-repair/ole/encode.x /mnt/data/datasets/machine-learning-matrices-split/covtype.csv.20.0.A.vc.C 
Command: /home/louza/mm-repair/ole/encode.x /mnt/data/datasets/machine-learning-matrices-split/covtype.csv.20.0.B.vc 
OLE time: 0.0408
==== Ans-fold compression
Command: /home/louza/mm-repair/ans/encode.x /mnt/data/datasets/machine-learning-matrices-split/covtype.csv.20.0.A.vc.C 
Command: /home/louza/mm-repair/ans/encode.x /mnt/data/datasets/machine-learning-matrices-split/covtype.csv.20.0.B.vc
Ans-fold time: 0.1371
==== Integer vector .C compression
Command: /home/louza/mm-repair/sdsl/encode.x /mnt/data/datasets/machine-learning-matrices-split/covtype.csv.20.1.A.vc.C 
==== Integer vector .R compression
Command: /home/louza/mm-repair/sdsl/encode.x /mnt/data/datasets/machine-learning-matrices-split/covtype.csv.20.1.A.vc.R 
Integer vector compression time: 0.0793
==== OLE
Command: /home/louza/mm-repair/ole/encode.x /mnt/data/datasets/machine-learning-matrices-split/covtype.csv.20.1.A.vc.C 
Command: /home/louza/mm-repair/ole/encode.x /mnt/data/datasets/machine-learning-matrices-split/covtype.csv.20.1.B.vc 
OLE time: 0.1444
==== Ans-fold compression
Command: /home/louza/mm-repair/ans/encode.x /mnt/data/datasets/machine-learning-matrices-split/covtype.csv.20.1.A.vc.C 
Command: /home/louza/mm-repair/ans/encode.x /mnt/data/datasets/machine-learning-matrices-split/covtype.csv.20.1.B.vc
Ans-fold time: 0.4966
==== Integer vector .C compression
Command: /home/louza/mm-repair/sdsl/encode.x /mnt/data/datasets/machine-learning-matrices-split/covtype.csv.20.2.A.vc.C 
==== Integer vector .R compression
Command: /home/louza/mm-repair/sdsl/encode.x /mnt/data/datasets/machine-learning-matrices-split/covtype.csv.20.2.A.vc.R 
Integer vector compression time: 0.4179
==== OLE
Command: /home/louza/mm-repair/ole/encode.x /mnt/data/datasets/machine-learning-matrices-split/covtype.csv.20.2.A.vc.C 
Command: /home/louza/mm-repair/ole/encode.x /mnt/data/datasets/machine-learning-matrices-split/covtype.csv.20.2.B.vc 
OLE time: 0.0133
==== Ans-fold compression
Command: /home/louza/mm-repair/ans/encode.x /mnt/data/datasets/machine-learning-matrices-split/covtype.csv.20.2.A.vc.C 
Command: /home/louza/mm-repair/ans/encode.x /mnt/data/datasets/machine-learning-matrices-split/covtype.csv.20.2.B.vc
Ans-fold time: 0.9108
==== Integer vector .C compression
Command: /home/louza/mm-repair/sdsl/encode.x /mnt/data/datasets/machine-learning-matrices-split/covtype.csv.20.3.A.vc.C 
==== Integer vector .R compression
Command: /home/louza/mm-repair/sdsl/encode.x /mnt/data/datasets/machine-learning-matrices-split/covtype.csv.20.3.A.vc.R 
Integer vector compression time: 0.2355
==== OLE
Command: /home/louza/mm-repair/ole/encode.x /mnt/data/datasets/machine-learning-matrices-split/covtype.csv.20.3.A.vc.C 
Command: /home/louza/mm-repair/ole/encode.x /mnt/data/datasets/machine-learning-matrices-split/covtype.csv.20.3.B.vc 
OLE time: 0.1053
==== Ans-fold compression
Command: /home/louza/mm-repair/ans/encode.x /mnt/data/datasets/machine-learning-matrices-split/covtype.csv.20.3.A.vc.C 
Command: /home/louza/mm-repair/ans/encode.x /mnt/data/datasets/machine-learning-matrices-split/covtype.csv.20.3.B.vc
Ans-fold time: 0.9590
==== Integer vector .C compression
Command: /home/louza/mm-repair/sdsl/encode.x /mnt/data/datasets/machine-learning-matrices-split/covtype.csv.20.4.A.vc.C 
==== Integer vector .R compression
Command: /home/louza/mm-repair/sdsl/encode.x /mnt/data/datasets/machine-learning-matrices-split/covtype.csv.20.4.A.vc.R 
Integer vector compression time: 0.2488
==== OLE
Command: /home/louza/mm-repair/ole/encode.x /mnt/data/datasets/machine-learning-matrices-split/covtype.csv.20.4.A.vc.C 
Command: /home/louza/mm-repair/ole/encode.x /mnt/data/datasets/machine-learning-matrices-split/covtype.csv.20.4.B.vc 
OLE time: 0.1473
==== Ans-fold compression
Command: /home/louza/mm-repair/ans/encode.x /mnt/data/datasets/machine-learning-matrices-split/covtype.csv.20.4.A.vc.C 
Command: /home/louza/mm-repair/ans/encode.x /mnt/data/datasets/machine-learning-matrices-split/covtype.csv.20.4.B.vc
Ans-fold time: 1.0558
==== Integer vector .C compression
Command: /home/louza/mm-repair/sdsl/encode.x /mnt/data/datasets/machine-learning-matrices-split/covtype.csv.20.5.A.vc.C 
==== Integer vector .R compression
Command: /home/louza/mm-repair/sdsl/encode.x /mnt/data/datasets/machine-learning-matrices-split/covtype.csv.20.5.A.vc.R 
Integer vector compression time: 0.1085
==== OLE
Command: /home/louza/mm-repair/ole/encode.x /mnt/data/datasets/machine-learning-matrices-split/covtype.csv.20.5.A.vc.C 
Command: /home/louza/mm-repair/ole/encode.x /mnt/data/datasets/machine-learning-matrices-split/covtype.csv.20.5.B.vc 
OLE time: 0.0722
==== Ans-fold compression
Command: /home/louza/mm-repair/ans/encode.x /mnt/data/datasets/machine-learning-matrices-split/covtype.csv.20.5.A.vc.C 
Command: /home/louza/mm-repair/ans/encode.x /mnt/data/datasets/machine-learning-matrices-split/covtype.csv.20.5.B.vc
Ans-fold time: 1.1429
==== Integer vector .C compression
Command: /home/louza/mm-repair/sdsl/encode.x /mnt/data/datasets/machine-learning-matrices-split/covtype.csv.20.6.A.vc.C 
==== Integer vector .R compression
Command: /home/louza/mm-repair/sdsl/encode.x /mnt/data/datasets/machine-learning-matrices-split/covtype.csv.20.6.A.vc.R 
Integer vector compression time: 0.0931
==== OLE
Command: /home/louza/mm-repair/ole/encode.x /mnt/data/datasets/machine-learning-matrices-split/covtype.csv.20.6.A.vc.C 
Command: /home/louza/mm-repair/ole/encode.x /mnt/data/datasets/machine-learning-matrices-split/covtype.csv.20.6.B.vc 
OLE time: 0.0039
==== Ans-fold compression
Command: /home/louza/mm-repair/ans/encode.x /mnt/data/datasets/machine-learning-matrices-split/covtype.csv.20.6.A.vc.C 
Command: /home/louza/mm-repair/ans/encode.x /mnt/data/datasets/machine-learning-matrices-split/covtype.csv.20.6.B.vc
Ans-fold time: 1.1809
==== Integer vector .C compression
Command: /home/louza/mm-repair/sdsl/encode.x /mnt/data/datasets/machine-learning-matrices-split/covtype.csv.20.7.A.vc.C 
==== Integer vector .R compression
Command: /home/louza/mm-repair/sdsl/encode.x /mnt/data/datasets/machine-learning-matrices-split/covtype.csv.20.7.A.vc.R 
Integer vector compression time: 0.2537
==== OLE
Command: /home/louza/mm-repair/ole/encode.x /mnt/data/datasets/machine-learning-matrices-split/covtype.csv.20.7.A.vc.C 
Command: /home/louza/mm-repair/ole/encode.x /mnt/data/datasets/machine-learning-matrices-split/covtype.csv.20.7.B.vc 
OLE time: 0.0195
==== Ans-fold compression
Command: /home/louza/mm-repair/ans/encode.x /mnt/data/datasets/machine-learning-matrices-split/covtype.csv.20.7.A.vc.C 
Command: /home/louza/mm-repair/ans/encode.x /mnt/data/datasets/machine-learning-matrices-split/covtype.csv.20.7.B.vc
Ans-fold time: 1.3060
==== Integer vector .C compression
Command: /home/louza/mm-repair/sdsl/encode.x /mnt/data/datasets/machine-learning-matrices-split/covtype.csv.20.8.A.vc.C 
==== Integer vector .R compression
Command: /home/louza/mm-repair/sdsl/encode.x /mnt/data/datasets/machine-learning-matrices-split/covtype.csv.20.8.A.vc.R 
Integer vector compression time: 0.1279
==== OLE
Command: /home/louza/mm-repair/ole/encode.x /mnt/data/datasets/machine-learning-matrices-split/covtype.csv.20.8.A.vc.C 
Command: /home/louza/mm-repair/ole/encode.x /mnt/data/datasets/machine-learning-matrices-split/covtype.csv.20.8.B.vc 
OLE time: 0.0054
==== Ans-fold compression
Command: /home/louza/mm-repair/ans/encode.x /mnt/data/datasets/machine-learning-matrices-split/covtype.csv.20.8.A.vc.C 
Command: /home/louza/mm-repair/ans/encode.x /mnt/data/datasets/machine-learning-matrices-split/covtype.csv.20.8.B.vc
Ans-fold time: 1.4729
==== Integer vector .C compression
Command: /home/louza/mm-repair/sdsl/encode.x /mnt/data/datasets/machine-learning-matrices-split/covtype.csv.20.9.A.vc.C 
==== Integer vector .R compression
Command: /home/louza/mm-repair/sdsl/encode.x /mnt/data/datasets/machine-learning-matrices-split/covtype.csv.20.9.A.vc.R 
Integer vector compression time: 0.1210
==== OLE
Command: /home/louza/mm-repair/ole/encode.x /mnt/data/datasets/machine-learning-matrices-split/covtype.csv.20.9.A.vc.C 
Command: /home/louza/mm-repair/ole/encode.x /mnt/data/datasets/machine-learning-matrices-split/covtype.csv.20.9.B.vc 
OLE time: 0.0070
==== Ans-fold compression
Command: /home/louza/mm-repair/ans/encode.x /mnt/data/datasets/machine-learning-matrices-split/covtype.csv.20.9.A.vc.C 
Command: /home/louza/mm-repair/ans/encode.x /mnt/data/datasets/machine-learning-matrices-split/covtype.csv.20.9.B.vc
Ans-fold time: 1.5220
==== Integer vector .C compression
Command: /home/louza/mm-repair/sdsl/encode.x /mnt/data/datasets/machine-learning-matrices-split/covtype.csv.20.10.A.vc.C 
==== Integer vector .R compression
Command: /home/louza/mm-repair/sdsl/encode.x /mnt/data/datasets/machine-learning-matrices-split/covtype.csv.20.10.A.vc.R 
Integer vector compression time: 0.2061
==== OLE
Command: /home/louza/mm-repair/ole/encode.x /mnt/data/datasets/machine-learning-matrices-split/covtype.csv.20.10.A.vc.C 
Command: /home/louza/mm-repair/ole/encode.x /mnt/data/datasets/machine-learning-matrices-split/covtype.csv.20.10.B.vc 
OLE time: 0.0134
==== Ans-fold compression
Command: /home/louza/mm-repair/ans/encode.x /mnt/data/datasets/machine-learning-matrices-split/covtype.csv.20.10.A.vc.C 
Command: /home/louza/mm-repair/ans/encode.x /mnt/data/datasets/machine-learning-matrices-split/covtype.csv.20.10.B.vc
Ans-fold time: 1.5975
==== Integer vector .C compression
Command: /home/louza/mm-repair/sdsl/encode.x /mnt/data/datasets/machine-learning-matrices-split/covtype.csv.20.11.A.vc.C 
==== Integer vector .R compression
Command: /home/louza/mm-repair/sdsl/encode.x /mnt/data/datasets/machine-learning-matrices-split/covtype.csv.20.11.A.vc.R 
Integer vector compression time: 0.1134
==== OLE
Command: /home/louza/mm-repair/ole/encode.x /mnt/data/datasets/machine-learning-matrices-split/covtype.csv.20.11.A.vc.C 
Command: /home/louza/mm-repair/ole/encode.x /mnt/data/datasets/machine-learning-matrices-split/covtype.csv.20.11.B.vc 
OLE time: 0.1458
==== Ans-fold compression
Command: /home/louza/mm-repair/ans/encode.x /mnt/data/datasets/machine-learning-matrices-split/covtype.csv.20.11.A.vc.C 
Command: /home/louza/mm-repair/ans/encode.x /mnt/data/datasets/machine-learning-matrices-split/covtype.csv.20.11.B.vc
Ans-fold time: 1.6623
==== Integer vector .C compression
Command: /home/louza/mm-repair/sdsl/encode.x /mnt/data/datasets/machine-learning-matrices-split/covtype.csv.20.12.A.vc.C 
==== Integer vector .R compression
Command: /home/louza/mm-repair/sdsl/encode.x /mnt/data/datasets/machine-learning-matrices-split/covtype.csv.20.12.A.vc.R 
Integer vector compression time: 0.0853
==== OLE
Command: /home/louza/mm-repair/ole/encode.x /mnt/data/datasets/machine-learning-matrices-split/covtype.csv.20.12.A.vc.C 
Command: /home/louza/mm-repair/ole/encode.x /mnt/data/datasets/machine-learning-matrices-split/covtype.csv.20.12.B.vc 
OLE time: 0.0077
==== Ans-fold compression
Command: /home/louza/mm-repair/ans/encode.x /mnt/data/datasets/machine-learning-matrices-split/covtype.csv.20.12.A.vc.C 
Command: /home/louza/mm-repair/ans/encode.x /mnt/data/datasets/machine-learning-matrices-split/covtype.csv.20.12.B.vc
Ans-fold time: 1.7470
==== Integer vector .C compression
Command: /home/louza/mm-repair/sdsl/encode.x /mnt/data/datasets/machine-learning-matrices-split/covtype.csv.20.13.A.vc.C 
==== Integer vector .R compression
Command: /home/louza/mm-repair/sdsl/encode.x /mnt/data/datasets/machine-learning-matrices-split/covtype.csv.20.13.A.vc.R 
Integer vector compression time: 0.0681
==== OLE
Command: /home/louza/mm-repair/ole/encode.x /mnt/data/datasets/machine-learning-matrices-split/covtype.csv.20.13.A.vc.C 
Command: /home/louza/mm-repair/ole/encode.x /mnt/data/datasets/machine-learning-matrices-split/covtype.csv.20.13.B.vc 
OLE time: 0.0061
==== Ans-fold compression
Command: /home/louza/mm-repair/ans/encode.x /mnt/data/datasets/machine-learning-matrices-split/covtype.csv.20.13.A.vc.C 
Command: /home/louza/mm-repair/ans/encode.x /mnt/data/datasets/machine-learning-matrices-split/covtype.csv.20.13.B.vc
Ans-fold time: 1.7793
==== Integer vector .C compression
Command: /home/louza/mm-repair/sdsl/encode.x /mnt/data/datasets/machine-learning-matrices-split/covtype.csv.20.14.A.vc.C 
==== Integer vector .R compression
Command: /home/louza/mm-repair/sdsl/encode.x /mnt/data/datasets/machine-learning-matrices-split/covtype.csv.20.14.A.vc.R 
Integer vector compression time: 0.0388
==== OLE
Command: /home/louza/mm-repair/ole/encode.x /mnt/data/datasets/machine-learning-matrices-split/covtype.csv.20.14.A.vc.C 
Command: /home/louza/mm-repair/ole/encode.x /mnt/data/datasets/machine-learning-matrices-split/covtype.csv.20.14.B.vc 
OLE time: 0.0058
==== Ans-fold compression
Command: /home/louza/mm-repair/ans/encode.x /mnt/data/datasets/machine-learning-matrices-split/covtype.csv.20.14.A.vc.C 
Command: /home/louza/mm-repair/ans/encode.x /mnt/data/datasets/machine-learning-matrices-split/covtype.csv.20.14.B.vc
Ans-fold time: 1.8408
==== Integer vector .C compression
Command: /home/louza/mm-repair/sdsl/encode.x /mnt/data/datasets/machine-learning-matrices-split/covtype.csv.20.15.A.vc.C 
==== Integer vector .R compression
Command: /home/louza/mm-repair/sdsl/encode.x /mnt/data/datasets/machine-learning-matrices-split/covtype.csv.20.15.A.vc.R 
Integer vector compression time: 0.0722
==== OLE
Command: /home/louza/mm-repair/ole/encode.x /mnt/data/datasets/machine-learning-matrices-split/covtype.csv.20.15.A.vc.C 
Command: /home/louza/mm-repair/ole/encode.x /mnt/data/datasets/machine-learning-matrices-split/covtype.csv.20.15.B.vc 
OLE time: 0.0765
==== Ans-fold compression
Command: /home/louza/mm-repair/ans/encode.x /mnt/data/datasets/machine-learning-matrices-split/covtype.csv.20.15.A.vc.C 
Command: /home/louza/mm-repair/ans/encode.x /mnt/data/datasets/machine-learning-matrices-split/covtype.csv.20.15.B.vc
Ans-fold time: 1.9253
==== Integer vector .C compression
Command: /home/louza/mm-repair/sdsl/encode.x /mnt/data/datasets/machine-learning-matrices-split/covtype.csv.20.16.A.vc.C 
==== Integer vector .R compression
Command: /home/louza/mm-repair/sdsl/encode.x /mnt/data/datasets/machine-learning-matrices-split/covtype.csv.20.16.A.vc.R 
Integer vector compression time: 0.0333
==== OLE
Command: /home/louza/mm-repair/ole/encode.x /mnt/data/datasets/machine-learning-matrices-split/covtype.csv.20.16.A.vc.C 
Command: /home/louza/mm-repair/ole/encode.x /mnt/data/datasets/machine-learning-matrices-split/covtype.csv.20.16.B.vc 
OLE time: 0.0036
==== Ans-fold compression
Command: /home/louza/mm-repair/ans/encode.x /mnt/data/datasets/machine-learning-matrices-split/covtype.csv.20.16.A.vc.C 
Command: /home/louza/mm-repair/ans/encode.x /mnt/data/datasets/machine-learning-matrices-split/covtype.csv.20.16.B.vc
Ans-fold time: 1.9473
==== Integer vector .C compression
Command: /home/louza/mm-repair/sdsl/encode.x /mnt/data/datasets/machine-learning-matrices-split/covtype.csv.20.17.A.vc.C 
==== Integer vector .R compression
Command: /home/louza/mm-repair/sdsl/encode.x /mnt/data/datasets/machine-learning-matrices-split/covtype.csv.20.17.A.vc.R 
Integer vector compression time: 0.0313
==== OLE
Command: /home/louza/mm-repair/ole/encode.x /mnt/data/datasets/machine-learning-matrices-split/covtype.csv.20.17.A.vc.C 
Command: /home/louza/mm-repair/ole/encode.x /mnt/data/datasets/machine-learning-matrices-split/covtype.csv.20.17.B.vc 
OLE time: 0.0041
==== Ans-fold compression
Command: /home/louza/mm-repair/ans/encode.x /mnt/data/datasets/machine-learning-matrices-split/covtype.csv.20.17.A.vc.C 
Command: /home/louza/mm-repair/ans/encode.x /mnt/data/datasets/machine-learning-matrices-split/covtype.csv.20.17.B.vc
Ans-fold time: 1.9689
==== Integer vector .C compression
Command: /home/louza/mm-repair/sdsl/encode.x /mnt/data/datasets/machine-learning-matrices-split/covtype.csv.20.18.A.vc.C 
==== Integer vector .R compression
Command: /home/louza/mm-repair/sdsl/encode.x /mnt/data/datasets/machine-learning-matrices-split/covtype.csv.20.18.A.vc.R 
Integer vector compression time: 0.0330
==== OLE
Command: /home/louza/mm-repair/ole/encode.x /mnt/data/datasets/machine-learning-matrices-split/covtype.csv.20.18.A.vc.C 
Command: /home/louza/mm-repair/ole/encode.x /mnt/data/datasets/machine-learning-matrices-split/covtype.csv.20.18.B.vc 
OLE time: 0.0036
==== Ans-fold compression
Command: /home/louza/mm-repair/ans/encode.x /mnt/data/datasets/machine-learning-matrices-split/covtype.csv.20.18.A.vc.C 
Command: /home/louza/mm-repair/ans/encode.x /mnt/data/datasets/machine-learning-matrices-split/covtype.csv.20.18.B.vc
Ans-fold time: 2.1474
==== Integer vector .C compression
Command: /home/louza/mm-repair/sdsl/encode.x /mnt/data/datasets/machine-learning-matrices-split/covtype.csv.20.19.A.vc.C 
==== Integer vector .R compression
Command: /home/louza/mm-repair/sdsl/encode.x /mnt/data/datasets/machine-learning-matrices-split/covtype.csv.20.19.A.vc.R 
Integer vector compression time: 0.0332
==== OLE
Command: /home/louza/mm-repair/ole/encode.x /mnt/data/datasets/machine-learning-matrices-split/covtype.csv.20.19.A.vc.C 
Command: /home/louza/mm-repair/ole/encode.x /mnt/data/datasets/machine-learning-matrices-split/covtype.csv.20.19.B.vc 
OLE time: 0.0040
==== Ans-fold compression
Command: /home/louza/mm-repair/ans/encode.x /mnt/data/datasets/machine-learning-matrices-split/covtype.csv.20.19.A.vc.C 
Command: /home/louza/mm-repair/ans/encode.x /mnt/data/datasets/machine-learning-matrices-split/covtype.csv.20.19.B.vc
Ans-fold time: 2.1697
Command: /home/louza/mm-repair/ans/encode.x /mnt/data/datasets/machine-learning-matrices-split/covtype.csv.wcode 
Elapsed time: 18.1425
==== Compression Report:
 >> matrix name: /mnt/data/datasets/machine-learning-matrices-split/covtype.csv
 >> conversion time: 11.41
 >> repair time: 0.39
 >> integer vectors time: 0.03
 >> ansf time: 2.17
 >> total time: 18.14
 >> wcode: 63808 bytes
 >> wcode_ans: 5738 bytes
 >> matrix log(alpha)xNumEntries size: 50983803 bytes
 >> matrix dense size: 250997184 bytes
 >> total number of nonzero: 5073146 (16.17%)
 >> number of distinct nonzero: 6682
 >> CRSV  size: 22670088 bytes  (9.03%)
 >> B	  size: 9638564 bytes  (3.84%)
 >> B_ans size: 3146897 bytes  (1.25%)
 >> RE32  size: 18367341 bytes  (7.32%)
 >> REIV  size: 10810993 bytes  (4.31%)
 >> REANS size: 9272733 bytes  (3.69%)
==== Done
REANS -b 24


#### 2026-09-09 20:23:54
 Command line: ./mm-repair/matrepair -r -b 24 -p 24 /mnt/data/datasets/machine-learning-matrices-split/covtype.csv 581012 54 
Setting memory for each repair instance to 19335 MBs
Sending logging messages to file: /mnt/data/datasets/machine-learning-matrices-split/covtype.csv.log
==== Conversion bin/csv->csrv
Command: /home/louza/mm-repair/csvmat2csrv -b 24   /mnt/data/datasets/machine-learning-matrices-split/covtype.csv -r 0   581012 54
Conversion time: 1.4312
==== Repair paralell compression
---- Executing 24 parallel processes
---- Parallel processing completed
Repair time: 0.2391
==== Integer vector .C compression
Command: /home/louza/mm-repair/sdsl/encode.x /mnt/data/datasets/machine-learning-matrices-split/covtype.csv.24.0.vc.C 
==== Integer vector .R compression
Command: /home/louza/mm-repair/sdsl/encode.x /mnt/data/datasets/machine-learning-matrices-split/covtype.csv.24.0.vc.R 
Integer vector compression time: 0.0338
==== Ans-fold compression
Command: /home/louza/mm-repair/ans/encode.x /mnt/data/datasets/machine-learning-matrices-split/covtype.csv.24.0.vc.C 
Ans-fold time: 0.0174
==== Integer vector .C compression
Command: /home/louza/mm-repair/sdsl/encode.x /mnt/data/datasets/machine-learning-matrices-split/covtype.csv.24.1.vc.C 
==== Integer vector .R compression
Command: /home/louza/mm-repair/sdsl/encode.x /mnt/data/datasets/machine-learning-matrices-split/covtype.csv.24.1.vc.R 
Integer vector compression time: 0.0316
==== Ans-fold compression
Command: /home/louza/mm-repair/ans/encode.x /mnt/data/datasets/machine-learning-matrices-split/covtype.csv.24.1.vc.C 
Ans-fold time: 0.0340
==== Integer vector .C compression
Command: /home/louza/mm-repair/sdsl/encode.x /mnt/data/datasets/machine-learning-matrices-split/covtype.csv.24.2.vc.C 
==== Integer vector .R compression
Command: /home/louza/mm-repair/sdsl/encode.x /mnt/data/datasets/machine-learning-matrices-split/covtype.csv.24.2.vc.R 
Integer vector compression time: 0.0335
==== Ans-fold compression
Command: /home/louza/mm-repair/ans/encode.x /mnt/data/datasets/machine-learning-matrices-split/covtype.csv.24.2.vc.C 
Ans-fold time: 0.0503
==== Integer vector .C compression
Command: /home/louza/mm-repair/sdsl/encode.x /mnt/data/datasets/machine-learning-matrices-split/covtype.csv.24.3.vc.C 
==== Integer vector .R compression
Command: /home/louza/mm-repair/sdsl/encode.x /mnt/data/datasets/machine-learning-matrices-split/covtype.csv.24.3.vc.R 
Integer vector compression time: 0.0313
==== Ans-fold compression
Command: /home/louza/mm-repair/ans/encode.x /mnt/data/datasets/machine-learning-matrices-split/covtype.csv.24.3.vc.C 
Ans-fold time: 0.0690
==== Integer vector .C compression
Command: /home/louza/mm-repair/sdsl/encode.x /mnt/data/datasets/machine-learning-matrices-split/covtype.csv.24.4.vc.C 
==== Integer vector .R compression
Command: /home/louza/mm-repair/sdsl/encode.x /mnt/data/datasets/machine-learning-matrices-split/covtype.csv.24.4.vc.R 
Integer vector compression time: 0.0325
==== Ans-fold compression
Command: /home/louza/mm-repair/ans/encode.x /mnt/data/datasets/machine-learning-matrices-split/covtype.csv.24.4.vc.C 
Ans-fold time: 0.0849
==== Integer vector .C compression
Command: /home/louza/mm-repair/sdsl/encode.x /mnt/data/datasets/machine-learning-matrices-split/covtype.csv.24.5.vc.C 
==== Integer vector .R compression
Command: /home/louza/mm-repair/sdsl/encode.x /mnt/data/datasets/machine-learning-matrices-split/covtype.csv.24.5.vc.R 
Integer vector compression time: 0.0317
==== Ans-fold compression
Command: /home/louza/mm-repair/ans/encode.x /mnt/data/datasets/machine-learning-matrices-split/covtype.csv.24.5.vc.C 
Ans-fold time: 0.1006
==== Integer vector .C compression
Command: /home/louza/mm-repair/sdsl/encode.x /mnt/data/datasets/machine-learning-matrices-split/covtype.csv.24.6.vc.C 
==== Integer vector .R compression
Command: /home/louza/mm-repair/sdsl/encode.x /mnt/data/datasets/machine-learning-matrices-split/covtype.csv.24.6.vc.R 
Integer vector compression time: 0.0313
==== Ans-fold compression
Command: /home/louza/mm-repair/ans/encode.x /mnt/data/datasets/machine-learning-matrices-split/covtype.csv.24.6.vc.C 
Ans-fold time: 0.1262
==== Integer vector .C compression
Command: /home/louza/mm-repair/sdsl/encode.x /mnt/data/datasets/machine-learning-matrices-split/covtype.csv.24.7.vc.C 
==== Integer vector .R compression
Command: /home/louza/mm-repair/sdsl/encode.x /mnt/data/datasets/machine-learning-matrices-split/covtype.csv.24.7.vc.R 
Integer vector compression time: 0.0360
==== Ans-fold compression
Command: /home/louza/mm-repair/ans/encode.x /mnt/data/datasets/machine-learning-matrices-split/covtype.csv.24.7.vc.C 
Ans-fold time: 0.1429
==== Integer vector .C compression
Command: /home/louza/mm-repair/sdsl/encode.x /mnt/data/datasets/machine-learning-matrices-split/covtype.csv.24.8.vc.C 
==== Integer vector .R compression
Command: /home/louza/mm-repair/sdsl/encode.x /mnt/data/datasets/machine-learning-matrices-split/covtype.csv.24.8.vc.R 
Integer vector compression time: 0.0338
==== Ans-fold compression
Command: /home/louza/mm-repair/ans/encode.x /mnt/data/datasets/machine-learning-matrices-split/covtype.csv.24.8.vc.C 
Ans-fold time: 0.1609
==== Integer vector .C compression
Command: /home/louza/mm-repair/sdsl/encode.x /mnt/data/datasets/machine-learning-matrices-split/covtype.csv.24.9.vc.C 
==== Integer vector .R compression
Command: /home/louza/mm-repair/sdsl/encode.x /mnt/data/datasets/machine-learning-matrices-split/covtype.csv.24.9.vc.R 
Integer vector compression time: 0.0345
==== Ans-fold compression
Command: /home/louza/mm-repair/ans/encode.x /mnt/data/datasets/machine-learning-matrices-split/covtype.csv.24.9.vc.C 
Ans-fold time: 0.1767
==== Integer vector .C compression
Command: /home/louza/mm-repair/sdsl/encode.x /mnt/data/datasets/machine-learning-matrices-split/covtype.csv.24.10.vc.C 
==== Integer vector .R compression
Command: /home/louza/mm-repair/sdsl/encode.x /mnt/data/datasets/machine-learning-matrices-split/covtype.csv.24.10.vc.R 
Integer vector compression time: 0.0312
==== Ans-fold compression
Command: /home/louza/mm-repair/ans/encode.x /mnt/data/datasets/machine-learning-matrices-split/covtype.csv.24.10.vc.C 
Ans-fold time: 0.1961
==== Integer vector .C compression
Command: /home/louza/mm-repair/sdsl/encode.x /mnt/data/datasets/machine-learning-matrices-split/covtype.csv.24.11.vc.C 
==== Integer vector .R compression
Command: /home/louza/mm-repair/sdsl/encode.x /mnt/data/datasets/machine-learning-matrices-split/covtype.csv.24.11.vc.R 
Integer vector compression time: 0.0346
==== Ans-fold compression
Command: /home/louza/mm-repair/ans/encode.x /mnt/data/datasets/machine-learning-matrices-split/covtype.csv.24.11.vc.C 
Ans-fold time: 0.2124
==== Integer vector .C compression
Command: /home/louza/mm-repair/sdsl/encode.x /mnt/data/datasets/machine-learning-matrices-split/covtype.csv.24.12.vc.C 
==== Integer vector .R compression
Command: /home/louza/mm-repair/sdsl/encode.x /mnt/data/datasets/machine-learning-matrices-split/covtype.csv.24.12.vc.R 
Integer vector compression time: 0.0303
==== Ans-fold compression
Command: /home/louza/mm-repair/ans/encode.x /mnt/data/datasets/machine-learning-matrices-split/covtype.csv.24.12.vc.C 
Ans-fold time: 0.2273
==== Integer vector .C compression
Command: /home/louza/mm-repair/sdsl/encode.x /mnt/data/datasets/machine-learning-matrices-split/covtype.csv.24.13.vc.C 
==== Integer vector .R compression
Command: /home/louza/mm-repair/sdsl/encode.x /mnt/data/datasets/machine-learning-matrices-split/covtype.csv.24.13.vc.R 
Integer vector compression time: 0.0308
==== Ans-fold compression
Command: /home/louza/mm-repair/ans/encode.x /mnt/data/datasets/machine-learning-matrices-split/covtype.csv.24.13.vc.C 
Ans-fold time: 0.2421
==== Integer vector .C compression
Command: /home/louza/mm-repair/sdsl/encode.x /mnt/data/datasets/machine-learning-matrices-split/covtype.csv.24.14.vc.C 
==== Integer vector .R compression
Command: /home/louza/mm-repair/sdsl/encode.x /mnt/data/datasets/machine-learning-matrices-split/covtype.csv.24.14.vc.R 
Integer vector compression time: 0.0285
==== Ans-fold compression
Command: /home/louza/mm-repair/ans/encode.x /mnt/data/datasets/machine-learning-matrices-split/covtype.csv.24.14.vc.C 
Ans-fold time: 0.2565
==== Integer vector .C compression
Command: /home/louza/mm-repair/sdsl/encode.x /mnt/data/datasets/machine-learning-matrices-split/covtype.csv.24.15.vc.C 
==== Integer vector .R compression
Command: /home/louza/mm-repair/sdsl/encode.x /mnt/data/datasets/machine-learning-matrices-split/covtype.csv.24.15.vc.R 
Integer vector compression time: 0.0289
==== Ans-fold compression
Command: /home/louza/mm-repair/ans/encode.x /mnt/data/datasets/machine-learning-matrices-split/covtype.csv.24.15.vc.C 
Ans-fold time: 0.2706
==== Integer vector .C compression
Command: /home/louza/mm-repair/sdsl/encode.x /mnt/data/datasets/machine-learning-matrices-split/covtype.csv.24.16.vc.C 
==== Integer vector .R compression
Command: /home/louza/mm-repair/sdsl/encode.x /mnt/data/datasets/machine-learning-matrices-split/covtype.csv.24.16.vc.R 
Integer vector compression time: 0.0284
==== Ans-fold compression
Command: /home/louza/mm-repair/ans/encode.x /mnt/data/datasets/machine-learning-matrices-split/covtype.csv.24.16.vc.C 
Ans-fold time: 0.2832
==== Integer vector .C compression
Command: /home/louza/mm-repair/sdsl/encode.x /mnt/data/datasets/machine-learning-matrices-split/covtype.csv.24.17.vc.C 
==== Integer vector .R compression
Command: /home/louza/mm-repair/sdsl/encode.x /mnt/data/datasets/machine-learning-matrices-split/covtype.csv.24.17.vc.R 
Integer vector compression time: 0.0271
==== Ans-fold compression
Command: /home/louza/mm-repair/ans/encode.x /mnt/data/datasets/machine-learning-matrices-split/covtype.csv.24.17.vc.C 
Ans-fold time: 0.2958
==== Integer vector .C compression
Command: /home/louza/mm-repair/sdsl/encode.x /mnt/data/datasets/machine-learning-matrices-split/covtype.csv.24.18.vc.C 
==== Integer vector .R compression
Command: /home/louza/mm-repair/sdsl/encode.x /mnt/data/datasets/machine-learning-matrices-split/covtype.csv.24.18.vc.R 
Integer vector compression time: 0.0273
==== Ans-fold compression
Command: /home/louza/mm-repair/ans/encode.x /mnt/data/datasets/machine-learning-matrices-split/covtype.csv.24.18.vc.C 
Ans-fold time: 0.3092
==== Integer vector .C compression
Command: /home/louza/mm-repair/sdsl/encode.x /mnt/data/datasets/machine-learning-matrices-split/covtype.csv.24.19.vc.C 
==== Integer vector .R compression
Command: /home/louza/mm-repair/sdsl/encode.x /mnt/data/datasets/machine-learning-matrices-split/covtype.csv.24.19.vc.R 
Integer vector compression time: 0.0286
==== Ans-fold compression
Command: /home/louza/mm-repair/ans/encode.x /mnt/data/datasets/machine-learning-matrices-split/covtype.csv.24.19.vc.C 
Ans-fold time: 0.3232
==== Integer vector .C compression
Command: /home/louza/mm-repair/sdsl/encode.x /mnt/data/datasets/machine-learning-matrices-split/covtype.csv.24.20.vc.C 
==== Integer vector .R compression
Command: /home/louza/mm-repair/sdsl/encode.x /mnt/data/datasets/machine-learning-matrices-split/covtype.csv.24.20.vc.R 
Integer vector compression time: 0.0265
==== Ans-fold compression
Command: /home/louza/mm-repair/ans/encode.x /mnt/data/datasets/machine-learning-matrices-split/covtype.csv.24.20.vc.C 
Ans-fold time: 0.3373
==== Integer vector .C compression
Command: /home/louza/mm-repair/sdsl/encode.x /mnt/data/datasets/machine-learning-matrices-split/covtype.csv.24.21.vc.C 
==== Integer vector .R compression
Command: /home/louza/mm-repair/sdsl/encode.x /mnt/data/datasets/machine-learning-matrices-split/covtype.csv.24.21.vc.R 
Integer vector compression time: 0.0295
==== Ans-fold compression
Command: /home/louza/mm-repair/ans/encode.x /mnt/data/datasets/machine-learning-matrices-split/covtype.csv.24.21.vc.C 
Ans-fold time: 0.3508
==== Integer vector .C compression
Command: /home/louza/mm-repair/sdsl/encode.x /mnt/data/datasets/machine-learning-matrices-split/covtype.csv.24.22.vc.C 
==== Integer vector .R compression
Command: /home/louza/mm-repair/sdsl/encode.x /mnt/data/datasets/machine-learning-matrices-split/covtype.csv.24.22.vc.R 
Integer vector compression time: 0.0277
==== Ans-fold compression
Command: /home/louza/mm-repair/ans/encode.x /mnt/data/datasets/machine-learning-matrices-split/covtype.csv.24.22.vc.C 
Ans-fold time: 0.3642
==== Integer vector .C compression
Command: /home/louza/mm-repair/sdsl/encode.x /mnt/data/datasets/machine-learning-matrices-split/covtype.csv.24.23.vc.C 
==== Integer vector .R compression
Command: /home/louza/mm-repair/sdsl/encode.x /mnt/data/datasets/machine-learning-matrices-split/covtype.csv.24.23.vc.R 
Integer vector compression time: 0.0291
==== Ans-fold compression
Command: /home/louza/mm-repair/ans/encode.x /mnt/data/datasets/machine-learning-matrices-split/covtype.csv.24.23.vc.C 
Ans-fold time: 0.3777
Elapsed time: 2.7872
==== Compression Report:
 >> matrix name: /mnt/data/datasets/machine-learning-matrices-split/covtype.csv
 >> conversion time: 1.43
 >> repair time: 0.24
 >> integer vectors time: 0.03
 >> ansf time: 0.38
 >> total time: 2.79
 >> matrix log(alpha)xNumEntries size: 50983803 bytes
 >> matrix dense size: 250997184 bytes
 >> total number of nonzero: 6901775 (22.00%)
 >> number of distinct nonzero: 6682
 >> CRSV  size: 29984604 bytes  (11.95%)
 >> RE32  size: 22819472 bytes  (9.09%)
 >> REIV  size: 13571368 bytes  (5.41%)
 >> REANS size: 11887820 bytes  (4.74%)
==== Done

#### 2026-09-09 20:23:57
 Command line: ./mm-repair/matrepair -r -b 24 -p 24 /mnt/data/datasets/machine-learning-matrices-split/covtype.csv 581012 54 --ole 
Setting memory for each repair instance to 19335 MBs
Sending logging messages to file: /mnt/data/datasets/machine-learning-matrices-split/covtype.csv.log
==== Conversion bin/csv->csrv
Command: /home/louza/mm-repair/csvmat2csrv -b 24   /mnt/data/datasets/machine-learning-matrices-split/covtype.csv -r 0   581012 54
Conversion time: 1.7091
==== Repair paralell compression
---- Executing 24 parallel processes
---- Parallel processing completed
Repair time: 0.2574
==== Integer vector .C compression
Command: /home/louza/mm-repair/sdsl/encode.x /mnt/data/datasets/machine-learning-matrices-split/covtype.csv.24.0.vc.C 
==== Integer vector .R compression
Command: /home/louza/mm-repair/sdsl/encode.x /mnt/data/datasets/machine-learning-matrices-split/covtype.csv.24.0.vc.R 
Integer vector compression time: 0.0349
==== OLE
Command: /home/louza/mm-repair/ole/encode.x /mnt/data/datasets/machine-learning-matrices-split/covtype.csv.24.0.vc.C 
OLE time: 0.0056
==== Ans-fold compression
Command: /home/louza/mm-repair/ans/encode.x /mnt/data/datasets/machine-learning-matrices-split/covtype.csv.24.0.vc.C 
Ans-fold time: 0.0233
==== Integer vector .C compression
Command: /home/louza/mm-repair/sdsl/encode.x /mnt/data/datasets/machine-learning-matrices-split/covtype.csv.24.1.vc.C 
==== Integer vector .R compression
Command: /home/louza/mm-repair/sdsl/encode.x /mnt/data/datasets/machine-learning-matrices-split/covtype.csv.24.1.vc.R 
Integer vector compression time: 0.0330
==== OLE
Command: /home/louza/mm-repair/ole/encode.x /mnt/data/datasets/machine-learning-matrices-split/covtype.csv.24.1.vc.C 
OLE time: 0.0062
==== Ans-fold compression
Command: /home/louza/mm-repair/ans/encode.x /mnt/data/datasets/machine-learning-matrices-split/covtype.csv.24.1.vc.C 
Ans-fold time: 0.0457
==== Integer vector .C compression
Command: /home/louza/mm-repair/sdsl/encode.x /mnt/data/datasets/machine-learning-matrices-split/covtype.csv.24.2.vc.C 
==== Integer vector .R compression
Command: /home/louza/mm-repair/sdsl/encode.x /mnt/data/datasets/machine-learning-matrices-split/covtype.csv.24.2.vc.R 
Integer vector compression time: 0.0331
==== OLE
Command: /home/louza/mm-repair/ole/encode.x /mnt/data/datasets/machine-learning-matrices-split/covtype.csv.24.2.vc.C 
OLE time: 0.0338
==== Ans-fold compression
Command: /home/louza/mm-repair/ans/encode.x /mnt/data/datasets/machine-learning-matrices-split/covtype.csv.24.2.vc.C 
Ans-fold time: 0.0787
==== Integer vector .C compression
Command: /home/louza/mm-repair/sdsl/encode.x /mnt/data/datasets/machine-learning-matrices-split/covtype.csv.24.3.vc.C 
==== Integer vector .R compression
Command: /home/louza/mm-repair/sdsl/encode.x /mnt/data/datasets/machine-learning-matrices-split/covtype.csv.24.3.vc.R 
Integer vector compression time: 0.0567
==== OLE
Command: /home/louza/mm-repair/ole/encode.x /mnt/data/datasets/machine-learning-matrices-split/covtype.csv.24.3.vc.C 
OLE time: 0.0421
==== Ans-fold compression
Command: /home/louza/mm-repair/ans/encode.x /mnt/data/datasets/machine-learning-matrices-split/covtype.csv.24.3.vc.C 
Ans-fold time: 0.1170
==== Integer vector .C compression
Command: /home/louza/mm-repair/sdsl/encode.x /mnt/data/datasets/machine-learning-matrices-split/covtype.csv.24.4.vc.C 
==== Integer vector .R compression
Command: /home/louza/mm-repair/sdsl/encode.x /mnt/data/datasets/machine-learning-matrices-split/covtype.csv.24.4.vc.R 
Integer vector compression time: 0.0803
==== OLE
Command: /home/louza/mm-repair/ole/encode.x /mnt/data/datasets/machine-learning-matrices-split/covtype.csv.24.4.vc.C 
OLE time: 0.0146
==== Ans-fold compression
Command: /home/louza/mm-repair/ans/encode.x /mnt/data/datasets/machine-learning-matrices-split/covtype.csv.24.4.vc.C 
Ans-fold time: 0.1405
==== Integer vector .C compression
Command: /home/louza/mm-repair/sdsl/encode.x /mnt/data/datasets/machine-learning-matrices-split/covtype.csv.24.5.vc.C 
==== Integer vector .R compression
Command: /home/louza/mm-repair/sdsl/encode.x /mnt/data/datasets/machine-learning-matrices-split/covtype.csv.24.5.vc.R 
Integer vector compression time: 0.0354
==== OLE
Command: /home/louza/mm-repair/ole/encode.x /mnt/data/datasets/machine-learning-matrices-split/covtype.csv.24.5.vc.C 
OLE time: 0.0071
==== Ans-fold compression
Command: /home/louza/mm-repair/ans/encode.x /mnt/data/datasets/machine-learning-matrices-split/covtype.csv.24.5.vc.C 
Ans-fold time: 0.1634
==== Integer vector .C compression
Command: /home/louza/mm-repair/sdsl/encode.x /mnt/data/datasets/machine-learning-matrices-split/covtype.csv.24.6.vc.C 
==== Integer vector .R compression
Command: /home/louza/mm-repair/sdsl/encode.x /mnt/data/datasets/machine-learning-matrices-split/covtype.csv.24.6.vc.R 
Integer vector compression time: 0.0347
==== OLE
Command: /home/louza/mm-repair/ole/encode.x /mnt/data/datasets/machine-learning-matrices-split/covtype.csv.24.6.vc.C 
OLE time: 0.0070
==== Ans-fold compression
Command: /home/louza/mm-repair/ans/encode.x /mnt/data/datasets/machine-learning-matrices-split/covtype.csv.24.6.vc.C 
Ans-fold time: 0.1868
==== Integer vector .C compression
Command: /home/louza/mm-repair/sdsl/encode.x /mnt/data/datasets/machine-learning-matrices-split/covtype.csv.24.7.vc.C 
==== Integer vector .R compression
Command: /home/louza/mm-repair/sdsl/encode.x /mnt/data/datasets/machine-learning-matrices-split/covtype.csv.24.7.vc.R 
Integer vector compression time: 0.0360
==== OLE
Command: /home/louza/mm-repair/ole/encode.x /mnt/data/datasets/machine-learning-matrices-split/covtype.csv.24.7.vc.C 
OLE time: 0.0070
==== Ans-fold compression
Command: /home/louza/mm-repair/ans/encode.x /mnt/data/datasets/machine-learning-matrices-split/covtype.csv.24.7.vc.C 
Ans-fold time: 0.2098
==== Integer vector .C compression
Command: /home/louza/mm-repair/sdsl/encode.x /mnt/data/datasets/machine-learning-matrices-split/covtype.csv.24.8.vc.C 
==== Integer vector .R compression
Command: /home/louza/mm-repair/sdsl/encode.x /mnt/data/datasets/machine-learning-matrices-split/covtype.csv.24.8.vc.R 
Integer vector compression time: 0.0356
==== OLE
Command: /home/louza/mm-repair/ole/encode.x /mnt/data/datasets/machine-learning-matrices-split/covtype.csv.24.8.vc.C 
OLE time: 0.0062
==== Ans-fold compression
Command: /home/louza/mm-repair/ans/encode.x /mnt/data/datasets/machine-learning-matrices-split/covtype.csv.24.8.vc.C 
Ans-fold time: 0.2325
==== Integer vector .C compression
Command: /home/louza/mm-repair/sdsl/encode.x /mnt/data/datasets/machine-learning-matrices-split/covtype.csv.24.9.vc.C 
==== Integer vector .R compression
Command: /home/louza/mm-repair/sdsl/encode.x /mnt/data/datasets/machine-learning-matrices-split/covtype.csv.24.9.vc.R 
Integer vector compression time: 0.0349
==== OLE
Command: /home/louza/mm-repair/ole/encode.x /mnt/data/datasets/machine-learning-matrices-split/covtype.csv.24.9.vc.C 
OLE time: 0.0073
==== Ans-fold compression
Command: /home/louza/mm-repair/ans/encode.x /mnt/data/datasets/machine-learning-matrices-split/covtype.csv.24.9.vc.C 
Ans-fold time: 0.2567
==== Integer vector .C compression
Command: /home/louza/mm-repair/sdsl/encode.x /mnt/data/datasets/machine-learning-matrices-split/covtype.csv.24.10.vc.C 
==== Integer vector .R compression
Command: /home/louza/mm-repair/sdsl/encode.x /mnt/data/datasets/machine-learning-matrices-split/covtype.csv.24.10.vc.R 
Integer vector compression time: 0.0346
==== OLE
Command: /home/louza/mm-repair/ole/encode.x /mnt/data/datasets/machine-learning-matrices-split/covtype.csv.24.10.vc.C 
OLE time: 0.0070
==== Ans-fold compression
Command: /home/louza/mm-repair/ans/encode.x /mnt/data/datasets/machine-learning-matrices-split/covtype.csv.24.10.vc.C 
Ans-fold time: 0.2803
==== Integer vector .C compression
Command: /home/louza/mm-repair/sdsl/encode.x /mnt/data/datasets/machine-learning-matrices-split/covtype.csv.24.11.vc.C 
==== Integer vector .R compression
Command: /home/louza/mm-repair/sdsl/encode.x /mnt/data/datasets/machine-learning-matrices-split/covtype.csv.24.11.vc.R 
Integer vector compression time: 0.0352
==== OLE
Command: /home/louza/mm-repair/ole/encode.x /mnt/data/datasets/machine-learning-matrices-split/covtype.csv.24.11.vc.C 
OLE time: 0.0072
==== Ans-fold compression
Command: /home/louza/mm-repair/ans/encode.x /mnt/data/datasets/machine-learning-matrices-split/covtype.csv.24.11.vc.C 
Ans-fold time: 0.3043
==== Integer vector .C compression
Command: /home/louza/mm-repair/sdsl/encode.x /mnt/data/datasets/machine-learning-matrices-split/covtype.csv.24.12.vc.C 
==== Integer vector .R compression
Command: /home/louza/mm-repair/sdsl/encode.x /mnt/data/datasets/machine-learning-matrices-split/covtype.csv.24.12.vc.R 
Integer vector compression time: 0.0338
==== OLE
Command: /home/louza/mm-repair/ole/encode.x /mnt/data/datasets/machine-learning-matrices-split/covtype.csv.24.12.vc.C 
OLE time: 0.0065
==== Ans-fold compression
Command: /home/louza/mm-repair/ans/encode.x /mnt/data/datasets/machine-learning-matrices-split/covtype.csv.24.12.vc.C 
Ans-fold time: 0.3276
==== Integer vector .C compression
Command: /home/louza/mm-repair/sdsl/encode.x /mnt/data/datasets/machine-learning-matrices-split/covtype.csv.24.13.vc.C 
==== Integer vector .R compression
Command: /home/louza/mm-repair/sdsl/encode.x /mnt/data/datasets/machine-learning-matrices-split/covtype.csv.24.13.vc.R 
Integer vector compression time: 0.0350
==== OLE
Command: /home/louza/mm-repair/ole/encode.x /mnt/data/datasets/machine-learning-matrices-split/covtype.csv.24.13.vc.C 
OLE time: 0.0071
==== Ans-fold compression
Command: /home/louza/mm-repair/ans/encode.x /mnt/data/datasets/machine-learning-matrices-split/covtype.csv.24.13.vc.C 
Ans-fold time: 0.3508
==== Integer vector .C compression
Command: /home/louza/mm-repair/sdsl/encode.x /mnt/data/datasets/machine-learning-matrices-split/covtype.csv.24.14.vc.C 
==== Integer vector .R compression
Command: /home/louza/mm-repair/sdsl/encode.x /mnt/data/datasets/machine-learning-matrices-split/covtype.csv.24.14.vc.R 
Integer vector compression time: 0.0348
==== OLE
Command: /home/louza/mm-repair/ole/encode.x /mnt/data/datasets/machine-learning-matrices-split/covtype.csv.24.14.vc.C 
OLE time: 0.0065
==== Ans-fold compression
Command: /home/louza/mm-repair/ans/encode.x /mnt/data/datasets/machine-learning-matrices-split/covtype.csv.24.14.vc.C 
Ans-fold time: 0.3740
==== Integer vector .C compression
Command: /home/louza/mm-repair/sdsl/encode.x /mnt/data/datasets/machine-learning-matrices-split/covtype.csv.24.15.vc.C 
==== Integer vector .R compression
Command: /home/louza/mm-repair/sdsl/encode.x /mnt/data/datasets/machine-learning-matrices-split/covtype.csv.24.15.vc.R 
Integer vector compression time: 0.0339
==== OLE
Command: /home/louza/mm-repair/ole/encode.x /mnt/data/datasets/machine-learning-matrices-split/covtype.csv.24.15.vc.C 
OLE time: 0.0072
==== Ans-fold compression
Command: /home/louza/mm-repair/ans/encode.x /mnt/data/datasets/machine-learning-matrices-split/covtype.csv.24.15.vc.C 
Ans-fold time: 0.3981
==== Integer vector .C compression
Command: /home/louza/mm-repair/sdsl/encode.x /mnt/data/datasets/machine-learning-matrices-split/covtype.csv.24.16.vc.C 
==== Integer vector .R compression
Command: /home/louza/mm-repair/sdsl/encode.x /mnt/data/datasets/machine-learning-matrices-split/covtype.csv.24.16.vc.R 
Integer vector compression time: 0.0478
==== OLE
Command: /home/louza/mm-repair/ole/encode.x /mnt/data/datasets/machine-learning-matrices-split/covtype.csv.24.16.vc.C 
OLE time: 0.0071
==== Ans-fold compression
Command: /home/louza/mm-repair/ans/encode.x /mnt/data/datasets/machine-learning-matrices-split/covtype.csv.24.16.vc.C 
Ans-fold time: 0.4222
==== Integer vector .C compression
Command: /home/louza/mm-repair/sdsl/encode.x /mnt/data/datasets/machine-learning-matrices-split/covtype.csv.24.17.vc.C 
==== Integer vector .R compression
Command: /home/louza/mm-repair/sdsl/encode.x /mnt/data/datasets/machine-learning-matrices-split/covtype.csv.24.17.vc.R 
Integer vector compression time: 0.0365
==== OLE
Command: /home/louza/mm-repair/ole/encode.x /mnt/data/datasets/machine-learning-matrices-split/covtype.csv.24.17.vc.C 
OLE time: 0.0071
==== Ans-fold compression
Command: /home/louza/mm-repair/ans/encode.x /mnt/data/datasets/machine-learning-matrices-split/covtype.csv.24.17.vc.C 
Ans-fold time: 0.4450
==== Integer vector .C compression
Command: /home/louza/mm-repair/sdsl/encode.x /mnt/data/datasets/machine-learning-matrices-split/covtype.csv.24.18.vc.C 
==== Integer vector .R compression
Command: /home/louza/mm-repair/sdsl/encode.x /mnt/data/datasets/machine-learning-matrices-split/covtype.csv.24.18.vc.R 
Integer vector compression time: 0.0357
==== OLE
Command: /home/louza/mm-repair/ole/encode.x /mnt/data/datasets/machine-learning-matrices-split/covtype.csv.24.18.vc.C 
OLE time: 0.0069
==== Ans-fold compression
Command: /home/louza/mm-repair/ans/encode.x /mnt/data/datasets/machine-learning-matrices-split/covtype.csv.24.18.vc.C 
Ans-fold time: 0.4686
==== Integer vector .C compression
Command: /home/louza/mm-repair/sdsl/encode.x /mnt/data/datasets/machine-learning-matrices-split/covtype.csv.24.19.vc.C 
==== Integer vector .R compression
Command: /home/louza/mm-repair/sdsl/encode.x /mnt/data/datasets/machine-learning-matrices-split/covtype.csv.24.19.vc.R 
Integer vector compression time: 0.0360
==== OLE
Command: /home/louza/mm-repair/ole/encode.x /mnt/data/datasets/machine-learning-matrices-split/covtype.csv.24.19.vc.C 
OLE time: 0.0063
==== Ans-fold compression
Command: /home/louza/mm-repair/ans/encode.x /mnt/data/datasets/machine-learning-matrices-split/covtype.csv.24.19.vc.C 
Ans-fold time: 0.4923
==== Integer vector .C compression
Command: /home/louza/mm-repair/sdsl/encode.x /mnt/data/datasets/machine-learning-matrices-split/covtype.csv.24.20.vc.C 
==== Integer vector .R compression
Command: /home/louza/mm-repair/sdsl/encode.x /mnt/data/datasets/machine-learning-matrices-split/covtype.csv.24.20.vc.R 
Integer vector compression time: 0.0346
==== OLE
Command: /home/louza/mm-repair/ole/encode.x /mnt/data/datasets/machine-learning-matrices-split/covtype.csv.24.20.vc.C 
OLE time: 0.0066
==== Ans-fold compression
Command: /home/louza/mm-repair/ans/encode.x /mnt/data/datasets/machine-learning-matrices-split/covtype.csv.24.20.vc.C 
Ans-fold time: 0.5173
==== Integer vector .C compression
Command: /home/louza/mm-repair/sdsl/encode.x /mnt/data/datasets/machine-learning-matrices-split/covtype.csv.24.21.vc.C 
==== Integer vector .R compression
Command: /home/louza/mm-repair/sdsl/encode.x /mnt/data/datasets/machine-learning-matrices-split/covtype.csv.24.21.vc.R 
Integer vector compression time: 0.0349
==== OLE
Command: /home/louza/mm-repair/ole/encode.x /mnt/data/datasets/machine-learning-matrices-split/covtype.csv.24.21.vc.C 
OLE time: 0.0064
==== Ans-fold compression
Command: /home/louza/mm-repair/ans/encode.x /mnt/data/datasets/machine-learning-matrices-split/covtype.csv.24.21.vc.C 
Ans-fold time: 0.5413
==== Integer vector .C compression
Command: /home/louza/mm-repair/sdsl/encode.x /mnt/data/datasets/machine-learning-matrices-split/covtype.csv.24.22.vc.C 
==== Integer vector .R compression
Command: /home/louza/mm-repair/sdsl/encode.x /mnt/data/datasets/machine-learning-matrices-split/covtype.csv.24.22.vc.R 
Integer vector compression time: 0.0340
==== OLE
Command: /home/louza/mm-repair/ole/encode.x /mnt/data/datasets/machine-learning-matrices-split/covtype.csv.24.22.vc.C 
OLE time: 0.0064
==== Ans-fold compression
Command: /home/louza/mm-repair/ans/encode.x /mnt/data/datasets/machine-learning-matrices-split/covtype.csv.24.22.vc.C 
Ans-fold time: 0.5661
==== Integer vector .C compression
Command: /home/louza/mm-repair/sdsl/encode.x /mnt/data/datasets/machine-learning-matrices-split/covtype.csv.24.23.vc.C 
==== Integer vector .R compression
Command: /home/louza/mm-repair/sdsl/encode.x /mnt/data/datasets/machine-learning-matrices-split/covtype.csv.24.23.vc.R 
Integer vector compression time: 0.0344
==== OLE
Command: /home/louza/mm-repair/ole/encode.x /mnt/data/datasets/machine-learning-matrices-split/covtype.csv.24.23.vc.C 
OLE time: 0.0064
==== Ans-fold compression
Command: /home/louza/mm-repair/ans/encode.x /mnt/data/datasets/machine-learning-matrices-split/covtype.csv.24.23.vc.C 
Ans-fold time: 0.5894
Elapsed time: 3.7056
==== Compression Report:
 >> matrix name: /mnt/data/datasets/machine-learning-matrices-split/covtype.csv
 >> conversion time: 1.71
 >> repair time: 0.26
 >> integer vectors time: 0.03
 >> ansf time: 0.59
 >> total time: 3.71
 >> matrix log(alpha)xNumEntries size: 50983803 bytes
 >> matrix dense size: 250997184 bytes
 >> total number of nonzero: 6901775 (22.00%)
 >> number of distinct nonzero: 6682
 >> CRSV  size: 29984604 bytes  (11.95%)
 >> RE32  size: 22819472 bytes  (9.09%)
 >> REIV  size: 13571368 bytes  (5.41%)
 >> REANS size: 11309906 bytes  (4.51%)
==== Done

#### 2026-09-09 20:24:01
 Command line: ./mm-repair/matrepair -r -b 24 -p 24 /mnt/data/datasets/machine-learning-matrices-split/covtype.csv 581012 54 --mapping 
Setting memory for each repair instance to 19335 MBs
Sending logging messages to file: /mnt/data/datasets/machine-learning-matrices-split/covtype.csv.log
==== Conversion bin/csv->csrv
Command: /home/louza/mm-repair/csvmat2csrv -b 24   /mnt/data/datasets/machine-learning-matrices-split/covtype.csv -r 0 -m  581012 54
Conversion time: 3.2506
==== Repair paralell compression
---- Executing 24 parallel processes
---- Parallel processing completed
Repair time: 0.8071
==== Integer vector .C compression
Command: /home/louza/mm-repair/sdsl/encode.x /mnt/data/datasets/machine-learning-matrices-split/covtype.csv.24.0.vc.C 
==== Integer vector .R compression
Command: /home/louza/mm-repair/sdsl/encode.x /mnt/data/datasets/machine-learning-matrices-split/covtype.csv.24.0.vc.R 
Integer vector compression time: 0.0539
==== Ans-fold compression
Command: /home/louza/mm-repair/ans/encode.x /mnt/data/datasets/machine-learning-matrices-split/covtype.csv.24.0.vc.C 
Ans-fold time: 0.0907
==== Integer vector .C compression
Command: /home/louza/mm-repair/sdsl/encode.x /mnt/data/datasets/machine-learning-matrices-split/covtype.csv.24.1.vc.C 
==== Integer vector .R compression
Command: /home/louza/mm-repair/sdsl/encode.x /mnt/data/datasets/machine-learning-matrices-split/covtype.csv.24.1.vc.R 
Integer vector compression time: 0.0664
==== Ans-fold compression
Command: /home/louza/mm-repair/ans/encode.x /mnt/data/datasets/machine-learning-matrices-split/covtype.csv.24.1.vc.C 
Ans-fold time: 0.2631
==== Integer vector .C compression
Command: /home/louza/mm-repair/sdsl/encode.x /mnt/data/datasets/machine-learning-matrices-split/covtype.csv.24.2.vc.C 
==== Integer vector .R compression
Command: /home/louza/mm-repair/sdsl/encode.x /mnt/data/datasets/machine-learning-matrices-split/covtype.csv.24.2.vc.R 
Integer vector compression time: 0.0681
==== Ans-fold compression
Command: /home/louza/mm-repair/ans/encode.x /mnt/data/datasets/machine-learning-matrices-split/covtype.csv.24.2.vc.C 
Ans-fold time: 0.2858
==== Integer vector .C compression
Command: /home/louza/mm-repair/sdsl/encode.x /mnt/data/datasets/machine-learning-matrices-split/covtype.csv.24.3.vc.C 
==== Integer vector .R compression
Command: /home/louza/mm-repair/sdsl/encode.x /mnt/data/datasets/machine-learning-matrices-split/covtype.csv.24.3.vc.R 
Integer vector compression time: 0.0463
==== Ans-fold compression
Command: /home/louza/mm-repair/ans/encode.x /mnt/data/datasets/machine-learning-matrices-split/covtype.csv.24.3.vc.C 
Ans-fold time: 0.3077
==== Integer vector .C compression
Command: /home/louza/mm-repair/sdsl/encode.x /mnt/data/datasets/machine-learning-matrices-split/covtype.csv.24.4.vc.C 
==== Integer vector .R compression
Command: /home/louza/mm-repair/sdsl/encode.x /mnt/data/datasets/machine-learning-matrices-split/covtype.csv.24.4.vc.R 
Integer vector compression time: 0.0478
==== Ans-fold compression
Command: /home/louza/mm-repair/ans/encode.x /mnt/data/datasets/machine-learning-matrices-split/covtype.csv.24.4.vc.C 
Ans-fold time: 0.3303
==== Integer vector .C compression
Command: /home/louza/mm-repair/sdsl/encode.x /mnt/data/datasets/machine-learning-matrices-split/covtype.csv.24.5.vc.C 
==== Integer vector .R compression
Command: /home/louza/mm-repair/sdsl/encode.x /mnt/data/datasets/machine-learning-matrices-split/covtype.csv.24.5.vc.R 
Integer vector compression time: 0.0477
==== Ans-fold compression
Command: /home/louza/mm-repair/ans/encode.x /mnt/data/datasets/machine-learning-matrices-split/covtype.csv.24.5.vc.C 
Ans-fold time: 0.3520
==== Integer vector .C compression
Command: /home/louza/mm-repair/sdsl/encode.x /mnt/data/datasets/machine-learning-matrices-split/covtype.csv.24.6.vc.C 
==== Integer vector .R compression
Command: /home/louza/mm-repair/sdsl/encode.x /mnt/data/datasets/machine-learning-matrices-split/covtype.csv.24.6.vc.R 
Integer vector compression time: 0.0516
==== Ans-fold compression
Command: /home/louza/mm-repair/ans/encode.x /mnt/data/datasets/machine-learning-matrices-split/covtype.csv.24.6.vc.C 
Ans-fold time: 0.3726
==== Integer vector .C compression
Command: /home/louza/mm-repair/sdsl/encode.x /mnt/data/datasets/machine-learning-matrices-split/covtype.csv.24.7.vc.C 
==== Integer vector .R compression
Command: /home/louza/mm-repair/sdsl/encode.x /mnt/data/datasets/machine-learning-matrices-split/covtype.csv.24.7.vc.R 
Integer vector compression time: 0.0484
==== Ans-fold compression
Command: /home/louza/mm-repair/ans/encode.x /mnt/data/datasets/machine-learning-matrices-split/covtype.csv.24.7.vc.C 
Ans-fold time: 0.3943
==== Integer vector .C compression
Command: /home/louza/mm-repair/sdsl/encode.x /mnt/data/datasets/machine-learning-matrices-split/covtype.csv.24.8.vc.C 
==== Integer vector .R compression
Command: /home/louza/mm-repair/sdsl/encode.x /mnt/data/datasets/machine-learning-matrices-split/covtype.csv.24.8.vc.R 
Integer vector compression time: 0.0479
==== Ans-fold compression
Command: /home/louza/mm-repair/ans/encode.x /mnt/data/datasets/machine-learning-matrices-split/covtype.csv.24.8.vc.C 
Ans-fold time: 0.4147
==== Integer vector .C compression
Command: /home/louza/mm-repair/sdsl/encode.x /mnt/data/datasets/machine-learning-matrices-split/covtype.csv.24.9.vc.C 
==== Integer vector .R compression
Command: /home/louza/mm-repair/sdsl/encode.x /mnt/data/datasets/machine-learning-matrices-split/covtype.csv.24.9.vc.R 
Integer vector compression time: 0.0495
==== Ans-fold compression
Command: /home/louza/mm-repair/ans/encode.x /mnt/data/datasets/machine-learning-matrices-split/covtype.csv.24.9.vc.C 
Ans-fold time: 0.4373
==== Integer vector .C compression
Command: /home/louza/mm-repair/sdsl/encode.x /mnt/data/datasets/machine-learning-matrices-split/covtype.csv.24.10.vc.C 
==== Integer vector .R compression
Command: /home/louza/mm-repair/sdsl/encode.x /mnt/data/datasets/machine-learning-matrices-split/covtype.csv.24.10.vc.R 
Integer vector compression time: 0.0505
==== Ans-fold compression
Command: /home/louza/mm-repair/ans/encode.x /mnt/data/datasets/machine-learning-matrices-split/covtype.csv.24.10.vc.C 
Ans-fold time: 0.4597
==== Integer vector .C compression
Command: /home/louza/mm-repair/sdsl/encode.x /mnt/data/datasets/machine-learning-matrices-split/covtype.csv.24.11.vc.C 
==== Integer vector .R compression
Command: /home/louza/mm-repair/sdsl/encode.x /mnt/data/datasets/machine-learning-matrices-split/covtype.csv.24.11.vc.R 
Integer vector compression time: 0.0487
==== Ans-fold compression
Command: /home/louza/mm-repair/ans/encode.x /mnt/data/datasets/machine-learning-matrices-split/covtype.csv.24.11.vc.C 
Ans-fold time: 0.4838
==== Integer vector .C compression
Command: /home/louza/mm-repair/sdsl/encode.x /mnt/data/datasets/machine-learning-matrices-split/covtype.csv.24.12.vc.C 
==== Integer vector .R compression
Command: /home/louza/mm-repair/sdsl/encode.x /mnt/data/datasets/machine-learning-matrices-split/covtype.csv.24.12.vc.R 
Integer vector compression time: 0.0521
==== Ans-fold compression
Command: /home/louza/mm-repair/ans/encode.x /mnt/data/datasets/machine-learning-matrices-split/covtype.csv.24.12.vc.C 
Ans-fold time: 0.5059
==== Integer vector .C compression
Command: /home/louza/mm-repair/sdsl/encode.x /mnt/data/datasets/machine-learning-matrices-split/covtype.csv.24.13.vc.C 
==== Integer vector .R compression
Command: /home/louza/mm-repair/sdsl/encode.x /mnt/data/datasets/machine-learning-matrices-split/covtype.csv.24.13.vc.R 
Integer vector compression time: 0.0474
==== Ans-fold compression
Command: /home/louza/mm-repair/ans/encode.x /mnt/data/datasets/machine-learning-matrices-split/covtype.csv.24.13.vc.C 
Ans-fold time: 0.5287
==== Integer vector .C compression
Command: /home/louza/mm-repair/sdsl/encode.x /mnt/data/datasets/machine-learning-matrices-split/covtype.csv.24.14.vc.C 
==== Integer vector .R compression
Command: /home/louza/mm-repair/sdsl/encode.x /mnt/data/datasets/machine-learning-matrices-split/covtype.csv.24.14.vc.R 
Integer vector compression time: 0.0517
==== Ans-fold compression
Command: /home/louza/mm-repair/ans/encode.x /mnt/data/datasets/machine-learning-matrices-split/covtype.csv.24.14.vc.C 
Ans-fold time: 0.5501
==== Integer vector .C compression
Command: /home/louza/mm-repair/sdsl/encode.x /mnt/data/datasets/machine-learning-matrices-split/covtype.csv.24.15.vc.C 
==== Integer vector .R compression
Command: /home/louza/mm-repair/sdsl/encode.x /mnt/data/datasets/machine-learning-matrices-split/covtype.csv.24.15.vc.R 
Integer vector compression time: 0.0519
==== Ans-fold compression
Command: /home/louza/mm-repair/ans/encode.x /mnt/data/datasets/machine-learning-matrices-split/covtype.csv.24.15.vc.C 
Ans-fold time: 0.5745
==== Integer vector .C compression
Command: /home/louza/mm-repair/sdsl/encode.x /mnt/data/datasets/machine-learning-matrices-split/covtype.csv.24.16.vc.C 
==== Integer vector .R compression
Command: /home/louza/mm-repair/sdsl/encode.x /mnt/data/datasets/machine-learning-matrices-split/covtype.csv.24.16.vc.R 
Integer vector compression time: 0.0520
==== Ans-fold compression
Command: /home/louza/mm-repair/ans/encode.x /mnt/data/datasets/machine-learning-matrices-split/covtype.csv.24.16.vc.C 
Ans-fold time: 0.5982
==== Integer vector .C compression
Command: /home/louza/mm-repair/sdsl/encode.x /mnt/data/datasets/machine-learning-matrices-split/covtype.csv.24.17.vc.C 
==== Integer vector .R compression
Command: /home/louza/mm-repair/sdsl/encode.x /mnt/data/datasets/machine-learning-matrices-split/covtype.csv.24.17.vc.R 
Integer vector compression time: 0.0661
==== Ans-fold compression
Command: /home/louza/mm-repair/ans/encode.x /mnt/data/datasets/machine-learning-matrices-split/covtype.csv.24.17.vc.C 
Ans-fold time: 0.6213
==== Integer vector .C compression
Command: /home/louza/mm-repair/sdsl/encode.x /mnt/data/datasets/machine-learning-matrices-split/covtype.csv.24.18.vc.C 
==== Integer vector .R compression
Command: /home/louza/mm-repair/sdsl/encode.x /mnt/data/datasets/machine-learning-matrices-split/covtype.csv.24.18.vc.R 
Integer vector compression time: 0.0521
==== Ans-fold compression
Command: /home/louza/mm-repair/ans/encode.x /mnt/data/datasets/machine-learning-matrices-split/covtype.csv.24.18.vc.C 
Ans-fold time: 0.6422
==== Integer vector .C compression
Command: /home/louza/mm-repair/sdsl/encode.x /mnt/data/datasets/machine-learning-matrices-split/covtype.csv.24.19.vc.C 
==== Integer vector .R compression
Command: /home/louza/mm-repair/sdsl/encode.x /mnt/data/datasets/machine-learning-matrices-split/covtype.csv.24.19.vc.R 
Integer vector compression time: 0.0809
==== Ans-fold compression
Command: /home/louza/mm-repair/ans/encode.x /mnt/data/datasets/machine-learning-matrices-split/covtype.csv.24.19.vc.C 
Ans-fold time: 0.6755
==== Integer vector .C compression
Command: /home/louza/mm-repair/sdsl/encode.x /mnt/data/datasets/machine-learning-matrices-split/covtype.csv.24.20.vc.C 
==== Integer vector .R compression
Command: /home/louza/mm-repair/sdsl/encode.x /mnt/data/datasets/machine-learning-matrices-split/covtype.csv.24.20.vc.R 
Integer vector compression time: 0.0670
==== Ans-fold compression
Command: /home/louza/mm-repair/ans/encode.x /mnt/data/datasets/machine-learning-matrices-split/covtype.csv.24.20.vc.C 
Ans-fold time: 0.6989
==== Integer vector .C compression
Command: /home/louza/mm-repair/sdsl/encode.x /mnt/data/datasets/machine-learning-matrices-split/covtype.csv.24.21.vc.C 
==== Integer vector .R compression
Command: /home/louza/mm-repair/sdsl/encode.x /mnt/data/datasets/machine-learning-matrices-split/covtype.csv.24.21.vc.R 
Integer vector compression time: 0.0771
==== Ans-fold compression
Command: /home/louza/mm-repair/ans/encode.x /mnt/data/datasets/machine-learning-matrices-split/covtype.csv.24.21.vc.C 
Ans-fold time: 0.7335
==== Integer vector .C compression
Command: /home/louza/mm-repair/sdsl/encode.x /mnt/data/datasets/machine-learning-matrices-split/covtype.csv.24.22.vc.C 
==== Integer vector .R compression
Command: /home/louza/mm-repair/sdsl/encode.x /mnt/data/datasets/machine-learning-matrices-split/covtype.csv.24.22.vc.R 
Integer vector compression time: 0.0783
==== Ans-fold compression
Command: /home/louza/mm-repair/ans/encode.x /mnt/data/datasets/machine-learning-matrices-split/covtype.csv.24.22.vc.C 
Ans-fold time: 0.7647
==== Integer vector .C compression
Command: /home/louza/mm-repair/sdsl/encode.x /mnt/data/datasets/machine-learning-matrices-split/covtype.csv.24.23.vc.C 
==== Integer vector .R compression
Command: /home/louza/mm-repair/sdsl/encode.x /mnt/data/datasets/machine-learning-matrices-split/covtype.csv.24.23.vc.R 
Integer vector compression time: 0.0796
==== Ans-fold compression
Command: /home/louza/mm-repair/ans/encode.x /mnt/data/datasets/machine-learning-matrices-split/covtype.csv.24.23.vc.C 
Ans-fold time: 0.7981
Command: /home/louza/mm-repair/ans/encode.x /mnt/data/datasets/machine-learning-matrices-split/covtype.csv.wcode 
Elapsed time: 6.2506
==== Compression Report:
 >> matrix name: /mnt/data/datasets/machine-learning-matrices-split/covtype.csv
 >> conversion time: 3.25
 >> repair time: 0.81
 >> integer vectors time: 0.08
 >> ansf time: 0.80
 >> total time: 6.25
 >> wcode: 63808 bytes
 >> wcode_ans: 5738 bytes
 >> matrix log(alpha)xNumEntries size: 50983803 bytes
 >> matrix dense size: 250997184 bytes
 >> total number of nonzero: 6901775 (22.00%)
 >> number of distinct nonzero: 6682
 >> CRSV  size: 29984604 bytes  (11.95%)
 >> RE32  size: 22883280 bytes  (9.12%)
 >> REIV  size: 11500888 bytes  (4.58%)
 >> REANS size: 9880847 bytes  (3.94%)
==== Done

#### 2026-09-09 20:24:07
 Command line: ./mm-repair/matrepair -r -b 24 -p 24 /mnt/data/datasets/machine-learning-matrices-split/covtype.csv 581012 54 --split 
Setting memory for each repair instance to 19335 MBs
Sending logging messages to file: /mnt/data/datasets/machine-learning-matrices-split/covtype.csv.log
==== Conversion bin/csv->csrv
Command: /home/louza/mm-repair/csvmat2csrv -b 24   /mnt/data/datasets/machine-learning-matrices-split/covtype.csv -r 0  -s 581012 54
Conversion time: 11.6771
==== Repair paralell compression
---- Executing 24 parallel processes
---- Parallel processing completed
Repair time: 0.8904
==== Integer vector .C compression
Command: /home/louza/mm-repair/sdsl/encode.x /mnt/data/datasets/machine-learning-matrices-split/covtype.csv.24.0.A.vc.C 
==== Integer vector .R compression
Command: /home/louza/mm-repair/sdsl/encode.x /mnt/data/datasets/machine-learning-matrices-split/covtype.csv.24.0.A.vc.R 
Integer vector compression time: 0.0869
==== Ans-fold compression
Command: /home/louza/mm-repair/ans/encode.x /mnt/data/datasets/machine-learning-matrices-split/covtype.csv.24.0.A.vc.C 
Command: /home/louza/mm-repair/ans/encode.x /mnt/data/datasets/machine-learning-matrices-split/covtype.csv.24.0.B.vc
Ans-fold time: 0.0481
==== Integer vector .C compression
Command: /home/louza/mm-repair/sdsl/encode.x /mnt/data/datasets/machine-learning-matrices-split/covtype.csv.24.1.A.vc.C 
==== Integer vector .R compression
Command: /home/louza/mm-repair/sdsl/encode.x /mnt/data/datasets/machine-learning-matrices-split/covtype.csv.24.1.A.vc.R 
Integer vector compression time: 0.0833
==== Ans-fold compression
Command: /home/louza/mm-repair/ans/encode.x /mnt/data/datasets/machine-learning-matrices-split/covtype.csv.24.1.A.vc.C 
Command: /home/louza/mm-repair/ans/encode.x /mnt/data/datasets/machine-learning-matrices-split/covtype.csv.24.1.B.vc
Ans-fold time: 0.1220
==== Integer vector .C compression
Command: /home/louza/mm-repair/sdsl/encode.x /mnt/data/datasets/machine-learning-matrices-split/covtype.csv.24.2.A.vc.C 
==== Integer vector .R compression
Command: /home/louza/mm-repair/sdsl/encode.x /mnt/data/datasets/machine-learning-matrices-split/covtype.csv.24.2.A.vc.R 
Integer vector compression time: 0.1863
==== Ans-fold compression
Command: /home/louza/mm-repair/ans/encode.x /mnt/data/datasets/machine-learning-matrices-split/covtype.csv.24.2.A.vc.C 
Command: /home/louza/mm-repair/ans/encode.x /mnt/data/datasets/machine-learning-matrices-split/covtype.csv.24.2.B.vc
Ans-fold time: 0.2002
==== Integer vector .C compression
Command: /home/louza/mm-repair/sdsl/encode.x /mnt/data/datasets/machine-learning-matrices-split/covtype.csv.24.3.A.vc.C 
==== Integer vector .R compression
Command: /home/louza/mm-repair/sdsl/encode.x /mnt/data/datasets/machine-learning-matrices-split/covtype.csv.24.3.A.vc.R 
Integer vector compression time: 0.1294
==== Ans-fold compression
Command: /home/louza/mm-repair/ans/encode.x /mnt/data/datasets/machine-learning-matrices-split/covtype.csv.24.3.A.vc.C 
Command: /home/louza/mm-repair/ans/encode.x /mnt/data/datasets/machine-learning-matrices-split/covtype.csv.24.3.B.vc
Ans-fold time: 0.2761
==== Integer vector .C compression
Command: /home/louza/mm-repair/sdsl/encode.x /mnt/data/datasets/machine-learning-matrices-split/covtype.csv.24.4.A.vc.C 
==== Integer vector .R compression
Command: /home/louza/mm-repair/sdsl/encode.x /mnt/data/datasets/machine-learning-matrices-split/covtype.csv.24.4.A.vc.R 
Integer vector compression time: 0.0918
==== Ans-fold compression
Command: /home/louza/mm-repair/ans/encode.x /mnt/data/datasets/machine-learning-matrices-split/covtype.csv.24.4.A.vc.C 
Command: /home/louza/mm-repair/ans/encode.x /mnt/data/datasets/machine-learning-matrices-split/covtype.csv.24.4.B.vc
Ans-fold time: 0.3133
==== Integer vector .C compression
Command: /home/louza/mm-repair/sdsl/encode.x /mnt/data/datasets/machine-learning-matrices-split/covtype.csv.24.5.A.vc.C 
==== Integer vector .R compression
Command: /home/louza/mm-repair/sdsl/encode.x /mnt/data/datasets/machine-learning-matrices-split/covtype.csv.24.5.A.vc.R 
Integer vector compression time: 0.0615
==== Ans-fold compression
Command: /home/louza/mm-repair/ans/encode.x /mnt/data/datasets/machine-learning-matrices-split/covtype.csv.24.5.A.vc.C 
Command: /home/louza/mm-repair/ans/encode.x /mnt/data/datasets/machine-learning-matrices-split/covtype.csv.24.5.B.vc
Ans-fold time: 0.3699
==== Integer vector .C compression
Command: /home/louza/mm-repair/sdsl/encode.x /mnt/data/datasets/machine-learning-matrices-split/covtype.csv.24.6.A.vc.C 
==== Integer vector .R compression
Command: /home/louza/mm-repair/sdsl/encode.x /mnt/data/datasets/machine-learning-matrices-split/covtype.csv.24.6.A.vc.R 
Integer vector compression time: 0.1389
==== Ans-fold compression
Command: /home/louza/mm-repair/ans/encode.x /mnt/data/datasets/machine-learning-matrices-split/covtype.csv.24.6.A.vc.C 
Command: /home/louza/mm-repair/ans/encode.x /mnt/data/datasets/machine-learning-matrices-split/covtype.csv.24.6.B.vc
Ans-fold time: 0.4763
==== Integer vector .C compression
Command: /home/louza/mm-repair/sdsl/encode.x /mnt/data/datasets/machine-learning-matrices-split/covtype.csv.24.7.A.vc.C 
==== Integer vector .R compression
Command: /home/louza/mm-repair/sdsl/encode.x /mnt/data/datasets/machine-learning-matrices-split/covtype.csv.24.7.A.vc.R 
Integer vector compression time: 0.0587
==== Ans-fold compression
Command: /home/louza/mm-repair/ans/encode.x /mnt/data/datasets/machine-learning-matrices-split/covtype.csv.24.7.A.vc.C 
Command: /home/louza/mm-repair/ans/encode.x /mnt/data/datasets/machine-learning-matrices-split/covtype.csv.24.7.B.vc
Ans-fold time: 0.5338
==== Integer vector .C compression
Command: /home/louza/mm-repair/sdsl/encode.x /mnt/data/datasets/machine-learning-matrices-split/covtype.csv.24.8.A.vc.C 
==== Integer vector .R compression
Command: /home/louza/mm-repair/sdsl/encode.x /mnt/data/datasets/machine-learning-matrices-split/covtype.csv.24.8.A.vc.R 
Integer vector compression time: 0.1087
==== Ans-fold compression
Command: /home/louza/mm-repair/ans/encode.x /mnt/data/datasets/machine-learning-matrices-split/covtype.csv.24.8.A.vc.C 
Command: /home/louza/mm-repair/ans/encode.x /mnt/data/datasets/machine-learning-matrices-split/covtype.csv.24.8.B.vc
Ans-fold time: 0.5984
==== Integer vector .C compression
Command: /home/louza/mm-repair/sdsl/encode.x /mnt/data/datasets/machine-learning-matrices-split/covtype.csv.24.9.A.vc.C 
==== Integer vector .R compression
Command: /home/louza/mm-repair/sdsl/encode.x /mnt/data/datasets/machine-learning-matrices-split/covtype.csv.24.9.A.vc.R 
Integer vector compression time: 0.0790
==== Ans-fold compression
Command: /home/louza/mm-repair/ans/encode.x /mnt/data/datasets/machine-learning-matrices-split/covtype.csv.24.9.A.vc.C 
Command: /home/louza/mm-repair/ans/encode.x /mnt/data/datasets/machine-learning-matrices-split/covtype.csv.24.9.B.vc
Ans-fold time: 0.6623
==== Integer vector .C compression
Command: /home/louza/mm-repair/sdsl/encode.x /mnt/data/datasets/machine-learning-matrices-split/covtype.csv.24.10.A.vc.C 
==== Integer vector .R compression
Command: /home/louza/mm-repair/sdsl/encode.x /mnt/data/datasets/machine-learning-matrices-split/covtype.csv.24.10.A.vc.R 
Integer vector compression time: 0.1033
==== Ans-fold compression
Command: /home/louza/mm-repair/ans/encode.x /mnt/data/datasets/machine-learning-matrices-split/covtype.csv.24.10.A.vc.C 
Command: /home/louza/mm-repair/ans/encode.x /mnt/data/datasets/machine-learning-matrices-split/covtype.csv.24.10.B.vc
Ans-fold time: 0.7163
==== Integer vector .C compression
Command: /home/louza/mm-repair/sdsl/encode.x /mnt/data/datasets/machine-learning-matrices-split/covtype.csv.24.11.A.vc.C 
==== Integer vector .R compression
Command: /home/louza/mm-repair/sdsl/encode.x /mnt/data/datasets/machine-learning-matrices-split/covtype.csv.24.11.A.vc.R 
Integer vector compression time: 0.0961
==== Ans-fold compression
Command: /home/louza/mm-repair/ans/encode.x /mnt/data/datasets/machine-learning-matrices-split/covtype.csv.24.11.A.vc.C 
Command: /home/louza/mm-repair/ans/encode.x /mnt/data/datasets/machine-learning-matrices-split/covtype.csv.24.11.B.vc
Ans-fold time: 0.8224
==== Integer vector .C compression
Command: /home/louza/mm-repair/sdsl/encode.x /mnt/data/datasets/machine-learning-matrices-split/covtype.csv.24.12.A.vc.C 
==== Integer vector .R compression
Command: /home/louza/mm-repair/sdsl/encode.x /mnt/data/datasets/machine-learning-matrices-split/covtype.csv.24.12.A.vc.R 
Integer vector compression time: 0.1420
==== Ans-fold compression
Command: /home/louza/mm-repair/ans/encode.x /mnt/data/datasets/machine-learning-matrices-split/covtype.csv.24.12.A.vc.C 
Command: /home/louza/mm-repair/ans/encode.x /mnt/data/datasets/machine-learning-matrices-split/covtype.csv.24.12.B.vc
Ans-fold time: 0.8700
==== Integer vector .C compression
Command: /home/louza/mm-repair/sdsl/encode.x /mnt/data/datasets/machine-learning-matrices-split/covtype.csv.24.13.A.vc.C 
==== Integer vector .R compression
Command: /home/louza/mm-repair/sdsl/encode.x /mnt/data/datasets/machine-learning-matrices-split/covtype.csv.24.13.A.vc.R 
Integer vector compression time: 0.0825
==== Ans-fold compression
Command: /home/louza/mm-repair/ans/encode.x /mnt/data/datasets/machine-learning-matrices-split/covtype.csv.24.13.A.vc.C 
Command: /home/louza/mm-repair/ans/encode.x /mnt/data/datasets/machine-learning-matrices-split/covtype.csv.24.13.B.vc
Ans-fold time: 0.9193
==== Integer vector .C compression
Command: /home/louza/mm-repair/sdsl/encode.x /mnt/data/datasets/machine-learning-matrices-split/covtype.csv.24.14.A.vc.C 
==== Integer vector .R compression
Command: /home/louza/mm-repair/sdsl/encode.x /mnt/data/datasets/machine-learning-matrices-split/covtype.csv.24.14.A.vc.R 
Integer vector compression time: 0.0671
==== Ans-fold compression
Command: /home/louza/mm-repair/ans/encode.x /mnt/data/datasets/machine-learning-matrices-split/covtype.csv.24.14.A.vc.C 
Command: /home/louza/mm-repair/ans/encode.x /mnt/data/datasets/machine-learning-matrices-split/covtype.csv.24.14.B.vc
Ans-fold time: 0.9600
==== Integer vector .C compression
Command: /home/louza/mm-repair/sdsl/encode.x /mnt/data/datasets/machine-learning-matrices-split/covtype.csv.24.15.A.vc.C 
==== Integer vector .R compression
Command: /home/louza/mm-repair/sdsl/encode.x /mnt/data/datasets/machine-learning-matrices-split/covtype.csv.24.15.A.vc.R 
Integer vector compression time: 0.1273
==== Ans-fold compression
Command: /home/louza/mm-repair/ans/encode.x /mnt/data/datasets/machine-learning-matrices-split/covtype.csv.24.15.A.vc.C 
Command: /home/louza/mm-repair/ans/encode.x /mnt/data/datasets/machine-learning-matrices-split/covtype.csv.24.15.B.vc
Ans-fold time: 1.0423
==== Integer vector .C compression
Command: /home/louza/mm-repair/sdsl/encode.x /mnt/data/datasets/machine-learning-matrices-split/covtype.csv.24.16.A.vc.C 
==== Integer vector .R compression
Command: /home/louza/mm-repair/sdsl/encode.x /mnt/data/datasets/machine-learning-matrices-split/covtype.csv.24.16.A.vc.R 
Integer vector compression time: 0.0713
==== Ans-fold compression
Command: /home/louza/mm-repair/ans/encode.x /mnt/data/datasets/machine-learning-matrices-split/covtype.csv.24.16.A.vc.C 
Command: /home/louza/mm-repair/ans/encode.x /mnt/data/datasets/machine-learning-matrices-split/covtype.csv.24.16.B.vc
Ans-fold time: 1.0911
==== Integer vector .C compression
Command: /home/louza/mm-repair/sdsl/encode.x /mnt/data/datasets/machine-learning-matrices-split/covtype.csv.24.17.A.vc.C 
==== Integer vector .R compression
Command: /home/louza/mm-repair/sdsl/encode.x /mnt/data/datasets/machine-learning-matrices-split/covtype.csv.24.17.A.vc.R 
Integer vector compression time: 0.0994
==== Ans-fold compression
Command: /home/louza/mm-repair/ans/encode.x /mnt/data/datasets/machine-learning-matrices-split/covtype.csv.24.17.A.vc.C 
Command: /home/louza/mm-repair/ans/encode.x /mnt/data/datasets/machine-learning-matrices-split/covtype.csv.24.17.B.vc
Ans-fold time: 1.1592
==== Integer vector .C compression
Command: /home/louza/mm-repair/sdsl/encode.x /mnt/data/datasets/machine-learning-matrices-split/covtype.csv.24.18.A.vc.C 
==== Integer vector .R compression
Command: /home/louza/mm-repair/sdsl/encode.x /mnt/data/datasets/machine-learning-matrices-split/covtype.csv.24.18.A.vc.R 
Integer vector compression time: 0.1126
==== Ans-fold compression
Command: /home/louza/mm-repair/ans/encode.x /mnt/data/datasets/machine-learning-matrices-split/covtype.csv.24.18.A.vc.C 
Command: /home/louza/mm-repair/ans/encode.x /mnt/data/datasets/machine-learning-matrices-split/covtype.csv.24.18.B.vc
Ans-fold time: 1.2310
==== Integer vector .C compression
Command: /home/louza/mm-repair/sdsl/encode.x /mnt/data/datasets/machine-learning-matrices-split/covtype.csv.24.19.A.vc.C 
==== Integer vector .R compression
Command: /home/louza/mm-repair/sdsl/encode.x /mnt/data/datasets/machine-learning-matrices-split/covtype.csv.24.19.A.vc.R 
Integer vector compression time: 0.0647
==== Ans-fold compression
Command: /home/louza/mm-repair/ans/encode.x /mnt/data/datasets/machine-learning-matrices-split/covtype.csv.24.19.A.vc.C 
Command: /home/louza/mm-repair/ans/encode.x /mnt/data/datasets/machine-learning-matrices-split/covtype.csv.24.19.B.vc
Ans-fold time: 1.2654
==== Integer vector .C compression
Command: /home/louza/mm-repair/sdsl/encode.x /mnt/data/datasets/machine-learning-matrices-split/covtype.csv.24.20.A.vc.C 
==== Integer vector .R compression
Command: /home/louza/mm-repair/sdsl/encode.x /mnt/data/datasets/machine-learning-matrices-split/covtype.csv.24.20.A.vc.R 
Integer vector compression time: 0.0783
==== Ans-fold compression
Command: /home/louza/mm-repair/ans/encode.x /mnt/data/datasets/machine-learning-matrices-split/covtype.csv.24.20.A.vc.C 
Command: /home/louza/mm-repair/ans/encode.x /mnt/data/datasets/machine-learning-matrices-split/covtype.csv.24.20.B.vc
Ans-fold time: 1.3079
==== Integer vector .C compression
Command: /home/louza/mm-repair/sdsl/encode.x /mnt/data/datasets/machine-learning-matrices-split/covtype.csv.24.21.A.vc.C 
==== Integer vector .R compression
Command: /home/louza/mm-repair/sdsl/encode.x /mnt/data/datasets/machine-learning-matrices-split/covtype.csv.24.21.A.vc.R 
Integer vector compression time: 0.0707
==== Ans-fold compression
Command: /home/louza/mm-repair/ans/encode.x /mnt/data/datasets/machine-learning-matrices-split/covtype.csv.24.21.A.vc.C 
Command: /home/louza/mm-repair/ans/encode.x /mnt/data/datasets/machine-learning-matrices-split/covtype.csv.24.21.B.vc
Ans-fold time: 1.3488
==== Integer vector .C compression
Command: /home/louza/mm-repair/sdsl/encode.x /mnt/data/datasets/machine-learning-matrices-split/covtype.csv.24.22.A.vc.C 
==== Integer vector .R compression
Command: /home/louza/mm-repair/sdsl/encode.x /mnt/data/datasets/machine-learning-matrices-split/covtype.csv.24.22.A.vc.R 
Integer vector compression time: 0.0788
==== Ans-fold compression
Command: /home/louza/mm-repair/ans/encode.x /mnt/data/datasets/machine-learning-matrices-split/covtype.csv.24.22.A.vc.C 
Command: /home/louza/mm-repair/ans/encode.x /mnt/data/datasets/machine-learning-matrices-split/covtype.csv.24.22.B.vc
Ans-fold time: 1.4043
==== Integer vector .C compression
Command: /home/louza/mm-repair/sdsl/encode.x /mnt/data/datasets/machine-learning-matrices-split/covtype.csv.24.23.A.vc.C 
==== Integer vector .R compression
Command: /home/louza/mm-repair/sdsl/encode.x /mnt/data/datasets/machine-learning-matrices-split/covtype.csv.24.23.A.vc.R 
Integer vector compression time: 0.0844
==== Ans-fold compression
Command: /home/louza/mm-repair/ans/encode.x /mnt/data/datasets/machine-learning-matrices-split/covtype.csv.24.23.A.vc.C 
Command: /home/louza/mm-repair/ans/encode.x /mnt/data/datasets/machine-learning-matrices-split/covtype.csv.24.23.B.vc
Ans-fold time: 1.4656
Elapsed time: 16.3435
==== Compression Report:
 >> matrix name: /mnt/data/datasets/machine-learning-matrices-split/covtype.csv
 >> conversion time: 11.68
 >> repair time: 0.89
 >> integer vectors time: 0.08
 >> ansf time: 1.47
 >> total time: 16.34
 >> matrix log(alpha)xNumEntries size: 50983803 bytes
 >> matrix dense size: 250997184 bytes
 >> total number of nonzero: 4948148 (15.77%)
 >> number of distinct nonzero: 6682
 >> CRSV  size: 22170096 bytes  (8.83%)
 >> B	  size: 10138556 bytes  (4.04%)
 >> B_ans size: 4542435 bytes  (1.81%)
 >> RE32  size: 19535863 bytes  (7.78%)
 >> REIV  size: 13350187 bytes  (5.32%)
 >> REANS size: 11749706 bytes  (4.68%)
==== Done

#### 2026-09-09 20:24:24
 Command line: ./mm-repair/matrepair -r -b 24 -p 24 /mnt/data/datasets/machine-learning-matrices-split/covtype.csv 581012 54 --ole --mapping 
Setting memory for each repair instance to 19335 MBs
Sending logging messages to file: /mnt/data/datasets/machine-learning-matrices-split/covtype.csv.log
==== Conversion bin/csv->csrv
Command: /home/louza/mm-repair/csvmat2csrv -b 24   /mnt/data/datasets/machine-learning-matrices-split/covtype.csv -r 0 -m  581012 54
Conversion time: 7.9827
==== Repair paralell compression
---- Executing 24 parallel processes
---- Parallel processing completed
Repair time: 2.4957
==== Integer vector .C compression
Command: /home/louza/mm-repair/sdsl/encode.x /mnt/data/datasets/machine-learning-matrices-split/covtype.csv.24.0.vc.C 
==== Integer vector .R compression
Command: /home/louza/mm-repair/sdsl/encode.x /mnt/data/datasets/machine-learning-matrices-split/covtype.csv.24.0.vc.R 
Integer vector compression time: 0.1465
==== OLE
Command: /home/louza/mm-repair/ole/encode.x /mnt/data/datasets/machine-learning-matrices-split/covtype.csv.24.0.vc.C 
OLE time: 0.0201
==== Ans-fold compression
Command: /home/louza/mm-repair/ans/encode.x /mnt/data/datasets/machine-learning-matrices-split/covtype.csv.24.0.vc.C 
Ans-fold time: 0.0331
==== Integer vector .C compression
Command: /home/louza/mm-repair/sdsl/encode.x /mnt/data/datasets/machine-learning-matrices-split/covtype.csv.24.1.vc.C 
==== Integer vector .R compression
Command: /home/louza/mm-repair/sdsl/encode.x /mnt/data/datasets/machine-learning-matrices-split/covtype.csv.24.1.vc.R 
Integer vector compression time: 0.1132
==== OLE
Command: /home/louza/mm-repair/ole/encode.x /mnt/data/datasets/machine-learning-matrices-split/covtype.csv.24.1.vc.C 
OLE time: 0.0183
==== Ans-fold compression
Command: /home/louza/mm-repair/ans/encode.x /mnt/data/datasets/machine-learning-matrices-split/covtype.csv.24.1.vc.C 
Ans-fold time: 0.0588
==== Integer vector .C compression
Command: /home/louza/mm-repair/sdsl/encode.x /mnt/data/datasets/machine-learning-matrices-split/covtype.csv.24.2.vc.C 
==== Integer vector .R compression
Command: /home/louza/mm-repair/sdsl/encode.x /mnt/data/datasets/machine-learning-matrices-split/covtype.csv.24.2.vc.R 
Integer vector compression time: 0.1054
==== OLE
Command: /home/louza/mm-repair/ole/encode.x /mnt/data/datasets/machine-learning-matrices-split/covtype.csv.24.2.vc.C 
OLE time: 0.0276
==== Ans-fold compression
Command: /home/louza/mm-repair/ans/encode.x /mnt/data/datasets/machine-learning-matrices-split/covtype.csv.24.2.vc.C 
Ans-fold time: 0.1031
==== Integer vector .C compression
Command: /home/louza/mm-repair/sdsl/encode.x /mnt/data/datasets/machine-learning-matrices-split/covtype.csv.24.3.vc.C 
==== Integer vector .R compression
Command: /home/louza/mm-repair/sdsl/encode.x /mnt/data/datasets/machine-learning-matrices-split/covtype.csv.24.3.vc.R 
Integer vector compression time: 0.1094
==== OLE
Command: /home/louza/mm-repair/ole/encode.x /mnt/data/datasets/machine-learning-matrices-split/covtype.csv.24.3.vc.C 
OLE time: 0.0260
==== Ans-fold compression
Command: /home/louza/mm-repair/ans/encode.x /mnt/data/datasets/machine-learning-matrices-split/covtype.csv.24.3.vc.C 
Ans-fold time: 0.1526
==== Integer vector .C compression
Command: /home/louza/mm-repair/sdsl/encode.x /mnt/data/datasets/machine-learning-matrices-split/covtype.csv.24.4.vc.C 
==== Integer vector .R compression
Command: /home/louza/mm-repair/sdsl/encode.x /mnt/data/datasets/machine-learning-matrices-split/covtype.csv.24.4.vc.R 
Integer vector compression time: 0.1017
==== OLE
Command: /home/louza/mm-repair/ole/encode.x /mnt/data/datasets/machine-learning-matrices-split/covtype.csv.24.4.vc.C 
OLE time: 0.0218
==== Ans-fold compression
Command: /home/louza/mm-repair/ans/encode.x /mnt/data/datasets/machine-learning-matrices-split/covtype.csv.24.4.vc.C 
Ans-fold time: 0.1963
==== Integer vector .C compression
Command: /home/louza/mm-repair/sdsl/encode.x /mnt/data/datasets/machine-learning-matrices-split/covtype.csv.24.5.vc.C 
==== Integer vector .R compression
Command: /home/louza/mm-repair/sdsl/encode.x /mnt/data/datasets/machine-learning-matrices-split/covtype.csv.24.5.vc.R 
Integer vector compression time: 0.0995
==== OLE
Command: /home/louza/mm-repair/ole/encode.x /mnt/data/datasets/machine-learning-matrices-split/covtype.csv.24.5.vc.C 
OLE time: 0.0265
==== Ans-fold compression
Command: /home/louza/mm-repair/ans/encode.x /mnt/data/datasets/machine-learning-matrices-split/covtype.csv.24.5.vc.C 
Ans-fold time: 0.2436
==== Integer vector .C compression
Command: /home/louza/mm-repair/sdsl/encode.x /mnt/data/datasets/machine-learning-matrices-split/covtype.csv.24.6.vc.C 
==== Integer vector .R compression
Command: /home/louza/mm-repair/sdsl/encode.x /mnt/data/datasets/machine-learning-matrices-split/covtype.csv.24.6.vc.R 
Integer vector compression time: 0.0905
==== OLE
Command: /home/louza/mm-repair/ole/encode.x /mnt/data/datasets/machine-learning-matrices-split/covtype.csv.24.6.vc.C 
OLE time: 0.0272
==== Ans-fold compression
Command: /home/louza/mm-repair/ans/encode.x /mnt/data/datasets/machine-learning-matrices-split/covtype.csv.24.6.vc.C 
Ans-fold time: 0.2843
==== Integer vector .C compression
Command: /home/louza/mm-repair/sdsl/encode.x /mnt/data/datasets/machine-learning-matrices-split/covtype.csv.24.7.vc.C 
==== Integer vector .R compression
Command: /home/louza/mm-repair/sdsl/encode.x /mnt/data/datasets/machine-learning-matrices-split/covtype.csv.24.7.vc.R 
Integer vector compression time: 0.1085
==== OLE
Command: /home/louza/mm-repair/ole/encode.x /mnt/data/datasets/machine-learning-matrices-split/covtype.csv.24.7.vc.C 
OLE time: 0.0207
==== Ans-fold compression
Command: /home/louza/mm-repair/ans/encode.x /mnt/data/datasets/machine-learning-matrices-split/covtype.csv.24.7.vc.C 
Ans-fold time: 0.3150
==== Integer vector .C compression
Command: /home/louza/mm-repair/sdsl/encode.x /mnt/data/datasets/machine-learning-matrices-split/covtype.csv.24.8.vc.C 
==== Integer vector .R compression
Command: /home/louza/mm-repair/sdsl/encode.x /mnt/data/datasets/machine-learning-matrices-split/covtype.csv.24.8.vc.R 
Integer vector compression time: 0.1034
==== OLE
Command: /home/louza/mm-repair/ole/encode.x /mnt/data/datasets/machine-learning-matrices-split/covtype.csv.24.8.vc.C 
OLE time: 0.0627
==== Ans-fold compression
Command: /home/louza/mm-repair/ans/encode.x /mnt/data/datasets/machine-learning-matrices-split/covtype.csv.24.8.vc.C 
Ans-fold time: 0.3432
==== Integer vector .C compression
Command: /home/louza/mm-repair/sdsl/encode.x /mnt/data/datasets/machine-learning-matrices-split/covtype.csv.24.9.vc.C 
==== Integer vector .R compression
Command: /home/louza/mm-repair/sdsl/encode.x /mnt/data/datasets/machine-learning-matrices-split/covtype.csv.24.9.vc.R 
Integer vector compression time: 0.0938
==== OLE
Command: /home/louza/mm-repair/ole/encode.x /mnt/data/datasets/machine-learning-matrices-split/covtype.csv.24.9.vc.C 
OLE time: 0.0186
==== Ans-fold compression
Command: /home/louza/mm-repair/ans/encode.x /mnt/data/datasets/machine-learning-matrices-split/covtype.csv.24.9.vc.C 
Ans-fold time: 0.3761
==== Integer vector .C compression
Command: /home/louza/mm-repair/sdsl/encode.x /mnt/data/datasets/machine-learning-matrices-split/covtype.csv.24.10.vc.C 
==== Integer vector .R compression
Command: /home/louza/mm-repair/sdsl/encode.x /mnt/data/datasets/machine-learning-matrices-split/covtype.csv.24.10.vc.R 
Integer vector compression time: 0.0673
==== OLE
Command: /home/louza/mm-repair/ole/encode.x /mnt/data/datasets/machine-learning-matrices-split/covtype.csv.24.10.vc.C 
OLE time: 0.0173
==== Ans-fold compression
Command: /home/louza/mm-repair/ans/encode.x /mnt/data/datasets/machine-learning-matrices-split/covtype.csv.24.10.vc.C 
Ans-fold time: 0.4034
==== Integer vector .C compression
Command: /home/louza/mm-repair/sdsl/encode.x /mnt/data/datasets/machine-learning-matrices-split/covtype.csv.24.11.vc.C 
==== Integer vector .R compression
Command: /home/louza/mm-repair/sdsl/encode.x /mnt/data/datasets/machine-learning-matrices-split/covtype.csv.24.11.vc.R 
Integer vector compression time: 0.0617
==== OLE
Command: /home/louza/mm-repair/ole/encode.x /mnt/data/datasets/machine-learning-matrices-split/covtype.csv.24.11.vc.C 
OLE time: 0.0166
==== Ans-fold compression
Command: /home/louza/mm-repair/ans/encode.x /mnt/data/datasets/machine-learning-matrices-split/covtype.csv.24.11.vc.C 
Ans-fold time: 0.4361
==== Integer vector .C compression
Command: /home/louza/mm-repair/sdsl/encode.x /mnt/data/datasets/machine-learning-matrices-split/covtype.csv.24.12.vc.C 
==== Integer vector .R compression
Command: /home/louza/mm-repair/sdsl/encode.x /mnt/data/datasets/machine-learning-matrices-split/covtype.csv.24.12.vc.R 
Integer vector compression time: 0.0793
==== OLE
Command: /home/louza/mm-repair/ole/encode.x /mnt/data/datasets/machine-learning-matrices-split/covtype.csv.24.12.vc.C 
OLE time: 0.0163
==== Ans-fold compression
Command: /home/louza/mm-repair/ans/encode.x /mnt/data/datasets/machine-learning-matrices-split/covtype.csv.24.12.vc.C 
Ans-fold time: 0.4594
==== Integer vector .C compression
Command: /home/louza/mm-repair/sdsl/encode.x /mnt/data/datasets/machine-learning-matrices-split/covtype.csv.24.13.vc.C 
==== Integer vector .R compression
Command: /home/louza/mm-repair/sdsl/encode.x /mnt/data/datasets/machine-learning-matrices-split/covtype.csv.24.13.vc.R 
Integer vector compression time: 0.0558
==== OLE
Command: /home/louza/mm-repair/ole/encode.x /mnt/data/datasets/machine-learning-matrices-split/covtype.csv.24.13.vc.C 
OLE time: 0.0136
==== Ans-fold compression
Command: /home/louza/mm-repair/ans/encode.x /mnt/data/datasets/machine-learning-matrices-split/covtype.csv.24.13.vc.C 
Ans-fold time: 0.4961
==== Integer vector .C compression
Command: /home/louza/mm-repair/sdsl/encode.x /mnt/data/datasets/machine-learning-matrices-split/covtype.csv.24.14.vc.C 
==== Integer vector .R compression
Command: /home/louza/mm-repair/sdsl/encode.x /mnt/data/datasets/machine-learning-matrices-split/covtype.csv.24.14.vc.R 
Integer vector compression time: 0.1562
==== OLE
Command: /home/louza/mm-repair/ole/encode.x /mnt/data/datasets/machine-learning-matrices-split/covtype.csv.24.14.vc.C 
OLE time: 0.0935
==== Ans-fold compression
Command: /home/louza/mm-repair/ans/encode.x /mnt/data/datasets/machine-learning-matrices-split/covtype.csv.24.14.vc.C 
Ans-fold time: 0.5335
==== Integer vector .C compression
Command: /home/louza/mm-repair/sdsl/encode.x /mnt/data/datasets/machine-learning-matrices-split/covtype.csv.24.15.vc.C 
==== Integer vector .R compression
Command: /home/louza/mm-repair/sdsl/encode.x /mnt/data/datasets/machine-learning-matrices-split/covtype.csv.24.15.vc.R 
Integer vector compression time: 0.1130
==== OLE
Command: /home/louza/mm-repair/ole/encode.x /mnt/data/datasets/machine-learning-matrices-split/covtype.csv.24.15.vc.C 
OLE time: 0.0675
==== Ans-fold compression
Command: /home/louza/mm-repair/ans/encode.x /mnt/data/datasets/machine-learning-matrices-split/covtype.csv.24.15.vc.C 
Ans-fold time: 0.5923
==== Integer vector .C compression
Command: /home/louza/mm-repair/sdsl/encode.x /mnt/data/datasets/machine-learning-matrices-split/covtype.csv.24.16.vc.C 
==== Integer vector .R compression
Command: /home/louza/mm-repair/sdsl/encode.x /mnt/data/datasets/machine-learning-matrices-split/covtype.csv.24.16.vc.R 
Integer vector compression time: 0.0806
==== OLE
Command: /home/louza/mm-repair/ole/encode.x /mnt/data/datasets/machine-learning-matrices-split/covtype.csv.24.16.vc.C 
OLE time: 0.0337
==== Ans-fold compression
Command: /home/louza/mm-repair/ans/encode.x /mnt/data/datasets/machine-learning-matrices-split/covtype.csv.24.16.vc.C 
Ans-fold time: 0.6211
==== Integer vector .C compression
Command: /home/louza/mm-repair/sdsl/encode.x /mnt/data/datasets/machine-learning-matrices-split/covtype.csv.24.17.vc.C 
==== Integer vector .R compression
Command: /home/louza/mm-repair/sdsl/encode.x /mnt/data/datasets/machine-learning-matrices-split/covtype.csv.24.17.vc.R 
Integer vector compression time: 0.0666
==== OLE
Command: /home/louza/mm-repair/ole/encode.x /mnt/data/datasets/machine-learning-matrices-split/covtype.csv.24.17.vc.C 
OLE time: 0.0143
==== Ans-fold compression
Command: /home/louza/mm-repair/ans/encode.x /mnt/data/datasets/machine-learning-matrices-split/covtype.csv.24.17.vc.C 
Ans-fold time: 0.6452
==== Integer vector .C compression
Command: /home/louza/mm-repair/sdsl/encode.x /mnt/data/datasets/machine-learning-matrices-split/covtype.csv.24.18.vc.C 
==== Integer vector .R compression
Command: /home/louza/mm-repair/sdsl/encode.x /mnt/data/datasets/machine-learning-matrices-split/covtype.csv.24.18.vc.R 
Integer vector compression time: 0.0664
==== OLE
Command: /home/louza/mm-repair/ole/encode.x /mnt/data/datasets/machine-learning-matrices-split/covtype.csv.24.18.vc.C 
OLE time: 0.0208
==== Ans-fold compression
Command: /home/louza/mm-repair/ans/encode.x /mnt/data/datasets/machine-learning-matrices-split/covtype.csv.24.18.vc.C 
Ans-fold time: 0.6650
==== Integer vector .C compression
Command: /home/louza/mm-repair/sdsl/encode.x /mnt/data/datasets/machine-learning-matrices-split/covtype.csv.24.19.vc.C 
==== Integer vector .R compression
Command: /home/louza/mm-repair/sdsl/encode.x /mnt/data/datasets/machine-learning-matrices-split/covtype.csv.24.19.vc.R 
Integer vector compression time: 0.0509
==== OLE
Command: /home/louza/mm-repair/ole/encode.x /mnt/data/datasets/machine-learning-matrices-split/covtype.csv.24.19.vc.C 
OLE time: 0.0129
==== Ans-fold compression
Command: /home/louza/mm-repair/ans/encode.x /mnt/data/datasets/machine-learning-matrices-split/covtype.csv.24.19.vc.C 
Ans-fold time: 0.6929
==== Integer vector .C compression
Command: /home/louza/mm-repair/sdsl/encode.x /mnt/data/datasets/machine-learning-matrices-split/covtype.csv.24.20.vc.C 
==== Integer vector .R compression
Command: /home/louza/mm-repair/sdsl/encode.x /mnt/data/datasets/machine-learning-matrices-split/covtype.csv.24.20.vc.R 
Integer vector compression time: 0.0928
==== OLE
Command: /home/louza/mm-repair/ole/encode.x /mnt/data/datasets/machine-learning-matrices-split/covtype.csv.24.20.vc.C 
OLE time: 0.0408
==== Ans-fold compression
Command: /home/louza/mm-repair/ans/encode.x /mnt/data/datasets/machine-learning-matrices-split/covtype.csv.24.20.vc.C 
Ans-fold time: 0.7208
==== Integer vector .C compression
Command: /home/louza/mm-repair/sdsl/encode.x /mnt/data/datasets/machine-learning-matrices-split/covtype.csv.24.21.vc.C 
==== Integer vector .R compression
Command: /home/louza/mm-repair/sdsl/encode.x /mnt/data/datasets/machine-learning-matrices-split/covtype.csv.24.21.vc.R 
Integer vector compression time: 0.0773
==== OLE
Command: /home/louza/mm-repair/ole/encode.x /mnt/data/datasets/machine-learning-matrices-split/covtype.csv.24.21.vc.C 
OLE time: 0.0307
==== Ans-fold compression
Command: /home/louza/mm-repair/ans/encode.x /mnt/data/datasets/machine-learning-matrices-split/covtype.csv.24.21.vc.C 
Ans-fold time: 0.7453
==== Integer vector .C compression
Command: /home/louza/mm-repair/sdsl/encode.x /mnt/data/datasets/machine-learning-matrices-split/covtype.csv.24.22.vc.C 
==== Integer vector .R compression
Command: /home/louza/mm-repair/sdsl/encode.x /mnt/data/datasets/machine-learning-matrices-split/covtype.csv.24.22.vc.R 
Integer vector compression time: 0.0674
==== OLE
Command: /home/louza/mm-repair/ole/encode.x /mnt/data/datasets/machine-learning-matrices-split/covtype.csv.24.22.vc.C 
OLE time: 0.0129
==== Ans-fold compression
Command: /home/louza/mm-repair/ans/encode.x /mnt/data/datasets/machine-learning-matrices-split/covtype.csv.24.22.vc.C 
Ans-fold time: 0.7770
==== Integer vector .C compression
Command: /home/louza/mm-repair/sdsl/encode.x /mnt/data/datasets/machine-learning-matrices-split/covtype.csv.24.23.vc.C 
==== Integer vector .R compression
Command: /home/louza/mm-repair/sdsl/encode.x /mnt/data/datasets/machine-learning-matrices-split/covtype.csv.24.23.vc.R 
Integer vector compression time: 0.0665
==== OLE
Command: /home/louza/mm-repair/ole/encode.x /mnt/data/datasets/machine-learning-matrices-split/covtype.csv.24.23.vc.C 
OLE time: 0.0161
==== Ans-fold compression
Command: /home/louza/mm-repair/ans/encode.x /mnt/data/datasets/machine-learning-matrices-split/covtype.csv.24.23.vc.C 
Ans-fold time: 0.8227
Command: /home/louza/mm-repair/ans/encode.x /mnt/data/datasets/machine-learning-matrices-split/covtype.csv.wcode 
Elapsed time: 14.1793
==== Compression Report:
 >> matrix name: /mnt/data/datasets/machine-learning-matrices-split/covtype.csv
 >> conversion time: 7.98
 >> repair time: 2.50
 >> integer vectors time: 0.07
 >> ansf time: 0.82
 >> total time: 14.18
 >> wcode: 63808 bytes
 >> wcode_ans: 5738 bytes
 >> matrix log(alpha)xNumEntries size: 50983803 bytes
 >> matrix dense size: 250997184 bytes
 >> total number of nonzero: 6901775 (22.00%)
 >> number of distinct nonzero: 6682
 >> CRSV  size: 29984604 bytes  (11.95%)
 >> RE32  size: 22883280 bytes  (9.12%)
 >> REIV  size: 11500888 bytes  (4.58%)
 >> REANS size: 9265843 bytes  (3.69%)
==== Done

#### 2026-09-09 20:24:38
 Command line: ./mm-repair/matrepair -r -b 24 -p 24 /mnt/data/datasets/machine-learning-matrices-split/covtype.csv 581012 54 --ole --split 
Setting memory for each repair instance to 19335 MBs
Sending logging messages to file: /mnt/data/datasets/machine-learning-matrices-split/covtype.csv.log
==== Conversion bin/csv->csrv
Command: /home/louza/mm-repair/csvmat2csrv -b 24   /mnt/data/datasets/machine-learning-matrices-split/covtype.csv -r 0  -s 581012 54
Conversion time: 27.6205
==== Repair paralell compression
---- Executing 24 parallel processes
---- Parallel processing completed
Repair time: 0.5753
==== Integer vector .C compression
Command: /home/louza/mm-repair/sdsl/encode.x /mnt/data/datasets/machine-learning-matrices-split/covtype.csv.24.0.A.vc.C 
==== Integer vector .R compression
Command: /home/louza/mm-repair/sdsl/encode.x /mnt/data/datasets/machine-learning-matrices-split/covtype.csv.24.0.A.vc.R 
Integer vector compression time: 0.0666
==== OLE
Command: /home/louza/mm-repair/ole/encode.x /mnt/data/datasets/machine-learning-matrices-split/covtype.csv.24.0.A.vc.C 
Command: /home/louza/mm-repair/ole/encode.x /mnt/data/datasets/machine-learning-matrices-split/covtype.csv.24.0.B.vc 
OLE time: 0.0132
==== Ans-fold compression
Command: /home/louza/mm-repair/ans/encode.x /mnt/data/datasets/machine-learning-matrices-split/covtype.csv.24.0.A.vc.C 
Command: /home/louza/mm-repair/ans/encode.x /mnt/data/datasets/machine-learning-matrices-split/covtype.csv.24.0.B.vc
Ans-fold time: 0.1778
==== Integer vector .C compression
Command: /home/louza/mm-repair/sdsl/encode.x /mnt/data/datasets/machine-learning-matrices-split/covtype.csv.24.1.A.vc.C 
==== Integer vector .R compression
Command: /home/louza/mm-repair/sdsl/encode.x /mnt/data/datasets/machine-learning-matrices-split/covtype.csv.24.1.A.vc.R 
Integer vector compression time: 0.0764
==== OLE
Command: /home/louza/mm-repair/ole/encode.x /mnt/data/datasets/machine-learning-matrices-split/covtype.csv.24.1.A.vc.C 
Command: /home/louza/mm-repair/ole/encode.x /mnt/data/datasets/machine-learning-matrices-split/covtype.csv.24.1.B.vc 
OLE time: 0.0140
==== Ans-fold compression
Command: /home/louza/mm-repair/ans/encode.x /mnt/data/datasets/machine-learning-matrices-split/covtype.csv.24.1.A.vc.C 
Command: /home/louza/mm-repair/ans/encode.x /mnt/data/datasets/machine-learning-matrices-split/covtype.csv.24.1.B.vc
Ans-fold time: 0.2818
==== Integer vector .C compression
Command: /home/louza/mm-repair/sdsl/encode.x /mnt/data/datasets/machine-learning-matrices-split/covtype.csv.24.2.A.vc.C 
==== Integer vector .R compression
Command: /home/louza/mm-repair/sdsl/encode.x /mnt/data/datasets/machine-learning-matrices-split/covtype.csv.24.2.A.vc.R 
Integer vector compression time: 0.1161
==== OLE
Command: /home/louza/mm-repair/ole/encode.x /mnt/data/datasets/machine-learning-matrices-split/covtype.csv.24.2.A.vc.C 
Command: /home/louza/mm-repair/ole/encode.x /mnt/data/datasets/machine-learning-matrices-split/covtype.csv.24.2.B.vc 
OLE time: 0.0176
==== Ans-fold compression
Command: /home/louza/mm-repair/ans/encode.x /mnt/data/datasets/machine-learning-matrices-split/covtype.csv.24.2.A.vc.C 
Command: /home/louza/mm-repair/ans/encode.x /mnt/data/datasets/machine-learning-matrices-split/covtype.csv.24.2.B.vc
Ans-fold time: 0.3512
==== Integer vector .C compression
Command: /home/louza/mm-repair/sdsl/encode.x /mnt/data/datasets/machine-learning-matrices-split/covtype.csv.24.3.A.vc.C 
==== Integer vector .R compression
Command: /home/louza/mm-repair/sdsl/encode.x /mnt/data/datasets/machine-learning-matrices-split/covtype.csv.24.3.A.vc.R 
Integer vector compression time: 0.0623
==== OLE
Command: /home/louza/mm-repair/ole/encode.x /mnt/data/datasets/machine-learning-matrices-split/covtype.csv.24.3.A.vc.C 
Command: /home/louza/mm-repair/ole/encode.x /mnt/data/datasets/machine-learning-matrices-split/covtype.csv.24.3.B.vc 
OLE time: 0.0948
==== Ans-fold compression
Command: /home/louza/mm-repair/ans/encode.x /mnt/data/datasets/machine-learning-matrices-split/covtype.csv.24.3.A.vc.C 
Command: /home/louza/mm-repair/ans/encode.x /mnt/data/datasets/machine-learning-matrices-split/covtype.csv.24.3.B.vc
Ans-fold time: 0.4270
==== Integer vector .C compression
Command: /home/louza/mm-repair/sdsl/encode.x /mnt/data/datasets/machine-learning-matrices-split/covtype.csv.24.4.A.vc.C 
==== Integer vector .R compression
Command: /home/louza/mm-repair/sdsl/encode.x /mnt/data/datasets/machine-learning-matrices-split/covtype.csv.24.4.A.vc.R 
Integer vector compression time: 0.1057
==== OLE
Command: /home/louza/mm-repair/ole/encode.x /mnt/data/datasets/machine-learning-matrices-split/covtype.csv.24.4.A.vc.C 
Command: /home/louza/mm-repair/ole/encode.x /mnt/data/datasets/machine-learning-matrices-split/covtype.csv.24.4.B.vc 
OLE time: 0.0159
==== Ans-fold compression
Command: /home/louza/mm-repair/ans/encode.x /mnt/data/datasets/machine-learning-matrices-split/covtype.csv.24.4.A.vc.C 
Command: /home/louza/mm-repair/ans/encode.x /mnt/data/datasets/machine-learning-matrices-split/covtype.csv.24.4.B.vc
Ans-fold time: 0.5370
==== Integer vector .C compression
Command: /home/louza/mm-repair/sdsl/encode.x /mnt/data/datasets/machine-learning-matrices-split/covtype.csv.24.5.A.vc.C 
==== Integer vector .R compression
Command: /home/louza/mm-repair/sdsl/encode.x /mnt/data/datasets/machine-learning-matrices-split/covtype.csv.24.5.A.vc.R 
Integer vector compression time: 0.0798
==== OLE
Command: /home/louza/mm-repair/ole/encode.x /mnt/data/datasets/machine-learning-matrices-split/covtype.csv.24.5.A.vc.C 
Command: /home/louza/mm-repair/ole/encode.x /mnt/data/datasets/machine-learning-matrices-split/covtype.csv.24.5.B.vc 
OLE time: 0.0196
==== Ans-fold compression
Command: /home/louza/mm-repair/ans/encode.x /mnt/data/datasets/machine-learning-matrices-split/covtype.csv.24.5.A.vc.C 
Command: /home/louza/mm-repair/ans/encode.x /mnt/data/datasets/machine-learning-matrices-split/covtype.csv.24.5.B.vc
Ans-fold time: 0.5934
==== Integer vector .C compression
Command: /home/louza/mm-repair/sdsl/encode.x /mnt/data/datasets/machine-learning-matrices-split/covtype.csv.24.6.A.vc.C 
==== Integer vector .R compression
Command: /home/louza/mm-repair/sdsl/encode.x /mnt/data/datasets/machine-learning-matrices-split/covtype.csv.24.6.A.vc.R 
Integer vector compression time: 0.2189
==== OLE
Command: /home/louza/mm-repair/ole/encode.x /mnt/data/datasets/machine-learning-matrices-split/covtype.csv.24.6.A.vc.C 
Command: /home/louza/mm-repair/ole/encode.x /mnt/data/datasets/machine-learning-matrices-split/covtype.csv.24.6.B.vc 
OLE time: 0.0302
==== Ans-fold compression
Command: /home/louza/mm-repair/ans/encode.x /mnt/data/datasets/machine-learning-matrices-split/covtype.csv.24.6.A.vc.C 
Command: /home/louza/mm-repair/ans/encode.x /mnt/data/datasets/machine-learning-matrices-split/covtype.csv.24.6.B.vc
Ans-fold time: 0.7307
==== Integer vector .C compression
Command: /home/louza/mm-repair/sdsl/encode.x /mnt/data/datasets/machine-learning-matrices-split/covtype.csv.24.7.A.vc.C 
==== Integer vector .R compression
Command: /home/louza/mm-repair/sdsl/encode.x /mnt/data/datasets/machine-learning-matrices-split/covtype.csv.24.7.A.vc.R 
Integer vector compression time: 0.1739
==== OLE
Command: /home/louza/mm-repair/ole/encode.x /mnt/data/datasets/machine-learning-matrices-split/covtype.csv.24.7.A.vc.C 
Command: /home/louza/mm-repair/ole/encode.x /mnt/data/datasets/machine-learning-matrices-split/covtype.csv.24.7.B.vc 
OLE time: 0.0226
==== Ans-fold compression
Command: /home/louza/mm-repair/ans/encode.x /mnt/data/datasets/machine-learning-matrices-split/covtype.csv.24.7.A.vc.C 
Command: /home/louza/mm-repair/ans/encode.x /mnt/data/datasets/machine-learning-matrices-split/covtype.csv.24.7.B.vc
Ans-fold time: 0.8079
==== Integer vector .C compression
Command: /home/louza/mm-repair/sdsl/encode.x /mnt/data/datasets/machine-learning-matrices-split/covtype.csv.24.8.A.vc.C 
==== Integer vector .R compression
Command: /home/louza/mm-repair/sdsl/encode.x /mnt/data/datasets/machine-learning-matrices-split/covtype.csv.24.8.A.vc.R 
Integer vector compression time: 0.1035
==== OLE
Command: /home/louza/mm-repair/ole/encode.x /mnt/data/datasets/machine-learning-matrices-split/covtype.csv.24.8.A.vc.C 
Command: /home/louza/mm-repair/ole/encode.x /mnt/data/datasets/machine-learning-matrices-split/covtype.csv.24.8.B.vc 
OLE time: 0.0420
==== Ans-fold compression
Command: /home/louza/mm-repair/ans/encode.x /mnt/data/datasets/machine-learning-matrices-split/covtype.csv.24.8.A.vc.C 
Command: /home/louza/mm-repair/ans/encode.x /mnt/data/datasets/machine-learning-matrices-split/covtype.csv.24.8.B.vc
Ans-fold time: 0.9854
==== Integer vector .C compression
Command: /home/louza/mm-repair/sdsl/encode.x /mnt/data/datasets/machine-learning-matrices-split/covtype.csv.24.9.A.vc.C 
==== Integer vector .R compression
Command: /home/louza/mm-repair/sdsl/encode.x /mnt/data/datasets/machine-learning-matrices-split/covtype.csv.24.9.A.vc.R 
Integer vector compression time: 0.1612
==== OLE
Command: /home/louza/mm-repair/ole/encode.x /mnt/data/datasets/machine-learning-matrices-split/covtype.csv.24.9.A.vc.C 
Command: /home/louza/mm-repair/ole/encode.x /mnt/data/datasets/machine-learning-matrices-split/covtype.csv.24.9.B.vc 
OLE time: 0.0271
==== Ans-fold compression
Command: /home/louza/mm-repair/ans/encode.x /mnt/data/datasets/machine-learning-matrices-split/covtype.csv.24.9.A.vc.C 
Command: /home/louza/mm-repair/ans/encode.x /mnt/data/datasets/machine-learning-matrices-split/covtype.csv.24.9.B.vc
Ans-fold time: 1.0541
==== Integer vector .C compression
Command: /home/louza/mm-repair/sdsl/encode.x /mnt/data/datasets/machine-learning-matrices-split/covtype.csv.24.10.A.vc.C 
==== Integer vector .R compression
Command: /home/louza/mm-repair/sdsl/encode.x /mnt/data/datasets/machine-learning-matrices-split/covtype.csv.24.10.A.vc.R 
Integer vector compression time: 0.0769
==== OLE
Command: /home/louza/mm-repair/ole/encode.x /mnt/data/datasets/machine-learning-matrices-split/covtype.csv.24.10.A.vc.C 
Command: /home/louza/mm-repair/ole/encode.x /mnt/data/datasets/machine-learning-matrices-split/covtype.csv.24.10.B.vc 
OLE time: 0.0487
==== Ans-fold compression
Command: /home/louza/mm-repair/ans/encode.x /mnt/data/datasets/machine-learning-matrices-split/covtype.csv.24.10.A.vc.C 
Command: /home/louza/mm-repair/ans/encode.x /mnt/data/datasets/machine-learning-matrices-split/covtype.csv.24.10.B.vc
Ans-fold time: 1.1362
==== Integer vector .C compression
Command: /home/louza/mm-repair/sdsl/encode.x /mnt/data/datasets/machine-learning-matrices-split/covtype.csv.24.11.A.vc.C 
==== Integer vector .R compression
Command: /home/louza/mm-repair/sdsl/encode.x /mnt/data/datasets/machine-learning-matrices-split/covtype.csv.24.11.A.vc.R 
Integer vector compression time: 0.0565
==== OLE
Command: /home/louza/mm-repair/ole/encode.x /mnt/data/datasets/machine-learning-matrices-split/covtype.csv.24.11.A.vc.C 
Command: /home/louza/mm-repair/ole/encode.x /mnt/data/datasets/machine-learning-matrices-split/covtype.csv.24.11.B.vc 
OLE time: 0.0115
==== Ans-fold compression
Command: /home/louza/mm-repair/ans/encode.x /mnt/data/datasets/machine-learning-matrices-split/covtype.csv.24.11.A.vc.C 
Command: /home/louza/mm-repair/ans/encode.x /mnt/data/datasets/machine-learning-matrices-split/covtype.csv.24.11.B.vc
Ans-fold time: 1.1861
==== Integer vector .C compression
Command: /home/louza/mm-repair/sdsl/encode.x /mnt/data/datasets/machine-learning-matrices-split/covtype.csv.24.12.A.vc.C 
==== Integer vector .R compression
Command: /home/louza/mm-repair/sdsl/encode.x /mnt/data/datasets/machine-learning-matrices-split/covtype.csv.24.12.A.vc.R 
Integer vector compression time: 0.0658
==== OLE
Command: /home/louza/mm-repair/ole/encode.x /mnt/data/datasets/machine-learning-matrices-split/covtype.csv.24.12.A.vc.C 
Command: /home/louza/mm-repair/ole/encode.x /mnt/data/datasets/machine-learning-matrices-split/covtype.csv.24.12.B.vc 
OLE time: 0.0375
==== Ans-fold compression
Command: /home/louza/mm-repair/ans/encode.x /mnt/data/datasets/machine-learning-matrices-split/covtype.csv.24.12.A.vc.C 
Command: /home/louza/mm-repair/ans/encode.x /mnt/data/datasets/machine-learning-matrices-split/covtype.csv.24.12.B.vc
Ans-fold time: 1.2643
==== Integer vector .C compression
Command: /home/louza/mm-repair/sdsl/encode.x /mnt/data/datasets/machine-learning-matrices-split/covtype.csv.24.13.A.vc.C 
==== Integer vector .R compression
Command: /home/louza/mm-repair/sdsl/encode.x /mnt/data/datasets/machine-learning-matrices-split/covtype.csv.24.13.A.vc.R 
Integer vector compression time: 0.2645
==== OLE
Command: /home/louza/mm-repair/ole/encode.x /mnt/data/datasets/machine-learning-matrices-split/covtype.csv.24.13.A.vc.C 
Command: /home/louza/mm-repair/ole/encode.x /mnt/data/datasets/machine-learning-matrices-split/covtype.csv.24.13.B.vc 
OLE time: 0.0131
==== Ans-fold compression
Command: /home/louza/mm-repair/ans/encode.x /mnt/data/datasets/machine-learning-matrices-split/covtype.csv.24.13.A.vc.C 
Command: /home/louza/mm-repair/ans/encode.x /mnt/data/datasets/machine-learning-matrices-split/covtype.csv.24.13.B.vc
Ans-fold time: 1.4160
==== Integer vector .C compression
Command: /home/louza/mm-repair/sdsl/encode.x /mnt/data/datasets/machine-learning-matrices-split/covtype.csv.24.14.A.vc.C 
==== Integer vector .R compression
Command: /home/louza/mm-repair/sdsl/encode.x /mnt/data/datasets/machine-learning-matrices-split/covtype.csv.24.14.A.vc.R 
Integer vector compression time: 0.0556
==== OLE
Command: /home/louza/mm-repair/ole/encode.x /mnt/data/datasets/machine-learning-matrices-split/covtype.csv.24.14.A.vc.C 
Command: /home/louza/mm-repair/ole/encode.x /mnt/data/datasets/machine-learning-matrices-split/covtype.csv.24.14.B.vc 
OLE time: 0.0095
==== Ans-fold compression
Command: /home/louza/mm-repair/ans/encode.x /mnt/data/datasets/machine-learning-matrices-split/covtype.csv.24.14.A.vc.C 
Command: /home/louza/mm-repair/ans/encode.x /mnt/data/datasets/machine-learning-matrices-split/covtype.csv.24.14.B.vc
Ans-fold time: 1.4731
==== Integer vector .C compression
Command: /home/louza/mm-repair/sdsl/encode.x /mnt/data/datasets/machine-learning-matrices-split/covtype.csv.24.15.A.vc.C 
==== Integer vector .R compression
Command: /home/louza/mm-repair/sdsl/encode.x /mnt/data/datasets/machine-learning-matrices-split/covtype.csv.24.15.A.vc.R 
Integer vector compression time: 0.0530
==== OLE
Command: /home/louza/mm-repair/ole/encode.x /mnt/data/datasets/machine-learning-matrices-split/covtype.csv.24.15.A.vc.C 
Command: /home/louza/mm-repair/ole/encode.x /mnt/data/datasets/machine-learning-matrices-split/covtype.csv.24.15.B.vc 
OLE time: 0.0115
==== Ans-fold compression
Command: /home/louza/mm-repair/ans/encode.x /mnt/data/datasets/machine-learning-matrices-split/covtype.csv.24.15.A.vc.C 
Command: /home/louza/mm-repair/ans/encode.x /mnt/data/datasets/machine-learning-matrices-split/covtype.csv.24.15.B.vc
Ans-fold time: 1.5253
==== Integer vector .C compression
Command: /home/louza/mm-repair/sdsl/encode.x /mnt/data/datasets/machine-learning-matrices-split/covtype.csv.24.16.A.vc.C 
==== Integer vector .R compression
Command: /home/louza/mm-repair/sdsl/encode.x /mnt/data/datasets/machine-learning-matrices-split/covtype.csv.24.16.A.vc.R 
Integer vector compression time: 0.0525
==== OLE
Command: /home/louza/mm-repair/ole/encode.x /mnt/data/datasets/machine-learning-matrices-split/covtype.csv.24.16.A.vc.C 
Command: /home/louza/mm-repair/ole/encode.x /mnt/data/datasets/machine-learning-matrices-split/covtype.csv.24.16.B.vc 
OLE time: 0.0114
==== Ans-fold compression
Command: /home/louza/mm-repair/ans/encode.x /mnt/data/datasets/machine-learning-matrices-split/covtype.csv.24.16.A.vc.C 
Command: /home/louza/mm-repair/ans/encode.x /mnt/data/datasets/machine-learning-matrices-split/covtype.csv.24.16.B.vc
Ans-fold time: 1.5731
==== Integer vector .C compression
Command: /home/louza/mm-repair/sdsl/encode.x /mnt/data/datasets/machine-learning-matrices-split/covtype.csv.24.17.A.vc.C 
==== Integer vector .R compression
Command: /home/louza/mm-repair/sdsl/encode.x /mnt/data/datasets/machine-learning-matrices-split/covtype.csv.24.17.A.vc.R 
Integer vector compression time: 0.0552
==== OLE
Command: /home/louza/mm-repair/ole/encode.x /mnt/data/datasets/machine-learning-matrices-split/covtype.csv.24.17.A.vc.C 
Command: /home/louza/mm-repair/ole/encode.x /mnt/data/datasets/machine-learning-matrices-split/covtype.csv.24.17.B.vc 
OLE time: 0.0170
==== Ans-fold compression
Command: /home/louza/mm-repair/ans/encode.x /mnt/data/datasets/machine-learning-matrices-split/covtype.csv.24.17.A.vc.C 
Command: /home/louza/mm-repair/ans/encode.x /mnt/data/datasets/machine-learning-matrices-split/covtype.csv.24.17.B.vc
Ans-fold time: 1.6268
==== Integer vector .C compression
Command: /home/louza/mm-repair/sdsl/encode.x /mnt/data/datasets/machine-learning-matrices-split/covtype.csv.24.18.A.vc.C 
==== Integer vector .R compression
Command: /home/louza/mm-repair/sdsl/encode.x /mnt/data/datasets/machine-learning-matrices-split/covtype.csv.24.18.A.vc.R 
Integer vector compression time: 0.0628
==== OLE
Command: /home/louza/mm-repair/ole/encode.x /mnt/data/datasets/machine-learning-matrices-split/covtype.csv.24.18.A.vc.C 
Command: /home/louza/mm-repair/ole/encode.x /mnt/data/datasets/machine-learning-matrices-split/covtype.csv.24.18.B.vc 
OLE time: 0.0109
==== Ans-fold compression
Command: /home/louza/mm-repair/ans/encode.x /mnt/data/datasets/machine-learning-matrices-split/covtype.csv.24.18.A.vc.C 
Command: /home/louza/mm-repair/ans/encode.x /mnt/data/datasets/machine-learning-matrices-split/covtype.csv.24.18.B.vc
Ans-fold time: 1.6794
==== Integer vector .C compression
Command: /home/louza/mm-repair/sdsl/encode.x /mnt/data/datasets/machine-learning-matrices-split/covtype.csv.24.19.A.vc.C 
==== Integer vector .R compression
Command: /home/louza/mm-repair/sdsl/encode.x /mnt/data/datasets/machine-learning-matrices-split/covtype.csv.24.19.A.vc.R 
Integer vector compression time: 0.0581
==== OLE
Command: /home/louza/mm-repair/ole/encode.x /mnt/data/datasets/machine-learning-matrices-split/covtype.csv.24.19.A.vc.C 
Command: /home/louza/mm-repair/ole/encode.x /mnt/data/datasets/machine-learning-matrices-split/covtype.csv.24.19.B.vc 
OLE time: 0.0122
==== Ans-fold compression
Command: /home/louza/mm-repair/ans/encode.x /mnt/data/datasets/machine-learning-matrices-split/covtype.csv.24.19.A.vc.C 
Command: /home/louza/mm-repair/ans/encode.x /mnt/data/datasets/machine-learning-matrices-split/covtype.csv.24.19.B.vc
Ans-fold time: 1.8284
==== Integer vector .C compression
Command: /home/louza/mm-repair/sdsl/encode.x /mnt/data/datasets/machine-learning-matrices-split/covtype.csv.24.20.A.vc.C 
==== Integer vector .R compression
Command: /home/louza/mm-repair/sdsl/encode.x /mnt/data/datasets/machine-learning-matrices-split/covtype.csv.24.20.A.vc.R 
Integer vector compression time: 0.1070
==== OLE
Command: /home/louza/mm-repair/ole/encode.x /mnt/data/datasets/machine-learning-matrices-split/covtype.csv.24.20.A.vc.C 
Command: /home/louza/mm-repair/ole/encode.x /mnt/data/datasets/machine-learning-matrices-split/covtype.csv.24.20.B.vc 
OLE time: 0.0134
==== Ans-fold compression
Command: /home/louza/mm-repair/ans/encode.x /mnt/data/datasets/machine-learning-matrices-split/covtype.csv.24.20.A.vc.C 
Command: /home/louza/mm-repair/ans/encode.x /mnt/data/datasets/machine-learning-matrices-split/covtype.csv.24.20.B.vc
Ans-fold time: 1.8815
==== Integer vector .C compression
Command: /home/louza/mm-repair/sdsl/encode.x /mnt/data/datasets/machine-learning-matrices-split/covtype.csv.24.21.A.vc.C 
==== Integer vector .R compression
Command: /home/louza/mm-repair/sdsl/encode.x /mnt/data/datasets/machine-learning-matrices-split/covtype.csv.24.21.A.vc.R 
Integer vector compression time: 0.0579
==== OLE
Command: /home/louza/mm-repair/ole/encode.x /mnt/data/datasets/machine-learning-matrices-split/covtype.csv.24.21.A.vc.C 
Command: /home/louza/mm-repair/ole/encode.x /mnt/data/datasets/machine-learning-matrices-split/covtype.csv.24.21.B.vc 
OLE time: 0.0116
==== Ans-fold compression
Command: /home/louza/mm-repair/ans/encode.x /mnt/data/datasets/machine-learning-matrices-split/covtype.csv.24.21.A.vc.C 
Command: /home/louza/mm-repair/ans/encode.x /mnt/data/datasets/machine-learning-matrices-split/covtype.csv.24.21.B.vc
Ans-fold time: 2.0377
==== Integer vector .C compression
Command: /home/louza/mm-repair/sdsl/encode.x /mnt/data/datasets/machine-learning-matrices-split/covtype.csv.24.22.A.vc.C 
==== Integer vector .R compression
Command: /home/louza/mm-repair/sdsl/encode.x /mnt/data/datasets/machine-learning-matrices-split/covtype.csv.24.22.A.vc.R 
Integer vector compression time: 0.0792
==== OLE
Command: /home/louza/mm-repair/ole/encode.x /mnt/data/datasets/machine-learning-matrices-split/covtype.csv.24.22.A.vc.C 
Command: /home/louza/mm-repair/ole/encode.x /mnt/data/datasets/machine-learning-matrices-split/covtype.csv.24.22.B.vc 
OLE time: 0.0364
==== Ans-fold compression
Command: /home/louza/mm-repair/ans/encode.x /mnt/data/datasets/machine-learning-matrices-split/covtype.csv.24.22.A.vc.C 
Command: /home/louza/mm-repair/ans/encode.x /mnt/data/datasets/machine-learning-matrices-split/covtype.csv.24.22.B.vc
Ans-fold time: 2.0979
==== Integer vector .C compression
Command: /home/louza/mm-repair/sdsl/encode.x /mnt/data/datasets/machine-learning-matrices-split/covtype.csv.24.23.A.vc.C 
==== Integer vector .R compression
Command: /home/louza/mm-repair/sdsl/encode.x /mnt/data/datasets/machine-learning-matrices-split/covtype.csv.24.23.A.vc.R 
Integer vector compression time: 0.0863
==== OLE
Command: /home/louza/mm-repair/ole/encode.x /mnt/data/datasets/machine-learning-matrices-split/covtype.csv.24.23.A.vc.C 
Command: /home/louza/mm-repair/ole/encode.x /mnt/data/datasets/machine-learning-matrices-split/covtype.csv.24.23.B.vc 
OLE time: 0.0174
==== Ans-fold compression
Command: /home/louza/mm-repair/ans/encode.x /mnt/data/datasets/machine-learning-matrices-split/covtype.csv.24.23.A.vc.C 
Command: /home/louza/mm-repair/ans/encode.x /mnt/data/datasets/machine-learning-matrices-split/covtype.csv.24.23.B.vc
Ans-fold time: 2.2702
Elapsed time: 33.9325
==== Compression Report:
 >> matrix name: /mnt/data/datasets/machine-learning-matrices-split/covtype.csv
 >> conversion time: 27.62
 >> repair time: 0.58
 >> integer vectors time: 0.09
 >> ansf time: 2.27
 >> total time: 33.93
 >> matrix log(alpha)xNumEntries size: 50983803 bytes
 >> matrix dense size: 250997184 bytes
 >> total number of nonzero: 4948148 (15.77%)
 >> number of distinct nonzero: 6682
 >> CRSV  size: 22170096 bytes  (8.83%)
 >> B	  size: 10138556 bytes  (4.04%)
 >> B_ans size: 4367323 bytes  (1.74%)
 >> RE32  size: 19360751 bytes  (7.71%)
 >> REIV  size: 13175075 bytes  (5.25%)
 >> REANS size: 11411828 bytes  (4.55%)
==== Done

#### 2026-09-09 20:25:12
 Command line: ./mm-repair/matrepair -r -b 24 -p 24 /mnt/data/datasets/machine-learning-matrices-split/covtype.csv 581012 54 --mapping --split 
Setting memory for each repair instance to 19335 MBs
Sending logging messages to file: /mnt/data/datasets/machine-learning-matrices-split/covtype.csv.log
==== Conversion bin/csv->csrv
Command: /home/louza/mm-repair/csvmat2csrv -b 24   /mnt/data/datasets/machine-learning-matrices-split/covtype.csv -r 0 -m -s 581012 54
Conversion time: 42.5140
==== Repair paralell compression
---- Executing 24 parallel processes
---- Parallel processing completed
Repair time: 1.3342
==== Integer vector .C compression
Command: /home/louza/mm-repair/sdsl/encode.x /mnt/data/datasets/machine-learning-matrices-split/covtype.csv.24.0.A.vc.C 
==== Integer vector .R compression
Command: /home/louza/mm-repair/sdsl/encode.x /mnt/data/datasets/machine-learning-matrices-split/covtype.csv.24.0.A.vc.R 
Integer vector compression time: 0.1022
==== Ans-fold compression
Command: /home/louza/mm-repair/ans/encode.x /mnt/data/datasets/machine-learning-matrices-split/covtype.csv.24.0.A.vc.C 
Command: /home/louza/mm-repair/ans/encode.x /mnt/data/datasets/machine-learning-matrices-split/covtype.csv.24.0.B.vc
Ans-fold time: 0.0454
==== Integer vector .C compression
Command: /home/louza/mm-repair/sdsl/encode.x /mnt/data/datasets/machine-learning-matrices-split/covtype.csv.24.1.A.vc.C 
==== Integer vector .R compression
Command: /home/louza/mm-repair/sdsl/encode.x /mnt/data/datasets/machine-learning-matrices-split/covtype.csv.24.1.A.vc.R 
Integer vector compression time: 0.1079
==== Ans-fold compression
Command: /home/louza/mm-repair/ans/encode.x /mnt/data/datasets/machine-learning-matrices-split/covtype.csv.24.1.A.vc.C 
Command: /home/louza/mm-repair/ans/encode.x /mnt/data/datasets/machine-learning-matrices-split/covtype.csv.24.1.B.vc
Ans-fold time: 0.1564
==== Integer vector .C compression
Command: /home/louza/mm-repair/sdsl/encode.x /mnt/data/datasets/machine-learning-matrices-split/covtype.csv.24.2.A.vc.C 
==== Integer vector .R compression
Command: /home/louza/mm-repair/sdsl/encode.x /mnt/data/datasets/machine-learning-matrices-split/covtype.csv.24.2.A.vc.R 
Integer vector compression time: 0.1095
==== Ans-fold compression
Command: /home/louza/mm-repair/ans/encode.x /mnt/data/datasets/machine-learning-matrices-split/covtype.csv.24.2.A.vc.C 
Command: /home/louza/mm-repair/ans/encode.x /mnt/data/datasets/machine-learning-matrices-split/covtype.csv.24.2.B.vc
Ans-fold time: 0.2501
==== Integer vector .C compression
Command: /home/louza/mm-repair/sdsl/encode.x /mnt/data/datasets/machine-learning-matrices-split/covtype.csv.24.3.A.vc.C 
==== Integer vector .R compression
Command: /home/louza/mm-repair/sdsl/encode.x /mnt/data/datasets/machine-learning-matrices-split/covtype.csv.24.3.A.vc.R 
Integer vector compression time: 0.0840
==== Ans-fold compression
Command: /home/louza/mm-repair/ans/encode.x /mnt/data/datasets/machine-learning-matrices-split/covtype.csv.24.3.A.vc.C 
Command: /home/louza/mm-repair/ans/encode.x /mnt/data/datasets/machine-learning-matrices-split/covtype.csv.24.3.B.vc
Ans-fold time: 0.2921
==== Integer vector .C compression
Command: /home/louza/mm-repair/sdsl/encode.x /mnt/data/datasets/machine-learning-matrices-split/covtype.csv.24.4.A.vc.C 
==== Integer vector .R compression
Command: /home/louza/mm-repair/sdsl/encode.x /mnt/data/datasets/machine-learning-matrices-split/covtype.csv.24.4.A.vc.R 
Integer vector compression time: 0.0892
==== Ans-fold compression
Command: /home/louza/mm-repair/ans/encode.x /mnt/data/datasets/machine-learning-matrices-split/covtype.csv.24.4.A.vc.C 
Command: /home/louza/mm-repair/ans/encode.x /mnt/data/datasets/machine-learning-matrices-split/covtype.csv.24.4.B.vc
Ans-fold time: 0.3323
==== Integer vector .C compression
Command: /home/louza/mm-repair/sdsl/encode.x /mnt/data/datasets/machine-learning-matrices-split/covtype.csv.24.5.A.vc.C 
==== Integer vector .R compression
Command: /home/louza/mm-repair/sdsl/encode.x /mnt/data/datasets/machine-learning-matrices-split/covtype.csv.24.5.A.vc.R 
Integer vector compression time: 0.0953
==== Ans-fold compression
Command: /home/louza/mm-repair/ans/encode.x /mnt/data/datasets/machine-learning-matrices-split/covtype.csv.24.5.A.vc.C 
Command: /home/louza/mm-repair/ans/encode.x /mnt/data/datasets/machine-learning-matrices-split/covtype.csv.24.5.B.vc
Ans-fold time: 0.3817
==== Integer vector .C compression
Command: /home/louza/mm-repair/sdsl/encode.x /mnt/data/datasets/machine-learning-matrices-split/covtype.csv.24.6.A.vc.C 
==== Integer vector .R compression
Command: /home/louza/mm-repair/sdsl/encode.x /mnt/data/datasets/machine-learning-matrices-split/covtype.csv.24.6.A.vc.R 
Integer vector compression time: 0.1101
==== Ans-fold compression
Command: /home/louza/mm-repair/ans/encode.x /mnt/data/datasets/machine-learning-matrices-split/covtype.csv.24.6.A.vc.C 
Command: /home/louza/mm-repair/ans/encode.x /mnt/data/datasets/machine-learning-matrices-split/covtype.csv.24.6.B.vc
Ans-fold time: 0.4290
==== Integer vector .C compression
Command: /home/louza/mm-repair/sdsl/encode.x /mnt/data/datasets/machine-learning-matrices-split/covtype.csv.24.7.A.vc.C 
==== Integer vector .R compression
Command: /home/louza/mm-repair/sdsl/encode.x /mnt/data/datasets/machine-learning-matrices-split/covtype.csv.24.7.A.vc.R 
Integer vector compression time: 0.1017
==== Ans-fold compression
Command: /home/louza/mm-repair/ans/encode.x /mnt/data/datasets/machine-learning-matrices-split/covtype.csv.24.7.A.vc.C 
Command: /home/louza/mm-repair/ans/encode.x /mnt/data/datasets/machine-learning-matrices-split/covtype.csv.24.7.B.vc
Ans-fold time: 0.4771
==== Integer vector .C compression
Command: /home/louza/mm-repair/sdsl/encode.x /mnt/data/datasets/machine-learning-matrices-split/covtype.csv.24.8.A.vc.C 
==== Integer vector .R compression
Command: /home/louza/mm-repair/sdsl/encode.x /mnt/data/datasets/machine-learning-matrices-split/covtype.csv.24.8.A.vc.R 
Integer vector compression time: 0.0877
==== Ans-fold compression
Command: /home/louza/mm-repair/ans/encode.x /mnt/data/datasets/machine-learning-matrices-split/covtype.csv.24.8.A.vc.C 
Command: /home/louza/mm-repair/ans/encode.x /mnt/data/datasets/machine-learning-matrices-split/covtype.csv.24.8.B.vc
Ans-fold time: 0.5163
==== Integer vector .C compression
Command: /home/louza/mm-repair/sdsl/encode.x /mnt/data/datasets/machine-learning-matrices-split/covtype.csv.24.9.A.vc.C 
==== Integer vector .R compression
Command: /home/louza/mm-repair/sdsl/encode.x /mnt/data/datasets/machine-learning-matrices-split/covtype.csv.24.9.A.vc.R 
Integer vector compression time: 0.0745
==== Ans-fold compression
Command: /home/louza/mm-repair/ans/encode.x /mnt/data/datasets/machine-learning-matrices-split/covtype.csv.24.9.A.vc.C 
Command: /home/louza/mm-repair/ans/encode.x /mnt/data/datasets/machine-learning-matrices-split/covtype.csv.24.9.B.vc
Ans-fold time: 0.5747
==== Integer vector .C compression
Command: /home/louza/mm-repair/sdsl/encode.x /mnt/data/datasets/machine-learning-matrices-split/covtype.csv.24.10.A.vc.C 
==== Integer vector .R compression
Command: /home/louza/mm-repair/sdsl/encode.x /mnt/data/datasets/machine-learning-matrices-split/covtype.csv.24.10.A.vc.R 
Integer vector compression time: 0.1058
==== Ans-fold compression
Command: /home/louza/mm-repair/ans/encode.x /mnt/data/datasets/machine-learning-matrices-split/covtype.csv.24.10.A.vc.C 
Command: /home/louza/mm-repair/ans/encode.x /mnt/data/datasets/machine-learning-matrices-split/covtype.csv.24.10.B.vc
Ans-fold time: 0.6341
==== Integer vector .C compression
Command: /home/louza/mm-repair/sdsl/encode.x /mnt/data/datasets/machine-learning-matrices-split/covtype.csv.24.11.A.vc.C 
==== Integer vector .R compression
Command: /home/louza/mm-repair/sdsl/encode.x /mnt/data/datasets/machine-learning-matrices-split/covtype.csv.24.11.A.vc.R 
Integer vector compression time: 0.0786
==== Ans-fold compression
Command: /home/louza/mm-repair/ans/encode.x /mnt/data/datasets/machine-learning-matrices-split/covtype.csv.24.11.A.vc.C 
Command: /home/louza/mm-repair/ans/encode.x /mnt/data/datasets/machine-learning-matrices-split/covtype.csv.24.11.B.vc
Ans-fold time: 0.6828
==== Integer vector .C compression
Command: /home/louza/mm-repair/sdsl/encode.x /mnt/data/datasets/machine-learning-matrices-split/covtype.csv.24.12.A.vc.C 
==== Integer vector .R compression
Command: /home/louza/mm-repair/sdsl/encode.x /mnt/data/datasets/machine-learning-matrices-split/covtype.csv.24.12.A.vc.R 
Integer vector compression time: 0.1203
==== Ans-fold compression
Command: /home/louza/mm-repair/ans/encode.x /mnt/data/datasets/machine-learning-matrices-split/covtype.csv.24.12.A.vc.C 
Command: /home/louza/mm-repair/ans/encode.x /mnt/data/datasets/machine-learning-matrices-split/covtype.csv.24.12.B.vc
Ans-fold time: 0.7701
==== Integer vector .C compression
Command: /home/louza/mm-repair/sdsl/encode.x /mnt/data/datasets/machine-learning-matrices-split/covtype.csv.24.13.A.vc.C 
==== Integer vector .R compression
Command: /home/louza/mm-repair/sdsl/encode.x /mnt/data/datasets/machine-learning-matrices-split/covtype.csv.24.13.A.vc.R 
Integer vector compression time: 0.0793
==== Ans-fold compression
Command: /home/louza/mm-repair/ans/encode.x /mnt/data/datasets/machine-learning-matrices-split/covtype.csv.24.13.A.vc.C 
Command: /home/louza/mm-repair/ans/encode.x /mnt/data/datasets/machine-learning-matrices-split/covtype.csv.24.13.B.vc
Ans-fold time: 0.8808
==== Integer vector .C compression
Command: /home/louza/mm-repair/sdsl/encode.x /mnt/data/datasets/machine-learning-matrices-split/covtype.csv.24.14.A.vc.C 
==== Integer vector .R compression
Command: /home/louza/mm-repair/sdsl/encode.x /mnt/data/datasets/machine-learning-matrices-split/covtype.csv.24.14.A.vc.R 
Integer vector compression time: 0.0810
==== Ans-fold compression
Command: /home/louza/mm-repair/ans/encode.x /mnt/data/datasets/machine-learning-matrices-split/covtype.csv.24.14.A.vc.C 
Command: /home/louza/mm-repair/ans/encode.x /mnt/data/datasets/machine-learning-matrices-split/covtype.csv.24.14.B.vc
Ans-fold time: 0.9211
==== Integer vector .C compression
Command: /home/louza/mm-repair/sdsl/encode.x /mnt/data/datasets/machine-learning-matrices-split/covtype.csv.24.15.A.vc.C 
==== Integer vector .R compression
Command: /home/louza/mm-repair/sdsl/encode.x /mnt/data/datasets/machine-learning-matrices-split/covtype.csv.24.15.A.vc.R 
Integer vector compression time: 0.0800
==== Ans-fold compression
Command: /home/louza/mm-repair/ans/encode.x /mnt/data/datasets/machine-learning-matrices-split/covtype.csv.24.15.A.vc.C 
Command: /home/louza/mm-repair/ans/encode.x /mnt/data/datasets/machine-learning-matrices-split/covtype.csv.24.15.B.vc
Ans-fold time: 1.0328
==== Integer vector .C compression
Command: /home/louza/mm-repair/sdsl/encode.x /mnt/data/datasets/machine-learning-matrices-split/covtype.csv.24.16.A.vc.C 
==== Integer vector .R compression
Command: /home/louza/mm-repair/sdsl/encode.x /mnt/data/datasets/machine-learning-matrices-split/covtype.csv.24.16.A.vc.R 
Integer vector compression time: 0.0961
==== Ans-fold compression
Command: /home/louza/mm-repair/ans/encode.x /mnt/data/datasets/machine-learning-matrices-split/covtype.csv.24.16.A.vc.C 
Command: /home/louza/mm-repair/ans/encode.x /mnt/data/datasets/machine-learning-matrices-split/covtype.csv.24.16.B.vc
Ans-fold time: 1.1061
==== Integer vector .C compression
Command: /home/louza/mm-repair/sdsl/encode.x /mnt/data/datasets/machine-learning-matrices-split/covtype.csv.24.17.A.vc.C 
==== Integer vector .R compression
Command: /home/louza/mm-repair/sdsl/encode.x /mnt/data/datasets/machine-learning-matrices-split/covtype.csv.24.17.A.vc.R 
Integer vector compression time: 0.0793
==== Ans-fold compression
Command: /home/louza/mm-repair/ans/encode.x /mnt/data/datasets/machine-learning-matrices-split/covtype.csv.24.17.A.vc.C 
Command: /home/louza/mm-repair/ans/encode.x /mnt/data/datasets/machine-learning-matrices-split/covtype.csv.24.17.B.vc
Ans-fold time: 1.1406
==== Integer vector .C compression
Command: /home/louza/mm-repair/sdsl/encode.x /mnt/data/datasets/machine-learning-matrices-split/covtype.csv.24.18.A.vc.C 
==== Integer vector .R compression
Command: /home/louza/mm-repair/sdsl/encode.x /mnt/data/datasets/machine-learning-matrices-split/covtype.csv.24.18.A.vc.R 
Integer vector compression time: 0.0914
==== Ans-fold compression
Command: /home/louza/mm-repair/ans/encode.x /mnt/data/datasets/machine-learning-matrices-split/covtype.csv.24.18.A.vc.C 
Command: /home/louza/mm-repair/ans/encode.x /mnt/data/datasets/machine-learning-matrices-split/covtype.csv.24.18.B.vc
Ans-fold time: 1.2024
==== Integer vector .C compression
Command: /home/louza/mm-repair/sdsl/encode.x /mnt/data/datasets/machine-learning-matrices-split/covtype.csv.24.19.A.vc.C 
==== Integer vector .R compression
Command: /home/louza/mm-repair/sdsl/encode.x /mnt/data/datasets/machine-learning-matrices-split/covtype.csv.24.19.A.vc.R 
Integer vector compression time: 0.0902
==== Ans-fold compression
Command: /home/louza/mm-repair/ans/encode.x /mnt/data/datasets/machine-learning-matrices-split/covtype.csv.24.19.A.vc.C 
Command: /home/louza/mm-repair/ans/encode.x /mnt/data/datasets/machine-learning-matrices-split/covtype.csv.24.19.B.vc
Ans-fold time: 1.2543
==== Integer vector .C compression
Command: /home/louza/mm-repair/sdsl/encode.x /mnt/data/datasets/machine-learning-matrices-split/covtype.csv.24.20.A.vc.C 
==== Integer vector .R compression
Command: /home/louza/mm-repair/sdsl/encode.x /mnt/data/datasets/machine-learning-matrices-split/covtype.csv.24.20.A.vc.R 
Integer vector compression time: 0.0826
==== Ans-fold compression
Command: /home/louza/mm-repair/ans/encode.x /mnt/data/datasets/machine-learning-matrices-split/covtype.csv.24.20.A.vc.C 
Command: /home/louza/mm-repair/ans/encode.x /mnt/data/datasets/machine-learning-matrices-split/covtype.csv.24.20.B.vc
Ans-fold time: 1.3307
==== Integer vector .C compression
Command: /home/louza/mm-repair/sdsl/encode.x /mnt/data/datasets/machine-learning-matrices-split/covtype.csv.24.21.A.vc.C 
==== Integer vector .R compression
Command: /home/louza/mm-repair/sdsl/encode.x /mnt/data/datasets/machine-learning-matrices-split/covtype.csv.24.21.A.vc.R 
Integer vector compression time: 0.0886
==== Ans-fold compression
Command: /home/louza/mm-repair/ans/encode.x /mnt/data/datasets/machine-learning-matrices-split/covtype.csv.24.21.A.vc.C 
Command: /home/louza/mm-repair/ans/encode.x /mnt/data/datasets/machine-learning-matrices-split/covtype.csv.24.21.B.vc
Ans-fold time: 1.3952
==== Integer vector .C compression
Command: /home/louza/mm-repair/sdsl/encode.x /mnt/data/datasets/machine-learning-matrices-split/covtype.csv.24.22.A.vc.C 
==== Integer vector .R compression
Command: /home/louza/mm-repair/sdsl/encode.x /mnt/data/datasets/machine-learning-matrices-split/covtype.csv.24.22.A.vc.R 
Integer vector compression time: 0.1128
==== Ans-fold compression
Command: /home/louza/mm-repair/ans/encode.x /mnt/data/datasets/machine-learning-matrices-split/covtype.csv.24.22.A.vc.C 
Command: /home/louza/mm-repair/ans/encode.x /mnt/data/datasets/machine-learning-matrices-split/covtype.csv.24.22.B.vc
Ans-fold time: 1.4350
==== Integer vector .C compression
Command: /home/louza/mm-repair/sdsl/encode.x /mnt/data/datasets/machine-learning-matrices-split/covtype.csv.24.23.A.vc.C 
==== Integer vector .R compression
Command: /home/louza/mm-repair/sdsl/encode.x /mnt/data/datasets/machine-learning-matrices-split/covtype.csv.24.23.A.vc.R 
Integer vector compression time: 0.0839
==== Ans-fold compression
Command: /home/louza/mm-repair/ans/encode.x /mnt/data/datasets/machine-learning-matrices-split/covtype.csv.24.23.A.vc.C 
Command: /home/louza/mm-repair/ans/encode.x /mnt/data/datasets/machine-learning-matrices-split/covtype.csv.24.23.B.vc
Ans-fold time: 1.4887
Command: /home/louza/mm-repair/ans/encode.x /mnt/data/datasets/machine-learning-matrices-split/covtype.csv.wcode 
Elapsed time: 47.6026
==== Compression Report:
 >> matrix name: /mnt/data/datasets/machine-learning-matrices-split/covtype.csv
 >> conversion time: 42.51
 >> repair time: 1.33
 >> integer vectors time: 0.08
 >> ansf time: 1.49
 >> total time: 47.60
 >> wcode: 63808 bytes
 >> wcode_ans: 5738 bytes
 >> matrix log(alpha)xNumEntries size: 50983803 bytes
 >> matrix dense size: 250997184 bytes
 >> total number of nonzero: 4948148 (15.77%)
 >> number of distinct nonzero: 6682
 >> CRSV  size: 22170096 bytes  (8.83%)
 >> B	  size: 10138556 bytes  (4.04%)
 >> B_ans size: 3509785 bytes  (1.40%)
 >> RE32  size: 18567021 bytes  (7.40%)
 >> REIV  size: 10861689 bytes  (4.33%)
 >> REANS size: 9593753 bytes  (3.82%)
==== Done

#### 2026-09-09 20:26:00
 Command line: ./mm-repair/matrepair -r -b 24 -p 24 /mnt/data/datasets/machine-learning-matrices-split/covtype.csv 581012 54 --ole --mapping --split 
Setting memory for each repair instance to 19335 MBs
Sending logging messages to file: /mnt/data/datasets/machine-learning-matrices-split/covtype.csv.log
==== Conversion bin/csv->csrv
Command: /home/louza/mm-repair/csvmat2csrv -b 24   /mnt/data/datasets/machine-learning-matrices-split/covtype.csv -r 0 -m -s 581012 54
Conversion time: 26.0792
==== Repair paralell compression
---- Executing 24 parallel processes
---- Parallel processing completed
Repair time: 0.4952
==== Integer vector .C compression
Command: /home/louza/mm-repair/sdsl/encode.x /mnt/data/datasets/machine-learning-matrices-split/covtype.csv.24.0.A.vc.C 
==== Integer vector .R compression
Command: /home/louza/mm-repair/sdsl/encode.x /mnt/data/datasets/machine-learning-matrices-split/covtype.csv.24.0.A.vc.R 
Integer vector compression time: 0.0504
==== OLE
Command: /home/louza/mm-repair/ole/encode.x /mnt/data/datasets/machine-learning-matrices-split/covtype.csv.24.0.A.vc.C 
Command: /home/louza/mm-repair/ole/encode.x /mnt/data/datasets/machine-learning-matrices-split/covtype.csv.24.0.B.vc 
OLE time: 0.0069
==== Ans-fold compression
Command: /home/louza/mm-repair/ans/encode.x /mnt/data/datasets/machine-learning-matrices-split/covtype.csv.24.0.A.vc.C 
Command: /home/louza/mm-repair/ans/encode.x /mnt/data/datasets/machine-learning-matrices-split/covtype.csv.24.0.B.vc
Ans-fold time: 0.0299
==== Integer vector .C compression
Command: /home/louza/mm-repair/sdsl/encode.x /mnt/data/datasets/machine-learning-matrices-split/covtype.csv.24.1.A.vc.C 
==== Integer vector .R compression
Command: /home/louza/mm-repair/sdsl/encode.x /mnt/data/datasets/machine-learning-matrices-split/covtype.csv.24.1.A.vc.R 
Integer vector compression time: 0.0506
==== OLE
Command: /home/louza/mm-repair/ole/encode.x /mnt/data/datasets/machine-learning-matrices-split/covtype.csv.24.1.A.vc.C 
Command: /home/louza/mm-repair/ole/encode.x /mnt/data/datasets/machine-learning-matrices-split/covtype.csv.24.1.B.vc 
OLE time: 0.0067
==== Ans-fold compression
Command: /home/louza/mm-repair/ans/encode.x /mnt/data/datasets/machine-learning-matrices-split/covtype.csv.24.1.A.vc.C 
Command: /home/louza/mm-repair/ans/encode.x /mnt/data/datasets/machine-learning-matrices-split/covtype.csv.24.1.B.vc
Ans-fold time: 0.0616
==== Integer vector .C compression
Command: /home/louza/mm-repair/sdsl/encode.x /mnt/data/datasets/machine-learning-matrices-split/covtype.csv.24.2.A.vc.C 
==== Integer vector .R compression
Command: /home/louza/mm-repair/sdsl/encode.x /mnt/data/datasets/machine-learning-matrices-split/covtype.csv.24.2.A.vc.R 
Integer vector compression time: 0.0833
==== OLE
Command: /home/louza/mm-repair/ole/encode.x /mnt/data/datasets/machine-learning-matrices-split/covtype.csv.24.2.A.vc.C 
Command: /home/louza/mm-repair/ole/encode.x /mnt/data/datasets/machine-learning-matrices-split/covtype.csv.24.2.B.vc 
OLE time: 0.0397
==== Ans-fold compression
Command: /home/louza/mm-repair/ans/encode.x /mnt/data/datasets/machine-learning-matrices-split/covtype.csv.24.2.A.vc.C 
Command: /home/louza/mm-repair/ans/encode.x /mnt/data/datasets/machine-learning-matrices-split/covtype.csv.24.2.B.vc
Ans-fold time: 0.1051
==== Integer vector .C compression
Command: /home/louza/mm-repair/sdsl/encode.x /mnt/data/datasets/machine-learning-matrices-split/covtype.csv.24.3.A.vc.C 
==== Integer vector .R compression
Command: /home/louza/mm-repair/sdsl/encode.x /mnt/data/datasets/machine-learning-matrices-split/covtype.csv.24.3.A.vc.R 
Integer vector compression time: 0.0586
==== OLE
Command: /home/louza/mm-repair/ole/encode.x /mnt/data/datasets/machine-learning-matrices-split/covtype.csv.24.3.A.vc.C 
Command: /home/louza/mm-repair/ole/encode.x /mnt/data/datasets/machine-learning-matrices-split/covtype.csv.24.3.B.vc 
OLE time: 0.0082
==== Ans-fold compression
Command: /home/louza/mm-repair/ans/encode.x /mnt/data/datasets/machine-learning-matrices-split/covtype.csv.24.3.A.vc.C 
Command: /home/louza/mm-repair/ans/encode.x /mnt/data/datasets/machine-learning-matrices-split/covtype.csv.24.3.B.vc
Ans-fold time: 0.1319
==== Integer vector .C compression
Command: /home/louza/mm-repair/sdsl/encode.x /mnt/data/datasets/machine-learning-matrices-split/covtype.csv.24.4.A.vc.C 
==== Integer vector .R compression
Command: /home/louza/mm-repair/sdsl/encode.x /mnt/data/datasets/machine-learning-matrices-split/covtype.csv.24.4.A.vc.R 
Integer vector compression time: 0.0427
==== OLE
Command: /home/louza/mm-repair/ole/encode.x /mnt/data/datasets/machine-learning-matrices-split/covtype.csv.24.4.A.vc.C 
Command: /home/louza/mm-repair/ole/encode.x /mnt/data/datasets/machine-learning-matrices-split/covtype.csv.24.4.B.vc 
OLE time: 0.0045
==== Ans-fold compression
Command: /home/louza/mm-repair/ans/encode.x /mnt/data/datasets/machine-learning-matrices-split/covtype.csv.24.4.A.vc.C 
Command: /home/louza/mm-repair/ans/encode.x /mnt/data/datasets/machine-learning-matrices-split/covtype.csv.24.4.B.vc
Ans-fold time: 0.1593
==== Integer vector .C compression
Command: /home/louza/mm-repair/sdsl/encode.x /mnt/data/datasets/machine-learning-matrices-split/covtype.csv.24.5.A.vc.C 
==== Integer vector .R compression
Command: /home/louza/mm-repair/sdsl/encode.x /mnt/data/datasets/machine-learning-matrices-split/covtype.csv.24.5.A.vc.R 
Integer vector compression time: 0.0543
==== OLE
Command: /home/louza/mm-repair/ole/encode.x /mnt/data/datasets/machine-learning-matrices-split/covtype.csv.24.5.A.vc.C 
Command: /home/louza/mm-repair/ole/encode.x /mnt/data/datasets/machine-learning-matrices-split/covtype.csv.24.5.B.vc 
OLE time: 0.0043
==== Ans-fold compression
Command: /home/louza/mm-repair/ans/encode.x /mnt/data/datasets/machine-learning-matrices-split/covtype.csv.24.5.A.vc.C 
Command: /home/louza/mm-repair/ans/encode.x /mnt/data/datasets/machine-learning-matrices-split/covtype.csv.24.5.B.vc
Ans-fold time: 0.1803
==== Integer vector .C compression
Command: /home/louza/mm-repair/sdsl/encode.x /mnt/data/datasets/machine-learning-matrices-split/covtype.csv.24.6.A.vc.C 
==== Integer vector .R compression
Command: /home/louza/mm-repair/sdsl/encode.x /mnt/data/datasets/machine-learning-matrices-split/covtype.csv.24.6.A.vc.R 
Integer vector compression time: 0.0400
==== OLE
Command: /home/louza/mm-repair/ole/encode.x /mnt/data/datasets/machine-learning-matrices-split/covtype.csv.24.6.A.vc.C 
Command: /home/louza/mm-repair/ole/encode.x /mnt/data/datasets/machine-learning-matrices-split/covtype.csv.24.6.B.vc 
OLE time: 0.0046
==== Ans-fold compression
Command: /home/louza/mm-repair/ans/encode.x /mnt/data/datasets/machine-learning-matrices-split/covtype.csv.24.6.A.vc.C 
Command: /home/louza/mm-repair/ans/encode.x /mnt/data/datasets/machine-learning-matrices-split/covtype.csv.24.6.B.vc
Ans-fold time: 0.2284
==== Integer vector .C compression
Command: /home/louza/mm-repair/sdsl/encode.x /mnt/data/datasets/machine-learning-matrices-split/covtype.csv.24.7.A.vc.C 
==== Integer vector .R compression
Command: /home/louza/mm-repair/sdsl/encode.x /mnt/data/datasets/machine-learning-matrices-split/covtype.csv.24.7.A.vc.R 
Integer vector compression time: 0.1945
==== OLE
Command: /home/louza/mm-repair/ole/encode.x /mnt/data/datasets/machine-learning-matrices-split/covtype.csv.24.7.A.vc.C 
Command: /home/louza/mm-repair/ole/encode.x /mnt/data/datasets/machine-learning-matrices-split/covtype.csv.24.7.B.vc 
OLE time: 0.0097
==== Ans-fold compression
Command: /home/louza/mm-repair/ans/encode.x /mnt/data/datasets/machine-learning-matrices-split/covtype.csv.24.7.A.vc.C 
Command: /home/louza/mm-repair/ans/encode.x /mnt/data/datasets/machine-learning-matrices-split/covtype.csv.24.7.B.vc
Ans-fold time: 0.2581
==== Integer vector .C compression
Command: /home/louza/mm-repair/sdsl/encode.x /mnt/data/datasets/machine-learning-matrices-split/covtype.csv.24.8.A.vc.C 
==== Integer vector .R compression
Command: /home/louza/mm-repair/sdsl/encode.x /mnt/data/datasets/machine-learning-matrices-split/covtype.csv.24.8.A.vc.R 
Integer vector compression time: 0.0526
==== OLE
Command: /home/louza/mm-repair/ole/encode.x /mnt/data/datasets/machine-learning-matrices-split/covtype.csv.24.8.A.vc.C 
Command: /home/louza/mm-repair/ole/encode.x /mnt/data/datasets/machine-learning-matrices-split/covtype.csv.24.8.B.vc 
OLE time: 0.0065
==== Ans-fold compression
Command: /home/louza/mm-repair/ans/encode.x /mnt/data/datasets/machine-learning-matrices-split/covtype.csv.24.8.A.vc.C 
Command: /home/louza/mm-repair/ans/encode.x /mnt/data/datasets/machine-learning-matrices-split/covtype.csv.24.8.B.vc
Ans-fold time: 0.2873
==== Integer vector .C compression
Command: /home/louza/mm-repair/sdsl/encode.x /mnt/data/datasets/machine-learning-matrices-split/covtype.csv.24.9.A.vc.C 
==== Integer vector .R compression
Command: /home/louza/mm-repair/sdsl/encode.x /mnt/data/datasets/machine-learning-matrices-split/covtype.csv.24.9.A.vc.R 
Integer vector compression time: 0.0603
==== OLE
Command: /home/louza/mm-repair/ole/encode.x /mnt/data/datasets/machine-learning-matrices-split/covtype.csv.24.9.A.vc.C 
Command: /home/louza/mm-repair/ole/encode.x /mnt/data/datasets/machine-learning-matrices-split/covtype.csv.24.9.B.vc 
OLE time: 0.0088
==== Ans-fold compression
Command: /home/louza/mm-repair/ans/encode.x /mnt/data/datasets/machine-learning-matrices-split/covtype.csv.24.9.A.vc.C 
Command: /home/louza/mm-repair/ans/encode.x /mnt/data/datasets/machine-learning-matrices-split/covtype.csv.24.9.B.vc
Ans-fold time: 0.3401
==== Integer vector .C compression
Command: /home/louza/mm-repair/sdsl/encode.x /mnt/data/datasets/machine-learning-matrices-split/covtype.csv.24.10.A.vc.C 
==== Integer vector .R compression
Command: /home/louza/mm-repair/sdsl/encode.x /mnt/data/datasets/machine-learning-matrices-split/covtype.csv.24.10.A.vc.R 
Integer vector compression time: 0.0598
==== OLE
Command: /home/louza/mm-repair/ole/encode.x /mnt/data/datasets/machine-learning-matrices-split/covtype.csv.24.10.A.vc.C 
Command: /home/louza/mm-repair/ole/encode.x /mnt/data/datasets/machine-learning-matrices-split/covtype.csv.24.10.B.vc 
OLE time: 0.0098
==== Ans-fold compression
Command: /home/louza/mm-repair/ans/encode.x /mnt/data/datasets/machine-learning-matrices-split/covtype.csv.24.10.A.vc.C 
Command: /home/louza/mm-repair/ans/encode.x /mnt/data/datasets/machine-learning-matrices-split/covtype.csv.24.10.B.vc
Ans-fold time: 0.3673
==== Integer vector .C compression
Command: /home/louza/mm-repair/sdsl/encode.x /mnt/data/datasets/machine-learning-matrices-split/covtype.csv.24.11.A.vc.C 
==== Integer vector .R compression
Command: /home/louza/mm-repair/sdsl/encode.x /mnt/data/datasets/machine-learning-matrices-split/covtype.csv.24.11.A.vc.R 
Integer vector compression time: 0.0906
==== OLE
Command: /home/louza/mm-repair/ole/encode.x /mnt/data/datasets/machine-learning-matrices-split/covtype.csv.24.11.A.vc.C 
Command: /home/louza/mm-repair/ole/encode.x /mnt/data/datasets/machine-learning-matrices-split/covtype.csv.24.11.B.vc 
OLE time: 0.0299
==== Ans-fold compression
Command: /home/louza/mm-repair/ans/encode.x /mnt/data/datasets/machine-learning-matrices-split/covtype.csv.24.11.A.vc.C 
Command: /home/louza/mm-repair/ans/encode.x /mnt/data/datasets/machine-learning-matrices-split/covtype.csv.24.11.B.vc
Ans-fold time: 0.4167
==== Integer vector .C compression
Command: /home/louza/mm-repair/sdsl/encode.x /mnt/data/datasets/machine-learning-matrices-split/covtype.csv.24.12.A.vc.C 
==== Integer vector .R compression
Command: /home/louza/mm-repair/sdsl/encode.x /mnt/data/datasets/machine-learning-matrices-split/covtype.csv.24.12.A.vc.R 
Integer vector compression time: 0.1265
==== OLE
Command: /home/louza/mm-repair/ole/encode.x /mnt/data/datasets/machine-learning-matrices-split/covtype.csv.24.12.A.vc.C 
Command: /home/louza/mm-repair/ole/encode.x /mnt/data/datasets/machine-learning-matrices-split/covtype.csv.24.12.B.vc 
OLE time: 0.0065
==== Ans-fold compression
Command: /home/louza/mm-repair/ans/encode.x /mnt/data/datasets/machine-learning-matrices-split/covtype.csv.24.12.A.vc.C 
Command: /home/louza/mm-repair/ans/encode.x /mnt/data/datasets/machine-learning-matrices-split/covtype.csv.24.12.B.vc
Ans-fold time: 0.4459
==== Integer vector .C compression
Command: /home/louza/mm-repair/sdsl/encode.x /mnt/data/datasets/machine-learning-matrices-split/covtype.csv.24.13.A.vc.C 
==== Integer vector .R compression
Command: /home/louza/mm-repair/sdsl/encode.x /mnt/data/datasets/machine-learning-matrices-split/covtype.csv.24.13.A.vc.R 
Integer vector compression time: 0.0607
==== OLE
Command: /home/louza/mm-repair/ole/encode.x /mnt/data/datasets/machine-learning-matrices-split/covtype.csv.24.13.A.vc.C 
Command: /home/louza/mm-repair/ole/encode.x /mnt/data/datasets/machine-learning-matrices-split/covtype.csv.24.13.B.vc 
OLE time: 0.0187
==== Ans-fold compression
Command: /home/louza/mm-repair/ans/encode.x /mnt/data/datasets/machine-learning-matrices-split/covtype.csv.24.13.A.vc.C 
Command: /home/louza/mm-repair/ans/encode.x /mnt/data/datasets/machine-learning-matrices-split/covtype.csv.24.13.B.vc
Ans-fold time: 0.7489
==== Integer vector .C compression
Command: /home/louza/mm-repair/sdsl/encode.x /mnt/data/datasets/machine-learning-matrices-split/covtype.csv.24.14.A.vc.C 
==== Integer vector .R compression
Command: /home/louza/mm-repair/sdsl/encode.x /mnt/data/datasets/machine-learning-matrices-split/covtype.csv.24.14.A.vc.R 
Integer vector compression time: 0.1021
==== OLE
Command: /home/louza/mm-repair/ole/encode.x /mnt/data/datasets/machine-learning-matrices-split/covtype.csv.24.14.A.vc.C 
Command: /home/louza/mm-repair/ole/encode.x /mnt/data/datasets/machine-learning-matrices-split/covtype.csv.24.14.B.vc 
OLE time: 0.0113
==== Ans-fold compression
Command: /home/louza/mm-repair/ans/encode.x /mnt/data/datasets/machine-learning-matrices-split/covtype.csv.24.14.A.vc.C 
Command: /home/louza/mm-repair/ans/encode.x /mnt/data/datasets/machine-learning-matrices-split/covtype.csv.24.14.B.vc
Ans-fold time: 0.7773
==== Integer vector .C compression
Command: /home/louza/mm-repair/sdsl/encode.x /mnt/data/datasets/machine-learning-matrices-split/covtype.csv.24.15.A.vc.C 
==== Integer vector .R compression
Command: /home/louza/mm-repair/sdsl/encode.x /mnt/data/datasets/machine-learning-matrices-split/covtype.csv.24.15.A.vc.R 
Integer vector compression time: 0.0431
==== OLE
Command: /home/louza/mm-repair/ole/encode.x /mnt/data/datasets/machine-learning-matrices-split/covtype.csv.24.15.A.vc.C 
Command: /home/louza/mm-repair/ole/encode.x /mnt/data/datasets/machine-learning-matrices-split/covtype.csv.24.15.B.vc 
OLE time: 0.0082
==== Ans-fold compression
Command: /home/louza/mm-repair/ans/encode.x /mnt/data/datasets/machine-learning-matrices-split/covtype.csv.24.15.A.vc.C 
Command: /home/louza/mm-repair/ans/encode.x /mnt/data/datasets/machine-learning-matrices-split/covtype.csv.24.15.B.vc
Ans-fold time: 0.8083
==== Integer vector .C compression
Command: /home/louza/mm-repair/sdsl/encode.x /mnt/data/datasets/machine-learning-matrices-split/covtype.csv.24.16.A.vc.C 
==== Integer vector .R compression
Command: /home/louza/mm-repair/sdsl/encode.x /mnt/data/datasets/machine-learning-matrices-split/covtype.csv.24.16.A.vc.R 
Integer vector compression time: 0.0408
==== OLE
Command: /home/louza/mm-repair/ole/encode.x /mnt/data/datasets/machine-learning-matrices-split/covtype.csv.24.16.A.vc.C 
Command: /home/louza/mm-repair/ole/encode.x /mnt/data/datasets/machine-learning-matrices-split/covtype.csv.24.16.B.vc 
OLE time: 0.0106
==== Ans-fold compression
Command: /home/louza/mm-repair/ans/encode.x /mnt/data/datasets/machine-learning-matrices-split/covtype.csv.24.16.A.vc.C 
Command: /home/louza/mm-repair/ans/encode.x /mnt/data/datasets/machine-learning-matrices-split/covtype.csv.24.16.B.vc
Ans-fold time: 0.8686
==== Integer vector .C compression
Command: /home/louza/mm-repair/sdsl/encode.x /mnt/data/datasets/machine-learning-matrices-split/covtype.csv.24.17.A.vc.C 
==== Integer vector .R compression
Command: /home/louza/mm-repair/sdsl/encode.x /mnt/data/datasets/machine-learning-matrices-split/covtype.csv.24.17.A.vc.R 
Integer vector compression time: 0.0404
==== OLE
Command: /home/louza/mm-repair/ole/encode.x /mnt/data/datasets/machine-learning-matrices-split/covtype.csv.24.17.A.vc.C 
Command: /home/louza/mm-repair/ole/encode.x /mnt/data/datasets/machine-learning-matrices-split/covtype.csv.24.17.B.vc 
OLE time: 0.0068
==== Ans-fold compression
Command: /home/louza/mm-repair/ans/encode.x /mnt/data/datasets/machine-learning-matrices-split/covtype.csv.24.17.A.vc.C 
Command: /home/louza/mm-repair/ans/encode.x /mnt/data/datasets/machine-learning-matrices-split/covtype.csv.24.17.B.vc
Ans-fold time: 0.9186
==== Integer vector .C compression
Command: /home/louza/mm-repair/sdsl/encode.x /mnt/data/datasets/machine-learning-matrices-split/covtype.csv.24.18.A.vc.C 
==== Integer vector .R compression
Command: /home/louza/mm-repair/sdsl/encode.x /mnt/data/datasets/machine-learning-matrices-split/covtype.csv.24.18.A.vc.R 
Integer vector compression time: 0.0538
==== OLE
Command: /home/louza/mm-repair/ole/encode.x /mnt/data/datasets/machine-learning-matrices-split/covtype.csv.24.18.A.vc.C 
Command: /home/louza/mm-repair/ole/encode.x /mnt/data/datasets/machine-learning-matrices-split/covtype.csv.24.18.B.vc 
OLE time: 0.0120
==== Ans-fold compression
Command: /home/louza/mm-repair/ans/encode.x /mnt/data/datasets/machine-learning-matrices-split/covtype.csv.24.18.A.vc.C 
Command: /home/louza/mm-repair/ans/encode.x /mnt/data/datasets/machine-learning-matrices-split/covtype.csv.24.18.B.vc
Ans-fold time: 0.9892
==== Integer vector .C compression
Command: /home/louza/mm-repair/sdsl/encode.x /mnt/data/datasets/machine-learning-matrices-split/covtype.csv.24.19.A.vc.C 
==== Integer vector .R compression
Command: /home/louza/mm-repair/sdsl/encode.x /mnt/data/datasets/machine-learning-matrices-split/covtype.csv.24.19.A.vc.R 
Integer vector compression time: 0.0810
==== OLE
Command: /home/louza/mm-repair/ole/encode.x /mnt/data/datasets/machine-learning-matrices-split/covtype.csv.24.19.A.vc.C 
Command: /home/louza/mm-repair/ole/encode.x /mnt/data/datasets/machine-learning-matrices-split/covtype.csv.24.19.B.vc 
OLE time: 0.0109
==== Ans-fold compression
Command: /home/louza/mm-repair/ans/encode.x /mnt/data/datasets/machine-learning-matrices-split/covtype.csv.24.19.A.vc.C 
Command: /home/louza/mm-repair/ans/encode.x /mnt/data/datasets/machine-learning-matrices-split/covtype.csv.24.19.B.vc
Ans-fold time: 1.0165
==== Integer vector .C compression
Command: /home/louza/mm-repair/sdsl/encode.x /mnt/data/datasets/machine-learning-matrices-split/covtype.csv.24.20.A.vc.C 
==== Integer vector .R compression
Command: /home/louza/mm-repair/sdsl/encode.x /mnt/data/datasets/machine-learning-matrices-split/covtype.csv.24.20.A.vc.R 
Integer vector compression time: 0.0576
==== OLE
Command: /home/louza/mm-repair/ole/encode.x /mnt/data/datasets/machine-learning-matrices-split/covtype.csv.24.20.A.vc.C 
Command: /home/louza/mm-repair/ole/encode.x /mnt/data/datasets/machine-learning-matrices-split/covtype.csv.24.20.B.vc 
OLE time: 0.0089
==== Ans-fold compression
Command: /home/louza/mm-repair/ans/encode.x /mnt/data/datasets/machine-learning-matrices-split/covtype.csv.24.20.A.vc.C 
Command: /home/louza/mm-repair/ans/encode.x /mnt/data/datasets/machine-learning-matrices-split/covtype.csv.24.20.B.vc
Ans-fold time: 1.0459
==== Integer vector .C compression
Command: /home/louza/mm-repair/sdsl/encode.x /mnt/data/datasets/machine-learning-matrices-split/covtype.csv.24.21.A.vc.C 
==== Integer vector .R compression
Command: /home/louza/mm-repair/sdsl/encode.x /mnt/data/datasets/machine-learning-matrices-split/covtype.csv.24.21.A.vc.R 
Integer vector compression time: 0.0523
==== OLE
Command: /home/louza/mm-repair/ole/encode.x /mnt/data/datasets/machine-learning-matrices-split/covtype.csv.24.21.A.vc.C 
Command: /home/louza/mm-repair/ole/encode.x /mnt/data/datasets/machine-learning-matrices-split/covtype.csv.24.21.B.vc 
OLE time: 0.0114
==== Ans-fold compression
Command: /home/louza/mm-repair/ans/encode.x /mnt/data/datasets/machine-learning-matrices-split/covtype.csv.24.21.A.vc.C 
Command: /home/louza/mm-repair/ans/encode.x /mnt/data/datasets/machine-learning-matrices-split/covtype.csv.24.21.B.vc
Ans-fold time: 1.0880
==== Integer vector .C compression
Command: /home/louza/mm-repair/sdsl/encode.x /mnt/data/datasets/machine-learning-matrices-split/covtype.csv.24.22.A.vc.C 
==== Integer vector .R compression
Command: /home/louza/mm-repair/sdsl/encode.x /mnt/data/datasets/machine-learning-matrices-split/covtype.csv.24.22.A.vc.R 
Integer vector compression time: 0.0631
==== OLE
Command: /home/louza/mm-repair/ole/encode.x /mnt/data/datasets/machine-learning-matrices-split/covtype.csv.24.22.A.vc.C 
Command: /home/louza/mm-repair/ole/encode.x /mnt/data/datasets/machine-learning-matrices-split/covtype.csv.24.22.B.vc 
OLE time: 0.0071
==== Ans-fold compression
Command: /home/louza/mm-repair/ans/encode.x /mnt/data/datasets/machine-learning-matrices-split/covtype.csv.24.22.A.vc.C 
Command: /home/louza/mm-repair/ans/encode.x /mnt/data/datasets/machine-learning-matrices-split/covtype.csv.24.22.B.vc
Ans-fold time: 1.1208
==== Integer vector .C compression
Command: /home/louza/mm-repair/sdsl/encode.x /mnt/data/datasets/machine-learning-matrices-split/covtype.csv.24.23.A.vc.C 
==== Integer vector .R compression
Command: /home/louza/mm-repair/sdsl/encode.x /mnt/data/datasets/machine-learning-matrices-split/covtype.csv.24.23.A.vc.R 
Integer vector compression time: 0.2147
==== OLE
Command: /home/louza/mm-repair/ole/encode.x /mnt/data/datasets/machine-learning-matrices-split/covtype.csv.24.23.A.vc.C 
Command: /home/louza/mm-repair/ole/encode.x /mnt/data/datasets/machine-learning-matrices-split/covtype.csv.24.23.B.vc 
OLE time: 0.1153
==== Ans-fold compression
Command: /home/louza/mm-repair/ans/encode.x /mnt/data/datasets/machine-learning-matrices-split/covtype.csv.24.23.A.vc.C 
Command: /home/louza/mm-repair/ans/encode.x /mnt/data/datasets/machine-learning-matrices-split/covtype.csv.24.23.B.vc
Ans-fold time: 1.2737
Command: /home/louza/mm-repair/ans/encode.x /mnt/data/datasets/machine-learning-matrices-split/covtype.csv.wcode 
Elapsed time: 30.2707
==== Compression Report:
 >> matrix name: /mnt/data/datasets/machine-learning-matrices-split/covtype.csv
 >> conversion time: 26.08
 >> repair time: 0.50
 >> integer vectors time: 0.21
 >> ansf time: 1.27
 >> total time: 30.27
 >> wcode: 63808 bytes
 >> wcode_ans: 5738 bytes
 >> matrix log(alpha)xNumEntries size: 50983803 bytes
 >> matrix dense size: 250997184 bytes
 >> total number of nonzero: 4948148 (15.77%)
 >> number of distinct nonzero: 6682
 >> CRSV  size: 22170096 bytes  (8.83%)
 >> B	  size: 10138556 bytes  (4.04%)
 >> B_ans size: 3329729 bytes  (1.33%)
 >> RE32  size: 18386965 bytes  (7.33%)
 >> REIV  size: 10681633 bytes  (4.26%)
 >> REANS size: 9304781 bytes  (3.71%)
==== Done
